TMLT,FSN,CHANGEDATE
380037,*B cell crossmatch [+/-] in Blood,20200114
380039,*B cell crossmatch [+/-] in Blood from Donor,20200114
380036,*HLA-DQB1 [Type] by High resolution,20200114
380032,*HLA-DRB1 [Type] by High resolution,20200114
380033,*HLA-DRB3 [Type] by High resolution,20200114
380034,*HLA-DRB4 [Type] by High resolution,20200114
380035,*HLA-DRB5 [Type] by High resolution,20200114
380038,*T cell crossmatch [+/-] in Blood,20200114
380040,*T cell crossmatch [+/-] in Blood from Donor,20200114
320631,"1,25-Dihydroxyvitamin D [pg/mL] in Serum or Plasma",20220901
350772,"1,3 beta glucan [+/-] in Serum",20201001
320384,"1,5-Anhydroglucitol [ug/mL] in Serum or Plasma",20200601
330167,10-Hydroxycarbazepine [ug/mL] in Serum or Plasma,20200901
381238,10q23 g.94645745G>A [Genotype] in Blood or Tissue by Molecular genetics method Nominal,20210301
320175,17-Hydroxycorticosteroids [mg/24 H] in 24 hour Urine,20191011
320173,17-Hydroxyprogesterone [ng/mL] in Serum or Plasma,20191011
320174,17-Hydroxyprogesterone [ng/mL] in Urine,20191011
320172,17-Ketosteroids [ug/24 H] in 24 hour Urine,20191011
381239,1p and 19q chromosome deletion [+/-] in Fixed tissue by Molecular genetics method,20220502
310044,"2,4-Dinitrophenylhydrazine reacting substances [+/-] in Urine",20200616
330226,"2,5-Hexanedione [mg/L] in Blood",20201116
330276,"2,5-Hexanedione [mg/L] in Urine",20210118
308060,20 minute whole blood clotting test,20200518
320615,25-Hydroxyvitamin D3+25-Hydroxyvitamin D2 [ng/mL] in Serum or Plasma,20220601
330482,"2-Ethylidene-1,5-Dimethyl-3,3-Diphenylpyrrolidine (EDDP) [+/-] in Urine by Screen method",20220301
310049,2-Hexanol [mg/L] in Urine,20201001
385016,34-beta-E12 Ag [+/-] in Tissue by Immune stain,20201102
320608,3-Methoxytyramine [ug/24.h] in 24 hour Urine,20220502
381258,5-Alpha Reductase Deficiency (SRD5A2 gene) in Blood or Tissue,20210401
320197,5-Hydroxyindoleacetate [mg/24 H] in 24 hour Urine,20191011
320198,5-Hydroxyindoleacetate [umol/d] in 24 hour Urine,20191011
320550,5'-Nucleotidase [U/L] in Serum or Plasma,20210503
330495,6-Monoacetylmorphine (6-MAM) [ng/mL] in Serum or Plasma,20220401
330419,6-Monoacetylmorphine (6-MAM) [ng/mL] in Urine by Confirmatory method,20211201
320599,8-Hydroxydeoxyguanosine/Creatinine [ng/mg creatinine] in Urine,20220105
385444,A IgM Ab [Titer] in Serum or Plasma,20230703
330329,Abametin [ug/mL] in XXX specimen,20210317
381079,ABCD1 gene targeted mutation analysis in Blood or Tissue by Molecular genetics method Narrative,20191011
220090,ABH substance in saliva ,20210618
220111,ABO and Rh group [Type] in Capillary blood,20220601
220112,ABO and Rh group panel in Blood,20220601
220003,ABO Cell grouping By Slide method,20210618
350778,Acanthamoeba sp and Naegleria sp identified in XXX specimen by Organism specific culture,20201102
351102,Acanthamoeba sp DNA [+/-] in XXX specimen by NAA with probe detection,20210802
350435,Acanthamoeba sp identified in Cerebral spinal fluid by Organism specific culture,20210503
350436,Acanthamoeba sp identified in Cornea or Conjunctiva by Organism specific culture,20191011
350434,Acanthamoeba sp identified in Eye by Organism specific culture,20191011
350433,Acanthamoeba sp identified in XXX specimen by Organism specific culture,20191011
300150,Acanthocytes [+/-] in Blood by Light microscopy,20200701
330007,Acetaminophen [+/-] in Gastric fluid,20191011
330005,Acetaminophen [+/-] in Serum or Plasma,20191011
330006,Acetaminophen [+/-] in Urine,20191011
330008,Acetaminophen [+/-] in XXX specimen,20191011
330001,Acetaminophen [ug/mL; mg/L] in Serum or Plasma,20200417
330003,Acetaminophen [ug/mL] in Gastric fluid,20191011
330002,Acetaminophen [ug/mL] in Urine,20191011
330004,Acetaminophen [ug/mL] in XXX specimen,20191011
330168,Acetone [+/-] in XXX specimen,20200901
330010,Acetone [mg/dL; mg/L] in Urine,20210104
330009,Acetone [mg/dL] in Serum or Plasma,20191011
330277,Acetonitrile [+/-] in XXX specimen,20210118
360154,Acetylcholine [pg/mL] in Serum,20200901
360183,Acetylcholine receptor Ab [+/-] in Serum,20210118
360149,Acetylcholine receptor Ab [mmol/L] in Serum by Immunoassay,20200803
360160,Acetylcholine receptor binding Ab [nmol/L] in Serum,20201116
320502,Acetylcholinesterase [U/L] in XXX specimen,20210201
330353,Acetylsalicylate [ug/mL] in Serum or Plasma,20210401
300009,Acid hemolysis [+/-] of Blood,20191011
320565,Acid phosphatase [+/-] in XXX specimen,20210802
320098,Acid phosphatase [U/L; mU/mL; units/L] in Serum or Plasma,20191011
320605,Acid phosphatase [U/L] in Body fluid,20220401
300002,Acid phosphatase tartrate resistant [+/-] in Blood,20191011
300001,Acid phosphatase tartrate resistant [+/-] in Bone marrow,20191011
300003,Acid phosphatase tartrate resistant [+/-] in XXX specimen,20191011
320535,Acid phosphatase tartrate resistant [U/L] in Serum,20210401
381133,ACTA1 gene full mutation analysis in Blood or Tissue,20201201
381263,ACTA1 gene targeted mutation analysis in Blood or Tissue by Molecular genetics method,20210601
385003,Actin Ag [+/-] in Tissue by Immune stain,20201102
385170,Actin smooth muscle Ag [+/-] in Tissue by Immune stain,20201102
351008,Actinomycetes identified in XXX specimen by culture,20210401
308072,Activated clotting time (ACT) [sec] of Blood induced by Diatomaceous earth,20210118
308086,Activated Partial Thromboplastin Time (APTT) ratio,20210317
308034,activated Partial Thromboplatin Time aPTT in Blood by Coagulation assay,20191011
308033,activated Partial Thromboplatin Time aPTT in Platelet poor plasma by Coagulation assay,20191011
308032,activated Partial Thromboplatin Time aPTT.lupus sensitive (LA screen) Lupus anticoagulant screen,20191011
308001,Activated protein C resistance [Time Ratio] in Platelet poor plasma by Coagulation assay,20191011
320588,Acute kidney injury risk by Calculated by NephroCheck,20211201
381227,ACVR1 gene targeted mutation analysis in Blood or Tissue ,20210216
330433,Acyclovir [ug/mL] in Serum or Plasma,20220105
320455,Acylcarnitine [umol/L] in DBS,20201116
320475,Acylcarnitine [umol/L] in Serum or Plasma,20210104
310053,Acylcarnitine [umol/L] in Urine,20210104
320589,Acylcarnitine/Acylcarnitine+Carnitine Free (C0) [Molar ratio] in DBS,20211201
320287,Adenosine deaminase [nmol/min] in Serum or Plasma,20200317
320270,Adenosine deaminase [U/L] in Blood,20200217
320099,Adenosine deaminase [U/L] in Body fluid,20191011
320298,Adenosine deaminase [U/L] in Cerebral spinal fluid,20200417
320290,Adenosine deaminase [U/L] in Pleural fluid,20200317
320387,Adenosine deaminase [U/L] in XXX specimen,20200616
320609,Adenosine monophosphate deaminase [U/L] in Serum,20220502
385377,Adenovirus [+/-] in Tissue by Immune stain,20210802
350823,Adenovirus [+/-] in XXX specimen by Organism specific culture,20210104
350091,Adenovirus Ag [+/-] in Conjunctival specimen,20191011
350095,Adenovirus Ag [+/-] in Conjunctival specimen by Immunofluorescence,20191011
350088,Adenovirus Ag [+/-] in Nasopharynx,20191011
350093,Adenovirus Ag [+/-] in Nasopharynx by Immunofluorescence,20191011
350089,Adenovirus Ag [+/-] in Nose,20191011
350094,Adenovirus Ag [+/-] in Nose by Immunofluorescence,20191011
350541,Adenovirus Ag [+/-] in Stool,20200505
351149,Adenovirus Ag [+/-] in Stool by Immunofluorescence,20211201
350090,Adenovirus Ag [+/-] in Throat,20191011
350096,Adenovirus Ag [+/-] in Throat by Immunofluorescence,20191011
350087,Adenovirus Ag [+/-] in XXX specimen,20191011
350092,Adenovirus Ag [+/-] in XXX specimen by Immunofluorescence,20191011
350100,Adenovirus DNA [+/-] in Bronchoalveolar lavage by NAA with probe detection,20191011
350102,Adenovirus DNA [+/-] in CSF by NAA with probe detection,20191011
350099,Adenovirus DNA [+/-] in Nasopharynx by NAA with probe detection,20191011
350098,Adenovirus DNA [+/-] in Serum or Plasma by NAA with probe detection,20191011
350101,Adenovirus DNA [+/-] in Tissue by NAA with probe detection,20191011
350097,Adenovirus DNA [+/-] in XXX specimen by NAA with probe detection,20191011
350107,Adenovirus DNA [copies/mL] (viral load) in Body fluid by NAA with probe detection,20191011
350108,Adenovirus DNA [copies/mL] (viral load) in Bronchoalveolar lavage by NAA with probe detection,20191011
350104,Adenovirus DNA [copies/mL] (viral load) in Serum or Plasma by NAA with probe detection,20191011
350106,Adenovirus DNA [copies/mL] (viral load) in Stool by NAA with probe detection,20191011
350109,Adenovirus DNA [copies/mL] (viral load) in Tissue by NAA with probe detection,20191011
350105,Adenovirus DNA [copies/mL] (viral load) in Urine by NAA with probe detection,20191011
350103,Adenovirus DNA [copies/mL] (viral load) in XXX specimen by NAA with probe detection,20191011
350757,Adenovirus IgG Ab [+/-] in Serum by Immunoassay,20201001
350779,Adenovirus IgG Ab [+/-] in XXX specimen,20201102
350756,Adenovirus IgM Ab [+/-] in Serum,20201001
350755,Adenovirus IgM Ab [+/-] in Serum by Immunoassay,20201001
350780,Adenovirus IgM Ab [+/-] in XXX specimen,20201102
320598,Adiponectin [mg/L] in Serum or Plasma,20220105
385225,Adipophilin Ag [+/-] in Tissue by Immune stain,20210401
381132,ADPKD PKD1 linkage analysis in Blood or Tissue,20201201
385414,Adrenal Ab [arb U/mL] in Serum,20220601
385334,AE 1 Ag [+/-] in Tissue by Immune stain,20210618
385335,AE 3 Ag [+/-] in Tissue by Immune stain,20210618
360220,Aedes mosquito IgE Ab [kU/L] in Serum,20210317
330547,Afatinib [ng/ml] in Serum or Plasma by LC/MS/MS,20241001
B23454,Aged Plasma/Cryo-Removed Plasma,20210618
B23460,Aged Plasma/Cryo-Removed Plasma (NAT),20210618
381248,"AIS, Androgen Insensitivity",20210317
320438,Alanine aminotransferase [U/L] in Body fluid,20201116
320151,Alanine aminotransferase [U/L] in Serum or Plasma,20191011
310002,Albumin [+/-] in Urine,20191011
310001,Albumin [+/-] in Urine by Test strip,20191011
320106,Albumin [g/dL; mg/dL] in Peritoneal fluid,20200505
320100,Albumin [g/dL; mg/dL] in Serum or Plasma,20200417
320102,Albumin [g/dL] in 24 hour Urine,20191011
320104,Albumin [g/dL] in Body fluid,20191011
320103,Albumin [g/dL] in CSF,20191011
320105,Albumin [g/dL] in Pleural fluid,20191011
320299,Albumin [g/dL] in Synovial fluid,20200417
320101,Albumin [g/dL] in Urine,20191011
320107,Albumin [g/dL] in XXX specimen,20191011
320592,Albumin [g/L] in Blood by Bromocresol purple (BCP) dye binding method,20211201
320389,Albumin [g/L] in Peritoneal dialysis fluid,20200616
320388,Albumin [umol/L] in Serum or Plasma,20200616
385322,Albumin Ag [+/-] in Tissue by Immune stain,20210503
320274,Albumin/Creatinine [Ratio] in Urine,20200217
320513,Albumin/Globulin [g/L] in Serum or Plasma by Electrophoresis,20210301
320108,Aldolase [IU/gHb] in Red Blood Cells,20191011
320178,Aldosterone [ng/dL; pg/mL] in Serum or Plasma,20200601
320412,Aldosterone [ng/dL] in Serum or Plasma by Radioimmunoassay (RIA),20200803
320179,Aldosterone [ng/dL] in Urine,20191011
320180,Aldosterone [ug/day] in 24 hour Urine,20191011
320687,Aldosterone/Renin [Ratio] in Plasma,20240801
385326,ALK (D5F3) Ag  [+/-] in Tissue by Immune stain,20210601
381400,ALK gene mutations tested in Blood or Tissue by Molecular genetics,20240401
381223,ALK gene rearrangements [+/-] in Blood or Tissue by FISH,20230501
320466,Alkaline phosphatase [U/L] in Body fluid,20201116
320109,Alkaline phosphatase [U/L] in Serum or Plasma,20191011
320505,Alkaline phosphatase isoenzymes [U/L] in Serum or Plasma by Heat stability,20210201
320536,Alkaline phosphatase.bone [U/L] in Serum or Plasma,20210401
385369,ALK-p80 [+/-] in Tissue by Immune stain,20210802
360250,Almond IgE Ab [kU/L] in Serum,20210618
320110,Alpha 1 antitrypsin [g/L] in Serum or Plasma,20191011
320332,Alpha 1 antitrypsin [mg/dL] in Stool,20200505
385191,Alpha 2 laminin [+/-] in Tissue by Immune stain,20210401
385397,Alpha subunit Ag [+/-] in Tissue by Immune stain,20211101
385276,Alpha synuclein Ag [+/-] in Tissue by Immune stain,20210401
385001,Alpha-1-Antichymotrypsin Ag [+/-] in Tissue by Immune stain,20201102
320236,Alpha-1-Fetoprotein [IU/mL] in Pleural fluid,20191011
320234,Alpha-1-Fetoprotein [IU/mL] in Serum or Plasma,20200417
320235,Alpha-1-Fetoprotein [IU/mLl] in Body fluid,20191011
320301,Alpha-1-Fetoprotein [ng/mL; ug/L] in Body fluid,20200417
320302,Alpha-1-Fetoprotein [ng/mL; ug/L] in Cerebral spinal fluid,20200417
320303,Alpha-1-Fetoprotein [ng/mL; ug/L] in Serum or Plasma,20200417
320584,Alpha-1-Fetoprotein [ug/L] in Serum or Plasma by Immunoassay,20211101
385005,Alpha-1-Fetoprotein Ag [+/-] in Tissue by Immune stain,20201102
320558,Alpha-1-Fetoprotein L3 [ng/mL] in Serum or Plasma,20210618
385398,Alpha-Dystroglycan Ag [+/-] in Tissue by Immune stain,20211101
385164,Alpha-Sarcoglycan Ag [+/-] in Tissue by Immune stain,20201102
330522,ALPRAZolam [ng/mL] in Serum or Plasma by Confirmatory method,20230703
360184,Alternaria alternata IgE Ab [kU/L] in Serum,20210118
330017,Aluminum [mg/dL; ug/dL] in Serum or Plasma,20200505
330018,Aluminum [mg/dL] in Urine,20191011
330019,Aluminum [mg/dL] in XXX specimen,20191011
330390,Amcinonide [+/-] in XXX specimen,20210618
360260,American Cockroach IgE Ab RAST class [+/-] in Serum,20210623
330020,Amikacin [ug/mL] in Serum or Plasma,20191011
330523,Aminoglycoside [Susceptibility] by Genotype method,20230703
330526,Amiodarone [mcg/mL;mg/L;ug/mL] in Serum or Plasma,20230703
330022,Amitriptyline [ng/mL; ug/mL] in Serum or Plasma,20191011
330023,Amitriptyline [ng/mL] in Gastric fluid,20191011
330021,Amitriptyline [ng/mL] in Urine,20191011
320380,Ammonia [ug/dL] in Plasma,20200601
320537,Ammonia [umol/L] in 24 hour Urine,20210401
320042,Ammonia [umol/L] in Plasma,20191011
320043,Ammonia [umol/L] in Urine,20191011
350409,Amoeba [Identifier] in XXX specimen by Special stain for free-living amoeba (Giemsa's stainning)      ,20200803
350410,Amoeba identified in Stool by Wet preparation,20191011
310046,Amorphous sediment [+/-] in Urine sediment by Light microscopy,20200701
330026,Amphetamine Panel (GC-MS Confirmation),20191011
330227,Amphetamines [+/-] in Gastric fluid,20221003
330025,Amphetamines [+/-] in Serum or Plasma by Screen method,20191011
330024,Amphetamines [+/-] in Urine,20191011
330511,Amphetamines [+/-] in Urine by Screen method,20221003
330379,Amphetamines [+/-] in XXX specimen,20210618
320534,Amylase [U/2hr] in 2 hour Urine,20210317
320289,Amylase [U/L] in 24 hour Urine,20200317
320288,Amylase [U/L] in Body fluid,20200317
320575,Amylase [U/L] in Pericardial fluid,20211001
320530,Amylase [U/L] in Peritoneal fluid,20210317
320531,Amylase [U/L] in Pleural fluid,20210317
320111,Amylase [U/L] in Serum or Plasma,20191011
320532,Amylase [U/L] in Synovial fluid,20210317
320112,Amylase [U/L] in Urine,20191011
320514,Amylase [U/L] in XXX specimen,20210301
320436,Amylase.pancreatic [U/L] in Serum or Plasma,20201116
385008,Amyloid A component Ag [+/-] in Tissue by Immune stain,20201102
320686,Amyloid beta 40 peptide [pg/mL] in Cerebral spinal fluid ,20240801
320688,Amyloid beta 40 peptide [pg/ml] in Plasma,20240801
320470,Amyloid beta 42 peptide [pg/mL] in Cerebral spinal fluid,20201116
320689,Amyloid beta 42 peptide [pg/ml] in Plasma,20240801
385402,Amyloid Beta Ag [+/-] in Tissue by Immune stain,20220105
385226,Amyloid.prealbumin Ag [+/-] in Tissue by Immune stain,20210401
381301,Analysis of XXX gene 60 fragments by PCR ,20211101
385006,Anaplastic lymphoma kinase Ag [+/-] in Tissue by Immune stain,20201102
320427,Androgen free Index [%] in Serum or Plasma,20201001
385192,Androgen receptor Ag [+/-] in Tissue by Immune stain,20210401
320435,Androstanolone [pg/mL] in Serum or Plasma,20201102
320423,Androstenedione [ng/mL] in Serum or Plasma,20201001
350542,Angiostrongylus cantonensis Ab [+/-] in Cerebral spinal fluid,20200505
350543,Angiostrongylus cantonensis Ab [+/-] in Serum,20200505
350448,Angiostrongylus cantonensis Ab [+/-] in XXX specimen,20191011
350544,Angiostrongylus cantonensis IgG [+/-] in Serum,20200505
350545,Angiostrongylus cantonensis IgM [+/-] in Serum,20200505
350961,Angiostrongylus costaricensis Ab [+/-] in Serum,20210317
320560,Angiotensin converting enzyme [U/L] in XXX specimen,20210623
320606,Anion gap 3 in Serum or Plasma,20220401
320473,Anion gap 4 in Serum or Plasma,20201116
300141,Anisocytosis [+/-] in Blood by Light microscopy,20200701
385193,Annexin 1 Ag [+/-] in Tissue by Immune stain,20210401
360067,Anti Interferon Gamma Antibody  [U/mL] in Serum or Plasma,20200803
360369,Anti Nuclear factor [+/-] in Serum or Plasma by Indirect immunofluorescence assay,20240604
220020,Antibody identification By Gel method,20210618
220019,Antibody identification By Tube method,20210618
220007,Antibody screening (Indirect antiglobulin test) By Tube method,20210618
220009,Antibody screening A cell (Indirect antiglobulin test)  By Gel method,20210618
220010,Antibody screening B cell (Indirect antiglobulin test)  By Gel method,20210618
220008,"Antibody screening, (Indirect antiglobulin test)  By Gel method",20210618
220022,Antibody titration (ABO),20210716
220023,Antibody titration (Rh) ,20210716
330033,Antihistamines [+/-] in Serum or Plasma by Screen method,20191011
360346,Anti-HLA-DP/-DQ/-DR MHC II Clone:CR3/43 Antibody in blood,20240401
360347,Anti-LC3 in tissue by Immune stain,20240401
330434,Antimony [ug/dL] in Blood,20220105
330228,Antimony/Creatinine [ug/g creat] in Urine,20201116
320566,Anti-Mullerian Hormone [ng/mL] in Serum or Plasma,20210802
308062,Antithrombin [%] in Platelet poor plasma by Chromo.no addition of heparin,20200601
308008,Antithrombin [U/mL] in Platelet poor plasma by Chromogenic method,20191011
330338,Anti-Xa Tinzaparin [U/mL] in Plasma,20210317
360368,AnWj Ab [+/-] in Serum or Plasma,20240501
381130,APC gene full mutation analysis in Blood or Tissue by Sequencing,20201201
381030,APC gene mutations found [Identifier] in Blood or Tissue by Molecular genetics method Nominal,20191011
330210,Apixaban [ng/mL] in Serum or Plasma,20201001
381131,APOE gene alleles e2 and e3 and e4 [Identifier] in Blood or Tissue by Molecular genetics method Nominal,20201201
381011,APOE gene mutations found [Identifier] in Blood or Tissue by Molecular genetics method Nominal,20191011
320113,Apolipoprotein A [mg/dL] in Serum or Plasma,20191011
320114,Apolipoprotein A-I [mg/dL] in Serum or Plasma,20191011
320115,Apolipoprotein B [mg/dL] in Serum or Plasma,20191011
300192,Appearance of Body fluid,20210317
300195,Appearance of Cerebral spinal fluid,20210317
300194,Appearance of Peritoneal dialysis fluid,20210317
300202,Appearance of Peritoneal fluid,20210317
300191,Appearance of Pleural fluid,20210317
300196,Appearance of Spun Synovial fluid,20210317
390063,Appearance of Stool,20220301
310029,Appearance of Urine,20200601
P38106,Appendix,20201102
308081,aPTT [sec] in Control Platelet poor plasma by Coagulation assay,20210317
308098,aPTT actual/normal in Platelet poor plasma by Coagulation assay,20220502
308099,aPTT normal/actual in Platelet poor plasma by Coagulation assay,20220502
308069,aPTT.factor sensitive with 1:1 Pooled Normal Plasma [sec] in Platelet poor plasma by Coagulation assay,20210104
308082,aPTT.factor substitution [sec] in Platelet poor plasma by Coagulation assay and 5 minutes post incubation after addition of normal plasma,20210317
308074,aPTT.factor substitution immediately after 1:1 addition of normal plasma immediately after 1:1 addition of normal plasma in Platelet poor plasma by Coagulation assay,20220601
308083,aPTT.factor substitution in Platelet poor plasma by Coagulation assay and 2H post incubation with normal plasma,20210317
308030,aPTT.lupus sensitive W excess phospholipid (LA confirm) Lupus anticoagulant confirm,20191011
385394,AQP-4 Ag [+/-] in Tissue by Immune stain,20211101
360070,Aquaporin 4 receptor IgG Ab [Titer] in Serum or Plasma by Immunofluorescence,20191011
360069,Aquaporin 4 receptor IgG Ab [U/mL] in Serum or Plasma by Immunofluorescence,20191011
360210,Aquaporin 4 water channel IgG Ab [+/-] in Cerebral spinal fluid by Cell binding immunofluorescent assay,20210301
360131,Aquaporin 4 water channel IgG Ab [Titer] in Cerebral spinal fluid by Immunofluorescence,20200601
381134,AR gene CAG repeats [+/-] in Blood or Tissue by Molecular genetics,20201201
381047,AR gene targeted mutation analysis in Blood or Tissue by Molecular genetics method Narrative,20191011
385350,Arginase1 Ag [+/-] in Tissue by Immune stain,20210618
385009,Aromatase Ag [+/-] in Tissue by Immune stain,20201102
381135,ARSA gene full mutation analysis in Blood or Tissue by Sequencing,20201201
381053,ARSA gene mutations found [Identifier] in Blood or Tissue by Molecular genetics method Nominal,20191011
330034,Arsenic [+/-] in Gastric fluid,20191011
330035,Arsenic [+/-] in XXX specimen,20191011
330037,Arsenic [mg/dL; ug/L] in Urine,20200505
330036,Arsenic [mg/dL] in Serum or Plasma,20191011
330430,Arsenic.inorganic+methylated [u/L] in Urine,20211201
350449,Arthropod identified in XXX specimen,20191011
381012,ARX gene targeted mutation analysis,20191011
381181,AS+PWS gene targeted mutation analysis in Blood or Tissue by Molecular genetics method,20210104
320093,Ascorbate [mg/dL] in Serum or Plasma,20191011
320094,Ascorbate [umol/L] in Serum or Plasma,20191011
320437,Ascorbate+Dehydroascorbate [mg/L] in Serum or Plasma,20201116
320469,Aspartate aminotransferase [U/L] in Body fluid,20201116
320150,Aspartate aminotransferase [U/L] in Serum or Plasma,20191011
360099,Aspergillus fumigatus IgE Ab [kU/L] in Serum,20200505
385194,Aspergillus sp Ag [+/-] in Tissue by Immune stain,20210401
385010,AT Ag [+/-] in Tissue by Immune stain,20201102
330229,Atazanavir trough [ng/mL] in Serum or Plasma,20220601
381262,ATN1 gene (Dentatorubral-pallidoluysian) [+/-] in Blood or Tissue by Molecular genetics method,20210601
381115,ATP7A gene targeted mutation analysis in Blood or Tissue by Molecular genetics method,20201116
381077,ATP7B gene targeted mutation analysis in Blood or Tissue by Molecular genetics method Narrative,20191011
385227,ATRX Ag [+/-] in Tissue by Immune stain,20210401
220114,Autologous whole blood given [mL],20230703
P38423,Autopsy report,20211101
380016,B cell+T cell crossmatch [Interpretation] Qualitative by Flow cytometry (FC),20191011
351202,Babesia microti identified in Blood by Light microscopy,20220502
350548,Bacteria # 2 identified in Blood by Culture,20200505
350551,Bacteria # 3 identified in Blood by Culture,20200505
350824,Bacteria [+/-] in Body fluid by Light microscopy,20210104
310030,Bacteria [+/-] in Urine sediment by Light microscopy,20200601
350825,Bacteria Identification [+/-] in Isolate by Culture,20210104
350826,Bacteria identified based on 16S rRNA gene in XXX specimen by Sequencing,20210104
350493,Bacteria identified in Abscess by Aerobe culture,20200803
351217,Bacteria identified in Amniotic fluid by Anaerobe culture,20220701
351218,Bacteria identified in Bile fluid by Anaerobe culture,20220701
350511,Bacteria identified in Blood by Aerobe culture,20200417
350029,Bacteria identified in Blood by Aerobe culture and sensitivity,20200616
350512,Bacteria identified in Blood by Anaerobe culture,20200417
350513,Bacteria identified in Blood by Culture,20200417
350981,Bacteria identified in Body fluid by Aerobe culture,20210317
351103,Bacteria identified in Body fluid by Anaerobe culture,20210802
350987,Bacteria identified in Bone marrow by Aerobe culture,20210317
300238,Bacteria identified in Bone marrow by Anaerobe culture and susceptibility panel,20230501
351006,Bacteria identified in Bronchial specimen by Aerobe culture,20210401
350972,Bacteria identified in Bronchoalveolar lavage by Aerobe culture,20210317
350687,Bacteria identified in Catheter tip by Aerobe culture,20200616
350491,Bacteria identified in Cerebral spinal fluid by Aerobe culture,20200803
350490,Bacteria identified in Cerebral spinal fluid by Anaerobe culture,20200803
350971,Bacteria identified in Cervix by Aerobe culture,20210317
350620,Bacteria identified in Dialysis fluid by Culture,20200601
350974,Bacteria identified in Eye by Aerobe culture,20210317
300239,Bacteria identified in Eye fluid by Anaerobe culture and susceptibility panel,20230501
350964,Bacteria identified in Gastric content by Aerobe culture,20210317
350929,Bacteria identified in Nasopharynx by Aerobe culture,20210216
350694,Bacteria identified in Ocular fluid by Aerobe culture,20200616
350986,Bacteria identified in Penis by Aerobe culture,20210317
351137,Bacteria identified in Pericardial fluid by Anaerobe culture,20211001
350487,Bacteria identified in Peritoneal fluid by Aerobe culture,20200803
350486,Bacteria identified in Peritoneal fluid by Anaerobe culture,20200803
351080,Bacteria identified in Peritoneal fluid by Culture,20210601
350781,Bacteria identified in Pleural fluid by Aerobe culture,20201102
350897,Bacteria identified in Pleural fluid by Aerobe culture and susceptibility panel,20210118
308068,Bacteria identified in Pleural fluid by Anaerobe culture,20201102
350782,Bacteria identified in Pleural fluid by Culture,20201102
350827,Bacteria identified in Pus by Aerobe culture,20210104
350829,Bacteria identified in Rectal swab by Aerobe culture,20210104
350695,Bacteria identified in Sinus by Aerobe culture,20200616
350942,Bacteria identified in Skin by Aerobe culture,20210301
351241,Bacteria identified in Skin by Aerobe culture and sensitivity,20230403
350515,Bacteria identified in Sputum by Aerobe culture,20200417
350516,Bacteria identified in Sputum by Culture,20200417
350517,Bacteria identified in Stool by Anaerobe culture,20200417
350518,Bacteria identified in Stool by Culture,20200417
350489,Bacteria identified in Synovial fluid by Aerobe culture,20200803
350795,Bacteria identified in Synovial fluid by Aerobe culture and Susceptibility,20201116
350488,Bacteria identified in Synovial fluid by Anaerobe culture,20200803
350831,Bacteria identified in Throat by Aerobe culture,20210104
350705,Bacteria identified in Tissue by Aerobe culture,20200701
351219,Bacteria identified in Tissue by Anaerobe culture,20220701
300240,Bacteria identified in Tissue by Anaerobe culture and susceptibility panel,20230501
300241,Bacteria identified in Urethra by Anaerobe culture and susceptibility panel,20230501
350519,Bacteria identified in Urine by Culture,20200417
300242,Bacteria identified in Vagina by Anaerobe culture and susceptibility panel,20230501
350975,Bacteria identified in Vaginal fluid by Aerobe culture,20210317
300243,Bacteria identified in Vessicle by Anaerobe culture and susceptibility panel,20230501
350750,Bacteria identified in Water by Culture,20200901
350520,Bacteria identified in Wound by Aerobe culture,20200417
350521,Bacteria identified in Wound by Anaerobe culture,20200417
350522,Bacteria identified in Wound by Culture,20200417
351154,Bacteria identified in XXX specimen,20220105
350523,Bacteria identified in XXX specimen by Aerobe culture,20200417
350524,Bacteria identified in XXX specimen by Anaerobe culture,20200417
350525,Bacteria identified in XXX specimen by Culture,20200417
351198,Bacteria sterility test [+/-] in XXX specimen by membrane filtration,20220401
351196,Bacteria sterility test in XXX specimen by direct inculation,20220401
351082,Bacterial 16S rRNA [+/-] in Blood by NAA with probe detection,20210623
381353,Bacterial whole genome [Nucleotide sequence] in Isolate by Sequencing,20220301
385228,BAF47 Ag [+/-] in Tissue by Immune stain,20210401
360261,Baker's yeast Ab (ASCA Anti-Saccharomyces Cerevisiae antibody) [Titer] in Serum by Immunofluorescence,20210623
360251,Banana IgE Ab [kU/L] in Serum,20210618
300205,Band 3 on RBC in Blood by Flowcytometry,20210401
300132,Band form neutrophils/100 leukocytes [%] in Blood by Automated count,20200616
385422,BAP1 Ag [+/-] in Tissue by Immune stain,20221101
330042,Barbiturates [+/-] in Gastric fluid,20191011
330043,"Barbiturates [+/-] in Serum, Plasma or Blood",20191011
330041,Barbiturates [+/-] in Urine,20191011
330044,Barbiturates [+/-] in XXX specimen,20191011
330451,Barbiturates [mg/dL] in Postmortem Serum or Plasma,20220105
330038,Barbiturates [mg/dL] in Serum or Plasma,20191011
330040,Barbiturates [ng/mL] in Gastric fluid,20191011
330039,Barbiturates [ug/mL; mg/L] in Urine,20191011
330453,Barbiturates [ug/mL] in Postmortem Urine,20220105
330437,Barbiturates panel in Urine,20220105
330354,Barium [ug/L] in Blood,20210401
330438,Barium [ug/L] in Urine,20220105
330483,Barium [ug/L] in XXX specimen,20220301
320515,Base excess [mmol/L] in Venous blood by calculation,20210301
360161,Basement membrane IgA Ab [+/-] in Serum by Immunofluorescence,20201116
385492,Basement membrane IgG Ab [arb'U] in Serum by Immunoassay,20241101
360162,Basement membrane zone BP180 Ab [U/mL] in Serum by Immunoassay,20201116
360163,Basement membrane zone BP230 IgG Ab [U/mL] in Serum or Plasma by Immunoassay,20201116
360178,Basement membrane zone IgG Ab [+/-] in Serum by Immunofluorescence,20210104
300151,Basophilic stippling [+/-] in Blood by Light microscopy,20200701
300074,Basophils [%] in Blood by Automated count,20200518
300064,Basophils [%] in Body fluid,20200518
300152,Basophils [10*3/uL] in Blood by Automated count,20200701
385011,B-cell Ag [+/-] in Tissue by Immune stain,20201102
340051,B-cell CD27 and IgD subsets in Blood Narrative,20220301
385014,BCL10 Ag [+/-] in Tissue by Immune stain,20201102
385012,BCL2 Ag [+/-] in Tissue by Immune stain,20201102
381264,BCL2 gene rearrangements [+/-] in Blood or Tissue by FISH,20220401
385013,BCL6 Ag [+/-] in Tissue by Immune stain,20201102
370027,BCL6 gene rearrangements [+/-] in Blood or Tissue by FISH,20210623
385423,BCOR Ag [+/-] in Tissue by Immune stain,20221101
381101,BCR-ABL1 kinase domain mutations found [Identifier] in Blood or Tissue by Molecular genetics method Nominal,20191011
330045,Benzene [mg/L] in Serum or Plasma,20191011
330371,Benzene [mg/L] in XXX specimen,20210601
330046,Benzene [ug/mL] in Urine,20191011
330047,Benzodiazepines [+/-] in Gastric fluid,20191011
330048,Benzodiazepines [+/-] in Serum or Plasma,20191011
330049,Benzodiazepines [+/-] in Urine,20191011
330230,Benzodiazepines [+/-] in XXX specimen,20210802
330432,Benzodiazepines [mg/mL] in Serum or Plasma by Confirmatory method,20220105
330455,Benzodiazepines [ng/mL] in Postmortem Serum or Plasma,20220105
330231,Benzodiazepines [ng/mL] in Serum or Plasma,20201116
330456,Benzodiazepines [ug/L] in Postmortem Urine,20220105
330416,Benzodiazepines [ug/L] in Urine,20211001
330439,Benzodiazepines panel in Urine,20220105
385015,Ber-EP4 Ag [+/-] in Tissue by Immune stain,20201102
360132,Bermuda grass IgE Ab [kU/L] in Serum,20200601
320439,Beta 2 glycoprotein 1 IgA Ab [RU/mL] in Serum,20201116
320118,Beta 2 glycoprotein 1 IgG Ab [RU/mL] in Serum or Plasma by Immunoassay,20200417
308003,Beta 2 glycoprotein 1 IgG Ab [U/mL] in Serum,20191011
308004,Beta 2 glycoprotein 1 IgM Ab [U/mL] in Serum,20191011
308064,Beta 2 glycoprotein 1 IgM Ab [U/mL] in Serum or Plasma by Immunoassay,20200701
330531,Beta blockers [Identifier] in Urine,20230703
385195,Beta catenin Ag [+/-] in Tissue by Immune stain,20210401
360206,Beta F1 Ag [+/-] in Tissue by Immune stain,20220401
310050,Beta hydroxybutyrate [+/-] in Urine,20201116
320618,Beta hydroxybutyrate dehydrogenase [Enzymatic activity/volume] in Blood,20220601
360284,Beta lactoglobulin MF77 IgE Ab [U/L] in Serum,20211001
320117,Beta-2-Microglobulin [ng/mL; mg/L; mcg/mL] in Urine,20191011
320116,Beta-2-Microglobulin [ug/mL; mg/L; mcg/mL; ng/mL] in Serum or Plasma,20191011
385017,Beta2-Microglobulin Ag [+/-] in Tissue by Immune stain,20201102
360285,Beta-conglycinin IgE  Ab [U/L] in Serum,20211001
330381,Betamethasone [+/-] in XXX specimen,20210618
385165,Beta-Sarcoglycan Ag [+/-] in Tissue by Immune stain,20201102
320639,Bicarbonate [mmol/24hrs.] in 24 hour Urine,20221201
320488,Bicarbonate [mmol/L] in Arterial blood,20210118
320468,Bicarbonate [mmol/L] in Body fluid,20201116
320489,Bicarbonate [mmol/L] in Venous blood,20210118
330545,Bictegravir [mg/L] in Serum or Plasma by LC/MS/MS --trough,20240801
320563,Bile acid [+/-] in Body fluid,20210716
310005,Bile acid [+/-] in Urine,20191011
320304,Bile acid [umol/L] in Serum or Plasma,20200417
320666,Bile Salt Export Pump [+/-] in Tissue by Immune stain,20240401
P38407,Bile.microscopic observation [Identifier] in Tissue by Fouchet stain,20210201
320048,Bilirubin.direct [mg/dL ] in Body fluid,20191011
320047,Bilirubin.direct [mg/dL] in Serum or Plasma,20191011
320305,Bilirubin.indirect [mg/dL] in Serum or Plasma,20200417
320516,Bilirubin.microscopic observation [Identifier] in Tissue by Hall's stain,20210301
310031,Bilirubin.total [+/-] in Urine by Test strip,20200601
320050,Bilirubin.total [mg/dL ] in Serum or Plasma,20191011
320051,Bilirubin.total [mg/dL] in Body fluid,20191011
P38002,Biopsy หรือชิ้นเนื้อที่มีความยาวมากกว่า 2 ซม.แต่ไม่เกิน 5 ซม.,20201102
P38003,Biopsy หรือชิ้นเนื้อที่มีความยาวมากกว่า 5 ซม.,20201102
P38001,Biopsy หรือชิ้นเนื้อที่มีความยาวมากที่สุด ไม่เกิน 2 ซม.,20201102
320698,Biotin [pg/ml] in Serum or Plasma,20250203
320622,Biotinidase deficiency newborn screen interpretation,20220701
308079,Birt-Hogg-Dube BHD by FLCN,20210317
330350,Bismuth [+/-] in Blood,20210317
330480,Bismuth [+/-] in XXX specimen,20220301
330441,Bismuth [ng/mL] in Blood,20220105
330351,Bismuth [ng/mL] in Serum or Plasma,20210317
330440,Bismuth [ng/mL] in Urine,20220105
330484,Bismuth [ng/mL] in XXX specimen,20220301
350834,BK virus DNA [+/-] in XXX specimen by NAA with probe detection,20210618
350279,BK virus DNA [copies/mL] (viral load) in Bone marrow by NAA with probe detection,20191011
350281,BK virus DNA [copies/mL] (viral load) in Bronchoalveolar lavage by NAA with probe detection,20191011
350280,BK virus DNA [copies/mL] (viral load) in CSF by NAA with probe detection,20191011
350276,BK virus DNA [copies/mL] (viral load) in Serum or Plasma by NAA with probe detection,20191011
350277,BK virus DNA [copies/mL] (viral load) in Urine by NAA with probe detection,20191011
350278,BK virus DNA [copies/mL] (viral load) in XXX specimen by NAA with probe detection,20191011
351170,BK virus DNA [U/mL] (viral load) in XXX specimen by NAA with probe detection,20220301
385019,BLA-36 Ag [+/-] in Tissue by Immune stain,20201102
300137,Blasts [+/-] in Blood by Automated count,20200701
308009,Bleeding time,20191011
360125,Blomia tropicalis IgE Ab [kU/L] in Serum,20200505
B23503,Blood Exchange (ใช้เครื่อง Apheresis),20210618
220002,Blood group (ABO- Cell and serum grouping) By Gel method,20210618
220001,Blood group (ABO- Cell and serum grouping) By Tube method,20210618
220103,Blood group antibodies identified in Serum or Plasma by Cold absorption,20210716
220024,Blood group antibodies identified in Serum or Plasma by Elution,20210618
220104,Blood group antibodies identified in Serum or Plasma by Warm absorption,20210716
220110,Blood group antibody screen [+/-] in Serum or Plasma,20220401
220105,Blood group antibody screen [+/-] in Serum or Plasma by Cold absorption,20210716
220106,Blood group antibody screen [+/-] in Serum or Plasma by RESt absorption,20210716
220021,Blood group antibody screen [Titer] in Serum or Plasma,20210618
300169,Blood smear finding in Blood by Light microscopy,20210104
385020,BM-2 Ag [+/-] in Tissue by Immune stain,20201102
385021,BOB1 Ag [+/-] in Tissue by Immune stain,20201102
P38190,"Bone (tumor : en bloc resection pelvectomy, sacrectomy)",20201102
P38191,Bone marrow biopsy,20201102
P38428,Bone Pathology biopsy report,20211101
330515,Borate [+/-] in Blood,20230301
351152,Bordetella pertussis [+/-] in Nasopharynx by Organism specific culture,20211201
351093,Bordetella pertussis [+/-] in Throat by Organism specific culture,20210716
360213,Bordetella pertussis DNA [+/-] in Nasopharynx by NAA with probe detection,20210301
350905,Bordetella pertussis filamentous hemagglutinin IgG Ab [U/mL] in Serum,20210201
350906,Bordetella pertussis.pertussis toxin IgG Ab [+/-] in Serum by Immunoassay,20210201
360218,Borrelia burgdorferi IgG Ab [+/-] in Serum by Immunoblot,20210301
B23463,Bovine thrombin (1000 IU),20210618
385424,Brachyury Ag [+/-] in Tissue by Immune stain,20221101
381015,BRAF gene targeted mutation analysis in Blood or Tissue by Molecular genetics method Narrative,20191011
385196,BRAF V600E mutant protein [+/-] in Cancer specimen by Immune stain,20210401
385405,BRCA1 Ag [+/-] in Tissue by Immune stain,20220301
381038,BRCA1+BRCA2 gene targeted mutation analysis in Blood or Tissue by Molecular genetics method Narrative,20191011
P38223,"Breast (core needle biopsy, multiple pieces)",20210503
P38221,"Breast (mass, excision, > 5 cm)",20201102
P38220,"Breast (mass, excision, 2-5 cm)",20201102
P38222,"Breast (mass, excision, less than 2 cm)",20201102
P38224,Breast (simple mastectomy),20201102
P38225,"Breast, mastectomy (simple, radical, modified radical) and axillary content",20201102
385230,BRG1 Ag [+/-] in Tissue by Immune stain,20210401
385451,BRM Ag [+/-] in Tissue by Immune stain,20231002
330232,Bromide [mg/dL] in Serum or Plasma,20201116
330417,Bromocriptine [ng/mL] in Serum or Plasma,20211101
350019,Brucella sp Ab [+/-] in Serum,20191011
350018,Brucella sp Ab [Titer] in Serum,20191011
381016,Bruton Tyrosine Kinase gene mutations found [Identifier] in Blood or Tissue by Molecular genetics method Nominal,20191011
351131,Burkholderia pseudomallei Ab [Titer] in Serum by Hemagglutination,20210813
350015,Burkholderia pseudomallei Ab [Units/mL] in Serum by Hemagglutination,20191011
350758,Burkholderia pseudomallei Ag [+/-] in XXX specimen by Immunofluorescence,20210618
350556,Burkholderia pseudomallei IgG Ab [Titer] in Serum by Immunofluorescence,20200505
350557,Burkholderia pseudomallei IgM Ab [Titer] in Serum by Immunofluorescence,20200505
300183,Burr cells [+/-] in Blood by Light microscopy,20210301
330278,Busulfan [ng/mL] in Serum or Plasma,20210118
330368,Butanol [ug/mL] in XXX specimen,20210601
220028,C Ag [+/-] in Cord red blood cells,20210623
220027,C Ag [+/-] on Red Blood Cells,20210623
220025,C Ag [+/-] on Red Blood Cells from Blood product unit,20210618
220026,C Ag [+/-] on Red Blood Cells from Donor,20210623
320181,C peptide [ng/mL] in Serum or Plasma,20191011
320567,C peptide [ng/mL] in Urine,20210802
320124,C reactive protein [mg/L] in Serum or Plasma,20191011
320125,C reactive protein [mg/L] in Serum or Plasma by High sensitivity method,20191011
385022,C1q Ag [+/-] in Tissue by Immune stain,20201102
385483,C1q Ag [+/-] in Tissue by Immunofluorescence,20241001
385023,C3c Ag [+/-] in Tissue by Immune stain,20201102
385484,C3c Ag [+/-] in Tissue by Immunofluorescence,20241001
385197,C4d Ag [+/-] in Tissue by Immune stain,20210401
385485,C4d Ag [+/-] in Tissue by Immunofluorescence,20241001
385293,C5B-9 Ag [+/-] in Tissue by Immune stain,20210401
385370,CA 19-9 Ag [+/-] in Tissue by Immune stain,20210802
381383,CACNA1S gene mutations tested for in Blood or Tissue by Molecular genetics method Nominal,20230103
320619,Cadmium [mg/L] in XXX,20241202
330050,Cadmium [ug/dL] in Serum or Plasma,20191011
330051,Cadmium [ug/dL] in Urine,20191011
330224,Cadmium [ug/mL] in Blood,20241202
330339,Caffeine [umol/L] in Serum or Plasma,20210317
320474,Calcidiol+Calciferol [nmol/L] in Serum or Plasma,20201116
320329,Calciferol (Vit D2) [ng/mL] in Serum or Plasma,20200417
320182,Calcitonin [ng/L; pg/mL] in Serum or Plasma,20191011
385024,Calcitonin Ag [+/-] in Tissue by Immune stain,20201102
320692,Calcium [mg/24hr] in 24 hour Urine,20241001
320002,Calcium [mg/dL] in 24 hour Urine,20191011
350558,Calcium [mg/dL] in Body fluid,20200505
320001,Calcium [mg/dL] in Serum or Plasma,20191011
320004,Calcium [mg/dL] in Urine,20191011
320005,Calcium [mg/dL] in XXX specimen,20191011
310055,Calcium oxalate crystals [Cells/HPF] in Urine sediment by Microscopy high power field,20210118
320003,Calcium.ionized [mg/dL] in Serum or Plasma by Ion-selective membrane electrode (ISE),20191011
320517,Calcium.ionized [mg/dL] in Venous blood,20210301
320518,Calcium.ionized [mmol/L] in Arterial blood,20210301
310025,Calcium.ionized [mmol/L] in Serum or Plasma by Ion-selective membrane electrode (ISE),20200505
P38405,Calcium.microscopic observation [Identifier] in Tissue by Von Kossa stain,20210201
385025,Caldesmon Ag [+/-] in Tissue by Immune stain,20201102
385026,Calponin Ag [+/-] in Tissue by Immune stain,20201102
320696,Calprotectin [+/-] in Stool by Immunoassay,20250102
320424,Calprotectin [ug/g] in Stool,20201001
381093,CALR gene exon 9 mutations found [Identifier] in Blood or Tissue by Molecular genetics method Nominal,20191011
385027,Calretinin Ag [+/-] in Tissue by Immune stain,20201102
351039,Campylobacter jejuni IgG Ab [Titer] in Serum by Immunofluorescence,20210503
351040,Campylobacter jejuni IgM Ab [Titer] in Serum by Immunofluorescence,20210503
350603,Campylobacter sp [+/-] in Stool by Culture,20200518
351171,Campylobacter sp identified in Stool by Organism specific culture,20220301
385425,CAMTA1 Ag [+/-] in Tissue by Immune stain,20221101
320519,Cancer Ag 125 [+/-] in Tissue by Immune stain,20211201
320240,Cancer Ag 125 [arb U/mL] in Body fluid by Dilution,20191011
320239,Cancer Ag 125 [IU/L; U/mL; units/mL] in Serum or Plasma,20191011
320241,Cancer Ag 125 [U/L] in Peritoneal fluid,20191011
320399,Cancer Ag 125 [U/mL] in Serum or Plasma by Immunoassay,20211001
320377,Cancer Ag 15-3 [U/mL] in Peritoneal fluid,20200518
320284,Cancer Ag 15-3 [U/mL] in Serum or Plasma by Immunoassay,20200317
320244,Cancer Ag 19-9 [arb U/L] in Peritoneal fluid,20191011
320242,Cancer Ag 19-9 [kU/L; U/mL] in Serum or Plasma,20201001
320243,Cancer Ag 19-9 [U/mL] in Body fluid,20191011
320585,Cancer Ag 19-9 [U/mL] in Serum or Plasma by Immunoassay,20211101
320407,Cancer Ag 72-4 [+/-] in Serum or Plasma,20200701
385384,Cancer Ag 72-4 [+/-] in Tissue by Immune stain,20210813
320300,Cancer Ag 72-4 [U/mL] in Serum or Plasma,20200417
381178,Cancer related large scale gene targeted mutation analysis in Blood or Tissue by Molecular genetics method,20211101
360326,Candida albicans IgE Ab [kU/L] in Serum,20230601
351203,Candida sp Ag [arb U/mL] in Serum or Plasma by Immunoassay,20220502
330355,Cannabidiol/Tetrahydrocannabinol [Ratio] in Urine by Confirmatory method,20210401
330087,Cannabinoids [+/-] in Serum or Plasma by Screen method,20191011
330156,Cannabinoids [+/-] in Urine by Screen method,20200518
330270,Cannabinoids [+/-] in Urine by Screen method >50 ng/mL,20210201
330442,Cannabinoids [ng/mL] in Blood by Confirmatory method,20220105
330053,Cannabinoids [ng/mL] in Gastric fluid,20191011
330457,Cannabinoids [ng/mL] in Postmortem Serum or Plasma,20220105
330054,Cannabinoids [ng/mL] in Serum or Plasma by Confirmatory method,20191011
330052,Cannabinoids [ng/mL] in Urine,20191011
330086,Cannabinoids [ng/mL] in Urine by Screen method,20191011
330452,Cannabinoids [ug/L] in Postmortem Urine,20220105
330244,Cannabinoids cutoff [ng/mL] in Urine,20201116
330382,Cannabinoids synthetic [+/-] in XXX specimen by Screen method,20210618
330535,"Cannabinol [ng/mL] in Serum, Plasma or Blood by Confirmatory method",20230703
330055,Carbamates [+/-] in Gastric fluid by Screen method,20191011
330161,Carbamates [+/-] in Serum or Palsma by Screen method,20200601
330056,Carbamates [+/-] in XXX specimen by Screen method,20191011
330057,Carbamazepine [ug/mL] in Serum or Plasma,20191011
330058,Carbamazepine [ug/mL] in Urine,20191011
330169,"carBAMazepine 10,11-Epoxide [ug/dL] in Serum or Plasma",20200901
320490,Carbon dioxide [mm Hg] in Arterial blood,20210118
320491,Carbon dioxide [mm Hg] in Venous blood,20210118
320011,"Carbon dioxide, total [mmol/L] in Arterial blood",20191011
320573,"Carbon dioxide, total [mmol/L] in Arterial blood by calculation",20210901
320010,"Carbon dioxide, total [mmol/L] in Blood",20191011
320510,"Carbon dioxide, total [mmol/L] in Cerebral spinal fluid",20210216
320009,"Carbon dioxide, total [mmol/L] in Serum or Plasma",20191011
320013,"Carbon dioxide, total [mmol/L] in Urine",20191011
320012,"Carbon dioxide, total [mmol/L] in Venous blood",20191011
385336,Carbonic Anhydrase IX Ag [+/-] in Tissue by Immune stain,20210618
300004,Carboxyhemoglobin [g/dL] in Blood,20191011
300167,Carboxyhemoglobin/Hemoglobin.total [%] in Blood,20201116
385058,Carcinoembryonic Ag [+/-] in Tissue by Immune stain,20201102
320246,Carcinoembryonic Ag [ng/mL; ug/L] in Body fluid,20191011
320247,Carcinoembryonic Ag [ng/mL; ug/L] in Peritoneal fluid,20191011
320245,Carcinoembryonic Ag [ng/mL; ug/L] in Serum or Plasma,20191011
320334,Carcinoembryonic Ag [ng/mL] in Cerebral spinal fluid,20200505
320413,Carcinoembryonic Ag [ng/mL] in Serum or Plasma by Immunoassay,20200803
381372,Cardiac genes in Blood by Targeted sequencing,20221003
381382,Cardiac genes in XXX Specimen  by Targeted sequencing,20221003
308007,Cardiolipin Ab [U/mL] in Serum,20191011
308095,Cardiolipin Ab [U/mL] in Serum by Immunoassay,20211101
308057,Cardiolipin IgA Ab [U/L] in Serum or Plasma,20200505
308066,Cardiolipin IgA Ab [U/mL] in Serum by Immunoassay,20200701
308065,Cardiolipin IgG Ab [U/mL] in Serum by Immunoassay,20200701
308005,Cardiolipin IgG Ab [U/mL] in Serum or Plasma,20191011
308006,Cardiolipin IgM Ab [U/mL] in Serum or Plasma,20191011
320257,Carnitine/Acylcarnitine,20191011
320045,Carotene [ug/dL] in Serum,20191011
320046,Carotene [umol/L] in Serum,20191011
330546,CAR-T dose [cells/mass] in Leukapheresis blood,20240902
360101,Casein IgE Ab [kU/L] in Serum,20200505
360252,Cashew nut IgE Ab [kU/L] in Serum,20210618
310056,Casts [Cells/LPF] in Urine sediment by Microscopy low power field,20210118
310032,Casts [Type] in Urine sediment by Light microscopy,20200601
360102,Cat dander IgE Ab [kU/L] in Serum,20200505
320184,Catecholamines [ug/24 H] in 24 hour Urine,20191011
320183,Catecholamines [ug/L] in Urine,20191011
385337,Cathepsin B [+/-] in Tissue by Immune stain,20210618
385029,Cathepsin D [+/-] in Tissue by Immune stain,20201102
360231,Caveolin-3 Ag [+/-] in Tissue by Immune stain,20220401
370030,CCND1 gene duplication [+/-] in Blood or Tissue by FISH,20210716
385035,CD10 Ag [+/-] in Tissue by Immune stain,20201102
385351,CD103 Ag [+/-] in Tissue by Immune stain,20210618
385052,CD117 Ag [+/-] in Tissue by Immune stain,20201102
385198,CD123 Ag [+/-] in Tissue by Immune stain,20210401
385277,CD13 Ag [+/-] in Tissue by Immune stain,20210401
385053,CD138 Ag [+/-] in Tissue by Immune stain,20201102
385199,CD14 Ag [+/-] in Tissue by Immune stain,20210401
385054,CD141 Ag [+/-] in Tissue by Immune stain,20201102
385055,CD146 Ag [+/-] in Tissue by Immune stain,20201102
385036,CD15 Ag [+/-] in Tissue by Immune stain,20201102
385338,CD16 Ag [+/-] in Tissue by Immune stain,20210618
340044,CD16 cells [cells/uL] in Blood,20210802
340042,CD16+CD56+ cells [cells/uL] in Blood,20230403
385200,CD163 Ag [+/-] in Tissue by Immune stain,20210401
340050,CD18 cells/100 cells [%] in XXX specimen,20220201
385201,CD19 Ag [+/-] in Tissue by Immune stain,20210401
340030,CD19 blasts/100 blasts in Blood,20201116
340033,CD19 cells [cells/uL] in Blood,20210104
340039,CD19+CD20+ cells/100 cells [%] in Blood,20210503
340035,CD19+CD27+ cells [cells/uL] in Blood,20210216
385030,CD1a Ag [+/-] in Tissue by Immune stain,20201102
385189,CD2 Ag [+/-] in Tissue by Immune stain,20210401
385037,CD20 Ag [+/-] in Tissue by Immune stain,20201102
385391,CD200 Ag [+/-] in Tissue by Immune stain,20211101
385038,CD21 Ag [+/-] in Tissue by Immune stain,20201102
385278,CD22 Ag [+/-] in Tissue by Immune stain,20210401
385039,CD23 Ag [+/-] in Tissue by Immune stain,20201102
385203,CD25 Ag [+/-] in Tissue by Immune stain,20210401
340040,CD27 cells/100 cells [%] in Blood,20210503
385403,CD27+IgD- cells/100 CD19+CD20+ cells in Blood,20220105
340052,CD27+IgD+ cells/100 CD19+CD20+ cells in Blood,20220301
320604,CD27-IgD+ cells/100 CD19+CD20+ cells in Blood,20220301
385031,CD3 Ag [+/-] in Tissue by Immune stain,20201102
340002,CD3 cells [cells/uL] in Blood,20191011
340003,CD3 cells [cells/uL] in Bone marrow,20191011
340004,CD3 cells [cells/uL] in Cerebral spinal fluid,20191011
340001,CD3 cells [cells/uL] in XXX specimen,20191011
340006,CD3+CD4+ (T4 helper) cells [cells/uL; cells/mm3] in Blood,20200505
340007,CD3+CD4+ (T4 helper) cells [cells/uL] in Bone marrow,20191011
340008,CD3+CD4+ (T4 helper) cells [cells/uL] in Cerebral spinal fluid,20191011
340009,CD3+CD4+ (T4 helper) cells [cells/uL] in Tissue,20191011
340005,CD3+CD4+ (T4 helper) cells [cells/uL] in XXX specimen,20191011
340011,CD3+CD8+ (T8 suppressor cells) cells [cells/uL] in Blood,20191011
340012,CD3+CD8+ (T8 suppressor cells) cells [cells/uL] in Bone marrow,20191011
340013,CD3+CD8+ (T8 suppressor cells) cells [cells/uL] in Cerebral spinal fluid,20191011
340014,CD3+CD8+ (T8 suppressor cells) cells [cells/uL] in Tissue,20191011
340010,CD3+CD8+ (T8 suppressor cells) cells [cells/uL] in XXX specimen,20191011
385415,CD3+TCR alpha beta+ cells/100 cells in Blood,20220601
385040,CD30 Ag [+/-] in Tissue by Immune stain,20201102
385041,CD31 Ag [+/-] in Tissue by Immune stain,20201102
385279,CD33 Ag [+/-] in Tissue by Immune stain,20210401
385042,CD34 Ag [+/-] in Tissue by Immune stain,20201102
385421,CD34 preparation in Pheripheral blood stem cell by Immunomagnetic bead purification,20220901
385043,CD35 Ag [+/-] in Tissue by Immune stain,20201102
385204,CD38 Ag [+/-] in Tissue by Immune stain,20210401
340037,CD3-CD16+CD56+HLA-DR+ (activated Natural Killer) cells/100 cells.CD3-CD16+CD56+ (Natural killer) cells in Blood by Flow cytometry (FC),20210301
385287,CD3-CD19+ cells [/uL;#/mm3] in Blood,20210401
385032,CD4 Ag [+/-] in Tissue by Immune stain,20201102
340036,CD4+CD8+ cells/100 cells in Blood,20210216
385044,CD43 Ag [+/-] in Tissue by Immune stain,20201102
385288,CD44 Ag [+/-] in Tissue by Immune stain,20210401
385045,CD45 Ag [+/-] in Tissue by Immune stain,20201102
385033,CD5 Ag [+/-] in Tissue by Immune stain,20201102
340026,CD55 and CD59 RBC [Interpretation] in Blood,20200217
340016,CD55+CD59 cells [+/-] in Blood by Agglutination,20191011
385046,CD56 Ag [+/-] in Tissue by Immune stain,20201102
385047,CD57 Ag [+/-] in Tissue by Immune stain,20201102
340032,CD59 deficient cells/100 cells [%] in Blood,20220105
385386,CD61 Ag [+/-] in Tissue by Immune stain,20210901
300204,CD63  Basophils/100 basophils [%] in Blood by Flow cytometry (FC),20210317
385428,CD63 (NKI/C3) Ag [+/-] in Tissue by Immune stain,20221101
385469,CD64 [%cells/100 cells] in XXX,20240501
385048,CD68 Ag [+/-] in Tissue by Immune stain,20201102
385190,CD7 Ag [+/-] in Tissue by Immune stain,20210401
385325,CD70 Ag [+/-] in Tissue by Immune stain,20210601
385232,CD71 Ag [+/-] in Tissue by Immune stain,20210401
385049,CD74 Ag [+/-] in Tissue by Immune stain,20201102
385463,CD79 [+/-] in Tissue by immune stain,20240401
385050,CD79a Ag [+/-] in Tissue by Immune stain,20201102
360348,CD79b molecule immunoglobulin-associated beta [+/-] in Tissue by Immune stain,20240401
385034,CD8 Ag [+/-] in Tissue by Immune stain,20201102
340041,CD8 cells [cells/uL] in Blood,20210503
385051,CD99 Ag [+/-] in Tissue by Immune stain,20201102
385446,CDH17 Ag [+/-] in Tissue by Immune stain,20230703
370086,CDKN2A gene deletion [+/-] in Blood or Tissue by Molecular genetics method,20230703
385056,CDW75 Ag [+/-] in Tissue by Immune stain,20201102
385057,CDX2 Ag [+/-] in Tissue by Immune stain,20201102
330170,ceFAZolin [ug/mL] in Serum or Plasma,20200901
330171,cefTAZidime [ug/mL] in Serum or Plasma,20200901
300080,Cell count and Differential panel in XXX specimen,20200518
370070,Cells.chromosome 12 trisomy/Cells counted in Blood or Tissue by FISH,20220301
370021,Cells.chromosome region 17p13.1 deletion/Cells counted in Blood or Tissue by FISH,20210503
330151,Centers for Environmental Health volatile organic compounds panel [mg/dL] in Serum or Plasma,20210401
360054,Centromere Ab [Titer] in Serum,20191011
360053,Centromere Ab [Titer] in Serum by Immunofluorescence,20191011
360055,Centromere Ab [U/mL] in Serum,20191011
360275,Centromere protein B Ab [+/-] in Serum,20210813
320661,Cerebroside sulfatase [nmol/hr/mg of protein] in Leukocytes,20231201
320119,Ceruloplasmin [g/L; mg/dL] in Serum or Plasma,20200505
P38181,"Cervical conization, LEEP",20201102
381107,CFTR gene mutations found [Identifier] in Blood or Tissue by Molecular genetics method Nominal,20201001
300226,Charcot-leyden crystals in XXX specimen by Trichrome stain,20220301
320673,Chemokine (C-C motif) ligand 2 (MCP-1) [pg/ml] in Serum or Plasma,20250102
370020,CHIC2 gene 4q12 deletion in Blood or Tissue by FISH,20210401
350115,Chikungunya virus Ab [+/-] in Serum,20191011
350116,Chikungunya virus Ab [+/-] in Serum by Hemagglutination inhibition,20191011
300067,Chikungunya virus IgG Ab [+/-] in Serum by Immunoassay,20200505
300068,Chikungunya virus IgM Ab [+/-] in Serum by Immunoassay,20200505
350835,Chikungunya virus IgM Ab [Titer] in Serum or Plasma by Immunofluorescence,20210104
350114,Chikungunya virus RNA [+/-] in Serum or Plasma by NAA with probe detection,20191011
350113,Chikungunya virus RNA [+/-] in XXX specimen by NAA with probe detection,20191011
350989,Chikungunya virus RNA [copies/mL] in XXX specimen by NAA with probe detection,20210317
381368,Chimerism test in XXX Specimen by Capillary electrophoresis,20221003
385059,Chlamydia Ag [+/-] in Tissue by Immune stain,20201102
351250,Chlamydia pneumoniae DNA [copie/mL] in XXX by Probe amp.target,20230803
351058,Chlamydia sp IgG Ab [Titer] in Serum by Immunofluorescence,20210503
350915,Chlamydia sp IgM Ab [+/-] in Serum,20210201
351059,Chlamydia sp IgM Ab [Titer] in Serum by Immunofluorescence,20210503
350836,Chlamydia trachomatis [+/-] in XXX specimen by Organism specific culture,20210104
350622,Chlamydia trachomatis Ag [+/-] in Blood,20200601
350623,Chlamydia trachomatis Ag [+/-] in Blood by Immunofluorescence,20201102
350121,Chlamydia trachomatis Ag [+/-] in Conjunctival specimen,20191011
350120,Chlamydia trachomatis Ag [+/-] in XXX specimen,20191011
350122,Chlamydia trachomatis DNA [+/-] in Cervix by NAA with probe detection,20191011
350123,Chlamydia trachomatis DNA [+/-] in Urethra by NAA with probe detection,20191011
350124,Chlamydia trachomatis DNA [+/-] in Vaginal fluid by NAA with probe detection,20191011
350837,Chlamydia trachomatis DNA [+/-] in XXX specimen by NAA with probe detection,20210104
350624,Chlamydia trachomatis IgG [+/-] in Blood by Immunofluorescence,20201102
351027,Chlamydia trachomatis IgG Ab [+/-] in Serum by Immunoassay,20210503
350625,Chlamydia trachomatis IgM [+/-] in Blood by Immunofluorescence,20201102
351155,Chlamydia trachomatis+Neisseria gonorrhoeae rRNA [+/-] in Genital specimen by Probe,20220105
350119,Chlamydophila pneumoniae DNA [+/-] in Nasopharynx by NAA with probe detection,20191011
350118,Chlamydophila pneumoniae DNA [+/-] in Sputum or Bronchial by Probe with amplification,20191011
350117,Chlamydophila pneumoniae DNA [+/-] in XXX specimen by NAA with probe detection,20191011
351028,Chlamydophila pneumoniae IgG Ab [+/-] in Serum by Immunoassay,20210503
350787,Chlamydophila pneumoniae IgG and IgM in Serum,20201116
351029,Chlamydophila pneumoniae IgM Ab [+/-] in Serum by Immunoassay,20210503
385306,Chlamydophila psittaci IgA and IgG and IgM in Serum,20210301
351030,Chlamydophila psittaci IgM Ab [+/-] in Serum by Immunoassay,20210503
350759,Chlamydophila sp Ab [+/-] in Serum by Immunofluorescence,20201001
330477,Chloral hydrate [+/-] in Urine,20220201
360299,Chlorhexidine IgE Ab [k[IU]/L] in Serum,20241001
320390,Chloride [mg/dL] in Cerebral spinal fluid,20200616
320425,Chloride [mmol/24hr] in 24 hour Urine,20201001
320306,Chloride [mmol/L] in 24 hour Urine,20200417
320271,Chloride [mmol/L] in Body fluid,20200217
320278,Chloride [mmol/L] in Cerebral spinal fluid,20200317
320307,Chloride [mmol/L] in Dialysis fluid,20200417
320006,Chloride [mmol/L] in Serum or Plasma,20191011
320308,Chloride [mmol/L] in Stool,20200417
320007,Chloride [mmol/L] in Urine,20191011
320008,Chloride [mmol/L] in XXX specimen,20191011
330408,Chlorinated hydrocarbon in XXX specimen,20210716
330059,Chloroform [ug/L] in Serum or Plasma,20191011
330323,Chloroform [ug/L] in Urine,20210317
330172,Chlorpheniramine [nmol/L] in XXX specimen,20200901
330173,chlorproMAZINE [+/-] in Urine,20200901
330340,chlorproPAMIDE [+/-] in Urine,20210317
320330,Cholecalciferol (Vit D3) [ng/mL] in Serum or Plasma,20200417
320568,Cholecalciferol (Vit D3) [ug/L] in Serum or Plasma,20210802
320276,Cholesterol [mg/dL] in Body fluid,20200317
320070,Cholesterol [mg/dL] in Serum or Plasma,20191011
320533,Cholesterol [mg/dL] in Synovial fluid,20210317
320071,Cholesterol in HDL [mg/dL] in Serum or Plasma,20191011
320293,Cholesterol in LDL [mg/dL] in Serum or Plasma by calculation,20200317
320073,Cholesterol in LDL [mg/dL] in Serum or Plasma by Direct assay,20191011
320674,Cholesterol in LDL 1 [mg/dL] in Serum or Plasma,20240604
320675,Cholesterol in LDL 2 [mg/dL] in Serum or Plasma,20240604
320676,Cholesterol in LDL 3 [mg/dL] in Serum or Plasma,20240604
320677,Cholesterol in LDL 4 [mg/dL] in Serum or Plasma,20240604
320678,Cholesterol in LDL 5 [mg/dL] in Serum or Plasma,20240604
320680,Cholesterol in LDL 6 [mg/dL] in Serum or Plasma,20240604
320679,Cholesterol in LDL 7 [mg/dL] in Serum or Plasma,20240604
320492,Cholesterol in VLDL [mg/dL] in Serum or Plasma by calculation,20210118
320121,Cholinesterase [Unit/L] in Red Blood Cells,20191011
320120,Cholinesterase [Unit/L] in Serum or Plasma,20191011
310012,Choriogonadotropin (pregnancy test) [+/-] in Urine,20191011
320249,Choriogonadotropin [mIU/mL] in Serum or Plasma,20191011
320400,Choriogonadotropin [miU/mL] in Serum or Plasma by Immunoassay,20200701
320250,Choriogonadotropin [mIU/mL] in Urine,20191011
320503,Choriogonadotropin.beta subunit [+/-] in Specimen,20210201
320237,Choriogonadotropin.beta subunit [IU/L; mU/mL] in Serum or Plasma,20191011
320238,Choriogonadotropin.beta subunit [IU/L] in CSF,20191011
385018,Choriogonadotropin.beta subunit Ag [+/-] in Tissue by Immune stain,20201102
320504,Choriogonadotropin.beta subunit free [ng/mL] in Serum or Plasma,20210201
330060,Chromium [mg/dL; ug/L] in Serum or Plasma,20200505
330061,Chromium [mg/dL] in Urine,20191011
330154,Chromium [mg/L] in XXX specimen,20210104
330271,Chromium [ng/mL] in Blood,20210104
320253,Chromogranin A [nmol/L] in Serum or Plasma,20191011
320254,Chromogranin A [U/L] in Serum or Plasma by Immunoassay,20191011
320252,Chromogranin A [ug/L;ng/mL] in Serum or Plasma,20191011
385060,Chromogranin A Ag [+/-] in Tissue by Immune stain,20201102
370072,Chromosome 12 trisomy and chromosome region 11q22.3 and 13q14 and 17p13.1 deletion in Blood or Tissue by FISH,20220301
370071,Chromosome 12 trisomy and chromosome region 11q22.3 and 13q14 and 17p13.1 deletion in Bone marrow by FISH,20220301
370073,Chromosome 12 trisomy and chromosome region 11q22.3 and 13q14 and 17p13.1 deletion in XXX specimen by FISH,20220301
370078,Chromosome 13+18+21+X+Y aneuploidy in Amniotic fluid by Quantitative Fluorescence - Polymerase Chain Reaction (QF-PCR),20221003
370093,Chromosome 13+18+21+X+Y aneuploidy in Blood by Molecular genetics method Nominal,20240501
370013,Chromosome 13+18+21+X+Y aneuploidy in Blood or Tissue by FISH Nominal,20221003
370077,Chromosome 17p13.1 deletion and 14q32 rearrangements in Bone marrow by FISH,20220701
370031,Chromosome 3 copy number/nucleus in Blood or Tissue by FISH,20210716
370012,Chromosome analysis in Amniotic fluid or Chorionic villus sample by Microarray,20201001
370063,Chromosome analysis in Blood or Tissue by Microarray,20230501
381003,Chromosome analysis panel - Amniotic fluid by G-banded,20191011
381004,Chromosome analysis panel - Chorionic villus sample by G-banded,20191011
370008,Chromosome analysis panel - XXX Specimen by G-banded,20200601
370088,Chromosome analysis.interphase [Interpretation] in Blood by FISH Narrative,20230803
381355,Chromosome aneuploidy details in Blood or Tissue by Molecular genetics method Narrative,20220301
381002,Chromosome breakage [Identifier] in Blood by Diepoxybutane Narrative,20191011
381001,Chromosome breakage [U/mL] in Blood by Diepoxybutane,20191011
370014,Chromosome breakage in Blood by Mitomycin C,20210216
370100,Chromosome region 13q14 deletion in Bone marrow by FISH,20250203
370025,Chromosome region 15q11-13 deletion and duplication mutation analysis (Prader-Willi syndrome) in Blood by FISH,20211001
370042,Chromosome region 15q11-13 deletion and duplication mutation analysis (Prader-Willi syndrome) in Cord blood by FISH,20211001
381055,Chromosome region 15q11-13 deletion and duplication mutation analysis in Amniotic fluid or Chorionic villus sample by FISH,20191011
370090,Chromosome region 1p36 deletion in Blood or Tissue by FISH,20240201
370022,Chromosome region 1q21 duplication in Bone marrow by FISH,20210503
370024,Chromosome region 22q11.2 deletion and duplication mutation analysis (Digorge syndrome) in Blood or Tissue by FISH,20210503
370028,Chromosome region 6q22 rearrangements (ROS1) in Tissue by FISH,20210623
370026,Chromosome region 7q11.23 deletion (Williams syndrome) in Blood or Tissue by FISH,20210503
370037,Chromosome region 7q11.23 deletion (Williams syndrome) in Cord blood by FISH,20211001
370038,Chromosome region 7q11.23 deletion (Williams syndrome) in Peripheral blood by FISH,20211001
370039,Chromosome region 7q11.23 deletion (Williams syndrome) in XXX specimen by FISH,20211001
320570,Chylomicrons [mg/dL] in Serum or Plasma,20210802
385441,Chymotrypsin Ag [+/-] in Tissue by Immune stain,20221201
300170,Ciliated columnar lining cells/100 leukocytes [%] in Body fluid,20210104
320054,Citrate [mg/dL] in 24 hour Urine,20200505
320053,Citrate [mg/L] in 24 hour Urine,20191011
320538,Citrate [ug/mL] in Urine,20210401
360185,Cladosporium herbarum IgE Ab [kU/L] in Serum,20210118
360239,Clam IgE Ab [U/L] in Serum,20210401
390046,Clarity of Semen,20210503
385233,Claudin-1 Ag [+/-] in Tissue by Immune stain,20210401
385481,Claudin-4 Ag [+/-] in Tissue by Immune stain,20240902
330245,Clinical research drug XXX [ng/mL] in Plasma,20201116
330500,Clinical research drug XXX [ng/ml] in Urine,20220901
330383,Clobetasol [+/-] in XXX specimen,20210618
330233,Clomipramine [ng/mL] in Serum or Plasma,20201116
330279,clomiPRAMINE [ng/mL] in Serum or Plasma by Ultra-performance liquid chromatography with Photo diode array detector,20210118
330280,clonazePAM [ng/mL] in Serum or Plasma,20210118
330281,clonazePAM [ng/mL] in Serum or Plasma by Confirmatory method,20210118
351204,Clostridioides difficile glutamate dehydrogenase [+/-] in Stool by Immunoassay,20220502
350559,Clostridioides difficile toxin A [+/-] in Stool by Immunoassay,20220502
350838,Clostridioides difficile toxin B tcdB gene [+/-] in Stool by NAA with probe detection,20210104
360229,Clostridium botulinum toxin A Ab [+/-] in Serum,20210317
350020,Clostridium difficile toxin A+B [+/-] in Stool,20191011
350021,Clostridium difficile toxin A+B [+/-] in Stool by Immunoassay,20191011
360089,Clostridium tetani toxoid IgG Ab [U/mL] in Serum or Plasma by Immunoassay,20191011
308012,Clot Lysis [Time] in Platelet poor plasma by Coagulation assay,20191011
308010,Clot Retraction [Time] in Blood by Coagulation assay,20191011
308045,Clotting time of Blood by Heparin protamine titration,20191011
308043,Clotting time of Blood by Lee White method,20191011
308044,Clotting time of Blood by Thromboelastography,20191011
330394,cloZAPine [+/-] in Serum or Plasma,20210623
330443,cloZAPine [ng/mL] in Serum or Plasma,20220105
330458,cloZAPine+Norclozapine [ng/mL] in Serum or Plasma,20220105
385280,Clusterin Ag [+/-] in Tissue by Immune stain,20210401
300228,CMV gene mutations detected [Identifier],20220401
381407,c-MYB Ag in Tissue by Immune stain,20240701
385067,c-myc Ag [+/-] in Tissue by Immune stain,20201102
370054,CMYC gene rearrangements [+/-] in Tissue by FISH,20211101
308014,Coagulation factor IX activity actual/normal in Platelet poor plasma by Coagulation assay [%],20191011
308049,Coagulation factor IX inhibitor [+/-] in Platelet poor plasma by Coagulation assay,20191011
308015,Coagulation factor IX inhibitor [U/mL] in Platelet poor plasma by Coagulation assay,20191011
308016,Coagulation factor V activity actual/normal in Platelet poor plasma by Coagulation assay [%],20191011
308017,Coagulation factor VII activity actual/normal in Platelet poor plasma by Coagulation assay [%],20191011
308018,Coagulation factor VIII activity actual/normal in Platelet poor plasma by Coagulation assay [%],20191011
385083,Coagulation factor VIII Ag [+/-] in Tissue by Immune stain,20201102
308050,Coagulation factor VIII inhibitor [+/-] in Platelet poor plasma by Coagulation assay,20191011
308019,Coagulation factor VIII inhibitor [U/mL] in Platelet poor plasma by Coagulation assay,20191011
308061,Coagulation factor X activated [U/dL] in Platelet poor plasma by Coagulation assay,20200601
308020,Coagulation factor X activated actual/normal in Platelet poor plasma by Chromogenic method [%],20191011
308021,Coagulation factor XI activity actual/normal in Platelet poor plasma by Coagulation assay [%],20191011
308022,Coagulation factor XII activity actual/normal in Platelet poor plasma by Coagulation assay [%],20191011
308088,Coagulation factor XIII [%] in Blood,20210601
308089,Coagulation factor XIII activated [U/mL] in Platelet poor plasma by Coagulation assay,20210618
385206,Coagulation factor XIII Ag [+/-] in Tissue by Immune stain,20210401
308051,Coagulation factor XIII coagulum dissolution at 24 hours [+/-] in Platelet poor plasma by Coagulation assay,20191011
310057,Coarse Granular Casts [Cells/LPF] in Urine sediment by Microscopy low power field,20210118
320091,Cobalamin (Vitamin B12) [pg/mL] in Serum or Plasma,20191011
320092,Cobalamin (Vitamin B12) [pmol/L] in Serum or Plasma,20200217
320623,Cobalt [mg/L] in Specimen,20220701
330314,Cobalt [ng/mL] in Urine,20210301
330234,Cobalt [umol/L] in Blood,20201116
330282,Cocaine [+/-] in Urine by Screen method,20210118
330444,Cocaine [ng/mL] in Blood by Confirmatory method,20220105
330459,Cocaine [ng/mL] in Postmortem Serum or Plasma,20220105
330460,Cocaine [ng/mL] in Postmortem Urine,20220105
330461,Cocaine [ng/mL] in Serum or Plasma,20220105
330164,Cocaine [ng/mL] in Urine,20200616
330356,Cocaine [ng/mL] in XXX specimen by Confirmatory method,20210401
360327,Cockroach native (nBla g) 7 IgE Ab [kU/L] in Serum,20230601
360253,Coconut IgE Ab [kU/L] in Serum,20210618
330445,"Codeine [ng/mL] in Serum, Plasma or Blood by Confirmatory method",20220105
330446,Codeine [ng/mL] in Urine by Confirmatory method,20220105
330341,Codeine Free [ng/mL] in Serum or Plasma,20210317
360304,Codeine IgE Ab [IU/L] in Serum,20220201
360103,Codfish IgE Ab [kU/L] in Serum,20200505
385319,Col 1A1 Ag [+/-] in Tissue by Immune stain,20210401
370058,COL 1A1/PDGFB gene rearrangement [+/-] in Tissue by FISH,20211101
300005,Cold agglutinin [+/-] in Serum or Plasma,20191011
330174,Colistin [ug/mL] in Serum or Plasma,20200901
320044,Collagen crosslinked C-telopeptide [ng/mL] in Serum or Plasma,20191011
P38416,Collagen fibers+Elastic fibers.microscopic observation in Tissue by Verhoeff-Van Gieson stain,20210802
385068,Collagen type 4 Ag [+/-] in Tissue by Immune stain,20201102
385069,Collagen type 6 Ag [+/-] in Tissue by Immune stain,20201102
360328,Collagen type VII IgG Ab [+/-] in Serum or Plasma by Immunoassay,20230601
P38107,"Colon, colectomy",20201102
P38108,"Colon, colectomy with node dissection",20201102
300227,Colony count in XXX specimen by Visual count,20220301
310033,Color [Type] of Urine,20200601
390028,Color of Body fluid,20200701
390045,Color of Semen,20210503
390006,Color of Stool,20200505
360262,Common wasp recombinant (rVes v) 5 IgE Ab RAST class [+/-] in Serum,20210623
360207,Complement C1 esterase inhibitor [mg/dL] in Serum or Plasma,20210301
360259,Complement C1 esterase inhibitor.functional [+/-] in Serum or Plasma,20210618
360263,Complement C1q [mcg/mL] in Serum or Plasma,20210623
360269,Complement C1q Ab [+/-] in Serum,20210716
360083,Complement C3 [+/-] in Serum or Plasma,20191011
360084,Complement C3 [mg/dL; g/L] in Serum or Plasma,20200417
360155,Complement C3 Ag [mg/dl;g/L] in Tissue by Immune stain,20201001
360080,Complement C4 [mg/dL; g/L] in Serum or Plasma,20200417
350560,Complement C4 [U/mL] in Serum or Plasma,20200505
360296,Complement C4d [mg/dL] in Plasma by Immunoassay,20211201
360156,Complement total hemolytic [U/L] in Blood,20201001
360081,Complement total hemolytic CH50 [mg/dL] in Serum or Plasma,20191011
360082,Complement total hemolytic CH50 [U/mL] in Serum or Plasma,20191011
P38434,Comprehensive Genomic Profile (CGP) [+/-] in Tissue by Molecular Pathology,20230201
381386,Comprehensive Genomic Profiling CGP in FFPE Tissue by Next generation sequencing,20230301
381387,Comprehensive Genomic Profiling CGP in Fresh Frozen Tissue by Next generation sequencing,20230301
390021,Consistency of Stool,20200601
330064,Copper [mg/dL; mg/L] in 24 hour Urine,20200601
330062,Copper [mg/dL; ug/dL] in Serum or Plasma,20200417
330063,Copper [mg/dL] in Urine,20191011
330175,Copper [umol/L] in XXX specimen,20200901
P38419,Copper.microscopic observation in Tissue by Rhodamine stain,20210802
320521,Coproporphyrin [ug/L;mcg/L;ng/mL] in Urine,20210301
330311,Coproporphyrin 3 [nmol/L] in Urine,20210216
360318,Corn IgE Ab [kU/L] in Serum,20221101
320176,Corticotropin [pg/mL] in Plasma,20191011
320177,Corticotropin [pg/mL] in Plasma by Radioimmunoassay (RIA),20191011
385002,Corticotropin Ag [+/-] in Tissue by Immune stain,20201102
328001,Cortisol [mcg/dL] in Serum or Plasma - post 1 mg corticotropin -Panel,20191011
328002,Cortisol [mcg/dL] in Serum or Plasma - post 250 mcg corticotropin IV rapid-Panel,20191011
320186,"Cortisol [ng/mL, ug/dL] in Serum or Plasma by Immunoassay",20200417
320335,Cortisol [nmol/L] in Serum or Plasma by Immunoassay,20200505
320185,Cortisol [ug/day] in Serum or Plasma,20191011
320187,Cortisol [ug/dL; ng/mL] in Urine,20200505
320188,Cortisol [ug/dL] in 24 hour Urine,20191011
320416,Cortisol [ug/dL] in Saliva (oral fluid),20210317
320620,Cortisol 1 hour post 250 ug corticotropin IM  [ug/dL] in Serum or Plasma,20220601
320621,Cortisol 30 minutes post 250 ug corticotropin IM [ug/dL] in Serum or Plasma,20220601
320192,Cortisol Free [ug/day; ug/day/gm C] in 24 hour Urine,20191011
320193,Cortisol Free [ug/day; ug/day/gm C] in 24 hour Urine by Radioimmunoassay (RIA),20191011
351156,Corynebacterium diphtheriae IgG Ab [Units/mL] in Serum,20220105
330493,Cotinine [+/-] in Urine by Screen method,20220301
360157,Cow milk Ab [+/-] in Serum by Immune diffusion (ID),20201001
360104,Cow milk IgE Ab [kU/L] in Serum,20200505
360105,Cow whey IgE Ab [kU/L] in Serum,20200505
350839,Coxsackievirus A Ab [Titer] in Serum,20210104
351067,Coxsackievirus A Ab [U/mL] in Serum,20210503
351284,Coxsackievirus A10 RNA [copies/mL] in XXX by NAA with probe detection,20240801
350995,Coxsackievirus A16 RNA [copies/mL] in XXX specimen by NAA with probe detection,20210317
350996,Coxsackievirus A24 RNA [copies/mL] in XXX specimen by NAA with probe detection,20210317
351280,Coxsackievirus A6 RNA [copies/mL] in XXX by NAA with probe detection,20240801
351034,Coxsackievirus RNA [+/-] in Blood or Plasma by NAA with probe detection,20210503
350990,Coxsackievirus RNA [copies/mL] in XXX specimen by NAA with probe detection,20210317
381046,CPEO syndrome gene mutations found [Identifier] in Blood or Tissue by Molecular genetics method Nominal,20191011
360106,Crab IgE Ab [kU/L] in Serum,20200505
320577,Creatine kinase [IU/L] in Body fluid,20211001
320576,Creatine kinase [U/L] in Pericardial fluid,20211001
320578,Creatine kinase [U/L] in Peritoneal fluid,20211001
320574,Creatine kinase [U/L] in Pleural fluid,20211001
320123,Creatine kinase [U/L] in Serum or Plasma,20191011
320564,Creatine kinase isoenzymes in Serum or Plasma Narrative,20210716
320122,Creatine kinase.MB [ng/mL] in Serum or Plasma,20191011
320417,Creatine kinase.MB [ng/mL] in Serum or Plasma by Immunoassay,20200901
320579,Creatine kinase.MB [U/L] in Ascitic fluid,20211001
320336,Creatine kinase.MB [U/L] in Serum or Plasma,20200505
320056,Creatinine [mg/day; gm/day; ml/min] in 24 hour Urine,20200417
320277,Creatinine [mg/dL] in Body fluid,20200317
320391,Creatinine [mg/dL] in Peritoneal dialysis fluid,20200616
320309,Creatinine [mg/dL] in Peritoneal fluid 24 hours post peritoneal dialysis,20200417
320055,Creatinine [mg/dL] in Serum or Plasma,20191011
320057,Creatinine [mg/dL] in Urine,20200217
320641,Creatinine [mmol/24H] in 24 hour Dialysis fluid,20230103
320392,Creatinine 24 hour specimen [mg/dL] in Peritoneal dialysis fluid,20220601
320553,Creatinine clearance [mL/min] in Peritoneal dialysis fluid,20210601
320273,Creatinine renal clearance [mL/min] in 24 hour Urine and Serum or Plasma,20200417
320351,Creatinine renal clearance in Urine and Serum or Plasma collected for unspecified duration,20200518
320539,Creatinine renal clearance/1.73 sq M in 24 hour Urine and Serum or Plasma,20210401
220018,Cross matching by Gel method,20210618
220017,Cross matching by Tube method,20210618
220092,Crossmatch for HLA Compatible Platelets,20210618
320169,Cryofibrinogen [+/-] in Plasma,20191011
320126,Cryoglobulin [+/-] in Serum,20191011
320440,Cryoglobulin [+/-] in Serum by 1 week cold incubation,20201116
B23455,Cryoprecipitate,20210618
B23465,Cryoprecipitate (NAT),20210618
B23403,Cryoprecipitate (NAT) (สภากาชาด),20210618
B23458,Cryo-Removed Plasma ,20210618
B23459,Cryo-Removed Plasma (NAT) ,20210618
B23402,Cryo-Removed Plasma (NAT) (สภากาชาด),20210618
350376,Cryptococcus sp Ag [+/-] in Cerebral spinal fluid,20210503
350378,Cryptococcus sp Ag [+/-] in Cerebral spinal fluid by Latex agglutination,20210503
350377,Cryptococcus sp Ag [+/-] in Serum,20191011
350375,Cryptococcus sp Ag [+/-] in Serum by Latex agglutination,20191011
350840,Cryptococcus sp Ag [+/-] in XXX specimen,20210301
350500,Cryptococcus sp Ag [+/-] in XXX specimen by Latex agglutination,20210301
350405,Cryptococcus sp Ag [Titer] in Cerebral spinal fluid,20210503
350406,Cryptococcus sp Ag [Titer] in Serum,20191011
350404,Cryptococcus sp Ag [Titer] in XXX specimen,20191011
385070,Cryptosporidium Ag [+/-] in Tissue by Immune stain,20201102
350816,Cryptosporidium Cyclospora and Cystoisospora in XXX specimen by Modified Cold Kinyoun Acid fast stain,20201201
350420,Cryptosporidium sp [+/-] in Stool by Acid fast stain,20191011
350414,Cryptosporidium sp [+/-] in Stool by Giemsa's stain,20201102
350419,Cryptosporidium sp [+/-] in XXX specimen by Acid fast stain,20191011
350415,Cryptosporidium sp [+/-] in XXX specimen by Giemsa's stain,20201102
320552,Crystal in Synovial fluid by Light microscopy,20210601
310058,Crystals [Cells/HPF] in Urine sediment by Microscopy high power field,20210118
310034,Crystals [type] in Urine sediment by Light microscopy,20200601
300083,Crystals in Body fluid by Light microscopy,20200518
381220,CTNNB1 gene mutations found [Identifier] in Blood or Tissue by Molecular genetics method Nominal,20210201
381022,CTNS gene targeted mutation analysis in Blood or Tissue by Molecular genetics method,20191011
385352,CX3CR1 Ag [+/-] in Tissue by Immune stain,20210618
385320,CXCL13 Ag [+/-] in Tissue by Immune stain,20210401
385452,Cxorf67 Ag [+/-] in Tissue by Immune stain,20231002
330283,Cyanide [+/-] in Gastric fluid,20210118
330412,Cyanide [+/-] in Urine,20210802
330065,Cyanide [mg/L] in Serum or Plasma,20191011
330066,Cyanide [mg/L] in Urine,20191011
330068,Cyanide [mg/L] in XXX specimen,20191011
330067,Cyanide [ug/dL] in Gastric fluid,20191011
381249,CYB5R3 gene full mutation analysis,20210317
381054,CYBA gene targeted mutation analysis in Blood or Tissue by Molecular genetics method,20191011
360066,Cyclic citrullinated peptide IgG Ab [U/mL] in Serum or Plasma,20191011
385071,Cyclin Ag [+/-] in Tissue by Immune stain,20201102
385453,Cyclin B1 [+/-] in Tissue by Immune stain,20231002
385499,Cyclin B3 Ag [+/-] in Tissue by Immune stain,20250102
370055,Cyclin D1 gene rearrangements [+/-] in Tissue by FISH,20211101
385327,Cyclin-dependent kinase 4 (CDK4) [+/-] in Cancer specimen by Immune stain,20210601
330312,Cyclohexane [+/-] in Blood,20210216
330478,Cyclohexane [+/-] in Urine,20220201
330235,Cyclohexanol [mg/L] in Urine,20201116
385281,Cyclooxygenase 2 (COX-2) Ag [+/-] in Tissue by Immune stain,20211001
330532,Cyclophosphamide [ng/L] in Serum or Plasma,20230703
330069,Cyclosporine [ug/L;ng/ml] in Blood,20200417
385426,CYP11B1 Ag [+/-] in Tissue by Immune stain,20221101
381177,CYP11B1 gene full mutation analysis in Blood or Tissue by Sequencing,20210104
381034,CYP11B1 gene mutations found [Identifier] in Blood or Tissue by Molecular genetics method Nominal,20191011
385427,CYP11B2 Ag [+/-] in Tissue by Immune stain,20221101
385429,CYP17 Ag [+/-] in Tissue by Immune stain,20221101
381328,CYP1A2 gene targeted mutation analysis in Blood or Tissue by Molecular genetics method,20220201
381108,CYP21A2 gene mutations tested for in Blood or Tissue by Molecular genetics method Nominal,20220201
381401,CYP2A6 in Blood or Tissue by Molecular genetics,20240401
381329,CYP2B6 gene targeted mutation analysis in Blood or Tissue by Molecular genetics method,20220201
381136,CYP2C19 gene mutations found [Identifier] in Blood or Tissue by Molecular genetics,20201201
381020,CYP2C19 gene targeted mutation analysis in Blood by Molecular genetics method Narrative,20191011
381021,CYP2C9 gene mutations found [Identifier] in Blood or Tissue by Molecular genetics method Nominal,20191011
381109,CYP2D6 gene targeted mutation analysis in Blood or Tissue by Molecular genetics method,20201001
381403,CYP2D6 in Blood or tissue by real time PCR,20240401
381330,CYP3A4 gene targeted mutation analysis in Blood or Tissue by Molecular genetics method,20220201
381110,CYP3A5 gene c.6986A>G(*3) [+/-] in Blood or Tissue by Molecular genetics method,20201001
320428,Cystatin C [mg/L] in Serum or Plasma,20201001
320442,Cytochrome B5 reductase [U/g Hgb] in Red Blood Cells,20201116
320665,Cytokeratin 10 Ag [+/-] in Tissue by Immune stain,20240401
385408,Cytokeratin 12/7 Ag [+/-] in Corneal epithelium by Immunofluorescence assay,20220401
385234,Cytokeratin 14 Ag [+/-] in Tissue by Immune stain,20210401
385235,Cytokeratin 17 Ag [+/-] in Tissue by Immune stain,20210401
385339,Cytokeratin 18 Ag [+/-] in Tissue by Immune stain,20210618
320429,Cytokeratin 19 [U/L] in Serum or Plasma,20201001
385064,Cytokeratin 19 Ag [+/-] in Tissue by Immune stain,20201102
385065,Cytokeratin 20 Ag [+/-] in Tissue by Immune stain,20201102
385409,Cytokeratin 3/12 Ag [+/-] in Corneal epithelium by Immunofluorescence assay,20220401
385410,Cytokeratin 3/7 Ag [+/-] in Corneal epithelium by Immunofluorescence assay,20220401
385236,Cytokeratin 5 Ag [+/-] in Tissue by Immune stain,20210401
385061,Cytokeratin 5/6 Ag [+/-] in Tissue by Immune stain,20201102
385062,Cytokeratin 7 Ag [+/-] in Tissue by Immune stain,20201102
385063,Cytokeratin 8 Ag [+/-] in Tissue by Immune stain,20211101
385312,Cytokeratin 8/18 Ag [+/-] in Tissue by Immune stain,20210401
385004,Cytokeratin AE1/AE3 Ag [+/-] in Tissue by Immune stain,20201102
385028,Cytokeratin Cam5.2 Ag [+/-] in Tissue by Immune stain,20201102
370065,Cytoketatin HMW Ag [+/-] in Tissue by Immune stain,20220201
300251,Cytology report of Breast fine needle aspirate Cyto stain,20230703
385401,Cytology report of Cervical or vaginal smear or scraping Cyto stain.thin prep,20211101
350841,Cytomegalovirus [+/-] in XXX specimen by Shell vial culture,20210104
350126,Cytomegalovirus Ab [+/-] in Serum or Plasma,20191011
350626,Cytomegalovirus Ag [+/-] in Bronchoalveolar lavage by Immunofluorescence,20200601
350627,Cytomegalovirus Ag [+/-] in Serum or Plasma by Immunoassay,20200601
350628,Cytomegalovirus Ag [+/-] in Serum or Plasma by Immunofluorescence,20200601
385066,Cytomegalovirus Ag [+/-] in Tissue by Immune stain,20201102
350129,Cytomegalovirus Ag [+/-] in XXX specimen,20191011
350130,Cytomegalovirus Ag [+/-] in XXX specimen by Immunofluorescence,20191011
351186,Cytomegalovirus DNA [+/-] in Blood by NAA with probe detection,20220401
351009,Cytomegalovirus DNA [+/-] in Cerebral spinal fluid by NAA with probe detection,20210401
350604,Cytomegalovirus DNA [+/-] in Serum or Plasma by NAA with probe detection,20200518
350842,Cytomegalovirus DNA [+/-] in XXX specimen by NAA with probe detection,20210104
351298,Cytomegalovirus DNA [copies/ml] (viral load) in Amniotic fluid by NAA with probe detection,20240902
350127,Cytomegalovirus DNA [copies/mL] (viral load) in Serum or Plasma by NAA with probe detection,20191011
350614,Cytomegalovirus DNA [copies/mL] (viral load) in Urine by NAA with probe detection,20200518
350128,Cytomegalovirus DNA [copies/mL] (viral load) in XXX specimen by NAA with probe detection,20191011
351269,Cytomegalovirus DNA [copies/mL] in Tissue by NAA with probe detection ,20240301
350783,Cytomegalovirus DNA [IU/mL] (viral load) in Plasma by NAA with probe detection,20201102
351124,Cytomegalovirus IgG Ab [+/-] in Cerebral spinal fluid,20210813
350697,Cytomegalovirus IgG Ab [+/-] in Serum or Plasma,20200701
350726,Cytomegalovirus IgG Ab [+/-] in Serum or Plasma by Immunoassay,20200803
350706,Cytomegalovirus IgG Ab [AU/mL] in Serum or Plasma by Immunoassay,20200701
351041,Cytomegalovirus IgG Ab [Titer] in Cerebral spinal fluid by Immunofluorescence,20210503
350742,Cytomegalovirus IgG Ab [Titer] in Serum or Plasma by Immunofluorescence,20200803
350970,Cytomegalovirus IgG Ab [U/mL] in Cerebral spinal fluid by Immunoassay,20210317
350561,Cytomegalovirus IgG Ab [U/mL] in Serum or Plasma,20210623
351125,Cytomegalovirus IgM Ab [+/-] in Cerebral spinal fluid,20210813
350698,Cytomegalovirus IgM Ab [+/-] in Serum or Plasma,20240801
350727,Cytomegalovirus IgM Ab [+/-] in Serum or Plasma by Immunoassay,20240801
350707,Cytomegalovirus IgM Ab [AU/mL] in Body fluid by Immunoassay,20240801
351042,Cytomegalovirus IgM Ab [Titer] in Cerebral spinal fluid by Immunofluorescence,20210503
351036,Cytomegalovirus IgM Ab [Titer] in Serum or Plasma by Immunofluorescence,20210503
350977,Cytomegalovirus IgM Ab [U/mL] in Cerebral spinal fluid by Immunoassay,20210317
350562,Cytomegalovirus IgM Ab [U/mL] in Serum or Plasma,20210623
385207,D2-40 Ag [+/-] in Tissue by Immune stain,20210401
330384,Dabigatran [ng/mL] in Platelet poor plasma by Chromogenic method,20210618
300153,Dacrocytes [+/-] in Blood by Light microscopy,20200701
330539,Daratumumab [+/-] in Serum by Immunofixation,20231201
330236,Darunavir [ng/mL] in Serum or Plasma,20201116
370057,DDIT3 (CHOP) (12q13) gene rearrangement [+/-] in Tissue by FISH,20211101
320189,Dehydroepiandrosterone sulfate (DHEA-S) [ug/mL] in Serum or Plasma,20200616
370064,Del(13)(q14) [Identifier] in Blood or Tissue by FISH Nominal,20220201
340049,Del(17)(p13) [Identifier] in Blood or Tissue by FISH Nominal,20220201
320547,Delta aminolevulinate (ALA) [mg/dL] in Urine,20210503
385166,Delta-Sarcoglycan Ag [+/-] in Tissue by Immune stain,20201102
351026,Demodex in skin by KOH preparation,20210401
351070,Dengue virus 1+2+3+4 IgG Ab [Titer] in Serum by Immunofluorescent,20210601
351071,Dengue virus 1+2+3+4 IgM Ab [Titer] in Serum by Immunofluorescent,20210601
350134,Dengue virus 1+2+3+4 RNA [+/-] in Serum by NAA with probe detection,20191011
350132,Dengue virus Ab [+/-] in Serum,20191011
350133,Dengue virus Ab [+/-] in XXX specimen,20191011
350629,Dengue virus IgG Ab [+/-] in Cerebral spinal fluid,20200601
350563,Dengue virus IgG Ab [+/-] in Serum or Plasma by Immunoassay,20200505
351001,Dengue virus IgG Ab [Titer] in Serum,20210317
350898,Dengue virus IgG Ab [U/mL] in Serum by Immunoassay,20210118
350843,"Dengue virus IgG and IgM in Serum, Plasma or Blood by Rapid immunoassay",20210104
350728,Dengue virus IgG and IgM panel [+/-] - Serum by Immunoassay,20200803
350630,Dengue virus IgM Ab [+/-] in Cerebral spinal fluid,20200601
350564,Dengue virus IgM Ab [+/-] in Serum or Plasma by Immunoassay,20200505
350872,Dengue virus IgM Ab [Titer] in Serum,20210104
350131,"Dengue virus NS1 Ag [+/-] in Serum, Plasma or Blood by Rapid immunoassay",20191011
350999,Dengue virus RNA [copies/mL] in XXX specimen by NAA with probe detection,20210317
360338,Dense fine speckled 70 protein Ab [+/-] in Serum or Plasma,20231101
360313,Deoxyribonuclease Ab [arb U/mL] in Serum,20220701
381242,Deprecated HIV 1 DNA [+/-] in Serum or Plasma by Probe and target amplification method,20210301
351194,Deprecated Shigella sp DNA [Identifier] in Unspecified specimen by Probe and target amplification method,20220401
360107,Dermatophagoides farinae IgE Ab [kU/L] in Serum,20200505
360108,Dermatophagoides pteronyssinus IgE Ab [kU/L] in Serum,20200505
330237,Desipramine [ng/mL] in Serum or Plasma,20201116
385072,Desmin Ag [+/-] in Tissue by Immune stain,20201102
360194,Desmoglein 1 Ab [+/-] in Serum by Immunoassay,20210201
360245,Desmoglein 1 Ab [U/mL] in Serum by Immunoassay,20210601
360195,Desmoglein 3 Ab [+/-] in Serum by Immunoassay,20210201
360247,Desmoglein 3 Ab [U/mL] in Serum by Immunoassay,20210601
330391,Dexamethasone [+/-] in XXX specimen,20210618
330372,Dexamethasone [ng/dL] in Serum or Plasma,20210601
220035,Di sup(a) Ag [+/-] on Red Blood Cells,20210623
220033,Di sup(a) Ag [+/-] on Red Blood Cells from Blood product unit,20210618
220034,Di sup(a) Ag [+/-] on Red Blood Cells from Donor,20210623
330176,diazePAM [+/-] in Serum or Plasma,20200901
330285,diazePAM [ng/mL] in Serum or Plasma by Confirmatory method,20210118
330286,Diethyl ether [+/-] in XXX specimen,20210118
330301,Diethylphosphate [ug/mL] in XXX specimen,20210201
330302,Diethylthiophosphate [ug/mL] in XXX specimen,20210201
330392,Diflorasone [+/-] in XXX specimen,20210618
330070,Digoxin [ng/mL; ug/mL] in Serum or Plasma,20200417
330413,Dimethylbenzene [ug/mL] in Urine,20210802
330166,Dimethylbenzene [ug/mL] in XXX specimen,20200901
330345,Dimethylbenzene/Creatinine [g/g creatinine] in Urine,20210317
330303,Dimethylphosphate [ug/mL] in XXX Specimen,20210201
330304,Dimethylthiophosphate [ug/mL] in XXX specimen,20210201
220012,Direct antiglobulin test by Gel method,20210618
220011,Direct antiglobulin test by Tube method,20210618
360282,Direct antiglobulin test.complement specific reagent [+/-] on Red Blood Cells,20210901
330447,Diuretics [mg/dL] in Urine,20220105
385344,DKK1 Ag [+/-] in Tissue by Immune stain,20210618
320540,D-Lactate [mg/dL] in Serum or Plasma,20210401
381026,DMD gene deletion and duplication mutation analysis [Identifier] in Blood or Tissue by MLPA Narrative,20191011
381025,DMD gene targeted mutation analysis in Blood or Tissue by Molecular genetics method Narrative,20191011
381284,DNA Chimerism in Blood by Fragment sequencing,20210802
381179,DNA double strand [ng/mL] in XXX,20210104
360248,DNA double strand Ab [+/-] in Serum,20210601
360139,DNA double strand Ab [+/-] in Serum by Immunofluorescence,20200616
360014,DNA double strand Ab [IU/mL] in Body fluid,20191011
360016,DNA double strand Ab [IU/mL] in CSF by Immunoassay,20191011
360018,DNA double strand Ab [IU/mL] in Pleural fluid by Immunoassay,20191011
360008,DNA double strand Ab [IU/mL] in Serum,20191011
360011,DNA double strand Ab [IU/mL] in Serum by Immunoassay,20191011
360012,DNA double strand Ab [IU/mL] in Serum by Radioimmunoassay (RIA),20191011
360015,DNA double strand Ab [Titer] in CSF by Immunofluorescence,20191011
360017,DNA double strand Ab [Titer] in Pleural fluid by Immunofluorescence,20191011
360009,DNA double strand Ab [Titer] in Serum,20191011
360148,DNA double strand Ab [Titer] in Serum by Immunofluorescence,20200803
360010,DNA double strand Ab [U/mL] in Serum by Immunofluorescence,20191011
360013,DNA double strand Ab [ug/mL] in Serum by Radioimmunoassay (RIA),20191011
381137,DNA marker results panel,20201201
360370,DNA mismatch repair in Cancer specimen by Immune stain Narrative ,20240604
381176,DNA ploidy in XXX specimen by Flow cytometry (FC) Nominal,20210104
381180,DNA sequence variation,20210104
381294,DNA targeted gene sequencing for lymphoid neoplasm by Next generation sequencing,20210901
381295,DNA targeted gene sequencing for myeloid neoplasm by Next generation sequencing,20210901
360109,Dog dander IgE Ab [kU/L] in Serum,20200505
360329,Dog epithelium IgE Ab [kU/L] in Serum,20230601
385208,DOG1 Ag [+/-] in Tissue by Immune stain,20210401
330548,Dolutegravir [ng/ml] in Serum or Plasma by LC/MS/MS,20241001
330385,Dolutegravir [ng/mL] in Serum or Plasma by UPLC,20210618
330177,Donepezil [ng/mL] in Serum or Plasma,20200901
330208,DOPamine [pg/mL] in Serum or Plasma,20201001
330178,DOPamine [ug/24hr)] in 24 hour Urine,20200901
330369,DOPamine [ug/L] in 24 hour Urine,20210601
330223,Doxepin [ng/mL] in Serum or Plasma,20201116
330524,DOXOrubicin [ug/mL] in Serum or Plasma,20230703
381362,DPYD gene product metabolic activity interpretation in Blood or Tissue Qualitative by Molecular genetics method,20220601
330512,Drug Induce Immune Hemolytic Anemia [+/-] in Blood,20221003
310051,Drug screen comment in Urine,20201116
330499,Drug Testing [umol/L] in Cancer Organoid by Cell Viablility assay,20220801
330325,Drugs identified in Gastric fluid by Screen method,20210317
330324,Drugs identified in Serum or Plasma by Screen method,20210317
330513,Drugs identified in Urine by Confirmatory method,20221003
330327,Drugs identified in Urine by Screen method,20210317
330305,Drugs identified in XXX specimen by Confirmatory method,20210201
308031,dRVVT (dilute Russell Viper Venom Time) (LA screen) Lupus anticoagulant screen,20230403
308029,dRVVT (dilute Russell Viper Venom Time) W excess phospholipid (LA confirm) Lupus anticoagulant confirm,20230403
381138,DSPP gene full mutation analysis in Blood or Tissue,20210317
381250,Duchenne/Becker-Linkage analysis,20210317
381251,DYSF gene full mutation analysis,20210317
381027,DYSF gene targeted mutation analysis in Blood or Tissue by Molecular genetics method Narrative,20191011
385073,Dysferin Ag [+/-] in Tissue by Immune stain,20201102
385074,Dysrophin-1 Ag [+/-] in Tissue by Immune stain,20201102
385075,Dystrophin-2/Dystrophin A Ag [+/-] in Tissue by Immune stain,20201102
385076,Dystrophin-3 Ag [+/-] in Tissue by Immune stain,20201102
220039,E Ag [+/-] in Cord red blood cells,20210623
220038,E Ag [+/-] on Red Blood Cells,20210623
220036,E Ag [+/-] on Red Blood Cells from Blood product unit,20210618
220037,E Ag [+/-] on Red Blood Cells from Donor,20210623
360293,EBER [+/-] in Tissue by In situ hybridization (ISH),20211101
385301,EBER Ag [+/-] in Tissue by Immune stain,20210401
385077,EBV-LMP Ag [+/-] in Tissue by Immune stain,20201102
385078,E-cadherin [+/-] in Tissue by Immune stain,20201102
351043,Echinococcus sp Ab [+/-] in Cerebral spinal fluid,20210503
351044,Echinococcus sp Ab [+/-] in Serum by Immunoassay,20210503
350747,Echinococcus sp Ab [+/-] in Serum by Immunoblot,20200901
351010,Echovirus [+/-] in XXX specimen by Ordanism specific culture,20210401
350631,Echovirus Ag in Serum or Plasma,20200601
350135,Echovirus Ag in XXX specimen,20191011
330386,Edoxaban [ng/mL] in Platelet poor plasma by Chromogenic method,20210618
330238,Efavirenz [ng/mL] in Serum or Plasma,20201116
330287,Efavirenz [ng/mL] in Serum or Plasma by Ultra-performance liquid chromatography with Photo diode array detector,20210118
381221,EGFR gene c.2369C>T [+/-] in Blood or Tissue by Molecular genetics method,20210201
381028,EGFR gene mutations found [Identifier] in Blood or Tissue by Molecular genetics method Nominal,20191011
381230,EGFR gene mutations tested for in Blood or Tissue by Molecular genetics method Nominal,20210301
360110,Egg white IgE Ab [kU/L] in Serum,20200505
360111,Egg yolk IgE Ab [kU/L] in Serum,20200505
330239,Elvitegravir [ng/mL] in Serum or Plasma,20201116
385080,EMA Ag [+/-] in Tissue by Immune stain,20201102
385081,Emerin Ag [+/-] in Tissue by Immune stain,20201102
330540,Emicizumab [ug/mL] in Platelet poor plasma by Coagulation assay ,20240102
350760,Endotoxin identified in XXX specimen,20201001
320593,Enolase.neuron specific [ng/mL] in Cerebral spinal fluid by Immunoassay,20211201
320209,Enolase.neuron specific [ng/mL] in CSF,20191011
310026,Enolase.neuron specific [ng/mL] in Serum or Plasma,20200505
320409,Enolase.neuron specific [ng/mL] in Serum or Plasma by Immunoassay,20200803
385139,Enolase.neuron specific Ag [+/-] in Tissue by Immune stain,20201102
350412,Entamoeba histolytica [+/-] in Stool by Giemsa's stain,20200803
350418,Entamoeba histolytica [+/-] in Stool by Trichrome stain,20191011
350421,Entamoeba histolytica Ab [+/-] in Serum,20191011
350422,Entamoeba histolytica Ab [Titer] in Serum,20191011
350729,Entamoeba histolytica Ab [Titer] in Serum by Immunofluorescence,20211101
350423,Entamoeba histolytica Ab [Units/volume] in Serum by Immunoassay,20191011
350817,Entamoeba histolytica Ag [Units/mL] in XXX specimen,20201201
350818,Entamoeba histolytica and  Entamoeba dispar Culture in XXX specimen,20201201
350565,Entamoeba histolytica IgG Ab [+/-] in Serum by Immunoassay,20200505
350566,Entamoeba histolytica IgM Ab [U/L] in Serum by Immunoassay,20200505
351265,Enterobacteriaceae.carbapenem resistant [+/-] in Anorectal or stool specimen by Organism specific culture,20231201
350453,Enterobius vermicularis [+/-] in Anal by Pinworm exam,20191011
350844,Enterovirus [+/-] in XXX specimen by Organism specific culture,20210104
351011,Enterovirus 71 [+/-] in XXX specimen by Organism specific culture,20210401
350136,Enterovirus 71 Ag [+/-] in XXX specimen by Immunofluorescence,20200601
350677,Enterovirus 71 RNA [+/-] in CSF by NAA with probe detection,20200616
360126,Enterovirus 71 RNA [+/-] in Serum by NAA with probe detection,20200518
350754,Enterovirus 71 RNA [+/-] in Stool by NAA with probe detection,20201001
350137,Enterovirus 71 RNA [+/-] in XXX specimen by NAA with probe detection,20191011
351145,Enterovirus 71 RNA [copies/mL] in XXX specimen by NAA with probe detection,20211101
350788,Enterovirus Ag [+/-] in Stool by Immunoassay,20201116
350138,Enterovirus Ag [+/-] in XXX specimen by Immunofluorescence,20191011
350899,Enterovirus identified in Stool by Organism specific culture,20210118
350606,Enterovirus IgG Ab [+/-] in Serum or Plasma by Immunoassay,20200518
350607,Enterovirus IgM Ab [+/-] in Serum or Plasma by Immunoassay,20200518
360127,Enterovirus RNA [+/-] in Body fluid by NAA with probe detection,20200518
350140,Enterovirus RNA [+/-] in CSF by NAA with probe detection,20191011
350142,Enterovirus RNA [+/-] in Nasopharynx by NAA with probe detection,20191011
350141,Enterovirus RNA [+/-] in Serum by NAA with probe detection,20191011
351249,Enterovirus RNA [+/-] in Stool by NAA with probe detection,20230703
350139,Enterovirus RNA [+/-] in XXX specimen by NAA with probe detection,20191011
351251,Enterovirus RNA in XXX by Sequencing,20230803
350907,Enterovirus subtype in XXX specimen by NAA with probe detection,20210201
300106,Eosinophils [%] in Blood by Automated count,20200518
300065,Eosinophils [%] in Body fluid,20200518
310018,Eosinophils [%] in Urine by Manual count,20200518
300085,Eosinophils [+/-] in Nose by Wright stain,20200518
300225,Eosinophils [+/-] in Stool by Light microscopy,20220301
300154,Eosinophils [10*3/uL] in Blood by Automated count,20200701
330436,ePHEDrine+Pseudoephedrine [ng/mL] in Urine by Confirmatory method,20220105
385079,Epidermal growth factor receptor Ag [+/-] in Tissue by Immune stain,20201102
360236,Epidermis IgA Ab [+/-] in Tissue,20210317
330179,EPINEPHrine [pg/mL] in Plasma,20200901
330180,EPINEPHrine [ug/24.h] in 24 hour Urine,20200901
310035,Epithelial cells [cell/HPF] in Urine sediment by Microscopy high power field,20200601
350143,Epstein Barr virus Ab [+/-] in Serum,20191011
350845,Epstein Barr virus capsid IgA Ab [Titer] in Serum by Immunofluorescence,20210104
350980,Epstein Barr virus capsid IgG Ab [+/-] in Cerebral spinal fluid,20210317
350528,Epstein Barr virus capsid IgG Ab [+/-] in Serum,20200616
350748,Epstein Barr virus capsid IgG Ab [+/-] in Serum by Immunoassay,20200901
350846,Epstein Barr virus capsid IgG Ab [Titer] in Serum by Immunofluorescence,20210104
350955,Epstein Barr virus capsid IgG Ab in Serum,20210301
351153,Epstein Barr virus capsid IgM  [+/-] in CSF,20220105
350529,Epstein Barr virus capsid IgM Ab [+/-] in Serum,20200616
350749,Epstein Barr virus capsid IgM Ab [+/-] in Serum by Immunoassay,20200901
351045,Epstein Barr virus capsid IgM Ab [Titer] in Cerebral spinal fluid by Immunofluorescence,20210503
350985,Epstein Barr virus capsid IgM Ab [Titer] in Serum by Immunofluorescence,20210317
350978,Epstein Barr virus capsid IgM Ab [U/mL] in Cerebral spinal fluid by Immunoassay,20210317
350789,Epstein Barr virus DNA [+/-] in Blood by NAA with probe detection,20201116
350847,Epstein Barr virus DNA [+/-] in XXX specimen by NAA with probe detection,20210104
350145,Epstein Barr virus DNA [copies/mL] (viral load) in CSF by NAA with probe detection,20191011
350146,Epstein Barr virus DNA [copies/mL] (viral load) in Serum or Plasma by NAA with probe detection,20191011
350147,Epstein Barr virus DNA [copies/mL] (viral load) in Tissue by NAA with probe detection,20191011
350144,Epstein Barr virus DNA [copies/mL] (viral load) in XXX specimen by NAA with probe detection,20191011
350708,Epstein Barr virus early Ab [+/-] in Serum by Immunoassay,20200701
350908,Epstein Barr virus nuclear 1 IgG Ab [+/-] in Serum by Rapid immunoassay,20210201
350632,Epstein Barr virus nuclear IgA Ab [+/-] in Serum by Immunoassay,20200601
350953,Epstein Barr virus nuclear IgG Ab [+/-] in Serum by Immunofluorescence,20210301
351148,Epstein Barr virus nuclear IgM [+/-] in Cerebral spinal fluid,20211201
350943,Epstein-Barr virus-encoded RNA 1 [+/-] in Tissue by Probe,20210301
385500,ERCC1 Ag [+/-] in Tissue by Immune stain,20250303
385237,ERG Ag [+/-] in Tissue by Immune stain,20210401
330549,Erlotinib [ng/ml] in Serum or Plasma 24 hours post dose by LC/MS/MS,20241001
300107,Erythrocyte distribution width [%] by Automated count,20200601
300155,Erythrocyte distribution width [fL] by Automated count,20200701
300018,Erythrocyte inclusion bodies [Identifier] in Blood,20191011
300006,Erythrocyte sedimentation rate [mm/hr] in Blood,20200601
300007,Erythrocyte sedimentation rate [mm/hr] in Blood by Westergren method,20200601
310047,Erythrocytes [/mL] in Urine sediment by Microscopy high power field,20200701
300171,Erythrocytes [/mm3] in Body fluid by Manual count,20210104
390007,Erythrocytes [+/-] in Stool,20200505
310066,Erythrocytes [+/-] in Urine sediment by Light microscopy,20210301
300211,Erythrocytes [10*3/uL] in Cerebral spinal fluid by Automated count,20210601
300086,"Erythrocytes [10^12/L,10*6/uL] in Blood by Automated count",20200803
310036,Erythrocytes [cell/HPF] in Semen by Microscopy high power field,20200601
300061,Erythrocytes [cells/uL]  in Body fluid,20200518
300212,Erythrocytes.CD59 deficient/100 erythrocytes [%] in Blood,20220105
300203,Erythrocytes.EMA mean fluorescence intensity actual/normal in Blood by Flow cytometry (FC),20210317
300172,Erythrocytes.fetal/2000 erythrocytes [%] in Blood by Kleihauer-Betke method,20210104
320190,Erythropoietin (EPO) [[IU]/L; mIU/mL] in Serum or Plasma,20191011
320418,Erythropoietin (EPO) Ab [+/-] in Serum,20200901
381302,Escherichia coli DNA [+/-] in XXX specimen by NAA with probe detection,20211101
381254,Escherichia coli enteroaggregative [+/-] in Isolate by NAA with probe detection,20210317
381275,Escherichia coli enteroaggregative [+/-] in XXX specimen by NAA with probe detection,20210618
351000,Escherichia coli enteroinvasive [+/-] in XXX specimen,20210317
381253,Escherichia coli enterotoxigenic heat-labile toxin DNA [+/-] in Isolate by NAA with probe detection,20210317
381276,Escherichia coli enterotoxigenic heat-labile toxin DNA [+/-] in XXX specimen by NAA with probe detection,20210618
351162,Escherichia coli K1 Ag [+/-] in Cerebral spinal fluid,20220201
351164,Escherichia coli K1 Ag [+/-] in Serum,20220201
P38100,"Esophagus, esophagectomy",20201102
P38101,"Esophagus, esophagectomy with node dissection",20201102
320191,Estradiol (E2) [pg/mL] in Serum or Plasma,20191011
320310,Estradiol (E2) [pmol/L] in Serum or Plasma,20200417
320410,Estradiol (E2) [pmol/L] in Serum or Plasma by Immunoassay,20241202
320352,Estriol (E3).unconjugated [ng/mL] in Serum or Plasma,20200518
320404,Estriol (E3).unconjugated [nmol/L] in Serum or Plasma,20200701
385082,Estrogen receptor Ag [+/-] in Tissue by Immune stain,20201102
320600,Estrone (E1) [pg/mL] in Serum or Plasma,20220105
330365,Ethambutol [+/-] in Serum or Plasma,20210503
330510,Ethambutol [mg/L] in Blood by LC-MS/MS,20221003
330011,Ethanol [mg/dL] in Serum or Plasma,20191011
330071,Ethanol [mg/dL] in Serum or Plasma by Gas chromatography,20191011
330211,Ethanol [mmol/L] in XXX specimen,20210301
330016,"Ethanol+Methanol+Isopropyl alcohol+Acetone [+/-] in Serum, Plasma or Blood",20191011
330181,Ethosuximide [ug/mL; mg/L] in Serum or Plasma,20201001
330420,Ethyl acetate [ug/mL] in Blood,20211201
330421,Ethyl benzene [ug/L] in Blood,20211201
330395,Ethyl benzene [ug/L] in Urine,20210623
330479,Ethyl glucuronide [+/-] in Urine by Screen method,20220301
330240,Etravirine [ng/mL] in Serum or Plasma,20201116
385430,ETV4(PEA3) Ag [+/-] in Tissue by Immune stain,20221101
370079,ETV6 gene rearrangements [+/-] in Tissue by FISH,20221101
330072,Everolimus [ng/mL; ug/L] in Blood,20200505
330073,Everolimus [ng/mL] in DBS,20191011
330165,Everolimus trough [ng/mL;ug/L] in Blood by LC/MS/MS,20220601
381277,EWSR1 gene rearrangements [+/-] in Tissue by FISH,20210618
P38006,Excisional biopsy with margin examination,20201102
P38210,"Extremities, amputation with tumor",20201102
P38040,"Eye ball, enucleatiion",20201102
P38041,"Eye ball, excenteration",20201102
381139,F11 gene targeted mutation analysis in Blood or Tissue by Molecular genetics,20201201
381155,F12 gene targeted mutation analysis in Blood or Tissue by Sequencing,20201201
381140,F2 gene c.20210G>A in Blood or Tissue by Molecular genetics,20201201
381059,F2 gene mutations found [Identifier] in Blood or Tissue by Molecular genetics method Nominal,20191011
381141,F5 gene c.1691G>A in Blood or Tissue by Molecular genetics,20210317
381029,F5 gene mutations found [Identifier] in Blood or Tissue by Molecular genetics method Nominal,20191011
381259,F5 gene p.Arg306Gly in Blood or Tissue by Molecular genetics method,20210401
381142,F8 gene full mutation analysis in Blood or Tissue by Sequencing,20201201
381037,F8 gene intron 1 and 22 inversion targeted mutation analysis in Blood or Tissue by Molecular genetics method,20191011
381143,F8 gene intron 22 inversion targeted mutation analysis in Blood or Tissue by Molecular genetics,20201201
381036,F8 gene mutations found [Identifier] in Blood or Tissue by Molecular genetics method Nominal,20191011
381144,F9 gene full mutation analysis in Blood or Tissue by Sequencing,20201201
381394,FAH gene targeted mutation analysis in Blood or Tissue by Molecular genetics method,20231201
P38174,"Fallopian tube, tubal pregnancy",20201102
P38173,"Fallopian tube, Tubal steritization",20201102
385084,Fascin [+/-] in Tissue by Immune stain,20201102
320280,Fasting glucose [mg/dL] in Capillary blood,20200317
320291,Fasting glucose [mg/dL] in Serum or Plasma,20200317
320281,Fasting glucose [mg/dL] in Venous blood,20200317
300193,Fat [+/-] in Stool,20210317
300008,Fat.microscopic observation [Identifier] in Stool by Sudan IV stain,20191011
381145,FBN1 gene full mutation analysis in Blood or Tissue by Sequencing,20201201
381051,FBN1 gene targeted mutation analysis in Blood or Tissue by Molecular genetics method Narrative,20191011
360230,Fc epsilon RI Ab [+/-] in Serum,20210317
385432,FCRL4 Ag [+/-] in Tissue by Immune stain,20221101
385085,FDRC Predilute Ag [+/-] in Tissue by Immune stain,20201102
330182,Felbamate [ug/mL] in Serum or Plasma,20200901
330533,fentaNYL+Norfentanyl [+/-] in Serum or Plasma by Confirmatory method,20230703
330494,fentaNYL+Norfentanyl [+/-] in Urine by Screen method,20220301
390033,Ferning [+/-] in Cervical mucus,20200701
320058,Ferritin [ng/mL] in Serum or Plasma,20191011
320401,Ferritin [ng/mL] in Serum or Plasma by Immunoassay,20200701
300219,Fetal cell screen [+/-] in Blood by Rosette test,20210901
381102,Fetal Chromosome X and Y aneuploidy [+/-] based on Plasma cell-free DNA by Dosage of chromosome-specific cfDNA,20200601
381365,FGFR1 gene mutations found [Identifier] in Blood or Tissue by Molecular genetics method Nominal,20220701
381146,FGFR2 gene targeted mutation analysis in Blood or Tissue by Molecular genetics,20201201
381031,FGFR2 gene+FGFR3 gene mutations found [Identifier] in Blood or Tissue by Molecular genetics method Nominal,20191011
381009,FGFR3 gene targeted mutation analysis in Blood or Tissue by Molecular genetics method Narrative,20191011
308011,Fibrin D-dimer [U/mL] in Platelet poor plasma,20191011
308056,Fibrin D-dimer DDU [ng/mL] in Platelet poor plasma,20200417
308058,Fibrin D-dimer FEU [ng/mL] in Platelet poor plasma,20200505
308063,Fibrin D-dimer FEU [ug/mL] in Blood by Immunoassay,20200616
308023,Fibrin degradation products [+/-] in Blood by Agglutination,20191011
308024,Fibrinogen [mg/dL] in Platelet poor plasma by Coagulation assay,20191011
385086,Fibrinogen Ag [+/-] in Tissue by Immune stain,20201102
385482,Fibrinogen Ag [+/-] in Tissue by Immunofluorescence,20241001
320569,Fibroblast growth factor 23.intact [pg/mL] in Serum or Plasma,20210802
320541,Fibroblast growth factor 23.intact [U/mL] in Plasma,20210401
385366,Filamin A [+/-] in Tissue by Immune stain,20210802
351083,Filaria Ab [+/-] in Serum by Immunoassay,20210623
350463,Filaria Ab [Units/mL] in Serum,20191011
350462,Filaria Ab [Units/mL] in Serum by Immunoassay,20191011
351094,Filaria DNA [+/-] in Blood by NAA with probe detection,20210716
351306,Filaria DNA [+/-] in Tissue by NAA with probe detection,20241202
350454,Filaria identified in Blood,20191011
350455,Filaria identified in Blood by Concentration,20191011
350456,Filaria identified in Blood by Thick film,20191011
350457,Filaria identified in Blood by Thin film,20191011
350459,Filaria identified in Skin by Light microscopy,20191011
350458,Filaria identified in XXX specimen by Concentration,20191011
350461,Filaria IgG4 Ab [Units/mL] in Serum,20191011
350460,Filaria IgG4 Ab [Units/mL] in Serum by Immunoassay,20191011
310059,Fine Granular Casts [Cells/LPF] in Urine sediment by Microscopy low power field,20210118
360224,Fire Ant IgG Ab [KU/L] in Serum,20210317
360112,Fish IgE Ab [kU/L] in Serum,20200505
300213,FLAER cells/100 cells [%] in XXX specimen,20220105
385238,FLI-1 Ag [+/-] in Tissue by Immune stain,20210401
340021,Flow cytometry for CD34 surface antigen (blood),20191011
340046,Flow cytometry for complement C3d on red blood cells,20220105
340022,Flow cytometry for Hairy cell leukaemia ,20191011
340017,"Flow cytometry for minimal residual disease, AML panel  ",20191011
340024,Flow cytometry for Multiple myeloma ,20191011
381096,FLT3 gene targeted mutation analysis in Blood or Tissue by Molecular genetics method Narrative,20191011
330422,Fluconazole [ug/mL] in Serum or Plasma,20211201
330409,Fluconazole Susceptibility,20210716
330542,Fludarabine Functional in Blood,20240401
330387,Fluocinolone [+/-] in XXX specimen,20210618
310052,Fluoride [mg/L] in Urine,20201116
381406,FMR1 gene methylation/methylated+unmethylated in Amniotic fluid by Molecular genetics method,20240701
381032,FMR1 gene methylation/methylated+unmethylated in Blood by Molecular genetics method,20191011
320311,Folate [ng/mL] in Red Blood Cells,20200417
320059,Folate [ng/mL] in Serum or Plasma,20191011
320194,Follitropin [mIU/mL] in Serum or Plasma,20191011
320195,Follitropin [mIU/mL] in Serum or Plasma by Immunoassay,20191011
385087,Follitropin Ag [+/-] in Tissue by Immune stain,20201102
308028,Fondaparinux [mg/dL] in Platelet poor plasma by Chromogenic method,20191011
360254,Food Allergen Mix 22 (Cashew+Pecan or Hickory nut+Walnut+Pistachio) IgE Ab [kU/L] in Serum by Multidisk,20210618
360301,Food Allergen Mix 27 (Hazelnut+Codfish+Soybean+Wheat) IgE Ab [+/-] in Serum by Multidisk,20220201
370001,Food Allergen Mixture IgE Ab [Units/volume] in Serum by Multidisk,20191011
381379,Forensic DNA test  in Blood by NGS add ancestry marker,20221003
381380,Forensic DNA test  in XXX Specimen by NGS add ancestry marker,20221003
381369,Forensic DNA test in Blood by NGS,20221003
381378,Forensic DNA test in XXX Specimen by NGS,20221003
381371,Forensic STR in Blood by Capillary electrophoresis,20221003
381375,Forensic STR in XXX Specimen by Capillary electrophoresis,20221003
330241,Formaldehyde [mg/L] in Blood,20201116
330218,Formaldehyde [mg/L] in Urine,20201001
320312,Formate [mg/L] in Urine,20200417
360340,Fos B Ag [+/-] in Tissue by Immune stain,20231201
370059,FOXO1 gene rearrangements [+/-] in Tissue by FISH,20211101
385480,FOXP1 gene rearrangements [+/-] in Tissue by Immune stain,20240902
300156,Fragments [+/-] in Blood by Light microscopy,20200701
385411,Free Hemoglobin [mg/L;mg/dL] in Plasma,20220502
B23451,Fresh Frozen Plasma,20210618
B23452,Fresh Frozen Plasma (NAT),20210618
B23401,Fresh Frozen Plasma (NAT) (สภากาชาด),20210618
320060,Fructosamine [ng/L] in Serum or Plasma,20191011
320061,Fructosamine [umol/L; mcmol/L; mmol/L] in Serum or Plasma,20191011
351126,Fungal 18s rRNA gene [+/-] in XXX specimen by NAA with probe detection,20210813
350387,Fungal susceptibility panel (1 - 3 ชนิด),20201102
350407,Fungal susceptibility panel (4 - 9 ชนิด),20210503
351315,Fungus [+/-] in Bronchoalveolar lavage fluid by KOH preparation,20250102
350633,Fungus [+/-] in Cervix by KOH preparation,20200601
351314,Fungus [+/-] in Eyes fluid by KOH preparation,20250102
350399,Fungus [+/-] in Nail by KOH preparation,20191011
351313,Fungus [+/-] in Nasal washing by KOH preparation,20250102
351307,Fungus [+/-] in Pus by KOH preparation,20250102
350400,Fungus [+/-] in Skin by KOH preparation,20191011
350790,Fungus [+/-] in Sputum by KOH preparation,20201116
350634,Fungus [+/-] in Urethra by KOH preparation,20200601
350402,Fungus [+/-] in Vaginal fluid by KOH preparation,20191011
351308,Fungus [+/-] in Vesicle fluid by KOH preparation,20250102
351309,Fungus [+/-] in Wound by KOH preparation,20250102
350401,Fungus [+/-] in XXX specimen by KOH preparation,20191011
350385,Fungus identified in Blood by Culture,20191011
350379,Fungus identified in Body fluid by Culture,20191011
351104,Fungus identified in Bone marrow by Culture,20210802
351105,Fungus identified in Cerebral spinal fluid by Culture,20210802
350386,Fungus identified in Cornea or Conjunctiva by Culture,20191011
350380,Fungus identified in Nail by Culture,20191011
351106,Fungus identified in Pleural fluid by Culture,20210802
350932,Fungus identified in Pus by Fungus stain,20210216
350381,Fungus identified in Skin by Culture,20191011
350709,Fungus identified in Sputum by Culture,20200701
350710,Fungus identified in Stool by Culture,20200701
351107,Fungus identified in Synovial fluid by Culture,20210802
350382,Fungus identified in Tissue by Culture,20191011
350711,Fungus identified in Upper respiratory specimen by Culture,20200701
350712,Fungus identified in Urine by Culture,20200701
350383,Fungus identified in Wound by Culture,20191011
350384,Fungus identified in XXX specimen by Culture,20191011
350933,Fungus identified in XXX specimen by Fungus stain,20210216
300244,Fungus.microscopic observation [Identifier] in Amniotic fluid by Methenamine silver stain,20230501
351240,Fungus.microscopic observation [Identifier] in Bronchoalveolar lavage by Methenamine silver stain,20230501
300245,Fungus.microscopic observation [Identifier] in Pleural fluid by Methenamine silver stain,20230501
300246,Fungus.microscopic observation [Identifier] in Plus by Methenamine silver stain,20230501
300247,Fungus.microscopic observation [Identifier] in Skin lesion by Methenamine silver stain,20230501
300248,Fungus.microscopic observation [Identifier] in synovial fluid by Methenamine silver stain,20230501
350408,Fungus.microscopic observation [Identifier] in Tissue by Methenamine silver stain,20191011
300249,Fungus.microscopic observation [Identifier] in Vessicle fluid by Methenamine silver stain,20230501
370052,FUS (16p11 gene) rearrangement in Tissue by FISH,20211101
220046,Fy sup(a) Ag [+/-] on Red Blood Cells,20210623
220044,Fy sup(a) Ag [+/-] on Red Blood Cells from Blood product unit,20210618
220045,Fy sup(a) Ag [+/-] on Red Blood Cells from Donor,20210623
220049,Fy sup(b) Ag [+/-] on Red Blood Cells,20210623
220047,Fy sup(b) Ag [+/-] on Red Blood Cells from Blood product unit,20210618
220048,Fy sup(b) Ag [+/-] on Red Blood Cells from Donor,20210623
381111,G6PC gene targeted mutation analysis in Blood or Tissue by Molecular genetics method,20201001
370087,G6PD gene full mutation analysis in Blood or Tissue by Sequencing,20230703
385282,GAB-1 [+/-] in Tissue by Immune stain,20210401
385316,GAB1 Ag [+/-] in Tissue by Immune stain,20210401
330183,"Gabapentin [ug/mL] in Serum, Plasma or Blood",20200901
350944,Galactomannan Ag [+/-] in Bronchoalveolar lavage,20210301
350373,Galactomannan Ag [+/-] in Serum or Plasma by Immunoassay,20191011
350848,Galactomannan Ag [U/mL] in XXX specimen,20210104
350372,Galactomannan Ag [Units/mL] in Serum or Plasma,20191011
350374,Galactomannan Ag [Units/mL] in Serum or Plasma by Immunoassay,20191011
360249,"Galactose-alpha-1,3-galactose (Alpha-Gal) IgE Ab [kU/L] in Serum or plasma",20210618
330361,"Galantamine [ng/mL] in Serum, Plasma or Blood",20210503
320648,Galectin 3 [ng/mL] in Serum or Plasma by Immunoassay,20230403
385209,Galectin 3 Ag [+/-] in Tissue by Immune stain,20210401
P38124,Gallbladder,20201102
381228,GALNS gene full mutation analysis Whole Gene Sequencing in Blood or Tissue,20210216
320471,Gamma glutamyl transferase [U/L] in Body fluid,20201116
320129,Gamma glutamyl transferase [U/L] in Serum or Plasma,20191011
330429,"Gamma hydroxybutyrate [ng/mL] in Serum, Plasma or Blood",20211201
330518,Gamma hydroxybutyrate [ng/mL] in Urine,20230403
385167,Gamma-Sarcoglycan Ag [+/-] in Tissue by Immune stain,20201102
360330,Ganglioside GM1 IgG Ab [+/-] in Cerebral spinal fluid by Line blot,20230601
360151,Ganglioside GQ1a IgM Ab [+/-] in Serum,20200803
360186,Ganglioside GQ1b IgG Ab [+/-] in Serum by Immunoblot,20210118
360152,Ganglioside GQ1b IgG Ab [Titer] in Serum,20200803
360187,Ganglioside GQ1b IgM Ab [+/-] in Serum by Immunoblot,20210118
360192,Ganglioside GT1b IgG Ab [+/-] in Serum by Immunoassay,20210118
360193,Ganglioside GT1b IgM Ab [+/-] in Serum by Immunoassay,20210118
360175,Ganglioside IgG Ab [+/-] in Serum by Immunoblot,20210104
360176,Ganglioside IgM Ab [+/-] in Serum by Immunoblot,20210104
320419,Gastrin [pg/mL] in Serum or Plasma,20200901
385088,Gastrin Ag [+/-] in Tissue by Immune stain,20201102
385390,GATA1 Ag [+/-] in Tissue by Immune stain,20211101
390037,GATA1 gene exon 2 targeted mutation analysis in Blood or Tissue by Sequencing,20210104
385239,GATA3 Ag [+/-] in Tissue by Immune stain,20210401
381283,Gaucher 1 gene mutations tested for in Blood or Tissue by Molecular genetics method Nominal,20210716
385089,GCDFP 15 Ag [+/-] in Tissue by Immune stain,20201102
330550,Gefitinib [ng/ml] in Serum or Plasma 24 hours post dose by LC/MS/MS,20241001
381260,Gene fusion transcript details in Blood or Tissue by Molecular genetics method Narrative,20210401
381203,Gene panel testing for immunology (Trio analysis),20210118
381252,Gene XXX mutation analysis by whole gene sequencing,20210317
381147,Gene XXX mutation analysis in Blood or Tissue by 1 sequencing reaction,20201201
381175,Gene XXX mutation analysis in Blood or Tissue by 10 sequencing reactions,20210317
381299,Gene XXX mutation analysis in Blood or Tissue by 2 sequencing reactions,20211101
381303,Gene XXX mutation analysis in Blood or Tissue by 20 sequencing reactions,20211101
381300,Gene XXX mutation analysis in Blood or Tissue by 3 sequencing reactions,20211101
381148,Gene XXX mutation analysis in Blood or Tissue by 5 sequencing reactions,20201201
381304,Gene XXX mutation analysis without dye in Blood or Tissue by sequencing ,20211101
381240,Gene XXX mutations found [Identifier] in Blood or Tissue by Molecular genetics method Nominal,20240401
381060,Gene XXX targeted mutation analysis in Blood or Tissue by Molecular genetics method Narrative,20191011
381149,Gene XXX targeted mutation analysis in Blood or Tissue by real time PCR analysis,20201201
381305,Genetic analysis direct detection others in Blood or Tissue,20211101
381352,Genetic screen in XXX specimen by Molecular genetics method Narrative,20220301
381312,Genetic variation clinical significance [Imp],20220105
370092,GeneWell BCT in tissue by RT-PCR,20240401
390064,Genomic coordinate system [Type],20220301
330184,Gentamicin [mg/L; ug/mL] in Serum or Plasma,20201001
360240,German Cockroach IgE Ab [U/L] in Serum,20210401
385472,GFAP gene mutations found [Identifier] in Blood or Tissue by Molecular genetics method Nominal,20240604
350762,Giardia lamblia Ag [+/-] in XXX specimen by Immunoassay,20201001
381150,GJB2 gene full mutation analysis in Blood or Tissue by Sequencing,20201201
381033,GJB2 gene targeted mutation analysis in Blood or Tissue by Molecular genetics method Narrative,20191011
381360,GLA gene targeted mutation analysis in Blood or Tissue by Molecular genetics method,20220301
381159,GLI3 gene full mutation analysis in Blood or Tissue by Sequencing,20201201
360372,Gliadin peptide IgA Ab [RU/ml] in Serum by Immunoassay,20241101
360373,Gliadin peptide IgG Ab [RU/ml] in Serum by Immunoassay,20241101
320690,Glial fibrillary acidic protein (GFAP) [pg/ml] in Plasma by Immunoassay,20240801
385090,Glial fibrillary acidic protein Ag [+/-] in Tissue by Immune stain,20201102
320695,Glial fibrillary acidic protein+Ubiquitin carboxyl-terminal hydrolase-L1 [Interpretation] in Plasma Qualitative,20241202
330263,Gliclazide [ug/mL] in Serum or Plasma,20201116
330242,Glimepride [ug/mL] in Serum or Plasma,20201116
370091,Glioma-associated homologue-1 in Tissue by Immune stain,20240401
330243,Glipizide [ug/mL] in Serum or Plasma,20201116
320295,Globulin [g/dL] in Serum by calculation,20200324
320294,Globulin [g/L] in Body fluid,20200317
360073,Glomerular basement membrane Ab [pg/mL] in Serum,20191011
360074,Glomerular basement membrane Ab [Titer] in Serum by Immunofluorescence,20191011
360072,Glomerular basement membrane Ab [U/mL] in Serum,20191011
360075,Glomerular basement membrane Ab [U/mL] in Serum by Immunoassay,20191011
390025,Glomerular basement membrane IgA Ab [Titer] in Serum by Immunofluorescence,20200616
390023,Glomerular basement membrane IgG Ab [Titer] in Serum by Immunofluorescence,20200616
390027,Glomerular basement membrane IgM Ab [Titer] in Serum by Immunofluorescence,20200616
390001,"Glomerular filtration rate/1.73 sq M.predicted [mL/min/1.73 sq M] in Serum, Plasma or Blood by Creatinine-based formula (CKD-EPI)",20200417
390002,"Glomerular filtration rate/1.73 sq M.predicted [mL/min/1.73 sq M] in Serum, Plasma or Blood by Creatinine-based formula (MDRD)",20200417
310054,"Glomerular filtration rate/1.73 sq M.predicted [mL/min/1.73 sq M] in Serum, Plasma or Blood by Creatinine-based formula (Schwartz)",20210104
390041,Glomerular filtration rate/1.73 sq M.predicted [ml/min/1.73m2] in Serum or Plasma by Creatinine-based formula (MDRD),20210216
385091,Glucagon Ag [+/-] in Tissue by Immune stain,20201102
310072,Glucose [+/-] in Stool,20210401
310007,Glucose [+/-] in Urine,20191011
310006,Glucose [+/-] in Urine by Test strip,20191011
320292,Glucose [g/24h] in 24 hours Urine,20200518
320393,Glucose [mg/dL] in 24 hour Peritoneal dialysis fluid,20200616
320415,Glucose [mg/dl] in 24 hour Urine,20200803
320272,Glucose [mg/dL] in Body Fluid,20200217
320064,Glucose [mg/dL] in Capillary blood,20191011
320065,Glucose [mg/dL] in CSF,20191011
320653,Glucose [mg/dL] in DBS,20230703
320580,Glucose [mg/dL] in Pericardial fluid,20211001
320394,Glucose [mg/dL] in Peritoneal dialysis fluid,20200616
320353,Glucose [mg/dL] in Peritoneal fluid,20200518
320354,Glucose [mg/dL] in Pleural fluid,20200518
320062,Glucose [mg/dL] in Serum or Plasma,20191011
320355,Glucose [mg/dL] in Serum or Plasma by 1 hour post 100 g glucose PO,20200518
320356,Glucose [mg/dL] in Serum or Plasma by 1 hour post 50 g glucose PO,20200518
320357,Glucose [mg/dL] in Serum or Plasma by 1 hour post 75 g glucose PO,20200518
320358,Glucose [mg/dL] in Serum or Plasma by 1 hour post dose glucose,20200518
320359,Glucose [mg/dL] in Serum or Plasma by 1 hour post meal,20200518
320360,Glucose [mg/dL] in Serum or Plasma by 2 hours post 100 g glucose PO,20200518
320361,Glucose [mg/dL] in Serum or Plasma by 2 hours post 50 g glucose PO,20200518
320362,Glucose [mg/dL] in Serum or Plasma by 2 hours post 75 g glucose PO,20200518
320363,Glucose [mg/dL] in Serum or Plasma by 2 hours post dose glucose,20200518
320315,Glucose [mg/dL] in Serum or Plasma by 2 hours post meal,20200518
320364,Glucose [mg/dL] in Serum or Plasma by 3 hours post 100 g glucose PO,20200518
320365,Glucose [mg/dL] in Serum or Plasma by 3 hours post dose glucose,20200518
320347,Glucose [mg/dL] in Serum or Plasma by 3 hours post meal,20200518
320366,Glucose [mg/dL] in Serum or Plasma by post 100 g glucose,20200518
320367,Glucose [mg/dL] in Serum or Plasma by post 50 g glucose,20200518
320368,Glucose [mg/dL] in Serum or Plasma by post 75 g glucose,20200518
320369,Glucose [mg/dL] in Serum or Plasma by post meal,20200518
320370,Glucose [mg/dL] in Serum or Plasma by post XXX challenge,20200518
320561,Glucose [mg/dL] in Synovial fluid,20210623
320063,Glucose [mg/dL] in Urine,20191011
320649,Glucose [mg/dL] in Whole Blood,20230501
320381,Glucose [mg/dL] in XXX specimen,20200601
320626,Glucose 10 minutes post dose glucagon [mg/dl] in Serum or Plasma,20220801
320627,Glucose 20 minutes post dose glucagon [mg/dl] in Serum or Plasma,20220801
320628,Glucose 30 minutes post dose glucagon [mg/dl] in Serum or Plasma,20220801
320642,Glucose 45 minutes post 50 g lactose PO [mg/dL] in Serum or Plasma ,20230103
320630,Glucose baseline [mg/dl] in Serum or Plasma ,20220801
320443,Glucose phosphate isomerase [U/g Hgb] in Red Blood Cells,20201116
385329,Glucose Transporter-1 (GLUT-1) [+/-] in Tissue by Immune stain,20210601
320127,Glucose-6-Phosphate dehydrogenase [+/-] in Red Blood Cells,20191011
320128,Glucose-6-Phosphate dehydrogenase [U/g Hb] in Red Blood Cells ,20191011
320571,Glucose-6-Phosphate dehydrogenase activity in Red blood cells by Flow cytometry,20210802
320662,Glucosylceramidase [nmol/hr/mg of protein] in Leukocytes ,20231201
385295,GLUT1 Ag [+/-] in Tissue by Immune stain,20210401
360065,Glutamate decarboxylase 65 Ab [U/mL] in Serum,20191011
385240,Glutamine Synthetase Ag [+/-] in Tissue by Immune stain,20210401
330414,Glutathione [mg/dL] in Serum or Plasma,20210813
360286,Gluten IgE Ab [kU/L] in Serum,20211001
385092,Glycophorin A Ag [+/-] in Tissue by Immune stain,20201102
385093,Glycophorin C Ag [+/-] in Tissue by Immune stain,20201102
320266,Glycosaminoglycans [+/-] in Urine,20191011
320476,Glycosaminoglycans pattern in Urine,20210104
385296,Glypican-3 Ag [+/-] in Tissue by Immune stain,20210401
381151,GNAS gene full mutation analysis in Blood or Tissue,20201201
381285,GNAS Mutation in Blood by PCR,20210802
350567,Gnathostoma sp Ab [+/-] in Cerebral spinal fluid by Immunoblot,20200505
350464,Gnathostoma sp Ab [+/-] in Serum by Immunoblot,20191011
350568,Gnathostoma sp Ab [+/-] in XXX Specimen by Immunoblot,20201102
351132,Gnathostomiasis in Blood by IBA,20210901
351133,Gnathostomiasis in Cerebrospinal fluid by IBA,20210901
381129,GNE gene full mutation analysis in Blood or Tissue by Sequencing,20201201
381023,GNE gene mutations found [Identifier] in Blood or Tissue by Molecular genetics method Nominal,20191011
330552,Gold [mg/dL] in Blood,20250303
381286,Goldmann-Favre Syndrome (GFS)) in Blood by PCR,20210802
360331,Goose feather IgE Ab [kU/L] in Serum,20230601
310060,Granular casts [Cells/LPF] in Urine sediment by Microscopy low power field,20210118
385468,Granulocyte monocyte colony stimulating factor [pg/ml] in Serum or Plasma,20240401
385094,Granzyme B Ag [+/-] in Tissue by Immune stain,20201102
360128,Grass Allergen IgE Ab [IU/mL] in Serum by Multidisk,20200518
381287,Greig Cephalopolysyndactyly Syndrome (GCPS) in Blood By PCR,20210802
385467,H3.3 G34R Ag (+/-) in Tissue by Immune stain,20240401
385464,H3.3 G34V Ag [+/-] in Tissue by immune stain,20240401
385458,H3F3A Ag [+/-] in Tissue by Immune stain,20231201
385454,H3G34W Ag [+/-] in Tissue by Immune stain,20231002
385241,H3K27M Ag [+/-] in Tissue by Immune stain,20210401
385433,H3K27me3 Ag [+/-] in Tissue by Immune stain,20221101
360114,Haemophilus influenzae A Ag [+/-] in Cerebral spinal fluid by Immunofluorescence,20200505
350791,Haemophilus influenzae B Ag [+/-] in Cerebral spinal fluid by Latex agglutination,20201116
350025,Haemophilus influenzae B Ag [+/-] in CSF,20191011
350024,Haemophilus influenzae B Ag [+/-] in Serum,20191011
350023,Haemophilus influenzae B Ag [+/-] in XXX specimen,20191011
351228,Haemophilus influenzae B Ag [+/-] in XXX Specimen by Latex agglutination,20221003
330288,Haloperidol [ng/mL] in Serum or Plasma,20210118
320130,Haptoglobin [mg/dL] in Serum or Plasma,20191011
360255,Hazelnut IgE Ab [kU/L] in Serum,20210618
381296,HBA2 gene alpha 3.7kb and 4.2kb triplications [+/-] in Blood,20211001
381073,HBA2 gene alpha 3.7kb deletion [+/-] in Blood by Molecular genetics method,20201116
381072,HBA2 gene alpha 4.2kb deletion [+/-] in Blood by Molecular genetics method,20201116
381116,HBA2 gene c.427T>C [+/-] in Blood by Molecular genetics method,20201116
381117,HBA2 gene c.429A>T [+/-] in Blood by Molecular genetics method,20201116
381069,HBA2 gene SEA deletion [+/-] in Blood by Molecular genetics method,20191011
381118,HBA2 gene targeted mutation analysis in Blood or Tissue by Molecular genetics method,20201116
381070,HBA2 gene THAI+FIL+MED+alpha 20.5 deletion [+/-] in Blood by Molecular genetics method,20191011
381106,HBB gene full mutation analysis in Amniotic fluid or Chorionic villus sample by Sequencing,20200901
381074,HBB gene targeted mutation analysis in Blood or Tissue by Molecular genetics method Narrative,20191011
381229,HBB gene targeted mutation analysis in Cord blood or Tissue,20210618
385210,HBME-1 Ag [+/-] in Tissue by Immune stain,20210401
381297,HC gene rearrangements [+/-] in Blood or Tissue by Molecular genetics method,20211001
381044,HC gene rearrangements in Blood or Tissue by Molecular genetics method Narrative,20191011
385099,HCV Ag [+/-] in Tissue by Immune stain,20201102
P38080,Heart valve,20201102
B23467,Heat Treat Freeze Dried Cryoprecipitate (HTFDC),20210618
300010,Heinz bodies [+/-] in Blood by Light microscopy,20191011
351138,Helicobacter pylori [+/-] in Stomach by urea breath test,20211001
351157,Helicobacter pylori [+/-] in Stool by Organism specific culture,20220105
350540,Helicobacter pylori [+/-] in Tissue,20200505
350849,Helicobacter pylori [+/-] in Tissue by Organism specific culture,20210104
350027,Helicobacter pylori Ab [Units/mL] in Serum,20191011
350746,Helicobacter pylori Ab [Units/mL] in Serum by Immunoassay,20241202
350796,Helicobacter pylori Ag [+/-] in Stool,20201116
351229,Helicobacter pylori Ag [+/-] in Stool by Immunoassay,20221003
385096,Helicobacter pylori Ag [+/-] in Tissue by Immune stain,20201116
350732,Helicobacter pylori IgA Ab [Units/mL] in Serum by Immunoassay,20200803
351005,Helicobacter pylori IgG Ab [+/-] in Serum or Plasma by Immunoassay,20210401
351304,Helicobacter pylori IgG Ab [+/-] in Urine ,20241202
350531,Helicobacter pylori IgG Ab [U/mL] in Serum by Immunoassay,20200417
350569,Helicobacter pylori IgG Ab [units/mL] in Serum,20200505
350570,Helicobacter pylori IgM Ab [units/mL] in Serum,20200505
350733,Helicobacter pylori IgM Ab [Units/mL] in Serum by Immunoassay,20200803
350763,Helminth identified in XXX specimen by Macro/micro identification,20201001
300087,Hematocrit [%] of Blood by Automated count,20210618
300011,Hematocrit [%] of Blood by Centrifugation,20191011
300108,Hematocrit [%] of Blood by Impedance,20210618
300088,Hematocrit [%] of Body fluid,20210618
300012,Hematocrit [%] of CSF by Centrifugation,20191011
300214,Hematocrit [%] of Dialysis fluid,20210623
300255,Hematopoietic progenitor cells [10*3/uL] in Blood by Automated count,20250203
351031,Hemoculture for TB in Blood by Culture (Automate),20210503
385283,Hemoglobin [+/-] in Body fluid,20210301
310037,Hemoglobin [+/-] in Urine by Test strip,20200601
300089,Hemoglobin [g/dL] in Blood,20200518
300090,Hemoglobin [g/dL] in Body fluid,20200518
300233,Hemoglobin [pg] in Reticulocytes by Automated count,20220601
300109,Hemoglobin A/Hemoglobin.total [%] in Blood by Electrophoresis,20200601
300110,Hemoglobin A/Hemoglobin.total [%] in Blood by HPLC,20200601
320131,Hemoglobin A1c/Hemoglobin.total [%] in Blood,20210118
300111,Hemoglobin A2/Hemoglobin.total [%] in Blood by Electrophoresis,20200601
300112,Hemoglobin A2/Hemoglobin.total [%] in Blood by HPLC,20200601
300198,Hemoglobin A2/Hemoglobin.total [%] in Blood by HPLC,20210317
385100,Hemoglobin Ag [+/-] in Tissue by Immune stain,20201102
300130,Hemoglobin Bart's/Hemoglobin.total [%] in Blood by Electrophoresis,20201102
300131,Hemoglobin Bart's/Hemoglobin.total [%] in Blood by HPLC,20200601
300114,Hemoglobin C/Hemoglobin.total [%] in Blood by Electrophoresis,20200601
300113,Hemoglobin C/Hemoglobin.total [%] in Blood by HPLC,20200601
381255,Hemoglobin Constant Spring (Hb CS) in Blood,20210317
300115,Hemoglobin CS/Hemoglobin.total [%] in Blood by Electrophoresis,20200601
300116,Hemoglobin CS/Hemoglobin.total [%] in Blood by HPLC,20200601
300197,Hemoglobin D/Hemoglobin.total [%] in Blood by HPLC,20210317
300058,Hemoglobin E [+/-] in Blood by DCIP,20200317
300117,Hemoglobin E/Hemoglobin.total [%] in Blood by Electrophoresis,20200601
300118,Hemoglobin E/Hemoglobin.total [%] in Blood by HPLC,20200601
300056,Hemoglobin F [+/-] in Amniotic fluid,20200114
300055,Hemoglobin F [+/-] in Blood,20200114
300206,Hemoglobin F [+/-] in Blood by Alkali denaturation,20210401
300057,Hemoglobin F [+/-] in XXX specimen,20210401
300119,Hemoglobin F/Hemoglobin.total [%] in Blood by Electrophoresis,20200601
300120,Hemoglobin F/Hemoglobin.total [%] in Blood by HPLC,20200601
300207,Hemoglobin F/Hemoglobin.total [%] in Blood by Kleihauer-Betke method,20210401
300121,Hemoglobin H/Hemoglobin.total [%] in Blood by Electrophoresis,20200601
300122,Hemoglobin H/Hemoglobin.total [%] in Blood by HPLC,20200601
300168,Hemoglobin in Stool by Latex agglutination immune turbidimetry,20201201
381256,Hemoglobin Pakse (Hb PS) in Blood,20210317
300014,Hemoglobin pattern [Interpretation] in Blood,20200601
300136,Hemoglobin pattern [Interpretation] in Blood by Capillary electrophoresis (CE),20200701
300125,Hemoglobin pattern [Interpretation] in Blood by Electrophoresis,20200601
300126,Hemoglobin pattern [Interpretation] in Blood by HPLC,20200601
385413,Hemoglobin S/Beta Thalassemia newborn screen interpretation,20220502
300201,Hemoglobin S/Hemoglobin.total [%] in Blood by HPLC,20210317
300022,Hemoglobin.gastrointestinal [+/-] in Stool,20191011
300222,Hemoglobin.gastrointestinal [+/-] in Stool by Rapid immunoassay,20211101
300013,Hemoglobin.gastrointestinal.lower [+/-] in Stool by Immunoassay,20191011
300127,Hemoglobin.gastrointestinal.lower [ng/mL] in Stool by Immunoassay,20200601
300128,Hemoglobin.other/Hemoglobin.total [%] in Blood by Electrophoresis,20200601
300129,Hemoglobin.other/Hemoglobin.total [%] in Blood by HPLC,20200601
381152,Hemophilia A F8 linkage analysis in Blood or Tissue,20201201
381288,Hemophillia B (F9) Mutation in Blood by PCR,20210802
300016,Hemosiderin [+/-] in Sputum,20191011
310008,Hemosiderin [+/-] in Urine,20191011
310009,Hemosiderin [+/-] in Urine by Light microscopy,20191011
300015,Hemosiderin [+/-] in XXX specimen,20191011
308070,Heparin Ab [+/-] in Platelet poor plasma by Platelet aggregation,20210104
308025,Heparin anti Xa [U/mL] in Nonbiological fluid,20191011
300031,Heparin induced platelet Ab [+/-] in Serum,20191011
300032,Heparin induced platelet Ab [U/mL] in Serum,20191011
308092,Heparin induced platelet IgG Ab in Serum or Plasma by Immunoassay,20210716
308027,Heparin unfractionated [U/mL] in Platelet poor plasma by Chromogenic method,20191011
350773,Hepatitis A virus Ab [+/-] in Serum by Immunoassay,20201001
350909,Hepatitis A virus genotype in XXX specimen by NAA with probe detection,20210201
350370,Hepatitis A virus IgG Ab [+/-] in Serum,20191011
350371,Hepatitis A virus IgG Ab [+/-] in Serum by Immunoassay,20191011
350532,Hepatitis A virus IgG+IgM Ab [+/-] in Serum,20200417
350149,Hepatitis A virus IgM Ab [+/-] in Serum or Plasma by Immunoassay,20191011
351072,Hepatitis A virus RNA [+/-] in Serum by NAA with probe detection,20210601
351255,Hepatitis A virus RNA [+/-] in XXX by NAA with probe detection,20230901
350151,Hepatitis B virus core Ab [+/-] in Serum,20191011
350150,Hepatitis B virus core Ab [+/-] in Serum or Plasma by Immunoassay,20191011
385097,Hepatitis B virus core Ag [+/-] in Tissue by Immune stain,20201102
350635,Hepatitis B virus core IgG Ab [+/-] in Serum by Immunoassay,20200601
350153,Hepatitis B virus core IgM Ab [+/-] in Serum,20191011
350152,Hepatitis B virus core IgM Ab [+/-] in Serum or Plasma by Immunoassay,20191011
351192,Hepatitis B virus DNA [+/-] in Blood by NAA with probe detection,20220401
350910,Hepatitis B virus DNA [+/-] in Serum or Plasma by NAA with probe detection,20210201
350166,Hepatitis B virus DNA [copies/mL] (viral load) in Serum or Plasma by NAA with probe detection,20191011
350480,Hepatitis B virus DNA [IU/mL] (viral load) in Serum or Plasma by NAA with probe detection,20191204
350481,Hepatitis B virus DNA [IU/mL] (viral load) in XXX specimen by NAA with probe detection,20191204
350723,Hepatitis B virus DNA [log copies/mL] (viral load) in Serum or Plasma by NAA with probe detection,20200701
351127,Hepatitis B virus DNA [Log IU/mL] (viral load) in Serum or Plasma by NAA with probe detection,20210813
350155,Hepatitis B virus e Ab [+/-] in Serum,20191011
350154,Hepatitis B virus e Ab [+/-] in Serum or Plasma by Immunoassay,20191011
350157,Hepatitis B virus e Ag [+/-] in Serum,20191011
350156,Hepatitis B virus e Ag [+/-] in Serum or Plasma by Immunoassay,20191011
350164,Hepatitis B virus genotype [Identifier] in Serum or Plasma by NAA with probe detection,20191011
350917,Hepatitis B virus polymerase DNA [+/-] in Blood by NAA with probe detection,20210201
350159,Hepatitis B virus surface Ab [+/-] in Serum,20191011
350158,Hepatitis B virus surface Ab [+/-] in Serum by Immunoassay,20191011
350533,Hepatitis B virus surface Ab [mIU/mL] in Serum or Plasma by Immunoassay,20200417
350494,Hepatitis B virus surface Ab [mU/mL; IU/L] in Serum,20200417
350161,Hepatitis B virus surface Ag [+/-] in Serum,20191011
350160,Hepatitis B virus surface Ag [+/-] in Serum or Plasma by Immunoassay,20191011
385098,Hepatitis B virus surface Ag [+/-] in Tissue by Immune stain,20201102
385361,Hepatitis B virus surface Ag [+/-] in Tissue by Orcein stain,20210716
350162,Hepatitis B virus surface Ag [Units/mL] in Serum,20191011
350163,Hepatitis B virus surface Ag [Units/mL] in Serum or Plasma by Immunoassay,20191011
350173,Hepatitis C virus Ab [+/-] in Body fluid,20191011
350171,Hepatitis C virus Ab [+/-] in Body fluid by Immunoblot,20191011
350172,Hepatitis C virus Ab [+/-] in CSF,20191011
350571,Hepatitis C virus Ab [+/-] in Serum,20200505
351252,Hepatitis C virus core Ab+Ag [+/-] in Serum,20230803
351114,Hepatitis C virus core Ag [fmol/L] in Serum by Immunoassay,20210802
350850,Hepatitis C virus core Ag [U/mL] in Serum by Immunoassay,20210104
350167,Hepatitis C virus genotype [Identifier] in Serum or Plasma by NAA with probe detection,20191011
350168,Hepatitis C virus genotype [Identifier] in XXX specimen by NAA with probe detection,20191011
351183,Hepatitis C virus genotype in Blood by NAA with probe detection,20220301
350636,Hepatitis C virus IgG Ab [+/-] in Serum or Plasma by Immunoassay,20200601
351195,Hepatitis C virus NS5 gene mutations detected [Identifier] by Genotype method,20220401
350911,Hepatitis C virus RNA [+/-] in Serum or Plasma by NAA with probe detection,20210201
350169,Hepatitis C virus RNA [copies/mL] (viral load) in Serum or Plasma by NAA with probe detection,20191011
350170,Hepatitis C virus RNA [copies/mL] (viral load) in XXX specimen by NAA with probe detection,20191011
350482,Hepatitis C virus RNA [IU/mL] (viral load) in Serum or Plasma by NAA with probe detection,20191204
350483,Hepatitis C virus RNA [IU/mL] (viral load) in XXX specimen by NAA with probe detection,20191204
350724,Hepatitis C virus RNA [log copies/mL] (viral load) in Serum or Plasma by NAA with probe detection,20200701
350174,Hepatitis D virus Ab [+/-] in Serum,20191011
350175,Hepatitis D virus Ab [+/-] in Serum by Immunoassay,20191011
351166,Hepatitis D virus genotype  in  XXX specimen by NAA with probe detection,20220301
351179,Hepatitis D virus RNA [copies/mL] (viral load) in Serum or Plasma by NAA with probe detection,20220301
350176,Hepatitis E virus Ab [+/-] in Serum,20191011
350177,Hepatitis E virus Ab [+/-] in Serum by Immunoassay,20191011
350495,Hepatitis E virus IgG Ab [+/-] in Serum by Immunoassay,20200317
350496,Hepatitis E virus IgM Ab [+/-] in Serum or Plasma by Immunoassay,20200317
350912,Hepatitis E virus RNA [+/-] in Blood by NAA with probe detection,20210201
350913,Hepatitis E virus RNA [+/-] in Stool by NAA with probe detection,20210201
351108,Hepatitis E virus RNA [+/-] in XXX specimen by NAA with probe detection,20210802
320660,Hepatocellular carcinoma risk [Score] by GAAD,20231201
385101,Hepatocyte Ag [+/-] in Tissue by Immune stain,20201102
385407,HER2 [+/-] in Tissue by DISH ,20220301
370018,HER2 [+/-] in Tissue by FISH ,20220301
385102,HER2 Ag [+/-] in Tissue by Immune stain,20201102
370062,HER2 gene copy number/ chromosome17 copy number in Tissue by DISH,20211101
381231,HER2 gene copy number/Chromosome 17 copy number in Tissue by FISH,20211201
381313,Hereditary breast and gynecologic cancer multigene analysis in Blood or Tissue by Molecular genetics method,20220105
360164,Herpes gestationis Ab [Titer] in Serum by Immunofluorescence,20201116
351176,Herpes simplex virus 1 [+/-] by immunohistochemisty,20220301
385362,Herpes simplex virus 1 Ag [+/-] in Tissue by Immune stain,20210716
351200,Herpes simplex virus 1 and 2 DNA panel in Skin by NAA with probe detection,20220401
350797,Herpes simplex virus 1 DNA [+/-] in Blood by NAA with probe detection,20201116
351301,Herpes simplex virus 1 DNA [+/-] in XXX by NAA with probe detection,20241101
350250,Herpes simplex virus 1+2 Ab [+/-] in CSF,20191011
350251,Herpes simplex virus 1+2 Ab [+/-] in Serum,20191011
360211,Herpes simplex virus 1+2 DNA [+/-] in Cerebral spinal fluid by NAA with probe detection,20210301
350247,Herpes simplex virus 1+2 DNA [copies/mL] (viral load) in Amniotic fluid by NAA with probe detection,20191011
350246,Herpes simplex virus 1+2 DNA [copies/mL] (viral load) in Bone marrow by NAA with probe detection,20191011
350248,Herpes simplex virus 1+2 DNA [copies/mL] (viral load) in Bronchoalveolar lavage by NAA with probe detection,20191011
350249,Herpes simplex virus 1+2 DNA [copies/mL] (viral load) in CSF by NAA with probe detection,20191011
350242,Herpes simplex virus 1+2 DNA [copies/mL] (viral load) in Serum or Plasma by NAA with probe detection,20191011
350244,Herpes simplex virus 1+2 DNA [copies/mL] (viral load) in Tissue by NAA with probe detection,20191011
350245,Herpes simplex virus 1+2 DNA [copies/mL] (viral load) in Urine by NAA with probe detection,20191011
350243,Herpes simplex virus 1+2 DNA [copies/mL] (viral load) in XXX specimen by NAA with probe detection,20191011
350572,Herpes simplex virus 1+2 IgG Ab [+/-] in Cerebral spinal fluid,20200505
350678,Herpes simplex virus 1+2 IgG Ab [+/-] in Serum,20200616
350851,Herpes simplex virus 1+2 IgG Ab [+/-] in Serum by Immunoassay,20210104
350734,Herpes simplex virus 1+2 IgG Ab [+/-] in Serum or Plasma by Immunoassay,20200803
350573,Herpes simplex virus 1+2 IgM Ab [+/-] in Cerebral spinal fluid,20200505
350679,Herpes simplex virus 1+2 IgM Ab [+/-] in Serum,20200616
350713,Herpes simplex virus 1+2 IgM Ab [+/-] in Serum by Immunoassay,20241001
385108,Herpes simplex virus 2 Ag [+/-] in Tissue by Immune stain,20201102
351302,Herpes simplex virus 2 DNA [+/-] in XXX by NAA with probe detection,20241101
350237,Herpes simplex virus Ag [+/-] in Bronchial specimen by Immunofluorescence,20191011
351150,Herpes simplex virus Ag [+/-] in Cerebral spinal fluid by Immunofluorescence,20211201
350238,Herpes simplex virus Ag [+/-] in Cervix by Immunofluorescence,20191011
350239,Herpes simplex virus Ag [+/-] in Genital specimen by Immunofluorescence,20191011
350240,Herpes simplex virus Ag [+/-] in Skin by Immunofluorescence,20191011
350241,Herpes simplex virus Ag [+/-] in XXX specimen by Immunofluorescence,20191011
350608,Herpes simplex virus DNA [+/-] in Blood by NAA with probe detection,20200518
350852,Herpes simplex virus DNA [+/-] in XXX specimen by NAA with probe detection,20210104
350637,Herpes simplex virus identified in Body fluid by Organism specific culture,20200601
350638,Herpes simplex virus identified in Cerebral spinal fluid by Organism specific culture,20200601
350252,Herpes simplex virus identified in Skin by Organism specific culture,20191011
350253,Herpes simplex virus identified in XXX specimen by Organism specific culture,20191011
351084,Herpes simplex virus IgG Ab [U/mL] in Serum,20210623
350689,Herpes simplex virus IgM Ab [Titer] in Serum by Immunoassay,20200616
351085,Herpes simplex virus IgM Ab [U/mL] in Serum,20210623
350178,Herpes virus 6 DNA [+/-] in Blood by NAA with probe detection,20191011
350179,Herpes virus 6 DNA [+/-] in Serum by NAA with probe detection,20191011
350181,Herpes virus 6 DNA [+/-] in Tissue by NAA with probe detection,20191011
350180,Herpes virus 6 DNA [Identifier] in Serum or Plasma by NAA with probe detection,20191011
350182,Herpes virus 6 DNA [Identifier] in XXX specimen by NAA with probe detection,20191011
350183,Herpes virus 6 DNA [XXX] in XXX specimen by NAA with probe detection,20191011
350184,Herpes virus 7 DNA [+/-] in Blood by NAA with probe detection,20191011
350185,Herpes virus 7 DNA [+/-] in XXX specimen by NAA with probe detection,20191011
350186,Herpes virus 8 DNA [+/-] in Blood by NAA with probe detection,20191011
350187,Herpes virus 8 DNA [+/-] in Serum or Plasma by NAA with probe detection,20191011
350188,Herpes virus 8 DNA [+/-] in Tissue by NAA with probe detection,20191011
360165,Heterophile Ab [+/-] in Serum by Latex agglutination,20201116
360202,Heterophile Ab [+/-] in Serum by Sheep Cell Agglutination,20210216
360265,Heterophile Ab [+/-] in Serum or Plasma by Immunoassay,20210623
360246,Heterophile Ab [Titer] in Serum by Agglutination,20210601
330376,Hexane [mg/mL] in XXX specimen,20210601
330352,Hexane [ug/mL] in XXX specimen,20210401
320444,Hexokinase [U/g Hgb] in Red Blood Cells,20201116
381153,HFE gene mutations found [Identifier] in Blood or Tissue by Molecular genetics,20201201
381035,HFE gene targeted mutation analysis in Blood or Tissue by Molecular genetics method Narrative,20191011
385103,HHF-35 Ag [+/-] in Tissue by Immune stain,20201102
385242,HHV-8 Ag [+/-] in Tissue by Immune stain,20210401
330074,Hippurate [+/-] in Urine,20191011
330396,Hippurate [umol/L] in Serum or Plasma,20210623
330157,Hippurate/Creatinine [g/g creatinine] in Urine,20200518
P38435,Histology grade [Identifier] in Cancer,20230703
320551,Histone Ab [+/-] in Serum by Immunoassay,20210601
350798,Histoplasma capsulatum Ab [+/-] in Serum by Immune diffusion (ID),20201116
351239,HIV 1 Ab [+/-] in Saliva (oral fluid),20230301
351232,"HIV 1 Ab [+/-] in Serum, Plasma or Blood by Rapid immunoassay",20230103
350232,HIV 1 Ag [+/-] in Serum,20191011
350233,HIV 1 Ag [+/-] in Serum or Plasma by Immunoassay,20191011
351233,"HIV 1 and 2 Ab [Identifier] in Serum, Plasma or Blood by Rapid immunoassay",20230103
220102,HIV 1 group O RNA+HIV 1 group M RNA+HIV 2 RNA+Hepatitis C virus RNA+Hepatitis B virus DNA [+/-] in Serum or Plasma from Donor by NAA with probe detection,20210618
350574,HIV 1 p24 Ag [+/-] in Serum or Plasma by Immunoassay,20200505
350853,HIV 1 p24 Ag [+/-] in Serum or Plasma by Neutralization test,20210104
350854,HIV 1 proviral DNA [+/-] in Blood by NAA with probe detection,20210104
350213,HIV 1 proviral DNA [copies/mL] (viral load) in Blood by NAA with probe detection,20191011
350214,HIV 1 proviral DNA [Log copies/mL] (viral load) in XXX specimen by NAA with probe detection,20191011
350644,HIV 1 RNA [+/-] in Serum or Plasma by NAA with probe detection,20200601
350197,HIV 1 RNA [copies/mL] (viral load) in CSF by NAA with probe detection,20191011
350212,HIV 1 RNA [copies/mL] (viral load) in Plasma by Probe and target amplification method detection limit = 20 copies/mL,20191011
350209,HIV 1 RNA [copies/mL] (viral load) in Plasma by Probe with signal amplification,20191011
350189,HIV 1 RNA [copies/mL] (viral load) in Serum or Plasma by NAA with probe detection,20191011
350190,HIV 1 RNA [copies/mL] (viral load) in Serum or Plasma by Probe,20191011
350204,HIV 1 RNA [copies/mL] (viral load) in Serum or Plasma by Probe and target amplification method detection limit = 400 copies/mL,20191011
350203,HIV 1 RNA [copies/mL] (viral load) in Serum or Plasma by Probe and target amplification method detection limit = 50 copies/mL,20191011
350198,HIV 1 RNA [copies/mL] (viral load) in Serum or Plasma by Probe with amplification detection limit = 400 copies/mL,20191011
350200,HIV 1 RNA [copies/mL] (viral load) in Serum or Plasma by Probe with amplification detection limit = 75 copies/mL,20191011
350192,HIV 1 RNA [copies/mL] (viral load) in XXX specimen by NAA with probe detection,20191011
350196,HIV 1 RNA [Log copies/mL] (viral load) in Cerebral spinal fluid by NAA with probe detection,20191011
350194,HIV 1 RNA [Log copies/mL] (viral load) in Plasma by Probe with signal amplification,20191011
350195,HIV 1 RNA [Log copies/mL] (viral load) in Serum or Plasma by NAA with probe detection,20191011
350208,HIV 1 RNA [Log copies/mL] (viral load) in Serum or Plasma by Probe and target amplification method detection limit = 0.5 log copies/mL,20191011
350202,HIV 1 RNA [Log copies/mL] (viral load) in Serum or Plasma by Probe and target amplification method detection limit = 1.7 log copies/mL,20191011
350205,HIV 1 RNA [Log copies/mL] (viral load) in Serum or Plasma by Probe and target amplification method detection limit = 2.6 log copies/mL,20191011
350201,HIV 1 RNA [Log copies/mL] (viral load) in Serum or Plasma by Probe with amplification detection limit = 1.9 log copies/mL,20191011
350199,HIV 1 RNA [Log copies/mL] (viral load) in Serum or Plasma by Probe with amplification detection limit = 2.6 log copies/mL,20191011
350206,HIV 1 RNA [Log copies/mL] (viral load) in XXX specimen by NAA with probe detection,20191011
350191,HIV 1 RNA [Units/mL] (viral load) in Plasma by Probe with signal amplification,20191011
350210,HIV 1 RNA [Units/mL] (viral load) in Serum or Plasma by NAA with probe detection,20191011
350207,HIV 1 RNA panel (viral load) in CSF by NAA with probe detection,20191011
351197,"HIV 1 RNA reverse transcriptase and protease and integrase gene [Nucleotide sequence] in Serum, Plasma or Blood by Sequencing",20220401
350224,HIV 1 RNA reverse transcriptase and protease and integrase gene mutations detected [Identifier] in Plasma by Sequencing,20191011
350215,"HIV 1 RNA reverse transcriptase and protease and integrase gene mutations detected [Identifier] in Plasma by Sequencing (3-Drug Class Resistance, 3-DCR)",20200803
350227,HIV 1+2 Ab [+/-] in Serum by Immunoblot,20191011
350228,HIV 1+2 Ab [+/-] in Serum or Plasma by Immunoassay,20191011
350230,"HIV 1+2 Ab [+/-] in Serum, Plasma or Blood by Rapid immunoassay",20191011
350229,HIV 1+2 Ab [+/-] in XXX specimen by Immunoassay,20191011
350231,HIV 1+2 Ab [+/-] in XXX specimen by Rapid immunoassay,20191011
351012,"HIV 1+2 Ab and HIV1 p24 Ag in Serum, Plasma or Blood by Rapid immunoassay",20210401
350855,HIV 1+2 Ab+HIV1 p24 Ag [+/-] in Serum or Plasma by Immunoassay,20211101
351235,"HIV 2 Ab [+/-] in Serum, Plasma or Blood by Rapid immunoassay",20230103
351178,HIV 2 proviral DNA [+/-] in XXX specimen by NAA with probe detection,20220301
350865,HIV 2 RNA [+/-] in Serum or Plasma by NAA with probe detection,20210104
351180,HIV 2 RNA [copies/mL] (viral load) in Plasma by NAA with probe detection,20220301
350211,HIV 2 RNA [Units/mL] (viral load) in Serum or Plasma by NAA with probe detection,20191011
350222,HIV nucleoside reverse transcriptase susceptibility panel by Genotype method,20191011
350193,HIV protease gene mutations by Genotype method,20191011
350221,HIV reverse transcriptase gene mutations detected,20200803
350218,HIV susceptibility panel by Genotype method,20191011
350217,"HIV-1 Drug resistance genotype (3-Drug Class Resistance, 3-DCR)",20200803
380028,HLA Ab [+/-] in Serum,20191011
380013,HLA Ab [Type] in Serum,20191011
385104,HLA class II Ag [+/-] in Tissue by Immune stain,20201102
380002,HLA-A [Type] by High resolution,20191011
380001,HLA-A [Type] by Low resolution,20191011
380047,HLA-A*31:01 [+/-] in Blood or Tissue,20210601
380003,HLA-A+B [Type],20191011
380042,HLA-A+B+Bw in Blood or Tissue,20210104
380005,HLA-A+B+C (class I) [Type],20191011
380022,HLA-A+B+C (class I) Ab in Serum,20191011
385294,HLA-A+B+C (class I) Ag [+/-] in Tissue by Immune stain,20210401
380004,HLA-A2 SBT [Type] by High resolution,20191011
380007,HLA-B [Type] by High resolution,20191011
380006,HLA-B [Type] by Low resolution,20191011
380048,HLA-B 35:05 [+/-] in EDTA-blood by PCR ,20240401
380026,HLA-B*15:02 [+/-],20191011
380029,HLA-B*57:01 [+/-],20191011
380027,HLA-B*58:01 [+/-] in Blood or Tissue,20191011
380009,HLA-B15 [+/-] in Blood or Tissue ,20210118
380008,HLA-B15 [+/-] in Donor,20191011
380025,HLA-B27 [+/-] in Blood or Tissue,20210118
380041,HLA-B27 [+/-] in Blood or Tissue by NAA with probe detection,20200701
380044,HLA-B51 [+/-] in Blood or Tissue,20210201
385470,HLA-B75(15) [+/-] in Blood/Tissue,20240501
380011,HLA-C [Type] by High resolution typing,20191011
380010,HLA-C [Type] in Blood or Tissue,20191011
380043,HLA-DP [Type] in Blood or Tissue ,20210104
380023,HLA-DP+DQ+DR (class II) Ab in Serum,20191011
380012,HLA-DQ alpha [Type],20191011
380031,HLA-DQB1 [Type] by Low resolution,20200601
385243,HLA-DR Ag [+/-] in Tissue by Immune stain,20210401
380030,HLA-DRB1 [Type] by Low resolution,20200601
385105,HMB-45 Ag [+/-] in Tissue by Immune stain,20201102
385328,HNF-1 Ag [+/-] in Tissue by Immune stain,20210601
381393,HNPCC genes mutations found [Identifier] in Blood or Tissue by Molecular genetics method Nominal,20231201
320557,Holo-transcobalamin II [pmol/L] in Serum,20210618
385371,Homeobox protein Nkx-3.1 (NKX3.1) [+/-] in Tissue by Immune stain,20210802
320066,Homocysteine [umol/L] in Serum or Plasma,20191011
310003,Homogentisate [+/-] in Urine,20191011
320201,Homovanillate [mg/24 H] in 24 hour Urine,20191011
320200,Homovanillate [mg/dL] in 24 hour Urine,20191011
320199,Homovanillate [mg/dL] in Urine,20191011
360223,Honey bee IgE Ab [kU/L] in Serum,20210317
360264,Honey bee phospholipase A2 recombinant (rApi m) 1 IgE Ab RAST class [+/-] in Serum,20210623
300175,Howell-Jolly bodies [+/-] in Blood by Light microscopy,20210104
385106,hPL (Placental Lactogen) Ag [+/-] in Tissue by Immune stain,20201102
381154,HPRT1 gene full mutation analysis in Blood or Tissue,20210317
381289,HPRT1 gene targeted mutation analysis in Blood or Tissue by Molecular genetics method,20210802
381103,HRAS gene mutations tested for in Blood or Tissue by Molecular genetics method Nominal,20200601
381156,HTT gene CAG repeats [+/-] in Blood or Tissue by Molecular genetics,20210317
381042,HTT gene targeted mutation analysis in Blood or Tissue by Molecular genetics method Narrative,20191011
320285,Human epididymis protein 4 [pM] in Serum or Plasma,20200317
385368,Human germinal center-associated lymphoma HGAL [+/-] in Tissue by Immune stain,20210802
385372,Human Herpes Virus 8 (HHV8) [+/-] in Tissue by Immune stain,20210802
351013,Human Metapneumovirus [+/-] in XXX specimen in Organism specific culture,20210401
350255,Human metapneumovirus Ag [+/-] in XXX specimen,20191011
350256,Human metapneumovirus Ag [+/-] in XXX specimen by Immunofluorescence,20191011
350259,Human metapneumovirus RNA [+/-] in Isolate by NAA with probe detection,20191011
350258,Human metapneumovirus RNA [+/-] in Nasopharynx by NAA with probe detection,20191011
350257,Human metapneumovirus RNA [+/-] in XXX specimen by NAA with probe detection,20191011
350866,Human metapneumovirus RNA [copies/mL] (viral load) in XXX specimen by NAA with probe detection,20210104
351210,Human papilloma virus 16+18 DNA [+/-] in Tissue by Probe,20220601
351272,Human papilloma virus 16+18 DNA [+/-] in Transport medium by probe detection,20240501
351173,Human papilloma virus 16+18+31+33+35+39+45+51+52+56+58+59+68 DNA [+/-] in Tissue by NAA with probe detection,20220301
351177,Human papilloma virus 18+45 E6+E7 mRNA [+/-] in Cervix by NAA with probe detection,20220301
351174,Human papilloma virus 31+33+35+39+45+51+52+56+58+59+66+68 DNA [+/-] in Tissue by NAA with probe detection,20220301
351095,Human papilloma virus 6+11 DNA [+/-] in Tissue by Probe,20210716
351128,Human papilloma virus Ab [+/-] in Tissue,20210813
385107,Human papilloma virus Ag [+/-] in Tissue by Immune stain,20201102
381232,Human papilloma virus DNA [+/-] in Cervix by Probe,20210301
385412,Human papilloma virus DNA [+/-] in Tissue by NAA with probe detection,20220502
350868,Human papilloma virus DNA [+/-] in XXX specimen by NAA with probe detection,20210104
385477,Human papilloma virus E6+E7 mRNA [+/-] in Cervix by NAA with probe detection,20240701
350870,Human papilloma virus genotype [Identifier] in XXX specimen by NAA with probe detection,20210104
350254,Human T-Cell Lymphotropic Virus Types I (HTLV I) Ab [+/-] in Serum,20210503
310061,Hyaline casts [Cells/LPF] in Urine sediment by Microscopy low power field,20210118
320624,Hydrocarbons.chlorinated [Identifier] in Blood,20220701
330378,Hydrocortisone [+/-] in XXX specimen,20210618
330185,Hydrocortisone [nmol/L] in XXX specimen,20210618
330246,Hydroxyitraconazole [ug/mL] in Serum or Plasma,20201116
381359,Hypertrophic cardiomyopathy gene targeted mutation analysis in Blood or Tissue by Sequencing,20220301
300142,Hypochromia [+/-] in Blood by Light microscopy,20200701
330397,Ibuprofen [+/-] in Serum or Plasma,20210623
385400,ICOS CD278 Ag [+/-] in Tissue by Immune stain,20211101
381261,IDH1 and IDH2 genes targeted mutation analysis in Blood or Tissue by Molecular genetics method,20230501
385244,IDH1 R132H Ag [+/-] in Tissue by Immune stain,20210401
360085,IgA [mg/dL; g/L] in Serum or Plasma,20200505
360133,IgA [U/mL] in Serum,20200601
385109,IgA Ag [+/-] in Tissue by Immune stain,20201102
385486,IgA Ag [+/-] in Tissue by Immunofluorescence ,20241001
385110,IgD Ag [+/-] in Tissue by Immune stain,20201102
360115,IgE [Units/mL] in Serum or Plasma,20200505
360116,IgE [Units/mL] in Serum or Plasma by Immunoassay,20200505
385459,IgE Ag [+/-] in Tissue by Immune stain,20240201
360166,IgG [g/L] in Serum by Electrophoresis,20201116
360087,IgG [mg/dL; g/L] in Serum or Plasma,20200417
385382,IgG [mg/dL] in Cerebral spinal fluid,20210802
360203,IgG Ab Cow milk [+/-] in Serum,20210216
360204,IgG Ab Soy milk [+/-] in Serum,20210216
385461,IgG Ag [+/-] in Skin by Immunofluorescence ,20240301
385111,IgG Ag [+/-] in Tissue by Immune stain,20201102
385487,IgG Ag [+/-] in Tissue by Immunofluorescence,20241001
360205,IgG on red blood cells in Blood by Flow cytometry,20210216
360198,IgG subclass 1 [mg/dL] in Serum,20210201
360199,IgG subclass 2 [mg/dL] in Serum,20210201
360200,IgG subclass 3 [mg/dL] in Serum,20210201
360091,IgG subclass 4 [mg/dL] in Serum,20191011
385211,IgG subclass 4 Ag [+/-] in Tissue by Immune stain,20210401
385298,IgG4 Ag [+/-] in Tissue by Immune stain,20210401
370032,IGH gene rearrangements [+/-] in Blood or Tissue by FISH,20210716
370056,IGH gene rearrangements [+/-] in Tissue by FISH ,20211101
360305,IgLON5 IgG Ab [Titer] in Serum by Immunofluorescence,20220301
360088,IgM [mg/dL; g/L] in Serum or Plasma,20200601
385112,IgM Ag [+/-] in Tissue by Immune stain,20201102
385488,IgM Ag [+/-] in Tissue by Immunofluorescence ,20241001
330075,Imipramine [+/-] in Serum or Plasma,20191011
330076,Imipramine [+/-] in Urine,20191011
330247,Imipramine trough [ng/mL] in Serum or Plasma,20220601
360302,Immune complex [U/mL] in Serum or Plasma by C1q binding assay,20220201
385445,Immune stain study,20230703
360129,Immunoelectrophoresis for Serum or Plasma,20200518
310004,Immunoglobulin light chains [+/-] in Urine,20191011
360208,Indirect antiglobulin test.complement specific reagent [+/-] in Serum or Plasma,20210301
330362,Indoxyl sulfate (Total form) [ug/mL] in Blood,20210503
360336,Infliximab Ab [ng/mL] in Serum or Plasma by Immunoassay,20231101
330538,Inflixmab [ng/mL] in Serum or Plasma by Immunoassay,20231101
351002,Influenza A virus H1 H3 pandemic 2009 /Influenza B /RSV: RNA in XXX specimen by NAA with probe detection,20210317
350871,Influenza virus A [+/-] in XXX specimen by Organism specific culture,20210618
350639,Influenza virus A Ag [+/-] in Cerebral spinal fluid,20200601
350609,Influenza virus A Ag [+/-] in Nose by Immunofluorescence,20200518
350610,Influenza virus A Ag [+/-] in Throat by Immunoassay,20200518
351246,Influenza virus A Ag [+/-] in Upper respiratory specimen by Rapid immunoassay,20230601
350267,Influenza virus A Ag [+/-] in XXX specimen,20191011
350266,Influenza virus A Ag [+/-] in XXX specimen by Immunoassay,20191011
350265,Influenza virus A Ag [+/-] in XXX specimen by Immunofluorescence,20191011
350111,Influenza virus A and B Ag [Identifier] in Nose by Rapid immunoassay,20191011
350110,Influenza virus A and B Ag [Identifier] in XXX specimen by Rapid immunoassay,20201116
351278,Influenza virus A and B and SARS-CoV-2 (COVID-19) and Respiratory syncytial virus RNA in Respiratory specimen by Rapid immunoassay,20240604
350958,Influenza virus A H1 2009 pandemic RNA [+/-] in Nasopharynx by NAA with probe detection,20210301
350877,Influenza virus A H1 RNA [+/-] in XXX specimen by NAA with probe detection,20210104
350914,Influenza virus A H1+H3+B RNA [+/-] in Specimen by NAA with probe detection,20210201
350878,Influenza virus A H3 RNA [+/-] in XXX specimen by NAA with probe detection,20210104
350997,Influenza virus A H3 RNA [copies/mL] in XXX specimen by NAA with probe detection,20210317
350879,Influenza virus A H5 RNA [+/-] in XXX specimen by NAA with probe detection,20210104
351032,Influenza virus A IgM Ab [+/-] in Serum by Immunoassay,20210503
351033,Influenza virus A IgM Ab [U/L] in Serum by Immunoassay,20210503
350880,Influenza virus A neuraminidase RNA  in XXX specimen by Sequencing,20210104
300069,Influenza virus A RNA [+/-] in Nasopharynx by NAA with probe detection,20220502
350262,Influenza virus A RNA [+/-] in XXX specimen by NAA with probe detection,20191011
350264,Influenza virus A RNA [copies/mL] (viral load) in XXX specimen by NAA with probe detection,20191011
350263,Influenza virus A RNA [Units/mL] (viral load) in XXX specimen by NAA with probe detection,20191011
350261,Influenza virus A+B Ag [+/-] in Nose by Rapid immunoassay,20191011
350881,Influenza virus A+B Ag [+/-] in XXX specimen by Immunoassay,20210104
350260,Influenza virus A+B Ag [+/-] in XXX specimen by Immunofluorescence,20191011
350640,Influenza virus A+B RNA [+/-] in Nasopharygeal swab by NAA with probe detection,20200601
350641,Influenza virus A+B RNA [+/-] in Throat swab by NAA with probe detection,20200601
350112,Influenza virus A+B RNA [+/-] in XXX specimen by NAA with probe detection,20191011
350956,Influenza virus Ab in Serum,20210301
350882,Influenza virus B [+/-] in XXX specimen by Organism specific culture,20210104
350611,Influenza virus B Ag [+/-] in Cerebral spinal fluid,20200518
350900,Influenza virus B Ag [+/-] in Nasopharynx by Rapid immunoassay,20210118
350642,Influenza virus B Ag [+/-] in Nose by Immunoassay,20200601
350270,Influenza virus B Ag [+/-] in XXX specimen,20191011
350271,Influenza virus B Ag [+/-] in XXX specimen by Immunoassay,20191011
350269,Influenza virus B Ag [+/-] in XXX specimen by Immunofluorescence,20191011
351035,Influenza virus B IgM Ab [+/-] in Serum by Immunoassay,20210503
351037,Influenza virus B IgM Ab [U/L] in Serum by Immunoassay,20210503
350957,Influenza virus B IgM Ab in Serum,20210301
351253,Influenza virus B RNA [+/-] in XXX by NAA with probe detection,20230803
350268,Influenza virus B RNA [copies/mL] (viral load) in XXX specimen by NAA with probe detection,20191011
351199,Influenza virus types A and B panel - Upper respiratory specimen by NAA with probe detection,20220401
360378,Inhalant Allergen Mix 8 (Mugwort+Common silver birch+Cat dander+C herbarum+Dermatophagoides pteronyssinus+Dog dander+Timothy grass+Rye) IgE Ab [+/-] in Serum by Multidisk,20250203
360310,Inhalant Allergen Mix 8 (Mugwort+Common silver birch+Cat dander+C herbarum+Dermatophagoides pteronyssinus+Dog dander+Timothy grass+Rye) IgE Ab [U/L] in Serum by Multidisk,20220401
370002,Inhalant Allergen Mixture IgE Ab [Units/volume] in Serum by Multidisk,20191011
320371,Inhibin A [pg/mL] in Serum or Plasma,20200518
385007,Inhibin Ag [+/-] in Tissue by Immune stain,20201102
308039,INR in Blood by Coagulation assay,20191011
308038,INR in Platelet poor plasma by Coagulation assay,20191011
320202,Insulin [uU/mL] in Serum or Plasma,20191011
320406,Insulin Ab [+/-] in Serum,20200701
385113,Insulin Ag [+/-] in Tissue by Immune stain,20201102
320337,Insulin fasting [uU/mL] in Serum or Plasma ,20220601
320205,Insulin-like growth factor binding protein 3 [ng/mL; ug/mL] in Serum or Plasma,20200417
320204,Insulin-like growth factor-I [IU/mL] in Serum or Plasma,20191011
320203,Insulin-like growth factor-I [ng/ml] in Serum or Plasma,20191011
385449,Insulinoma associated protein 1 (INSM1) Ag [+/-] in Tissue by Immune Stain,20231002
385330,Integrase interactor 1 (INI1) Ag [+/-] in Tissue by Immune stain,20210601
360241,Intercellular substance IgA Ab [+/-] in Serum by Immunofluorescence,20210401
360177,Intercellular substance IgG Ab [+/-] in Serum by Immunofluorescence,20210401
360167,Intercellular substance IgG Ab in Serum by Immunofluorescence,20201116
360242,Intercellular substance IgM Ab [+/-] in Serum by Immunofluorescence,20210401
360311,Interferon 12 [+/-] in Serum or Plasma,20220401
360375,Interferon alpha [IU]/mL in Serum or Plasma,20250102
360353,Interferon alpha [pg/ml] in Serum or Plasma,20240401
360354,Interferon beta [pg/ml] in Serum or Plasma,20240401
360312,Interferon gamma [+/-] in Serum or Plasma,20220401
360209,Interferon gamma [pg/mL] in Serum or Plasma,20210301
385447,Interferon Gamma Inducible protein 10 [log scale] in urine by RT PCR,20230803
360334,Interferon Gamma Inducible protein 10 [log scale] in urine by RT PCR,20230803
360314,Interferon.beta 1 Ab [Titer] in Serum or Plasma by Neutralization test,20220701
351263,Interferon-y receptor in Blood by Direct immunofluorescence,20231101
360355,Interleukin 1 beta [pg/ml] in Serum or Plasma,20240401
360356,Interleukin 10 [pg/ml] in Serum or Plasma,20240401
360357,Interleukin 12 [pg/ml] in Serum or Plasma,20240401
385494,interleukin 12p70 [pg/mL] in Serum,20250102
360358,Interleukin 13 [pg/ml] in Serum or Plasma,20240401
360359,Interleukin 17A [pg/ml] in Serum or Plasma,20240401
360360,Interleukin 18 [pg/ml] in Serum or Plasma,20240401
360361,Interleukin 2 [pg/ml] in Serum or Plasma,20240401
360362,Interleukin 2 Receptor Soluble [pg/ml] in Serum or Plasma,20240401
385493,Interleukin 23 [pg/mL] in Serum or Plasma,20250102
385496,Interleukin 33 [pg/mL] in Serum or Plasma,20250102
360363,Interleukin 4 [pg/ml] in Serum or Plasma,20240401
360364,Interleukin 5 [pg/ml] in Serum or Plasma,20240401
360243,Interleukin 6 [pg/mL] in Cerebral spinal fluid,20210503
320430,Interleukin 6 [pg/mL] in Serum or Plasma,20201001
360365,Interleukin 8 [pg/ml] in Serum or Plasma,20240401
351264,Interleukin-12 receptor in Blood by Direct immunofluorescence,20231101
320493,Intrinsic factor Ab [U/mL] in Serum,20210118
381265,"inv(16)(p13.1;q22.1)(MYH11,CBFB) fusion transcript [+/-] in Blood or Tissue by Molecular genetics method",20210618
381266,"inv(16)(p13.1;q22.1)(MYH11,CBFB) fusion transcript [+/-] in Bone marrow by Molecular genetics method",20210618
370094,"inv(16)(p13.1;q22.1)(MYH11,CBFB) fusion transcript in Blood or Tissue by FISH",20241101
381233,"inv(2)(p21;p23)(EML4,ALK) fusion transcript [+/-] in Tissue by Molecular genetics method",20210301
330449,Iodide [ug/mL] in Urine,20220105
320595,Iodine [+/-] in Serum or Plasma,20211201
320602,Iodine [+/-] in XXX specimen,20220301
320014,Iodine [ug/L] in Urine,20191011
320611,Iohexol [ug/mL] in Serum or Plasma,20220502
370060,IRF4 gene rearrangements [+/-] in Tissue by FISH,20211101
385434,IRF8 Ag [+/-] in Tissue by Immune stain,20221101
320015,Iron [mg/dL; ug/dL] in Serum or Plasma,20200417
320445,Iron [umol/L] in Serum or Plasma,20201116
320156,Iron binding capacity [ug/dL] in Serum or Plasma,20191011
320157,Iron binding capacity [umol/L] in Serum or Plasma,20191011
320613,Iron binding capacity.unsaturated [mg/dL; ug/dL] in Serum or Plasma,20220502
320555,Iron binding capacity.unsaturated [umol/L] in Serum or Plasma,20210601
320405,Iron saturation [%] in Serum or Plasma,20200701
300254,Iron.microscopic observation [Identifier] in Bone by Histomorphometry stain,20230703
300019,Iron.microscopic observation [Identifier] in Bone marrow by Potassium ferrocyanide stain,20191011
300223,Iron.microscopic observation [Identifier] in Tissue by Potassium ferrocyanide stain,20211201
360181,Islet cell 512 Ab [U/mL] in Serum,20210104
330509,Isoniazid+Rifampicin [mg/L] in Blood by LC-MS/MS,20221003
330506,Isoniazid+Rifampicin+Pyrazinamide+Ethambutol [mg/L] in Blood by LC-MS/MS,20221003
330507,Isoniazid+Rifapentine [mg/L] in Blood by LC-MS/MS,20221003
330505,Isoniazidin [mg/L] in Blood by LC-MS/MS,20221003
330077,Isopropanol [+/-] in Serum or Plasma,20191011
330078,Isopropanol [+/-] in Urine,20191011
330289,Isopropanol [mg/dL] in Serum or Plasma,20210118
330290,Isopropanol [mg/dL] in Urine,20210118
330248,Isopropanol [mmol/L] in XXX specimen,20201116
351096,Isospora belli [+/-] in Specimen by Acid fast stain.Kinyoun modified,20210716
330398,Isospora belli [+/-] in Stool,20210623
381291,ITPA (Innosine triphosphate pyrophosphatase) genotype in Blood by Molecular genetic,20210813
330158,Itraconazole [ug/mL] in Serum or Plasma,20200518
330399,Itraconazole [ug/mL] in XXX specimen,20210623
330410,Itraconazole Susceptibility,20210716
381186,JAK2 gene exon 12 mutations tested for in Blood or Tissue by Molecular genetics method Nominal,20210104
381095,JAK2 gene exon 12 targeted mutation analysis in Blood or Tissue by Molecular genetics method Narrative,20191011
381097,JAK2 gene.p.Val617Phe mutant/Normal in Blood or Tissue by Molecular genetics method,20191011
351086,Japanese encephalitis virus Ab [+/-] in Cerebral spinal fluid by Immunoassay,20210623
350274,Japanese encephalitis virus Ab [+/-] in CSF,20191011
350275,Japanese encephalitis virus Ab [+/-] in Serum,20191011
350764,Japanese encephalitis virus Ab [+/-] in Serum by Immunoassay,20201001
350536,Japanese encephalitis virus IgG Ab [+/-] in Cerebral spinal fluid by Immunoassay,20200417
350537,Japanese encephalitis virus IgG Ab [+/-] in Serum by Immunoassay,20200417
351046,Japanese encephalitis virus IgG Ab [Titer] in Cerebral spinal fluid by Immunofluorescence,20210503
350538,Japanese encephalitis virus IgM Ab [+/-] in Cerebral spinal fluid by Immunoassay,20200417
350539,Japanese encephalitis virus IgM Ab [+/-] in Serum by Immunoassay,20200417
350643,Japanese encephalitis virus RNA [+/-] in Cerebral spinal fluid by NAA with probe detection,20210503
350272,Japanese encephalitis virus RNA [+/-] in Serum by NAA with probe detection,20191011
350273,Japanese encephalitis virus RNA [+/-] in XXX specimen by NAA with probe detection,20191011
381244,JC virus DNA [+/-] in XXX Specimen by NAA with probe detection,20210301
350285,JC virus DNA [copies/mL] (viral load) in Bone marrow by NAA with probe detection,20191011
350286,JC virus DNA [copies/mL] (viral load) in Bronchoalveolar lavage by NAA with probe detection,20191011
350282,JC virus DNA [copies/mL] (viral load) in CSF by NAA with probe detection,20191011
350287,JC virus DNA [copies/mL] (viral load) in Tissue by NAA with probe detection,20191011
350284,JC virus DNA [copies/mL] (viral load) in XXX specimen by NAA with probe detection,20191011
350288,JC virus DNA [Units/mL] (viral load) in CSF by NAA with probe detection,20191011
350283,JC virus DNA copies/mL] (viral load) in Serum or Plasma by NAA with probe detection,20191011
351292,JC viurs and BK virus and Adenovirus and Cytomegalovirus and Epstein-Barr virus DNA Panel in Nasopharyngeal by NAA with probe detection,20240902
220052,Jk sup(a) Ag [+/-] on Red Blood Cells,20210623
220050,Jk sup(a) Ag [+/-] on Red Blood Cells from Blood product unit,20210618
220051,Jk sup(a) Ag [+/-] on Red Blood Cells from Donor,20210623
220055,Jk sup(b) Ag [+/-] on Red Blood Cells,20210623
220053,Jk sup(b) Ag [+/-] on Red Blood Cells from Blood product unit,20210618
220054,Jk sup(b) Ag [+/-] on Red Blood Cells from Donor,20210623
360168,Jo-1 extractable nuclear Ab [+/-] in Serum by Immunoassay,20201116
360188,Johnson grass smut IgE Ab [kU/L] in Serum,20210118
220059,K Ag [+/-] in Cord red blood cells,20210623
220058,K Ag [+/-] on Red Blood Cells,20210623
220056,K Ag [+/-] on Red Blood Cells from Blood product unit,20210618
220057,K Ag [+/-] on Red Blood Cells from Donor,20210623
360294,Kappa [+/-] in Tissue by In situ hybridization (ISH),20211101
381045,Kappa LC gene rearrangements [+/-] in Blood or Tissue by Molecular genetics method,20191011
385114,Kappa light chains Ag [+/-] in Tissue by Immune stain,20201102
385489,Kappa light chains Ag [+/-] in Tissue by Immunofluorescence,20241001
360270,Kappa light chains.free [mg/L] in Urine,20210716
360196,Kappa light chains.free [mg/mL] in Serum by Nephelometry,20210201
360098,Kappa light chains.free/Lambda light chains.free [Ratio] in Serum by Nephelometry,20200317
360137,Kappa light chains.free/Lambda light chains.free [Ratio] in Urine,20200616
370016,Karyotype [Identifier] in Blood Nominal,20210216
381007,Karyotype [Identifier] in Blood or Tissue in Leukemia Narrative,20191011
381006,Karyotype [Identifier] in Blood or Tissue Nominal,20191011
370009,Karyotype [Identifier] in Bone marrow Nominal,20200601
370010,Karyotype [Identifier] in XXX specimen Nominal,20200601
385353,KCNA1 Ag [+/-] in Tissue by Immune stain,20210618
385115,Ker I(human) Ag [+/-] in Tissue by Immune stain,20201102
385116,Ker II(Bovine) Ag [+/-] in Tissue by Immune stain,20201102
385340,Keratin Ag [+/-] in Tissue by Immune stain,20210618
330514,Ketamine [+/-] in Serum or Plasma,20230201
330249,Ketamine [+/-] in Urine,20201116
320494,Ketones [+/-] in Serum or Plasma,20210118
310010,Ketones [+/-] in Urine by Test strip,20191011
320331,Ketones [mg/dL] in Serum or Plasma,20220701
320067,Ketones [mmol/L] in Serum or Plasma,20200417
320548,Ketones [mmol/L] in Serum or Plasma by Test strip,20210503
385117,Ki-67 nuclear Ag [+/-] in Tissue by Immune stain,20201102
P38140,Kidney needle biopsy,20201102
P38141,Kidney needle biopsy (with immunohistochemical study),20201102
P38142,"Kidney, nephrectomy and partial nephrectomy",20201102
P38143,"Kidney, wedge biopsy",20201102
381119,KIT gene exon 11 mutations found [Identifier] in Blood or Tissue by Molecular genetics method Nominal,20201116
381120,KIT gene exon 9 mutations found [Identifier] in Blood or Tissue by Molecular genetics method Nominal,20230501
381298,KRAS and NRAS gene mutations found in Blood or Tissue by Molecular genetics method ,20211001
381234,KRAS gene in Cancer specimen by Sequencing,20210301
381048,KRAS gene targeted mutation analysis in Blood or Tissue by Molecular genetics method Narrative,20191011
381392,Kruppel like factor 1 [+/-] in Serum by PCR,20231101
381157,KSS and CPEO syndrome gene targeted mutation analysis in Blood or Tissue,20201201
390034,Lacosamide [ug/mL] in Serum or Plasma,20200901
320338,Lactate [mg/dL] in Serum or Plasma,20200505
320069,Lactate [mmol/L] in CSF,20191011
320068,Lactate [mmol/L] in Serum or Plasma,20191011
320133,Lactate dehydrogenase [U/L] in Body fluid by Lactate to pyruvate reaction,20191011
320382,Lactate dehydrogenase [U/L] in Body fluid by Pyruvate to lactate reaction,20200601
320137,Lactate dehydrogenase [U/L] in CSF by Lactate to pyruvate reaction,20191011
320134,Lactate dehydrogenase [U/L] in Pericardial fluid by Lactate to pyruvate reaction,20191011
320136,Lactate dehydrogenase [U/L] in Peritoneal fluid by Lactate to pyruvate reaction,20191011
320135,Lactate dehydrogenase [U/L] in Pleural fluid by Lactate to pyruvate reaction,20191011
320132,Lactate dehydrogenase [U/L] in Serum or Plasma by Lactate to pyruvate reaction,20191011
320339,Lactate dehydrogenase [U/L] in Synovial fluid by Lactate to pyruvate reaction,20200505
320138,Lactate dehydrogenase [U/L] in XXX specimen,20191011
320139,Lactate dehydrogenase isoenzymes [U/L] in Serum or Plasma,20191011
360295,Lambda [+/-] in Tissue by In situ hybridization (ISH),20220301
381241,Lambda LC gene rearrangements [+/-] in Blood or Tissue by Molecular genetics method,20210301
385118,Lambda light chains Ag [+/-] in Tissue by Immune stain,20201102
385490,Lambda light chains Ag [+/-] in Tissue by Immunofluorescence,20241001
360271,Lambda light chains.free [mg/L] in Urine,20210716
360197,Lambda light chains.free [mg/mL] in Serum by Nephelometry,20210201
330186,lamoTRIgine [ug/mL] in Serum or Plasma,20200901
385224,Langerin Ag [+/-] in Tissue by Immune stain,20210401
360117,Latex IgE Ab [kU/L] in Serum,20200505
360349,Latex recombinant (rHev b) 6.02 IgE Ab [k[IU]/L] in Serum ,20240401
220065,Le sup(a) Ag [+/-] on Red Blood Cells,20210623
220063,Le sup(a) Ag [+/-] on Red Blood Cells from Blood product unit,20210618
220064,Le sup(a) Ag [+/-] on Red Blood Cells from Donor,20210623
220068,Le sup(b) Ag [+/-] on Red Blood Cells,20210623
220066,Le sup(b) Ag [+/-] on Red Blood Cells from Blood product unit,20210618
220067,Le sup(b) Ag [+/-] on Red Blood Cells from Donor,20210623
330250,Lead [+/-] in XXX specimen,20201116
330079,Lead [mg/dL ; mcg/dL] in Serum or Plasma,20200317
330080,Lead [mg/dL ; mcg/dL] in Urine,20200317
330081,Lead [mg/dL; mcg/dL] in 24 hour Urine,20200317
330251,Lead [ug/dL] in Red Blood Cells,20201116
330187,Lead [ug/dL] in XXX specimen,20200901
330363,Lead [ug/g] in Hair,20210503
385245,LEF1 Ag [+/-] in Tissue by Immune stain,20210401
P38211,"Leg, amputation (AK, BK) for non-tumor",20201102
350735,Legionella pneumophila Ag [+/-] in Serum by Immunoassay,20200803
350031,Legionella pneumophila Ag [+/-] in Urine by Immunoassay,20191011
350645,Legionella pneumophila Ag [+/-] in Urine by Immunofluorescence,20200601
350030,Legionella pneumophila DNA [+/-] in XXX specimen by NAA with probe detection,20191011
350646,Legionella pneumophila IgG [+/-] in Urine by Immunoassay,20201102
350647,Legionella pneumophila IgM [+/-] in Urine by Immunoassay,20201102
350612,Legionella sp Ag [+/-] in Urine by Immunofluorescence,20200518
351018,Legionella sp IgG Ab [+/-] in Serum,20210401
351019,Legionella sp IgM Ab [+/-] in Serum,20210401
350425,Leishmania sp identified in Blood by Organism specific culture,20191011
350427,Leishmania sp identified in Bone marrow by Organism specific culture,20191011
351182,Leishmania sp identified in Tissue,20220301
350426,Leishmania sp identified in Tissue by Organism specific culture,20191011
351312,Leishmania sp identified in XXX Specimen by Giemsa stain,20250102
350424,Leishmania sp identified in XXX specimen by Organism specific culture,20191011
330400,Leptin [ng/mL] in Serum or Plasma,20210623
350032,Leptospira sp Ab [+/-] in Serum,20191011
350714,Leptospira sp Ab [+/-] in Serum by Immunoassay,20211101
351003,Leptospira sp Ab [Titer] in Serum,20210317
351205,Leptospira sp DNA [+/-] in Blood by NAA with probe detection,20220502
351206,Leptospira sp DNA [+/-] in Urine by NAA with probe detection,20220502
350883,Leptospira sp DNA [+/-] in XXX specimen by NAA with probe detection,20210104
350497,Leptospira sp IgG Ab [+/-] in Serum by Immunoassay,20200317
350765,Leptospira sp IgG Ab [Titer] in Serum,20201001
350498,Leptospira sp IgM Ab [+/-] in Serum by Immunoassay,20200317
350766,Leptospira sp IgM Ab [Titer] in Serum,20201001
351020,Leptospira sp.IgG and IgM Ab [titer] in Serum or Plasma by IFA,20210401
B23502,Leukapheresis (ใช้เครื่อง Apheresis),20210618
340038,Leukemia markers in Blood Narrative,20210301
300216,Leukocyte alkaline phosphatase [+/-] in Blood,20210802
385479,Leukocyte common Ag [+/-] in Tissue by Immune stain,20240701
B23466,Leukocyte Depleted Cryoprecipitate (NAT) ,20210618
B23464,Leukocyte Depleted Cryoprecipitate (NAT) (สภากาชาด),20210618
B23461,Leukocyte Depleted Cryo-Removed Plasma (LDCRP) ,20210618
B23462,Leukocyte Depleted Cryo-Removed Plasma (LDCRP) (NAT)  ,20210618
B23468,Leukocyte Depleted Cryo-Removed Plasma (LDCRP) (NAT) (สภากาชาด),20210618
B23453,Leukocyte Depleted Fresh Frozen Plasma (LDFFP),20210618
B23469,Leukocyte Depleted Fresh Frozen Plasma (LDFFP) (สภากาชาด),20210618
B23359,Leukocyte Depleted Platelet Concentrate 1 unit,20210618
B23353,Leukocyte Depleted Pooled Platelet Concentrate 4 units (NAT) (Filtration method),20210618
B23303,Leukocyte Depleted Pooled Platelet Concentrate 4 units (NAT) (สภากาชาด),20210618
B23255,Leukocyte Depleted PRC,20210618
B23256,Leukocyte Depleted PRC (NAT),20210618
B23203,Leukocyte Depleted PRC (NAT) (สภากาชาด),20210618
B23154,Leukocyte Depleted Whole Blood (LDWB) (NAT),20210618
B23102,Leukocyte Depleted Whole Blood (LDWB) (สภากาชาด),20210618
310038,Leukocyte esterase [+/-] in Urine by Test strip,20200601
300217,Leukocyte peroxidase emzyme [+/-] in Blood or Bome marrow by peroxidase stain,20210802
300020,Leukocyte phosphatase [U/mL] in Leukocytes,20191011
B23361,Leukocyte Poor Platelet Concentrate (NAT),20210618
B23352,Leukocyte Poor Pooled Platelet Concentrate 4 units (NAT),20210618
B23302,Leukocyte Poor Pooled Platelet Concentrate 4 units (NAT) (สภากาชาด),20210618
B23253,Leukocyte Poor PRC,20210618
B23202,Leukocyte Poor PRC (NAT) (สภากาชาด),20210618
B23254,Leukocyte Poor PRC NAT,20230501
390008,Leukocytes [+/-] in Stool by Light microscopy,20200505
310067,Leukocytes [+/-] in Urine sediment by Light microscopy,20210301
300184,Leukocytes [10*3/uL] in Semen by Manual count,20210301
310039,Leukocytes [cell/HPF] in Urine sediment by Microscopy high power field,20200601
300072,Leukocytes [cells/uL] in Blood by Automated count,20200518
300091,Leukocytes [cells/uL] in Body fluid,20200518
B23360,Leukodepleted Single Donor Platelet Concentrate (SDP),20210618
B23363,Leukodepleted Single Donor Platelet Concentrate (SDP) (NAT),20210618
330188,levETIRAcetam [ug/mL] in Serum or Plasma,20200901
330504,Levofloxacin [mg/L] in Blood by LC-MS/MS,20221003
330498,Levofloxacin [mg/l] in Serum or Plasma,20220502
381049,LHON syndrome gene targeted mutation analysis in Blood or Tissue by Molecular genetics method Narrative,20191011
330527,Lidocaine [ug/mL] in Serum or Plasma by Screen method,20230703
385246,LIN28A Ag [+/-] in Tissue by Immune stain,20210401
385341,Linker for activation of T cells (LAT) Ag [+/-] in Tissue by Immune stain,20210618
320316,Lipase [U/dL] in Body fluid,20200417
320140,Lipase [U/L] in Serum or Plasma,20191011
320317,Lipase [U/L] in Urine,20200417
320141,Lipoprotein a [mg/dL] in Serum or Plasma,20191011
320318,Lipoprotein a [nmol/L] in Serum or Plasma,20200417
320260,Lipoprotein electrophoresis,20191011
320681,Lipoprotein midband A [mg/dL] in Serum or Plasma,20240604
320682,Lipoprotein midband B [mg/dL] in Serum or Plasma ,20240604
320683,Lipoprotein midband C [mg/dL] in Serum or Plasma,20240604
390044,Liquefaction [min] in Semen,20210317
330083,Lithium [mEq/L] in Urine,20191011
330155,Lithium [mmol/L] in Serum or Plasma,20200505
330082,Lithium [ug/mL; mg/dL] in Serum or Plasma,20200505
220032,little c Ag [+/-] in Cord red blood cells,20210623
220031,little c Ag [+/-] on Red Blood Cells,20210623
220029,little c Ag [+/-] on Red Blood Cells from Blood product unit,20210623
220030,little c Ag [+/-] on Red Blood Cells from Donor,20210623
220043,little e Ag [+/-] in Cord red blood cells,20210623
220042,little e Ag [+/-] on Red Blood Cells,20210623
220040,little e Ag [+/-] on Red Blood Cells from Blood product unit,20210618
220041,little e Ag [+/-] on Red Blood Cells from Donor,20210623
220062,little k Ag [+/-] on Red Blood Cells,20210623
220060,little k Ag [+/-] on Red Blood Cells from Blood product unit,20210618
220061,little k Ag [+/-] on Red Blood Cells from Donor,20210623
220089,little s Ag [+/-] on Red Blood Cells,20210623
220087,little s Ag [+/-] on Red Blood Cells from Blood product unit,20210618
220088,little s Ag [+/-] on Red Blood Cells from Donor,20210623
360027,Liver kidney microsomal Ab [Titer] in Serum by Immunofluorescence,20191011
360026,Liver kidney microsomal Ab [U/mL] in Serum,20191011
P38121,Liver needle biopsy,20201102
P38123,Liver resection,20201102
P38122,Liver wedge biopsy,20201102
320556,Liver-type fatty acid-binding protein [ng/mL] in Urine,20210601
385354,LMO2 Ag [+/-] in Tissue by Immune stain,20210618
308026,LMW Heparin [U/mL] in Platelet poor plasma by Chromogenic method,20191011
360319,Lobster IgE Ab [kU/L] in Serum,20221101
360352,Long Common Name Latex recombinant (rHev b) 1 IgE Ab [k[IU]/L] in Serum ,20240401
360351,Long Common Name Latex recombinant (rHev b) 3 IgE Ab [k[IU]/L] in Serum ,20240401
360350,Long Common Name Latex recombinant (rHev b) 5 IgE Ab [k[IU]/L] in Serum ,20240401
330252,Lopinavir [ug/mL] in Serum or Plasma,20201116
330525,LORazepam [ng/mL] in Serum or Plasma by Screen method,20230703
320590,L-type fatty acid binding protein [ng/mL] in Urine by Chemiluminescent enzyme immunoassay (CLEIA),20211201
P38071,"Lung, lobectomy",20201102
P38072,"Lung, lobectomy with lymph node",20201102
P38070,"Lung, wedge biopsy",20201102
308096,Lupus anticoagulant in Platelet poor plasma,20211101
300021,Lupus erythematosus cells [+/-] in Blood,20191011
320206,Lutropin [mIU/mL] in Serum or Plasma,20191011
320207,Lutropin [mIU/mL] in Serum or Plasma by Immunoassay,20191011
385119,Lutropin Ag [+/-] in Tissue by Immune stain,20201102
P38090,"Lymph node, radical dissection",20201102
380017,"Lymphocyte crossmatch panel (T, B cell) ทั้งผู้ให้และผู้รับอวัยวะ",20191011
340029,Lymphocyte proliferation.anti-CD3.maximum/CD3 in Blood by Flow cytometry (FC),20200701
300092,Lymphocytes [%] in Blood by Automated count,20200518
300062,Lymphocytes [%] in Body fluid,20200518
390047,Lymphocytes [/HPF] in Semen by Microscopy high power field,20210503
300157,Lymphocytes [10*3/uL] in Blood by Automated count,20200701
340047,Lymphoma - T-cell screen panel - XXX by Flow cytometry (FC),20220502
385120,Lysozyme Ag [+/-] in Tissue by Immune stain,20201102
385356,LYVE-1 Ag [+/-] in Tissue by Immune stain,20210618
220074,M Ag [+/-] on Red Blood Cells,20210623
220072,M Ag [+/-] on Red Blood Cells from Blood product unit,20210618
220073,M Ag [+/-] on Red Blood Cells from Donor,20210623
340058,Mac-2 binding protein glycan isomer (M2BPGi) [COI] In Serum by Chemiluminescent immunoassay automate,20220701
385121,Mac-387 Ag [+/-] in Tissue by Immune stain,20201102
360256,Mackerel IgE Ab [kU/L] in Serum,20210618
300144,Macrocytes [+/-] in Blood by Light microscopy,20200701
360366,Macrophage inflammatory protein 1 alpha [pg/ml] in Serum or Plasma,20240401
300176,Macrophages/100 leukocytes [%] in Body fluid,20210104
320638,Magnesium [mg/24hrs.] in 24 hour Urine,20221201
320019,Magnesium [mg/dL] in 24 hour Urine,20191011
320016,Magnesium [mg/dL] in Serum or Plasma,20191011
320017,Magnesium [mg/dL] in Urine,20191011
320018,Magnesium [mg/dL] in XXX specimen,20191011
320383,Magnesium [mmol/L] in Serum or Plasma,20200601
310027,Magnesium [mmol/L] in Urine,20200505
320612,Magnesium Ionized [mmol/L] in Blood by Ion-selective membrane electrode (ISE),20220502
300252,Major crossmatch [Interpretation] --after transfusion reaction,20230703
385122,MAK-6 Ag [+/-] in Tissue by Immune stain,20201102
350822,Malaria 5 species in Blood,20201201
330415,Malondialdehyde [umol/L] in Plasma,20210813
370033,MALT1 18q21 gene rearrangements in Blood or Tissue by FISH,20210716
385355,MAML2 Ag [+/-] in Tissue by Immune stain,20210618
370080,MAML2 gene rearrangements [+/-] in Tissue by FISH,20221101
385212,Mammaglobin Ag [+/-] in Tissue by Immune stain,20210401
330084,Manganese [mg/dL; ug/dL] in Serum or Plasma,20200505
330085,Manganese [mg/dL] in Urine,20191011
330492,Manganese [ug/dL] in XXX specimen,20220301
330253,Maraviroc [ng/mL] in Serum or Plasma,20201116
385123,Mast cell tryptase Ag [+/-] in Tissue by Immune stain,20201102
220098,Maximum clot firmness.extrinsic coagulation system activated.platelets inhibited in Blood,20210618
385332,MDM-2 Ag [+/-] in Tissue by Immune stain,20210601
370034,MDM2 gene amplification in Tissue by FISH,20210716
381278,MDM2 gene copy number/Chromosome 12 copy number in Tissue by FISH,20210618
300102,Mean Corpuscular Hemoglobin [pg] in Blood by Automated count,20200518
300104,Mean Corpuscular Hemoglobin Concentration [g/dL] in blood by Automated count,20200518
300105,Mean Corpuscular Volume [fL] in Blood by Automated count,20200518
350884,Measles virus [+/-] in XXX specimen by Organism specific culture,20210104
350885,Measles virus Ag [+/-] in XXX specimen by Immunofluorescence,20210104
351129,Measles virus IgG Ab [+/-] in Cerebral spinal fluid,20210813
350291,Measles virus IgG Ab [+/-] in Serum,20191011
350289,Measles virus IgG Ab [+/-] in Serum by Immunoassay,20191011
351047,Measles virus IgG Ab [Titer] in Cerebral spinal fluid by Immunofluorescence,20210503
350290,Measles virus IgG Ab [Units/mL] in Serum,20191011
350292,Measles virus IgG Ab [Units/mL] in Serum by Immunoassay,20191011
350962,Measles virus IgM Ab [+/-] in Cerebral spinal fluid by Immunoassay,20210317
350300,Measles virus IgM Ab [+/-] in Serum,20191011
350298,Measles virus IgM Ab [+/-] in Serum by Immunoassay,20191011
351038,Measles virus IgM Ab [Titer] in Cerebral spinal fluid,20210503
350299,Measles virus IgM Ab [Units/mL] in Serum,20191011
350297,Measles virus IgM Ab [Units/mL] in Serum by Immunoassay,20191011
350886,Measles virus RNA [+/-] in XXX specimen by NAA with probe detection,20210503
350991,Measles virus RNA [copies/mL] in XXX specimen by NAA with probe detection,20210317
381062,MECP2 gene mutations found [Identifier] in Blood or Tissue by Molecular genetics method Nominal,20191011
385124,Melan-A Ag [+/-] in Tissue by Immune stain,20201102
320562,Melanin [+/-] in Urine,20210623
381105,MELAS gene mutations found [Identifier] in Blood or Tissue by Molecular genetics method Nominal,20200803
381158,MELAS MERFF and NARP gene targeted mutation analysis in Blood or Tissue,20201201
381222,MEN1 gene targeted mutation analysis in Blood or Tissue by Molecular genetics method,20210201
330521,Meperidine [+/-] in Urine by Screen method,20230601
330222,Meperidine [ng/mL] in Urine by Confirmatory method,20201001
330342,Meprobamate [umol/L] in Serum or Plasma,20210317
330528,Mercaptopurine [ng/mL] in Serum or Plasma,20230703
330090,Mercury [ug/24 H] in 24 hour Urine,20191011
330089,Mercury [ug/L; ng/mL] in Urine,20191011
330088,Mercury [ug/L] in Serum or Plasma,20191011
330489,Mercury [ug/L] in XXX specimen,20220301
330162,Mercury/Creatinine [ug/gm Cr] in Urine,20200601
385125,Merosin Ag [+/-] in Tissue by Immune stain,20201102
381363,MERRF gene targeted mutation analysis in Blood or Tissue by Molecular genetics method,20220601
330537,Merropenam Free form Concentrations TDM [mg/L] in Blood by High-Performance Liquid Chromatography (HPLC),20230703
300096,Mesothelial [%] in Body fluid,20200518
300177,Mesothelial cells/100 leukocytes [%] in Body fluid by Manual count,20210104
385213,Mesothelin Ag [+/-] in Tissue by Immune stain,20210401
381361,MET gene mutations found in Blood or Tissue by Molecular genetics method Nominal,20220401
381402,MET gene mutations in Blood or Tissue by Molecular genetics method,20240401
300138,Metamyelocytes.neutrophilic/100 leukocytes in Blood by Manual count,20200701
320667,Metanephrine [pg/ml] in Serum or Plasma,20240401
320668,Metanephrine [pg/ml] in Urine,20240401
320446,Metanephrine [ug/24Hr] in 24 hour Urine,20201116
320664,Metanephrine and Normetanephrine [Interpretation] in Serum or Plasma,20240401
320669,Metanephrine and Normetanephrine [Interpretation] in Urine,20240401
330553,metFORMIN [ug/mL] in Serum or Plasma,20250303
330357,Methadone [+/-] in XXX specimen,20210401
330467,Methadone [ng/mL] in Postmortem Serum or Plasma,20220105
330468,Methadone [ng/mL] in Postmortem Urine,20220105
330091,Methadone [ng/mL] in Saliva (oral fluid) by Confirmatory method,20191011
330469,Methadone [ng/mL] in Serum or Plasma,20220105
330470,Methadone [ng/mL] in Urine,20220105
330092,Methadone [ng/mL] in Urine by Confirmatory method,20191011
330093,Methadone [ng/mL] in XXX specimen by Confirmatory method,20191011
330471,Methadone+Metabolite [ng/mL] in Serum or Plasma,20220105
330095,Methamphetamine [+/-] in Serum or Plasma,20191011
330094,Methamphetamine [+/-] in Urine by Screen method,20191011
330097,Methamphetamine [ng/mL] in Serum or Plasma by Confirmatory method,20191011
330096,Methamphetamine [ng/mL] in Urine by Confirmatory method,20191011
330268,Methamphetamine cutoff [ng/mL] in Urine for Confirmatory method,20201201
330015,Methanol [+/-] in Gastric fluid,20191011
330014,Methanol [+/-] in Serum or Plasma,20191011
330013,Methanol [+/-] in Urine,20191011
330012,Methanol [mg/dL] in Serum or Plasma,20191011
330098,Methanol [mg/dL] in Serum or Plasma by gas chromatography,20200803
330099,Methanol [mg/dL] in Urine,20191011
330159,Methanol [mg/L] in XXX specimen,20200518
330343,Methaqualone [mg/dL] in Serum or Plasma by Screen method,20210317
300133,Methemoglobin/Hemoglobin.total [%] in Blood,20200616
300215,Methemoglobin/Hemoglobin.total [%] in Red Blood Cells,20210623
330189,Methotrexate [mol/L; umol/L] in Serum or Plasma,20210104
330254,Methyl ethyl ketone [mmol/L] in Urine,20201116
330326,Methyl ethyl ketone [ug/mL] in Serum or Plasma,20210317
330318,Methyl ethyl ketone [ug/mL] in Urine,20210301
330317,Methyl isobutyl ketone [ug/mL] in Urine,20210301
330401,Methylene chloride [mg/L] in Urine,20210623
330377,Methylene chloride [mg/L] in XXX specimen,20210601
330321,Methylene chloride [ug/mL] in Blood,20210301
330291,Methylenedioxyamphetamine [+/-] in Urine by Screen method,20210118
330519,Methylenedioxyethylamphetamine [+/-] in Urine by Screen method,20230403
330358,Methylenedioxymethamphetamine [+/-] in Urine by Confirmatory method,20210401
330255,Methylenedioxymethamphetamine [+/-] in Urine by Screen method,20201116
330473,Methylenedioxymethamphetamine [ng/mL] in Serum or Plasma by Confirmatory method,20220105
330428,Methylenedioxymethamphetamine [ng/mL] in Urine by Confirmatory method,20211201
330418,Methylhippurate/Creatinine [g/g] in Urine,20211201
330516,Methylmalonate [ug/L] in Serum or Plasma,20230403
330520,Methylphenidate [+/-] in Urine by Screen method,20230403
381121,MGMT gene methylation [+/-] in Tissue by Molecular genetics method,20201116
381358,MGMT gene methylation score in Tissue by Molecular genetics method,20220301
220077,Mi sup(a) Ag [+/-] on Red Blood Cells,20210623
220075,Mi sup(a) Ag [+/-] on Red Blood Cells from Blood product unit,20210618
220076,Mi sup(a) Ag [+/-] on Red Blood Cells from Donor,20210623
380019,MICA genotyping,20191011
380018,MICA IgG panel - Serum,20191011
360315,MICA*050 IgG Ab [+/-] in Serum,20220701
320282,Microalbumin [mg/dL; mcg/mL] in 24 hour Urine,20200317
320526,Microalbumin [mg/dL] in 24 hour Urine by Detection limit <= 1.0 mg/L,20210301
320529,Microalbumin [mg/dL] in Cerebral spinal fluid,20210317
320268,Microalbumin [mg/dL] in Urine,20200217
320269,Microalbumin [mg/dL] in Urine by Test strip,20200217
320528,Microalbumin [mg/L] in Body fluid ,20210317
320143,Microalbumin/Creatinine [mg MALB/g creatinine] in 24 hour Urine,20200217
320142,Microalbumin/Creatinine [mg MALB/g creatinine] in Urine,20200217
300143,Microcytes [+/-] in Blood by Light microscopy,20200701
370017,Microdeletion syndromes [Identifier] in Blood or Tissue by FISH Nominal,20210216
370019,Microdeletion syndromes in Blood or Tissue by FISH,20210317
300229,Microorganism [cells/mL] in XXX specimen by Viability count,20220401
381390,Microorganism identified in XXX by Molecular genetics method,20230803
381314,Microorganism of interest sequence [+/-] in XXX specimen,20220105
381040,Microsatellite instability [Identifier] in Tissue by Molecular genetics method Nominal,20191011
381235,Microsatellite instability in Cancer specimen Qualitative,20230501
300253,Microscopic exam [Interpretation] of Bone marrow by Cytology,20230703
351243,Microscopic observation [+/-] in Ascitic fluid by Acid fast stain.Ziehl-Neelsen,20230501
350937,Microscopic observation [+/-] in Bronchoalveolar lavage by Acid fast stain.Ziehl-Neelsen,20230403
350492,Microscopic observation [+/-] in Genital specimen by Gram stain,20200217
351209,Microscopic observation [Identifier] in Amniotic fluid by Acid fast stain,20220601
351216,Microscopic observation [Identifier] in Amniotic fluid by Giemsa stain,20220601
300230,Microscopic observation [Identifier] in Blood by Hemosiderin stain,20220601
350429,Microscopic observation [Identifier] in Blood by Malaria thin smear,20191011
300029,Microscopic observation [Identifier] in Blood or Marrow by Sudan black B stain,20191011
351060,Microscopic observation [Identifier] in Body fluid by Acid fast stain.Kinyoun modified,20210503
351231,Microscopic observation [Identifier] in Body fluid by Giemsa stain,20221201
350575,Microscopic observation [Identifier] in Body fluid by Gram stain,20200505
300030,Microscopic observation [Identifier] in Body fluid by Sudan black stain,20191011
385418,Microscopic observation [Identifier] in Breast fine needle aspirate by Cyto stain,20220801
350576,Microscopic observation [Identifier] in Bronchial specimen by Gram stain,20200505
350577,Microscopic observation [Identifier] in Catheter tip by Gram stain,20200505
351256,Microscopic observation [Identifier] in Cerebral spinal fluid by Acid fast stain.Kinyoun modified,20230901
350578,Microscopic observation [Identifier] in Cerebral spinal fluid by Gram stain,20200505
P38430,Microscopic observation [Identifier] in Cervix by Cyto stain.thin prep,20220601
350579,Microscopic observation [Identifier] in Cervix by Gram stain,20200505
350064,Microscopic observation [Identifier] in CSF by Acid fast stain,20191011
350070,Microscopic observation [Identifier] in CSF by Acid fast stain.Ziehl-Neelsen,20191011
350391,Microscopic observation [Identifier] in CSF by India ink prep,20191011
350580,Microscopic observation [Identifier] in Dialysis fluid by Gram stain,20200505
350581,Microscopic observation [Identifier] in Ear by Gram stain,20200505
351257,Microscopic observation [Identifier] in Eye by Acid fast stain.Kinyoun modified,20230901
350582,Microscopic observation [Identifier] in Eye by Gram stain,20200505
351211,Microscopic observation [Identifier] in Gastric fluid by Acid fast stain,20220601
350071,Microscopic observation [Identifier] in Gastric fluid by Acid fast stain.Kinyoun modified,20191011
350394,Microscopic observation [Identifier] in Hair by KOH preparation,20191011
350395,Microscopic observation [Identifier] in Nail by KOH preparation,20191011
350583,Microscopic observation [Identifier] in Nose by Gram stain,20200505
350234,Microscopic observation [Identifier] in Penis by Tzanck smear,20191011
350736,Microscopic observation [Identifier] in Pericardial fluid by Acid fast stain,20200803
350584,Microscopic observation [Identifier] in Pericardial fluid by Gram stain,20200505
350585,Microscopic observation [Identifier] in Peritoneal dialysis fluid by Gram stain,20200505
350691,Microscopic observation [Identifier] in Peritoneal fluid by Acid fast stain,20240401
350504,Microscopic observation [Identifier] in Peritoneal fluid by Gram stain,20200317
350063,Microscopic observation [Identifier] in Pleural fluid by Acid fast stain.Kinyoun modified,20191011
350586,Microscopic observation [Identifier] in Pleural fluid by Gram stain,20200505
350648,Microscopic observation [Identifier] in Pus by Acid fast stain,20200601
351062,Microscopic observation [Identifier] in Pus by Acid fast stain.Kinyoun modified,20210503
350587,Microscopic observation [Identifier] in Pus by Gram stain,20200505
350692,Microscopic observation [Identifier] in Pus by Tzanck smear,20200616
350652,Microscopic observation [Identifier] in Serum or Plasma by Trichrome stain,20200601
350653,Microscopic observation [Identifier] in Skin by Acid fast stain,20200601
350595,Microscopic observation [Identifier] in Skin by Gram stain,20200701
350396,Microscopic observation [Identifier] in Skin by KOH preparation,20191011
350235,Microscopic observation [Identifier] in Skin by Tzanck smear,20191011
351063,Microscopic observation [Identifier] in Spinal disc by Acid fast stain.Kinyoun modified,20210503
350061,Microscopic observation [Identifier] in Sputum by Acid fast stain,20191011
350067,Microscopic observation [Identifier] in Sputum by Acid fast stain.Kinyoun modified,20191011
350505,Microscopic observation [Identifier] in Sputum by Gram stain,20200317
350485,Microscopic observation [Identifier] in Stool by Acid fast stain,20200217
350656,Microscopic observation [Identifier] in Stool by Acid fast stain.Kinyoun modified,20200601
350411,Microscopic observation [Identifier] in Stool by Giemsa's stain,20201102
350588,Microscopic observation [Identifier] in Stool by Gram stain,20200505
350417,Microscopic observation [Identifier] in Stool by Trichrome stain,20191011
350685,Microscopic observation [Identifier] in Synovial fluid by Acid fast stain,20230403
351212,Microscopic observation [Identifier] in Synovial fluid by Giemsa stain,20220601
350589,Microscopic observation [Identifier] in Synovial fluid by Gram stain,20200505
351258,Microscopic observation [Identifier] in Synovial fluid or Joint fluid by Acid fast stain.Kinyoun modified,20230901
351259,Microscopic observation [Identifier] in Throat by Acid fast stain.Kinyoun modified,20230901
350590,Microscopic observation [Identifier] in Throat by Gram stain,20200505
385419,Microscopic observation [Identifier] in Thyroid fine needle aspirate by Cyto stain,20220801
350072,Microscopic observation [Identifier] in Tissue by Acid fast stain.Kinyoun modified,20191011
350945,Microscopic observation [Identifier] in Tissue by Alcian blue stain,20210601
350946,Microscopic observation [Identifier] in Tissue by Alcian blue stain.with periodic acid-Schiff,20210601
350947,Microscopic observation [Identifier] in Tissue by Bielschowsky stain,20210301
385417,Microscopic observation [Identifier] in Tissue by Brown and Brenn stain,20220601
P38408,Microscopic observation [Identifier] in Tissue by Congo red stain,20210201
350948,Microscopic observation [Identifier] in Tissue by Crystal violet stain,20210601
P38433,Microscopic observation [Identifier] in Tissue by Cyto stain ,20230403
350949,Microscopic observation [Identifier] in Tissue by Esterase stain.non-specific,20210301
350591,Microscopic observation [Identifier] in Tissue by Gram stain,20200505
P38402,Microscopic observation [Identifier] in Tissue by Hematoxylin-eosin-Mayers progressive stain,20210201
350392,Microscopic observation [Identifier] in Tissue by India ink prep,20191011
350397,Microscopic observation [Identifier] in Tissue by KOH preparation,20191011
P38403,Microscopic observation [Identifier] in Tissue by Mucicarmine stain,20210201
P38404,Microscopic observation [Identifier] in Tissue by Oil red O stain,20210201
P38409,Microscopic observation [Identifier] in Tissue by Periodic acid-Schiff stain,20210201
P38406,Microscopic observation [Identifier] in Tissue by Periodic acid-Schiff stain with diatase digestion,20210201
P38410,Microscopic observation [Identifier] in Tissue by Phosphotungstic acid Hematoxylin (PTAH) Stain,20210201
P38411,Microscopic observation [Identifier] in Tissue by Prussian blue stain,20210201
P38412,Microscopic observation [Identifier] in Tissue by Reticulin stain,20210201
385416,Microscopic observation [Identifier] in Tissue by Toluidine blue O stain,20220601
P38432,Microscopic observation [Identifier] in Tissue by Trichrome stain.Gomori-Wheatley ,20230403
P38413,Microscopic observation [Identifier] in Tissue by Trichrome stain.Masson modified,20210201
P38414,Microscopic observation [Identifier] in Tissue by Warthin-Starry stain,20210201
350592,Microscopic observation [Identifier] in Urethra by Gram stain,20200505
350062,Microscopic observation [Identifier] in Urine by Acid fast stain,20191011
350068,Microscopic observation [Identifier] in Urine by Acid fast stain.Kinyoun modified,20191011
350051,Microscopic observation [Identifier] in Urine by Dark field examination,20191011
350593,Microscopic observation [Identifier] in Urine by Gram stain,20200505
351260,Microscopic observation [Identifier] in Vagina by Acid fast stain.Kinyoun modified,20230901
350767,Microscopic observation [Identifier] in Vaginal fluid by Acid fast stain,20201001
350594,Microscopic observation [Identifier] in Vaginal fluid by Gram stain,20200505
350499,Microscopic observation [Identifier] in Vaginal fluid by KOH preparation,20200317
350799,Microscopic observation [Identifier] in Vaginal fluid by Wet preparation,20201116
351303,Microscopic observation [Identifier] in Wound by Acid fast stain,20241101
351261,Microscopic observation [Identifier] in Wound by Acid fast stain.Kinyoun modified,20230901
350596,Microscopic observation [Identifier] in Wound by Gram stain,20200505
350060,Microscopic observation [Identifier] in XXX specimen by Acid fast stain,20191011
350066,Microscopic observation [Identifier] in XXX specimen by Acid fast stain.Kinyoun modified,20191011
350050,Microscopic observation [Identifier] in XXX specimen by Dark field examination,20191011
350148,Microscopic observation [Identifier] in XXX specimen by Giemsa's stain,20200803
350022,Microscopic observation [Identifier] in XXX specimen by Gram stain,20200505
350393,Microscopic observation [Identifier] in XXX specimen by India ink prep,20191011
350398,Microscopic observation [Identifier] in XXX specimen by KOH preparation,20191011
P38301,Microscopic observation [Identifier] in XXX Specimen by Non-gynecological cytology method,20220901
300028,Microscopic observation [Identifier] in XXX specimen by Sudan black B stain,20191011
350416,Microscopic observation [Identifier] in XXX specimen by Trichrome stain,20191011
350236,Microscopic observation [Identifier] in XXX specimen by Tzanck smear,20191011
350613,Microscopic observation [Identifier] in XXX specimen by Wet preparation,20200518
300185,Microscopic observation [Identifier] in XXX Specimen by Wright stain,20210301
351074,Microscopic observation in Blood by Malaria smear,20210601
300044,Microscopic observation in Blood by Myeloperoxidase stain,20220301
300038,Microscopic observation in Blood or Marrow by Chloracetate esterase stain,20220301
300041,Microscopic observation in Blood or Marrow by Esterase stain.non-specific,20220301
300042,Microscopic observation in Blood or Marrow by Periodic acid-Schiff stain,20220301
300043,Microscopic observation in Blood or Marrow by Tartrate-resistant acid phosphatase stain,20220301
350690,Microscopic observation in Body fluid by Acid fast stain,20210401
351117,Microscopic observation in Bone by Acid phosphatase stain,20210802
300040,Microscopic observation in Bone marrow by Acetate esterase stain,20220301
350938,Microscopic observation in Bone marrow by Acid fast stain,20210216
300039,Microscopic observation in Bone marrow by Butyrate esterase stain,20220301
350939,Microscopic observation in Bone marrow by Gram stain,20210216
300036,Microscopic observation in Bone marrow by Myeloperoxidase stain,20220301
351118,Microscopic observation in Gastric fluid by Acid fast stain.Ziehl-Neelsen,20210802
300208,Microscopic observation in Sputum by Wright stain,20210401
300052,Microscopic observation in Stool by Wright stain,20220301
351119,Microscopic observation in Tissue by Acid fast stain.Kinyoun,20210802
351147,Microscopic observation in Tissue by Acid fast stain.Ziehl-Neelsen,20211201
P38424,Microscopic observation in Tissue by Bleach stain,20211101
P38427,Microscopic observation in Tissue by Elastic stain,20211101
351079,Microscopic observation in Tissue by Fite-Faraco stain,20210601
351098,Microscopic observation in Tissue by Giemsa stain,20210716
P38425,Microscopic observation in Tissue by Methenamine silver nitrate stain,20211101
P38431,Microscopic observation in Tissue by Methenamine silver stain.Jones ,20230403
P38426,Microscopic observation in Tissue by Modified Giemsa stain,20211101
351078,Microscopic observation in Tissue by Periodic acid silver methamine stain,20210601
P38418,Microscopic observation in Tissue by Silver stain.Fontana-Masson,20210802
P38420,Microscopic observation in Tissue by Steiner stain,20210813
300048,Microscopic observation in XXX specimen by Acetate esterase stain,20220301
300047,Microscopic observation in XXX specimen by Chloracetate esterase stain,20220301
300049,Microscopic observation in XXX specimen by Esterase stain.combined,20220301
300045,Microscopic observation in XXX specimen by Myeloperoxidase stain,20220301
300050,Microscopic observation in XXX specimen by Periodic acid-Schiff stain,20220301
300051,Microscopic observation in XXX specimen by Tartrate-resistant acid phosphatase stain,20220301
351021,Microscopic observation in XXX Specimen by Wright Giemsa stain,20210401
360076,Microsomal Thyroperoxidase Ab [U/mL] in Serum or Plasma,20201102
350431,Microsporidia identified in Stool by Trichrome stain,20191011
350430,Microsporidia identified in Stool by Trichrome stain modified,20191011
350813,Microsporidia identified in XXX specimen by Trichrome stain modified,20201201
350821,Microsporidium in XXX specimen by Modified trichrome 's stain,20201201
330190,Midazolam [umol/L] in Serum or Plasma,20200901
351191,Middle East respiratory syndrome coronavirus (MERS-CoV) RNA [+/-] in Respiratory specimen by NAA with probe detection,20220401
350916,Middle East respiratory syndrome coronavirus (MERS-CoV) RNA in XXX specimen Qualitative by NAA with probe detection,20210201
360221,Milk IgE Ab [kU/L] in Serum,20210317
320650,Miris Human milk in Breast milk,20230403
360214,Miscellaneous allergen IgE Ab [IU/L] in Serum,20210301
360058,Mitochondria Ab [Titer] in Serum,20191011
360056,Mitochondria Ab [Titer] in Serum by Immunofluorescence,20191011
360059,Mitochondria Ab [U/mL] in Serum,20191011
360057,Mitochondria Ab [U/mL] in Serum by Immunofluorescence,20191011
381395,Mitochondria Genes targeted mutation analysis in Blood or Tissue by Molecular genetics method,20231201
360341,Mitochondria M2 [Ab arb U/mL] in Serum by Immunoassay,20240301
381374,Mitochondrial DNA HV1 and HV2 in Blood by Capillary electrophoresis,20221003
381376,Mitochondrial DNA HV1 and HV2 in XXX Specimen by Capillary electrophoresis,20221003
330543,Mitragynine [+/-] in Blood by Screen method,20240401
320625,Mitragynine [+/-] in Urine by Screen method,20220701
330544,Mitragynine in Clotted blood by Screen method,20240401
300224,Mixing studies in Platelet poor plasma Narrative,20220105
381409,MJD gene CAG repeats [+/-] in Blood or Tissue by Molecular genetics method,20241101
385247,MLH1 Ag [+/-] in Tissue by Immune stain,20210401
381041,MLH1+MSH2+MSH6+PMS2 gene deletion+duplication and full mutation analysis in Blood or Tissue by Molecular genetics method,20191011
370095,MLL gene rearrangements [Interpretation] in Blood or Tissue by FISH Narrative ,20241101
385126,MNF 116 Ag [+/-] in Tissue by Immune stain,20201102
385127,MOC-31 Ag [+/-] in Tissue by Immune stain,20201102
381306,Molecular genetic testing  in Blood and Tissue by PCR-Restriction Fragment Length Polymorphism (PCR-RFLP),20211101
330476,Molybdenum [ng/mL] in Blood,20220105
330475,Molybdenum [ug/L] in Urine,20220105
330491,Molybdenum [ug/L] in XXX specimen,20220301
381366,Monkeypox virus DNA [+/-] in XXX Specimen by NAA with probe detection,20220901
300097,Monocytes [%] in Blood by Automated count,20200518
300063,Monocytes [%] in Body fluid,20200518
300158,Monocytes [10*3/uL] in Blood by Automated count,20200701
300178,Monocytes+Macrophages/100 leukocytes [%] in Body fluid,20210104
300186,Mononuclear cells atypical/100 leukocytes [%] in Blood by Manual count,20210301
330160,Morphine [+/-] in Urine by Screen method,20210201
330101,Morphine [ng/mL] in Serum or Plasma,20191011
330100,Morphine [ng/mL] in Urine by Confirmatory method,20191011
381098,MPL gene mutations tested for in Blood or Tissue by Molecular genetics method Nominal,20191011
385248,MSH2 Ag [+/-] in Tissue by Immune stain,20210401
381160,MSH2 gene+MLH1 gene full mutation analysis in Blood or Tissue,20210317
385249,MSH6 Ag [+/-] in Tissue by Immune stain,20210401
385435,MTAP Ag [+/-] in Tissue by Immune stain,20221101
381364,MT-ATP6 gene targeted mutation analysis in Blood or Tissue by Molecular genetics method,20220601
381056,MTHFR gene c.677C>T [+/-] in Blood or Tissue by Molecular genetics method,20191011
381122,MT-RNR1 gene m.1555A>G [+/-] in Blood or Tissue by Molecular genetics method,20201116
381052,MT-TK gene targeted mutation analysis in Blood or Tissue by Molecular genetics method Narrative,20191011
385250,MUC-1 Ag [+/-] in Tissue by Immune stain,20210401
385128,MUC-2 Ag [+/-] in Tissue by Immune stain,20201102
385129,MUC-5AC Ag [+/-] in Tissue by Immune stain,20201102
385251,MUC-6 Ag [+/-] in Tissue by Immune stain,20210401
351077,Mucin.microscopic observation in Tissue by Mucicarmine stain.Mayer,20210601
385214,Mucin-4 (MUC-4) Ag [+/-] in Tissue by Immune stain,20210401
P38415,Mucopolysaccharides.microscopic observation [Identifier] in Tissue by Colloidal ferric oxide stain.Hale,20210201
390009,Mucus [+/-] in Stool by Light microscopy,20200505
310040,Mucus [+/-] in Urine sediment by Light microscopy,20200601
320495,Mullerian inhibiting substance [ng/mL] in Serum or Plasma,20210118
320319,Mullerian inhibiting substance [ng/mL] in Serum or Plasma by Immunoassay,20200417
360277,Multiple inhalant allergen IgE Ab [+/-] in Serum by Immunoassay,20210813
385130,MUM-1 Ag [+/-] in Tissue by Immune stain,20201102
350968,Mumps virus IgG Ab [+/-] in Cerebral spinal fluid by Immunoassay,20210317
350304,Mumps virus IgG Ab [+/-] in Serum,20191011
350302,Mumps virus IgG Ab [+/-] in Serum by Immunoassay,20191011
350901,Mumps virus IgG Ab [U/mL] in Cerebral spinal fluid,20210118
350303,Mumps virus IgG Ab [Units/mL] in Serum,20191011
350301,Mumps virus IgG Ab [Units/mL] in Serum by Immunoassay,20191011
351130,Mumps virus IgM Ab [+/-] in Cerebral spinal fluid by Immunoassay,20210813
350308,Mumps virus IgM Ab [+/-] in Serum,20191011
350306,Mumps virus IgM Ab [+/-] in Serum by Immunoassay,20191011
350902,Mumps virus IgM Ab [U/mL] in Cerebral spinal fluid,20210118
350307,Mumps virus IgM Ab [Units/mL] in Serum,20191011
350305,Mumps virus IgM Ab [Units/mL] in Serum by Immunoassay,20191011
350887,Mumps virus RNA [+/-] in XXX specimen by NAA with probe detection,20210104
350992,Mumps virus RNA [copies/mL] in XXX specimen by NAA with probe detection,20210317
385252,Murine Double Minute 2 Ag [+/-] in Tissue by Immune stain,20210401
P38200,Muscle biopsy,20201102
P38201,Muscle biopsy with special study,20201102
360189,Muscle specific receptor tyrosine kinase Ab [+/-] in Serum,20210118
370075,Mutations/Megabase in Tumor,20220301
385357,MXA Ag [+/-] in Tissue by Immune stain,20210618
370076,MYB gene deletion [+/-] in Blood or Tissue by FISH,20220601
370081,MYB gene rearrangements [+/-] in Tissue by FISH,20221101
370035,MYC gene rearrangements [+/-] in Blood or Tissue by FISH,20210716
381280,MYCN gene amplification in Blood or Tissue by FISH,20210623
350074,"Mycobacteria: antimicrobial susceptibility test for 1st line anti-TB ชื่อยา INH, RIF, EMB, PZN, SM",20191011
350075,"Mycobacteria: antimicrobial susceptibility test for 2nd line anti-TB ชื่อยา Kanamycin, Levofloxacin",20191011
351279,Mycobacterium leprae DNA [+/-] in Upper respiratory specimen by NAA with probe detection,20240604
351270,Mycobacterium leprae DNA [+/-] in XXX by NAA with probe detection,20240301
350702,Mycobacterium sp DNA [+/-] in Bone by NAA with probe detection,20200701
350703,Mycobacterium sp DNA [+/-] in Bone marrow by NAA with probe detection,20200701
350082,Mycobacterium sp DNA [+/-] in Bronchial specimen by NAA with probe detection,20191011
350084,Mycobacterium sp DNA [+/-] in CSF by NAA with probe detection,20191011
351242,Mycobacterium sp DNA [+/-] in Eye fluid by NAA with probe detection,20230501
350704,Mycobacterium sp DNA [+/-] in Lympnode by NAA with probe detection,20200701
350680,Mycobacterium sp DNA [+/-] in Peritoneal fluid or ascites by NAA with probe detection,20200616
350681,Mycobacterium sp DNA [+/-] in Pleural Fliud by NAA with probe detection,20200616
350682,Mycobacterium sp DNA [+/-] in Pus by NAA with probe detection,20200616
350081,Mycobacterium sp DNA [+/-] in Sputum by NAA with probe detection,20191011
350085,Mycobacterium sp DNA [+/-] in Tissue by NAA with probe detection,20191011
350083,Mycobacterium sp DNA [+/-] in Urine by NAA with probe detection,20191011
350080,Mycobacterium sp DNA [+/-] in XXX specimen by NAA with probe detection,20191011
350716,Mycobacterium sp identified in Blood by Organism specific culture,20221101
351022,Mycobacterium sp identified in Body fluid by Organism specific culture,20210401
350940,Mycobacterium sp identified in Bone marrow by Organism specific culture,20210216
351213,Mycobacterium sp identified in Bronchoalveolar lavage by Organism specific culture,20220601
351215,Mycobacterium sp identified in Cornea or Conjunctiva by Organism specific culture,20220601
350079,Mycobacterium sp identified in CSF by Organism specific culture,20191011
350984,Mycobacterium sp identified in Dialysis fluid by Organism specific culture,20210317
300250,Mycobacterium sp identified in Feces by Organism specific culture,20230501
350988,Mycobacterium sp identified in Gastric fluid by Organism specific culture,20210317
351244,Mycobacterium sp identified in Pericardial fluid by Organism specific culture,20230501
351081,Mycobacterium sp identified in Peritoneal fluid by Organism specific culture,20210601
350078,Mycobacterium sp identified in Pleural fluid by Organism specific culture,20191011
350717,Mycobacterium sp identified in Pus by Organism specific culture,20221101
351254,Mycobacterium sp identified in Skin by Organism specific culture,20230803
350077,Mycobacterium sp identified in Sputum by Organism specific culture,20191011
351208,Mycobacterium sp identified in Synovial fluid by Organism specific culture,20220601
350718,Mycobacterium sp identified in Tissue by Organism specific culture,20221101
350966,Mycobacterium sp identified in Urine by Organism specific culture,20210317
350719,Mycobacterium sp identified in Wound by Organism specific culture,20221101
351221,Mycobacterium sp identified in XXX Specimen,20220701
350076,Mycobacterium sp identified in XXX specimen by Organism specific culture,20191011
351109,Mycobacterium tuberculosis complex Ag (MPT64) [+/-] in Isolate by Immunoassay,20240801
351285,Mycobacterium tuberculosis DNA [+/-] in Sputum by Loop-mediated isothermal amplification (LAMP),20240801
351245,Mycobacterium tuberculosis lipoarabinomannan Ag [+/-] in Urine by Rapid immunoassay,20230501
351317,Mycobacterium tuberculosis pncA gene pyrazinamide resistance mutation [Identifier] in Isolate/Specimen by Molecular method ,20250203
350743,Mycobacterium tuberculosis rifAMPin resistance gene [Identifier] in Sputum by NAA with probe detection,20200803
330102,Mycophenolate [ug/mL; mg/L] in Serum or Plasma,20191011
351115,Mycoplasma pneumonia Ag in Throat by immunochromatography,20210802
350035,Mycoplasma pneumoniae Ab [+/-] in Serum,20191011
350037,Mycoplasma pneumoniae Ab [+/-] in Serum by Immunoassay,20191011
350659,Mycoplasma pneumoniae Ab [Titer] in Serum,20200601
350889,Mycoplasma pneumoniae Ab [Titer] in Serum by Agglutination,20210104
350660,Mycoplasma pneumoniae DNA [+/-] in Nasopharyngeal swab by NAA with probe detection,20200601
350661,Mycoplasma pneumoniae DNA [+/-] in Nasopharynx by NAA with probe detection,20200601
350662,Mycoplasma pneumoniae DNA [+/-] in Serum or Plasma by NAA with probe detection,20200601
350036,Mycoplasma pneumoniae DNA [+/-] in XXX specimen by NAA with probe detection,20191011
351248,Mycoplasma pneumoniae DNA {copies}/mL in XXX by NAA with probe detection,20230703
350535,Mycoplasma pneumoniae IgG Ab [+/-] in Serum,20200417
351064,Mycoplasma pneumoniae IgG Ab [Titer] in Cerebral spinal fluid by Immunofluorescence,20210503
350801,Mycoplasma pneumoniae IgG Ab [Titer] in Serum by Immunofluorescence,20201116
350510,Mycoplasma pneumoniae IgM Ab [+/-] in Serum,20200417
351141,Mycoplasma pneumoniae IgM Ab [+/-] in Serum by Immunoassay,20211101
350794,Mycoplasma pneumoniae IgM Ab [+/-] in Serum by Immunofluorescence,20201116
351048,Mycoplasma pneumoniae IgM Ab [Titer] in Cerebral spinal fluid by Immunofluorescence,20210503
351049,Mycoplasma pneumoniae IgM Ab [Titer] in Serum by Immunofluorescence,20210503
381357,MYD88 gene p.Leu265Pro targeted mutation analysis in Blood or Tissue by Molecular genetics method,20220301
385131,Myelin (MBP 88) Ag [+/-] in Tissue by Immune stain,20201102
360325,Myelin oligodendrocyte glycoprotein Ab [+/-] in Cerebral spinal fluid by Cell binding immunofluorescent assay,20230501
360303,Myelin oligodendrocyte glycoprotein Ab [+/-] in Serum by Cell binding immunofluorescent assay,20220201
385473,Myelin oligodendrocyte glycoprotein Ab [Titer] in Cerebral spinal fluid by Cell binding immunofluorescent assay,20240604
360169,Myelin oligodendrocyte glycoprotein Ab [Titer] in Serum by Cell binding assay immunofluorescent assay,20201116
340053,Myelin+Myelin breakdown products.microscopic observation [Identifier] in Tissue by Luxol fast blue/Periodic acid-Schiff stain,20220401
P38417,Myelin+Nerve cells.microscopic observation in Tissue by Luxol fast blue/Cresyl violet stain,20210802
300139,Myelocytes/100 leukocytes in Blood,20200701
360140,Myeloperoxidase Ab [+/-] in Serum,20200616
360144,Myeloperoxidase Ab [+/-] in Serum by Immunoassay,20200701
360030,Myeloperoxidase Ab [Titer] in Serum by Immunofluorescence,20191011
360031,Myeloperoxidase Ab [U/mL] in Body fluid,20191011
360028,Myeloperoxidase Ab [U/mL] in Serum,20191011
360029,Myeloperoxidase Ab [U/mL] in Serum by Immunoassay,20191011
385132,Myeloperoxidase Ag [+/-] in Tissue by Immune stain,20201102
385215,MyoD1 Ag [+/-] in Tissue by Immune stain,20210401
385133,Myogenin Ag [+/-] in Tissue by Immune stain,20201102
320144,Myoglobin [ng/mL; ug/L; ng/mL] in Serum or Plasma,20191011
320402,Myoglobin [ng/mL] in Serum or Plasma by Immunoassay,20200701
320145,Myoglobin [ug/L; mcg/mL] in Urine,20191011
385134,Myoglobin Ag [+/-] in Tissue by Immune stain,20201102
385135,Myosin Ag [+/-] in Tissue by Immune stain,20201102
385501,Myosin Heavy Chain Neonatal [+/-] in Tissue by Immune stain,20250303
385466,Myosin skeletal fast [+/-] in Tissue by Immune stain,20240401
385465,Myosin skeletal slow [+/-] in Tissue by Immune stain,20240401
220080,N Ag [+/-] on Red Blood Cells,20210623
220078,N Ag [+/-] on Red Blood Cells from Blood product unit,20210618
220079,N Ag [+/-] on Red Blood Cells from Donor,20210623
350432,Naegleria sp identified in Tissue by Organism specific culture,20191011
350784,Naegleria sp identified in XXX Specimen by Organism specific culture,20201102
385253,Napsin A Ag [+/-] in Tissue by Immune stain,20210401
381310,NAT2 gene full mutation analysis in Blood or Tissue by Sequencing,20220105
320146,Natriuretic peptide.B prohormone N-Terminal [pg/mL] in Serum or Plasma,20191011
381019,NCF1+NCF2+CYBB gene targeted mutation analysis in Blood or Tissue by Molecular genetics method Narrative,20191011
350890,Neisseria gonorrhoeae DNA [+/-] in XXX specimen by NAA with probe detection,20210104
350597,Neisseria meningitidis Ab [+/-] in Serum,20200505
350598,Neisseria meningitidis Ag [+/-] in Cerebral spinal fluid,20200505
350038,Neisseria meningitidis Ag [+/-] in XXX specimen,20191011
350039,Neisseria meningitidis Ag [Units/mL] in CSF by Latex agglutination,20191011
350802,Neisseria meningitidis DNA [+/-] in Blood by NAA with probe detection,20201116
350803,Neisseria meningitidis rRNA [+/-] in Cerebral spinal fluid by Probe,20201116
350804,Neisseria meningitidis serogroup A Ag [+/-] in Cerebral spinal fluid by Latex agglutination,20201116
350673,Neisseria meningitidis serogroup A Ag [+/-] in Isolate by Agglutination,20200601
351161,Neisseria meningitidis serogroup B Ag [+/-] in Cerebral spinal fluid,20220201
351230,Neisseria meningitidis serogroup B Ag [+/-] in Cerebral spinal fluid by Latex agglutination,20221101
350674,Neisseria meningitidis serogroup B Ag [+/-] in Isolate by Agglutination,20200601
351163,Neisseria meningitidis serogroup B Ag [+/-] in Serum,20220201
350805,Neisseria meningitidis serogroup B+Escherichia coli K1 Ag [+/-] in Cerebral spinal fluid by Latex agglutination,20201116
350806,Neisseria meningitidis serogroup C Ag [+/-] in Cerebral spinal fluid by Latex agglutination,20201116
350676,Neisseria meningitidis serogroup C Ag [+/-] in Isolate by Agglutination,20200601
350737,Neisseria meningitidis serogroups B +Escherichia coli K1 Ag [+/-] in Cerebral spinal fluid by Agglutination,20200803
385392,NELL2 Ag [+/-] in Tissue by Immune stain,20211101
P38020,Nerve with resin study,20201102
385406,Neu-N Ag [+/-] in Tissue by Immune stain,20220301
385455,Neuroblastoma 84 Ag [+/-] in Tissue by Immune stain,20231002
385136,Neuroblastoma Ag [+/-] in Tissue by Immune stain,20201102
385137,Neurofilament Ag [+/-] in Tissue by Immune stain,20201102
360371,Neurofilament light chain (Nfl) [pg/mL] in Serum or Plasma by Immunoassay ,20240801
385254,Neuronal Neuclear Ag [+/-] in Tissue by Immune stain,20210401
360244,Neuronal nuclear Ab [+/-] in Serum,20210503
360298,Neutrophil Ab [+/-] in Serum by Flow cytometry (FC),20220105
360005,Neutrophil cytoplasmic Ab [Titer] in Body fluid by Immunofluorescence,20191011
360006,Neutrophil cytoplasmic Ab [Titer] in CSF by Immunofluorescence,20191011
360007,Neutrophil cytoplasmic Ab [Titer] in Serum,20191011
360003,Neutrophil cytoplasmic Ab [Titer] in Serum by Immunofluorescence,20191011
360002,Neutrophil cytoplasmic Ab [U/mL] in Serum,20191011
360001,Neutrophil cytoplasmic Ab [U/mL] in Serum by Immunoassay,20191011
360004,Neutrophil cytoplasmic Ab [U/mL] in Serum by Immunofluorescence,20191011
385138,Neutrophil elastase Ag [+/-] in Tissue by Immune stain,20201102
320694,Neutrophil gelatinase-associated lipocalin [ng/ml] in Serum or Plasma by Rapid immunoassay,20241202
310073,Neutrophil gelatinase-associated lipocalin [ng/mL] in Urine by Rapid immunoassay,20210716
360090,Neutrophil.PMA stimulated.DHR/Neutrophil.PMA stimulated.total in Blood by Flow cytometry (FC),20191011
300098,Neutrophils [%] in Blood by Automated count,20200518
300059,Neutrophils [%] in Body fluid,20200518
300134,Neutrophils [10^3/ul] in Blood,20200616
330292,Nevirapine [ng/mL] in Serum or Plasma by Ultra-performance liquid chromatography with Photo diode array detector,20210118
330306,Nevirapine [ug/mL] in Serum or Plasma,20210201
385436,NF-kB p65  Ag [+/-] in Tissue by Immune stain,20221101
330104,Nickel [ng/mL] in Urine,20191011
330105,Nickel [ug/24 H] in 24 hour Urine,20191011
330490,Nickel [ug/L] in XXX specimen,20220301
330103,Nickel [ug/mL; ng/mL] in Serum or Plasma,20191011
330370,Nicotine [ng/mL] in Serum or Plasma,20210601
330315,Nicotine [ng/mL] in Urine,20210301
330529,NIFEdipine [ng/mL] in Serum or Plasma,20230703
330313,Nitrate [+/-] in Urine,20210216
310041,Nitrite [+/-] in Urine by Test strip,20200601
385437,NKX2.2 Ag [+/-] in Tissue by Immune stain,20221101
370053,N-MYC Gene Amplification in Tissue by FISH,20211101
350950,Nocardia sp identified in XXX specimen by Organism specific culture,20210301
308102,Non-Activated Thromboelastometry in Citrated blood by viscoelastic test,20240401
330206,Norepinephrine [pg/mL] in Plasma,20201001
330212,Norepinephrine [ug/L] in 24 hour Urine,20201001
308077,Normalized silica clotting time of Platelet poor plasma,20210317
320671,Normetanephrine [pg/ml] in Serum or Plasma,20240401
320670,Normetanephrine [pg/ml] in Urine,20240401
320447,Normetanephrine [ug/24hr] in 24 hour Urine,20201116
300145,Normocytic/Normochromic polychromasia [+/-] in Blood by Light microscopy,20200701
351225,Norovirus Ag [+/-] in Stool,20220801
350807,Norovirus Ag [+/-] in Stool by Rapid immunoassay,20201116
350918,Norovirus RNA [+/-] in Stool by NAA with probe detection,20210201
350919,Norovirus RNA [+/-] in XXX specimen by NAA with probe detection,20210201
330256,Nortriptyline [ng/mL] in Serum or Plasma,20201116
330273,Nortriptyline [ng/mL] in Serum or Plasma trough >12 hours post dose,20210104
381161,NOTCH3 gene full mutation analysis in Blood or Tissue By Sequencing,20201201
381017,NOTCH3 gene targeted mutation analysis in Blood or Tissue by Molecular genetics method Narrative,20191011
381099,NPM1 gene mutations found [Identifier] in Blood or Tissue by Molecular genetics method Nominal,20191011
385346,NPR3 Ag [+/-] in Tissue by Immune stain,20210618
381162,NR2E3 gene full mutation analysis in Blood or Tissue,20201201
381236,NRAS gene in Cancer specimen by Sequencing,20210301
381187,NRAS gene mutations found in Blood or Tissue by Molecular genetics method Nominal,20210104
381218,NRAS gene mutations tested for in Blood or Tissue by Molecular genetics method Nominal,20210118
360158,Nuclear Ab [+/-] in Serum,20201001
360138,Nuclear Ab [Titer] in Serum by Immunofluorescence,20200616
360130,Nuclear Ab [U/mL] in Body fluid by Immunofluorescence,20200518
360062,Nuclear Ab [U/mL] in Serum,20191011
360060,Nuclear Ab [U/mL] in Serum by Immunoassay,20191011
360061,Nuclear Ab [U/mL] in Serum by Immunofluorescence,20191011
360134,Nuclear Ab pattern [Interpretation] in Serum by Immunofluorescence,20200601
360146,Nuclear dots nuclear Ab pattern [Titer] in Serum by Immunofluorescence,20200701
385462,Nuclear IgG Ab [arb U/mL] in Serum or Plasma by Immunoassay ,20240301
300180,Nucleated cells [10*6/L] in Body fluid by Manual count,20210104
300159,Nucleated erythrocytes [+/-] in Blood by Automated count,20200701
300148,Nucleated erythrocytes/100 erythrocytes [%] in Blood,20200701
300187,Nucleated erythrocytes/100 leukocytes [%] in Blood,20210301
360278,Nucleosome Ab [+/-] in Serum by Immunoassay,20210813
385255,NUT Ag [+/-] in Tissue by Immune stain,20210401
381397,OCA2 gene mutations found [Identifier] in Blood or Tissue by Molecular genetics method Nominal,20240102
385140,OCT2 Ag [+/-] in Tissue by Immune stain,20201102
385141,OCT-3/4 Ag [+/-] in Tissue by Immune stain,20201102
385358,OCT4 Ag [+/-] in Tissue by Immune stain,20210618
360307,OJ Ab [+/-] in Serum by Radioimmunoprecipitation assay (RIPA),20220301
385256,Olig2 Ag [+/-] in Tissue by Immune stain,20210401
360170,Oligoclonal bands [Interpretation] in Cerebral spinal fluid by Electrophoresis,20201116
390015,Oligoclonal bands in Cerebral spinal fluid by Isoelectric focusing,20200518
360135,Omega 5 Gliadin IgE Ab [kU/L] in Serum,20200601
P38130,Omentectomy,20201102
330257,Opiates [+/-] in Gastric fluid,20201116
330402,Opiates [+/-] in Urine by Screen method,20210623
330274,Opiates [+/-] in Urine by Screen method >2000 ng/mL,20210104
330258,Opiates [+/-] in Urine by Screen method >300 ng/mL,20201116
330108,Opiates [ng/mL] in Serum or Plasma,20191011
330107,Opiates [ng/mL] in Urine,20191011
330106,Opiates [ng/mL] in Urine by Confirmatory method,20191011
330109,Opiates [ng/mL] in XXX specimen,20191011
350745,Opisthorchiasis and Clonorchiasis [+/-] in Blood by ICT Kit,20200803
351274,Opisthorchiasis and Clonorchiasis [+/-] in Urine by ICT Kit,20240401
330431,Organochlorine pesticides [+/-] in XXX specimen by Screen method,20220105
330111,Organochlorine pesticides [Type] in Serum or Plasma,20191011
330110,Organochlorine pesticides [Type] in Urine,20191011
330114,Organonitrogen [mg/dL] in Gastric Content,20191011
330112,Organonitrogen [mg/dL] in Serum or Plasma,20191011
330113,Organonitrogen [mg/dL] in Urine,20191011
330450,Organonitrogen pesticides [+/-] in XXX specimen by Screen method,20220105
330115,Organophosphate pesticides [+/-] in Blood by Screen method,20191011
330116,Organophosphate pesticides [+/-] in Gastric fluid by Screen method,20191011
300070,Organophosphate pesticides [+/-] in Urine,20200505
330117,Organophosphate pesticides [+/-] in XXX specimen by Screen method,20191011
351069,Orientia tsutsugamushi (Scub Typhus) Ab detection [+/-] in Serum By Rapid immunoassay,20210601
350040,Orientia tsutsugamushi Ab [Titer] in Serum,20191011
350768,Orientia tsutsugamushi IgG Ab [Titer] in Serum,20201001
350769,Orientia tsutsugamushi IgM Ab [+/-] in Serum or Plasma,20201001
350731,Orientia tsutsugamushi IgM Ab [+/-] in Serum or Plasma by Immunoassay,20200803
381367,Orthopoxvirus DNA [Identifier] in XXX Specimen by NAA with probe detection,20220901
330551,Osimertinib [ng/ml] in Serum or Plasma by LC/MS/MS,20241001
320320,Osmolality of 24 hour Urine [mosm/kg],20200505
320340,Osmolality of Body fluid [mosm/kg],20200505
320020,Osmolality of Serum or Plasma [mOsmol/kg],20200505
320021,Osmolality of Urine [mosm/kg; mOsm/L],20200505
300024,Osmotic fragility [Interpretation] of Red Blood Cells,20191011
300023,Osmotic fragility of Red Blood Cells [%],20191011
320147,Osteocalcin [ng/mL] in Serum or Plasma,20191011
385142,Osteocalcin Ag [+/-] in Tissue by Immune stain,20201102
385143,Osteonectin Ag [+/-] in Tissue by Immune stain,20201102
385367,Osteopontin OPN [+/-] in Tissue by Immune stain,20210802
381123,OTC gene mutations tested for in Blood or Tissue by Molecular genetics method Nominal,20201116
310075,Other element in Urine sediment by Light microscopy,20220105
310048,Other elements in Urine sediment,20200701
385317,Otx-2 Ag [+/-] in Tissue by Immune stain,20210401
351273,Ova and parasites identified in Bile fluid by Light microscopy,20240401
351207,Ova and parasites identified in Duodenal fluid or Gastric fluid by Light microscopy,20220502
350683,Ova and parasites identified in Sputum by Light microscopy,20200616
350474,Ova and parasites identified in Stool by Concentration,20191011
350479,Ova and parasites identified in Stool by Light microscopy,20191011
350473,Ova and parasites identified in Stool by Parasite sedimentation,20191011
350471,Ova and parasites identified in XXX specimen by Concentration,20191011
350470,Ova and parasites identified in XXX specimen by Light microscopy,20191011
300146,Ovalocytes [+/-] in Blood by Light microscopy,20200701
P38172,Ovarian mass,20201102
360118,Ovomucoid IgE Ab [kU/L] in Serum,20200505
320075,Oxalate [mg/dL] in 24 hour Urine,20191011
320074,Oxalate [mg/dL] in Urine,20191011
330191,OXcarbazepine [ug/mL] in Serum or Plasma,20200901
320496,Oxygen [mm Hg] in Arterial blood,20210118
320497,Oxygen [mm Hg] in Venous blood,20210118
300188,Oxyhemoglobin/Hemoglobin.total in Venous blood,20210301
385373,Oxytocin Receptor [+/-] in Tissue by Immune stain,20210802
220083,P1 Ag [+/-] on Red Blood Cells,20210623
220081,P1 Ag [+/-] on Red Blood Cells from Blood product unit,20210618
220082,P1 Ag [+/-] on Red Blood Cells from Donor,20210623
385305,P120 Ag [+/-] in Tissue by Immune stain,20210401
385257,p16 Ag [+/-] in Tissue by Immune stain,20210401
385285,p16INK4a Ag [+/-] in Tissue by Immune stain,20210401
385258,p21 Ag [+/-] in Tissue by Immune stain,20210401
385321,P27 Ag [+/-] in Tissue by Immune stain,20210401
385259,p40 Ag [+/-] in Tissue by Immune stain,20210401
385144,P504S Ag [+/-] in Tissue by Immune stain,20201102
360344,P504S and p63 and Cytokeratin 903 Ag [Identifier] in Tissue by Immune stain ,20240301
385145,P53 protein Ag [+/-] in Tissue by Immune stain,20201102
385286,P53 protein Ag/100 cells in Tissue by Immune stain,20210401
385146,P57 Ag [+/-] in Tissue by Immune stain,20201102
385314,P62 Ag [+/-] in Tissue by Immune stain,20210401
385147,P63 Ag [+/-] in Tissue by Immune stain,20201102
385315,P75-NGFR Ag [+/-] in Tissue by Immune stain,20210401
381163,PABPN1 gene GCG/GCN repeats in Blood or Tissue,20210317
381057,PABPN1 gene targeted mutation analysis in Blood or Tissue by Molecular genetics method Narrative,20191011
385393,Pan TC gamma Ag [+/-] in Tissue by Immune stain,20211101
300135,p-ANCA formalin sensitive IgG Ab [+/-] in Serum or Plasma by Immunofluorescence,20200616
360145,Pancreatic islet cell Ab [+/-] in Serum,20200701
360324,Pancreatic islet cell Ab [Titer] in Serum,20230103
385376,Pancreatic polypeptide [+/-] in Tissue by Immune stain,20210802
385342,Pancytokeratin (KL-1) Ag [+/-] in Tissue by Immune stain,20210618
385456,Pan-TRK Ag [+/-] in Tissue by Immune stain,20231002
360287,Paper wasp IgE Ab [U/L] in Serum,20211001
350663,Paragonimus sp Ab [Titer] in Cerebral spinal fluid by Immunoassay,20200601
350468,Paragonimus sp Ab [Titer] in Pleural fluid,20191011
350467,Paragonimus sp Ab [Titer] in Pleural fluid by Immunoassay,20191011
350465,Paragonimus sp Ab [Titer] in Serum,20191011
350469,Paragonimus sp Ab [Titer] in Serum by Complement fixation,20191011
350466,Paragonimus sp Ab [Titer] in Serum by Immunoassay,20191011
350892,Parainfluenza virus 1 [+/-] in XXX specimen by Organism specific culture,20210104
350309,Parainfluenza virus 1 Ag [+/-] in XXX specimen,20191011
350310,Parainfluenza virus 1 Ag [+/-] in XXX specimen by Immunofluorescence,20191011
350315,Parainfluenza virus 1 IgG Ab [+/-] in Serum by Immunoassay,20191011
350318,Parainfluenza virus 1 IgM Ab [+/-] in Serum,20191011
351160,Parainfluenza virus 1+2+3 RNA [+/-] in XXX specimen by NAA with probe detection,20220105
350893,Parainfluenza virus 2 [+/-] in XXX specimen by Organism specific culture,20210104
350311,Parainfluenza virus 2 Ag [+/-] in XXX specimen,20191011
350312,Parainfluenza virus 2 Ag [+/-] in XXX specimen by Immunofluorescence,20191011
350316,Parainfluenza virus 2 IgG Ab [+/-] in Serum by Immunoassay,20191011
350319,Parainfluenza virus 2 IgM Ab [+/-] in Serum by Immunoassay,20191011
350894,Parainfluenza virus 3 [+/-] in XXX specimen by Organism specific culture,20210104
350313,Parainfluenza virus 3 Ag [+/-] in XXX specimen,20191011
350314,Parainfluenza virus 3 Ag [+/-] in XXX specimen by Immunofluorescence,20191011
350317,Parainfluenza virus 3 IgG Ab [+/-] in Serum by Immunoassay,20191011
350320,Parainfluenza virus 3 IgM Ab [+/-] in Serum,20191011
360171,Paraneoplastic Ab [+/-] in Cerebral spinal fluid by Immunoblot,20201116
360306,Paraneoplastic Ab [+/-] in Serum by Immunofluorescence,20220301
330334,Paraquat [+/-] in Gastric fluid,20210317
330122,Paraquat [+/-] in Serum or Plasma,20191011
330118,Paraquat [+/-] in Urine,20191011
330474,Paraquat [mg/L] in Postmortem Serum or Plasma,20220105
330454,Paraquat [mg/L] in Serum or Plasma,20220105
330119,Paraquat [ng/mL; ug/mL] in Blood,20200616
330120,Paraquat [ng/mL] in Gastric fluid,20191011
330121,Paraquat [ng/mL] in Urine,20191011
330316,Parathion [mg/kg] in XXX  specimen,20210301
330344,Parathion [ug/mL] in Serum or Plasma,20210317
320654,Parathyrin related protein [ng/L;pg/mL] in Serum or Plasma,20230703
320672,Parathyrin.1-84 [pg/mL] in Serum or Plasma by Immunoassay ,20240401
320216,Parathyrin.intact [pg/mL] in Serum or Plasma,20191011
385148,Parathyroid hormone Ag [+/-] in Tissue by Immune stain,20201102
360153,Parietal cell Ab [+/-] in Serum by Immunofluorescence,20200803
390039,Parietal cell Ab [Titer] in Serum by Immunofluorescence,20210104
385359,Parvovirus B19 Ag [+/-] in Tissue by Immune stain,20210618
350664,Parvovirus B19 DNA [+/-] in Blood by NAA with probe detection,20200601
350895,Parvovirus B19 DNA [+/-] in XXX specimen by NAA with probe detection,20210104
350321,Parvovirus B19 DNA [copies/mL] (viral load) in Serum or Plasma by NAA with probe detection,20191011
350322,Parvovirus B19 DNA [copies/mL] (viral load) in XXX specimen by NAA with probe detection,20191011
350323,Parvovirus B19 IgG Ab [+/-] in Serum by Immunoassay,20191011
350324,Parvovirus B19 IgM Ab [+/-] in Serum by Immunoassay,20191011
350904,Parvovirus B19 RNA [+/-] in XXX specimen by NAA with probe detection,20210201
381415,Pathogen identification and antimicrobial susceptibility prediction in XXX Specimen by Nanopore sequencing ,20250303
351311,Pathogen identification in Blood by Holotomography (Microscopic 3D imaging),20250102
P38421,Pathologist review of results,20211101
P38422,Pathology Consult ,20211101
385260,PAX2 Ag [+/-] in Tissue by Immune stain,20210401
385216,PAX5 Ag [+/-] in Tissue by Immune stain,20210401
381112,PAX6 gene targeted mutation analysis [+/-] in Blood or Tissue by Molecular genetics method,20210317
385217,PAX8 Ag [+/-] in Tissue by Immune stain,20210401
390016,PCA-Tr Ab [Titer] in Cerebral spinal fluid by Immunofluorescence,20200518
381080,PCR 1 fragment,20191011
381083,PCR 10 fragments,20191011
381084,PCR 15 fragments,20191011
381081,PCR 3 fragments,20191011
381085,PCR 30 fragments,20191011
381082,PCR 5 fragments,20191011
350059,PCR for Bacterial molecular identification,20191011
330192,P-cresol [umol/L] in Serum or Plasma,20200901
385304,PD1 Ag [+/-] in Tissue by Immune stain,20210401
385261,PD-1(CD279) Ag [+/-] in Tissue by Immune stain,20210401
381124,PDGFRA gene exon 18 targeted mutation analysis in Blood or Tissue by Sequencing,20201116
381188,PDGFRA gene rearrangements [+/-] in Blood or Tissue by Molecular genetics method,20210104
385218,PDGFR-alpha Ag [+/-] in Tissue by Immune stain,20210401
370074,PDGFRB gene rearrangements [+/-] in Blood or Tissue by FISH,20220301
385219,PD-L1 by clone 22C3 [+/-] in Tissue by Immune stain,20210401
385220,PD-L1 by clone 28-8 [+/-] in Tissue by Immune stain,20210401
385221,PD-L1 by clone SP142 [+/-] in Tissue by Immune stain,20210401
360120,Peanut IgE Ab [kU/L] in Serum,20200505
360320,Pecan or Hickory Nut IgE Ab [kU/L] in Serum,20221101
P38170,Pelvic exenteration (uterus with urinary bladder or colon and lymph node),20201102
385343,Pemphigus Vulgaris and Bullous Pemphigoid Antibody [+/-] in Tissue by Immune stain,20210618
330214,Penicillin G [Susceptibility] by Minimum lethal concentration (MLC),20201001
360219,Penicillin G IgE Ab [kU/L] in Serum,20210317
360332,Penicillium notatum IgE Ab [kU/L] in Serum,20230601
360266,Penicillium notatum IgE Ab RAST class [+/-] in Serum,20210623
385149,Perforin Ag [+/-] in Tissue by Immune stain,20201102
B23512,Peripheral Blood Stem Cell Collection,20210618
B23513,Peripheral Stem Cell Collection (สภากาชาด),20210618
385150,Peripherin Ag [+/-] in Tissue by Immune stain,20201102
350891,PFGE restriction enzyme in Isolate,20210104
385151,PGP 9.5 Ag [+/-] in Tissue by Immune stain,20201102
320372,pH of Arterial blood,20200518
320610,pH of Body fluid,20220502
390035,pH of Body fluid by Potentiometry,20201001
390003,pH of Body fluid by Test strip,20200417
390061,pH of Cerebral spinal fluid,20211201
390060,pH of Pleural fluid by Test strip,20211201
390048,pH of Semen,20210503
320542,pH of Serum or Plasma,20210401
390058,pH of Stool,20210802
390062,pH of Synovial fluid by Test strip,20211201
310024,pH of Urine,20200417
310011,pH of Urine by Test strip,20191011
390036,pH of XXX specimen,20201116
360119,Phadiatop IgE Ab [kU/L] in Serum,20200505
381316,Pharmacogenetic for Acetaminophen (CYP2D6) in Blood or tissue by real time PCR analysis,20220201
381332,Pharmacogenetic for Amitriptyline (CYP2D6) in Blood or tissue by real time PCR analysis,20220201
381325,Pharmacogenetic for Aripiprazole (CYP2D6) in Blood or tissue by real time PCR analysis,20220201
381333,Pharmacogenetic for Atomoxetine Strattera (CYP2D6) in Blood or tissue by real time PCR analysis,20220201
381318,Pharmacogenetic for Azathioprine (CYP2D6) in Blood or tissue by real time PCR analysis,20220201
381319,Pharmacogenetic for Carvedilol (CYP2D6) in Blood or tissue by real time PCR analysis,20220201
381320,Pharmacogenetic for Citalopram (CYP2D6) in Blood or tissue by real time PCR analysis,20220201
381334,Pharmacogenetic for Clomipramine (CYP2D6) in Blood or tissue by real time PCR analysis,20220201
381326,Pharmacogenetic for Clozapine (CYP2D6) in Blood or tissue by real time PCR analysis,20220201
381335,Pharmacogenetic for Desloratadine (CYP2D6) in Blood or tissue by real time PCR analysis,20220201
381337,Pharmacogenetic for Dextromethorphan (CYP2D6) in Blood or tissue by real time PCR analysis,20220201
381341,Pharmacogenetic for Fluoxetine (CYP2D6) in Blood or tissue by real time PCR analysis,20220201
381342,Pharmacogenetic for Galantamine (CYP2D6) in Blood or tissue by real time PCR analysis,20220201
381321,Pharmacogenetic for Gefitinib (CYP2D6) in Blood or tissue by real time PCR analysis,20220201
381346,Pharmacogenetic for Imipramine (CYP2D6) in Blood or tissue by real time PCR analysis,20220201
381331,Pharmacogenetic for Mercaptopurine (TPMT) in Blood or tissue by real time PCR analysis,20220201
381348,Pharmacogenetic for Metoprolol (CYP2D6) in Blood or tissue by real time PCR analysis,20220201
381324,Pharmacogenetic for Nortriptyline (CYP2D6) in Blood or tissue by real time PCR analysis,20220201
381350,Pharmacogenetic for Olanzapine (CYP2D6) in Blood or tissue by real time PCR analysis,20220201
381351,Pharmacogenetic for Paroxetine (CYP2D6) in Blood or tissue by real time PCR analysis,20220201
381317,Pharmacogenetic for Perphenazine (CYP2D6) in Blood or tissue by real time PCR analysis,20220201
381349,Pharmacogenetic for Propafenone (CYP2D6) in Blood or tissue by real time PCR analysis,20220201
381344,Pharmacogenetic for Propranolol (CYP2D6) in Blood or tissue by real time PCR analysis,20220201
381323,Pharmacogenetic for Protriptyline (CYP2D6) in Blood or tissue by real time PCR analysis,20220201
381345,Pharmacogenetic for Risperidone (CYP2D6) in Blood or tissue by real time PCR analysis,20220201
381322,Pharmacogenetic for Terbinafine (CYP2D6) in Blood or tissue by real time PCR analysis,20220201
381336,Pharmacogenetic for Tetrabenazine (CYP2D6) in Blood or tissue by real time PCR analysis,20220201
381327,Pharmacogenetic for Thioguanine (TPMT) in Blood or tissue by real time PCR analysis,20220201
381340,Pharmacogenetic for Thioridazine (CYP2D6) in Blood or tissue by real time PCR analysis,20220201
381343,Pharmacogenetic for Timolol (CYP2D6) in Blood or tissue by real time PCR analysis,20220201
381338,Pharmacogenetic for Tolterodine (CYP2D6) in Blood or tissue by real time PCR analysis,20220201
381347,Pharmacogenetic for Trimipramine (CYP2D6) in Blood or tissue by real time PCR analysis,20220201
330346,Phenacetin [umol/L] in Serum or Plasma,20210317
330488,Phencyclidine [+/-] in Urine by Screen method,20220301
330472,Phencyclidine [mg/dL] in Serum or Plasma,20220105
330403,Phencyclidine [ng/mL] in Urine,20210623
330126,Phenobarbital [+/-] in Serum or Plasma,20191011
330127,Phenobarbital [+/-] in Urine,20191011
330125,Phenobarbital [+/-] in XXX specimen,20191011
330123,Phenobarbital [ug/mL] in Serum or Plasma,20191011
330124,Phenobarbital [ug/mL] in Urine,20191011
330322,Phenols [mg/L] in Urine,20210301
330133,Phenothiazines [+/-] in Gastric fluid,20191011
330131,Phenothiazines [+/-] in Serum or Plasma,20191011
330132,Phenothiazines [+/-] in Urine,20191011
330130,Phenothiazines [+/-] in XXX specimen,20191011
330129,Phenothiazines [ng/mL] in Serum or Plasma,20191011
330128,Phenothiazines [ug/mL] in Urine,20191011
330404,Phentermine [+/-] in Urine by Screen method,20210623
360339,PhenX - assay for cytokine panel,20231101
320485,Phenylalanine [umol/L] in Dried blood spot,20210104
330347,Phenylbutazone [umol/L] in Serum or Plasma,20210317
330193,Phenylethylmalonamide [ug/mL] in Serum or Plasma,20200901
320632,Phenylglyoxylate [mg/L] in Urine,20220901
320522,Phenylketonuria and variants/Biopterin defects newborn screen interpretation,20210301
320373,Phenylpyruvate [+/-] in Urine,20200518
330135,Phenytoin [+/-] in Serum or Plasma,20191011
330136,Phenytoin [+/-] in Urine,20191011
330137,Phenytoin [+/-] in XXX specimen,20191011
330134,Phenytoin [mg/mL; mcg/mL] in Serum or Plasma,20200317
360300,Pholcodine IgE Ab [k[IU]/L] in Serum,20220201
385161,Phosphatase and tensin homolog (PTEN) Ag [+/-] in Tissue by Immune stain,20201102
320025,Phosphate [mg/24hrs] in 24 hour Urine,20200505
320693,Phosphate [mg/dl] in 24 hour Urine ,20241001
350599,Phosphate [mg/dL] in Body fluid,20200505
320022,Phosphate [mg/dL] in Serum or Plasma,20191011
320023,Phosphate [mg/dL] in Urine,20191011
320024,Phosphate [mg/dL] in XXX specimen,20191011
320341,Phosphate [mmol/L] in 24 hour Urine,20200505
320448,Phosphofructokinase [U/g Hb] in Red Blood Cells,20201116
385363,Phosphohistone H3 [+/-] in Tissue by Immune stain,20210716
385396,Phospholipase A2 receptor (PLA2R) Ag [+/-] in Tissue by Immune stain,20211101
360172,Phospholipase A2 receptor IgG Ab [RU/mL] in Serum by Immunoassay,20201116
320520,Phospholipid phosphorus [mg/dL] in Serum,20210301
385262,phosphorylated STAT-5 Ag [+/-] in Tissue by Immune stain,20210401
320472,Phosphorylated tau 181 [pg/mL] in Cerebral spinal fluid by Immunoassay,20201116
385475,Phosphorylated tau 217 [pg/mL] in Plasma by Immunoassay,20240604
385318,Phospho-Tau Ag [+/-] in Tissue by Immune stain,20210401
385438,PHOX2B Ag [+/-] in Tissue by Immune stain,20221101
381125,PHOX2B gene targeted mutation analysis in Blood or Tissue by Molecular genetics method,20201116
360333,Pigeon droppings IgE Ab [kU/L] in Serum,20230601
381224,PIK3CA gene targeted mutation analysis in Blood or Tissue by Molecular genetics method,20230501
385152,PIP Ag [+/-] in Tissue by Immune stain,20201102
330536,Piperacillin Free form Concentrations TDM [mg/L] in Blood by High-Performance Liquid Chromatography (HPLC),20230703
330405,Piroxicam [ug/mL] in Serum or Plasma,20210623
385323,Pit-1 Ag [+/-] in Tissue by Immune stain,20210503
381010,PKD1 gene+PKD2 gene targeted mutation analysis,20191011
B23365,Pl Psorelen-treated Plateletpheresis PAS-C (สภากาชาด),20210618
320461,Placental growth factor [pg/mL] in Serum,20201116
381408,PLAG1 Ag in Tissue by Immune stain,20240701
385153,PLAP Ag [+/-] in Tissue by Immune stain,20201102
385154,Plasma cell Ag [+/-] in Tissue by Immune stain,20201102
300179,Plasma cell precursor/100 leukocytes [%] in Blood,20210104
B23504,Plasma Exchange (ใช้เครื่อง Apheresis),20210618
B23516,Plasma Transfer Set,20210618
308002,Plasmin inhibitor [U/mL] in Platelet poor plasma by Chromogenic method,20191011
350888,Plasmodium sp Ag in Blood by Rapid immunoassay,20210104
350428,Plasmodium sp identified in Blood by Thick film,20191011
360182,Platelet Ab [+/-] in Serum,20210104
300189,Platelet adequacy [+/-] in Blood by Light microscopy,20210301
308073,Platelet aggregation ADP induced [U/L] in Platelet rich plasma,20210201
308053,Platelet aggregation ADP induced in Platelet rich plasma [%],20210401
308087,Platelet aggregation arachidonate induced in Platelet rich plasma,20210401
308054,Platelet aggregation collagen induced in Platelet rich plasma [%],20210401
308055,Platelet aggregation epinephrine induced in Platelet rich plasma [%],20210401
308041,Platelet aggregation ristocetin induced in Platelet rich plasma,20191011
220091,Platelet crossmatch by Flow cytometry,20210618
300149,Platelet distribution width [fL] in Blood by Automated count,20200701
340056,Platelet function (closure time) collagen+ADP induced [Time] in Blood,20220401
340054,Platelet function (closure time) collagen+EPINEPHrine induced [Time] in Blood,20220401
340055,platelet function analyzer 200,20220401
300199,Platelet genotype in Blood,20210317
300160,Platelet mean volume [fL] in Blood,20200701
300161,Plateletcrit [%] in Blood,20200701
300190,Platelets [10*3/uL] in Platelet rich plasma by Automated count,20210301
300025,Platelets [10*9/L; cells/mL] in Blood by Manual count,20200601
300100,Platelets [cells/L] in Blood by Automated count,20200518
300162,Platelets Large [+/-] in Blood by Automated count,20200701
300236,Platelets reticulated/100 platelets in Blood by Automated count,20220601
385155,Plt. (GP IIIa) Ag [+/-] in Tissue by Immune stain,20201102
370036,PML/RARA t 15:17 [+/-] in Blood or Bone marow by FISH,20210802
381164,PMP22 gene deletion and duplication mutation analysis in Blood or Tissue by MLPA,20201201
381018,PMP22 gene mutations found [Identifier] in Blood or Tissue by Molecular genetics method Nominal,20191011
385264,PMS2 Ag [+/-] in Tissue by Immune stain,20210401
385156,Pneumocystis Ag [+/-] in Tissue by Immune stain,20201102
350437,Pneumocystis jiroveci [+/-] in XXX specimen by Calcofluor white,20191011
350600,Pneumocystis jiroveci Ag [+/-] in Bronchial specimen,20200505
350442,Pneumocystis jiroveci Ag [+/-] in Bronchial specimen by Immunofluorescence,20191011
350441,Pneumocystis jiroveci Ag [+/-] in CSF by Immunofluorescence,20191011
350440,Pneumocystis jiroveci Ag [+/-] in Serum by Immunofluorescence,20191011
350439,Pneumocystis jiroveci Ag [+/-] in Sputum by Immunofluorescence,20191011
350438,Pneumocystis jiroveci Ag [+/-] in XXX specimen by Immunofluorescence,20191011
351262,Pneumocystis jiroveci DNA [DNA copies/ul] in respiratory tract by PCR with non-probe detection,20231002
350820,Pneumocystis jirovecii in XXX specimen by PCR,20201201
350814,Pneumocystis sp [+/-] in XXX specimen by Giemsa stain,20201201
350770,Pneumocystis sp identified in XXX specimen by Light microscopy,20201001
300147,Poikilocytosis [+/-] in Blood by Light microscopy,20200701
381412,POLE targeted gene mutation analysis in Tissue by Molecular genetics method,20250102
350954,Polio virus identified in Stool by Organism specific culture,20210301
351310,Polio virus identified in Stool by Real-Time PCR,20250102
300163,Polychromasia [+/-] in Blood by Light microscopy,20200701
300181,Polymorphonuclear cells [+/-] in XXX specimen by Wright stain,20210118
300218,Polymorphonuclear Neutrophil [%] in Blood by Nitroblue tetrazolium,20210802
B23517,Pooled Granulocyte ,20240902
360222,Pork IgE Ab [kU/L] in Serum,20210317
320527,Porphobilinogen [+/-] in Urine,20210301
320512,Porphobilinogen [ug/mL] in Urine,20210216
320506,Porphobilinogen [umol/L] in Serum or Plasma,20210201
300210,Porphobilinogen synthase (ALA-D) [U/mL] in Blood,20210503
320484,Porphyrins [+/-] in Urine,20210104
320077,Porphyrins [ug/L] in 24 hour Urine,20191011
320076,Porphyrins [ug/L] in Urine,20191011
330194,Posaconazole [ug/mL] in Serum or Plasma,20200901
320030,Potassium [mmol/24 H] in 24 hour Urine,20191011
320645,Potassium [mmol/24H] in Dialysis fluid,20230403
320385,Potassium [mmol/L] in Arterial blood,20200601
320027,Potassium [mmol/L] in Body fluid,20191011
320321,Potassium [mmol/L] in Cerebral spinal fluid,20200417
320643,Potassium [mmol/L] in Dialysis fluid,20230103
320028,Potassium [mmol/L] in Peritoneal fluid,20191011
320026,Potassium [mmol/L] in Serum or Plasma,20191011
320323,Potassium [mmol/L] in Stool,20200417
320031,Potassium [mmol/L] in Urine,20191011
320498,Potassium [mmol/L] in Venous blood,20210118
320029,Potassium [mmol/L] in XXX specimen,20191011
385491,POU2F3 Ag [+/-] in Tissue by Immune stain,20241001
381165,PPT1 gene full mutation analysis in Blood or Tissue by Sequencing,20201201
385450,PRAME Ag [+/-] in Tissue by Immune stain,20231002
B23251,PRC,20210618
B23252,PRC (NAT),20210618
B23201,PRC (NAT) (สภากาชาด),20210618
320148,Prealbumin [g/L] in Serum or Plasma,20191011
320149,Prealbumin [g/L] in Urine,20191011
320586,Prealbumin [mg/dL;mg/L] in Serum or Plasma by Nephelometry,20211101
330393,prednisoLONE [+/-] in XXX specimen,20210618
330374,prednisoLONE [ug/dL] in Serum or Plasma,20210601
330195,Pregabalin [ug/mL] in Serum or Plasma,20200901
320374,Pregnancy associated plasma protein A [mU/L] in Serum or Plasma,20200518
381290,Prenatal 5 aneuploidy screening QF-PCR in Blood,20210802
B23153,Preoperative Autologous Whole Blood Donation (PAD - รวมค่า LAB),20210618
330196,Primidone [ug/mL] in Serum or Plasma,20200901
320170,Procalcitonin [ng/mL] in Serum or Plasma,20191011
320171,Procalcitonin [ng/mL] in Serum or Plasma by Immunoassay,20191011
320431,Procollagen type I.N-terminal propeptide [ng/mL] in Serum or Plasma by Immunoassay,20201001
320462,Procollagen type I.N-terminal propeptide [ug/L] in Serum,20201116
320211,Progesterone [ng/mL; pg/mL] in Serum or Plasma by Immunoassay,20201201
320213,Progesterone [ng/mL] in 24 hour Urine,20191011
320210,Progesterone [ng/mL] in Serum or Plasma,20191011
320212,Progesterone [ng/mL] in Urine,20191011
320342,Progesterone [nmol/L] in Serum or Plasma by Immunoassay,20200505
385157,Progesterone receptor Ag [+/-] in Tissue by Immune stain,20201102
320343,Prolactin [IU/mL] in Serum or Plasma by Immunoassay,20200505
320214,Prolactin [ng/mL] in Serum or Plasma,20191011
320215,Prolactin [ng/mL] in Serum or Plasma by Immunoassay,20191011
385158,Prolactin Ag [+/-] in Tissue by Immune stain,20201102
330197,Promethazine [ug/mL] in Serum or Plasma,20200901
330198,Promethazine [ug/mL] in Urine,20200901
300237,Promonocytes/100 leukocytes in Blood by Manual count,20220701
300140,Promyelocytes/100 leukocytes in Blood,20200701
P38152,"Prostate gland, prostatectomy for BPH",20201102
P38153,"Prostate gland, prostatectomy with radical node dissection",20201102
P38151,"Prostate gland, prostatic  chips (TUR)",20201102
385159,Prostate specific Ag [+/-] in Tissue by Immune stain,20201102
320251,Prostate specific Ag [ng/mL] in Serum or Plasma,20191011
320587,Prostate Specific Ag Free [ng/mL] in Serum or Plasma by Immunoassay,20211101
320248,Prostate Specific Ag Free [ug/L;ng/mL] in Serum or Plasma,20191011
320659,Prostate Specific Ag Free/Prostate specific Ag.total in Serum or Plasma,20230803
P38150,"Prostate, needle biopsy",20201102
320594,Prostatic acid phosphatase [+/-] in Vaginal fluid,20211201
320375,Prostatic acid phosphatase [U/L] in Vaginal fluid,20200518
310042,Protein [+/-] in Urine by Test strip,20200601
320646,Protein [g/24H] in Peritoneal fluid,20230403
320159,Protein [g/dL; mg/dL] in Body fluid,20200417
320161,Protein [g/dL; mg/dL] in CSF,20200417
320582,Protein [g/dL] in Pericardial fluid,20211001
320160,Protein [g/dL] in Peritoneal fluid,20191011
320158,Protein [g/dL] in Serum or Plasma,20191011
320162,Protein [g/dL] in XXX specimen,20191011
320644,"Protein [g/L,mg/dL] in Peritoneal dialysis fluid",20230301
320324,Protein [g/L; g/dL] in Pleural fluid,20200417
320165,Protein [g/L; mg/dL] in Urine,20191011
320655,Protein [g/L] in Dialysis fluid,20230703
320325,Protein [g/L] in Synovial fluid,20200417
320164,Protein [mg/day] in 24 hour Urine,20210201
320163,Protein [mg/dL] in 24 hour Urine,20191011
308036,Protein C actual/normal in Platelet poor plasma by Chromogenic method,20191011
320597,Protein electrophoresis and M protein isotype panel in Serum or Plasma,20220105
320651,Protein Fractions [Interpretation] in Urine by Immunofixation Narrative,20240902
320507,Protein fractions.oligoclonal bands.intrathecal [+/-] in Serum and CSF,20210201
320559,Protein induced by vitamin K absence-II (PIVKA-II) [ng/mL] in Serum or plasma,20210618
308059,Protein S Free [U/mL] in Platelet poor plasma by Coagulation assay,20200505
308037,Protein S Free Ag actual/normal in Platelet poor plasma by Immunoassay,20191011
310065,Protein.abnormal band [mg/24Hr] in 24 hour Urine,20210201
320483,Protein/Creatinine [mg/gm cr] in Urine,20210104
360042,Proteinase 3 Ab [U/mL] in Body fluid,20191011
360041,Proteinase 3 Ab [U/mL] in Serum,20191011
308013,Prothrombin activity actual/normal in Platelet poor plasma by Coagulation assay [%],20191011
308067,Prothrombin time (PT) [seconds],20210401
308071,Prothrombin time (PT) factor substitution [sec] in Platelet poor plasma by Coagulation assay 1H post incubation with normal plasma,20210104
308075,Prothrombin time (PT) factor substitution immediately after addition of normal plasma in Control Platelet poor plasma by Coagulation assay,20220601
308084,Prothrombin time (PT) factor substitution in Platelet poor plasma by Coagulation assay and 2H post incubation with normal plasma,20210317
308085,Prothrombin time (PT) factor substitution in Platelet poor plasma by Coagulation assay and 5 minutes after addition of normal plasma,20210317
308080,Prothrombin time (PT) factor substitution in Platelet poor plasma by Coagulation assay and immediately after addition of normal plasma,20210317
308097,Prothrombin time (PT) in Capillary blood by Coagulation assay,20220502
308078,Prothrombin time (PT) in Control Platelet poor plasma by Coagulation assay,20210317
350665,Protozoa identified in Stool,20200601
350738,Protozoa identified in Vagina,20200803
350443,Protozoa identified in XXX specimen,20191011
330259,Protriptyline [ng/mL] in Serum or Plasma,20201116
381043,PRSS1 gene mutations found [Identifier] in Blood or Tissue by Molecular genetics method Nominal,20191011
385160,PSAP Ag [+/-] in Tissue by Immune stain,20201102
350725,Pseudomonas aeruginosa Ab [IU/mL] in Serum,20200701
381126,PTPN11 gene targeted mutation analysis in Blood or Tissue by Molecular genetics method,20201116
308100,PTT circulating inhibitor [+/-] in Platelet poor plasma,20230301
330503,Pyrazinamide [mg/L] in Blood by LC-MS/MS,20221003
330337,Pyrethrins [+/-] in XXX specimen,20210317
330138,Pyrethrins [mg/dL] in Serum or Plasma,20191011
320482,Pyridoxal phosphate [umol/L] in Blood,20210618
320549,Pyridoxine [+/-] in Blood,20210503
320089,Pyridoxine [ng/mL] in Serum or Plasma,20191011
320090,Pyridoxine [nmol/L] in Serum or Plasma,20191011
320449,Pyruvate kinase [U/g Hb] in Red Blood Cells,20201116
350403,Pythium Ab detection,20191011
351116,Pythium insidiosum in Tissue by Culture,20210802
330319,quiNIDine [ug/mL] in Serum or Plasma,20210301
350330,Rabies virus Ab [Units/mL] in CSF by Neutralization test,20191011
350331,Rabies virus Ab [Units/mL] in Serum by Neutralization test,20191011
350332,Rabies virus Ab [Units/mL] in XXX specimen by Neutralization test,20191011
350333,Rabies virus Ag [+/-] in Tissue by Immunofluorescence,20191011
350334,Rabies virus Ag [+/-] in XXX specimen by Immunofluorescence,20191011
350325,Rabies virus RNA [+/] in CSF by NAA with probe detection,20191011
350326,Rabies virus RNA [+/-] in Isolate by NAA with probe detection,20191011
350327,Rabies virus RNA [+/-] in Saliva (oral fluid) by NAA with probe detection,20191011
350328,Rabies virus RNA [+/-] in Tissue by NAA with probe detection,20191011
350329,Rabies virus RNA [+/-] in XXX specimen by NAA with probe detection,20191011
330275,Raltegravir [ng/mL] in Serum or Plasma,20210118
B23351,Random Platelet Concentrate,20210618
B23358,Random Platelet Concentrate (NAT),20210618
B23301,Random Platelet Concentrate (NAT) (สภากาชาด),20210618
360190,Rat hair IgE Ab [kU/L] in Serum,20210118
370040,Rb-1 gene in Bone marrow by FISH ,20211001
370043,Rb-1 gene in Peripheral blood by FISH ,20211001
370044,Rb-1 gene in XXX specimen by FISH,20211001
381315,RB1 gene targeted mutation analysis in Blood or Tissue by Molecular genetics method,20220105
310062,RBC casts [Cells/LPF] in Urine sediment by Microscopy low power field,20210118
350057,Reagin Ab [+/-] in CSF by VDRL,20191011
350056,Reagin Ab [+/-] in Serum by RPR,20191011
350058,Reagin Ab [+/-] in Serum by VDRL,20191011
350721,Reagin Ab [Titer] in Serum by RPR,20200701
P38109,Rectum,20201102
P38110,Rectum with node dissection,20201102
320525,Reducing substances [+/-] in Stool,20210301
310045,Reducing substances [mg/dL; g/L] in Urine,20200616
320481,Reducing substances [mmol/L] in Stool,20210104
385162,Renal cell carcinoma Ag [+/-] in Tissue by Immune stain,20201102
320217,Renin [ng/mL/h; mU/L; ng/mL/90 min; ng/mL/HR] in Plasma,20191011
320480,Renin [uU/L] in Plasma,20210104
330411,Reptilase time.factor substitution [Sec] in Platelet poor plasma by Coagulation assay,20210716
381245,Respiratory pathogens DNA and RNA panel - Nasopharynx by NAA with probe detection,20210301
350875,Respiratory syncytial virus [+/-] in XXX specimen by Organism specific culture,20210104
351190,Respiratory syncytial virus A RNA [+/-] in Upper respiratory specimen by NAA with probe detection,20220401
350666,Respiratory syncytial virus Ag [+/-] in Nasopharynx by Immunoassay,20200601
350650,Respiratory syncytial virus Ag [+/-] in Nose,20200601
385364,Respiratory syncytial virus Ag [+/-] in Tissue by Immune stain,20210716
350336,Respiratory syncytial virus Ag [+/-] in XXX specimen,20191011
350793,Respiratory syncytial virus Ag [+/-] in XXX specimen by Immunoassay,20201116
350335,Respiratory syncytial virus Ag [+/-] in XXX specimen by Immunofluorescence,20191011
351189,Respiratory syncytial virus B RNA [+/-] in Upper respiratory specimen by NAA with probe detection,20220401
350337,Respiratory syncytial virus IgG Ab [+/-] in Serum by Immunoassay,20191011
350338,Respiratory syncytial virus IgM Ab [+/-] in Serum by Immunoassay,20191011
350923,Respiratory syncytial virus RNA [+/-] in Nasopharynx by NAA with probe detection,20210201
351188,Respiratory syncytial virus RNA [+/-] in Respiratory specimen by NAA with probe detection,20220401
350924,Respiratory syncytial virus RNA [Identifier] in XXX specimen by NAA with probe detection,20210201
350874,Respiratory virus Ag in XXX specimen by Immunofluorescence,20210104
381061,RET gene targeted mutation analysis in Blood or Tissue by Molecular genetics method Narrative,20191011
300026,Reticulocytes [10*9/L] in Blood,20191011
385439,Retinoblastoma Ag [+/-] in Tissue by Immune stain,20221101
320083,Retinol [ug/mL; mcg/dL; mcg/mL] in Serum or Plasma,20191011
320084,Retinol [umol/L] in Serum or Plasma,20191011
220006,Rh [Type] in Blood,20210618
220005,Rh. (D) Typing by Gel method,20210618
220004,RH. (D) Typing by Tube method,20210618
360063,Rheumatoid factor [+/-] in Serum by Latex agglutination,20191011
360136,Rheumatoid factor [IU/mL] in Serum by Nephelometry,20200601
360288,Rheumatoid factor [Titer] in Serum by Latex agglutination,20211001
360064,Rheumatoid factor [Titer] in Serum by Nephelometry,20191011
360201,Rheumatoid factor IgM [U/mL] in Serum by Immunoassay,20210201
350925,Rhinovirus RNA [Identifier] in XXX specimen by NAA with probe detection,20210201
320088,Riboflavin [nmol/L] in Serum or Plasma,20191011
320087,Riboflavin [ug/dL] in Serum or Plasma,20191011
360040,Ribonucleoprotein extractable nuclear Ab [+/-] in Body fluid by Immune diffusion (ID),20191011
360039,Ribonucleoprotein extractable nuclear Ab [+/-] in Serum by Immune diffusion (ID),20191011
360279,Ribonucleoprotein extractable nuclear Ab [+/-] in Serum by Immunoassay,20210813
360035,Ribonucleoprotein extractable nuclear Ab [mg/mL] in Serum,20191011
360036,Ribonucleoprotein extractable nuclear Ab [Titer] in Serum,20191011
360038,Ribonucleoprotein extractable nuclear Ab [U/mL] in Body fluid by Immunoassay,20191011
360037,Ribonucleoprotein extractable nuclear Ab [U/mL] in CSF by Immunoassay,20191011
360032,Ribonucleoprotein extractable nuclear Ab [U/mL] in Serum,20191011
360033,Ribonucleoprotein extractable nuclear Ab [U/mL] in Serum by Immunoassay,20191011
360034,Ribonucleoprotein extractable nuclear Ab [U/mL] in Serum by Immunofluorescence,20191011
360267,Ribosomal P Ab [+/-] in Serum by Immunoblot,20210623
360316,Rice IgE Ab k[IU]/L in Serum,20220901
360212,Rickettsia (Proteus OX19) Ab [Titer] in Serum by Latex agglutination,20210301
351099,Rickettsia (Proteus OX2) Ab [Titer] in Serum by Latex agglutination,20210716
351100,Rickettsia (Proteus OXK) Ab [Titer] in Serum by Latex agglutination,20210716
350873,Rickettsia sp DNA [+/-] in Blood by NAA with probe detection,20210104
350667,Rickettsia typhi IgG Ab [+/-] in Serum,20200601
351142,Rickettsia typhi IgG Ab [+/-] in Serum by Immunofluorescence,20211101
350930,Rickettsia typhi IgG Ab [Titer] in Serum,20211101
350668,Rickettsia typhi IgM Ab [+/-] in Serum,20200601
350931,Rickettsia typhi IgM Ab [Titer] in Serum,20211101
330502,Rifampicin [mg/L] in Blood by LC-MS/MS,20221003
330225,rifAMPin [ng/mL] in Serum or Plasma,20201116
330508,Rifapentine [mg/L] in Blood by LC-MS/MS,20221003
330294,Ritonavir [ng/mL] in Serum or Plasma by Ultra-performance liquid chromatography with Photo diode array detector,20210118
330199,Rivaroxaban [ng/mL] in Serum or Plasma,20200901
360335,RNA polymerase III RP155 IgG Ab [+/-] in Serum or Plasma by Immunoassay,20230803
381293,RNA targeted fusion gene sequencing for lymphoid neoplasm by Next generation sequencing,20210901
381292,RNA targeted fusion gene sequencing for myeloid neoplasm by Next generation sequencing,20210901
381404,ROS proto-oncogene 1 mutations tested for in Blood or Tissue by Molecular genetics method Nominal,20240401
385399,ROS1 D4D6 Ag [+/-] in Tissue by Immune stain,20211101
350339,Rotavirus Ag [+/-] in Stool,20191011
350340,Rotavirus Ag [+/-] in Stool by Immunoassay,20191011
350869,Rotavirus RNA [+/-] in XXX specimen by NAA with probe detection,20210104
350993,Rotavirus RNA [copies/mL] in XXX specimen by NAA with probe detection,20210317
350341,Rotavirus RNA [Identifier] in Stool by NAA with probe detection,20191011
381166,RS1 gene full mutation analysis in Blood or Tissue by Sequencing,20201201
350693,Rubella virus Ab [+/-] in Serum by Immunofluorescence,20200616
350342,Rubella virus IgG Ab [+/-] in Serum,20191011
350343,Rubella virus IgG Ab [+/-] in Serum or Plasma by Immunoassay,20191011
350344,Rubella virus IgG Ab [Titer] in Serum,20191011
350346,Rubella virus IgG Ab [U/mL] in Serum,20210623
350345,Rubella virus IgG Ab [U/mL] in Serum or Plasma by Immunoassay,20210623
350348,Rubella virus IgM Ab [+/-] in Serum,20191011
350347,Rubella virus IgM Ab [+/-] in Serum or Plasma by Immunoassay,20191011
350349,Rubella virus IgM Ab [Titer] in Serum,20191011
350351,Rubella virus IgM Ab [U/mL] in Serum,20210623
350350,Rubella virus IgM Ab [U/mL] in Serum by Immunoassay,20210623
350867,Rubella virus RNA [+/-] in XXX specimen by NAA with probe detection,20210104
350994,Rubella virus RNA [copies/mL] in XXX specimen by NAA with probe detection,20210317
330200,Rufinamide [ug/mL] in Serum or Plasma,20200901
220086,S Ag [+/-] on Red Blood Cells,20210623
220084,S Ag [+/-] on Red Blood Cells from Blood product unit,20210618
220085,S Ag [+/-] on Red Blood Cells from Donor,20210623
385163,S-100 Ag [+/-] in Tissue by Immune stain,20201102
320432,S100 calcium binding protein B [ug/L] in Serum,20201001
385268,S100P Ag [+/-] in Tissue by Immune stain,20210401
380046,SA HLA + C1q Class I in Serum by Immunoassay,20210216
380045,SA HLA + C1q Class II in Serum by Immunoassay,20210216
330260,Salicylates [+/-] in Gastric fluid,20201116
330262,Salicylates [+/-] in Urine,20201116
330261,Salicylates [+/-] in XXX specimen,20210618
330295,Salicylates [mg/dL] in Urine,20210118
330139,Salicylates [ug/mL; mg/L] in Serum or Plasma,20191011
385309,SALL Ag [+/-] in Tissue by Immune stain,20210401
385360,SALL-4 Ag [+/-] in Tissue by Immune stain,20210618
360257,Salmon IgE Ab [kU/L] in Serum,20210618
351175,Salmonella and Shigella sp identified in Stool by Organism specific culture,20220301
350752,Salmonella sp Ab [+/-] in Serum,20200901
351112,Salmonella sp Ab [Titer] in Serum,20210802
350720,Salmonella typhi O D Ab [+/-] in Serum,20200803
350739,Salmonella typhi O D Ab [Titer] in Serum by Agglutination,20200803
360272,Salmonella typhimurium Ab [+/-] in Serum,20210716
381356,Sarcoma targeted gene fusion transcript analysis in Tissue by Sequencing,20230403
385168,Sarcomeric actin Ag [+/-] in Tissue by Immune stain,20201102
350472,Sarcoptes scabiei identified in Skin by Light microscopy,20191011
351123,"SARS coronavirus 2, 2 genes [+/-] in Respiratory specimen by NAA with probe detection",20220502
351121,"SARS coronavirus 2, 3 genes [+/-] in Respiratory specimen by NAA with probe detection",20220701
351122,"SARS coronavirus 2, Ag [+/-] in Respiratory specimen by Immunochromatography",20220801
350509,"SARS coronavirus 2, Ag [+/-] in Respiratory specimen by Rapid immunoassay",20220502
350506,"SARS coronavirus 2, IgG Ab [+/-] in Serum or Plasma by Rapid immunoassay",20220502
350508,"SARS coronavirus 2, IgG+IgM Ab [+/-] in Serum or Plasma by Immunoassay",20220502
350507,"SARS coronavirus 2, IgM Ab [+/-] in Serum or Plasma by Rapid immunoassay",20220502
350502,"SARS coronavirus 2, N gene [+/-] in Respiratory specimen by NAA with probe detection",20210813
350503,"SARS coronavirus 2, RdRp gene [+/-] in Respiratory specimen by NAA with probe detection",20210813
350501,"SARS coronavirus 2, RNA [+/-] in Respiratory specimen by NAA with probe detection",20210813
351139,SARS-CoV-2 (COVID-19) Ag [+/-] in Respiratory specimen by Fluorescence immunoassay,20220502
351146,SARS-CoV-2 (COVID-19) Ag [U/mL] in Respiratory or saliva by Immunoassay,20211201
350926,SARS-CoV-2 (COVID-19) IgA Ab [+/-] in Serum or Plasma by Immunoassay,20210201
351015,SARS-CoV-2 (COVID-19) IgG Ab [+/-] in Serum or Plasma by Immunoassay,20220502
351016,SARS-CoV-2 (COVID-19) IgG Ab [U/mL] in Serum or Plasma by Immunoassay,20220502
351017,"SARS-CoV-2 (COVID-19) IgG+IgM Ab [+/-] in Serum, Plasma or Blood by Rapid immunoassay",20220502
351024,SARS-CoV-2 (COVID-19) IgM Ab [+/-] in Serum or Plasma by Immunoassay,20220502
351135,SARS-CoV-2 (COVID-19) lineage in XXX specimen by Molecular genetics method,20211001
351222,SARS-CoV-2 (COVID-19) N gene [+/-] in Nasopharynx by NAA with probe detection,20220701
351172,SARS-CoV-2 (COVID-19) neutralizing antibody [Titer] in Serum by pVNT,20220301
351087,SARS-CoV-2 (COVID-19) ORF1ab region [+/-] in Respiratory specimen by NAA with probe detection,20210623
351277,SARS-CoV-2 (COVID-19) RNA [+/-] in Nasopharynx by NAA with probe detection,20240501
350998,SARS-CoV-2 (COVID-19) RNA [+/-] in Saliva (oral fluid) by NAA with probe detection,20210317
351136,SARS-CoV-2 (COVID-19) S gene mutation [+/-] in XXX specimen by Molecular genetics method,20211001
351134,SARS-CoV-2 (COVID-19) variant in XXX specimen by Sequencing,20211001
351088,SARS-related coronavirus E gene [+/-] in Respiratory specimen by NAA with probe detection,20210623
385310,SATB2 Ag [+/-] in Tissue by Immune stain,20210401
381167,SCA genes CAG repeats [+/-] in Blood or Tissue by Molecular genetics method,20201201
381410,SCA1 gene CAG repeats [+/-] in Blood or Tissue by Molecular genetics,20241101
381063,SCA2 gene CAG repeats [+/-] in Blood or Tissue by Molecular genetics method,20191011
360321,Scallop IgE Ab [kU/L] in Serum,20221101
360216,Schistosoma sp Ab [+/-] in Serum by Immunoassay,20210301
360280,SCL-70 extractable nuclear Ab [+/-] in Serum by Immunoassay,20210813
360141,SCL-70 extractable nuclear Ab [+/-] in Serum by Immunofluorescence,20200616
360045,SCL-70 extractable nuclear Ab [U/mL] in Serum,20191011
381050,SCN1A gene targeted mutation analysis in Blood or Tissue by Molecular genetics method,20191011
385457,SDHB Ag [+/-] in Tissue by Immune stain,20231201
330466,Selenium [ng/mL] in Urine,20220105
330465,Selenium [ug/L] in Blood,20220105
320328,Selenium [ug/L] in Serum or Plasma,20200417
330487,Selenium [ug/L] in XXX specimen,20220301
381086,Sequencing with dye 1 reaction,20191011
381088,Sequencing with dye 10 reactions,20191011
381089,Sequencing with dye 30 reactions,20191011
381087,Sequencing with dye 5 reactions,20191011
320420,Serotonin [ng/mL; ug/L] in Plasma,20200901
385169,Serotonin Ag [+/-] in Tissue by Immune stain,20201102
360322,Sesame Seed IgE Ab [kU/L] in Serum,20221101
320451,Sex hormone binding globulin [nmol/L] in Serum or Plasma,20201116
385345,SFRP1 Ag [+/-] in Tissue by Immune stain,20210618
360121,Shrimp IgE Ab [kU/L] in Serum,20200505
320617,Silver [nmol/L] in Blood,20220601
320601,Silver [ug/L] in Urine,20220105
330486,Silver [ug/L] in XXX specimen,20220301
385272,Simian Virus 40 Ag [+/-] in Tissue by Immune stain,20210401
B23456,Single Donor Granocyte,20210618
B23457,Single Donor Granocyte Concentrate (สภากาชาด),20210618
B23357,"Single Donor Platelet Concentrate - Filtered, Close System (NAT)",20210618
B23305,"Single Donor Platelet Concentrate - Filtered, Close System (NAT) (สภากาชาด)",20210618
B23355,"Single Donor Platelet Concentrate - Filtered, Open System (NAT)",20210618
B23356,"Single Donor Platelet Concentrate - Non - Filtered, Close System (NAT)",20210618
B23304,"Single Donor Platelet Concentrate - Non - Filtered, Close System (NAT) (สภากาชาด)",20210618
B23354,"Single Donor Platelet Concentrate - Non-Filtered, Open System (NAT)",20210618
B23362,Single Donor Platelet Concentrate PAS-C (สภากาชาด),20210618
B23364,Single Donor Platelets PAS-C,20210618
B23209,Single Donor Red Cell. (SDR) - Filtered  (NAT),20210618
B23207,Single Donor Red Cell. (SDR) - Filtered  (NAT) (สภากาชาด),20210618
B23208,Single Donor Red Cell. (SDR) - Non Filtered  (NAT),20210618
B23206,Single Donor Red Cell. (SDR) - Non Filtered  (NAT) (สภากาชาด),20210618
330140,Sirolimus [ug/L] in Blood,20191011
360281,Sjogrens syndrome-A extractable nuclear 52kD Ab [+/-] in Serum by Immunoassay,20210813
360173,Sjogrens syndrome-A extractable nuclear Ab [+/-] in Serum by Immunoblot,20201116
360043,Sjogrens syndrome-A extractable nuclear Ab [U/mL] in Serum,20191011
360044,Sjogrens syndrome-A extractable nuclear Ab [U/mL] in Serum by Immunoassay,20191011
360289,Sjogrens syndrome-B extractable nuclear Ab [+/-] in Serum by Immunoblot,20211001
360023,Sjogrens syndrome-B extractable nuclear Ab [Titer] in Serum by Immune diffusion (ID),20191011
360025,Sjogrens syndrome-B extractable nuclear Ab [U/mL] in Body fluid by Immunoassay,20191011
360024,Sjogrens syndrome-B extractable nuclear Ab [U/mL] in CSF by Immunoassay,20191011
360019,Sjogrens syndrome-B extractable nuclear Ab [U/mL] in Serum,20191011
360020,Sjogrens syndrome-B extractable nuclear Ab [U/mL] in Serum by Immunoassay,20191011
360022,Sjogrens syndrome-B extractable nuclear Ab [U/mL] in Serum by Immunoblot,20191011
360021,Sjogrens syndrome-B extractable nuclear Ab [U/mL] in Serum by Immunofluorescence,20191011
P38230,Skin biopsy (Dermatosis),20201102
381396,SLC26A4 gene targeted mutation analysis in Blood or Tissue by Molecular genetics method ,20231201
381405,SMAD4 (DPC4) Ag in Tissue by Immune stain,20240701
P38104,"Small bowel, resection",20201102
P38105,"Small bowel, resection with node dissection",20201102
360046,Smith extractable nuclear Ab [+/-] in Serum,20191011
360297,Smith extractable nuclear Ab [+/-] in Serum by Immunoassay,20211201
360047,Smith extractable nuclear Ab [U/mL] in Serum by Immunoassay,20200601
381064,SMN1 gene targeted mutation analysis in Blood or Tissue by Molecular genetics method Narrative,20191011
381168,SMN1 gene+SMN2 gene targeted mutation analysis in Blood or Tissue by Molecular genetics method,20201201
360342,Smooth muscle Ab [+/-] in Serum by Immunofluorescence ,20240301
360049,Smooth muscle Ab [Titer] in Serum,20191011
360048,Smooth muscle Ab [Titer] in Serum by Immunofluorescence,20191011
360050,Smooth muscle Ab [units/mL] in Serum,20200601
385171,Smooth muscle myosin heavy chain Ag [+/-] in Tissue by Immune stain,20201102
385374,Smoothelin [+/-] in Tissue by Immune stain,20210802
320647,Sodium [mmol/24Hr] in Dialysis fluid,20230403
320036,Sodium [mmol/L/24 H] in 24 hour Urine,20191011
320395,Sodium [mmol/L] in 24 hour Peritoneal dialysis fluid,20200616
320386,Sodium [mmol/L] in Arterial blood,20200601
320033,Sodium [mmol/L] in Body fluid,20191011
320327,Sodium [mmol/L] in Cerebral spinal fluid,20200417
320344,Sodium [mmol/L] in Dialysis fluid,20230301
320398,Sodium [mmol/L] in Peritoneal dialysis fluid,20200701
320034,Sodium [mmol/L] in Peritoneal fluid,20191011
320032,Sodium [mmol/L] in Serum or Plasma,20191011
320326,Sodium [mmol/L] in Stool,20200417
320037,Sodium [mmol/L] in Urine,20191011
320499,Sodium [mmol/L] in Venous blood,20210118
320035,Sodium [mmol/L] in XXX specimen,20191011
320544,"Soluble CD14 subtype [ng/L] in Serum, Plasma or Blood by Immunoassay",20210401
320463,Soluble fms-like tyrosine kinase-1 [pg/mL] in Serum,20201116
320464,Soluble fms-like tyrosine kinase-1/placental growth factor [%] in Serum,20201116
320508,Soluble mesothelin related proteins [nmol/L] in Serum or Plasma,20210201
385172,Somatostatin Ag [+/-] in Tissue by Immune stain,20201102
385375,Somatostatin receptor type 2A [+/-] in Tissue by Immune stain,20210802
328004,"Somatotropin [mIU/L] , Cortisol [mcg/dL], Glucose [mg/dL] in Serum or Plasma - post insulin IV- Panel",20200417
320322,Somatotropin [ng/24H] in 24 hour Urine,20200417
320196,Somatotropin [ng/mL] in Serum or Plasma,20191011
320479,Somatotropin [ng/mL] in Serum or Plasma pre or post dose glucose,20210104
320478,Somatotropin [ug/L] in Serum or Plasma pre or post XXX challenge,20210104
320453,Somatotropin 1 hour post XXX challenge [ng/mL] in Serum or Plasma,20220601
320454,Somatotropin 1.5 hours post XXX challenge [ng/mL] in Serum or Plasma,20220601
320452,Somatotropin 15 minutes post XXX challenge [ng/mL] in Serum or Plasma,20220601
320456,Somatotropin 2 hours post XXX challenge [ng/mL] in Serum or Plasma,20220601
320457,Somatotropin 3 hours post XXX challenge [ng/mL] in Serum or Plasma,20220601
320458,Somatotropin 30 minutes post XXX challenge [ng/mL] in Serum or Plasma,20220601
320459,Somatotropin 45 minutes post XXX challenge [ng/mL] in Serum or Plasma,20220601
385095,Somatotropin Ag [+/-] in Tissue by Immune stain,20201102
320421,Somatotropin binding protein [ng/mL] in Serum or Plasma by Immunoassay,20200901
328003,Somatotropin post Bromocriptine challenge-Panel [mIU/L] in Serum or Plasma,20220601
320460,Somatotropin pre XXX challenge [ng/mL] in Serum or Plasma,20220601
385222,SOX10 Ag [+/-] in Tissue by Immune stain,20210401
385273,SOX11 Ag [+/-] in Tissue by Immune stain,20210401
385443,SOX11 Ag [+/-] in Tissue by Immune stain,20230403
385302,SOX-2 Ag [+/-] in Tissue by Immune stain,20210401
360142,Soy milk IgE Ab [kU/L] in Serum,20200701
360174,Soy protein intake 24 hour [g/24Hr] Measured ,20201116
360122,Soybean IgE Ab [kU/L] in Serum,20200505
385274,Special AT-rich sequence-binding protein 2 Ag [+/-] in Tissue by Immune stain,20210401
310043,Specific gravity of Body fluid by Refractometry,20200616
310074,Specific gravity of Peritoneal fluid by Refractometry,20211201
390040,Specific gravity of Pleural fluid by Strip test,20210118
310077,Specific gravity of Synovial fluid by Refractometry,20221201
310014,Specific gravity of Urine,20191011
310022,Specific gravity of Urine by Refractometry,20200217
310013,Specific gravity of Urine by Test strip,20191011
370003,Specific IgE Ab [U/L] in Serum by Multidisk (1 allergen),20200505
370007,"Specific IgE, component resolved diagnosis (CRD) ",20191011
390065,Specimen preparation [Type],20220401
385173,Spectrin Ag [+/-] in Tissue by Immune stain,20201102
390067,Sperm detection with fluoresence by microscope,20221003
390029,Spermatozoa [/mL] in Semen,20200701
390059,Spermatozoa [+/-] in XXX specimen,20210802
390032,Spermatozoa [Morphology] in Semen,20200701
390051,Spermatozoa Abnormal Midpiece/100 spermatozoa [%] in Semen,20210503
390052,Spermatozoa Abnormal Tail/100 spermatozoa [%] in Semen,20210503
390042,Spermatozoa Acrosome defects/100 spermatozoa  [%]  in Semen,20210301
390030,Spermatozoa Immotile [10*6/mL] in Semen,20200701
390050,Spermatozoa Immotile/100 spermatozoa [%] in Semen,20210503
390017,Spermatozoa Motile in Vaginal fluid by Wet preparation,20200518
390049,Spermatozoa Motile/100 spermatozoa [%] in Semen,20210503
390043,Spermatozoa motility in Semen by Automated,20210301
390053,Spermatozoa Nonprogressive/100 spermatozoa [%] in Semen,20210503
390054,Spermatozoa Normal/100 spermatozoa [%] in Semen,20210503
390055,Spermatozoa Slow/100 spermatozoa [%] in Semen,20210503
390056,Spermatozoa Viable/100 spermatozoa [%] in Semen,20210503
300164,Spherocytes [+/-] in Blood by Light microscopy,20200701
381039,SPINK1 gene targeted mutation analysis in Blood or Tissue by Molecular genetics method Narrative,20191011
381384,Spinocerebellar ataxia (SCA) gene mutations tested in Blood or Tissue by Molecular genetics method Nominal,20230103
360217,Squamous cell carcinoma Ag [ng/mL] in Serum or Plasma,20210301
360123,Squid IgE Ab [kU/L] in Serum,20200505
370069,SRY gene deletion in Blood or Tissue by FISH,20220301
370068,SRY gene deletion in Bone marrow by FISH,20220301
370067,SRY gene deletion in XXX specimen by FISH,20220301
381065,SRY gene mutations found [Identifier] in Blood or Tissue by Molecular genetics method Nominal,20191011
381169,SRY-Sex determination in Blood or Tissue,20210317
381279,SS18 gene rearrangements [+/-] in Tissue by FISH,20210618
385498,SS18-SSX Ag [+/-] in Tissue by Immune stain,20250102
385265,STAT6 Ag [+/-] in Tissue by Immune stain,20210401
220094,Stem Cell Cuture for BFU-E Number,20210618
220108,Stem Cell Cuture for CFU-E Number,20211201
220095,Stem Cell Cuture for CFU-GM Number,20210618
B23505,Stem Cell Processing for Autologous Bone Marrow Collection,20210618
B23506,Stem Cell Processing for Autologous PBSC Collection,20210618
B23507,Stem Cell Processing for Bone Marrow Collection,20210618
B23508,Stem Cell Processing for Cord Blood Collection,20210618
320616,Steroid fractions panel in Urine,20220601
385275,Steroidogenic Factor 1 Ag [+/-] in Tissue by Immune stain,20210401
330497,Steroids screening [+/-] in XXX Specimen by Gas Chromatography/ Mass Spectrometry,20220401
330201,Stiripentol [ug/mL] in Serum or Plasma,20200901
381058,STK11 gene targeted mutation analysis in Blood or Tissue by Molecular genetics method Narrative,20191011
P38429,Stomach Pathology biopsy report,20211101
P38102,"Stomach, gastrectomy",20201102
P38103,"Stomach, gastrectomy with node dissection",20201102
350753,Streptococcal DNAse B [units/mL] in Serum,20200901
350722,Streptococcal DNAse B and ASO antibodies panel - Serum,20200701
350864,Streptococcus agalactiae Ag [+/-] in Cerebral spinal fluid by Latex agglutination,20210104
350044,Streptococcus agalactiae Ag [+/-] in CSF,20191011
350669,Streptococcus agalactiae Ag [+/-] in Serum or Plasma,20200601
350045,Streptococcus agalactiae Ag [+/-] in Urine,20191011
350043,Streptococcus agalactiae Ag [+/-] in XXX specimen,20191011
351193,Streptococcus pneumoniae 8 serotypes IgG panel [ug/mL] - Serum,20220401
350863,Streptococcus pneumoniae Ag [+/-] in Cerebral spinal fluid by Latex agglutination,20210104
350048,Streptococcus pneumoniae Ag [+/-] in CSF,20191011
350047,Streptococcus pneumoniae Ag [+/-] in Serum,20191011
350049,Streptococcus pneumoniae Ag [+/-] in Urine,20191011
350046,Streptococcus pneumoniae Ag [+/-] in XXX specimen,20191011
360238,Streptococcus pneumoniae IgG Ab [ug/mL] in Serum,20210317
350979,Streptococcus pneumoniae serotype IgG Ab in Serum ,20210317
360290,Streptococcus pyogenes Ag [+/-] in Throat by Immunofluorescence,20211001
350903,Streptococcus pyogenes Ag [+/-] in Throat by Rapid immunoassay,20210118
360147,Streptolysin O Ab [IU/mL] in Serum by Latex agglutination,20200701
350534,Streptolysin O Ab [IU/mL] in Serum or Plasma,20200417
350042,Streptolysin O Ab [Titer] in Serum,20191011
350670,Streptolysin O Ab [Titer] in Serum by Latex agglutination,20200601
351073,Strongyloides sp Ab [U/mL] in Cerebral spinal fluid by Immunoassay,20210601
350808,Strongyloides sp Ab [U/mL] in Serum by Immunoassay,20201116
350815,Strongyloides sp and Hookworm identified in XXX specimen by Organism specific culture,20201201
350744,Strongyloidiasis [+/-] in Blood by ICT Kit,20200803
330219,Styrene [mg/L] in Urine,20201001
330423,Styrene [ug/L] in Blood,20211201
330264,Succinylacetone [+/-] in Urine,20201116
330534,Sulbactam [mg/L] in Blood by High-Performance Liquid Chromatography (HPLC),20230703
320079,Sulfate [mEq/L] in 24 hour Urine,20200601
320078,Sulfate [mEq/L] in Urine,20200601
330375,Sulfonylurea [ng/mL] in Serum or Plasma,20210601
330373,Sulfonylurea [ng/mL] in Urine,20210601
330221,Sulthiame [mg/L] in Serum or Plasma,20201001
330141,Surfactant [+/-] in Gastric Fluid,20191011
330163,Surfactant [+/-] in Serum or Plasma,20200601
330142,Surfactant [+/-] in XXX specimen,20191011
385174,Surfactant Ag [+/-] in Tissue by Immune stain,20201102
385299,SV-40 Ag [+/-] in Tissue by Immune stain,20210401
385175,Synaptophysin Ag [+/-] in Tissue by Immune stain,20201102
300174,Synovial lining cells/100 cells [%] in Synovial fluid,20210104
360228,Systemic sclerosis panel in Serum by Immunoassay,20210317
381185,"t(1;19)(q23.3;p13.3)(PBX1,TCF3) fusion transcript [+/-] in Blood or Tissue by Molecular genetics method",20210104
381267,"t(1;19)(q23.3;p13.3)(PBX1,TCF3) fusion transcript [+/-] in Bone marrow by Molecular genetics method",20210618
370096,"t(11;14)(q13.2;q32)(MYEOV,IGH) fusion transcript [Identifier] in Blood or Tissue by FISH Nominal ",20241101
370066,"t(11;14)(q13;q32)(CCND1,IGH) fusion transcript in Blood or Tissue by FISH",20220301
381281,"t(11;22)(q24;q12.2)(FLI1,EWSR1) fusion transcript [+/-] in Blood or Tissue by Molecular genetics method",20210623
370045,"t(12;21)(p13;q22.3)(ETV6,RUNX1) (TEL-AML1) fusion transcript in Bone marrow by FISH",20211001
370046,"t(12;21)(p13;q22.3)(ETV6,RUNX1) (TEL-AML1) fusion transcript in Cord blood by FISH",20211001
370041,"t(12;21)(p13;q22.3)(ETV6,RUNX1) (TEL-AML1) fusion transcript in Peripheral blood by FISH",20211001
370061,"t(12;21)(p13;q22.3)(ETV6,RUNX1) (TEL-AML1) fusion transcript in Tissue by FISH",20211101
370047,"t(12;21)(p13;q22.3)(ETV6,RUNX1) (TEL-AML1) fusion transcript in XXX specimen by FISH",20211001
381268,"t(12;21)(p13;q22.3)(ETV6,RUNX1) fusion transcript [+/-] in Blood or Tissue by Molecular genetics method",20210618
381269,"t(12;21)(p13;q22.3)(ETV6,RUNX1) fusion transcript [+/-] in Bone marrow by Molecular genetics method",20210618
381282,"t(12;22)(q13;q12.2)(ATF1,EWSR1) fusion transcript [+/-] in Blood or Tissue by Molecular genetics method",20210623
370011,"t(14;16)(q32;q23)(IGH,MAF) fusion transcript in Blood or Tissue by FISH",20210503
370098,"t(14;20)(q32;q12)(IGH,MAFB) fusion transcript in Blood or Tissue by FISH",20241101
381184,"t(15;17)(q24.1;q21.1)(PML,RARA) fusion transcript [+/-] in Blood or Tissue by Molecular genetics method",20210401
381100,"t(15;17)(q24.1;q21.1)(PML,RARA) fusion transcript [+/-] in Bone marrow by Molecular genetics method",20191011
370089,"t(15;17)(q24.1;q21.1)(PML,RARA) fusion transcript in Blood or Tissue by FISH",20240102
381389,"t(15;17)(q24.1;q21.1)(PML,RARA) fusion transcript/control transcript [%] in Blood or Tissue by Molecular genetics method",20230803
381388,"t(15;17)(q24.1;q21.1)(PML,RARA) fusion transcript/control transcript [%] in Bone marrow by Molecular genetics method",20230803
381270,"t(4;11)(q21.3;q23)(AFF1,MLL) fusion transcript [+/-] in Blood or Tissue by Molecular genetics method",20210618
381271,"t(4;11)(q21.3;q23)(AFF1,MLL) fusion transcript [+/-] in Bone marrow by Molecular genetics method",20210618
370023,"t(4;14)(p16;q32)(FGFR3,IGH) fusion transcript [Identifier] in Blood or Tissue by FISH Nominal",20210503
381272,"t(8;21)(q22;q22.3)(RUNX1T1,RUNX1) fusion transcript [+/-] in Blood or Tissue by Molecular genetics method",20210618
381273,"t(8;21)(q22;q22.3)(RUNX1T1,RUNX1) fusion transcript [+/-] in Bone marrow by Molecular genetics method",20210618
370097,"t(8;21)(q22;q22.3)(RUNX1T1,RUNX1) fusion transcript in Blood or Tissue by FISH",20241101
381398,"t(8;21)(q22;q22.3)(RUNX1T1,RUNX1) fusion transcript/control transcript [%] in Blood or Tissue by Molecular genetics method",20240102
381399,"t(8;21)(q22;q22.3)(RUNX1T1,RUNX1) fusion transcript/control transcript [%] in Bone marrow by Molecular genetics method",20240102
381091,"t(9;22)(q34.1;q11)(ABL1,BCR) b2a2 fusion transcript/control transcript (International Scale) in Blood or Tissue by Molecular genetics method",20191011
381090,"t(9;22)(q34.1;q11)(ABL1,BCR) b2a2+b3a2 fusion transcript/control transcript (International Scale) in Blood or Tissue by Molecular genetics method",20191011
381092,"t(9;22)(q34.1;q11)(ABL1,BCR) b3a2 fusion transcript/control transcript (International Scale) in Blood or Tissue by Molecular genetics method",20191011
381391,"t(9;22)(q34.1;q11)(ABL1,BCR) e1a2 fusion transcript/control transcript [%] in Blood or Tissue by Molecular genetics method",20230803
385448,"t(9;22)(q34.1;q11)(ABL1,BCR) e1a2 fusion transcript/control transcript [%] in Bone marrow by Molecular genetics method",20230803
370101,"t(9;22)(q34.1;q11)(ABL1,BCR) fusion transcript  [+/-] in Bone marrow by FISH",20250203
381013,"t(9;22)(q34.1;q11)(ABL1,BCR) fusion transcript [+/-] in Blood or Tissue by Molecular genetics method",20191011
381014,"t(9;22)(q34.1;q11)(ABL1,BCR) fusion transcript [+/-] in Bone marrow by Molecular genetics method",20191011
381094,"t(9;22)(q34.1;q11)(ABL1,BCR) fusion transcript [Identifier] in Blood or Tissue by Molecular genetics method Narrative",20191011
370029,"t(9;22)(q34.1;q11)(ABL1,BCR) fusion transcript in Blood or Tissue by FISH",20210623
330143,Tacrolimus [ug/L; ng/mL] in Blood by Immunoassay,20200518
330144,Tacrolimus [ug/L] in Blood,20191011
350450,Taenia solium larva Ab [+/-] in CSF by Immunoassay,20191011
350452,Taenia solium larva Ab [+/-] in Serum,20191011
350451,Taenia solium larva Ab [+/-] in Serum by Immunoassay,20191011
330530,Tamoxifen [ng/mL] in Serum or Plasma,20230703
300165,Target cells [+/-] in Blood by Light microscopy,20200701
385476,Tau protein [mg/dL] in Cerebral spinal fluid by Immunoassay,20240604
320467,Tau protein [pg/mL] in Cerebral spinal fluid,20201116
385292,T-cell naive and memory and effector (CD27 and CD45RA) subsets panel - Blood,20210401
385271,T-cell receptor beta Ag [+/-] in Tissue by Immune stain,20210401
385378,T-cell receptor beta F1 [+/-] in Tissue by Immune stain,20210802
340057,T-cell receptor excision circle [Ct_value] in DBS,20220502
385176,"T-cell, UCHL-1 Ag [+/-] in Tissue by Immune stain",20201102
385365,TCL-1A Ag [+/-] in Tissue by Immune stain,20210716
385387,TCR delta Ag [+/-] in Tissue by Immune stain,20211001
385388,TCR gamma Ag [+/-] in Tissue by Immune stain,20211001
385385,TCR gamma delta Ag [+/-] in Tissue by Immune stain,20210813
381066,TCRB gene rearrangements [+/-] in Blood or Tissue by Molecular genetics method,20191011
385389,TCR-BF1 [+/-] in Tissue by Immune stain,20211001
381067,TCRD gene rearrangements [+/-] in Blood or Tissue by Molecular genetics method,20191011
381068,TCRG gene rearrangements [+/-] in Blood or Tissue by Molecular genetics method,20191011
385460,TDAG-51(PHLDA1) Ag [+/-] in Tissue by Immune stain,20240201
385313,TDP-43 Ag [+/-] in Tissue by Immune stain,20210401
385177,TdT 2 Ag [+/-] in Tissue by Immune stain,20201102
385379,Tenascin (Tn) [+/-] in Tissue by Immune stain,20210802
330310,Tenofovir [ug/mL] in Serum or Plasma,20210201
381237,TERT gene promotor region targeted mutation analysis in Tissue by Molecular genetics method,20210301
P38160,"Testis, unilateral or bilateral orchidectomy",20201102
320218,Testosterone [ng/dL] in Serum or Plasma,20191011
320219,Testosterone [ng/dL] in Serum or Plasma by Immunoassay,20191011
320411,Testosterone [nmol/L] in Serum or Plasma by Immunoassay,20200803
320297,Testosterone [pmol/L; nmol/L] in Serum or Plasma,20200417
385178,Testosterone Ag [+/-] in Tissue by Immune stain,20201102
320433,Testosterone Free [ng/dL] in Serum or Plasma,20201001
320422,Testosterone Free/Testosterone.total [%] in Serum or Plasma,20200901
330424,Tetrachloroethylene [mg/L] in Blood,20211201
330541,Tetrahydrocannabinol [+/-] in Urine by Screen method,20240102
385270,TFE3 Ag [+/-] in Tissue by Immune stain,20210401
381385,TH gene targeted mutation analysis in Blood or Tissue by Molecular genetics method,20230103
330464,Thallium [mg/L] in Blood,20220105
330463,Thallium [ng/mL] in Urine,20220105
330296,Thallium [nmol/L] in Urine,20210118
330481,Thallium [nmol/L] in XXX specimen,20220301
330146,Theophylline [ug/mL; mg/dL] in Serum or Plasma,20210104
330145,Theophylline [ug/mL] in Urine,20191011
B23511,Therapuetic Blood Letting,20210618
320086,Thiamine [nmol/L; umol/L] in Serum or Plasma,20191011
320085,Thiamine [ug/dL; mcg/dL; ng/mL] in Serum or Plasma,20191011
320465,Thiamine pyrophosphate [nmol/L;IU/g Hb] in Blood,20220201
330309,Thiocyanate [ng/mL; ug/mL] in XXX specimen,20210618
330425,Thiocyanate [ug/mL] in Serum or Plasma,20211201
330320,Thiocyanate [ug/mL] in Urine,20210301
320153,Thiopurine methyltransferase [pmol/h/mg Hb] in Red Blood Cells,20191011
320152,Thiopurine methyltransferase [U/mL RBC] in Red Blood Cells,20191011
320154,Thiopurine methyltransferase [umol/H/mmol Hb] in Red Blood Cells,20191011
308042,Thrombin time,20191011
320155,Thyroglobulin [ng/mL] in Serum or Plasma,20191011
360052,Thyroglobulin Ab [U/mL] in Serum or Plasma,20191011
360051,Thyroglobulin Ab [U/mL] in Serum or Plasma by Immunoassay,20191011
385179,Thyroglobulin Ag [+/-] in Tissue by Immune stain,20201102
320500,Thyroid stimulating immunoglobulins [+/-] in Serum,20210118
385181,Thyroid transcription factor 1 Ag [+/-] in Tissue by Immune stain,20201102
P38030,Thyroidectomy (lobectomy or subtotal or total),20201102
P38031,Thyroidectomy with node dissection,20201102
360068,Thyroperoxidase Ab [IU/mL] in Serum or Plasma,20191011
320230,Thyrotropin [mIU/L] in Dried blood specimen,20191011
320345,Thyrotropin [mmol/L] in Serum or Plasma,20200505
320227,Thyrotropin [uIU/mL] in Serum or Plasma,20191011
320228,Thyrotropin [uIU/mL] in Serum or Plasma by Detection limit <= 0.005 mIU/L,20200505
320229,Thyrotropin [uIU/mL] in Serum or Plasma by Detection limit <= 0.05 mIU/L,20191011
385331,Thyrotropin Ag [+/-] in Tissue by Immune stain,20210601
360078,Thyrotropin receptor Ab [U/mL] in Serum,20191011
360079,Thyrotropin receptor Ab [U/mL] in Serum by Immunoassay,20191011
320296,Thyroxine (T4) [mcg/dL; ug/dL] in Serum or Plasma,20221201
320283,Thyroxine (T4) [nmol/L] in Serum or Plasma by Immunoassay,20200317
320224,Thyroxine (T4) free [?g/dL] in Cord blood,20191011
320225,Thyroxine (T4) free [?g/dL] in Dried blood specimen,20191011
320222,Thyroxine (T4) free [ug/dL; ng/dL] in Serum or Plasma,20200417
320223,Thyroxine (T4) free [ug/dL; ng/dL] in Serum or Plasma by Immunoassay,20200505
320658,Thyroxine.thyroxine binding globulin bound [ug/dL] in Serum or Plasma,20230803
385180,TIA-1 Ag [+/-] in Tissue by Immune stain,20201102
330202,tiaGABine [ug/mL] in Serum or Plasma,20200901
360258,Tilapia IgE Ab [kU/L] in Serum,20210618
360191,Timothy IgE Ab [kU/L] in Serum,20210118
330406,Tin [nmol/L] in Blood,20210623
320523,Tin [ug/L;ng/mL] in Urine,20210301
330348,Tin [ug/L] in Blood,20210317
330328,Tin [ug/L] in Serum or Plasma,20210317
330485,Tin [ug/L] in XXX specimen,20220301
385395,Tissue inhibitor of metalloproteinase 2 (TIMP-2) Ag [+/-] in Tissue by Immune stain,20211101
360374,Tissue transglutaminase IgA Ab [arb'U]/mL in Serum by Immunoassay,20241101
385497,Tissue transglutaminase IgG Ab [+/-] in Serum,20250102
385263,TLE1 Ag [+/-] in Tissue by Immune stain,20210401
330407,Tobramycin [mcg/mL] in Serum or Plasma,20210623
320096,Tocopherols [mg/L] in Serum or Plasma,20191011
320097,Tocopherols [umol/L] in Serum or Plasma,20191011
330147,Toluene [ug/mL] in Serum or Plasma,20191011
330148,Toluene [ug/mL] in Urine,20191011
P38060,"Tonsil, each specimen",20201102
330462,Topiramate [ug/mL] in Blood,20220105
330203,Topiramate [ug/mL] in Serum or Plasma,20200901
330298,Topiramate [ug/mL] in Urine,20210118
330220,Topiramate free [mg/L] in Serum or Plasma,20201001
381170,TOR1A gene full mutation analysis in Blood or Tissue,20201201
381024,TOR1A gene targeted mutation analysis in Blood or Tissue by Molecular genetics method Narrative,20191011
360086,Total IgE [U/mL] in Serum by Radioallergosorbent test (RAST),20191011
350786,Toxocara canis Ab [+/-] in Serum,20201102
360215,Toxocara sp Ab [+/-] in Serum,20210301
351151,Toxoplasma gondii Ab [+/-] in Serum,20211201
385269,Toxoplasma gondii Ag [+/-] in Tissue by Immune stain,20210401
350935,Toxoplasma gondii DNA [+/-] in Blood by NAA with probe detection,20210216
350809,Toxoplasma gondii DNA [+/-] in Cerebral spinal fluid by NAA with probe detection,20201116
351169,Toxoplasma gondii DNA [copies/mL] in Serum or Plasma by NAA with probe detection,20220301
351165,Toxoplasma gondii DNA [copies/mL] in XXX specimen by NAA with probe detection,20220301
381246,Toxoplasma gondii DNA [U/mL] in Body fluid by Probe with amplification,20210301
350862,Toxoplasma gondii IgG Ab [+/-] in Serum by Immunoassay,20210104
350771,Toxoplasma gondii IgG Ab [+/-] in Serum by Sabin dye test,20201001
351090,Toxoplasma gondii IgG Ab [U/mL] in Serum,20210623
350445,Toxoplasma gondii IgG Ab [Units/mL] in CSF by Immunoassay,20191011
350444,Toxoplasma gondii IgG Ab [Units/mL] in Serum or Plasma by Immunoassay,20191011
350861,Toxoplasma gondii IgM Ab [+/-] in Serum or Plasma by Immunoassay,20210104
351051,Toxoplasma gondii IgM Ab [Titer] in Cerebral spinal fluid by Immunofluorescence,20210503
350774,Toxoplasma gondii IgM Ab [Titer] in Serum by Immunoassay,20201001
351089,Toxoplasma gondii IgM Ab [U/mL] in Serum,20210623
350446,Toxoplasma gondii IgM Ab [Units/mL] in CSF by Immunoassay,20191011
350447,Toxoplasma gondii IgM Ab [Units/mL] in Serum by Immunoassay,20191011
381225,TP53 gene mutations found in Blood or Tissue by Molecular genetics method Nominal,20210201
385440,Tpit Ag [+/-] in Tissue by Immune stain,20221101
381309,TPMT gene c.719A>G [+/-] in Blood or Tissue by Molecular genetics method,20220105
381113,TPMT gene targeted mutation analysis in Blood or Tissue by Molecular genetics method,20201001
381171,TPP1 gene full mutation analysis in Blood or Tissue,20201201
330299,traMADol [+/-] in Urine by Screen method,20210118
330215,traMADol [ng/mL] in Blood,20201001
330216,traMADol [ug/mL] in Urine,20201001
330265,"Trans,trans-muconic acid [mg/L] in Urine",20201116
B23515,Transfer Bag 300 ml.,20210618
320652,Transferrin [%] in Serum or Plasma,20230601
320166,Transferrin [mg/dL; g/dL; g/L] in Serum or Plasma,20200417
320346,Transferrin [umol/L] in Serum or Plasma,20200505
320434,Transferrin receptor.soluble [mg/L] in Serum or Plasma,20201001
320656,Transferrin.gastrointestinal [ng/mL] in Stool by Immunoassay,20230703
220093,Transfusion reaction from Leukoagglutinin,20210618
350055,Treponema pallidum Ab [+/-] in Cerebral spinal fluid by Hemagglutination,20210503
350052,Treponema pallidum Ab [+/-] in Cerebral spinal fluid by Immunofluorescence,20210503
351305,Treponema pallidum Ab [+/-] in Serum by Agglutination,20241202
350054,Treponema pallidum Ab [+/-] in Serum by Hemagglutination,20191011
350810,Treponema pallidum Ab [+/-] in Serum by Immunoassay,20211101
350053,Treponema pallidum Ab [+/-] in Serum by Immunofluorescence,20191011
385404,Treponema pallidum Ab [+/-] in Tissue By Immune stain,20220105
351275,Treponema pallidum IgG Ab [+/-] in Serum by Immunoblot ,20240401
350601,Treponema pallidum IgG Ab [+/-] in Serum by Immunofluorescence,20200505
351266,Treponema pallidum IgG Ab [arb U/mL] in Serum by Immunoassay,20240301
351226,Treponema pallidum IgM Ab [+/-] in Cerebral spinal fluid by Immunofluorescence,20220901
350602,Treponema pallidum IgM Ab [+/-] in Serum by Immunofluorescence,20200505
350671,Treponema pallidum IgM Ab [+/-] in XXX Specimen by Immunofluorescence,20210216
351267,Treponema pallidum IgM Ab [arb'U/mL] in Serum by Immunoassay,20240301
330389,Triamcinolone [+/-] in XXX Specimen,20210618
350478,Trichinella spiralis Ab [+/-] in Serum,20191011
350477,Trichinella spiralis Ab [+/-] in Serum by Immunoassay,20191011
350475,Trichinella spiralis Ab [Titer] in Serum,20191011
350476,Trichinella spiralis Ab [Units/mL] in Serum,20191011
330426,Trichloroacetate [ug/mL] in Urine,20211201
330349,Trichloroethylene [ug/mL] in Blood,20210317
350672,Trichomonas vaginalis [+/-] in Vaginal fluid by Wet preparation,20200601
350819,Trichomonas vaginalis Culture in XXX specimen,20201201
330031,Tricyclic antidepressants [+/-] in Gastric fluid,20191011
330029,Tricyclic antidepressants [+/-] in Serum or Plasma,20191011
330030,Tricyclic antidepressants [+/-] in Urine,20191011
330032,Tricyclic antidepressants [+/-] in XXX specimen,20191011
330027,Tricyclic antidepressants [ng/mL] in Serum or Plasma,20191011
330300,Tricyclic antidepressants [ng/mL] in Serum or Plasma by Ultra-performance liquid chromatography with Photo diode array detector,20210118
330028,Tricyclic antidepressants [ng/mL] in Urine,20191011
320633,Triglyceride [mg/dL] in Amniotic fluid,20221003
320286,Triglyceride [mg/dL] in Body fluid,20200317
320634,Triglyceride [mg/dl] in Cerebral spinal fluid,20221003
320635,Triglyceride [mg/dL] in Peritoneal fluid,20221003
320072,Triglyceride [mg/dL] in Serum or Plasma,20191011
320636,Triglyceride [mg/dL] in Synovial fluid,20221003
320637,Triglyceride [mg/dl] in Urine,20221003
320226,Triiodothyronine (T3) [ng/dL] in Serum or Plasma,20191011
320314,Triiodothyronine (T3) [nmol/L] in Serum or Plasma,20200417
320220,Triiodothyronine (T3) Free [ng/dL; pg/mL] in Serum or Plasma,20200518
320221,Triiodothyronine (T3) Free [ng/dL; pg/mL] in Serum or Plasma by Immunoassay,20200417
320313,Triiodothyronine (T3) Free [pmol/L] in Serum or Plasma by Immunoassay,20200417
330266,Trimipramine [ng/mL] in Serum or Plasma,20201116
381307,Triplet expansion analysis in Blood or Tissue,20211101
370048,Trisomy 18 in Amniotic fluid by FISH ,20211001
370049,Trisomy 18 in Cord blood by FISH ,20211001
370050,Trisomy 18 in Peripheral blood by FISH ,20211001
370051,Trisomy 18 in XXX Specimen by FISH ,20211001
370082,Trisomy 21 in  Amniotic fluid by FISH,20221201
370099,Trisomy 21 in Bone marrow by FISH,20250102
370083,Trisomy 21 in Cord blood by FISH,20221201
370084,Trisomy 21 in Peripheral blood by FISH,20221201
370085,Trisomy 21 in XXX Specimen by FISH,20221201
385267,TROP-2 Ag [+/-] in Tissue by Immune stain,20210401
320511,Troponin I.cardiac [ng/L] in Serum or Plasma by High sensitivity method,20210216
320167,Troponin I.cardiac [ng/mL; ng/L] in Serum or Plasma,20200505
320501,Troponin I.cardiac [U/mL] in Serum or Plasma,20210118
320691,Troponin T.cardiac [+/-] in Blood ,20240801
320168,Troponin T.cardiac [ng/mL; ng/L] in Serum or Plasma,20200417
385478,TRPS1 [+/-] in Tissue by Immune stain,20240701
385442,Trypsin Ag [+/-] in Tissue by Immune stain,20221201
360094,Tryptase [ng/mL] in Serum or Plasma,20191011
320607,Tumor necrosis factor binding protein [U/mL] in Serum,20220401
360367,Tumor necrosis factor.alpha [pg/ml] in Serum or Plasma,20240401
385380,Tumor-associated glyocoprotein 72 (TAG-72) [+/-] in Tissue by Immune stain,20210802
310028,Turbidity [+/-] of Urine,20200518
385182,Tyrosinase Ag [+/-] in Tissue by Immune stain,20201102
385223,Ubiquitin Ag [+/-] in Tissue by Immune stain,20210401
381172,UGT1A1 gene full mutation analysis in Blood or Tissue by Sequencing,20201201
385183,Ulex B279 Ag [+/-] in Tissue by Immune stain,20201102
385184,Ulex X921 Ag [+/-] in Tissue by Immune stain,20201102
300066,Unidentified cells [%] in Body fluid,20200518
320082,Urate [mg/dL] in 24 hour Urine,20191011
390010,Urate [mg/dL] in Body fluid,20220502
320572,Urate [mg/dL] in Peritoneal dialysis fluid,20210813
320080,Urate [mg/dL] in Serum or Plasma,20191011
320583,Urate [mg/dL] in Synovial fluid,20211001
320081,Urate [mg/dL] in Urine,20191011
310078,Urea [mg/24h] in Dialysis fluid,20230201
310079,Urea [mmol/L] in 24 hour Dialysis fluid,20230703
310020,Urea nitrogen [mg/24H; g/24H] in 24 hour Urine,20200417
310023,Urea nitrogen [mg/dL] in Body fluid,20200417
310021,Urea nitrogen [mg/dL] in Dialysis fluid,20191011
320052,Urea nitrogen [mg/dL] in Serum or Plasma,20191011
310019,Urea nitrogen [mg/dL] in Urine,20191011
350026,Urease [+/-] in Tissue,20191011
P38144,"Urinary bladder, cystectomy",20201102
P38145,"Urinary bladder, cystectomy with lymph nodes dissection",20201102
P38146,"Urinary bladder, cystoscopic biopsy",20201102
P38147,"Urinary bladder, TUR-tumor",20201102
310070,Urine sediment comments by Light microscopy Narrative,20210317
310068,Urobilinogen [mg/dL] in Body fluid by Test strip,20210301
310017,Urobilinogen [mg/dL] in Urine,20191011
310016,Urobilinogen [mg/dL] in Urine by Test strip,20191011
385303,Uroplakin Ag [+/-] in Tissue by Immune stain,20210401
385347,Uroplakin II Ag [+/-] in Tissue by Immune stain,20210618
385266,Uroplakin III Ag [+/-] in Tissue by Immune stain,20210401
320603,Uroporphyrin [+/-] in 24 hour Urine,20220301
310076,Uroporphyrin 3 isomer [nmol/L] in Serum or Plasma,20220601
320477,Uroporphyrin/Creatinine [ug/gm cr] in Urine,20210104
370102,USP6 gene rearrangements in Blood or Tissue by FISH,20250303
P38176,Uterus with cervical conization,20201102
P38177,Uterus with multiple groups of lymph nodes,20201102
P38178,Uterus with ovarian tumor,20201102
P38179,"Uterus, hysterectomy (TAH)",20201102
P38180,"Uterus, hysterectomy with adnexa",20201102
385349,Utrophin Ag [+/-] in Tissue by Immune stain,20210618
330149,Valproate [ug/mL] in Serum or Plasma,20191011
330150,Vancomycin [ug/mL] in Serum or Plasma,20191011
351268,Vancomycin resistant enterococcus DNA [+/-] in XXX by NAA with probe detection,20240301
320233,Vanillylmandelate [mg/24 H] in 24 hour Urine,20191011
320232,Vanillylmandelate [mg/dL] in 24 hour Urine,20191011
320231,Vanillylmandelate [mg/dL] in Urine,20191011
300166,Variant lymphocytes/100 leukocytes [%] in Blood,20200701
300173,Variant lymphocytes/100 leukocytes [%] in Body fluid,20210104
350860,Varicella zoster virus [+/-] in XXX specimen by Organism specific culture,20210104
350859,Varicella zoster virus Ag [+/-] in XXX specimen by Immunofluorescence,20210104
351227,Varicella zoster virus DNA [+/-] in Blood by NAA with probe detection,20220901
350649,Varicella zoster virus DNA [+/-] in XXX specimen by NAA with probe detection,20200601
350368,Varicella zoster virus DNA [copies/mL] (viral load) in Amniotic fluid by NAA with probe detection,20191011
350367,Varicella zoster virus DNA [copies/mL] (viral load) in Bone marrow by NAA with probe detection,20191011
350369,Varicella zoster virus DNA [copies/mL] (viral load) in Bronchoalveolar lavage by NAA with probe detection,20191011
350362,Varicella zoster virus DNA [copies/mL] (viral load) in CSF by NAA with probe detection,20191011
350363,Varicella zoster virus DNA [copies/mL] (viral load) in Serum or Plasma by NAA with probe detection,20191011
350364,Varicella zoster virus DNA [copies/mL] (viral load) in Tissue by NAA with probe detection,20191011
350366,Varicella zoster virus DNA [copies/mL] (viral load) in Urine by NAA with probe detection,20191011
350365,Varicella zoster virus DNA [copies/mL] (viral load) in XXX specimen by NAA with probe detection,20191011
350921,Varicella zoster virus IgG Ab [+/-] in Cerebral spinal fluid,20210201
350355,Varicella zoster virus IgG Ab [+/-] in Serum,20191011
350352,Varicella zoster virus IgG Ab [+/-] in Serum by Immunoassay,20191011
351050,Varicella zoster virus IgG Ab [Titer] in Cerebral spinal fluid by Immunofluorescence,20210503
350356,Varicella zoster virus IgG Ab [Titer] in Serum,20191011
351052,Varicella zoster virus IgG Ab [U/mL] in Cerebral spinal fluid by Immunofluorescence,20210503
350354,Varicella zoster virus IgG Ab [Units/mL] in Serum,20191011
350353,Varicella zoster virus IgG Ab [Units/mL] in Serum by Immunoassay,20191011
350983,Varicella zoster virus IgM Ab [+/-] in Cerebral spinal fluid by Immunoassay,20210317
350359,Varicella zoster virus IgM Ab [+/-] in Serum,20191011
350357,Varicella zoster virus IgM Ab [+/-] in Serum by Immunoassay,20191011
351053,Varicella zoster virus IgM Ab [Titer] in Cerebral spinal fluid by Immunofluorescence,20210503
350360,Varicella zoster virus IgM Ab [Titer] in Serum,20191011
350358,Varicella zoster virus IgM Ab [Units/mL] in Serum,20191011
350361,Varicella zoster virus IgM Ab [Units/mL] in Serum by Immunoassay,20191011
350920,Varicella zoster virus strain DNA in XXX specimen by NAA with probe detection,20210201
385324,Vascular endothelial growth factor [pg/mL] in Serum or Plasma,20210503
385185,Vascular endothelial growth factor Ag [+/-] in Tissue by Immune stain,20201102
P38161,Vasectomy (unilateral or bilateral),20201102
320554,Vasopressin [ng/L] in Serum or Plasma,20210601
381173,VHL gene deletion+duplication and full mutation analysis in Blood or Tissue by Molecular genetics,20201201
381075,VHL gene targeted mutation analysis in Blood or Tissue by Molecular genetics method Narrative,20191011
340031,Viable cells/100 cells [%] in XXX specimen,20210104
330204,Vigabatrin [ug/mL] in Serum or Plasma,20200901
385186,Villin Ag [+/-] in Tissue by Immune stain,20201102
385187,Vimentin Ag [+/-] in Tissue by Immune stain,20201102
381257,Viral gastroenteritis pathogens RNA/DNA detection in XXX specimen by NAA  with probe detection,20210317
351223,Viral sequencing [Identifier] in Serum by Sequencing,20220701
350858,Virus identified in XXX specimen by Culture,20210104
390057,Viscosity of Semen Qualitative in 30 minutes post collection,20210503
300027,Viscosity of Serum,20191011
390066,Viscosity of Synovial fluid Qualitative,20220801
320095,Vitamin D+Metabolites [ng/mL] in Serum or Plasma,20191011
381174,VKORC1 gene mutations found Identifier in Blood or Tissue by Molecular genetics,20201201
381114,VKORC1 gene targeted mutation analysis in Blood or Tissue by Molecular genetics method,20201001
330336,Volatile Organic Compounds [+/-] in XXX specimen,20210317
390031,Volume of Semen,20200701
308052,von Willebrand factor (vWf) Ag [U/mL] in Platelet poor plasma by Immunoassay,20191011
308047,von Willebrand factor (vWf) cleaving protease actual/normal in Platelet poor plasma by Chromogenic method [%],20191011
308048,von Willebrand factor (vWf) cleaving protease inhibitor [U/mL] in Platelet poor plasma,20191011
308076,von Willebrand factor (vWf) multimers in Platelet poor plasma by Immunoassay,20210301
308040,von Willebrand factor (vWf) ristocetin cofactor actual/normal in Platelet poor plasma by Platelet aggregation,20191011
308046,von Willebrand factor (vWf).activity [U/mL] in Platelet poor plasma by Immunoassay,20191011
330267,Voriconazole [ug/mL] in Serum or Plasma,20201116
320376,Voriconazole N-oxide [mg/L] in Serum or Plasma,20200518
360323,Walnut IgE Ab [kU/L] in Serum,20221101
330364,Warfarin [+/-] in XXX specimen by Screen method,20210503
330217,Warfarin [ug/mL] in Serum or Plasma,20201001
381078,WAS gene mutations found [Identifier] in Blood or Tissue by Molecular genetics method Nominal,20191011
B23470,Wash and Frozen Red Cell ,20210618
310063,Waxy casts [Cells/LPF] in Urine sediment by Microscopy low power field,20210118
310064,WBC casts [Cells/LPF] in Urine sediment by Microscopy low power field,20210118
P38171,Wertheim operation,20230403
351286,West Nile virus RNA [+/-] in Blood by NAA with probe detection ,20240801
351056,West Nile virus RNA [+/-] in Serum by NAA with probe detection,20210503
351144,West Nile virus RNA [+/-] in XXX specimen by NAA with probe detection,20211101
351187,West Nile virus RNA in XXX specimen by NAA with probe detection,20220401
360124,Wheat IgE Ab [kU/L] in Serum,20200505
P38120,Whipple specimen,20230403
360225,Whitefaced Hornet IgE Ab [kU/L] in Serum,20210317
B23151,Whole Blood,20210618
B23152,Whole Blood (NAT),20210618
B23101,Whole Blood (สภากาชาด),20210618
381219,Whole exome sequence analysis in Blood or Tissue by Molecular genetics method,20210118
381308,Whole genome sequence analysis in Blood or Tissue by Molecular genetics method,20211201
381381,Whole mitochondrial genome in Blood by Sequencing ,20221003
381370,Whole mitochondrial genome in XXX Specimen by Sequencing ,20221003
385188,Wilms  tumor Ag [+/-] in Tissue by Immune stain,20230403
381411,WT1 gene mutations found [Identifier] in Blood or Tissue by Molecular genetics method Nominal,20241202
350777,Wuchereria bancrofti Ag [+/-] in Serum,20201001
390038,Xanthochromia [+/-] of Cerebral spinal fluid,20210104
350390,XXX microorganism DNA [Identifier] in Isolate by PCR,20191011
350389,XXX microorganism DNA [Identifier] in Serum or Plasma by PCR,20191011
350388,XXX microorganism DNA [Identifier] in XXX specimen by PCR,20191011
385381,YAB Ag [+/-] in Tissue by Immune stain,20210802
385300,YAP Ag [+/-] in Tissue by Immune stain,20210401
385348,YAP1 Ag [+/-] in Tissue by Immune stain,20210618
381373,Y-Chromosome STR in Blood by Capillary electrophoresis,20221003
381377,Y-Chromosome STR in XXX Specimen by Capillary electrophoresis,20221003
300200,Yeast [+/-] in Stool by Light microscopy,20210317
310069,Yeast [+/-] in Urine,20210301
351287,Yellow fever virus RNA [+/-] in Blood by NAA with probe detection,20240801
351283,Yellow fever virus RNA [+/-] in Serum by NAA with probe detection,20240801
351282,Yellow fever virus RNA [+/-] in XXX by NAA with probe detection ,20240801
360226,Yellow Hornet IgE Ab [kU/L] in Serum,20210317
360227,Yellow Jacket IgE Ab [kU/L] in Serum,20210317
351168,Yersinia sp identified in Stool by Organism specific culture,20220301
350811,Zika virus IgG Ab [+/-] in Serum or Plasma by Immunoassay,20201116
350857,Zika virus IgM Ab [+/-] in Serum or Plasma by Immunoassay,20210104
350812,Zika virus IgM Ab [U/L] in Serum or Plasma by Immunoassay,20201116
351054,Zika virus RNA [+/-] in Blood by NAA with probe detection,20210503
351185,Zika virus RNA [+/-] in Serum or Plasma by NAA with probe detection,20220401
351055,Zika virus RNA [+/-] in Urine by NAA with probe detection,20210503
350792,Zika virus RNA [+/-] in XXX specimen by NAA with probe detection,20201116
320040,Zinc [mg/dL; ug/dL] in 24 hour Urine,20210104
320038,Zinc [mg/dL; ug/dL] in Serum or Plasma,20200417
320039,Zinc [mg/dL] in Urine,20191011
320041,Zinc [mg/dL] in XXX specimen,20191011
330360,Zinc phosphide [+/-] in Gastrointestinal content by Strip,20210401
330152,Zinc phosphide [mg/mg] in Gastrointestinal content,20191011
330153,Zinc phosphide [mg/mL; ug/dL] in XXX specimen,20200505
360180,Zinc transporter 8 Ab [U/mL] in Serum or Plasma by Immunoassay,20210104
330205,Zonisamide [ug/mL] in Serum or Plasma,20200901
B23509,การจัดการการรับบริจาคโลหิต,20210618
P38302,การตรวจเซลล์วิทยา - Gynecological specimen (PAP smear),20201102
P38010,การตรวจด้วยวิธี Frozen section การตรวจรายละ,20201102
P38331,การตรวจด้วยวิธีจุลทรรศน์อิเล็กตรอนแบบส่องกวาด (Scanning electron microscopy),20201102
P38330,การตรวจด้วยวิธีจุลทรรศน์อิเล็กตรอนแบบส่องผ่าน (Transmission electron microscopy),20201102
P38332,การเตรียมสไลด์ resin,20201102
B23501,ค่าบริการฉายแสงเลือด,20210618
B23510,ค่าอุปกรณ์เชื่อมถุงเลือดโดยเครื่องอัตโนมัติ,20210618
P38401,ย้อมสีพิเศษ,20201102
P38999,รายการตรวจทางพยาธิวิทยาที่นอกเหนือจากรายการในหมวด 7.7,20210317
P38005,อวัยวะหรือส่วนของอวัยวะที่ต้องเลาะตรวจต่อมน้ำเหลือง,20201102
P38004,อวัยวะหรือส่วนของอวัยวะที่ไม่ต้องเลาะตรวจต่อมน้ำเหลือง,20201102
