TMTID(GPP),FSN,CHANGEDATE
1197098,"abacavir 20 mg/1 mL oral solution, 1 x 240 mL bottle, 1 box (GPP)",20210813
1197079,"abacavir 20 mg/1 mL oral solution, 240 mL bottle (GPP)",20210813
1047650,"abacavir 300 mg film-coated tablet, 10 tablet, 1 blister (GPP)",20181217
1045658,"abacavir 300 mg film-coated tablet, 10 tablet, blister (GPP)",20250118
1045670,"abacavir 300 mg film-coated tablet, 6 blister, 1 box (GPP)",20250118
1060947,"abacavir 600 mg + lamivudine 300 mg film-coated tablet, 10 tablet, 1 blister (GPP)",20190216
1295449,"abacavir 600 mg + lamivudine 300 mg film-coated tablet, 30 tablet (1 x 30 tablet bottle), 1 box (GPP)",20240412
1060968,"abacavir 600 mg + lamivudine 300 mg film-coated tablet, 30 tablet (3 x 10 tablet blister), 1 box (GPP)",20190216
1295420,"abacavir 600 mg + lamivudine 300 mg film-coated tablet, 30 tablet bottle (GPP)",20240412
1133893,"abciximab 10 mg/5 mL solution for injection/infusion, 5 mL vial, 1 box (GPP)",20191212
1168325,"abemaciclib 100 mg film-coated tablet, 14 tablet (2 x 7 tablet blister), 1 box (GPP)",20201202
1168302,"abemaciclib 100 mg film-coated tablet, 7 tablet, 1 blister (GPP)",20201202
1168413,"abemaciclib 150 mg film-coated tablet, 14 tablet (2 x 7 tablet blister), 1 box (GPP)",20201202
1168394,"abemaciclib 150 mg film-coated tablet, 7 tablet, 1 blister (GPP)",20201202
1168506,"abemaciclib 200 mg film-coated tablet, 14 tablet (2 x 7 tablet blister), 1 box (GPP)",20201202
1168484,"abemaciclib 200 mg film-coated tablet, 7 tablet, 1 blister (GPP)",20201202
1167629,"abemaciclib 50 mg film-coated tablet, 14 tablet (2 x 7 tablet blister), 1 box (GPP)",20201202
1167601,"abemaciclib 50 mg film-coated tablet, 7 tablet blister (GPP)",20240516
1291094,"abiraterone acetate 250 mg film-coated tablet, 10 tablet blister (GPP)",20240202
1102300,"abiraterone acetate 250 mg film-coated tablet, 120 tablet (1 x 120 tablet bottle), 1 box (GPP)",20190315
1291115,"abiraterone acetate 250 mg film-coated tablet, 120 tablet (12 x 10 tablet blister), 1 box (GPP)",20240202
1102288,"abiraterone acetate 250 mg film-coated tablet, 120 tablet, 1 bottle (GPP)",20190315
1086466,"abiraterone acetate 250 mg tablet, 120 tablet (1 x 120 tablet bottle), 1 box (GPP)",20190216
1086445,"abiraterone acetate 250 mg tablet, 120 tablet, 1 bottle (GPP)",20190216
1291232,"abiraterone acetate 500 mg film-coated tablet, 10 tablet, 1 blister (GPP)",20250201
1050546,"abiraterone acetate 500 mg film-coated tablet, 12 tablet, 1 blister (GPP)",20190120
1291250,"abiraterone acetate 500 mg film-coated tablet, 6 blister, 1 box (GPP)",20250201
1050567,"abiraterone acetate 500 mg film-coated tablet, 60 tablet (5 x 12 tablet blister), 1 box (GPP)",20190120
1256242,"abrocitinib 100 mg film-coated tablet, 28 tablet (4 x 7 tablet blister), 1 box (GPP)",20230304
1256226,"abrocitinib 100 mg film-coated tablet, 7 tablet, 1 blister (GPP)",20230304
1256337,"abrocitinib 200 mg film-coated tablet, 28 tablet (4 x 7 tablet blister), 1 box (GPP)",20230304
1256316,"abrocitinib 200 mg film-coated tablet, 7 tablet, 1 blister (GPP)",20230304
1282040,"acalabrutinib 100 mg capsule, hard, 6 capsule, 1 blister (GPP)",20230902
1282064,"acalabrutinib 100 mg capsule, hard, 60 capsule (10 x 6 capsule blister), 1 box (GPP)",20230902
1059988,"acarbose 100 mg tablet, 10 tablet, 1 blister (GPP)",20190216
1060002,"acarbose 100 mg tablet, 30 tablet (3 x 10 tablet blister), 1 box (GPP)",20190216
1079949,"acarbose 50 mg tablet, 10 tablet, 1 blister (GPP)",20190216
1287421,"aceclofenac 100 mg film-coated tablet, 10 tablet, 1 blister (GPP)",20231104
1287445,"aceclofenac 100 mg film-coated tablet, 40 tablet (4 x 10 tablet blister), 1 box (GPP)",20231104
1106335,"acerola 50 mg + ascorbic acid 400 mg + bioflavonoids 25 mg + calcium ascorbate 400 mg + hesperidin 50 mg + rosehips 250 mg + rutin 50 mg + sodium ascorbate 350 mg film-coated tablet, 150 tablet, 1 bottle (GPP)",20190411
1106293,"acerola 50 mg + ascorbic acid 400 mg + bioflavonoids 25 mg + calcium ascorbate 400 mg + hesperidin 50 mg + rosehips 250 mg + rutin 50 mg + sodium ascorbate 350 mg film-coated tablet, 31 tablet, 1 bottle (GPP)",20190411
1106319,"acerola 50 mg + ascorbic acid 400 mg + bioflavonoids 25 mg + calcium ascorbate 400 mg + hesperidin 50 mg + rosehips 250 mg + rutin 50 mg + sodium ascorbate 350 mg film-coated tablet, 62 tablet, 1 bottle (GPP)",20190411
1153522,"acetazolamide 10 mg/1 mL oral suspension, 25 mL bottle (GPP)",20200719
1153567,"acetazolamide 10 mg/1 mL oral suspension, 50 mL bottle (GPP)",20200719
1075235,"acetazolamide 250 mg tablet, 10 tablet, 1 blister (GPP)",20190216
1075257,"acetazolamide 250 mg tablet, 100 tablet (10 x 10 tablet blister), 1 box (GPP)",20190216
1109017,"acetazolamide 250 mg tablet, 1000 tablet, 1 bottle (GPP)",20190411
1271148,"acetazolamide 50 mg/1 mL oral suspension, 25 mL bottle (GPP)",20230617
1207499,"acetic acid 3 mL/100 mL ear drops, solution, 10 mL bottle (GPP)",20211110
1205807,"acetic acid 8.7 mL/100 mL + aluminium sulfate 8.7 g/100 mL + boric acid 435 mg/100 mL + calcium carbonate 3.82 g/100 mL cutaneous solution, 240 mL bottle (GPP)",20211029
1275689,"acetylcysteine 100 mg/3 g powder for oral solution, 3 g sachet (GPP)",20230715
1275708,"acetylcysteine 100 mg/3 g powder for oral solution, 50 x 3 g sachet, 1 box (GPP)",20230715
1055142,"acetylcysteine 100 mg/5 g granules for oral solution, 25 x 5 g sachet, 1 box (GPP)",20190216
1126581,"acetylcysteine 100 mg/5 g granules for oral solution, 50 x 5 g sachet, 1 box (GPP)",20191004
1151286,"acetylcysteine 100 mg/5 g powder for oral solution, 100 x 5 g sachet, 1 box (GPP)",20200705
1151264,"acetylcysteine 100 mg/5 g powder for oral solution, 5 g sachet (GPP)",20200705
1197120,"acetylcysteine 100 mg/5 g powder for oral solution, 50 x 5 g sachet, 1 box (GPP)",20210813
1286377,"acetylcysteine 200 mg/3 g granules for oral solution, 3 g sachet (GPP)",20231013
1286396,"acetylcysteine 200 mg/3 g granules for oral solution, 30 x 3 g sachet, 1 box (GPP)",20231013
1275754,"acetylcysteine 200 mg/3 g powder for oral solution, 3 g sachet (GPP)",20230715
1275777,"acetylcysteine 200 mg/3 g powder for oral solution, 50 x 3 g sachet, 1 box (GPP)",20230715
1151342,"acetylcysteine 200 mg/5 g granules for oral solution, 100 x 5 g sachet, 1 box (GPP)",20200705
1052602,"acetylcysteine 200 mg/5 g granules for oral solution, 25 x 5 g sachet, 1 box (GPP)",20190216
1151326,"acetylcysteine 200 mg/5 g granules for oral solution, 5 g sachet (GPP)",20200705
1184650,"acetylcysteine 200 mg/5 g granules for oral solution, 50 x 5 g sachet, 1 box (GPP)",20210331
1098158,"acetylcysteine 300 mg/3 mL solution for injection, 10 x 3 mL ampoule, 1 box (GPP)",20190216
1047326,"acetylcysteine 600 mg effervescent powder, 30 x 3.1 g sachet, 1 box (GPP)",20181217
1075584,"acetylcysteine 600 mg effervescent tablet, 10 tablet (1 x 10 tablet jar), 1 box (GPP)",20190216
1275615,"acetylcysteine 600 mg effervescent tablet, 10 tablet (1 x 10 tablet tube), 1 box (GPP)",20230715
1090874,"acetylcysteine 600 mg effervescent tablet, 10 tablet (5 x 2 tablet blister), 1 box (GPP)",20190216
1075566,"acetylcysteine 600 mg effervescent tablet, 10 tablet, 1 jar (GPP)",20190216
1275593,"acetylcysteine 600 mg effervescent tablet, 10 tablet, 1 tube (GPP)",20230715
1090857,"acetylcysteine 600 mg effervescent tablet, 2 tablet, 1 blister (GPP)",20190216
1115212,"acetylcysteine 600 mg/5 g powder for oral solution, 50 x 5 g sachet, 1 box (GPP)",20190614
1271260,"aciclovir 20 mg/1 mL oral suspension, 20 mL bottle (GPP)",20230617
1156673,"aciclovir 20 mg/1 mL oral suspension, 60 mL bottle (GPP)",20200801
1065974,"aciclovir 200 mg tablet, 25 tablet (5 x 5 tablet blister), 1 box (GPP)",20190216
1065957,"aciclovir 200 mg tablet, 5 tablet, 1 blister (GPP)",20190216
1210705,"aciclovir 200 mg/5 mL oral suspension, 1 x 60 mL bottle, 1 box (GPP)",20211110
1210686,"aciclovir 200 mg/5 mL oral suspension, 60 mL bottle (GPP)",20211110
1133758,"aciclovir 250 mg powder for solution for infusion, 1 vial (1 x 1 vial), 1 box (GPP)",20211202
1218481,"aciclovir 250 mg powder for solution for infusion, 1 vial (GPP)",20211202
1098094,"aciclovir 250 mg powder for solution for infusion, 5 vial, 1 box (GPP)",20190216
1185304,"aciclovir 250 mg/10 mL concentrate for solution for infusion, 10 mL vial (GPP)",20210331
1185327,"aciclovir 250 mg/10 mL concentrate for solution for infusion, 10 x 10 mL vial, 1 box (GPP)",20210331
1182341,"aciclovir 400 mg tablet, 10 tablet, 1 blister (GPP)",20210331
1194995,"aciclovir 400 mg tablet, 25 tablet (5 x 5 tablet blister), 1 box (GPP)",20210715
1065990,"aciclovir 400 mg tablet, 5 tablet, 1 blister (GPP)",20190216
1066012,"aciclovir 400 mg tablet, 70 tablet (14 x 5 tablet blister), 1 box (GPP)",20190216
1182360,"aciclovir 400 mg tablet, 70 tablet (7 x 10 tablet blister), 1 box (GPP)",20210331
1172258,"aciclovir 5 g/100 g cream, 1 x 100 g tube, 1 box (GPP)",20210113
1202781,"aciclovir 5 g/100 g cream, 1 x 15 g tube, 1 box (GPP)",20210915
1162446,"aciclovir 5 g/100 g cream, 1 x 5 g tube, 1 box (GPP)",20201002
1172236,"aciclovir 5 g/100 g cream, 100 g tube (GPP)",20210113
1202768,"aciclovir 5 g/100 g cream, 15 g tube (GPP)",20210915
1162422,"aciclovir 5 g/100 g cream, 5 g tube (GPP)",20201002
1133791,"aciclovir 500 mg powder for solution for infusion, 1 vial (1 x 1 vial), 1 box (GPP)",20211202
1218512,"aciclovir 500 mg powder for solution for infusion, 1 vial (GPP)",20211202
1317713,"aciclovir 500 mg powder for solution for injection/infusion, 1 vial (GPP)",20241215
1317732,"aciclovir 500 mg powder for solution for injection/infusion, 1 vial, 1 box (GPP)",20241215
1066054,"aciclovir 800 mg tablet, 35 tablet (7 x 5 tablet blister), 1 box (GPP)",20190216
1309680,"aciclovir 800 mg tablet, 5 blister, 1 box (GPP)",20241005
1066031,"aciclovir 800 mg tablet, 5 tablet, 1 blister (GPP)",20190216
1309667,"aciclovir 800 mg tablet, 7 tablet, blister (GPP)",20241005
1271218,"acitretin 1 mg/1 mL oral suspension, 20 mL bottle (GPP)",20230617
1082287,"acitretin 10 mg capsule, hard, 10 capsule, 1 blister (GPP)",20190216
1082304,"acitretin 10 mg capsule, hard, 30 capsule (3 x 10 capsule blister), 1 box (GPP)",20190216
1082327,"acitretin 25 mg capsule, hard, 10 capsule, 1 blister (GPP)",20190216
1082343,"acitretin 25 mg capsule, hard, 30 capsule (3 x 10 capsule blister), 1 box (GPP)",20190216
1304996,"acotiamide hydrochloride hydrate 100 mg film-coated tablet, 1 box (GPP)",20240831
1304977,"acotiamide hydrochloride hydrate 100 mg film-coated tablet, 10 tablet, blister (GPP)",20240817
1185835,"acriflavinium chloride 200 mg/100 mL cutaneous solution, 30 mL bottle (GPP)",20210418
1058164,"activated charcoal 250 mg tablet, 10 tablet, 1 blister (GPP)",20190216
1058186,"activated charcoal 250 mg tablet, 100 tablet (10 x 10 tablet blister), 1 box (GPP)",20190216
1287935,"activated charcoal 260 mg capsule, hard, 10 capsule (1 x 10 capsule blister), 1 box (GPP)",20231118
1287893,"activated charcoal 260 mg capsule, hard, 10 capsule, 1 blister (GPP)",20231118
1288601,"activated charcoal 260 mg capsule, hard, 100 capsule (10 x 10 capsule blister), 1 box (GPP)",20231203
1287919,"activated charcoal 260 mg capsule, hard, 200 capsule (20 x 10 capsule blister), 1 box (GPP)",20231118
1047700,"activated charcoal 65 mg + peppermint oil 1 mg + sodium bicarbonate 250 mg tablet, 1000 tablet, 1 bottle (GPP)",20181217
1169814,"adalimumab 20 mg/0.4 mL solution for injection, 0.4 mL prefilled syr (GPP)",20201217
1169833,"adalimumab 20 mg/0.4 mL solution for injection, 1 x 0.4 mL prefilled syr, 1 box (GPP)",20201217
1312791,"adalimumab 40 mg/0.4 mL solution for injection, 0.4 mL prefilled pen (GPP)",20241102
1312817,"adalimumab 40 mg/0.4 mL solution for injection, 1 prefilled pen, 1 box (GPP)",20241102
1164717,"adalimumab 40 mg/0.8 mL solution for injection, 0.8 mL prefilled pen (GPP)",20201016
1171439,"adalimumab 40 mg/0.8 mL solution for injection, 0.8 mL prefilled syr (GPP)",20201230
1189953,"adalimumab 40 mg/0.8 mL solution for injection, 1 x 0.8 mL prefilled pen, 1 box (GPP)",20210513
1133360,"adalimumab 40 mg/0.8 mL solution for injection, 1 x 0.8 mL prefilled syr, 1 box (GPP)",20201230
1164738,"adalimumab 40 mg/0.8 mL solution for injection, 2 x 0.8 mL prefilled pen, 1 box (GPP)",20201016
1141829,"adapalene 100 mg/100 g + benzoyl peroxide 2.5 g/100 g gel, 15 g bottle, 1 box (GPP)",20200404
1060189,"adefovir dipivoxil 10 mg tablet, 30 tablet (1 x 30 tablet bottle), 1 box (GPP)",20190216
1060162,"adefovir dipivoxil 10 mg tablet, 30 tablet, 1 bottle (GPP)",20190216
1242272,"adenosine 6 mg/2 mL solution for injection, 1 x 2 mL vial, 1 box (GPP)",20220915
1247041,"adenosine 6 mg/2 mL solution for injection, 2 mL ampoule (GPP)",20221104
1238453,"adenosine 6 mg/2 mL solution for injection, 2 mL vial (GPP)",20220618
1247060,"adenosine 6 mg/2 mL solution for injection, 5 x 2 mL ampoule, 1 box (GPP)",20221104
1238476,"adenosine 6 mg/2 mL solution for injection, 6 x 2 mL vial, 1 box (GPP)",20220618
1256787,"aescin 20 mg film-coated tablet, 10 tablet, 1 blister (GPP)",20230304
1256804,"aescin 20 mg film-coated tablet, 100 tablet (10 x 10 tablet blister), 1 box (GPP)",20230304
1063899,"aescin 20 mg gastro-resistant tablet, 10 blister, 1 box (GPP)",20241018
1311868,"aescin 20 mg gastro-resistant tablet, 10 tablet (GPP)",20241018
1063875,"aescin 20 mg gastro-resistant tablet, 10 tablet, 1 blister (GPP)",20190216
1085892,"afatinib 20 mg film-coated tablet, 28 tablet (4 x 7 tablet blister), 1 box (GPP)",20190216
1085871,"afatinib 20 mg film-coated tablet, 7 tablet, 1 blister (GPP)",20190216
1085939,"afatinib 30 mg film-coated tablet, 28 tablet (4 x 7 tablet blister), 1 box (GPP)",20190216
1085918,"afatinib 30 mg film-coated tablet, 7 tablet, 1 blister (GPP)",20190216
1085973,"afatinib 40 mg film-coated tablet, 28 tablet (4 x 7 tablet blister), 1 box (GPP)",20190216
1085956,"afatinib 40 mg film-coated tablet, 7 tablet, 1 blister (GPP)",20190216
1099760,"aflibercept 100 mg/4 mL concentrate for solution for infusion, 4 mL vial, 1 box (GPP)",20190216
1314507,"aflibercept 114.3 mg/1 mL solution for injection, 0.263 mL vial (GPP)",20241117
1314524,"aflibercept 114.3 mg/1 mL solution for injection, 1 vial, 1 box (GPP)",20241117
1321894,"aflibercept 2.8 mg/0.07 mL solution for injection, 0.07 mL prefilled syr (GPP)",20250201
1303482,"agalsidase alfa 3.5 mg/3.5 mL concentrate for solution for infusion, 1 x 3.5 mL vial, 1 box (GPP)",20240802
1303469,"agalsidase alfa 3.5 mg/3.5 mL concentrate for solution for infusion, 3.5 mL vial (GPP)",20240802
1073618,"agomelatine 25 mg film-coated tablet, 14 tablet, 1 blister (GPP)",20190216
1073639,"agomelatine 25 mg film-coated tablet, 28 tablet (2 x 14 tablet blister), 1 box (GPP)",20190216
1169223,"albendazole 100 mg/5 mL oral suspension, 1 x 20 mL bottle, 1 box (GPP)",20201202
1169206,"albendazole 100 mg/5 mL oral suspension, 20 mL bottle (GPP)",20201202
1090577,"albendazole 200 mg film-coated tablet, 100 tablet (50 x 2 tablet blister), 1 box (GPP)",20190216
1076863,"albendazole 200 mg film-coated tablet, 100 tablet (50 x 2 tablet strip), 1 box (GPP)",20190216
1139579,"albendazole 200 mg film-coated tablet, 100 tablet, 1 bottle (GPP)",20200314
1163618,"albendazole 200 mg film-coated tablet, 2 tablet (1 x 2 tablet blister), 1 box (GPP)",20201016
1076885,"albendazole 200 mg film-coated tablet, 2 tablet (1 x 2 tablet strip), 1 box (GPP)",20190216
1090554,"albendazole 200 mg film-coated tablet, 2 tablet, 1 blister (GPP)",20190216
1076844,"albendazole 200 mg film-coated tablet, 2 tablet, 1 strip (GPP)",20190216
1228016,"albendazole 200 mg tablet, 2 tablet (1 x 2 tablet bottle), 1 box (GPP)",20220330
1227993,"albendazole 200 mg tablet, 2 tablet, 1 bottle (GPP)",20220330
1227972,"albendazole 200 mg tablet, 500 tablet, 1 jar (GPP)",20220330
1185260,"albendazole 200 mg/5 mL oral suspension, 1 x 10 mL bottle, 1 box (GPP)",20210331
1185241,"albendazole 200 mg/5 mL oral suspension, 10 mL bottle (GPP)",20210331
1236078,"alcaftadine 250 mg/100 mL eye drops, solution, 1 x 3 mL bottle, 1 box (GPP)",20220514
1236050,"alcaftadine 250 mg/100 mL eye drops, solution, 3 mL bottle (GPP)",20220514
1185343,"alcohol 0.45 mL/15 mL + amyl acetate 37 mg/15 mL + castor oil 14.507 mL/15 mL + saccharin 6 mg/15 mL oral solution, 30 mL bottle (GPP)",20210331
1185362,"alcohol 0.45 mL/15 mL + amyl acetate 37 mg/15 mL + castor oil 14.507 mL/15 mL + saccharin 6 mg/15 mL oral solution, 450 mL bottle (GPP)",20210331
1135490,"alcohol 0.45 mL/15 mL + amyl acetate 37 mg/15 mL + castor oil 14.507 mL/15 mL + saccharin 6 mg/15 mL oral solution, 60 mL bottle (GPP)",20210331
1047802,"alemtuzumab 12 mg/1.2 mL concentrate for solution for infusion, 1.2 mL vial, 1 box (GPP)",20181217
1086791,"alendronic acid 10 mg tablet, 10 tablet, 1 blister (GPP)",20190216
1086817,"alendronic acid 10 mg tablet, 30 tablet (3 x 10 tablet blister), 1 box (GPP)",20190216
1086893,"alendronic acid 70 mg + colecalciferol 2800 iu tablet, 4 tablet (1 x 4 tablet blister), 1 box (GPP)",20190216
1086872,"alendronic acid 70 mg + colecalciferol 2800 iu tablet, 4 tablet, 1 blister (GPP)",20190216
1070966,"alendronic acid 70 mg + colecalciferol 5600 iu tablet, 1 blister 1 box (GPP)",20250301
1070945,"alendronic acid 70 mg + colecalciferol 5600 iu tablet, 4 tablet blister (GPP)",20250301
1257277,"alendronic acid 70 mg effervescent tablet, 2 tablet, 1 strip (GPP)",20230316
1257296,"alendronic acid 70 mg effervescent tablet, 4 tablet (2 x 2 tablet strip), 1 box (GPP)",20230316
1086855,"alendronic acid 70 mg film-coated tablet, 4 tablet (1 x 4 tablet blister), 1 box (GPP)",20190216
1086838,"alendronic acid 70 mg film-coated tablet, 4 tablet, 1 blister (GPP)",20190216
1107384,"alendronic acid 70 mg tablet, 4 tablet (1 x 4 tablet blister), 1 box (GPP)",20190411
1107366,"alendronic acid 70 mg tablet, 4 tablet, 1 blister (GPP)",20190411
1055368,"alfacalcidol 0.25 mcg capsule, soft, 10 capsule, 1 blister (GPP)",20190216
1107418,"alfacalcidol 0.25 mcg capsule, soft, 100 capsule (10 x 10 capsule blister), 1 box (GPP)",20190411
1055381,"alfacalcidol 0.25 mcg capsule, soft, 50 capsule (5 x 10 capsule blister), 1 box (GPP)",20190216
1107439,"alfacalcidol 0.5 mcg capsule, soft, 10 capsule, 1 blister (GPP)",20190411
1127504,"alfacalcidol 0.5 mcg capsule, soft, 100 capsule (10 x 10 capsule blister), 1 box (GPP)",20191004
1107456,"alfacalcidol 0.5 mcg capsule, soft, 50 capsule (5 x 10 capsule blister), 1 box (GPP)",20190411
1056529,"alfacalcidol 0.5 mcg tablet, 10 tablet, 1 blister (GPP)",20190216
1056540,"alfacalcidol 0.5 mcg tablet, 100 tablet (10 x 10 tablet blister), 1 box (GPP)",20190216
1062718,"alfacalcidol 1 mcg capsule, soft, 10 capsule, 1 blister (GPP)",20190216
1062739,"alfacalcidol 1 mcg capsule, soft, 100 capsule (10 x 10 capsule blister), 1 box (GPP)",20190216
1185874,"alfuzosin hydrochloride 10 mg prolonged-release tablet, 10 tablet, 1 blister (GPP)",20210418
1066264,"alfuzosin hydrochloride 10 mg prolonged-release tablet, 30 tablet (1 x 30 tablet blister), 1 box (GPP)",20190216
1185890,"alfuzosin hydrochloride 10 mg prolonged-release tablet, 30 tablet (3 x 10 tablet blister), 1 box (GPP)",20210418
1066240,"alfuzosin hydrochloride 10 mg prolonged-release tablet, 30 tablet, 1 blister (GPP)",20190216
1055323,"alginic acid 200 mg + dried aluminium hydroxide gel 30 mg + magnesium carbonate 40 mg chewable tablet, 12 tablet, 1 blister (GPP)",20210430
1055347,"alginic acid 200 mg + dried aluminium hydroxide gel 30 mg + magnesium carbonate 40 mg chewable tablet, 84 tablet (7 x 12 tablet blister), 1 box (GPP)",20210429
1110197,"alglucosidase alfa 50 mg powder for concentrate for solution for infusion, 1 vial (1 x 1 vial), 1 box (GPP)",20240216
1292009,"alglucosidase alfa 50 mg powder for concentrate for solution for infusion, 1 vial (GPP)",20240216
1226628,"alirocumab 150 mg/1 mL solution for injection, 1 mL prefilled pen (GPP)",20220316
1226644,"alirocumab 150 mg/1 mL solution for injection, 1 x 1 mL prefilled pen, 1 box (GPP)",20220316
1226663,"alirocumab 75 mg/1 mL solution for injection, 1 mL prefilled pen (GPP)",20220316
1226685,"alirocumab 75 mg/1 mL solution for injection, 1 x 1 mL prefilled pen, 1 box (GPP)",20220316
1081896,"aliskiren 300 mg film-coated tablet, 28 tablet (4 x 7 tablet blister), 1 box (GPP)",20190216
1081877,"aliskiren 300 mg film-coated tablet, 7 tablet, 1 blister (GPP)",20190216
1265673,"allopurinol 10 mg/1 mL oral suspension, 30 mL bottle (GPP)",20230617
1070691,"allopurinol 100 mg tablet, 10 tablet, 1 blister (GPP)",20190216
1086704,"allopurinol 100 mg tablet, 100 tablet (4 x 25 tablet blister), 1 box (GPP)",20190216
1086665,"allopurinol 100 mg tablet, 1000 tablet (100 x 10 tablet blister), 1 box (GPP)",20190216
1086683,"allopurinol 100 mg tablet, 25 tablet, 1 blister (GPP)",20190216
1070712,"allopurinol 100 mg tablet, 50 blister, 1 box (GPP)",20250313
1258742,"allopurinol 100 mg tablet, 500 tablet, 1 jar (GPP)",20230401
1070731,"allopurinol 300 mg tablet, 10 tablet, 1 blister (GPP)",20190216
1086736,"allopurinol 300 mg tablet, 100 tablet (10 x 10 tablet blister), 1 box (GPP)",20190216
1070754,"allopurinol 300 mg tablet, 500 tablet (50 x 10 tablet blister), 1 box (GPP)",20190216
1324282,"alogliptin 25 mg + pioglitazone 15 mg film-coated tablet, 14 tablet, 1 blister (GPP)",20250215
1324305,"alogliptin 25 mg + pioglitazone 15 mg film-coated tablet, 2 blister, 1 box (GPP)",20250215
1062891,"alogliptin 25 mg + pioglitazone 15 mg film-coated tablet, 28 tablet (4 x 7 tablet blister), 1 box (GPP)",20190216
1062870,"alogliptin 25 mg + pioglitazone 15 mg film-coated tablet, 7 tablet, 1 blister (GPP)",20190216
1323925,"alogliptin 25 mg + pioglitazone 30 mg film-coated tablet, 14 tablet, 1 blister (GPP)",20250215
1323941,"alogliptin 25 mg + pioglitazone 30 mg film-coated tablet, 2 blister, 1 box (GPP)",20250215
1062938,"alogliptin 25 mg + pioglitazone 30 mg film-coated tablet, 28 tablet (4 x 7 tablet blister), 1 box (GPP)",20190216
1062917,"alogliptin 25 mg + pioglitazone 30 mg film-coated tablet, 7 tablet, 1 blister (GPP)",20190216
1062257,"alogliptin 25 mg film-coated tablet, 14 tablet, 1 blister (GPP)",20190216
1062274,"alogliptin 25 mg film-coated tablet, 2 blister, 1 box (GPP)",20250201
1177834,"alpelisib 150 mg film-coated tablet, 14 tablet, 1 blister (GPP)",20210211
1177852,"alpelisib 150 mg film-coated tablet, 28 tablet (2 x 14 tablet blister), 1 box (GPP)",20210211
1177913,"alpelisib 200 mg film-coated tablet [7 tablet] (&) alpelisib 50 mg film-coated tablet [7 tablet], 14 tablet, 1 blister (GPP)",20210211
1177921,"alpelisib 200 mg film-coated tablet [7 tablet] (&) alpelisib 50 mg film-coated tablet [7 tablet], 28 tablet (2 x 14 tablet blister), 1 box (GPP)",20210215
1177810,"alpelisib 200 mg film-coated tablet, 14 tablet (1 x 14 tablet blister), 1 box (GPP)",20210211
1177796,"alpelisib 200 mg film-coated tablet, 14 tablet, 1 blister (GPP)",20210211
1113927,"alpha tocopherol acetate 15 mg + ascorbic acid 70 mg + calcium pantothenate 10 mg + cyanocobalamin 5 mcg + ergocalciferol 400 iu + folic acid 100 mcg + nicotinamide 20 mg + pyridoxine hydrochloride 2 mg + retinol 4000 iu + riboflavin 2 mg + thiamine 2 mg tablet, 1000 tablet, 1 bottle (GPP)",20190516
1089305,"alprazolam 1 mg tablet, 10 tablet, 1 blister (GPP)",20190216
1236605,"alprazolam 1 mg tablet, 10 tablet, 1 strip (GPP)",20220602
1089426,"alprazolam 1 mg tablet, 100 tablet (10 x 10 tablet blister), 1 box (GPP)",20190216
1236622,"alprazolam 1 mg tablet, 100 tablet (10 x 10 tablet strip), 1 box (GPP)",20220602
1089322,"alprazolam 1 mg tablet, 500 tablet (50 x 10 tablet blister), 1 box (GPP)",20190216
1089346,"alprazolam 250 mcg tablet, 10 tablet, 1 blister (GPP)",20190216
1132428,"alprazolam 250 mcg tablet, 10 tablet, 1 strip (GPP)",20191115
1089367,"alprazolam 250 mcg tablet, 100 tablet (10 x 10 tablet blister), 1 box (GPP)",20190216
1132444,"alprazolam 250 mcg tablet, 100 tablet (10 x 10 tablet strip), 1 box (GPP)",20191115
1089248,"alprazolam 250 mcg tablet, 500 tablet, 1 bottle (GPP)",20190216
1089269,"alprazolam 500 mcg tablet, 10 tablet, 1 blister (GPP)",20190216
1073298,"alprazolam 500 mcg tablet, 10 tablet, 1 strip (GPP)",20190216
1089398,"alprazolam 500 mcg tablet, 100 tablet (10 x 10 tablet blister), 1 box (GPP)",20190216
1073312,"alprazolam 500 mcg tablet, 100 tablet (10 x 10 tablet strip), 1 box (GPP)",20190216
1089282,"alprazolam 500 mcg tablet, 500 tablet (50 x 10 tablet blister), 1 box (GPP)",20190216
1098798,"alprostadil 500 mcg/1 mL concentrate for solution for infusion, 5 x 1 mL ampoule, 1 box (GPP)",20190216
1281818,"alteplase 2 mg powder for solution for injection, 1 vial (GPP)",20230902
1097413,"alteplase 50 mg powder and solvent for solution for injection/infusion, 1 vial, 1 box (GPP)",20190216
1153258,"aluminium hydroxide 200 mg/5 mL oral suspension, 240 mL bottle (GPP)",20200719
1255803,"aluminium hydroxide 220 mg/5 mL + magnesium hydroxide 120 mg/5 mL + simeticone 16.67 mg/5 mL oral suspension, 240 mL bottle (GPP)",20230217
1126506,"aluminium hydroxide 220 mg/5 mL + magnesium hydroxide 120 mg/5 mL + simeticone 20 mg/5 mL oral suspension, 240 mL bottle, 1 bottle (GPP)",20191004
1047264,"aluminium hydroxide 220 mg/5 mL + magnesium hydroxide 120 mg/5 mL oral suspension, 240 mL bottle, 1 bottle (GPP)",20181217
1078534,"aluminium hydroxide 250 mg + kaolin 50 mg + magnesium trisilicate 350 mg tablet, 10 tablet, 1 strip (GPP)",20190216
1078552,"aluminium hydroxide 250 mg + kaolin 50 mg + magnesium trisilicate 350 mg tablet, 500 tablet (50 x 10 tablet strip), 1 box (GPP)",20190216
1045092,"aluminium hydroxide 250 mg/5 mL + magnesium hydroxide 100 mg/5 mL oral suspension, 240 mL bottle, 1 bottle (GPP)",20181217
1219784,"aluminium hydroxide 300 mg chewable tablet, 1000 tablet, 1 jar (GPP)",20211230
1047286,"aluminium hydroxide 320 mg/5 mL + magnesium hydroxide 110 mg/5 mL + simeticone 20 mg/5 mL oral suspension, 240 mL bottle (GPP)",20210604
1078510,"aluminium hydroxide 500 mg tablet, 100 tablet, 1 jar (GPP)",20190216
1150803,"aluminium hydroxide 500 mg tablet, 1000 tablet, 1 jar (GPP)",20200705
1117944,"aluminium hydroxide-magnesium carbonate co-dried gel 325 mg + dicycloverine hydrochloride 2.5 mg + simeticone 10 mg tablet, 500 tablet, 1 bottle (GPP)",20190701
1061673,"alverine citrate 60 mg + simeticone 300 mg capsule, soft, 10 capsule, 1 blister (GPP)",20191115
1131066,"alverine citrate 60 mg + simeticone 300 mg capsule, soft, 100 capsule (10 x 10 capsule blister), 1 box (GPP)",20191115
1061694,"alverine citrate 60 mg + simeticone 300 mg capsule, soft, 30 capsule (3 x 10 capsule blister), 1 box (GPP)",20191115
1285931,"amantadine hydrochloride 100 mg tablet, 10 tablet, 1 blister (GPP)",20231013
1285954,"amantadine hydrochloride 100 mg tablet, 30 tablet (3 x 10 tablet blister), 1 box (GPP)",20231013
1294725,"amaranthus hybridus allergen extract 14 mg/1 mL solution for skin-prick test, 1 bottle, 1 box (GPP)",20241018
1294702,"amaranthus hybridus allergen extract 14 mg/1 mL solution for skin-prick test, 5 mL bottle (GPP)",20240328
1169384,"ambroxol hydrochloride 15 mg/5 mL syrup, 1 x 60 mL bottle, 1 box (GPP)",20201202
1169366,"ambroxol hydrochloride 15 mg/5 mL syrup, 60 mL bottle (GPP)",20201202
1090916,"ambroxol hydrochloride 30 mg tablet, 10 tablet, 1 blister (GPP)",20190216
1107626,"ambroxol hydrochloride 30 mg tablet, 10 tablet, 1 strip (GPP)",20190411
1090937,"ambroxol hydrochloride 30 mg tablet, 250 tablet (25 x 10 tablet blister), 1 box (GPP)",20190216
1194128,"ambroxol hydrochloride 30 mg tablet, 500 tablet (50 x 10 tablet blister), 1 box (GPP)",20210715
1107642,"ambroxol hydrochloride 30 mg tablet, 500 tablet (50 x 10 tablet strip), 1 box (GPP)",20190411
1231977,"ambroxol hydrochloride 30 mg tablet, 500 tablet, 1 jar (GPP)",20220413
1169425,"ambroxol hydrochloride 30 mg/5 mL syrup, 1 x 60 mL bottle, 1 box (GPP)",20201202
1169402,"ambroxol hydrochloride 30 mg/5 mL syrup, 60 mL bottle (GPP)",20201202
1077574,"ambroxol hydrochloride 75 mg prolonged-release capsule, hard, 10 capsule, 1 blister (GPP)",20190216
1077590,"ambroxol hydrochloride 75 mg prolonged-release capsule, hard, 50 capsule (5 x 10 capsule blister), 1 box (GPP)",20190216
1293814,"american cockroach (periplaneta americana) allergen extract 50 mg/1 mL solution for skin-prick test, 1 bottle, 1 box (GPP)",20241018
1293795,"american cockroach (periplaneta americana) allergen extract 50 mg/1 mL solution for skin-prick test, 5 mL bottle (GPP)",20240328
1156734,"amikacin 2 g/100 mL eye drops, solution, 5 mL bottle (GPP)",20200801
1180172,"amikacin 250 mg/2 mL solution for injection, 1 x 2 mL vial, 1 box (GPP)",20210312
1110329,"amikacin 250 mg/2 mL solution for injection, 10 x 2 mL vial, 1 box (GPP)",20230715
1098039,"amikacin 250 mg/2 mL solution for injection, 100 x 2 mL vial, 1 box (GPP)",20190216
1180155,"amikacin 250 mg/2 mL solution for injection, 2 mL vial (GPP)",20210312
1180117,"amikacin 500 mg/2 mL solution for injection, 1 x 2 mL vial, 1 box (GPP)",20210312
1274399,"amikacin 500 mg/2 mL solution for injection, 10 x 2 mL vial, 1 box (GPP)",20230715
1098056,"amikacin 500 mg/2 mL solution for injection, 100 x 2 mL vial, 1 box (GPP)",20190216
1180091,"amikacin 500 mg/2 mL solution for injection, 2 mL vial (GPP)",20210312
1315294,"amikacin sulfate 2 g/100 mL eye drops, solution, 5 mL bottle (GPP)",20241129
1063118,"amiloride hydrochloride 5 mg + hydrochlorothiazide 50 mg tablet, 10 tablet, 1 blister (GPP)",20190216
1081041,"amiloride hydrochloride 5 mg + hydrochlorothiazide 50 mg tablet, 10 tablet, 1 strip (GPP)",20190216
1063139,"amiloride hydrochloride 5 mg + hydrochlorothiazide 50 mg tablet, 500 tablet (50 x 10 tablet blister), 1 box (GPP)",20190216
1258788,"amiloride hydrochloride 5 mg + hydrochlorothiazide 50 mg tablet, 500 tablet, 1 bottle (GPP)",20230401
1221075,"amino acids + dextrose + electrolytes + lipids emulsion for infusion, 1 L bag (GPP)",20220117
1221113,"amino acids + dextrose + electrolytes + lipids emulsion for infusion, 1.5 L bag (GPP)",20220117
1221034,"amino acids + dextrose + electrolytes + lipids emulsion for infusion, 650 mL bag (GPP)",20220113
1308296,"amino acids 10 g/100 mL + calcium gluconate 1.05 g/100 mL + dextrose 35 g/100 mL + dipotassium phosphate 1.74 g/100 mL + heparin 100 unit/100 mL + magnesium sulfate 380 g/100 mL + potassium chloride 1.5 g/100 mL + sodium acetate 2.72 g/100 mL + sodium chloride 1.17 g/100 mL + trace element 1.5 mL/100 mL + water soluble multivitamins 1 mL/100 mL + zinc sulfate 500 mcg/100 mL solution for infusion, 1 mL prefilled syr (GPP)",20241004
1308766,"amino acids 10 g/100 mL solution for infusion, 500 mL bag (GPP)",20240913
1151728,"amino acids 3 g/100 mL + dextrose 7.5 g/100 mL solution for infusion, 1 L bag (GPP)",20200719
1282830,"amino acids 34 g/1.026 L + dextrose 100 g/1.026 L + lipids 40 g/1.026 L emulsion for infusion, 1.026 L bag (GPP)",20230915
1282811,"amino acids 68 g/2.053 L + dextrose 200 g/2.053 L + lipids 80 g/2.053 L emulsion for infusion, 4 x 2.053 L bag, 1 (GPP)",20230915
1308671,"amino acids 7.2 g/100 mL solution for infusion, 200 mL bag (GPP)",20240913
1308709,"amino acids 7.2 g/100 mL solution for infusion, 500 mL bag (GPP)",20240913
1308732,"amino acids 8 g/100 mL solution for infusion, 500 mL bag (GPP)",20240913
1156775,"aminophylline 10 mg/1 mL oral solution, 25 mL bottle (GPP)",20200801
1197165,"aminophylline 100 mg tablet, 1000 tablet, 1 bottle (GPP)",20210813
1090835,"aminophylline 100 mg tablet, 1000 tablet, 1 jar (GPP)",20190216
1223481,"aminophylline 250 mg/10 mL solution for injection, 10 mL ampoule (GPP)",20220303
1110178,"aminophylline 250 mg/10 mL solution for injection, 50 x 10 mL ampoule, 1 box (GPP)",20220303
1097696,"amiodarone hydrochloride 150 mg/3 mL concentrate for solution for injection/infusion, 6 x 3 mL ampoule, 1 box (GPP)",20190216
1156845,"amiodarone hydrochloride 20 mg/1 mL oral suspension, 20 mL bottle (GPP)",20200801
1057835,"amiodarone hydrochloride 200 mg tablet, 10 tablet, 1 blister (GPP)",20190216
1080778,"amiodarone hydrochloride 200 mg tablet, 10 tablet, 1 strip (GPP)",20190216
1080807,"amiodarone hydrochloride 200 mg tablet, 100 tablet (10 x 10 tablet blister), 1 box (GPP)",20190216
1246289,"amiodarone hydrochloride 200 mg tablet, 100 tablet (10 x 10 tablet strip), 1 box (GPP)",20221104
1235480,"amiodarone hydrochloride 200 mg tablet, 15 tablet, 1 blister (GPP)",20220514
1235507,"amiodarone hydrochloride 200 mg tablet, 30 tablet (2 x 15 tablet blister), 1 box (GPP)",20220514
1057857,"amiodarone hydrochloride 200 mg tablet, 30 tablet (3 x 10 tablet blister), 1 box (GPP)",20190216
1265752,"amiodarone hydrochloride 5 mg/1 mL oral suspension, 40 mL bottle (GPP)",20230617
1109750,"amisulpride 100 mg film-coated tablet, 10 tablet, 1 blister (GPP)",20190411
1109778,"amisulpride 100 mg film-coated tablet, 30 tablet (3 x 10 tablet blister), 1 box (GPP)",20190411
1109797,"amisulpride 400 mg film-coated tablet, 10 tablet, 1 blister (GPP)",20190411
1109811,"amisulpride 400 mg film-coated tablet, 30 tablet (3 x 10 tablet blister), 1 box (GPP)",20190411
1217753,"amitriptyline hydrochloride 10 mg coated tablet, 1000 tablet, 1 bottle (GPP)",20211202
1073331,"amitriptyline hydrochloride 10 mg film-coated tablet, 10 tablet, 1 blister (GPP)",20190216
1107494,"amitriptyline hydrochloride 10 mg film-coated tablet, 10 tablet, 1 strip (GPP)",20190411
1073354,"amitriptyline hydrochloride 10 mg film-coated tablet, 500 tablet (50 x 10 tablet blister), 1 box (GPP)",20190216
1107516,"amitriptyline hydrochloride 10 mg film-coated tablet, 500 tablet (50 x 10 tablet strip), 1 box (GPP)",20190411
1217730,"amitriptyline hydrochloride 25 mg coated tablet, 1000 tablet, 1 bottle (GPP)",20211202
1107537,"amitriptyline hydrochloride 25 mg film-coated tablet, 10 tablet, 1 strip (GPP)",20190411
1089586,"amitriptyline hydrochloride 25 mg film-coated tablet, 1000 tablet, 1 bottle (GPP)",20190216
1107559,"amitriptyline hydrochloride 25 mg film-coated tablet, 500 tablet (50 x 10 tablet strip), 1 box (GPP)",20190411
1089604,"amitriptyline hydrochloride 25 mg film-coated tablet, 500 tablet, 1 bottle (GPP)",20190216
1109946,"amitriptyline hydrochloride 50 mg coated tablet, 1000 tablet, 1 bottle (GPP)",20190411
1290040,"amivantamab 350 mg/7 mL concentrate for solution for infusion, 1 x 7 mL vial, 1 box (GPP)",20231228
1290029,"amivantamab 350 mg/7 mL concentrate for solution for infusion, 7 mL vial (GPP)",20231228
1265832,"amlodipine 1 mg/1 mL oral suspension, 30 mL bottle (GPP)",20230617
1316940,"amlodipine 1 mg/1 mL oral suspension, 60 mL bottle (GPP)",20241215
1056708,"amlodipine 10 mg + atorvastatin 10 mg film-coated tablet, 28 tablet (4 x 7 tablet blister), 1 box (GPP)",20190216
1056689,"amlodipine 10 mg + atorvastatin 10 mg film-coated tablet, 7 tablet, 1 blister (GPP)",20190216
1108169,"amlodipine 10 mg + atorvastatin 20 mg film-coated tablet, 28 tablet (4 x 7 tablet blister), 1 box (GPP)",20190411
1108148,"amlodipine 10 mg + atorvastatin 20 mg film-coated tablet, 7 tablet, 1 blister (GPP)",20190411
1228224,"amlodipine 10 mg + atorvastatin 40 mg film-coated tablet, 28 tablet (4 x 7 tablet blister), 1 box (GPP)",20220330
1082225,"amlodipine 10 mg + atorvastatin 40 mg film-coated tablet, 7 tablet, 1 blister (GPP)",20190216
1253136,"amlodipine 10 mg + hydrochlorothiazide 12.5 mg + valsartan 160 mg film-coated tablet, 14 tablet (2 x 7 tablet blister), 1 box (GPP)",20230203
1253115,"amlodipine 10 mg + hydrochlorothiazide 12.5 mg + valsartan 160 mg film-coated tablet, 7 tablet, 1 blister (GPP)",20230203
1108698,"amlodipine 10 mg + perindopril arginine 5 mg tablet, 30 tablet, 1 jar (GPP)",20190411
1109967,"amlodipine 10 mg + telmisartan 80 mg tablet, 10 tablet, 1 blister (GPP)",20190411
1109980,"amlodipine 10 mg + telmisartan 80 mg tablet, 30 tablet (3 x 10 tablet blister), 1 box (GPP)",20190411
1059325,"amlodipine 10 mg + valsartan 160 mg film-coated tablet, 14 tablet, 1 blister (GPP)",20190216
1059341,"amlodipine 10 mg + valsartan 160 mg film-coated tablet, 28 tablet (2 x 14 tablet blister), 1 box (GPP)",20190216
1050844,"amlodipine 10 mg tablet, 10 tablet, 1 blister (GPP)",20190120
1250101,"amlodipine 10 mg tablet, 10 tablet, 1 strip (GPP)",20221216
1050863,"amlodipine 10 mg tablet, 100 tablet (10 x 10 tablet blister), 1 box (GPP)",20190120
1193097,"amlodipine 10 mg tablet, 100 tablet (10 x 10 tablet), 1 box (GPP)",20210703
1055594,"amlodipine 10 mg tablet, 1000 tablet (100 x 10 tablet blister), 1 box (GPP)",20190216
1081307,"amlodipine 10 mg tablet, 30 tablet (3 x 10 tablet blister), 1 box (GPP)",20190216
1123473,"amlodipine 10 mg tablet, 500 tablet (50 x 10 tablet blister), 1 box (GPP)",20190829
1250129,"amlodipine 10 mg tablet, 500 tablet (50 x 10 tablet strip), 1 box (GPP)",20221216
1082202,"amlodipine 5 mg + atorvastatin 10 mg film-coated tablet, 28 tablet (4 x 7 tablet blister), 1 box (GPP)",20190216
1082182,"amlodipine 5 mg + atorvastatin 10 mg film-coated tablet, 7 tablet, 1 blister (GPP)",20190216
1055616,"amlodipine 5 mg + benazepril 10 mg tablet, 14 tablet, 1 blister (GPP)",20190216
1055637,"amlodipine 5 mg + benazepril 10 mg tablet, 28 tablet (2 x 14 tablet blister), 1 box (GPP)",20190216
1065497,"amlodipine 5 mg + candesartan cilexetil 8 mg tablet, 10 tablet, 1 blister (GPP)",20190216
1065510,"amlodipine 5 mg + candesartan cilexetil 8 mg tablet, 30 tablet (3 x 10 tablet blister), 1 box (GPP)",20190216
1059421,"amlodipine 5 mg + hydrochlorothiazide 12.5 mg + valsartan 160 mg film-coated tablet, 28 tablet (4 x 7 tablet blister), 1 box (GPP)",20190216
1059409,"amlodipine 5 mg + hydrochlorothiazide 12.5 mg + valsartan 160 mg film-coated tablet, 7 tablet, 1 blister (GPP)",20190216
1110449,"amlodipine 5 mg + losartan potassium 100 mg film-coated tablet, 10 tablet, 1 blister (GPP)",20190411
1110465,"amlodipine 5 mg + losartan potassium 100 mg film-coated tablet, 30 tablet (3 x 10 tablet blister), 1 box (GPP)",20190411
1110483,"amlodipine 5 mg + losartan potassium 50 mg film-coated tablet, 10 tablet, 1 blister (GPP)",20190411
1110505,"amlodipine 5 mg + losartan potassium 50 mg film-coated tablet, 30 tablet (3 x 10 tablet blister), 1 box (GPP)",20190411
1062392,"amlodipine 5 mg + olmesartan medoxomil 20 mg film-coated tablet, 10 tablet, 1 blister (GPP)",20190216
1081714,"amlodipine 5 mg + olmesartan medoxomil 20 mg film-coated tablet, 14 tablet, 1 blister (GPP)",20190216
1081733,"amlodipine 5 mg + olmesartan medoxomil 20 mg film-coated tablet, 28 tablet (2 x 14 tablet blister), 1 box (GPP)",20190216
1062411,"amlodipine 5 mg + olmesartan medoxomil 20 mg film-coated tablet, 30 tablet (3 x 10 tablet blister), 1 box (GPP)",20190216
1062430,"amlodipine 5 mg + olmesartan medoxomil 40 mg film-coated tablet, 10 tablet, 1 blister (GPP)",20190216
1081751,"amlodipine 5 mg + olmesartan medoxomil 40 mg film-coated tablet, 14 tablet, 1 blister (GPP)",20190216
1081779,"amlodipine 5 mg + olmesartan medoxomil 40 mg film-coated tablet, 28 tablet (2 x 14 tablet blister), 1 box (GPP)",20190216
1062453,"amlodipine 5 mg + olmesartan medoxomil 40 mg film-coated tablet, 30 tablet (3 x 10 tablet blister), 1 box (GPP)",20190216
1282692,"amlodipine 5 mg + perindopril arginine 10 mg tablet, 30 tablet (1 x 30 tablet jar), 1 box (GPP)",20230915
1282671,"amlodipine 5 mg + perindopril arginine 10 mg tablet, 30 tablet, 1 jar (GPP)",20230915
1057916,"amlodipine 5 mg + perindopril arginine 5 mg tablet, 30 tablet (1 x 30 tablet jar), 1 box (GPP)",20190216
1057890,"amlodipine 5 mg + perindopril arginine 5 mg tablet, 30 tablet, 1 jar (GPP)",20190216
1065339,"amlodipine 5 mg + telmisartan 40 mg tablet, 10 tablet, 1 blister (GPP)",20190216
1065356,"amlodipine 5 mg + telmisartan 40 mg tablet, 30 tablet (3 x 10 tablet blister), 1 box (GPP)",20190216
1065373,"amlodipine 5 mg + telmisartan 80 mg tablet, 10 tablet, 1 blister (GPP)",20190216
1065394,"amlodipine 5 mg + telmisartan 80 mg tablet, 30 tablet (3 x 10 tablet blister), 1 box (GPP)",20190216
1059360,"amlodipine 5 mg + valsartan 160 mg film-coated tablet, 14 tablet, 1 blister (GPP)",20190216
1059387,"amlodipine 5 mg + valsartan 160 mg film-coated tablet, 28 tablet (2 x 14 tablet blister), 1 box (GPP)",20190216
1048570,"amlodipine 5 mg tablet, 10 tablet, 1 blister (GPP)",20190103
1140264,"amlodipine 5 mg tablet, 100 tablet (10 x 10 tablet blister), 1 box (GPP)",20200314
1048591,"amlodipine 5 mg tablet, 1000 tablet (100 x 10 tablet blister), 1 box (GPP)",20190103
1081278,"amlodipine 5 mg tablet, 30 tablet (3 x 10 tablet blister), 1 box (GPP)",20190216
1120979,"amlodipine 5 mg tablet, 500 tablet (50 x 10 tablet blister), 1 box (GPP)",20190803
1185729,"ammonia 6.75 mg/100 mL + ammonium bicarbonate 2.5 mg/100 mL inhalation vapour, solution, 30 mL bottle (GPP)",20210331
1211035,"ammonia 6.75 mg/100 mL + ammonium bicarbonate 2.5 mg/100 mL inhalation vapour, solution, 450 mL bottle (GPP)",20211202
1186112,"ammonia 6.75 mL/100 mL + ammonium bicarbonate 2.5 g/100 mL inhalation vapour, solution, 450 mL bottle (GPP)",20210418
1324333,"ammonium carbonate 20 mg/5 mL + glycyrrhiza 0.25 mL/5 mL oral solution, 60 mL bottle (GPP)",20250301
1178699,"ammonium carbonate 3.4 g/100 mL + strong ammonia solution 3.6 mL/100 mL inhalation vapour, solution, 450 mL bottle (GPP)",20210226
1185701,"ammonium carbonate 3.4 g/100 mL + strong ammonia solution 3.6 mL/100 mL inhalation vapour, solution, 60 mL bottle (GPP)",20210331
1168864,"ammonium chloride 100 mg/5 mL + diphenhydramine hydrochloride 12 mg/5 mL + sodium citrate dihydrate 50 mg/5 mL syrup, 1 x 60 mL bottle, 1 box (GPP)",20220915
1168840,"ammonium chloride 100 mg/5 mL + diphenhydramine hydrochloride 12 mg/5 mL + sodium citrate dihydrate 50 mg/5 mL syrup, 60 mL bottle (GPP)",20220915
1047303,"ammonium chloride 110 mg/5 mL + sodium citrate 125 mg/5 mL oral solution, 60 mL bottle, 1 box (GPP)",20181217
1198689,"ammonium chloride 125 mg/5 mL + chlorphenamine maleate 2 mg/5 mL syrup, 60 mL bottle (GPP)",20210813
1131928,"ammonium chloride 125 mg/5 mL + chlorphenamine maleate 2.5 mg/5 mL syrup, 60 mL bottle, 1 bottle (GPP)",20191115
1131900,"ammonium chloride 125 mg/5 mL + chlorphenamine maleate 2.5 mg/5 mL syrup, 60 mL bottle, 1 box (GPP)",20191115
1242697,"ammonium chloride 125 mg/5 mL + diphenhydramine hydrochloride 12.5 mg/5 mL + sodium citrate dihydrate 50 mg/5 mL syrup, 60 mL bottle (GPP)",20220915
1097838,"amoxicillin 1 g + clavulanic acid 200 mg powder for solution for injection/infusion, 1 vial (1 x 1 vial), 1 box (GPP)",20220303
1223793,"amoxicillin 1 g + clavulanic acid 200 mg powder for solution for injection/infusion, 1 vial (GPP)",20220303
1055922,"amoxicillin 1 g + clavulanic acid 62.5 mg prolonged-release tablet, 28 tablet (7 x 4 tablet blister), 1 box (GPP)",20190216
1055905,"amoxicillin 1 g + clavulanic acid 62.5 mg prolonged-release tablet, 4 tablet, 1 blister (GPP)",20190216
1194845,"amoxicillin 125 mg/5 mL powder for oral suspension, 1 x 60 mL bottle, 1 box (GPP)",20210715
1194821,"amoxicillin 125 mg/5 mL powder for oral suspension, 60 mL bottle (GPP)",20210715
1224349,"amoxicillin 200 mg/5 mL + clavulanic acid 28.5 mg/5 mL powder for oral suspension, 1 x 70 mL bottle, 1 box (GPP)",20220303
1224320,"amoxicillin 200 mg/5 mL + clavulanic acid 28.5 mg/5 mL powder for oral suspension, 70 mL bottle (GPP)",20220303
1224308,"amoxicillin 250 mg + clavulanic acid 125 mg film-coated tablet, 10 tablet (1 x 10 tablet blister), 1 box (GPP)",20220303
1083674,"amoxicillin 250 mg + clavulanic acid 125 mg film-coated tablet, 10 tablet, 1 blister (GPP)",20190216
1109190,"amoxicillin 250 mg + clavulanic acid 125 mg film-coated tablet, 100 tablet (10 x 10 tablet blister), 1 box (GPP)",20190411
1083690,"amoxicillin 250 mg + clavulanic acid 125 mg film-coated tablet, 20 tablet (2 x 10 tablet blister), 1 box (GPP)",20190216
1083753,"amoxicillin 250 mg + clavulanic acid 125 mg film-coated tablet, 50 tablet (5 x 10 tablet blister), 1 box (GPP)",20190216
1046879,"amoxicillin 250 mg capsule, hard, 10 capsule, 1 blister (GPP)",20181217
1107585,"amoxicillin 250 mg capsule, hard, 100 capsule (10 x 10 capsule blister), 1 box (GPP)",20190411
1155350,"amoxicillin 250 mg capsule, hard, 1000 capsule, 1 jar (GPP)",20200801
1046898,"amoxicillin 250 mg capsule, hard, 250 capsule (25 x 10 capsule blister), 1 box (GPP)",20181217
1110533,"amoxicillin 250 mg capsule, hard, 500 capsule (50 x 10 capsule blister), 1 box (GPP)",20190411
1216962,"amoxicillin 250 mg/5 mL powder for oral suspension, 1 x 60 mL bottle, 1 box (GPP)",20211202
1216943,"amoxicillin 250 mg/5 mL powder for oral suspension, 60 mL bottle (GPP)",20211202
1046378,"amoxicillin 400 mg/5 mL + clavulanic acid 57 mg/5 mL powder for oral suspension, 1 box (GPP)",20240831
1119237,"amoxicillin 400 mg/5 mL + clavulanic acid 57 mg/5 mL powder for oral suspension, 5 x 70 mL bottle, 1 box (GPP)",20190714
1046397,"amoxicillin 400 mg/5 mL + clavulanic acid 57 mg/5 mL powder for oral suspension, 50 mL bottle, 1 box (GPP)",20181217
1224365,"amoxicillin 400 mg/5 mL + clavulanic acid 57 mg/5 mL powder for oral suspension, 70 mL bottle (GPP)",20220303
1083724,"amoxicillin 500 mg + clavulanic acid 125 mg film-coated tablet, 10 tablet (1 x 10 tablet blister), 1 box (GPP)",20190216
1083846,"amoxicillin 500 mg + clavulanic acid 125 mg film-coated tablet, 10 tablet (1 x 10 tablet blister), 1 sachet (GPP)",20190216
1059523,"amoxicillin 500 mg + clavulanic acid 125 mg film-coated tablet, 10 tablet, 1 blister (GPP)",20190216
1046418,"amoxicillin 500 mg + clavulanic acid 125 mg film-coated tablet, 10 tablet, 1 strip (GPP)",20181217
1059547,"amoxicillin 500 mg + clavulanic acid 125 mg film-coated tablet, 100 tablet (10 x 10 tablet blister), 1 box (GPP)",20190216
1046439,"amoxicillin 500 mg + clavulanic acid 125 mg film-coated tablet, 100 tablet (10 x 10 tablet strip), 1 box (GPP)",20181217
1083795,"amoxicillin 500 mg + clavulanic acid 125 mg film-coated tablet, 15 tablet (5 x 3 tablet blister), 1 box (GPP)",20190216
1083776,"amoxicillin 500 mg + clavulanic acid 125 mg film-coated tablet, 3 tablet, 1 blister (GPP)",20190216
1046537,"amoxicillin 500 mg capsule, hard, 10 capsule, 1 blister (GPP)",20181217
1288127,"amoxicillin 500 mg capsule, hard, 100 capsule (10 x 10 capsule blister), 1 box (GPP)",20231118
1047168,"amoxicillin 500 mg capsule, hard, 250 capsule (25 x 10 capsule blister), 1 box (GPP)",20181217
1046559,"amoxicillin 500 mg capsule, hard, 500 capsule (50 x 10 capsule blister), 1 box (GPP)",20181217
1046571,"amoxicillin 500 mg capsule, hard, 500 capsule, 1 bottle (GPP)",20181217
1152637,"amoxicillin 500 mg capsule, hard, 500 capsule, 1 jar (GPP)",20200719
1129997,"amoxicillin 600 mg/5 mL + clavulanic acid 42.9 mg/5 mL powder for oral suspension, 1 x 70 mL bottle, 1 box (GPP)",20210715
1129966,"amoxicillin 600 mg/5 mL + clavulanic acid 42.9 mg/5 mL powder for oral suspension, 50 mL bottle, 1 box (GPP)",20191102
1194673,"amoxicillin 600 mg/5 mL + clavulanic acid 42.9 mg/5 mL powder for oral suspension, 70 mL bottle (GPP)",20210715
1224438,"amoxicillin 875 mg + clavulanic acid 125 mg film-coated tablet, 10 tablet (1 x 10 tablet blister), 1 box (GPP)",20220303
1224396,"amoxicillin 875 mg + clavulanic acid 125 mg film-coated tablet, 10 tablet, 1 blister (GPP)",20220303
1224417,"amoxicillin 875 mg + clavulanic acid 125 mg film-coated tablet, 100 tablet (10 x 10 tablet blister), 1, 100 tablet (10 x 10 tablet blister), 1 box (GPP)",20230217
1046516,"amoxicillin 875 mg + clavulanic acid 125 mg film-coated tablet, 100 tablet (25 x 4 tablet strip), 1 box (GPP)",20181217
1083822,"amoxicillin 875 mg + clavulanic acid 125 mg film-coated tablet, 12 tablet (3 x 4 tablet strip), 1 box (GPP)",20190216
1058027,"amoxicillin 875 mg + clavulanic acid 125 mg film-coated tablet, 12 tablet (6 x 2 tablet strip), 1 box (GPP)",20190216
1055882,"amoxicillin 875 mg + clavulanic acid 125 mg film-coated tablet, 14 tablet (2 x 7 tablet blister), 1 box (GPP)",20190216
1057225,"amoxicillin 875 mg + clavulanic acid 125 mg film-coated tablet, 15 tablet (5 x 3 tablet blister), 1 box (GPP)",20190216
1046456,"amoxicillin 875 mg + clavulanic acid 125 mg film-coated tablet, 2 tablet, 1 strip (GPP)",20181217
1046473,"amoxicillin 875 mg + clavulanic acid 125 mg film-coated tablet, 20 tablet (10 x 2 tablet strip), 1 box (GPP)",20181217
1057202,"amoxicillin 875 mg + clavulanic acid 125 mg film-coated tablet, 3 tablet, 1 blister (GPP)",20190216
1046494,"amoxicillin 875 mg + clavulanic acid 125 mg film-coated tablet, 4 tablet, 1 strip (GPP)",20181217
1055869,"amoxicillin 875 mg + clavulanic acid 125 mg film-coated tablet, 7 tablet, 1 blister (GPP)",20190216
1255698,"amoxicillin 875 mg + clavulanic acid 125 mg film-coated tablet, 8 tablet, 1 blister (GPP)",20230217
1058062,"amoxicillin 875 mg + clavulanic acid 125 mg orodispersible tablet, 10 tablet (5 x 2 tablet blister), 1 box (GPP)",20190216
1058043,"amoxicillin 875 mg + clavulanic acid 125 mg orodispersible tablet, 2 tablet, 1 blister (GPP)",20190216
1109922,"amoxicillin 875 mg + sulbactam 125 mg film-coated tablet, 14 tablet (2 x 7 tablet blister), 1 box (GPP)",20190411
1109905,"amoxicillin 875 mg + sulbactam 125 mg film-coated tablet, 7 tablet, 1 blister (GPP)",20190411
1156884,"amphotericin b 150 mg/100 mL eye drops, solution, 10 mL bottle (GPP)",20200801
1313209,"amphotericin b 300 mg/100 mL eye drops, suspension, 5 mL bottle (GPP)",20241102
1099067,"amphotericin b 50 mg + liposomal agent powder for solution for infusion, 1 vial, 1 box (GPP)",20190216
1099080,"amphotericin b 50 mg powder for solution for infusion, 1 vial (1 x 1 vial), 1 box (GPP)",20211202
1213490,"amphotericin b 50 mg powder for solution for infusion, 1 vial (GPP)",20211202
1097791,"ampicillin 1 g + sulbactam 500 mg powder for solution for injection, 1 vial (1 x 1 vial), 1 box (GPP)",20240530
1299627,"ampicillin 1 g + sulbactam 500 mg powder for solution for injection, 1 vial (GPP)",20240530
1097758,"ampicillin 1 g powder for solution for injection, 50 vial, 1 box (GPP)",20190216
1097817,"ampicillin 2 g + sulbactam 1 g powder for solution for injection, 1 vial (1 x 1 vial), 1 box (GPP)",20221112
1247910,"ampicillin 2 g + sulbactam 1 g powder for solution for injection, 1 vial (GPP)",20221112
1048536,"ampicillin 250 mg capsule, hard, 10 capsule, 1 blister (GPP)",20190103
1048543,"ampicillin 250 mg capsule, hard, 250 capsule (25 x 10 capsule blister), 1 box (GPP)",20190103
1247854,"ampicillin 500 mg + sulbactam 250 mg powder for solution for injection, 1 vial (1 x 1 vial), 1 box (GPP)",20221112
1247831,"ampicillin 500 mg + sulbactam 250 mg powder for solution for injection, 1 vial (GPP)",20221112
1109869,"amylmetacresol 600 mcg + ascorbic acid 100 mg + dichlorobenzyl alcohol 1.2 mg lozenge, 12 tablet, 1 blister (GPP)",20190411
1231223,"amylmetacresol 600 mcg + ascorbic acid 100 mg + dichlorobenzyl alcohol 1.2 mg lozenge, 192 tablet (24 x 8 tablet sachet), 1 box (GPP)",20220413
1109882,"amylmetacresol 600 mcg + ascorbic acid 100 mg + dichlorobenzyl alcohol 1.2 mg lozenge, 24 tablet (2 x 12 tablet blister), 1 box (GPP)",20190411
1231206,"amylmetacresol 600 mcg + ascorbic acid 100 mg + dichlorobenzyl alcohol 1.2 mg lozenge, 8 tablet, 1 sachet (GPP)",20220413
1053422,"amylmetacresol 600 mcg + dichlorobenzyl alcohol 1.2 mg lozenge, 160 lozenge (20 x 8 lozenge sachet), 1 box (GPP)",20190216
1208384,"amylmetacresol 600 mcg + dichlorobenzyl alcohol 1.2 mg lozenge, 192 lozenge (24 x 8 lozenge sachet), 1 box (GPP)",20211110
1053405,"amylmetacresol 600 mcg + dichlorobenzyl alcohol 1.2 mg lozenge, 8 lozenge, 1 sachet (GPP)",20190216
1231268,"amylmetacresol 600 mcg + dichlorobenzyl alcohol 1.2 mg lozenge, 8 tablet, 1 sachet (GPP)",20220413
1069038,"anagrelide 500 mcg capsule, hard, 100 capsule (1 x 100 capsule bottle), 1 box (GPP)",20190216
1069017,"anagrelide 500 mcg capsule, hard, 100 capsule, 1 bottle (GPP)",20190216
1107015,"anastrozole 1 mg film-coated tablet, 10 tablet, 1 blister (GPP)",20190411
1107036,"anastrozole 1 mg film-coated tablet, 100 tablet (10 x 10 tablet blister), 1 box (GPP)",20190411
1086409,"anastrozole 1 mg film-coated tablet, 14 tablet, 1 blister (GPP)",20190216
1086421,"anastrozole 1 mg film-coated tablet, 28 tablet (2 x 14 tablet blister), 1 box (GPP)",20190216
1299604,"anidulafungin 100 mg powder for solution for injection, 1 vial (1 x 1 vial), 1 box (GPP)",20240530
1299586,"anidulafungin 100 mg powder for solution for injection, 1 vial (GPP)",20240530
1286472,"anise oil 132 mL/100 mL + menthol 176 mg/100 mL + phenyl salicylate 2 g/100 mL oral suspension, 200 mL bottle (GPP)",20231013
1137716,"antazoline hydrochloride 50 mg/100 mL + tetryzoline hydrochloride 40 mg/100 mL eye drops, solution, 1 x 10 mL bottle, 1 box (GPP)",20221202
1249281,"antazoline hydrochloride 50 mg/100 mL + tetryzoline hydrochloride 40 mg/100 mL eye drops, solution, 10 mL bottle (GPP)",20221202
1137684,"antazoline hydrochloride 50 mg/100 mL + tetryzoline hydrochloride 40 mg/100 mL eye drops, solution, 5 mL bottle, 1 box (GPP)",20200213
1317040,"antazoline hydrochloride 500 mg/1 mL + tetryzoline hydrochloride 400 mg/1 mL eye drops, solution, 1 bottle, 1 box (GPP)",20241215
1317029,"antazoline hydrochloride 500 mg/1 mL + tetryzoline hydrochloride 400 mg/1 mL eye drops, solution, 5 mL bottle (GPP)",20241215
1198305,"antigen of human papillomavirus 11 40 mcg/0.5 mL + antigen of human papillomavirus 16 40 mcg/0.5 mL + antigen of human papillomavirus 18 20 mcg/0.5 mL + antigen of human papillomavirus 6 20 mcg/0.5 mL suspension for injection, 0.5 mL prefilled syr (GPP)",20210813
1198322,"antigen of human papillomavirus 11 40 mcg/0.5 mL + antigen of human papillomavirus 16 40 mcg/0.5 mL + antigen of human papillomavirus 18 20 mcg/0.5 mL + antigen of human papillomavirus 6 20 mcg/0.5 mL suspension for injection, 1 x 0.5 mL prefilled syr, 1 box (GPP)",20210813
1170429,"antigen of human papillomavirus 11 40 mcg/0.5 mL + antigen of human papillomavirus 16 60 mcg/0.5 mL + antigen of human papillomavirus 18 40 mcg/0.5 mL + antigen of human papillomavirus 31 20 mcg/0.5 mL + antigen of human papillomavirus 33 20 mcg/0.5 mL + antigen of human papillomavirus 45 20 mcg/0.5 mL + antigen of human papillomavirus 52 20 mcg/0.5 mL + antigen of human papillomavirus 58 20 mcg/0.5 mL + antigen of human papillomavirus 6 30 mcg/0.5 mL suspension for injection, 0.5 mL prefilled syr (GPP)",20201220
1170440,"antigen of human papillomavirus 11 40 mcg/0.5 mL + antigen of human papillomavirus 16 60 mcg/0.5 mL + antigen of human papillomavirus 18 40 mcg/0.5 mL + antigen of human papillomavirus 31 20 mcg/0.5 mL + antigen of human papillomavirus 33 20 mcg/0.5 mL + antigen of human papillomavirus 45 20 mcg/0.5 mL + antigen of human papillomavirus 52 20 mcg/0.5 mL + antigen of human papillomavirus 58 20 mcg/0.5 mL + antigen of human papillomavirus 6 30 mcg/0.5 mL suspension for injection, 1 x 0.5 mL prefilled syr, 1 box (GPP)",20201220
1091856,"antigen of human papillomavirus 16 20 mcg/0.5 mL + antigen of human papillomavirus 18 20 mcg/0.5 mL solution for injection, 0.5 mL prefilled syr, 1 box (GPP)",20190216
1278440,"antigen of human papillomavirus 16 40 mcg/0.5 mL + antigen of human papillomavirus 18 20 mcg/0.5 mL suspension for injection, 0.5 mL vial (GPP)",20230805
1278464,"antigen of human papillomavirus 16 40 mcg/0.5 mL + antigen of human papillomavirus 18 20 mcg/0.5 mL suspension for injection, 10 x 0.5 mL vial, 1 box (GPP)",20230805
1188788,"antimony potassium tartrate 1.2 mg/5 mL + camphorated opium tincture 0.6 mL/5 mL + glycyrrhiza 0.6 mL/5 mL oral solution, 1 x 60 mL bottle, 1 box (GPP)",20210429
1188761,"antimony potassium tartrate 1.2 mg/5 mL + camphorated opium tincture 0.6 mL/5 mL + glycyrrhiza 0.6 mL/5 mL oral solution, 60 mL bottle (GPP)",20210429
1324351,"antimony potassium tartrate 1.2 mg/5 mL + camphorated opium tincture 0.6 mL/5 mL + liquorice 0.6 mL/5 mL oral suspension, 1 x 180 mL bottle, 1 bottle (GPP)",20250313
1325528,"antimony potassium tartrate 1.2 mg/5 mL + camphorated opium tincture 0.6 mL/5 mL + liquorice 0.6 mL/5 mL oral suspension, 1 x 450 mL bottle, 1 bottle (GPP)",20250313
1325544,"antimony potassium tartrate 1.2 mg/5 mL + camphorated opium tincture 0.6 mL/5 mL + liquorice 0.6 mL/5 mL oral suspension, 1 x 60 mL bottle, 1 bottle (GPP)",20250313
1325563,"antimony potassium tartrate 1.2 mg/5 mL + camphorated opium tincture 0.6 mL/5 mL + liquorice 0.6 mL/5 mL oral suspension, 1 x 60 mL bottle, 1 box (GPP)",20250313
1130827,"apalutamide 60 mg film-coated tablet, 120 tablet (1 x 120 tablet bottle), 1 box (GPP)",20191115
1130804,"apalutamide 60 mg film-coated tablet, 120 tablet, 1 bottle (GPP)",20191115
1315614,"apixaban 2.5 mg film-coated tablet, 1 bottle, 1 box (GPP)",20241129
1110068,"apixaban 2.5 mg film-coated tablet, 10 tablet, blister (GPP)",20241005
1110081,"apixaban 2.5 mg film-coated tablet, 6 blister, 1 box (GPP)",20241005
1315596,"apixaban 2.5 mg film-coated tablet, 60 tablet, bottle (GPP)",20241129
1314991,"apixaban 5 mg film-coated tablet, 1 bottle, 1 box (GPP)",20241129
1059122,"apixaban 5 mg film-coated tablet, 10 tablet, 1 blister (GPP)",20190216
1059146,"apixaban 5 mg film-coated tablet, 60 tablet (6 x 10 tablet blister), 1 box (GPP)",20190216
1314970,"apixaban 5 mg film-coated tablet, 60 tablet, bottle (GPP)",20241129
1197183,"apomorphine hydrochloride 50 mg/5 mL solution for injection, 5 mL ampoule (GPP)",20210813
1051344,"apomorphine hydrochloride 50 mg/5 mL solution for injection, 5 x 5 mL ampoule, 1 box (GPP)",20210813
1059228,"aprepitant 125 mg capsule, hard, 1 capsule (1 x 1 capsule blister), 1 box (GPP)",20190216
1059200,"aprepitant 125 mg capsule, hard, 1 capsule, 1 blister (GPP)",20190216
1059263,"aprepitant 80 mg capsule, hard, 1 capsule (1 x 1 capsule blister), 1 box (GPP)",20190216
1059244,"aprepitant 80 mg capsule, hard, 1 capsule, 1 blister (GPP)",20190216
1253519,"arginine 10 g/100 mL powder for oral solution, 100 mL bottle (GPP)",20230203
1088927,"aripiprazole 10 mg film-coated tablet, 10 tablet, 1 blister (GPP)",20190216
1088943,"aripiprazole 10 mg film-coated tablet, 30 tablet (3 x 10 tablet blister), 1 box (GPP)",20190216
1088728,"aripiprazole 10 mg orodispersible tablet, 10 tablet, 1 blister (GPP)",20190216
1088744,"aripiprazole 10 mg orodispersible tablet, 30 tablet (3 x 10 tablet blister), 1 box (GPP)",20190216
1088841,"aripiprazole 10 mg tablet, 10 tablet, 1 blister (GPP)",20190216
1088860,"aripiprazole 10 mg tablet, 30 tablet (3 x 10 tablet blister), 1 box (GPP)",20190216
1088962,"aripiprazole 15 mg film-coated tablet, 10 tablet, 1 blister (GPP)",20190216
1088989,"aripiprazole 15 mg film-coated tablet, 30 tablet (3 x 10 tablet blister), 1 box (GPP)",20190216
1088763,"aripiprazole 15 mg orodispersible tablet, 10 tablet, 1 blister (GPP)",20190216
1088785,"aripiprazole 15 mg orodispersible tablet, 30 tablet (3 x 10 tablet blister), 1 box (GPP)",20190216
1088887,"aripiprazole 15 mg tablet, 10 tablet, 1 blister (GPP)",20190216
1088904,"aripiprazole 15 mg tablet, 30 tablet (3 x 10 tablet blister), 1 box (GPP)",20190216
1088802,"aripiprazole 2 mg tablet, 10 tablet, 1 blister (GPP)",20190216
1088825,"aripiprazole 2 mg tablet, 30 tablet (3 x 10 tablet blister), 1 box (GPP)",20190216
1089000,"aripiprazole 5 mg film-coated tablet, 10 tablet, 1 blister (GPP)",20190216
1089028,"aripiprazole 5 mg film-coated tablet, 30 tablet (3 x 10 tablet blister), 1 box (GPP)",20190216
1097292,"aripiprazole 5 mg tablet, 10 tablet, 1 blister (GPP)",20190216
1097318,"aripiprazole 5 mg tablet, 30 tablet (3 x 10 tablet blister), 1 box (GPP)",20190216
1161713,"armodafinil 150 mg tablet, 30 tablet (1 x 30 tablet bottle), 1 box (GPP)",20200920
1161692,"armodafinil 150 mg tablet, 30 tablet, 1 bottle (GPP)",20200920
1161807,"armodafinil 250 mg tablet, 30 tablet (1 x 30 tablet bottle), 1 box (GPP)",20200920
1161784,"armodafinil 250 mg tablet, 30 tablet, 1 bottle (GPP)",20200920
1090499,"artesunate 50 mg tablet, 12 tablet (1 x 12 tablet blister), 1 box (GPP)",20190216
1090475,"artesunate 50 mg tablet, 12 tablet, 1 blister (GPP)",20190216
1120352,"artesunate 60 mg + pyronaridine tetraphosphate 180 mg film-coated tablet, 9 tablet, 1 blister (GPP)",20190714
1120375,"artesunate 60 mg + pyronaridine tetraphosphate 180 mg film-coated tablet, 90 tablet (10 x 9 tablet blister), 1 box (GPP)",20190714
1099843,"artesunate 60 mg powder and solvent for solution for injection, 1 vial (1 x 1 vial), 1 box (GPP)",20211202
1211057,"artesunate 60 mg powder and solvent for solution for injection, 1 vial (GPP)",20211202
1286832,"AS01B adjuvant 50 mcg/0.5 mL suspension for suspension for injection [1 x 0.5 mL vial] (&) recombinant varicella zoster glycoprotein E vaccine 50 mcg powder and suspension for suspension for injection [1 x 1vial], 1 vial, 1 box (GPP)",20241005
1309124,"AS01B adjuvant 50 mcg/0.5 mL suspension for suspension for injection, 0.5 mL vial (GPP)",20241005
1305455,"AS01E adjuvant 50 mcg/0.5 mL suspension for suspension for injection [1 x 0.5 mL vial] (&) recombinant respiratory syncytial virus (RSV) vaccine 120 mcg powder and suspension for suspension for injection [1 x 1vial], 2 vial, 1 box (GPP)",20241018
1305440,"AS01E adjuvant 50 mcg/0.5 mL suspension for suspension for injection, 0.5 mL vial (GPP)",20241018
1185406,"asafoetida 20 g/100 mL cutaneous solution, 1 x 120 mL bottle, 1 box (GPP)",20210331
1167714,"asafoetida 20 g/100 mL cutaneous solution, 1 x 60 mL bottle, 1 box (GPP)",20201202
1185389,"asafoetida 20 g/100 mL cutaneous solution, 120 mL bottle (GPP)",20210331
1183588,"asafoetida 20 g/100 mL cutaneous solution, 15 mL bottle (GPP)",20210331
1183561,"asafoetida 20 g/100 mL cutaneous solution, 30 mL bottle (GPP)",20210331
1185423,"asafoetida 20 g/100 mL cutaneous solution, 450 mL bottle (GPP)",20210331
1167693,"asafoetida 20 g/100 mL cutaneous solution, 60 mL bottle (GPP)",20201202
1167751,"asafoetida 20 g/100 mL cutaneous solution, 60 mL roll-on container (GPP)",20201202
1235168,"ascorbic acid 100 mg coated tablet, 1000 tablet, 1 bottle (GPP)",20220514
1235181,"ascorbic acid 100 mg coated tablet, 1000 tablet, 1 jar (GPP)",20220514
1276234,"ascorbic acid 100 mg tablet, 100 tablet, 1 bottle (GPP)",20230715
1184962,"ascorbic acid 100 mg tablet, 1000 tablet (50 x 20 tablet sachet), 1, 1000 tablet (50 x 20 tablet sachet), 1 box (GPP)",20221112
1050047,"ascorbic acid 100 mg tablet, 1000 tablet, 1 bottle (GPP)",20190120
1181689,"ascorbic acid 100 mg tablet, 1000 tablet, 1 jar (GPP)",20210312
1184943,"ascorbic acid 100 mg tablet, 20 tablet, 1 sachet (GPP)",20210331
1238033,"ascorbic acid 15 mg + cholecalciferol 300 iu + nicotinamide 7.5 mg + retinyl acetate 2500 iu + riboflavin 500 mcg + thiamine mononitrate 1 mg coated tablet, 1000 tablet, 1 bottle (GPP)",20220618
1238014,"ascorbic acid 15 mg + cholecalciferol 300 iu + nicotinamide 7.5 mg + retinyl acetate 2500 iu + riboflavin 500 mcg + thiamine mononitrate 1 mg coated tablet, 150 tablet, 1 bottle (GPP)",20220618
1199446,"ascorbic acid 15 mg + colecalciferol 200 iu + nicotinamide 7.5 mg + retinol 2500 iu + riboflavin 1 mg + thiamine hydrochloride 1 mg coated tablet, 1000 tablet, 1 jar (GPP)",20210813
1130652,"ascorbic acid 15 mg + colecalciferol 300 iu + nicotinamide 7.5 mg + retinol 2500 iu + riboflavin 500 mcg + thiamine 1 mg coated tablet, 1000 tablet, 1 jar (GPP)",20191115
1316532,"ascorbic acid 15 mg + colecalciferol 300 iu + nicotinamide 7.5 mg + retinol 2500 iu + riboflavin 500 mcg + thiamine 1 mg film-coated tablet, 1000 tablet, bottle (GPP)",20241129
1237276,"ascorbic acid 15 mg + colecalciferol 400 iu + cyanocobalamin 10 mcg + nicotinamide 10 mg + pyridoxine hydrochloride 2 mg + retinol 5000 iu + riboflavin 2 mg + thiamine hydrochloride 5 mg coated tablet, 1000 tablet, 1 jar (GPP)",20220602
1220200,"ascorbic acid 15 mg + ergocalciferol 200 iu + niacinamide 7.5 mg + pyridoxine hydrochloride 500 mcg + retinol 2500 iu + riboflavin 1 mg + thiamine hydrochloride 1 mg coated tablet, 1000 tablet, 1 jar (GPP)",20211230
1206314,"ascorbic acid 20 mg + calcium phosphate 100 mg + cyanocobalamin 5 mcg + ferrous fumarate 200 mg + folic acid 100 mcg + nicotinamide 10 mg + riboflavin 2 mg + thiamine 2 mg film-coated tablet, 1000 tablet, 1 bottle (GPP)",20211029
1046814,"ascorbic acid 250 mg + copper 1 mg + tocopherol 200 iu + zinc 40 mg film-coated tablet, 30 tablet, 1 bottle (GPP)",20181217
1206071,"ascorbic acid 250 mg + sodium ascorbate 281.25 mg film-coated tablet, 10 tablet, 1 blister (GPP)",20211029
1206092,"ascorbic acid 250 mg + sodium ascorbate 281.25 mg film-coated tablet, 30 tablet (3 x 10 tablet blister), 1 box (GPP)",20211029
1184904,"ascorbic acid 250 mg + sodium ascorbate 281.25 mg tablet, 15 tablet, 1 tube (GPP)",20210331
1184927,"ascorbic acid 250 mg + sodium ascorbate 281.25 mg tablet, 180 tablet (12 x 15 tablet tube), 1 box (GPP)",20210331
1109334,"ascorbic acid 30 mg + calcium pantothenate 3 mg + cyanocobalamin 1 mcg + d-alpha tocopherol 200 mcg + ergocalciferol 400 iu + folic acid 100 mcg + nicotinamide 10 mg + pyridoxine hydrochloride 1 mg + riboflavin 2 mg + thiamine mononitrate 5 mg + vitamin A acetate 5000 unit coated tablet, 1000 tablet, 1 bottle (GPP)",20190411
1182575,"ascorbic acid 300 mg + calcium d-pantothenate 15 mg + cyanocobalamin 25 mcg + d-alpha tocopherol 30 iu + folic acid 200 mcg + niacinamide 25 mg + pyridoxine hydrochloride 10 mg + riboflavin 15 mg + thiamine mononitrate 10 mg + zinc sulfate 80 mg film-coated tablet, 10 tablet, 1 blister (GPP)",20210331
1108021,"ascorbic acid 300 mg + calcium d-pantothenate 15 mg + cyanocobalamin 25 mcg + d-alpha tocopherol 30 iu + folic acid 200 mcg + niacinamide 25 mg + pyridoxine hydrochloride 10 mg + riboflavin 15 mg + thiamine mononitrate 10 mg + zinc sulfate 80 mg film-coated tablet, 30 tablet, 1 bottle (GPP)",20190411
1182599,"ascorbic acid 300 mg + calcium d-pantothenate 15 mg + cyanocobalamin 25 mcg + d-alpha tocopherol 30 iu + folic acid 200 mcg + niacinamide 25 mg + pyridoxine hydrochloride 10 mg + riboflavin 15 mg + thiamine mononitrate 10 mg + zinc sulfate 80 mg film-coated tablet, 60 tablet (6 x 10 tablet blister), 1 box (GPP)",20210331
1251517,"ascorbic acid 50 mg tablet, 1000 tablet, 1 jar (GPP)",20230113
1251555,"ascorbic acid 50 mg tablet, 20 tablet, 1 sachet (GPP)",20230113
1251572,"ascorbic acid 50 mg tablet, 400 tablet (20 x 20 tablet sachet), 1 box (GPP)",20230113
1251538,"ascorbic acid 50 mg tablet, 50000 tablet (50 x 1000 tablet sachet), 1 box (GPP)",20230113
1218874,"ascorbic acid 500 mg film-coated tablet, 100 tablet (1 x 100 tablet bottle), 1 box (GPP)",20211202
1218857,"ascorbic acid 500 mg film-coated tablet, 100 tablet, 1 bottle (GPP)",20211202
1157069,"ascorbic acid 500 mg prolonged-release capsule, hard, 10 capsule, 1 strip (GPP)",20200801
1157082,"ascorbic acid 500 mg prolonged-release capsule, hard, 50 capsule (5 x 10 capsule strip), 1 box (GPP)",20200801
1144657,"ascorbic acid 500 mg tablet, 100 tablet, bottle (GPP)",20241129
1050006,"ascorbic acid 500 mg tablet, 500 tablet, 1 bottle (GPP)",20190120
1218680,"ascorbic acid 500 mg/2 mL solution for injection, 2 mL ampoule (GPP)",20211202
1110364,"ascorbic acid 500 mg/2 mL solution for injection, 50 x 2 mL ampoule, 1 box (GPP)",20211202
1050973,"ascorbic acid 750 mg tablet, 120 tablet (4 x 30 tablet blister), 1 box (GPP)",20190120
1050939,"ascorbic acid 750 mg tablet, 30 tablet, 1 blister (GPP)",20190120
1050956,"ascorbic acid 750 mg tablet, 60 tablet (2 x 30 tablet blister), 1 box (GPP)",20190120
1186702,"asparaginase 10000 iu powder for solution for infusion, 1 vial (1 x 1 vial), 1 box (GPP)",20240516
1186681,"asparaginase 10000 iu powder for solution for infusion, 1 vial (GPP)",20240516
1057148,"aspirin 100 mg tablet, 30 tablet (1 x 30 tablet blister), 1 box (GPP)",20190216
1057124,"aspirin 100 mg tablet, 30 tablet, 1 blister (GPP)",20190216
1055265,"aspirin 25 mg + dipyridamole 200 mg prolonged-release capsule, hard, 60 capsule (1 x 60 capsule bottle), 1 box (GPP)",20190216
1055249,"aspirin 25 mg + dipyridamole 200 mg prolonged-release capsule, hard, 60 capsule, 1 bottle (GPP)",20190216
1087100,"aspirin 300 mg film-coated tablet, 10 tablet, 1 blister (GPP)",20190216
1087128,"aspirin 300 mg film-coated tablet, 500 tablet (50 x 10 tablet blister), 1 box (GPP)",20190216
1071119,"aspirin 300 mg gastro-resistant tablet, 10 tablet, 1 strip (GPP)",20190216
1107822,"aspirin 300 mg gastro-resistant tablet, 1000 tablet, 1 bottle (GPP)",20190411
1071135,"aspirin 300 mg gastro-resistant tablet, 500 tablet (50 x 10 tablet strip), 1 box (GPP)",20190216
1207512,"aspirin 300 mg gastro-resistant tablet, 500 tablet, 1 jar (GPP)",20211110
1080352,"aspirin 75 mg + clopidogrel 75 mg film-coated tablet, 10 tablet, 1 blister (GPP)",20190216
1080375,"aspirin 75 mg + clopidogrel 75 mg film-coated tablet, 30 tablet (3 x 10 tablet blister), 1 box (GPP)",20190216
1056085,"aspirin 81 mg gastro-resistant tablet, 10 tablet, 1 strip (GPP)",20190216
1056102,"aspirin 81 mg gastro-resistant tablet, 1000 tablet (100 x 10 tablet strip), 1 box (GPP)",20190216
1204213,"aspirin 81 mg tablet, 10 tablet, 1 strip (GPP)",20211014
1204232,"aspirin 81 mg tablet, 1000 tablet (100 x 10 tablet strip), 1 box (GPP)",20211014
1107805,"aspirin 81 mg tablet, 1000 tablet, 1 bottle (GPP)",20190411
1186154,"atazanavir 200 mg capsule, hard, 6 capsule, 1 blister (GPP)",20210418
1084652,"atazanavir 200 mg capsule, hard, 60 capsule (1 x 60 capsule bottle), 1 box (GPP)",20190216
1186177,"atazanavir 200 mg capsule, hard, 60 capsule (10 x 6 capsule blister), 1 box (GPP)",20210418
1084634,"atazanavir 200 mg capsule, hard, 60 capsule, 1 bottle (GPP)",20190216
1063932,"atazanavir 300 mg capsule, hard, 30 capsule (1 x 30 capsule bottle), 1 box (GPP)",20190216
1186235,"atazanavir 300 mg capsule, hard, 30 capsule (5 x 6 capsule blister), 1 box (GPP)",20210418
1063913,"atazanavir 300 mg capsule, hard, 30 capsule, 1 bottle (GPP)",20190216
1186219,"atazanavir 300 mg capsule, hard, 6 capsule, 1 blister (GPP)",20210418
1063276,"atenolol 100 mg film-coated tablet, 10 tablet, 1 blister (GPP)",20190216
1193176,"atenolol 100 mg film-coated tablet, 100 tablet (10 x 10 tablet blister), 1 box (GPP)",20210703
1063295,"atenolol 100 mg film-coated tablet, 500 tablet (50 x 10 tablet blister), 1 box (GPP)",20190216
1265907,"atenolol 2 mg/1 mL oral suspension, 25 mL bottle (GPP)",20230617
1063314,"atenolol 25 mg film-coated tablet, 10 tablet, 1 blister (GPP)",20190216
1249748,"atenolol 25 mg film-coated tablet, 100 tablet (10 x 10 tablet blister), 1 box (GPP)",20221202
1063333,"atenolol 25 mg film-coated tablet, 500 tablet (50 x 10 tablet blister), 1 box (GPP)",20190216
1063351,"atenolol 50 mg film-coated tablet, 10 tablet, 1 blister (GPP)",20190216
1216326,"atenolol 50 mg film-coated tablet, 100 tablet (10 x 10 tablet blister), 1 box (GPP)",20211202
1063379,"atenolol 50 mg film-coated tablet, 500 tablet (50 x 10 tablet blister), 1 box (GPP)",20190216
1282541,"atezolizumab 1.2 g/20 mL concentrate for solution for infusion, 1 x 20 mL vial, 1 box (GPP)",20230915
1282525,"atezolizumab 1.2 g/20 mL concentrate for solution for infusion, 20 mL vial (GPP)",20230915
1307197,"atezolizumab 1.875 g/15 mL solution for injection, 1 box (GPP)",20240831
1307178,"atezolizumab 1.875 g/15 mL solution for injection, 15 mL vial (GPP)",20240831
1121733,"atezolizumab 840 mg/14 mL concentrate for solution for infusion, 14 mL vial, 1 box (GPP)",20190803
1089909,"atomoxetine 10 mg capsule, hard, 14 capsule, 1 blister (GPP)",20190216
1089921,"atomoxetine 10 mg capsule, hard, 28 capsule (2 x 14 capsule blister), 1 box (GPP)",20190216
1089945,"atomoxetine 18 mg capsule, hard, 14 capsule, 1 blister (GPP)",20190216
1089966,"atomoxetine 18 mg capsule, hard, 28 capsule (2 x 14 capsule blister), 1 box (GPP)",20190216
1089984,"atomoxetine 25 mg capsule, hard, 14 capsule, 1 blister (GPP)",20190216
1090009,"atomoxetine 25 mg capsule, hard, 28 capsule (2 x 14 capsule blister), 1 box (GPP)",20190216
1090021,"atomoxetine 40 mg capsule, hard, 14 capsule, 1 blister (GPP)",20190216
1090045,"atomoxetine 40 mg capsule, hard, 28 capsule (2 x 14 capsule blister), 1 box (GPP)",20190216
1090084,"atomoxetine 60 mg capsule, hard, 28 capsule (4 x 7 capsule blister), 1 box (GPP)",20190216
1090066,"atomoxetine 60 mg capsule, hard, 7 capsule, 1 blister (GPP)",20190216
1119608,"atorvastatin 10 mg + ezetimibe 10 mg film-coated tablet, 10 tablet, 1 blister (GPP)",20190714
1119620,"atorvastatin 10 mg + ezetimibe 10 mg film-coated tablet, 30 tablet (3 x 10 tablet blister), 1 box (GPP)",20190714
1044470,"atorvastatin 10 mg film-coated tablet, 10 tablet blister (GPP)",20240714
1061251,"atorvastatin 10 mg film-coated tablet, 100 tablet (10 x 10 tablet blister), 1 box (GPP)",20190216
1044491,"atorvastatin 10 mg film-coated tablet, 30 tablet (3 x 10 tablet blister), 1 box (GPP)",20181216
1245725,"atorvastatin 20 mg + ezetimibe 10 mg film-coated tablet, 10 tablet, 1 blister (GPP)",20221104
1245741,"atorvastatin 20 mg + ezetimibe 10 mg film-coated tablet, 30 tablet (3 x 10 tablet blister), 1 box (GPP)",20221104
1055807,"atorvastatin 20 mg film-coated tablet, 10 blister, 1 box (GPP)",20250313
1044539,"atorvastatin 20 mg film-coated tablet, 10 tablet, 1 blister (GPP)",20250313
1044556,"atorvastatin 20 mg film-coated tablet, 3 blister, 1 box (GPP)",20250313
1245804,"atorvastatin 40 mg + ezetimibe 10 mg film-coated tablet, 10 tablet, 1 blister (GPP)",20221104
1245827,"atorvastatin 40 mg + ezetimibe 10 mg film-coated tablet, 30 tablet (3 x 10 tablet blister), 1 box (GPP)",20221104
1044594,"atorvastatin 40 mg film-coated tablet, 10 tablet, 1 blister (GPP)",20181216
1132981,"atorvastatin 40 mg film-coated tablet, 100 tablet (10 x 10 tablet blister), 1 box (GPP)",20191127
1044616,"atorvastatin 40 mg film-coated tablet, 3 blister, 1 box (GPP)",20250301
1044659,"atorvastatin 80 mg film-coated tablet, 10 tablet, 1 blister (GPP)",20181216
1211116,"atorvastatin 80 mg film-coated tablet, 100 tablet (10 x 10 tablet blister), 1 box (GPP)",20211202
1044671,"atorvastatin 80 mg film-coated tablet, 30 tablet (3 x 10 tablet blister), 1 box (GPP)",20181216
1234030,"atosiban 37.5 mg/5 mL concentrate for solution for infusion, 1 x 5 mL vial, 1 box (GPP)",20220428
1234011,"atosiban 37.5 mg/5 mL concentrate for solution for infusion, 5 mL vial (GPP)",20220428
1314700,"atracurium besilate 25 mg/2.5 mL solution for injection/infusion, 2.5 mL ampoule (GPP)",20241117
1099804,"atracurium besilate 25 mg/2.5 mL solution for injection/infusion, 5 ampoule, 1 box (GPP)",20241117
1314744,"atracurium besilate 50 mg/5 mL solution for injection/infusion, 5 ampoule, 1 box (GPP)",20241117
1314728,"atracurium besilate 50 mg/5 mL solution for injection/infusion, 5 mL ampoule (GPP)",20241117
1320842,"atropine sulfate 1 g/100 mL eye drops, solution, 0.5 mL unit dose (GPP)",20250118
1224911,"atropine sulfate 1 g/100 mL eye drops, solution, 1 x 5 mL bottle, 1 box (GPP)",20220303
1320861,"atropine sulfate 1 g/100 mL eye drops, solution, 30 unit dose, 1 box (GPP)",20250118
1224897,"atropine sulfate 1 g/100 mL eye drops, solution, 5 mL bottle (GPP)",20220303
1129295,"atropine sulfate 1 mg/1 mL solution for injection, 50 x 1 mL ampoule, 1 box (GPP)",20191019
1320959,"atropine sulfate 10 mg/100 mL eye drops, solution, 0.3 mL unit dose (GPP)",20250118
1157677,"atropine sulfate 10 mg/100 mL eye drops, solution, 10 mL bottle (GPP)",20200815
1320971,"atropine sulfate 10 mg/100 mL eye drops, solution, 30 unit dose, 1 box (GPP)",20250118
1322277,"atropine sulfate 10 mg/100 mL eye drops, solution, 5 mL bottle (GPP)",20250201
1265976,"atropine sulfate 25 mg/100 mL ear/eye drops, solution, 10 mL bottle (GPP)",20230617
1266025,"atropine sulfate 500 mg/100 mL eye drops, solution, 10 mL bottle (GPP)",20230617
1211137,"atropine sulfate 600 mcg/1 mL solution for injection, 1 mL ampoule (GPP)",20211202
1077672,"atropine sulfate 600 mcg/1 mL solution for injection, 50 x 1 mL ampoule, 1 box (GPP)",20211202
1258420,"avibactam 500 mcg + ceftazidime 2 g powder for concentrate for solution for infusion, 1 vial (GPP)",20230316
1258449,"avibactam 500 mcg + ceftazidime 2 g powder for concentrate for solution for infusion, 10 vial (10 x 1 vial), 1 box (GPP)",20230316
1232150,"avibactam 500 mg + ceftazidime 2 g powder for concentrate for solution for infusion, 1 vial (GPP)",20220413
1133620,"avibactam 500 mg + ceftazidime 2 g powder for concentrate for solution for infusion, 10 vial (10 x 1 vial), 1 box (GPP)",20220413
1086076,"axitinib 1 mg film-coated tablet, 14 tablet (1 x 14 tablet blister), 1 box (GPP)",20190216
1086053,"axitinib 1 mg film-coated tablet, 14 tablet, 1 blister (GPP)",20190216
1086114,"axitinib 5 mg film-coated tablet, 14 tablet (1 x 14 tablet blister), 1 box (GPP)",20190216
1086095,"axitinib 5 mg film-coated tablet, 14 tablet, 1 blister (GPP)",20190216
1044174,"azacitidine 100 mg powder for suspension for injection, 1 vial (1 x 1 vial), 1 box (GPP)",20210418
1186257,"azacitidine 100 mg powder for suspension for injection, 1 vial (GPP)",20210418
1293528,"azacitidine 200 mg film-coated tablet, 7 tablet (1 x 7 tablet blister), 1 box (GPP)",20240313
1293500,"azacitidine 200 mg film-coated tablet, 7 tablet blister (GPP)",20240313
1293619,"azacitidine 300 mg film-coated tablet, 7 tablet (1 x 7 tablet blister), 1 box (GPP)",20240313
1293592,"azacitidine 300 mg film-coated tablet, 7 tablet blister (GPP)",20240313
1069778,"azathioprine 50 mg film-coated tablet, 10 blister, 1 box (GPP)",20240913
1069750,"azathioprine 50 mg film-coated tablet, 10 tablet, blister (GPP)",20240913
1069811,"azathioprine 50 mg film-coated tablet, 100 tablet (4 x 25 tablet blister), 1 box (GPP)",20190216
1069797,"azathioprine 50 mg film-coated tablet, 25 tablet, 1 blister (GPP)",20190216
1107949,"azathioprine 50 mg tablet, 10 tablet, 1 blister (GPP)",20190411
1107965,"azathioprine 50 mg tablet, 30 tablet (3 x 10 tablet blister), 1 box (GPP)",20190411
1134922,"azelaic acid 20 g/100 g cream, 1 x 30 g tube, 1 box (GPP)",20210211
1176499,"azelaic acid 20 g/100 g cream, 30 g tube (GPP)",20210211
1272503,"azelastine hydrochloride 137 mcg/1 actuation + fluticasone propionate 50 mcg/1 actuation nasal spray, suspension, 1 x 120 actuation bottle, 1 box (GPP)",20230701
1272485,"azelastine hydrochloride 137 mcg/1 actuation + fluticasone propionate 50 mcg/1 actuation nasal spray, suspension, 120 actuation bottle (GPP)",20230701
1123898,"azilsartan medoxomil 40 mg + chlortalidone 12.5 mg film-coated tablet, 14 tablet, 1 blister (GPP)",20190829
1123912,"azilsartan medoxomil 40 mg + chlortalidone 12.5 mg film-coated tablet, 2 blister, 1 box (GPP)",20250215
1058983,"azilsartan medoxomil 40 mg + chlortalidone 12.5 mg film-coated tablet, 28 tablet (4 x 7 tablet blister), 1 box (GPP)",20190216
1058965,"azilsartan medoxomil 40 mg + chlortalidone 12.5 mg film-coated tablet, 7 tablet, 1 blister (GPP)",20190216
1118332,"azilsartan medoxomil 40 mg tablet, 14 tablet, 1 blister (GPP)",20190628
1118350,"azilsartan medoxomil 40 mg tablet, 2 blister, 1 box (GPP)",20250215
1058908,"azilsartan medoxomil 40 mg tablet, 28 tablet (4 x 7 tablet blister), 1 box (GPP)",20190216
1058880,"azilsartan medoxomil 40 mg tablet, 7 tablet, 1 blister (GPP)",20190216
1123833,"azilsartan medoxomil 80 mg tablet, 14 tablet, 1 blister (GPP)",20190829
1123851,"azilsartan medoxomil 80 mg tablet, 2 blister, 1 box (GPP)",20250215
1058949,"azilsartan medoxomil 80 mg tablet, 28 tablet (4 x 7 tablet blister), 1 box (GPP)",20190216
1058920,"azilsartan medoxomil 80 mg tablet, 7 tablet, 1 blister (GPP)",20190216
1213230,"azithromycin 100 mg/5 mL powder for oral suspension, 1 x 15 mL bottle, 1 box (GPP)",20211202
1213211,"azithromycin 100 mg/5 mL powder for oral suspension, 15 mL bottle (GPP)",20211202
1101438,"azithromycin 200 mg/5 mL powder for oral suspension, 1 x 15 mL bottle, 1 box (GPP)",20211202
1211163,"azithromycin 200 mg/5 mL powder for oral suspension, 15 mL bottle (GPP)",20211202
1084316,"azithromycin 250 mg capsule, hard, 6 capsule (1 x 6 capsule blister), 1 box (GPP)",20190216
1059568,"azithromycin 250 mg capsule, hard, 6 capsule, 1 blister (GPP)",20190216
1059581,"azithromycin 250 mg capsule, hard, 60 capsule (10 x 6 capsule blister), 1 box (GPP)",20190216
1101396,"azithromycin 250 mg film-coated tablet, 6 tablet (1 x 6 tablet blister), 1 box (GPP)",20190315
1101377,"azithromycin 250 mg film-coated tablet, 6 tablet blister (GPP)",20240615
1099014,"azithromycin 500 mg powder for solution for infusion, 1 vial (1 x 1 vial), 1 box (GPP)",20220303
1223549,"azithromycin 500 mg powder for solution for infusion, 1 vial (GPP)",20220303
1104863,"bacillus of calmette and guerin, live attenuated 200000000 cfu powder and solvent for suspension for injection, 1 vial, 1 box (GPP)",20190331
1070615,"baclofen 10 mg tablet, 10 tablet, 1 blister (GPP)",20190216
1178891,"baclofen 10 mg tablet, 100 tablet (10 x 10 tablet blister), 1 box (GPP)",20210226
1070636,"baclofen 10 mg tablet, 200 tablet (20 x 10 tablet blister), 1 box (GPP)",20190216
1236107,"baclofen 10 mg tablet, 50 tablet (5 x 10 tablet blister), 1 box (GPP)",20220514
1156953,"baclofen 2 mg/1 mL oral suspension, 30 mL bottle (GPP)",20200801
1048042,"bacterial lysate 50 mg sublingual tablet, 10 tablet (1 x 10 tablet blister), 1 box (GPP)",20181217
1048026,"bacterial lysate 50 mg sublingual tablet, 10 tablet, 1 blister (GPP)",20181217
1122078,"baloxavir marboxil 20 mg film-coated tablet, 2 tablet (1 x 2 tablet blister), 1 box (GPP)",20190803
1122050,"baloxavir marboxil 20 mg film-coated tablet, 2 tablet, 1 blister (GPP)",20190803
1090793,"bambuterol hydrochloride 10 mg tablet, 10 tablet, 1 blister (GPP)",20190216
1090819,"bambuterol hydrochloride 10 mg tablet, 30 tablet (3 x 10 tablet blister), 1 box (GPP)",20190216
1113020,"baricitinib 2 mg film-coated tablet, 28 tablet (4 x 7 tablet blister), 1 box (GPP)",20190516
1113008,"baricitinib 2 mg film-coated tablet, 7 tablet, 1 blister (GPP)",20190516
1113110,"baricitinib 4 mg film-coated tablet, 28 tablet (4 x 7 tablet blister), 1 box (GPP)",20190516
1113096,"baricitinib 4 mg film-coated tablet, 7 tablet, 1 blister (GPP)",20190516
1211214,"barium sulfate 30 g/100 mL powder for oral suspension, 20 mL bottle (GPP)",20211202
1112246,"barium sulfate 30 g/100 mL powder for oral suspension, 3 x 20 mL bottle, 1 box (GPP)",20211202
1227328,"basiliximab 20 mg powder for solution for injection, 1 vial (1 x 1 vial), 1 box (GPP)",20220316
1227300,"basiliximab 20 mg powder for solution for injection, 1 vial (GPP)",20220316
1206457,"BDDE-crosslinked sodium hyaluronate 60 mg/3 mL gel for injection, 1 x 3 mL prefilled syr, 1 box (GPP)",20211029
1206435,"BDDE-crosslinked sodium hyaluronate 60 mg/3 mL gel for injection, 3 mL prefilled syr (GPP)",20211029
1154731,"beclometasone dipropionate 50 mcg/1 dose nasal spray, suspension, 1 x 200 dose bottle, 1 box (GPP)",20200803
1154712,"beclometasone dipropionate 50 mcg/1 dose nasal spray, suspension, 200 dose bottle (GPP)",20200803
1136642,"bedaquiline 100 mg tablet, 188 tablet (1 x 188 tablet bottle), 1 box (GPP)",20200213
1136626,"bedaquiline 100 mg tablet, 188 tablet, bottle (GPP)",20240802
1087185,"belladonna dry extract 10 mg + ergotamine tartrate 300 mcg + phenobarbitone 20 mg tablet, 10 tablet, 1 blister (GPP)",20190216
1087205,"belladonna dry extract 10 mg + ergotamine tartrate 300 mcg + phenobarbitone 20 mg tablet, 500 tablet (50 x 10 tablet blister), 1 box (GPP)",20190216
1121590,"bemiparin sodium 10000 iu/0.4 mL solution for injection, 2 x 0.4 mL prefilled syr, 1 box (GPP)",20210129
1172788,"bemiparin sodium 2500 iu/0.2 mL solution for injection, 0.2 mL prefilled syr (GPP)",20210129
1172800,"bemiparin sodium 2500 iu/0.2 mL solution for injection, 2 x 0.2 mL prefilled syr, 1 box (GPP)",20210129
1198461,"bemiparin sodium 3500 iu/0.2 mL solution for injection, 0.2 mL prefilled syr (GPP)",20210813
1121382,"bemiparin sodium 3500 iu/0.2 mL solution for injection, 2 x 0.2 mL prefilled syr, 1 box (GPP)",20210813
1121459,"bemiparin sodium 5000 iu/0.2 mL solution for injection, 2 x 0.2 mL prefilled syr, 1 box (GPP)",20210129
1198442,"bemiparin sodium 7500 iu/0.3 mL solution for injection, 0.3 mL prefilled syr (GPP)",20210813
1121526,"bemiparin sodium 7500 iu/0.3 mL solution for injection, 2 x 0.3 mL prefilled syr, 1 box (GPP)",20210813
1307289,"bempedoic acid 180 mg + ezetimibe 10 mg film-coated tablet, 1 box (GPP)",20240831
1307262,"bempedoic acid 180 mg + ezetimibe 10 mg film-coated tablet, 10 tablet, blister (GPP)",20240831
1305948,"bempedoic acid 180 mg film-coated tablet, 1 box (GPP)",20240831
1305924,"bempedoic acid 180 mg film-coated tablet, 10 tablet, blister (GPP)",20240831
1229763,"bendamustine hydrochloride 100 mg powder for concentrate for solution for infusion, 1 vial (1 x 1 vial), 1 box (GPP)",20220330
1229744,"bendamustine hydrochloride 100 mg powder for concentrate for solution for infusion, 1 vial (GPP)",20220330
1229728,"bendamustine hydrochloride 25 mg powder for concentrate for solution for infusion, 1 vial (1 x 1 vial), 1 box (GPP)",20220330
1229700,"bendamustine hydrochloride 25 mg powder for concentrate for solution for infusion, 1 vial (GPP)",20220330
1053666,"benfotiamine 150 mg coated tablet, 10 tablet, 1 blister (GPP)",20190216
1053684,"benfotiamine 150 mg coated tablet, 30 tablet (3 x 10 tablet blister), 1 box (GPP)",20190216
1124756,"benralizumab 30 mg/1 mL solution for injection, 1 mL prefilled syr, 1 box (GPP)",20190913
1072217,"benserazide 25 mg + levodopa 100 mg dispersible tablet, 100 tablet (1 x 100 tablet bottle), 1 box (GPP)",20190216
1072199,"benserazide 25 mg + levodopa 100 mg dispersible tablet, 100 tablet, 1 bottle (GPP)",20190216
1072293,"benserazide 25 mg + levodopa 100 mg prolonged-release capsule, hard, 100 capsule (1 x 100 capsule bottle), 1 box (GPP)",20190216
1072272,"benserazide 25 mg + levodopa 100 mg prolonged-release capsule, hard, 100 capsule, 1 bottle (GPP)",20190216
1325880,"benserazide 50 mg + levodopa 200 mg tablet, 10 blister, 1 box (GPP)",20250313
1325867,"benserazide 50 mg + levodopa 200 mg tablet, 10 tablet, 1 blister (GPP)",20250313
1072390,"benserazide 50 mg + levodopa 200 mg tablet, 10 tablet, 1 strip (GPP)",20190216
1072255,"benserazide 50 mg + levodopa 200 mg tablet, 100 tablet (1 x 100 tablet bottle), 1 box (GPP)",20190216
1072414,"benserazide 50 mg + levodopa 200 mg tablet, 100 tablet (10 x 10 tablet strip), 1 box (GPP)",20190216
1072238,"benserazide 50 mg + levodopa 200 mg tablet, 100 tablet, 1 bottle (GPP)",20190216
1082389,"benzalkonium chloride 7 mg + diiodohydroxyquinoline 100 mg + nystatin 100000 iu vaginal tablet, 7 tablet (1 x 7 tablet strip), 1 box (GPP)",20190216
1082362,"benzalkonium chloride 7 mg + diiodohydroxyquinoline 100 mg + nystatin 100000 iu vaginal tablet, 7 tablet, 1 strip (GPP)",20190216
1070810,"benzbromarone 100 mg film-coated tablet, 10 tablet, 1 blister (GPP)",20190216
1070834,"benzbromarone 100 mg film-coated tablet, 100 tablet (10 x 10 tablet blister), 1 box (GPP)",20190216
1203650,"benzocaine 1 g/100 g + hydrocortisone acetate 500 mg/100 g + zinc oxide 20 g/100 g ointment, 1 x 10 g tube, 1 box (GPP)",20210930
1203632,"benzocaine 1 g/100 g + hydrocortisone acetate 500 mg/100 g + zinc oxide 20 g/100 g ointment, 10 g tube (GPP)",20210930
1310908,"benzoic acid 5 g/100 mL + salicylic acid 3 g/100 mL + zinc oxide 1 g/100 mL cutaneous spray, solution, 60 mL bottle (GPP)",20241005
1258355,"benzoic acid 6 g/100 g + salicylic acid 3 g/100 g ointment, 10 g jar (GPP)",20230316
1185182,"benzoic acid 6 g/100 g + salicylic acid 3 g/100 g ointment, 12 x 15 g tube, 1 box (GPP)",20210331
1185169,"benzoic acid 6 g/100 g + salicylic acid 3 g/100 g ointment, 15 g tube (GPP)",20210331
1243163,"benzoic acid 6 g/100 g + salicylic acid 3 g/100 g ointment, 30 g jar (GPP)",20220915
1219628,"benzoic acid 6 g/100 g + salicylic acid 3 g/100 g ointment, 40 g jar (GPP)",20211216
1190510,"benzoyl peroxide 2.5 g/100 g gel, 1 x 10 g tube, 1 box (GPP)",20210604
1190497,"benzoyl peroxide 2.5 g/100 g gel, 10 g tube (GPP)",20210604
1190575,"benzoyl peroxide 5 g/100 g gel, 1 x 10 g tube, 1 box (GPP)",20210604
1190552,"benzoyl peroxide 5 g/100 g gel, 10 g tube (GPP)",20210604
1198141,"benzydamine hydrochloride 150 mg/100 mL gargle/mouthwash, 1 x 200 mL bottle, 1 box (GPP)",20210813
1228670,"benzydamine hydrochloride 150 mg/100 mL gargle/mouthwash, 100 mL bottle (GPP)",20220330
1198125,"benzydamine hydrochloride 150 mg/100 mL gargle/mouthwash, 200 mL bottle (GPP)",20210813
1163562,"benzydamine hydrochloride 150 mg/100 mL oromucosal spray, solution, 1 x 15 mL bottle, 1 box (GPP)",20210211
1163543,"benzydamine hydrochloride 150 mg/100 mL oromucosal spray, solution, 15 mL bottle (GPP)",20210211
1108900,"benzydamine hydrochloride 3 mg lozenge, 16 tablet (2 x 8 tablet blister), 1, 16 lozenge (2 x 8 lozenge blister), 1 box (GPP)",20240501
1297401,"benzydamine hydrochloride 3 mg lozenge, 8 lozenge blister (GPP)",20240501
1108888,"benzydamine hydrochloride 3 mg lozenge, 8 tablet, 1 blister (GPP)",20190411
1121104,"benzydamine hydrochloride 300 mg/100 mL oromucosal spray, solution, 15 mL bottle, 1 box (GPP)",20210211
1108447,"benzyl alcohol 6 mg + cetylpyridinium chloride 1.33 mg lozenge, 400 tablet (50 x 8 tablet sachet), 1 box (GPP)",20190411
1108423,"benzyl alcohol 6 mg + cetylpyridinium chloride 1.33 mg lozenge, 8 tablet, 1 sachet (GPP)",20190411
1246973,"benzyl benzoate 25 g/100 mL cutaneous emulsion, 180 mL bottle (GPP)",20221104
1295483,"benzyl benzoate 25 g/100 mL cutaneous emulsion, 60 mL bottle (GPP)",20240412
1182631,"benzyl benzoate 25 g/100 mL cutaneous suspension, 60 mL bottle (GPP)",20210331
1165634,"benzylpenicillin 5 MU powder for suspension for injection, 1 vial (GPP)",20201030
1165652,"benzylpenicillin 5 MU powder for suspension for injection, 50 vial (50 x 1 vial), 1 box (GPP)",20201030
1266209,"beraprost sodium 2 mcg/1 mL oral solution, 30 mL bottle (GPP)",20230617
1058805,"beraprost sodium 20 mcg film-coated tablet, 10 tablet, 1 blister (GPP)",20190216
1058822,"beraprost sodium 20 mcg film-coated tablet, 30 tablet (3 x 10 tablet blister), 1 box (GPP)",20190216
1044914,"beroctocog alfa 1000 iu powder and solvent for solution for injection, 1 vial, 1 box (GPP)",20181217
1044895,"beroctocog alfa 500 iu powder and solvent for solution for injection, 1 vial, 1 box (GPP)",20181217
1261608,"betahistine dihydrochloride 16 mg tablet, 10 tablet, 1 blister (GPP)",20230412
1108045,"betahistine dihydrochloride 16 mg tablet, 10 tablet, 1 strip (GPP)",20190411
1109713,"betahistine dihydrochloride 16 mg tablet, 20 tablet, 1 blister (GPP)",20190411
1108066,"betahistine dihydrochloride 16 mg tablet, 30 tablet (3 x 10 tablet strip), 1 box (GPP)",20190411
1109732,"betahistine dihydrochloride 16 mg tablet, 60 tablet (3 x 20 tablet blister), 1 box (GPP)",20190411
1077812,"betahistine dihydrochloride 24 mg tablet, 10 tablet, 1 blister (GPP)",20190216
1077831,"betahistine dihydrochloride 24 mg tablet, 100 tablet (10 x 10 tablet blister), 1 box (GPP)",20190216
1090294,"betahistine dihydrochloride 24 mg tablet, 20 tablet (1 x 20 tablet blister), 1 box (GPP)",20190216
1090273,"betahistine dihydrochloride 24 mg tablet, 20 tablet, 1 blister (GPP)",20190216
1090202,"betahistine mesilate 12 mg tablet, 10 tablet, 1 blister (GPP)",20190216
1076184,"betahistine mesilate 12 mg tablet, 10 tablet, 1 strip (GPP)",20190216
1076204,"betahistine mesilate 12 mg tablet, 100 tablet (10 x 10 tablet strip), 1 box (GPP)",20190216
1090225,"betahistine mesilate 12 mg tablet, 1000 tablet (100 x 10 tablet blister), 1 box (GPP)",20190216
1252180,"betahistine mesilate 12 mg tablet, 30 tablet (3 x 10 tablet strip), 1 box (GPP)",20230113
1223614,"betahistine mesilate 12 mg tablet, 500 tablet (50 x 10 tablet blister), 1 box (GPP)",20220303
1076227,"betahistine mesilate 6 mg tablet, 10 tablet, 1 strip (GPP)",20190216
1076243,"betahistine mesilate 6 mg tablet, 100 tablet (10 x 10 tablet strip), 1 box (GPP)",20190216
1090256,"betahistine mesilate 6 mg tablet, 30 tablet (3 x 10 tablet strip), 1 box (GPP)",20190216
1223583,"betahistine mesilate 6 mg tablet, 500 tablet (50 x 10 tablet strip), 1 box (GPP)",20220303
1182216,"betamethasone 100 mg/100 g + clotrimazole 1 g/100 g cream, 1 x 15 g tube, 1 box (GPP)",20210331
1182198,"betamethasone 100 mg/100 g + clotrimazole 1 g/100 g cream, 15 g tube (GPP)",20210331
1302194,"betamethasone 100 mg/100 g + clotrimazole 1 g/100 g cream, 450 g jar (GPP)",20240714
1251658,"betamethasone 100 mg/100 g + neomycin sulfate 330 mg/100 g cream, 1 x 15 g tube, 1 box (GPP)",20230113
1251636,"betamethasone 100 mg/100 g + neomycin sulfate 330 mg/100 g cream, 15 g tube (GPP)",20230113
1319527,"betamethasone 100 mg/100 g + neomycin sulfate 500 mg/100 g cream, 1 tube, 1 box (GPP)",20250118
1197337,"betamethasone 100 mg/100 g + neomycin sulfate 500 mg/100 g cream, 1 x 500 g jar, 1 box (GPP)",20211014
1182237,"betamethasone 100 mg/100 g + neomycin sulfate 500 mg/100 g cream, 15 g tube (GPP)",20250118
1045517,"betamethasone 100 mg/100 g + neomycin sulfate 500 mg/100 g cream, 15 g tube, 1 box (GPP)",20250118
1319504,"betamethasone 100 mg/100 g + neomycin sulfate 500 mg/100 g cream, 5 g tube (GPP)",20250118
1197316,"betamethasone 100 mg/100 g + neomycin sulfate 500 mg/100 g cream, 500 g jar (GPP)",20211014
1045538,"betamethasone 100 mg/100 g + neomycin sulfate 500 mg/100 g cream, 500 g jar, 1 box (GPP)",20210331
1045490,"betamethasone 100 mg/100 g cream, 1 x 15 g tube, 1 box (GPP)",20221202
1050800,"betamethasone 100 mg/100 g cream, 1 x 5 g tube, 1 box (GPP)",20210813
1248318,"betamethasone 100 mg/100 g cream, 15 g tube (GPP)",20221202
1130495,"betamethasone 100 mg/100 g cream, 450 g jar, 1 jar (GPP)",20191115
1199255,"betamethasone 100 mg/100 g cream, 5 g tube (GPP)",20210813
1122423,"betamethasone 50 mg/100 g + calcipotriol 5 mg/100 g gel, 15 g bottle, 1 box (GPP)",20190815
1231101,"betamethasone 50 mg/100 g + salicylic acid 3 g/100 g ointment, 1 x 15 g tube, 1 box (GPP)",20220413
1172546,"betamethasone 50 mg/100 g + salicylic acid 3 g/100 g ointment, 1 x 5 g tube, 1 box (GPP)",20210129
1231089,"betamethasone 50 mg/100 g + salicylic acid 3 g/100 g ointment, 15 g tube (GPP)",20220413
1172522,"betamethasone 50 mg/100 g + salicylic acid 3 g/100 g ointment, 5 g tube (GPP)",20210129
1282659,"betamethasone dipropionate 100 mg/100 g + clotrimazole 1 g/100 g cream, 1 x 15 g tube, 1 box (GPP)",20230915
1282637,"betamethasone dipropionate 100 mg/100 g + clotrimazole 1 g/100 g cream, 15 g tube (GPP)",20230915
1275540,"betamethasone dipropionate 50 mg/100 g + salicylic acid 3 g/100 g ointment, 1 x 15 g tube, 1 box (GPP)",20230715
1275529,"betamethasone dipropionate 50 mg/100 g + salicylic acid 3 g/100 g ointment, 15 g tube (GPP)",20230715
1051274,"betamethasone dipropionate 64 mg/100 g + clotrimazole 1 g/100 g + gentamicin 100 mg/100 g cream, 10 g tube, 1 box (GPP)",20190120
1206211,"betamethasone dipropionate 64 mg/100 g + fusidic acid 2 g/100 g cream, 1 x 15 g tube, 1 box (GPP)",20211029
1206173,"betamethasone dipropionate 64 mg/100 g + fusidic acid 2 g/100 g cream, 1 x 5 g tube, 1 box (GPP)",20211029
1206194,"betamethasone dipropionate 64 mg/100 g + fusidic acid 2 g/100 g cream, 15 g tube (GPP)",20211029
1206156,"betamethasone dipropionate 64 mg/100 g + fusidic acid 2 g/100 g cream, 5 g tube (GPP)",20211029
1206295,"betamethasone dipropionate 64 mg/100 g + fusidic acid 2 g/100 g ointment, 1 x 15 g tube, 1 box (GPP)",20211029
1206253,"betamethasone dipropionate 64 mg/100 g + fusidic acid 2 g/100 g ointment, 1 x 5 g tube, 1 box (GPP)",20211029
1206276,"betamethasone dipropionate 64 mg/100 g + fusidic acid 2 g/100 g ointment, 15 g tube (GPP)",20211029
1206230,"betamethasone dipropionate 64 mg/100 g + fusidic acid 2 g/100 g ointment, 5 g tube (GPP)",20211029
1290489,"betamethasone dipropionate 64 mg/100 g + salicylic acid 3 g/100 g ointment, 1 x 15 g tube, 1 box (GPP)",20240111
1290462,"betamethasone dipropionate 64 mg/100 g + salicylic acid 3 g/100 g ointment, 15 g tube (GPP)",20240111
1053134,"betamethasone valerate 100 mg/100 g + fusidic acid 2 g/100 g cream, 5 g tube, 1 box (GPP)",20190216
1240796,"betamethasone valerate 100 mg/100 g + salicylic acid 3 g/100 g ointment, 1 x 15 g tube g, 1, 1 x 15 g tube, 1 box (GPP)",20230915
1282616,"betamethasone valerate 100 mg/100 g + salicylic acid 3 g/100 g ointment, 15 g tube (GPP)",20230915
1240777,"betamethasone valerate 100 mg/100 g + salicylic acid 3 g/100 g ointment, 15 x 15 g g, 1 tube (GPP)",20220810
1150225,"betamethasone valerate 100 mg/100 g + salicylic acid 5 g/100 g cream, 100 g jar (GPP)",20241004
1150729,"betamethasone valerate 100 mg/100 g + urea 10 g/100 g cream, 100 g jar (GPP)",20200705
1052641,"betamethasone valerate 100 mg/100 g cream, 1 tube, 1 box (GPP)",20250118
1319558,"betamethasone valerate 100 mg/100 g cream, 15 g tube (GPP)",20250118
1319570,"betamethasone valerate 100 mg/100 g cream, 15 g tube, 1 box (GPP)",20250118
1207803,"betamethasone valerate 100 mg/100 g cream, 30 g jar (GPP)",20211110
1207842,"betamethasone valerate 100 mg/100 g cream, 5 g jar (GPP)",20211110
1319591,"betamethasone valerate 100 mg/100 g cream, 5 g tube (GPP)",20250118
1125669,"betamethasone valerate 100 mg/100 g cream, 500 g jar (GPP)",20200702
1323258,"betamethasone varelate 100 mg/100 g + urea 10 g/100 g cream, 1 x 30 g tube, 1 tube (GPP)",20250215
1074336,"bethanechol chloride 10 mg tablet, 10 tablet, 1 strip (GPP)",20190216
1074358,"bethanechol chloride 10 mg tablet, 100 tablet (10 x 10 tablet strip), 1 box (GPP)",20190216
1074294,"bethanechol chloride 5 mg tablet, 10 tablet, 1 strip (GPP)",20190216
1074315,"bethanechol chloride 5 mg tablet, 100 tablet (10 x 10 tablet strip), 1 box (GPP)",20190216
1103488,"bevacizumab 100 mg/4 mL concentrate for solution for infusion, 1 vial, 1 box (GPP)",20241102
1195471,"bevacizumab 100 mg/4 mL concentrate for solution for infusion, 4 mL vial (GPP)",20210731
1300168,"bevacizumab 400 mg/16 mL concentrate for solution for infusion, 16 mL vial (GPP)",20240615
1300181,"bevacizumab 400 mg/16 mL concentrate for solution for infusion, 16 mL vial, 1 box (GPP)",20250201
1086292,"bicalutamide 150 mg film-coated tablet, 14 tablet, 1 blister (GPP)",20190216
1086318,"bicalutamide 150 mg film-coated tablet, 28 tablet (2 x 14 tablet blister), 1 box (GPP)",20190216
1086339,"bicalutamide 50 mg film-coated tablet, 14 tablet, 1 blister (GPP)",20190216
1086259,"bicalutamide 50 mg film-coated tablet, 15 tablet, 1 blister (GPP)",20190216
1086237,"bicalutamide 50 mg film-coated tablet, 28 tablet (4 x 7 tablet blister), 1 box (GPP)",20190216
1086271,"bicalutamide 50 mg film-coated tablet, 30 tablet (2 x 15 tablet blister), 1 box (GPP)",20190216
1086216,"bicalutamide 50 mg film-coated tablet, 7 tablet, 1 blister (GPP)",20190216
1159154,"bictegravir 50 mg + emtricitabine 200 mg + tenofovir alafenamide 25 mg film-coated tablet, 30 tablet (1 x 30 tablet bottle), 1 box (GPP)",20200904
1159131,"bictegravir 50 mg + emtricitabine 200 mg + tenofovir alafenamide 25 mg film-coated tablet, 30 tablet, 1 bottle (GPP)",20200904
1222378,"bilastine 10 mg orodispersible tablet, 10 tablet, 1 blister (GPP)",20220203
1222397,"bilastine 10 mg orodispersible tablet, 50 tablet (5 x 10 tablet blister), 1 box (GPP)",20220203
1265589,"bilastine 20 mg tablet, 1 blister, 1 box (GPP)",20241117
1075521,"bilastine 20 mg tablet, 10 tablet, blister (GPP)",20241117
1265558,"bilastine 20 mg tablet, 100 tablet (10 x 10 tablet blister), 1 box (GPP)",20230604
1075545,"bilastine 20 mg tablet, 5 blister, 1 box (GPP)",20241117
1229106,"bimatoprost 10 mg/100 mL eye drops, solution, 1 x 3 mL bottle, 1 box (GPP)",20220330
1229083,"bimatoprost 10 mg/100 mL eye drops, solution, 3 mL bottle (GPP)",20220330
1228881,"bimatoprost 30 mg/100 mL + timolol 500 mg/100 mL eye drops, solution, 0.4 mL unit dose (GPP)",20220330
1228868,"bimatoprost 30 mg/100 mL + timolol 500 mg/100 mL eye drops, solution, 1 x 3 mL bottle, 1 box (GPP)",20220330
1228847,"bimatoprost 30 mg/100 mL + timolol 500 mg/100 mL eye drops, solution, 3 mL bottle (GPP)",20220330
1228909,"bimatoprost 30 mg/100 mL + timolol 500 mg/100 mL eye drops, solution, 30 x 0.4 mL unit dose, 1 box (GPP)",20220330
1271826,"biotin 150 mcg + calcium pantothenate 6.4 mg + cyanocobalamin 20 mg + folic acid 300 mcg + nicotinamide 20 mg + pyridoxine 2 mg + riboflavin 1.7 mg + thiamine 1.5 mg film-coated tablet, 10 tablet, 1 blister (GPP)",20230701
1228118,"biotin 150 mcg + calcium pantothenate 6.4 mg + cyanocobalamin 20 mg + folic acid 300 mcg + nicotinamide 20 mg + pyridoxine 2 mg + riboflavin 1.7 mg + thiamine 1.5 mg film-coated tablet, 100 tablet, 1 bottle (GPP)",20220330
1271842,"biotin 150 mcg + calcium pantothenate 6.4 mg + cyanocobalamin 20 mg + folic acid 300 mcg + nicotinamide 20 mg + pyridoxine 2 mg + riboflavin 1.7 mg + thiamine 1.5 mg film-coated tablet, 1000 tablet (100 x 10 tablet blister), 1 box (GPP)",20230701
1131389,"biotin 50 mcg + calcium pantothenate 50 mg + choline bitartrate 50 mg + cyanocobalamin 50 mcg + folic acid 100 mcg + inositol 50 mg + nicotinamide 50 mg + pyridoxine hydrochloride 50 mg + riboflavin 50 mg + thiamine 50 mg capsule, soft, 40 capsule, 1 bottle (GPP)",20191115
1116092,"bisacodyl 5 mg coated tablet, 10 tablet, 1 blister (GPP)",20190614
1116118,"bisacodyl 5 mg coated tablet, 100 tablet (10 x 10 tablet blister), 1 box (GPP)",20190614
1116139,"bisacodyl 5 mg coated tablet, 100 tablet, 1 bottle (GPP)",20190614
1116156,"bisacodyl 5 mg coated tablet, 1000 tablet, 1 bottle (GPP)",20190614
1108084,"bisacodyl 5 mg coated tablet, 500 tablet, 1 bottle (GPP)",20190411
1079299,"bisacodyl 5 mg gastro-resistant tablet, 10 tablet, 1 strip (GPP)",20190216
1079332,"bisacodyl 5 mg gastro-resistant tablet, 1000 tablet, 1 bottle (GPP)",20190216
1079350,"bisacodyl 5 mg gastro-resistant tablet, 1000 tablet, 1 jar (GPP)",20190216
1079313,"bisacodyl 5 mg gastro-resistant tablet, 500 tablet (50 x 10 tablet strip), 1 box (GPP)",20190216
1059903,"bismuth subsalicylate 524 mg tablet, 10 tablet, 1 blister (GPP)",20190216
1059926,"bismuth subsalicylate 524 mg tablet, 100 tablet (10 x 10 tablet blister), 1 box (GPP)",20190216
1081189,"bisoprolol fumarate 2.5 mg + hydrochlorothiazide 6.25 mg film-coated tablet, 10 tablet, 1 blister (GPP)",20190216
1081209,"bisoprolol fumarate 2.5 mg + hydrochlorothiazide 6.25 mg film-coated tablet, 30 tablet (3 x 10 tablet blister), 1 box (GPP)",20190216
1056403,"bisoprolol fumarate 2.5 mg film-coated tablet, 10 tablet, 1 blister (GPP)",20190216
1056426,"bisoprolol fumarate 2.5 mg film-coated tablet, 100 tablet (10 x 10 tablet blister), 1 box (GPP)",20190216
1081221,"bisoprolol fumarate 5 mg + hydrochlorothiazide 6.25 mg film-coated tablet, 10 tablet, 1 blister (GPP)",20190216
1081245,"bisoprolol fumarate 5 mg + hydrochlorothiazide 6.25 mg film-coated tablet, 30 tablet (3 x 10 tablet blister), 1 box (GPP)",20190216
1062513,"bisoprolol fumarate 5 mg film-coated tablet, 10 tablet, 1 blister (GPP)",20190216
1062532,"bisoprolol fumarate 5 mg film-coated tablet, 100 tablet (10 x 10 tablet blister), 1 box (GPP)",20190216
1157736,"bleomycin sulfate 15 unit powder for solution for injection, 1 vial (1 x 1 vial), 1 box (GPP)",20200815
1157715,"bleomycin sulfate 15 unit powder for solution for injection, 1 vial (GPP)",20200815
1290750,"blinatumomab 35 mcg powder for concentrate and solution for solution for infusion, 1 vial (1 x 1 vial), 1 box (GPP)",20240202
1290732,"blinatumomab 35 mcg powder for concentrate and solution for solution for infusion, 1 vial (GPP)",20240202
1118441,"blinatumomab 35 mcg powder for concentrate and solution for solution for infusion, 2 vial box (GPP)",20240202
1222460,"bnt 162b2 drug substance (covid-19 mrna vaccine (nucleoside modified)) 10 mcg/1 dose concentrate for dispersion for injection, 1.3 mL vial (GPP)",20220203
1222487,"bnt 162b2 drug substance (covid-19 mrna vaccine (nucleoside modified)) 10 mcg/1 dose concentrate for dispersion for injection, 10 x 1.3 mL vial, 1 box (GPP)",20220203
1085204,"boceprevir 200 mg capsule, hard, 12 capsule, 1 blister (GPP)",20190216
1085243,"boceprevir 200 mg capsule, hard, 336 capsule (28 x 12 capsule blister), 1 box (GPP)",20190216
1085227,"boceprevir 200 mg capsule, hard, 84 capsule (7 x 12 capsule blister), 1 box (GPP)",20190216
1183127,"borax 12 g/100 g + glycerol 88 g/100 g oromucosal solution, 15 mL bottle (GPP)",20210331
1183143,"borax 12 g/100 g + glycerol 88 g/100 g oromucosal solution, 450 mL bottle (GPP)",20210331
1172719,"borax 12 g/100 mL + glycerol 88 g/100 mL oromucosal solution, 120 mL bottle (GPP)",20210129
1190903,"borax 12 g/100 mL + glycerol 88 g/100 mL oromucosal solution, 15 mL bottle (GPP)",20210604
1205489,"borax 3 g/100 mL + salicylic acid 800 mg/100 mL + talc 12 g/100 mL + zinc oxide 5.5 g/100 mL cutaneous suspension, 60 mL bottle (GPP)",20211029
1185646,"borax 5 g/100 mL + citric acid 3 g/100 mL + sulfur 3 g/100 mL + zinc oxide 5 g/100 mL + zinc sulfate 3 g/100 mL cutaneous suspension, 25 mL bottle (GPP)",20210331
1324187,"boric acid 1.24 g/100 mL + sodium borate 20 mg/100 mL + sodium chloride 290 mg/100 mL eye lotion, 1 x 100 mL bottle, 1 bottle (GPP)",20250215
1324207,"boric acid 1.24 g/100 mL + sodium borate 20 mg/100 mL + sodium chloride 290 mg/100 mL eye lotion, 1 x 100 mL bottle, 1 box (GPP)",20250215
1187458,"boric acid 2.35 g/100 mL + eucalyptus oil 90 mcL/100 mL + menthol 40 mcL/100 mL + methyl salicylate 50 mcL/100 mL + thymol 60 mg/100 mL gargle/mouthwash, 450 mL bottle (GPP)",20210418
1201862,"bortezomib 1 mg powder for solution for injection, 1 vial (1 x 1 vial), 1 box (GPP)",20210915
1201843,"bortezomib 1 mg powder for solution for injection, 1 vial (GPP)",20210915
1153150,"bortezomib 3.5 mg powder for solution for injection, 1 vial (GPP)",20200719
1048128,"bortezomib 3.5 mg powder for solution for injection, 1 vial, 1 box (GPP)",20241225
1080967,"bosentan 125 mg film-coated tablet, 10 tablet, 1 blister (GPP)",20190216
1080946,"bosentan 125 mg film-coated tablet, 60 tablet (1 x 60 tablet bottle), 1 box (GPP)",20190216
1080980,"bosentan 125 mg film-coated tablet, 60 tablet (6 x 10 tablet blister), 1 box (GPP)",20190216
1080922,"bosentan 125 mg film-coated tablet, 60 tablet, 1 bottle (GPP)",20190216
1266278,"bosentan 5 mg/1 mL oral suspension, 25 mL bottle (GPP)",20230617
1192378,"botulinum toxin type A 100 iu powder for solution for injection, 1 vial (1 x 1 vial), 1 box (GPP)",20210703
1192350,"botulinum toxin type A 100 iu powder for solution for injection, 1 vial (GPP)",20210703
1151839,"botulinum toxin type A 200 iu powder for solution for injection, 1 vial (1 x 1 vial), 1 box (GPP)",20200719
1151818,"botulinum toxin type A 200 iu powder for solution for injection, 1 vial (GPP)",20200719
1119829,"botulinum toxin type A 300 iu powder for solution for injection, 1 vial, 1 box (GPP)",20190714
1120188,"botulinum toxin type A 50 iu powder for solution for injection, 1 vial (1 x 1 vial), 1 box (GPP)",20200719
1151763,"botulinum toxin type A 50 iu powder for solution for injection, 1 vial (GPP)",20200719
1224185,"botulinum toxin type A 500 iu powder for solution for injection, 1 vial (1 x 1 vial), 1 box (GPP)",20220303
1224163,"botulinum toxin type A 500 iu powder for solution for injection, 1 vial (GPP)",20220303
1294392,"brachiaria mutica allergen extract 14 mg/1 mL solution for skin-prick test, 1 bottle, 1 box (GPP)",20241018
1294371,"brachiaria mutica allergen extract 14 mg/1 mL solution for skin-prick test, 5 mL bottle (GPP)",20240328
1321134,"bretovameran 10 mcg/1 dose dispersion for injection, 0.3 mL vial (GPP)",20250118
1321152,"bretovameran 10 mcg/1 dose dispersion for injection, 10 vial, 1 box (GPP)",20250118
1320554,"bretovameran 30 mcg/1 dose dispersion for injection, 0.3 mL vial (GPP)",20250118
1320577,"bretovameran 30 mcg/1 dose dispersion for injection, 10 vial, 1 box (GPP)",20250118
1250908,"brexpiprazole 1 mg film-coated tablet, 10 tablet, 1 blister (GPP)",20221231
1155711,"brexpiprazole 1 mg film-coated tablet, 30 tablet (1 x 30 tablet bottle), 1 box (GPP)",20200801
1250920,"brexpiprazole 1 mg film-coated tablet, 30 tablet (3 x 10 tablet blister), 1 box (GPP)",20221231
1155690,"brexpiprazole 1 mg film-coated tablet, 30 tablet, 1 bottle (GPP)",20200801
1250965,"brexpiprazole 2 mg film-coated tablet, 10 tablet, 1 blister (GPP)",20221231
1155805,"brexpiprazole 2 mg film-coated tablet, 30 tablet (1 x 30 tablet bottle), 1 box (GPP)",20200801
1250983,"brexpiprazole 2 mg film-coated tablet, 30 tablet (3 x 10 tablet blister), 1 box (GPP)",20221231
1155782,"brexpiprazole 2 mg film-coated tablet, 30 tablet, 1 bottle (GPP)",20200801
1253934,"brexpiprazole 4 mg film-coated tablet, 10 tablet, 1 blister (GPP)",20230203
1155898,"brexpiprazole 4 mg film-coated tablet, 30 tablet (1 x 30 tablet bottle), 1 box (GPP)",20200801
1253952,"brexpiprazole 4 mg film-coated tablet, 30 tablet (3 x 10 tablet blister), 1 box (GPP)",20230203
1155879,"brexpiprazole 4 mg film-coated tablet, 30 tablet, 1 bottle (GPP)",20200801
1250846,"brexpiprazole 500 mcg film-coated tablet, 10 tablet, 1 blister (GPP)",20221231
1250867,"brexpiprazole 500 mcg film-coated tablet, 30 tablet (3 x 10 tablet blister), 1 box (GPP)",20221231
1141789,"brigatinib 180 mg film-coated tablet, 28 tablet (4 x 7 tablet blisters), 1 box (GPP)",20200404
1245584,"brigatinib 180 mg film-coated tablet, 4 blister, 1 box (GPP)",20241129
1141762,"brigatinib 180 mg film-coated tablet, 7 tablet, blister (GPP)",20241129
1141581,"brigatinib 30 mg film-coated tablet, 14 tablet, blister (GPP)",20241129
1239883,"brigatinib 30 mg film-coated tablet, 2 blister, 1 box (GPP)",20241129
1141608,"brigatinib 30 mg film-coated tablet, 28 tablet (2 x 14 tablet blisters), 1 box (GPP)",20200404
1141696,"brigatinib 90 mg film-coated tablet, 1 blister, 1 box (GPP)",20241129
1141677,"brigatinib 90 mg film-coated tablet, 7 tablet, blister (GPP)",20241129
1219721,"brimonidine tartrate 100 mg/100 mL eye drops, solution, 1 x 5 mL bottle, 1 box (GPP)",20211230
1219709,"brimonidine tartrate 100 mg/100 mL eye drops, solution, 5 mL bottle (GPP)",20211230
1174356,"brimonidine tartrate 150 mg/100 mL eye drops, solution, 1 x 5 mL bottle, 1 box (GPP)",20210211
1174339,"brimonidine tartrate 150 mg/100 mL eye drops, solution, 5 mL bottle (GPP)",20210211
1228593,"brimonidine tartrate 200 mg/100 mL + timolol 500 mg/100 mL eye drops, solution, 1 x 5 mL bottle, 1 bottle (GPP)",20220330
1228572,"brimonidine tartrate 200 mg/100 mL + timolol 500 mg/100 mL eye drops, solution, 5 mL bottle (GPP)",20220330
1239865,"brimonidine tartrate 200 mg/100 mL eye drops, solution, 1 x 5 mL bottle, 1 box (GPP)",20220730
1239849,"brimonidine tartrate 200 mg/100 mL eye drops, solution, 5 mL bottle (GPP)",20220730
1106077,"brodalumab 210 mg/1.5 mL solution for injection, 1 x 1.5 mL prefilled syr, 1 box (GPP)",20211110
1209581,"brodalumab 210 mg/1.5 mL solution for injection, 1.5 mL prefilled syr (GPP)",20211110
1190151,"brolucizumab 27.6 mg/0.23 mL solution for injection, 0.23 mL vial (GPP)",20210513
1190179,"brolucizumab 27.6 mg/0.23 mL solution for injection, 1 x 0.23 mL vial, 1 box (GPP)",20210513
1321825,"brolucizumab 8.4 mg/0.07 mL solution for injection, 0.07 mL prefilled syr (GPP)",20250201
1089160,"bromazepam 1.5 mg tablet, 10 tablet, 1 blister (GPP)",20190216
1089187,"bromazepam 1.5 mg tablet, 100 tablet (10 x 10 tablet blister), 1 box (GPP)",20190216
1089207,"bromazepam 3 mg tablet, 10 tablet, 1 blister (GPP)",20190216
1089224,"bromazepam 3 mg tablet, 100 tablet (10 x 10 tablet blister), 1 box (GPP)",20190216
1217418,"bromhexine hydrochloride 4 mg + guaifenesin 100 mg tablet, 10 tablet, 1 strip (GPP)",20211202
1217439,"bromhexine hydrochloride 4 mg + guaifenesin 100 mg tablet, 100 tablet (10 x 10 tablet strip), 1 box (GPP)",20211202
1296961,"bromhexine hydrochloride 4 mg/5 mL + guaifenesin 100 mg/5 mL syrup, 1 x 200 mL bottle, 1 box (GPP)",20240501
1296942,"bromhexine hydrochloride 4 mg/5 mL + guaifenesin 100 mg/5 mL syrup, 200 mL bottle (GPP)",20240501
1235319,"bromhexine hydrochloride 4 mg/5 mL oral liquid, 1 x 60 mL bottle, 1 box (GPP)",20220514
1235293,"bromhexine hydrochloride 4 mg/5 mL oral liquid, 60 mL bottle (GPP)",20220514
1297320,"bromhexine hydrochloride 4 mg/5 mL syrup, 1 x 200 mL bottle, 1 box (GPP)",20240501
1115306,"bromhexine hydrochloride 4 mg/5 mL syrup, 1 x 60 mL bottle, 1 box (GPP)",20201202
1297308,"bromhexine hydrochloride 4 mg/5 mL syrup, 200 mL bottle (GPP)",20240501
1168961,"bromhexine hydrochloride 4 mg/5 mL syrup, 60 mL bottle (GPP)",20201202
1202308,"bromhexine hydrochloride 8 mg tablet, 10 tablet (1 x 10 tablet blister), 1 box (GPP)",20210915
1202267,"bromhexine hydrochloride 8 mg tablet, 10 tablet, 1 blister (GPP)",20210915
1076505,"bromhexine hydrochloride 8 mg tablet, 10 tablet, 1 strip (GPP)",20190216
1076522,"bromhexine hydrochloride 8 mg tablet, 100 tablet (10 x 10 tablet strip), 1 box (GPP)",20190216
1202280,"bromhexine hydrochloride 8 mg tablet, 500 tablet (50 x 10 tablet blister), 1 box (GPP)",20210915
1225311,"bromocriptine 2.5 mg tablet, 10 tablet, 1 blister (GPP)",20220303
1072530,"bromocriptine 2.5 mg tablet, 30 tablet (1 x 30 tablet bottle), 1 box (GPP)",20190216
1225330,"bromocriptine 2.5 mg tablet, 30 tablet (3 x 10 tablet blister), 1 box (GPP)",20220303
1072511,"bromocriptine 2.5 mg tablet, 30 tablet, 1 bottle (GPP)",20190216
1168903,"brompheniramine maleate 2 mg/5 mL + phenylephrine hydrochloride 5 mg/5 mL oral solution, 1 x 60 mL bottle, 1 box (GPP)",20201202
1168886,"brompheniramine maleate 2 mg/5 mL + phenylephrine hydrochloride 5 mg/5 mL oral solution, 60 mL bottle (GPP)",20201202
1271786,"brompheniramine maleate 2 mg/5 mL + phenylephrine hydrochloride 5 mg/5 mL syrup, 60 mL bottle (GPP)",20230701
1199728,"brompheniramine maleate 4 mg + phenylephrine hydrochloride 10 mg film-coated tablet, 10 tablet, 1 strip (GPP)",20210813
1199744,"brompheniramine maleate 4 mg + phenylephrine hydrochloride 10 mg film-coated tablet, 100 tablet (10 x 10 tablet strip), 1 box (GPP)",20210813
1109254,"brompheniramine maleate 4 mg + phenylephrine hydrochloride 7.5 mg tablet, 10 tablet, 1 strip (GPP)",20190411
1109277,"brompheniramine maleate 4 mg + phenylephrine hydrochloride 7.5 mg tablet, 500 tablet (50 x 10 tablet strip), 1 box (GPP)",20190411
1150861,"brompheniramine maleate 4 mg capsule, hard, 1000 capsule, 1 jar (GPP)",20200705
1126179,"brompheniramine maleate 4 mg tablet, 1000 tablet, 1 jar (GPP)",20191004
1226967,"budesonide 1 mg/2 mL nebuliser suspension, 2 mL unit dose (GPP)",20220316
1226980,"budesonide 1 mg/2 mL nebuliser suspension, 20 x 2 mL unit dose, 1 box (GPP)",20220316
1169977,"budesonide 160 mcg/1 dose + formoterol fumarate dihydrate 4.5 mcg/1 dose inhalation powder, 1 x 120 dose inhalation, 1 box (GPP)",20201217
1169954,"budesonide 160 mcg/1 dose + formoterol fumarate dihydrate 4.5 mcg/1 dose inhalation powder, 120 dose inhalation (GPP)",20201217
1304186,"budesonide 160 mcg/1 dose + formoterol fumarate dihydrate 5 mcg/1 dose + glycopyrronium 7.2 mcg/1 dose pressurised inhalation, suspension, 1 x 120 dose actuation, 1 box (GPP)",20240817
1304164,"budesonide 160 mcg/1 dose + formoterol fumarate dihydrate 5 mcg/1 dose + glycopyrronium 7.2 mcg/1 dose pressurised inhalation, suspension, 120 dose actuation (GPP)",20240817
1045156,"budesonide 200 mcg inhalation powder, hard capsule, 100 capsule (20 x 5 capsule blister), 1 box (GPP)",20181217
1045139,"budesonide 200 mcg inhalation powder, hard capsule, 5 capsule, 1 blister (GPP)",20181217
1147262,"budesonide 200 mcg/1 dose pressurised inhalation, suspension, 1 x 200 dose actuation, 1 box (GPP)",20200601
1147243,"budesonide 200 mcg/1 dose pressurised inhalation, suspension, 200 dose actuation (GPP)",20200614
1056604,"budesonide 3 mg gastro-resistant capsule, hard, 10 capsule, 1 blister (GPP)",20190216
1056627,"budesonide 3 mg gastro-resistant capsule, hard, 100 capsule (10 x 10 capsule blister), 1 box (GPP)",20190216
1170035,"budesonide 320 mcg/1 dose + formoterol fumarate dihydrate 9 mcg/1 dose inhalation powder, 1 x 60 dose inhalation, 1 box (GPP)",20201217
1170019,"budesonide 320 mcg/1 dose + formoterol fumarate dihydrate 9 mcg/1 dose inhalation powder, 60 dose inhalation (GPP)",20201217
1227005,"budesonide 500 mcg/2 mL nebuliser suspension, 2 mL unit dose (GPP)",20220316
1227022,"budesonide 500 mcg/2 mL nebuliser suspension, 20 x 2 mL unit dose, 1 box (GPP)",20220316
1050150,"budesonide 64 mcg/1 dose nasal spray, suspension, 1 x 120 dose bottle, 1 box (GPP)",20210211
1174394,"budesonide 64 mcg/1 dose nasal spray, suspension, 120 dose bottle (GPP)",20210211
1242422,"bupivacaine hydrochloride 20 mg/4 mL + dextrose 320 mg/4 mL solution for injection, 4 mL ampoule (GPP)",20220915
1242446,"bupivacaine hydrochloride 20 mg/4 mL + dextrose 320 mg/4 mL solution for injection, 5 x 4 mL ampoule, 1 box (GPP)",20220915
1314802,"bupivacaine hydrochloride 20 mg/4 mL solution for injection, 4 mL ampoule (GPP)",20241117
1314825,"bupivacaine hydrochloride 20 mg/4 mL solution for injection, 5 ampoule, 1 box (GPP)",20241117
1237139,"buprenorphine 5 mcg/1 hr transdermal patch, 1 patch (GPP)",20220602
1237156,"buprenorphine 5 mcg/1 hr transdermal patch, 2 patch (2 x 1 patch), 1 box (GPP)",20220602
1185124,"bupropion hydrochloride 150 mg prolonged-release tablet, 30 tablet (1 x 30 tablet bottle), 1 box (GPP)",20210331
1185107,"bupropion hydrochloride 150 mg prolonged-release tablet, 30 tablet, 1 bottle (GPP)",20210331
1191420,"bupropion hydrochloride 300 mg prolonged-release tablet, 30 tablet (1 x 30 tablet bottle), 1 box (GPP)",20210604
1191408,"bupropion hydrochloride 300 mg prolonged-release tablet, 30 tablet, 1 bottle (GPP)",20210604
1246010,"burosumab 10 mg/1 mL solution for injection, 1 mL vial (GPP)",20221104
1246034,"burosumab 10 mg/1 mL solution for injection, 1 x 1 mL vial, 1 box (GPP)",20221104
1295068,"burosumab 20 mg/1 mL solution for injection, 1 mL vial (GPP)",20240412
1295081,"burosumab 20 mg/1 mL solution for injection, 1 x 1 mL vial, 1 box (GPP)",20240412
1099300,"busulfan 60 mg/10 mL concentrate for solution for infusion, 1 x 10 mL vial, 1 box (GPP)",20211202
1211543,"busulfan 60 mg/10 mL concentrate for solution for infusion, 10 mL vial (GPP)",20211202
1099532,"cabazitaxel 60 mg/1.5 mL concentrate and solvent for solution for infusion, 1 x 1.5 mL vial, 1 box (GPP)",20240615
1300737,"cabazitaxel 60 mg/1.5 mL concentrate and solvent for solution for infusion, 1.5 mL vial (GPP)",20240615
1201005,"cabazitaxel 60 mg/3 mL concentrate for solution for infusion, 1 x 3 mL vial, 1 box (GPP)",20210901
1200987,"cabazitaxel 60 mg/3 mL concentrate for solution for infusion, 3 mL vial (GPP)",20210901
1293439,"cabergoline 500 mcg tablet, 8 tablet (1 x 8 tablet bottle), 1 box (GPP)",20240313
1293418,"cabergoline 500 mcg tablet, 8 tablet bottle (GPP)",20240313
1197469,"cabozantinib 20 mg film-coated tablet, 30 tablet (1 x 30 tablet bottle), 1 box (GPP)",20210813
1197448,"cabozantinib 20 mg film-coated tablet, 30 tablet, 1 bottle (GPP)",20210813
1197550,"cabozantinib 40 mg film-coated tablet, 30 tablet (1 x 30 tablet bottle), 1 box (GPP)",20210813
1197532,"cabozantinib 40 mg film-coated tablet, 30 tablet, 1 bottle (GPP)",20210813
1197647,"cabozantinib 60 mg film-coated tablet, 30 tablet (1 x 30 tablet bottle), 1 box (GPP)",20210813
1197623,"cabozantinib 60 mg film-coated tablet, 30 tablet, 1 bottle (GPP)",20210813
1167278,"caffeine 10 mg/1 mL solution for infusion, 1 mL ampoule (GPP)",20201202
1167297,"caffeine 10 mg/1 mL solution for infusion, 10 x 1 mL ampoule, 1 box (GPP)",20201202
1277152,"caffeine 100 mg + ergotamine tartrate 1 mg film-coated tablet, 10 tablet (1 x 10 tablet blister), 1 box (GPP)",20230715
1071231,"caffeine 100 mg + ergotamine tartrate 1 mg film-coated tablet, 10 tablet strip (GPP)",20240202
1277134,"caffeine 100 mg + ergotamine tartrate 1 mg film-coated tablet, 10 tablet, 1 blister (GPP)",20230715
1290594,"caffeine 100 mg + ergotamine tartrate 1 mg film-coated tablet, 250 tablet (25 x 10 tablet strip), 1 box (GPP)",20240202
1071254,"caffeine 100 mg + ergotamine tartrate 1 mg film-coated tablet, 50 tablet (5 x 10 tablet strip), 1 box (GPP)",20190216
1319003,"caffeine 5 mg/1 mL solution for infusion, 1 mL ampoule (GPP)",20241225
1319026,"caffeine 5 mg/1 mL solution for infusion, 10 ampoule, 1 box (GPP)",20241225
1172204,"cajuput oil 2.3 g/100 g + camphor 700 mg/100 g + eucalyptus oil 2.2 g/100 g + eugenol 1.2 g/100 g + menthol 7 g/100 g + methyl salicylate 17.7 g/100 g cream, 12 x 25 g tube, 1 box (GPP)",20210113
1172184,"cajuput oil 2.3 g/100 g + camphor 700 mg/100 g + eucalyptus oil 2.2 g/100 g + eugenol 1.2 g/100 g + menthol 7 g/100 g + methyl salicylate 17.7 g/100 g cream, 25 g tube (GPP)",20210113
1219848,"cajuput oil 2.3 g/100 g + camphor 700 mg/100 g + eucalyptus oil 2.2 g/100 g + eugenol 1.2 g/100 g + menthol 7 g/100 g + methyl salicylate 17.7 g/100 g cream, 40 g jar (GPP)",20211230
1211591,"calamine 10 g/100 mL + diphenhydramine hydrochloride 1 g/100 mL + zinc oxide 3 g/100 mL cutaneous liquid, 1 x 120 mL bottle, 1 box (GPP)",20211202
1232052,"calamine 10 g/100 mL + diphenhydramine hydrochloride 1 g/100 mL + zinc oxide 3 g/100 mL cutaneous liquid, 1 x 60 mL bottle, 1 box (GPP)",20220413
1211570,"calamine 10 g/100 mL + diphenhydramine hydrochloride 1 g/100 mL + zinc oxide 3 g/100 mL cutaneous liquid, 120 mL bottle (GPP)",20211202
1232034,"calamine 10 g/100 mL + diphenhydramine hydrochloride 1 g/100 mL + zinc oxide 3 g/100 mL cutaneous liquid, 60 mL bottle (GPP)",20220413
1274525,"calamine 15 g/100 mL + zinc oxide 5 g/100 mL cutaneous liquid, 60 mL bottle (GPP)",20230715
1225883,"calamine 15 g/100 mL + zinc oxide 5 g/100 mL cutaneous suspension, 120 mL bottle (GPP)",20220316
1225854,"calamine 15 g/100 mL + zinc oxide 5 g/100 mL cutaneous suspension, 60 mL bottle (GPP)",20220316
1045875,"calamine 8 g/100 mL + camphor 100 mg/100 mL + diphenhydramine hydrochloride 1 g/100 mL + ethyl alcohol 2 mL/100 mL cutaneous emulsion, 100 mL bottle, 1 bottle (GPP)",20181217
1169058,"calamine 8 g/100 mL + diphenhydramine hydrochloride 1 g/100 mL cutaneous suspension, 1 x 60 mL bottle, 1 box (GPP)",20201202
1169036,"calamine 8 g/100 mL + diphenhydramine hydrochloride 1 g/100 mL cutaneous suspension, 60 mL bottle (GPP)",20201202
1106374,"calcipotriol 5 mg/100 g ointment, 30 g tube, 1 box (GPP)",20190411
1097736,"calcitonin 50 iu/1 mL solution for injection/infusion, 5 x 1 mL ampoule, 1 box (GPP)",20190216
1309176,"calcitriol 0.25 mcg capsule, soft, 10 blister, 1 box (GPP)",20241005
1056765,"calcitriol 0.25 mcg capsule, soft, 10 capsule, blister (GPP)",20241005
1056783,"calcitriol 0.25 mcg capsule, soft, 80 capsule (8 x 10 capsule blister), 1 box (GPP)",20190216
1126244,"calcium + folic acid + multivitamins + zinc film-coated tablet, 100 tablet, 1 jar (GPP)",20191004
1091272,"calcium acetate 1 g film-coated tablet, 10 tablet, 1 blister (GPP)",20190216
1091293,"calcium acetate 1 g film-coated tablet, 100 tablet (10 x 10 tablet blister), 1 box (GPP)",20190216
1091319,"calcium acetate 1 g film-coated tablet, 600 tablet (60 x 10 tablet blister), 1 box (GPP)",20190216
1211618,"calcium carbonate 1 g + colecalciferol 200 iu film-coated tablet, 10 tablet, 1 blister (GPP)",20211202
1211639,"calcium carbonate 1 g + colecalciferol 200 iu film-coated tablet, 500 tablet (50 x 10 tablet blister), 1 box (GPP)",20211202
1204311,"calcium carbonate 1 g film-coated tablet, 10 tablet, 1 blister (GPP)",20211014
1204330,"calcium carbonate 1 g film-coated tablet, 500 tablet (50 x 10 tablet blister), 1 box (GPP)",20211014
1056881,"calcium carbonate 1 g tablet, 10 tablet, 1 blister (GPP)",20190216
1248704,"calcium carbonate 1 g tablet, 100 tablet (10 x 10 tablet blister), 1 box (GPP)",20221202
1056909,"calcium carbonate 1 g tablet, 500 tablet (50 x 10 tablet blister), 1 box (GPP)",20190216
1186371,"calcium carbonate 1.25 g film-coated tablet, 10 tablet, 1 blister (GPP)",20210418
1186392,"calcium carbonate 1.25 g film-coated tablet, 500 tablet (50 x 10 tablet blister), 1 box (GPP)",20210418
1108260,"calcium carbonate 1.25 g tablet, 10 tablet, 1 blister (GPP)",20190411
1247266,"calcium carbonate 1.25 g tablet, 100 tablet (10 x 10 tablet blister), 1 box (GPP)",20221112
1108287,"calcium carbonate 1.25 g tablet, 500 tablet (50 x 10 tablet blister), 1 box (GPP)",20190411
1080296,"calcium carbonate 1.5 g + colecalciferol 2 mg film-coated tablet, 10 tablet, 1 blister (GPP)",20190216
1080310,"calcium carbonate 1.5 g + colecalciferol 2 mg film-coated tablet, 500 tablet (50 x 10 tablet blister), 1 box (GPP)",20190216
1056945,"calcium carbonate 1.5 g + colecalciferol 200 iu film-coated tablet, 60 tablet (1 x 60 tablet bottle), 1 box (GPP)",20190216
1056921,"calcium carbonate 1.5 g + colecalciferol 200 iu film-coated tablet, 60 tablet, 1 bottle (GPP)",20190216
1108362,"calcium carbonate 1.5 g + colecalciferol 400 iu effervescent tablet, 1 jar, 1 box (GPP)",20241129
1108343,"calcium carbonate 1.5 g + colecalciferol 400 iu effervescent tablet, 10 tablet, jar (GPP)",20241129
1204353,"calcium carbonate 1.5 g film-coated tablet, 10 tablet, 1 blister (GPP)",20211014
1204376,"calcium carbonate 1.5 g film-coated tablet, 500 tablet (50 x 10 tablet blister), 1 box (GPP)",20211014
1056806,"calcium carbonate 1.5 g tablet, 10 tablet, 1 blister (GPP)",20190216
1056823,"calcium carbonate 1.5 g tablet, 500 tablet (50 x 10 tablet blister), 1 box (GPP)",20190216
1108327,"calcium carbonate 1.65 g + colecalciferol 400 iu film-coated tablet, 120 tablet (1 x 120 tablet bottle), 1 box (GPP)",20190411
1108304,"calcium carbonate 1.65 g + colecalciferol 400 iu film-coated tablet, 120 tablet, 1 bottle (GPP)",20190411
1080254,"calcium carbonate 200 mg + calcium phosphate 300 mg + magnesium hydroxide 144 mg tablet, 10 tablet, 1 blister (GPP)",20190216
1080277,"calcium carbonate 200 mg + calcium phosphate 300 mg + magnesium hydroxide 144 mg tablet, 1000 tablet (100 x 10 tablet blister), 1 box (GPP)",20190216
1157151,"calcium carbonate 200 mg/1 mL oral suspension, 50 mL bottle (GPP)",20200801
1060883,"calcium carbonate 300 mg + calcium gluconate 100 mg + calcium lactate 2.93 g effervescent tablet, 20 tablet (1 x 20 tablet jar), 1 box (GPP)",20190216
1060865,"calcium carbonate 300 mg + calcium gluconate 100 mg + calcium lactate 2.93 g effervescent tablet, 20 tablet, 1 jar (GPP)",20190216
1080231,"calcium carbonate 300 mg + calcium lactate gluconate 2.94 g effervescent tablet, 20 tablet (1 x 20 tablet jar), 1 box (GPP)",20190216
1080212,"calcium carbonate 300 mg + calcium lactate gluconate 2.94 g effervescent tablet, 20 tablet, 1 jar (GPP)",20190216
1263316,"calcium carbonate 325 mg/10 mL + sodium alginate 500 mg/10 mL + sodium bicarbonate 213 mg/10 mL oral suspension, 1 x 150 mL bottle, 1 box (GPP)",20230604
1195526,"calcium carbonate 325 mg/10 mL + sodium alginate 500 mg/10 mL + sodium bicarbonate 213 mg/10 mL oral suspension, 10 mL sachet (GPP)",20210731
1195542,"calcium carbonate 325 mg/10 mL + sodium alginate 500 mg/10 mL + sodium bicarbonate 213 mg/10 mL oral suspension, 12 x 10 mL sachet, 1 box (GPP)",20210731
1213658,"calcium carbonate 325 mg/10 mL + sodium alginate 500 mg/10 mL + sodium bicarbonate 213 mg/10 mL oral suspension, 150 mL bottle (GPP)",20211202
1195561,"calcium carbonate 325 mg/10 mL + sodium alginate 500 mg/10 mL + sodium bicarbonate 213 mg/10 mL oral suspension, 24 x 10 mL sachet, 1 box (GPP)",20210731
1292738,"calcium carbonate 325 mg/10 mL + sodium alginate 500 mg/10 mL + sodium bicarbonate 213 mg/10 mL oral suspension, 300 mL bottle (GPP)",20240301
1057327,"calcium carbonate 350 mg capsule, hard, 10 capsule, 1 blister (GPP)",20190216
1057343,"calcium carbonate 350 mg capsule, hard, 1000 capsule (100 x 10 capsule blister), 1 box (GPP)",20190216
1108225,"calcium carbonate 350 mg tablet, 10 tablet, 1 blister (GPP)",20190411
1108241,"calcium carbonate 350 mg tablet, 1000 tablet (100 x 10 tablet blister), 1 box (GPP)",20190411
1236294,"calcium carbonate 600 mg film-coated tablet, 10 tablet, 1 blister (GPP)",20220514
1236315,"calcium carbonate 600 mg film-coated tablet, 500 tablet (50 x 10 tablet blister), 1 box (GPP)",20220514
1056847,"calcium carbonate 600 mg tablet, 10 tablet, 1 blister (GPP)",20190216
1056868,"calcium carbonate 600 mg tablet, 1000 tablet (100 x 10 tablet blister), 1 box (GPP)",20190216
1144711,"calcium carbonate 600 mg tablet, 1000 tablet, 1 bottle (GPP)",20200517
1100278,"calcium carbonate 625 mg + magnesium hydroxide 300 mg tablet, 10 tablet, 1 blister (GPP)",20190302
1100232,"calcium carbonate 625 mg + magnesium hydroxide 300 mg tablet, 100 tablet, 1 bottle (GPP)",20190302
1100297,"calcium carbonate 625 mg + magnesium hydroxide 300 mg tablet, 500 tablet (50 x 10 tablet blister), 1 box (GPP)",20190302
1100250,"calcium carbonate 625 mg + magnesium hydroxide 300 mg tablet, 500 tablet, 1 bottle (GPP)",20190302
1241489,"calcium carbonate 625 mg chewable tablet, 30 tablet (1 x 30 tablet bottle), 1 box (GPP)",20220810
1241462,"calcium carbonate 625 mg chewable tablet, 30 tablet, 1 bottle (GPP)",20220810
1186430,"calcium carbonate 835 mg film-coated tablet, 10 tablet, 1 blister (GPP)",20210418
1186453,"calcium carbonate 835 mg film-coated tablet, 1000 tablet (100 x 10 tablet blister), 1 box (GPP)",20210418
1124513,"calcium carbonate 835 mg tablet, 10 tablet, 1 blister (GPP)",20190913
1124532,"calcium carbonate 835 mg tablet, 500 tablet (50 x 10 tablet blister), 1 box (GPP)",20190913
1097677,"calcium chloride 20 mg/100 mL + potassium chloride 30 mg/100 mL + sodium chloride 600 mg/100 mL + sodium lactate 310 mg/100 mL solution for infusion, 500 mL bag (GPP)",20210211
1231138,"calcium chloride dihydrate 18.3 mg/100 mL + dextrose 1.5 g/100 mL + magnesium chloride hexahydrate 5.08 mg/100 mL + sodium chloride 538 mg/100 mL + sodium lactate 448 mg/100 mL solution for peritoneal dialysis, 5 L bag (GPP)",20220413
1231164,"calcium chloride dihydrate 18.3 mg/100 mL + dextrose 2.5 g/100 mL + magnesium chloride hexahydrate 5.08 mg/100 mL + sodium chloride 538 mg/100 mL + sodium lactate 448 mg/100 mL solution for peritoneal dialysis, 5 L bag (GPP)",20220413
1232338,"calcium chloride dihydrate 18.3 mg/100 mL + dextrose 4.25 g/100 mL + magnesium chloride hexahydrate 5.08 mg/100 mL + sodium chloride 538 mg/100 mL + sodium lactate 448 mg/100 mL solution for peritoneal dialysis, 5 L bag (GPP)",20220428
1197702,"calcium chloride dihydrate 18.38 mg/100 mL + dextrose 1.5 g/100 mL + magnesium chloride hexahydrate 10.17 mg/100 mL + sodium chloride 578.6 mg/100 mL + sodium lactate 392.5 mg/100 mL solution for peritoneal dialysis, 2 L bag (GPP)",20210813
1285494,"calcium chloride dihydrate 18.38 mg/100 mL + dextrose 1.5 g/100 mL + magnesium chloride hexahydrate 10.17 mg/100 mL + sodium chloride 578.6 mg/100 mL + sodium lactate 392.5 mg/100 mL solution for peritoneal dialysis, 6 L bag (GPP)",20231013
1197804,"calcium chloride dihydrate 18.38 mg/100 mL + dextrose 2.273 g/100 mL + magnesium chloride hexahydrate 10.17 mg/100 mL + sodium chloride 578.6 mg/100 mL + sodium lactate 392.5 mg/100 mL solution for peritoneal dialysis, 2 L bag (GPP)",20210813
1286246,"calcium chloride dihydrate 18.38 mg/100 mL + dextrose 2.273 g/100 mL + magnesium chloride hexahydrate 10.17 mg/100 mL + sodium chloride 578.6 mg/100 mL + sodium lactate 392.5 mg/100 mL solution for peritoneal dialysis, 6 L bag (GPP)",20231013
1197760,"calcium chloride dihydrate 18.38 mg/100 mL + dextrose 4.25 g/100 mL + magnesium chloride hexahydrate 10.17 mg/100 mL + sodium chloride 578.6 mg/100 mL + sodium lactate 392.5 mg/100 mL solution for peritoneal dialysis, 2 L bag (GPP)",20210813
1285626,"calcium chloride dihydrate 18.38 mg/100 mL + dextrose 4.25 g/100 mL + magnesium chloride hexahydrate 10.17 mg/100 mL + sodium chloride 578.6 mg/100 mL + sodium lactate 392.5 mg/100 mL solution for peritoneal dialysis, 6 L bag (GPP)",20231013
1261547,"calcium chloride dihydrate 18.4 mg/100 mL + dextrose 1.5 g/100 mL + magnesium chloride hexahydrate 5.1 mg/100 mL + sodium chloride 537.6 mg/100 mL + sodium lactate 448.4 mg/100 mL solution for peritoneal dialysis, 2 L bag (GPP)",20230412
1260096,"calcium chloride dihydrate 18.4 mg/100 mL + dextrose 1.5 g/100 mL + magnesium chloride hexahydrate 5.1 mg/100 mL + sodium chloride 537.6 mg/100 mL + sodium lactate 448.4 mg/100 mL solution for peritoneal dialysis, 5 L bag (GPP)",20230401
1261581,"calcium chloride dihydrate 18.4 mg/100 mL + dextrose 2.5 g/100 mL + magnesium chloride hexahydrate 5.1 mg/100 mL + sodium chloride 537.6 mg/100 mL + sodium lactate 448.4 mg/100 mL solution for peritoneal dialysis, 2 L bag (GPP)",20230412
1260152,"calcium chloride dihydrate 18.4 mg/100 mL + dextrose 2.5 g/100 mL + magnesium chloride hexahydrate 5.1 mg/100 mL + sodium chloride 537.6 mg/100 mL + sodium lactate 448.4 mg/100 mL solution for peritoneal dialysis, 5 L bag (GPP)",20230401
1270532,"calcium chloride dihydrate 18.4 mg/100 mL + dextrose 4.25 g/100 mL + magnesium chloride hexahydrate 5.1 mg/100 mL + sodium chloride 537.6 mg/100 mL + sodium lactate 448.4 mg/100 mL solution for peritoneal dialysis, 2 L bag (GPP)",20230617
1270495,"calcium chloride dihydrate 18.4 mg/100 mL + dextrose 4.25 g/100 mL + magnesium chloride hexahydrate 5.1 mg/100 mL + sodium chloride 537.6 mg/100 mL + sodium lactate 448.4 mg/100 mL solution for peritoneal dialysis, 5 L bag (GPP)",20230617
1216507,"calcium chloride dihydrate 20 mg/100 mL + dextrose 5 g/100 mL + potassium chloride 30 mg/100 mL + sodium acetate trihydrate 380 mg/100 mL + sodium chloride 600 mg/100 mL solution for infusion, 1 L bag (GPP)",20240913
1216524,"calcium chloride dihydrate 20 mg/100 mL + dextrose 5 g/100 mL + potassium chloride 30 mg/100 mL + sodium acetate trihydrate 380 mg/100 mL + sodium chloride 600 mg/100 mL solution for infusion, 500 mL bag (GPP)",20240913
1163930,"calcium chloride dihydrate 20 mg/100 mL + lidocaine 1 g/100 mL + magnesium sulfate 50 g/100 mL + mannitol 20 g/100 mL + potassium chloride 15.03 g/100 mL + sodium bicarbonate 7.5 g/100 mL + sodium chloride 600 mg/100 mL + sodium lactate 310 mg/100 mL solution for cardioplegia, 1060 mL bag (GPP)",20201016
1098617,"calcium chloride dihydrate 20 mg/100 mL + potassium chloride 30 mg/100 mL + sodium acetate trihydrate 380 mg/100 mL + sodium chloride 600 mg/100 mL solution for infusion, 1 L bag (GPP)",20210211
1177187,"calcium chloride dihydrate 20 mg/100 mL + potassium chloride 30 mg/100 mL + sodium acetate trihydrate 380 mg/100 mL + sodium chloride 600 mg/100 mL solution for infusion, 500 mL bag (GPP)",20210211
1097654,"calcium chloride dihydrate 20 mg/100 mL + potassium chloride 30 mg/100 mL + sodium chloride 600 mg/100 mL + sodium lactate 310 mg/100 mL solution for infusion, 1 L bag (GPP)",20221014
1239369,"calcium chloride dihydrate 25.7 mg/100 mL + dextrose 1.5 g/100 mL + magnesium chloride hexahydrate 5.08 mg/100 mL + sodium chloride 538 mg/100 mL + sodium lactate 448 mg/100 mL solution for peritoneal dialysis, 5 L bag (GPP)",20220716
1240593,"calcium chloride dihydrate 25.7 mg/100 mL + dextrose 2.5 g/100 mL + magnesium chloride hexahydrate 5.08 mg/100 mL + sodium chloride 538 mg/100 mL + sodium lactate 448 mg/100 mL solution for peritoneal dialysis, 5 L bag (GPP)",20220730
1204444,"calcium chloride dihydrate 25.73 mg/100 mL + dextrose 1.5 g/100 mL + magnesium chloride hexahydrate 10.17 mg/100 mL + sodium chloride 578.6 mg/100 mL + sodium lactate 392.5 mg/100 mL solution for peritoneal dialysis, 2 L bag (GPP)",20211014
1213921,"calcium chloride dihydrate 25.73 mg/100 mL + dextrose 1.5 g/100 mL + magnesium chloride hexahydrate 10.17 mg/100 mL + sodium chloride 584.4 mg/100 mL + sodium lactate 392.5 mg/100 mL solution for peritoneal dialysis, 1.5 L bag (GPP)",20211202
1204485,"calcium chloride dihydrate 25.73 mg/100 mL + dextrose 2.273 g/100 mL + magnesium chloride hexahydrate 10.17 mg/100 mL + sodium chloride 578.6 mg/100 mL + sodium lactate 392.5 mg/100 mL solution for peritoneal dialysis, 2 L bag (GPP)",20211014
1232262,"calcium chloride dihydrate 25.73 mg/100 mL + dextrose 4.25 g/100 mL + magnesium chloride hexahydrate 10.17 mg/100 mL + sodium chloride 578.6 mg/100 mL + sodium lactate 392.5 mg/100 mL solution for peritoneal dialysis, 2 L bag (GPP)",20220428
1206572,"calcium chloride dihydrate 29.4 mg/100 mL + dextrose 5 g/100 mL + magnesium chloride hexahydrate 40.7 mg/100 mL + potassium chloride 149 mg/100 mL + sodium chloride 11.7 mg/100 mL + sodium citrate dihydrate 274.5 mg/100 mL solution for infusion, 500 mL bottle (GPP)",20211029
1157789,"calcium chloride dihydrate 48 mg/100 mL + magnesium chloride hexahydrate 30 mg/100 mL + potassium chloride 75 mg/100 mL + sodium acetate trihydrate 390 mg/100 mL + sodium chloride 640 mg/100 mL + sodium citrate dihydrate 17 g/100 mL irrigation solution, 15 mL bottle (GPP)",20200815
1215654,"calcium chloride dihydrate 48 mg/100 mL + magnesium chloride hexahydrate 30 mg/100 mL + potassium chloride 75 mg/100 mL + sodium acetate trihydrate 390 mg/100 mL + sodium chloride 640 mg/100 mL + sodium citrate dihydrate 170 mg/100 mL irrigation solution, 500 mL bag (GPP)",20211202
1118062,"calcium chloride dihydrate 514.5 mg/100 mL + lactic acid 203.3 mg/100 mL + magnesium chloride hexahydrate 540 mg/100 mL + sodium bicarbonate 645 mg/100 mL + sodium chloride 309 mg/100 mL solution for haemodialysis/haemofiltration, 2 x 5 L bag, 1 box (GPP)",20190628
1207596,"calcium citrate 950 mg tablet, 60 tablet (1 x 60 tablet bottle), 1 box (GPP)",20211110
1207577,"calcium citrate 950 mg tablet, 60 tablet, 1 bottle (GPP)",20211110
1316424,"calcium gluconate 0.45 meq/1 mL solution for injection, 10 mL ampoule (GPP)",20241129
1316448,"calcium gluconate 0.45 meq/1 mL solution for injection, 50 ampoule, 1 box (GPP)",20241129
1080190,"calcium lactate 300 mg tablet, 1000 tablet, 1 bottle (GPP)",20190216
1108202,"calcium lactate 300 mg tablet, 1000 tablet, 1 jar (GPP)",20190411
1205721,"calcium levulinate 250 mg/3 mL solution for injection [10 x 3 mL ampoule] (&) cyanocobalamin 1.2 mg/2 mL + dexpanthenol 25 mg/2 mL + niacinamide 10 mg/2 mL + pyridoxine hydrochloride 1 mg/2 mL + thiamine hydrochloride 25 mg/2 mL solution for injection [10 x 2 mL ampoule], 1 tube 1 box (GPP)",20211202
1205573,"calcium levulinate 250 mg/3 mL solution for injection, 10 x 3 mL ampoule, 1 box (GPP)",20211029
1205556,"calcium levulinate 250 mg/3 mL solution for injection, 3 mL ampoule (GPP)",20211029
1111112,"calcium pantothenate 2 mg + nicotinamide 5 mg + pyridoxine hydrochloride 1 mg + riboflavin 2 mg + thiamine hydrochloride 5 mg coated tablet, 1000 tablet, 1 bottle (GPP)",20190504
1215840,"calcium pantothenate 5 mg + cyanocobalamin 1 mcg + nicotinamide 50 mg + pyridoxine hydrochloride 1 mg + riboflavin 5 mg + thiamine mononitrate 10 mg coated tablet, 100 tablet, 1 bottle (GPP)",20211202
1215829,"calcium pantothenate 5 mg + cyanocobalamin 1 mcg + nicotinamide 50 mg + pyridoxine hydrochloride 1 mg + riboflavin 5 mg + thiamine mononitrate 10 mg coated tablet, 1000 tablet (1 x 1000 tablet bottle), 1 box (GPP)",20211202
1215801,"calcium pantothenate 5 mg + cyanocobalamin 1 mcg + nicotinamide 50 mg + pyridoxine hydrochloride 1 mg + riboflavin 5 mg + thiamine mononitrate 10 mg coated tablet, 1000 tablet, 1 bottle (GPP)",20211202
1210039,"calcium pantothenate 5 mg + cyanocobalamin 25 mcg + dried yeast 100 mg + nicotinamide 20 mg + pyridoxine hydrochloride 2 mg + riboflavin 2 mg + thiamine mononitrate 10 mg film-coated tablet, 100 tablet (1 x 100 tablet bottle), 1 box (GPP)",20211110
1210018,"calcium pantothenate 5 mg + cyanocobalamin 25 mcg + dried yeast 100 mg + nicotinamide 20 mg + pyridoxine hydrochloride 2 mg + riboflavin 2 mg + thiamine mononitrate 10 mg film-coated tablet, 100 tablet, 1 bottle (GPP)",20211110
1206881,"calcium pantothenate 5 mg + cyanocobalamin 25 mcg + nicotinamide 20 mg + pyridoxine hydrochloride 2 mg + riboflavin 2 mg + thiamine hydrochloride 10 mg coated tablet, 100 tablet (1 x 100 tablet bottle), 1 box (GPP)",20211029
1206868,"calcium pantothenate 5 mg + cyanocobalamin 25 mcg + nicotinamide 20 mg + pyridoxine hydrochloride 2 mg + riboflavin 2 mg + thiamine hydrochloride 10 mg coated tablet, 100 tablet, 1 bottle (GPP)",20211029
1132104,"calcium pantothenate 5 mg/5 mL + cyanocobalamin 5 mcg/5 mL + doxercalciferol 200 iu/5 mL + lysine hydrochloride 50 mg/5 mL + nicotinamide 20 mg/5 mL + pyridoxine hydrochloride 1 mg/5 mL + retinol 1000 iu/5 mL + riboflavin 3 mg/5 mL + thiamine hydrochloride 5 mg/5 mL syrup, 60 mL bottle, 1 bottle (GPP)",20191115
1132087,"calcium pantothenate 5 mg/5 mL + cyanocobalamin 5 mcg/5 mL + doxercalciferol 200 iu/5 mL + lysine hydrochloride 50 mg/5 mL + nicotinamide 20 mg/5 mL + pyridoxine hydrochloride 1 mg/5 mL + retinol 1000 iu/5 mL + riboflavin 3 mg/5 mL + thiamine hydrochloride 5 mg/5 mL syrup, 60 mL bottle, 1 box (GPP)",20191115
1200624,"calcium pantothenate 8 mg + nicotinamide 15 mg + pyridoxine hydrochloride 1 mg + riboflavin 1 mg + thiamine hydrochloride 1 mg coated tablet, 1000 tablet, 1 jar (GPP)",20210813
1220076,"calcium polystyrene sulfonate 5 g powder for oral/rectal suspension, 100 x 5 g sachet, 1 box (GPP)",20211230
1220053,"calcium polystyrene sulfonate 5 g powder for oral/rectal suspension, 5 g sachet (GPP)",20211230
1177777,"calendula extract 2.7 g/100 mL + chamomile extract 2.7 g/100 mL + d-alpha tocopherol 4 g/100 mL + jojoba oil 4 g/100 mL + pennywort extract 2.7 g/100 mL cutaneous emulsion, 60 mL bottle (GPP)",20210211
1263235,"calfactant 105 mg/3 mL endotracheopulmonary instillation, suspension, 1 x 3 mL vial, 1 box (GPP)",20230522
1263219,"calfactant 105 mg/3 mL endotracheopulmonary instillation, suspension, 3 mL vial (GPP)",20230522
1325688,"camphor 1.8 g/100 g + eugenol 1.4 g/100 g + menthol 5.64 g/100 g + methyl salicylate 12.5 g/100 g cream, 1 x 25 g tube, 1 box (GPP)",20250313
1325661,"camphor 1.8 g/100 g + eugenol 1.4 g/100 g + menthol 5.64 g/100 g + methyl salicylate 12.5 g/100 g cream, 1 x 25 g tube, 1 tube (GPP)",20250313
1127222,"camphor 12 g/100 g + eucalyptus oil 9.2 g/100 g + menthol 68 g/100 g inhalation vapour, solution, 12 x 2 mL inhaler, 1 box (GPP)",20191004
1127205,"camphor 12 g/100 g + eucalyptus oil 9.2 g/100 g + menthol 68 g/100 g inhalation vapour, solution, 2 mL inhaler, 1 blister (GPP)",20191004
1127246,"camphor 12 g/100 g + eucalyptus oil 9.2 g/100 g + menthol 68 g/100 g inhalation vapour, solution, 6 x 2 mL inhaler, 1 blister (GPP)",20191004
1187692,"camphor 13.5 mg/15 mL + peppermint oil 0.0255 mL/15 mL + rhubarb 75 mg/15 mL + sodium bicarbonate 270 mg/15 mL oral solution, 300 mL bottle (GPP)",20210418
1325603,"camphor 2 g/100 g + eucalyptus oil 2 g/100 g + eugenol 2 g/100 g + menthol 10 g/100 g + methyl salicylate 15 g/100 g cream, 1 x 30 g tube, 1 box (GPP)",20250313
1325585,"camphor 2 g/100 g + eucalyptus oil 2 g/100 g + eugenol 2 g/100 g + menthol 10 g/100 g + methyl salicylate 15 g/100 g cream, 1 x 30 g tube, 1 tube (GPP)",20250313
1193423,"camphor 3 g/100 g + menthol 5 g/100 g + menthyl salicylate 15 g/100 g cream, 1 x 30 g tube, 1 box (GPP)",20210715
1193406,"camphor 3 g/100 g + menthol 5 g/100 g + menthyl salicylate 15 g/100 g cream, 30 g tube (GPP)",20210715
1191682,"camphor 3 g/100 g + menthol 5 g/100 g + methyl salicylate 15 g/100 g cream, 1 x 100 g tube, 1 box (GPP)",20210616
1191669,"camphor 3 g/100 g + menthol 5 g/100 g + methyl salicylate 15 g/100 g cream, 100 g tube (GPP)",20210616
1175737,"camphor 3.33 g/100 mL + menthol 3.33 g/100 mL + resorcinol 1.67 g/100 mL cutaneous solution, 450 mL bottle (GPP)",20210211
1175771,"camphor 3.33 g/100 mL + menthol 3.33 g/100 mL + resorcinol 1.67 g/100 mL cutaneous solution, 60 mL bottle (GPP)",20210211
1161323,"camphor 5.2 g/100 mL + menthol 5.2 g/100 mL + methyl salicylate 5 g/100 mL + nonivamide 8 mg/100 mL cutaneous solution, 1 x 60 mL bottle, 1 box (GPP)",20200920
1161306,"camphor 5.2 g/100 mL + menthol 5.2 g/100 mL + methyl salicylate 5 g/100 mL + nonivamide 8 mg/100 mL cutaneous solution, 60 mL bottle (GPP)",20200920
1060444,"canagliflozin 100 mg film-coated tablet, 10 tablet, 1 blister (GPP)",20190216
1060463,"canagliflozin 100 mg film-coated tablet, 30 tablet (3 x 10 tablet blister), 1 box (GPP)",20190216
1060485,"canagliflozin 300 mg film-coated tablet, 10 tablet, 1 blister (GPP)",20190216
1060503,"canagliflozin 300 mg film-coated tablet, 30 tablet (3 x 10 tablet blister), 1 box (GPP)",20190216
1081693,"candesartan cilexetil 16 mg + hydrochlorothiazide 12.5 mg tablet, 28 tablet (4 x 7 tablet blister), 1 box (GPP)",20190216
1081672,"candesartan cilexetil 16 mg + hydrochlorothiazide 12.5 mg tablet, 7 tablet, 1 blister (GPP)",20190216
1065030,"candesartan cilexetil 16 mg tablet, 10 tablet, 1 blister (GPP)",20190216
1213118,"candesartan cilexetil 16 mg tablet, 100 tablet (10 x 10 tablet blister), 1 box (GPP)",20211202
1056461,"candesartan cilexetil 16 mg tablet, 28 tablet (4 x 7 tablet blister), 1 box (GPP)",20190216
1065053,"candesartan cilexetil 16 mg tablet, 30 tablet (3 x 10 tablet blister), 1 box (GPP)",20190216
1056442,"candesartan cilexetil 16 mg tablet, 7 tablet, 1 blister (GPP)",20190216
1081655,"candesartan cilexetil 8 mg + hydrochlorothiazide 12.5 mg tablet, 28 tablet (4 x 7 tablet blister), 1 box (GPP)",20190216
1081638,"candesartan cilexetil 8 mg + hydrochlorothiazide 12.5 mg tablet, 7 tablet, 1 blister (GPP)",20190216
1065076,"candesartan cilexetil 8 mg tablet, 10 tablet, 1 blister (GPP)",20190216
1213141,"candesartan cilexetil 8 mg tablet, 100 tablet (10 x 10 tablet blister), 1 box (GPP)",20211202
1056501,"candesartan cilexetil 8 mg tablet, 28 tablet (4 x 7 tablet blister), 1 box (GPP)",20190216
1065095,"candesartan cilexetil 8 mg tablet, 30 tablet (3 x 10 tablet blister), 1 box (GPP)",20190216
1056488,"candesartan cilexetil 8 mg tablet, 7 tablet, 1 blister (GPP)",20190216
1129662,"cannabidiol-cannabis extract 100 mg/1 mL oromucosal drops, 1 x 10 mL bottle, 1 box (GPP)",20210429
1191496,"cannabidiol-cannabis extract 100 mg/1 mL oromucosal drops, 1 x 5 mL bottle, 1 box (GPP)",20210616
1188099,"cannabidiol-cannabis extract 100 mg/1 mL oromucosal drops, 10 mL bottle (GPP)",20210429
1191477,"cannabidiol-cannabis extract 100 mg/1 mL oromucosal drops, 5 mL bottle (GPP)",20210616
1129586,"cannabidiol-cannabis extract 25 mg/1 mL + delta-9-tetrahydrocannabinol-cannabis extract 27 mg/1 mL oromucosal drops, 1 x 5 mL bottle, 1 box (GPP)",20210211
1174445,"cannabidiol-cannabis extract 25 mg/1 mL + delta-9-tetrahydrocannabinol-cannabis extract 27 mg/1 mL oromucosal drops, 5 mL bottle (GPP)",20210211
1100542,"capecitabine 150 mg film-coated tablet, 10 tablet, 1 blister (GPP)",20190302
1100561,"capecitabine 150 mg film-coated tablet, 60 tablet (6 x 10 tablet blister), 1 box (GPP)",20190302
1060369,"capecitabine 500 mg film-coated tablet, 10 tablet, 1 blister (GPP)",20190216
1060382,"capecitabine 500 mg film-coated tablet, 120 tablet (12 x 10 tablet blister), 1 box (GPP)",20190216
1234872,"capmatinib 150 mg film-coated tablet, 12 tablet, 1 blister (GPP)",20220514
1234893,"capmatinib 150 mg film-coated tablet, 60 tablet (5 x 12 tablet blister), 1 box (GPP)",20220514
1234961,"capmatinib 200 mg film-coated tablet, 12 tablet, 1 blister (GPP)",20220514
1234988,"capmatinib 200 mg film-coated tablet, 60 tablet (5 x 12 tablet blister), 1 box (GPP)",20220514
1205905,"capsicum tincture 1.8 mL/15 mL + compound cardamom tincture 0.12 mL/15 mL + weak ginger tincture 0.12 mL/15 mL oral solution, 240 mL bottle (GPP)",20211029
1183877,"capsicum tincture 40 mcL/10 mL + cardamom tincture 1.2 mL/10 mL + sodium bicarbonate 100 mg/10 mL + strong ginger tincture 160 mcL/10 mL oral solution, 240 mL bottle (GPP)",20210331
1266376,"captopril 1 mg/1 mL oral suspension, 25 mL bottle (GPP)",20230617
1081519,"captopril 12.5 mg tablet, 10 tablet, 1 blister (GPP)",20190216
1081535,"captopril 12.5 mg tablet, 100 tablet (10 x 10 tablet blister), 1 box (GPP)",20190216
1081557,"captopril 25 mg tablet, 10 tablet, 1 blister (GPP)",20190216
1081574,"captopril 25 mg tablet, 100 tablet (10 x 10 tablet blister), 1 box (GPP)",20190216
1157216,"carbamazepine 20 mg/1 mL oral suspension, 60 mL bottle (GPP)",20210731
1071436,"carbamazepine 200 mg modified-release tablet, 10 tablet, 1 blister (GPP)",20190216
1071458,"carbamazepine 200 mg modified-release tablet, 200 tablet (20 x 10 tablet blister), 1 box (GPP)",20190216
1071518,"carbamazepine 200 mg prolonged-release tablet, 10 tablet, 1 strip (GPP)",20190216
1071539,"carbamazepine 200 mg prolonged-release tablet, 30 tablet (3 x 10 tablet strip), 1 box (GPP)",20190216
1087464,"carbamazepine 200 mg tablet, 10 tablet, 1 blister (GPP)",20190216
1071399,"carbamazepine 200 mg tablet, 10 tablet, 1 strip (GPP)",20190216
1087486,"carbamazepine 200 mg tablet, 500 tablet (50 x 10 tablet blister), 1 box (GPP)",20190216
1071415,"carbamazepine 200 mg tablet, 500 tablet (50 x 10 tablet strip), 1 box (GPP)",20190216
1071470,"carbamazepine 400 mg modified-release tablet, 10 tablet, 1 blister (GPP)",20190216
1071491,"carbamazepine 400 mg modified-release tablet, 200 tablet (20 x 10 tablet blister), 1 box (GPP)",20190216
1071556,"carbamazepine 400 mg prolonged-release tablet, 10 tablet, 1 strip (GPP)",20190216
1071573,"carbamazepine 400 mg prolonged-release tablet, 30 tablet (3 x 10 tablet strip), 1 box (GPP)",20190216
1141318,"carbaril 600 mg/100 mL shampoo, 50 mL bottle, 1 bottle (GPP)",20200404
1141339,"carbaril 600 mg/100 mL shampoo, 50 mL bottle, 1 box (GPP)",20200404
1224144,"carbetocin 100 mcg/1 mL solution for injection, 1 mL vial (GPP)",20220303
1048003,"carbetocin 100 mcg/1 mL solution for injection, 5 x 1 mL vial, 1 box (GPP)",20220303
1072451,"carbidopa 25 mg + entacapone 200 mg + levodopa 100 mg film-coated tablet, 100 tablet (1 x 100 tablet bottle), 1 box (GPP)",20190216
1072433,"carbidopa 25 mg + entacapone 200 mg + levodopa 100 mg film-coated tablet, 100 tablet, 1 bottle (GPP)",20190216
1072319,"carbidopa 25 mg + levodopa 100 mg tablet, 10 tablet, 1 blister (GPP)",20190216
1072335,"carbidopa 25 mg + levodopa 100 mg tablet, 100 tablet (10 x 10 tablet blister), 1 box (GPP)",20190216
1072357,"carbidopa 25 mg + levodopa 250 mg tablet, 10 tablet, 1 blister (GPP)",20190216
1214465,"carbidopa 25 mg + levodopa 250 mg tablet, 100 tablet (10 x 10 tablet blister), 1 box (GPP)",20211202
1072374,"carbidopa 25 mg + levodopa 250 mg tablet, 500 tablet (50 x 10 tablet blister), 1 box (GPP)",20190216
1072498,"carbidopa 37.5 mg + entacapone 200 mg + levodopa 150 mg film-coated tablet, 100 tablet (1 x 100 tablet bottle), 1 box (GPP)",20190216
1072479,"carbidopa 37.5 mg + entacapone 200 mg + levodopa 150 mg film-coated tablet, 100 tablet, 1 bottle (GPP)",20190216
1317323,"carbocisteine 100 mg/5 mL syrup, 1 bottle, 1 box (GPP)",20241215
1047110,"carbocisteine 100 mg/5 mL syrup, 60 mL bottle (GPP)",20241215
1169089,"carbocisteine 250 mg/5 mL syrup, 1 x 60 mL bottle, 1 box (GPP)",20201202
1047181,"carbocisteine 250 mg/5 mL syrup, 60 mL bottle (GPP)",20201202
1077376,"carbocisteine 375 mg tablet, 10 tablet, 1 blister (GPP)",20190216
1108107,"carbocisteine 375 mg tablet, 10 tablet, 1 strip (GPP)",20190411
1077395,"carbocisteine 375 mg tablet, 500 tablet (50 x 10 tablet blister), 1 box (GPP)",20190216
1108124,"carbocisteine 375 mg tablet, 500 tablet (50 x 10 tablet strip), 1 box (GPP)",20190411
1304487,"carbocisteine 500 mg capsule, hard, 10 capsule (1 x 10 capsule blister), 1 box (GPP)",20240817
1147892,"carbocisteine 500 mg capsule, hard, 10 capsule, blister (GPP)",20240817
1147918,"carbocisteine 500 mg capsule, hard, 200 capsule (20 x 10 capsule blister), 1 box (GPP)",20200614
1151451,"carbocisteine 500 mg capsule, hard, 250 capsule (25 x 10 capsule blister), 1 box (GPP)",20200705
1319233,"carbomer 500 mg/100 mL + glycerol 50 g/100 mL oral gel, 5 g tube (GPP)",20241225
1099681,"carboplatin 150 mg/15 mL concentrate for solution for infusion, 1 x 15 mL vial, 1 box (GPP)",20240615
1300326,"carboplatin 150 mg/15 mL concentrate for solution for infusion, 15 mL vial (GPP)",20240615
1099668,"carboplatin 450 mg/45 mL concentrate for solution for infusion, 1 vial, 1 box (GPP)",20241005
1309391,"carboplatin 450 mg/45 mL concentrate for solution for infusion, 45 mL vial (GPP)",20241005
1203255,"carfilzomib 30 mg powder for solution for infusion, 1 vial (1 x 1 vial), 1 box (GPP)",20210930
1203238,"carfilzomib 30 mg powder for solution for infusion, 1 vial (GPP)",20210930
1223084,"carglumic acid 200 mg dispersible tablet, 5 tablet (1 x 5 tablet bottle), 1 box (GPP)",20220217
1223066,"carglumic acid 200 mg dispersible tablet, 5 tablet, 1 bottle (GPP)",20220217
1137199,"cariprazine 1.5 mg capsule, hard, 28 capsule (4 x 7 capsule blister), 1 box (GPP)",20200213
1137175,"cariprazine 1.5 mg capsule, hard, 7 capsule, 1 blister (GPP)",20200213
1137286,"cariprazine 3 mg capsule, hard, 28 capsule (4 x 7 capsule blister), 1 box (GPP)",20200213
1137264,"cariprazine 3 mg capsule, hard, 7 capsule, 1 blister (GPP)",20200213
1137374,"cariprazine 4.5 mg capsule, hard, 28 capsule (4 x 7 capsule blister), 1 box (GPP)",20200213
1137357,"cariprazine 4.5 mg capsule, hard, 7 capsule, 1 blister (GPP)",20200213
1137467,"cariprazine 6 mg capsule, hard, 28 capsule (4 x 7 capsule blister), 1 box (GPP)",20200213
1137446,"cariprazine 6 mg capsule, hard, 7 capsule, 1 blister (GPP)",20200213
1253812,"carmellose sodium 1 g/100 mL + glycerol 900 mg/100 mL eye drops, solution, 1 x 10 mL bottle, 1 box (GPP)",20230203
1253798,"carmellose sodium 1 g/100 mL + glycerol 900 mg/100 mL eye drops, solution, 10 mL bottle (GPP)",20230203
1229451,"carmellose sodium 500 mg/100 mL + glycerol 1 g/100 mL + hyaluronate sodium 100 mg/100 mL eye drops, solution, 0.4 mL unit dose (GPP)",20220330
1048953,"carmellose sodium 500 mg/100 mL + glycerol 1 g/100 mL + hyaluronate sodium 100 mg/100 mL eye drops, solution, 30 x 0.4 mL unit dose, 1 box (GPP)",20220330
1047904,"carmellose sodium 500 mg/100 mL + glycerol 900 mg/100 mL + hyaluronate sodium 100 mg/100 mL eye drops, solution, 1 x 10 mL bottle, 1 box (GPP)",20220330
1229433,"carmellose sodium 500 mg/100 mL + glycerol 900 mg/100 mL + hyaluronate sodium 100 mg/100 mL eye drops, solution, 10 mL bottle (GPP)",20220330
1236241,"carmellose sodium 500 mg/100 mL + glycerol 900 mg/100 mL eye drops, solution, 1 x 15 mL bottle, 1 box (GPP)",20220514
1236225,"carmellose sodium 500 mg/100 mL + glycerol 900 mg/100 mL eye drops, solution, 15 mL bottle (GPP)",20220514
1166262,"carmellose sodium 500 mg/100 mL eye drops, solution, 0.4 mL unit dose (GPP)",20201114
1235374,"carmellose sodium 500 mg/100 mL eye drops, solution, 1 x 15 mL bottle, 1 box (GPP)",20220514
1235414,"carmellose sodium 500 mg/100 mL eye drops, solution, 1 x 3 mL bottle, 1 box (GPP)",20220514
1235357,"carmellose sodium 500 mg/100 mL eye drops, solution, 15 mL bottle (GPP)",20220514
1235390,"carmellose sodium 500 mg/100 mL eye drops, solution, 3 mL bottle (GPP)",20220514
1166289,"carmellose sodium 500 mg/100 mL eye drops, solution, 30 x 0.4 mL unit dose, 1 box (GPP)",20201114
1099328,"carmustine 100 mg powder and solvent for solution for injection, 1 vial, 1 box (GPP)",20190216
1253588,"carnitine 10 g/100 mL powder for oral solution, 100 mL bottle (GPP)",20230203
1266444,"carvedilol 1 mg/1 mL oral suspension, 25 mL bottle (GPP)",20230617
1056966,"carvedilol 12.5 mg tablet, 10 tablet blister (GPP)",20240629
1056984,"carvedilol 12.5 mg tablet, 100 tablet (10 x 10 tablet blister), 1 box (GPP)",20190216
1057009,"carvedilol 25 mg tablet, 10 tablet blister (GPP)",20240629
1057021,"carvedilol 25 mg tablet, 100 tablet (10 x 10 tablet blister), 1 box (GPP)",20190216
1057045,"carvedilol 6.25 mg tablet, 10 tablet blister (GPP)",20240629
1057066,"carvedilol 6.25 mg tablet, 100 tablet (10 x 10 tablet blister), 1 box (GPP)",20190216
1211995,"casirivimab 120 mg/1 mL concentrate for solution for infusion [1 x 11.1 mL vial] (&) imdevimab 120 mg/1 mL concentrate for solution for infusion [1 x 11.1 mL vial], 1 box (GPP)",20211202
1211866,"casirivimab 120 mg/1 mL concentrate for solution for infusion [1 x 2.5 mL vial] (&) imdevimab 120 mg/1 mL concentrate for solution for infusion [1 x 2.5 mL vial], 1 box (GPP)",20211202
1211907,"casirivimab 120 mg/1 mL concentrate for solution for infusion, 11.1 mL vial (GPP)",20211202
1211734,"casirivimab 120 mg/1 mL concentrate for solution for infusion, 2.5 mL vial (GPP)",20211202
1099131,"caspofungin 50 mg powder for concentrate for solution for infusion, 1 vial, 1 box (GPP)",20190216
1099154,"caspofungin 70 mg powder for concentrate for solution for infusion, 1 vial, 1 box (GPP)",20190216
1190413,"castor oil 100 mL/100 mL oral liquid, 450 mL bottle (GPP)",20210604
1186290,"castor oil 100 mL/100 mL oral liquid, 60 mL bottle (GPP)",20210418
1296654,"cat (felis catus) hair allergen extract 10000 BAU/1 mL solution for skin-prick test, 1 x 5 mL bottle, 1 box (GPP)",20240412
1296631,"cat (felis catus) hair allergen extract 10000 BAU/1 mL solution for skin-prick test, 5 mL bottle (GPP)",20240412
1046674,"cefaclor 125 mg/5 mL granules for oral suspension, 60 mL bottle, 1 box (GPP)",20181217
1046690,"cefaclor 250 mg/5 mL granules for oral suspension, 60 mL bottle, 1 box (GPP)",20181217
1084108,"cefaclor 375 mg modified-release tablet, 10 tablet (1 x 10 tablet blister), 1 box (GPP)",20190216
1084080,"cefaclor 375 mg modified-release tablet, 10 tablet, 1 blister (GPP)",20190216
1045173,"cefaclor 375 mg modified-release tablet, 10 tablet, 1 strip (GPP)",20181217
1045194,"cefaclor 375 mg modified-release tablet, 50 tablet (5 x 10 tablet strip), 1 box (GPP)",20181217
1184825,"cefalexin 125 mg/5 mL powder for oral suspension, 60 mL bottle (GPP)",20210331
1053175,"cefalexin 125 mg/5 mL powder for oral suspension, 60 mL bottle, 1 box (GPP)",20190216
1083908,"cefalexin 250 mg capsule, hard, 10 capsule, 1 blister (GPP)",20190216
1083920,"cefalexin 250 mg capsule, hard, 100 capsule (10 x 10 capsule blister), 1 box (GPP)",20190216
1053217,"cefalexin 500 mg capsule, hard, 10 capsule, 1 blister (GPP)",20190216
1083880,"cefalexin 500 mg capsule, hard, 100 capsule (1 x 100 capsule bottle), 1 box (GPP)",20190216
1053238,"cefalexin 500 mg capsule, hard, 100 capsule (10 x 10 capsule blister), 1 box (GPP)",20190216
1083867,"cefalexin 500 mg capsule, hard, 100 capsule, 1 bottle (GPP)",20190216
1196142,"cefazolin 1 g powder for solution for injection, 1 vial (GPP)",20210731
1097855,"cefazolin 1 g powder for solution for injection, 10 vial (10 x 1 vial), 1 box (GPP)",20220330
1110243,"cefazolin 1 g powder for solution for injection, 50 vial (50 x 1 vial), 1 box (GPP)",20210731
1157263,"cefazolin 5 g/100 mL eye drops, solution, 5 mL bottle (GPP)",20200801
1062699,"cefdinir 100 mg capsule, hard, 10 blister, 1 box (GPP)",20240913
1062675,"cefdinir 100 mg capsule, hard, 10 capsule, blister (GPP)",20240913
1146574,"cefditoren 100 mg film-coated tablet, 10 tablet (1 x 10 tablet blister), 1 box (GPP)",20210301
1061591,"cefditoren 100 mg film-coated tablet, 10 tablet, 1 blister (GPP)",20210225
1061618,"cefditoren 100 mg film-coated tablet, 100 tablet (10 x 10 tablet blister), 1 box (GPP)",20210225
1196869,"cefditoren 200 mg film-coated tablet, 10 tablet, 1 blister (GPP)",20210731
1196882,"cefditoren 200 mg film-coated tablet, 20 tablet (2 x 10 tablet blister), 1 box (GPP)",20210731
1109296,"cefditoren 200 mg tablet, 10 tablet, 1 blister (GPP)",20190411
1109310,"cefditoren 200 mg tablet, 20 tablet (2 x 10 tablet blister), 1 box (GPP)",20190411
1097974,"cefepime 1 g powder for solution for injection/infusion, 1 vial (1 x 1 vial), 1 box (GPP)",20230203
1191567,"cefepime 1 g powder for solution for injection/infusion, 1 vial (GPP)",20230203
1064579,"cefixime 100 mg capsule, hard, 10 blister, 1 box (GPP)",20240913
1064551,"cefixime 100 mg capsule, hard, 10 capsule, blister (GPP)",20240913
1186337,"cefixime 100 mg/5 mL powder for oral suspension, 1 x 30 mL bottle, 1 box (GPP)",20210418
1186316,"cefixime 100 mg/5 mL powder for oral suspension, 30 mL bottle (GPP)",20210418
1204865,"cefminox 1 g powder for solution for injection, 1 vial (GPP)",20211014
1204883,"cefminox 1 g powder for solution for injection, 10 vial (10 x 1 vial), 1 box (GPP)",20211014
1098981,"cefoperazone 1 g + sulbactam 500 mg powder for solution for injection, 1 vial (1 x 1 vial), 1 box (GPP)",20220303
1225714,"cefoperazone 1 g + sulbactam 500 mg powder for solution for injection, 1 vial (GPP)",20220303
1097957,"cefoperazone 500 mg + sulbactam 500 mg powder for solution for injection, 1 vial, 1 box (GPP)",20190216
1194752,"cefotaxime 1 g powder for solution for injection/infusion, 1 vial (GPP)",20210715
1195968,"cefotaxime 1 g powder for solution for injection/infusion, 10 vial (10 x 1 vial), 1 box (GPP)",20210731
1194775,"cefotaxime 1 g powder for solution for injection/infusion, 50 vial (50 x 1 vial), 1 box (GPP)",20210715
1112625,"cefotaxime 2 g powder for solution for injection/infusion, 1 vial, 1 box (GPP)",20190504
1212430,"cefotaxime 500 mg powder for solution for injection/infusion, 1 vial (1 x 1 vial), 1 box (GPP)",20211202
1212411,"cefotaxime 500 mg powder for solution for injection/infusion, 1 vial (GPP)",20211202
1097872,"cefoxitin 1 g powder for solution for injection, 1 vial (1 x 1 vial), 1 box (GPP)",20210616
1191580,"cefoxitin 1 g powder for solution for injection, 1 vial (GPP)",20210616
1289219,"ceftaroline fosamil 600 mg powder for concentrate for solution for infusion, 1 vial (GPP)",20231216
1289235,"ceftaroline fosamil 600 mg powder for concentrate for solution for infusion, 10 vial (10 x 1 vial), 1 box (GPP)",20231216
1284269,"ceftazidime 1 g powder for solution for injection, 1 vial (GPP)",20231001
1097919,"ceftazidime 1 g powder for solution for injection, 1 vial, 1 box (GPP)",20190216
1284282,"ceftazidime 1 g powder for solution for injection, 10 vial (10 x 1 vial), 1 box (GPP)",20231001
1157302,"ceftazidime 5 g/100 mL eye drops, solution, 5 mL bottle (GPP)",20200801
1098968,"ceftriaxone 1 g + lidocaine hydrochloride 10 mg/3.5 mL powder and solvent for solution for injection, 3.5 mL vial, 1 box (GPP)",20190216
1192571,"ceftriaxone 1 g + lidocaine hydrochloride 35 mg/3.5 mL powder and solvent for solution for injection, 1 x 3.5 mL vial, 1 box (GPP)",20210703
1192559,"ceftriaxone 1 g + lidocaine hydrochloride 35 mg/3.5 mL powder and solvent for solution for injection, 3.5 mL vial (GPP)",20210703
1126872,"ceftriaxone 1 g powder and solvent for solution for injection/infusion, 1 vial, 1 box (GPP)",20191004
1098923,"ceftriaxone 1 g powder for solution for injection/infusion, 1 vial (1 x 1 vial), 1 box (GPP)",20210616
1159033,"ceftriaxone 1 g powder for solution for injection/infusion, 1 vial (GPP)",20200904
1097935,"ceftriaxone 1 g powder for solution for injection/infusion, 10 vial (10 x 1 vial), 1 box (GPP)",20200904
1191546,"ceftriaxone 2 g powder for solution for injection/infusion, 1 vial (1 x 1 vial), 1 box (GPP)",20210616
1174534,"ceftriaxone 2 g powder for solution for injection/infusion, 1 vial (GPP)",20210211
1174552,"ceftriaxone 2 g powder for solution for injection/infusion, 10 vial, 1 box (GPP)",20241117
1212051,"ceftriaxone 250 mg + lidocaine hydrochloride 20 mg/2 mL powder and solvent for solution for injection, 1 x 2 mL vial, 1 box (GPP)",20211202
1212033,"ceftriaxone 250 mg + lidocaine hydrochloride 20 mg/2 mL powder and solvent for solution for injection, 2 mL vial (GPP)",20211202
1139301,"ceftriaxone 5 g powder for solution for injection/infusion, 12 vial, 1 box (GPP)",20200227
1098947,"ceftriaxone 500 mg + lidocaine hydrochloride 20 mg/2 mL powder and solvent for solution for injection, 2 mL vial, 1 box (GPP)",20190216
1274644,"ceftriaxone 500 mg powder for solution for injection/infusion, 1 vial (1 x 1 vial), 1 box (GPP)",20230715
1274628,"ceftriaxone 500 mg powder for solution for injection/infusion, 1 vial (GPP)",20230715
1083965,"cefuroxime 250 mg film-coated tablet, 10 tablet (1 x 10 tablet blister), 1 box (GPP)",20190216
1083949,"cefuroxime 250 mg film-coated tablet, 10 tablet, 1 blister (GPP)",20190216
1110551,"cefuroxime 250 mg film-coated tablet, 10 tablet, 1 strip (GPP)",20190411
1138866,"cefuroxime 250 mg film-coated tablet, 100 tablet (10 x 10 tablet blister), 1 box (GPP)",20200227
1110579,"cefuroxime 250 mg film-coated tablet, 100 tablet (10 x 10 tablet strip), 1 box (GPP)",20190411
1084067,"cefuroxime 500 mg film-coated tablet, 10 tablet (1 x 10 tablet blister), 1 box (GPP)",20190216
1084005,"cefuroxime 500 mg film-coated tablet, 10 tablet (2 x 5 tablet blister), 1 box (GPP)",20190216
1084046,"cefuroxime 500 mg film-coated tablet, 10 tablet, 1 blister (GPP)",20190216
1138911,"cefuroxime 500 mg film-coated tablet, 100 tablet (10 x 10 tablet blister), 1 box (GPP)",20200227
1083983,"cefuroxime 500 mg film-coated tablet, 5 tablet, 1 blister (GPP)",20190216
1097893,"cefuroxime 750 mg powder for solution for injection/infusion, 1 vial (1 x 1 vial), 1 box (GPP)",20210731
1196161,"cefuroxime 750 mg powder for solution for injection/infusion, 1 vial (GPP)",20210731
1228403,"celecoxib 200 mg capsule, hard, 10 capsule (1 x 10 capsule blister), 1 box (GPP)",20220330
1070379,"celecoxib 200 mg capsule, hard, 10 capsule, 1 blister (GPP)",20190216
1070398,"celecoxib 200 mg capsule, hard, 100 capsule (10 x 10 capsule blister), 1 box (GPP)",20190216
1145349,"celecoxib 200 mg capsule, hard, 30 capsule (3 x 10 capsule blister), 1 box (GPP)",20200517
1239923,"celecoxib 400 mg capsule, hard, 10 capsule (1 x 10 capsule blister), 1 box (GPP)",20220730
1070419,"celecoxib 400 mg capsule, hard, 10 capsule, blister (GPP)",20240802
1122614,"celecoxib 400 mg capsule, hard, 100 capsule (10 x 10 capsule blister), 1 box (GPP)",20190815
1070435,"celecoxib 400 mg capsule, hard, 60 capsule (6 x 10 capsule blister), 1 box (GPP)",20190216
1086133,"ceritinib 150 mg capsule, hard, 10 capsule, 1 blister (GPP)",20190216
1086151,"ceritinib 150 mg capsule, hard, 50 capsule (5 x 10 capsule blister), 1 box (GPP)",20190216
1131202,"cetirizine hydrochloride 10 mg capsule, soft, 10 capsule, 1 blister (GPP)",20191115
1131225,"cetirizine hydrochloride 10 mg capsule, soft, 50 capsule (5 x 10 capsule blister), 1 box (GPP)",20191115
1221800,"cetirizine hydrochloride 10 mg film-coated tablet, 10 tablet (1 x 10 tablet blister), 1 box (GPP)",20220203
1075964,"cetirizine hydrochloride 10 mg film-coated tablet, 10 tablet, 1 blister (GPP)",20190216
1091168,"cetirizine hydrochloride 10 mg film-coated tablet, 100 tablet (10 x 10 tablet blister), 1 box (GPP)",20190216
1130718,"cetirizine hydrochloride 10 mg film-coated tablet, 1000 tablet (100 x 10 tablet blister), 1 box (GPP)",20191115
1075986,"cetirizine hydrochloride 10 mg film-coated tablet, 500 tablet (50 x 10 tablet blister), 1 box (GPP)",20190216
1166757,"cetirizine hydrochloride 5 mg/5 mL syrup, 1 x 60 mL bottle, 1 box (GPP)",20201114
1166735,"cetirizine hydrochloride 5 mg/5 mL syrup, 60 mL bottle (GPP)",20201114
1099718,"cetuximab 100 mg/20 mL solution for infusion, 20 mL vial, 1 box (GPP)",20190216
1165836,"cetyl alcohol 1.2 g/100 g + glycerol 3 mL/100 g + methylparaben 40 mg/100 g + mineral oil 18 mL/100 g + propylparaben 30 mg/100 g + stearyl alcohol 3.3 g/100 g + white petrolatum 10 g/100 g cream, 255 g jar (GPP)",20201030
1267121,"cetyl alcohol 1.2 g/100 g + glycerol 3 mL/100 g + methylparaben 40 mg/100 g + mineral oil 18 mL/100 g + propylparaben 30 mg/100 g + stearyl alcohol 3.3 g/100 g + white petrolatum 10 g/100 g cream, 30 g jar (GPP)",20230617
1165870,"cetyl alcohol 1.2 g/100 g + glycerol 3 mL/100 g + methylparaben 40 mg/100 g + mineral oil 18 mL/100 g + propylparaben 30 mg/100 g + stearyl alcohol 3.3 g/100 g + white petrolatum 10 g/100 g cream, 450 g jar (GPP)",20201030
1208234,"cetyl alcohol 2.85 g/100 g + propylene glycol 7.25 mL/100 g + stearyl alcohol 7.7 g/100 g cream, 30 g jar (GPP)",20211110
1208275,"cetyl alcohol 2.85 g/100 g + propylene glycol 7.25 mL/100 g + stearyl alcohol 7.7 g/100 g cream, 5 g jar (GPP)",20211110
1208193,"cetyl alcohol 2.85 g/100 g + propylene glycol 7.25 mL/100 g + stearyl alcohol 7.7 g/100 g cream, 500 g jar (GPP)",20211110
1178787,"cetyl alcohol 3 g/100 g + mineral oil 10 mL/100 g + stearic acid 500 mg/100 g + stearyl alcohol 10 g/100 g cream, 10 g jar (GPP)",20210226
1198085,"cetyl alcohol 3 g/100 g + mineral oil 10 mL/100 g + stearic acid 500 mg/100 g + stearyl alcohol 10 g/100 g cream, 12 x 25 g tube, 1 box (GPP)",20210813
1198063,"cetyl alcohol 3 g/100 g + mineral oil 10 mL/100 g + stearic acid 500 mg/100 g + stearyl alcohol 10 g/100 g cream, 25 g tube (GPP)",20210813
1189768,"cetyl alcohol 3 g/100 g + mineral oil 10 mL/100 g + stearic acid 500 mg/100 g + stearyl alcohol 10 g/100 g cream, 250 g jar (GPP)",20210513
1172477,"chadox1-s recombinant (azd1222) 50 billion viral particle/0.5 mL solution for injection, 10 x 5 mL vial, 1 box (GPP)",20210128
1172454,"chadox1-s recombinant (azd1222) 50 billion viral particle/0.5 mL solution for injection, 5 mL vial (GPP)",20210128
1218423,"chadox1-s recombinant (azd1222) 50 billion viral particle/0.5 mL suspension for injection, 10 x 5 mL vial, 1 box (GPP)",20211202
1218406,"chadox1-s recombinant (azd1222) 50 billion viral particle/0.5 mL suspension for injection, 5 mL vial (GPP)",20211202
1208983,"chamomile flower tincture 185 mg/1 g + lidocaine hydrochloride 20 mg/1 g oral gel, 1 x 10 g tube, 1 box (GPP)",20211110
1208965,"chamomile flower tincture 185 mg/1 g + lidocaine hydrochloride 20 mg/1 g oral gel, 10 g tube (GPP)",20211110
1313923,"chloral hydrate 100 mg/1 mL oral solution, 15 mL bottle (GPP)",20241117
1313883,"chloral hydrate 100 mg/1 mL oral solution, 60 mL bottle (GPP)",20241117
1257352,"chloral hydrate 40 mg/1 mL syrup, 30 mL bottle (GPP)",20230316
1085695,"chlorambucil 2 mg film-coated tablet, 25 tablet (1 x 25 tablet bottle), 1 box (GPP)",20190216
1085676,"chlorambucil 2 mg film-coated tablet, 25 tablet, 1 bottle (GPP)",20190216
1218256,"chloramphenicol 1 g/100 g eye ointment, 1 x 5 g tube, 1 box (GPP)",20211202
1218239,"chloramphenicol 1 g/100 g eye ointment, 5 g tube (GPP)",20211202
1218336,"chloramphenicol 1 g/100 mL ear drops, solution, 1 x 10 mL bottle, 1 box (GPP)",20211202
1218315,"chloramphenicol 1 g/100 mL ear drops, solution, 10 mL bottle (GPP)",20211202
1218294,"chloramphenicol 500 mg/100 mL eye drops, solution, 1 x 10 mL bottle, 1 box (GPP)",20211202
1218273,"chloramphenicol 500 mg/100 mL eye drops, solution, 10 mL bottle (GPP)",20211202
1211251,"chlordiazepoxide 10 mg capsule, hard, 1000 capsule, 1 jar (GPP)",20211202
1078990,"chlordiazepoxide 5 mg + clidinium bromide 2.5 mg capsule, hard, 10 capsule, 1 blister (GPP)",20190216
1079015,"chlordiazepoxide 5 mg + clidinium bromide 2.5 mg capsule, hard, 500 capsule (50 x 10 capsule blister), 1 box (GPP)",20190216
1078974,"chlordiazepoxide 5 mg + clidinium bromide 2.5 mg coated tablet, 500 tablet (1 x 500 tablet bottle), 1 box (GPP)",20190216
1078957,"chlordiazepoxide 5 mg + clidinium bromide 2.5 mg coated tablet, 500 tablet, 1 bottle (GPP)",20190216
1078935,"chlordiazepoxide 5 mg + clidinium bromide 2.5 mg tablet, 1000 tablet, 1 jar (GPP)",20190216
1211279,"chlordiazepoxide 5 mg coated tablet, 1000 tablet, 1 bottle (GPP)",20211202
1157523,"chlorhexidine gluconate 1 g/100 mL + ethyl alcohol 70 mL/100 mL cutaneous solution, 30 mL bottle (GPP)",20200815
1157829,"chlorhexidine gluconate 1 g/100 mL cutaneous solution, 60 mL bottle (GPP)",20200815
1320225,"chlorhexidine gluconate 10 mg/100 mL irrigation solution, 200 mL bottle (GPP)",20250118
1150447,"chlorhexidine gluconate 100 mL/100 mL cutaneous solution, 500 mL bottle (GPP)",20200705
1255646,"chlorhexidine gluconate 120 mg/100 mL cutaneous solution, 1 L gallon (GPP)",20230217
1315176,"chlorhexidine gluconate 120 mg/100 mL gargle/mouthwash, 1 L bottle (GPP)",20241129
1173368,"chlorhexidine gluconate 120 mg/100 mL gargle/mouthwash, 1 L gallon (GPP)",20210129
1212177,"chlorhexidine gluconate 120 mg/100 mL gargle/mouthwash, 120 mL bottle (GPP)",20211202
1173310,"chlorhexidine gluconate 120 mg/100 mL gargle/mouthwash, 180 mL bottle (GPP)",20210129
1312961,"chlorhexidine gluconate 120 mg/100 mL gargle/mouthwash, 200 mL bottle (GPP)",20241102
1197359,"chlorhexidine gluconate 120 mg/100 mL gargle/mouthwash, 360 mL bottle (GPP)",20210813
1150370,"chlorhexidine gluconate 15 mg/100 mL + ethyl alcohol 7 mL/100 mL cutaneous solution, 450 mL bottle (GPP)",20200705
1178337,"chlorhexidine gluconate 2 g/100 mL + ethyl alcohol 70 mL/100 mL cutaneous solution, 1 L gallon (GPP)",20210226
1157608,"chlorhexidine gluconate 2 g/100 mL + ethyl alcohol 70 mL/100 mL cutaneous solution, 240 mL bottle (GPP)",20200815
1157568,"chlorhexidine gluconate 2 g/100 mL + ethyl alcohol 70 mL/100 mL cutaneous solution, 30 mL bottle (GPP)",20200815
1212196,"chlorhexidine gluconate 2 g/100 mL + isopropyl alcohol 70 mL/100 mL cutaneous solution, 120 mL bottle (GPP)",20211202
1220263,"chlorhexidine gluconate 2 g/100 mL cutaneous solution, 60 mL bottle (GPP)",20211230
1045932,"chlorhexidine gluconate 4 g/100 mL cutaneous solution, 100 mL bottle (GPP)",20220330
1268190,"chlorhexidine gluconate 4 g/100 mL cutaneous solution, 120 mL bottle (GPP)",20230617
1224687,"chlorhexidine gluconate 4 g/100 mL cutaneous solution, 45 mL bottle (GPP)",20220303
1224706,"chlorhexidine gluconate 4 g/100 mL cutaneous solution, 5 L gallon (GPP)",20220303
1222563,"chlorhexidine gluconate 4 g/100 mL cutaneous solution, 500 mL bottle (GPP)",20220203
1045950,"chlorhexidine gluconate 5 g/100 mL cutaneous solution, 100 mL bottle, 1 bottle (GPP)",20181217
1178288,"chlorhexidine gluconate 500 mg/100 mL + ethyl alcohol 70 mL/100 mL cutaneous solution, 1 L gallon (GPP)",20210226
1153630,"chloroquine phosphate 15 mg/1 mL oral suspension, 50 mL bottle (GPP)",20200719
1205323,"chloroxylenol 0.5 mL/100 mL + sodium chloride 500 mg/100 mL gargle/mouthwash, 240 mL bottle (GPP)",20211014
1258317,"chloroxylenol 15 mcg/100 mL + sodium chloride 440 mcg/100 mL gargle/mouthwash, 180 mL bottle (GPP)",20230316
1251419,"chloroxylenol 90 mg/100 mL + menthol 5.4 mcg/100 mL + sodium chloride 85 mg/100 mL gargle/mouthwash, 1 L gallon (GPP)",20221231
1231833,"chlorphenamine maleate 1 mg + dextromethorphan hydrobromide 15 mg + guaifenesin 100 mg tablet, 10 tablet (1 x 10 tablet strip), 1 box (GPP)",20220413
1231814,"chlorphenamine maleate 1 mg + dextromethorphan hydrobromide 15 mg + guaifenesin 100 mg tablet, 10 tablet, 1 strip (GPP)",20220413
1231851,"chlorphenamine maleate 1 mg + dextromethorphan hydrobromide 15 mg + guaifenesin 100 mg tablet, 1000 tablet, 1 jar (GPP)",20220413
1228658,"chlorphenamine maleate 1 mg/5 mL + dextromethorphan hydrobromide 10 mg/5 mL + paracetamol 150 mg/5 mL syrup, 1 x 60 mL bottle, 1 box (GPP)",20220330
1228636,"chlorphenamine maleate 1 mg/5 mL + dextromethorphan hydrobromide 10 mg/5 mL + paracetamol 150 mg/5 mL syrup, 60 mL bottle (GPP)",20220330
1242467,"chlorphenamine maleate 10 mg/1 mL solution for injection, 1 mL ampoule (GPP)",20220915
1098136,"chlorphenamine maleate 10 mg/1 mL solution for injection, 50 x 1 mL ampoule, 1 box (GPP)",20220915
1106818,"chlorphenamine maleate 2 mg + dextromethorphan hydrobromide 15 mg + guaifenesin 100 mg + terpin hydrate 130 mg tablet, 20 tablet (5 x 4 tablet strip), 1 box (GPP)",20190411
1106839,"chlorphenamine maleate 2 mg + dextromethorphan hydrobromide 15 mg + guaifenesin 100 mg + terpin hydrate 130 mg tablet, 240 tablet (60 x 4 tablet strip), 1 box (GPP)",20190411
1106771,"chlorphenamine maleate 2 mg + dextromethorphan hydrobromide 15 mg + guaifenesin 100 mg + terpin hydrate 130 mg tablet, 250 tablet, 1 bottle (GPP)",20190411
1106792,"chlorphenamine maleate 2 mg + dextromethorphan hydrobromide 15 mg + guaifenesin 100 mg + terpin hydrate 130 mg tablet, 4 tablet, 1 strip (GPP)",20190411
1123537,"chlorphenamine maleate 2 mg + paracetamol 325 mg + phenylephrine hydrochloride 10 mg tablet, 100 tablet (25 x 4 tablet strip), 1 box (GPP)",20190829
1123516,"chlorphenamine maleate 2 mg + paracetamol 325 mg + phenylephrine hydrochloride 10 mg tablet, 4 tablet, 1 strip (GPP)",20190829
1180345,"chlorphenamine maleate 2 mg + paracetamol 500 mg + phenylephrine hydrochloride 10 mg tablet, 10 tablet, 1 strip (GPP)",20210312
1180366,"chlorphenamine maleate 2 mg + paracetamol 500 mg + phenylephrine hydrochloride 10 mg tablet, 250 tablet (25 x 10 tablet strip), 1 box (GPP)",20210312
1169309,"chlorphenamine maleate 2 mg/5 mL + paracetamol 120 mg/5 mL + phenylephrine hydrochloride 5 mg/5 mL syrup, 1 x 60 mL bottle, 1 box (GPP)",20201202
1169281,"chlorphenamine maleate 2 mg/5 mL + paracetamol 120 mg/5 mL + phenylephrine hydrochloride 5 mg/5 mL syrup, 60 mL bottle (GPP)",20201202
1125166,"chlorphenamine maleate 2 mg/5 mL syrup, 1 x 60 mL bottle, 1 box (GPP)",20201202
1260989,"chlorphenamine maleate 2 mg/5 mL syrup, 30 mL bottle (GPP)",20230412
1125145,"chlorphenamine maleate 2 mg/5 mL syrup, 60 mL bottle (GPP)",20200920
1199613,"chlorphenamine maleate 250 mg/100 mL + naphazoline hydrochloride 100 mg/100 mL nasal spray, solution, 1 x 15 mL bottle, 1 box (GPP)",20210813
1199595,"chlorphenamine maleate 250 mg/100 mL + naphazoline hydrochloride 100 mg/100 mL nasal spray, solution, 15 mL bottle (GPP)",20210813
1091134,"chlorphenamine maleate 4 mg + phenylephrine hydrochloride 10 mg tablet, 10 tablet, 1 strip (GPP)",20190216
1107247,"chlorphenamine maleate 4 mg + phenylephrine hydrochloride 10 mg tablet, 500 tablet (50 x 10 tablet strip), 1 box (GPP)",20190411
1126466,"chlorphenamine maleate 4 mg capsule, hard, 1000 capsule, 1 bottle (GPP)",20191004
1197938,"chlorphenamine maleate 4 mg capsule, hard, 1000 capsule, 1 jar (GPP)",20210816
1126341,"chlorphenamine maleate 4 mg coated tablet, 1000 tablet, 1 bottle (GPP)",20191004
1240834,"chlorphenamine maleate 4 mg tablet, 10 tablet, 1 blister (GPP)",20220810
1051972,"chlorphenamine maleate 4 mg tablet, 10 tablet, 1 strip (GPP)",20190203
1224734,"chlorphenamine maleate 4 mg tablet, 100 tablet, 1 bottle (GPP)",20220303
1199943,"chlorphenamine maleate 4 mg tablet, 100 tablet, 1 jar (GPP)",20210813
1240852,"chlorphenamine maleate 4 mg tablet, 1000 tablet (100 x 10 tablet blister), 1 box (GPP)",20220810
1051993,"chlorphenamine maleate 4 mg tablet, 1000 tablet (100 x 10 tablet strip), 1 box (GPP)",20190203
1045796,"chlorphenamine maleate 4 mg tablet, 1000 tablet, 1 bottle (GPP)",20181217
1108738,"chlorphenamine maleate 4 mg tablet, 1000 tablet, 1 jar (GPP)",20190411
1087948,"chlorpromazine hydrochloride 100 mg coated tablet, 1000 tablet, 1 bottle (GPP)",20190216
1214757,"chlorpromazine hydrochloride 100 mg film-coated tablet, 10 tablet, 1 strip (GPP)",20211202
1088008,"chlorpromazine hydrochloride 100 mg film-coated tablet, 1000 tablet, 1 bottle (GPP)",20190216
1214774,"chlorpromazine hydrochloride 100 mg film-coated tablet, 500 tablet (50 x 10 tablet strip), 1 box (GPP)",20211202
1108717,"chlorpromazine hydrochloride 100 mg film-coated tablet, 500 tablet, 1 jar (GPP)",20190411
1087969,"chlorpromazine hydrochloride 25 mg coated tablet, 1000 tablet, 1 bottle (GPP)",20190216
1088049,"chlorpromazine hydrochloride 25 mg film-coated tablet, 1000 tablet, 1 bottle (GPP)",20190216
1087982,"chlorpromazine hydrochloride 50 mg coated tablet, 1000 tablet, 1 bottle (GPP)",20190216
1088020,"chlorpromazine hydrochloride 50 mg film-coated tablet, 1000 tablet, 1 bottle (GPP)",20190216
1274709,"chlorpromazine hydrochloride 50 mg/2 mL solution for injection, 2 mL ampoule (GPP)",20230715
1110289,"chlorpromazine hydrochloride 50 mg/2 mL solution for injection, 50 x 2 mL ampoule, 1 box (GPP)",20230715
1079724,"chlorpropamide 250 mg tablet, 10 tablet, 1 blister (GPP)",20190216
1079748,"chlorpropamide 250 mg tablet, 100 tablet (10 x 10 tablet blister), 1 box (GPP)",20190216
1108481,"chlortalidone 25 mg tablet, 10 tablet, 1 blister (GPP)",20190411
1212290,"chlortalidone 25 mg tablet, 100 tablet (10 x 10 tablet blister), 1 box (GPP)",20211202
1108508,"chlortalidone 25 mg tablet, 500 tablet (50 x 10 tablet blister), 1 box (GPP)",20190411
1212235,"chlortetracycline 1 g/100 g eye ointment, 1 x 3.5 g tube, 1 box (GPP)",20211202
1212219,"chlortetracycline 1 g/100 g eye ointment, 3.5 g tube (GPP)",20211202
1223153,"ciclopirox olamine 1 g/100 mL cutaneous solution, 1 x 15 mL bottle, 1 box (GPP)",20220217
1223130,"ciclopirox olamine 1 g/100 mL cutaneous solution, 15 mL bottle (GPP)",20220217
1097167,"ciclosporin 100 mg capsule, soft, 5 capsule, 1 blister (GPP)",20190216
1097180,"ciclosporin 100 mg capsule, soft, 50 capsule (10 x 5 capsule blister), 1 box (GPP)",20190216
1097200,"ciclosporin 25 mg capsule, soft, 5 capsule, 1 blister (GPP)",20190216
1097228,"ciclosporin 25 mg capsule, soft, 50 capsule (10 x 5 capsule blister), 1 box (GPP)",20190216
1227080,"ciclosporin 50 mg/1 mL solution for injection, 1 mL ampoule (GPP)",20220316
1227108,"ciclosporin 50 mg/1 mL solution for injection, 10 x 1 mL ampoule, 1 box (GPP)",20220316
1120518,"cidofovir 375 mg/5 mL concentrate for solution for infusion, 5 mL vial, 1 box (GPP)",20190714
1047553,"cilastatin 500 mg + imipenem 500 mg powder for solution for infusion, 1 vial, 1 box (GPP)",20181217
1241126,"cilgavimab 150 mg/1.5 mL solution for injection [1 x 1.5 mL vial] (&) tixagevimab 150 mg/1.5 mL solution for injection [1 x 1.5 mL vial], 1 box (GPP)",20220810
1241212,"cilgavimab 150 mg/1.5 mL solution for injection, 1.5 mL vial (GPP)",20220810
1111482,"cilnidipine 10 mg film-coated tablet, 10 tablet, 1 blister (GPP)",20190504
1111509,"cilnidipine 10 mg film-coated tablet, 100 tablet (10 x 10 tablet blister), 1 box (GPP)",20190504
1063071,"cilostazol 100 mg prolonged-release capsule, hard, 10 capsule, blister (GPP)",20241129
1063092,"cilostazol 100 mg prolonged-release capsule, hard, 3 blister, 1 box (GPP)",20241129
1316566,"cilostazol 100 mg prolonged-release capsule, hard, 6 blister, 1 box (GPP)",20241129
1080491,"cilostazol 100 mg tablet, 10 tablet, 1 blister (GPP)",20190216
1080518,"cilostazol 100 mg tablet, 100 tablet (10 x 10 tablet blister), 1 box (GPP)",20190216
1171473,"cilostazol 100 mg tablet, 30 tablet (3 x 10 tablet blister), 1 box (GPP)",20201230
1057423,"cilostazol 50 mg tablet, 10 tablet, 1 blister (GPP)",20190216
1057447,"cilostazol 50 mg tablet, 100 tablet (10 x 10 tablet blister), 1 box (GPP)",20190216
1082549,"cimicifuga racemosa 20 mg tablet, 20 tablet, 1 blister (GPP)",20190216
1082565,"cimicifuga racemosa 20 mg tablet, 60 tablet (3 x 20 tablet blister), 1 box (GPP)",20190216
1124827,"cimicifuga racemosa 40 mg capsule, soft, 10 capsule, 1 blister (GPP)",20190913
1124843,"cimicifuga racemosa 40 mg capsule, soft, 30 capsule (3 x 10 capsule blister), 1 box (GPP)",20190913
1051917,"cinacalcet 25 mg film-coated tablet, 10 tablet, 1 blister (GPP)",20191102
1051938,"cinacalcet 25 mg film-coated tablet, 100 tablet (10 x 10 tablet blister), 1 box (GPP)",20191102
1076546,"cinnarizine 25 mg tablet, 10 tablet, 1 blister (GPP)",20190216
1076567,"cinnarizine 25 mg tablet, 100 tablet (10 x 10 tablet blister), 1 box (GPP)",20190216
1108577,"cinnarizine 25 mg tablet, 1000 tablet (100 x 10 tablet blister), 1 box (GPP)",20190411
1228322,"cinnarizine 25 mg tablet, 1000 tablet, 1 jar (GPP)",20220330
1293880,"ciprofloxacin 200 mg/100 mL solution for infusion, 1 x 100 mL bag, 1 box (GPP)",20240328
1212371,"ciprofloxacin 200 mg/100 mL solution for infusion, 1 x 100 mL bottle, 1 box (GPP)",20211202
1293867,"ciprofloxacin 200 mg/100 mL solution for infusion, 100 mL bag (GPP)",20240328
1212359,"ciprofloxacin 200 mg/100 mL solution for infusion, 100 mL bottle (GPP)",20211202
1099033,"ciprofloxacin 200 mg/100 mL solution for infusion, 100 mL vial, 1 box (GPP)",20190216
1057389,"ciprofloxacin 250 mg film-coated tablet, 10 tablet, 1 blister (GPP)",20190216
1189591,"ciprofloxacin 250 mg film-coated tablet, 10 tablet, 1 strip (GPP)",20210429
1057406,"ciprofloxacin 250 mg film-coated tablet, 100 tablet (10 x 10 tablet blister), 1 box (GPP)",20190216
1195590,"ciprofloxacin 250 mg film-coated tablet, 100 tablet (10 x 10 tablet strip), 1 box (GPP)",20210731
1084424,"ciprofloxacin 250 mg film-coated tablet, 50 tablet (5 x 10 tablet blister), 1 box (GPP)",20190216
1189618,"ciprofloxacin 250 mg film-coated tablet, 500 tablet (50 x 10 tablet strip), 1 box (GPP)",20210429
1294149,"ciprofloxacin 400 mg/200 mL solution for infusion, 1 x 200 mL bag, 1 box (GPP)",20240328
1228488,"ciprofloxacin 400 mg/200 mL solution for infusion, 1 x 200 mL bottle, 1 box (GPP)",20220330
1294120,"ciprofloxacin 400 mg/200 mL solution for infusion, 200 mL bag (GPP)",20240328
1228461,"ciprofloxacin 400 mg/200 mL solution for infusion, 200 mL bottle (GPP)",20220330
1098073,"ciprofloxacin 400 mg/200 mL solution for infusion, 200 mL vial, 1 box (GPP)",20190216
1266519,"ciprofloxacin 50 mg/1 mL oral suspension, 30 mL bottle (GPP)",20230617
1120882,"ciprofloxacin 500 mg film-coated tablet, 10 tablet (1 x 10 tablet blister), 1 box (GPP)",20210313
1057468,"ciprofloxacin 500 mg film-coated tablet, 10 tablet, 1 blister (GPP)",20190216
1212316,"ciprofloxacin 500 mg film-coated tablet, 10 tablet, 1 strip (GPP)",20211202
1057481,"ciprofloxacin 500 mg film-coated tablet, 100 tablet (10 x 10 tablet blister), 1 box (GPP)",20190216
1212337,"ciprofloxacin 500 mg film-coated tablet, 100 tablet (10 x 10 tablet strip), 1 box (GPP)",20211202
1187628,"ciprofloxacin 500 mg film-coated tablet, 250 tablet (25 x 10 tablet blister), 1 box (GPP)",20210418
1084453,"ciprofloxacin 500 mg film-coated tablet, 30 tablet (3 x 10 tablet blister), 1 box (GPP)",20190216
1266557,"cisapride 1 mg/1 mL oral suspension, 30 mL bottle (GPP)",20230617
1079058,"cisapride 5 mg tablet, 10 tablet, 1 blister (GPP)",20190216
1079070,"cisapride 5 mg tablet, 100 tablet (10 x 10 tablet blister), 1 box (GPP)",20190216
1318837,"cisatracurium 10 mg/5 mL solution for injection, 1 vial, 1 box (GPP)",20241225
1318816,"cisatracurium 10 mg/5 mL solution for injection, 5 mL vial (GPP)",20241225
1157373,"cisatracurium 10 mg/5 mL solution for injection/infusion, 1 vial, 1 box (GPP)",20250118
1320468,"cisatracurium 10 mg/5 mL solution for injection/infusion, 10 ampoule, 1 box (GPP)",20250118
1292819,"cisatracurium 10 mg/5 mL solution for injection/infusion, 5 mL ampoule (GPP)",20240301
1157356,"cisatracurium 10 mg/5 mL solution for injection/infusion, 5 mL vial (GPP)",20200801
1292835,"cisatracurium 10 mg/5 mL solution for injection/infusion, 5 x 5 mL ampoule, 1 box (GPP)",20240301
1219254,"cisatracurium 10 mg/5 mL solution for injection/infusion, 5 x 5 mL vial, 1 box (GPP)",20211216
1312919,"cisatracurium 150 mg/30 mL solution for injection/infusion, 1 vial, 1 box (GPP)",20241102
1312893,"cisatracurium 150 mg/30 mL solution for injection/infusion, 30 mL vial (GPP)",20241102
1099634,"cisplatin 50 mg/50 mL concentrate for solution for infusion, 1 x 50 mL vial, 1 box (GPP)",20201002
1162569,"cisplatin 50 mg/50 mL concentrate for solution for infusion, 50 mL vial (GPP)",20201002
1236740,"citicoline 1 g/10 mL oral solution, 10 mL sachet (GPP)",20220602
1236764,"citicoline 1 g/10 mL oral solution, 10 x 10 mL sachet, 1 box (GPP)",20220602
1225519,"citric acid 12 g + magnesium oxide 3.5 g + sodium picosulfate 10 mg powder for oral solution, 16.1 g sachet (GPP)",20220303
1225535,"citric acid 12 g + magnesium oxide 3.5 g + sodium picosulfate 10 mg powder for oral solution, 2 x 16.1 g sachet, 1 box (GPP)",20220303
1164084,"citric acid 300 mg/100 mL + potassium citrate 6.65 g/100 mL oral solution, 240 mL bottle (GPP)",20201016
1155996,"citric acid 70 mg/1 mL + sodium chloride 500 mcg/1 mL + sodium citrate 49 mg/1 mL oral solution, 240 mL bottle (GPP)",20200803
1221289,"citric acid monohydrate 400 mg/100 mL + glycerol 2 mL/100 mL + methylparaben 30 mg/100 mL + propylparaben 8 mg/100 mL + saccharin sodium 1 g/100 mL + sodium citric dihydrate 450 mg/100 mL + sorbitol 96 mL/100 mL + xanthan gum 10 mg/100 mL syrup, 60 mL bottle (GPP)",20220113
1174801,"citronella oil 10 g/100 mL cutaneous solution, 4.5 L gallon (GPP)",20210211
1174704,"citronella oil 10 g/100 mL cutaneous solution, 60 mL bottle (GPP)",20210211
1174762,"citronella oil 10 g/100 mL cutaneous spray, solution, 50 mL bottle (GPP)",20210211
1230185,"citrulline 100 mg/1 mL powder for oral solution, 2 g sachet (GPP)",20220330
1152491,"cladribine 10 mg tablet, 1 tablet (1 x 1 tablet blister), 1 box (GPP)",20200719
1152470,"cladribine 10 mg tablet, 1 tablet 1 blister (GPP)",20200719
1084235,"clarithromycin 250 mg film-coated tablet, 10 tablet (1 x 10 tablet blister), 1 box (GPP)",20190216
1059445,"clarithromycin 250 mg film-coated tablet, 10 tablet, 1 blister (GPP)",20190216
1059466,"clarithromycin 250 mg film-coated tablet, 100 tablet (10 x 10 tablet blister), 1 box (GPP)",20190216
1084261,"clarithromycin 500 mg film-coated tablet, 10 tablet (1 x 10 tablet blister), 1 box (GPP)",20190216
1057520,"clarithromycin 500 mg film-coated tablet, 10 tablet, 1 blister (GPP)",20190216
1057549,"clarithromycin 500 mg film-coated tablet, 100 tablet (10 x 10 tablet blister), 1 box (GPP)",20190216
1084203,"clarithromycin 500 mg film-coated tablet, 14 tablet (2 x 7 tablet blister), 1 box (GPP)",20190216
1084183,"clarithromycin 500 mg film-coated tablet, 7 tablet, 1 blister (GPP)",20190216
1061003,"clarithromycin 500 mg modified-release tablet, 7 tablet (1 x 7 tablet blister), 1 box (GPP)",20190216
1060981,"clarithromycin 500 mg modified-release tablet, 7 tablet, 1 blister (GPP)",20190216
1297251,"clarithromycin 500 mg prolonged-release tablet, 7 tablet (1 x 7 tablet blister), 1 box (GPP)",20240501
1297233,"clarithromycin 500 mg prolonged-release tablet, 7 tablet blister (GPP)",20240501
1085034,"clevudine 30 mg capsule, hard, 30 capsule (1 x 30 capsule bottle), 1 box (GPP)",20190216
1085010,"clevudine 30 mg capsule, hard, 30 capsule, 1 bottle (GPP)",20190216
1150928,"clindamycin 1 g/100 g gel, 1 x 10 g tube, 1 box (GPP)",20200705
1150900,"clindamycin 1 g/100 g gel, 10 g tube (GPP)",20200705
1151498,"clindamycin 1 g/100 mL cutaneous solution, 10 mL bottle (GPP)",20200705
1084337,"clindamycin 150 mg capsule, hard, 10 capsule, 1 blister (GPP)",20190216
1084359,"clindamycin 150 mg capsule, hard, 100 capsule (10 x 10 capsule blister), 1 box (GPP)",20190216
1266601,"clindamycin 20 mg/1 mL oral suspension, 30 mL bottle (GPP)",20230617
1154604,"clindamycin 20 mg/1 mL oral suspension, 60 mL bottle (GPP)",20200801
1057565,"clindamycin 300 mg capsule, hard, 10 capsule, 1 blister (GPP)",20190216
1057583,"clindamycin 300 mg capsule, hard, 100 capsule (10 x 10 capsule blister), 1 box (GPP)",20190216
1084392,"clindamycin 300 mg capsule, hard, 16 capsule (2 x 8 capsule blister), 1 box (GPP)",20190216
1084371,"clindamycin 300 mg capsule, hard, 8 capsule, 1 blister (GPP)",20190216
1225693,"clindamycin 300 mg/2 mL solution for injection/infusion, 2 mL ampoule (GPP)",20220303
1110227,"clindamycin 300 mg/2 mL solution for injection/infusion, 5 x 2 mL ampoule, 1 box (GPP)",20220303
1097990,"clindamycin 300 mg/2 mL solution for injection/infusion, 5 x 2 mL vial, 1 box (GPP)",20190216
1304350,"clindamycin 600 mg/4 mL solution for injection, 25 x 4 mL unit dose, 1 box (GPP)",20240817
1304332,"clindamycin 600 mg/4 mL solution for injection, 4 mL unit dose (GPP)",20240817
1299529,"clindamycin 600 mg/4 mL solution for injection/infusion, 1 x 4 mL ampoule, 1 box (GPP)",20240530
1216645,"clindamycin 600 mg/4 mL solution for injection/infusion, 1 x 4 mL vial, 1 box (GPP)",20211202
1290933,"clindamycin 600 mg/4 mL solution for injection/infusion, 10 x 4 mL vial, 1 box (GPP)",20240202
1216582,"clindamycin 600 mg/4 mL solution for injection/infusion, 4 mL ampoule (GPP)",20211202
1216621,"clindamycin 600 mg/4 mL solution for injection/infusion, 4 mL vial (GPP)",20211202
1216609,"clindamycin 600 mg/4 mL solution for injection/infusion, 5 x 4 mL ampoule, 1 box (GPP)",20211202
1098018,"clindamycin 600 mg/4 mL solution for injection/infusion, 5 x 4 mL vial, 1 box (GPP)",20190216
1299564,"clindamycin 900 mg/6 mL solution for injection/infusion, 1 x 6 mL vial, 1 box (GPP)",20240530
1299540,"clindamycin 900 mg/6 mL solution for injection/infusion, 6 mL vial (GPP)",20240530
1073251,"clobazam 5 mg tablet, 10 tablet blister (GPP)",20240216
1073279,"clobazam 5 mg tablet, 100 tablet (10 x 10 tablet blister), 1 box (GPP)",20190216
1266672,"clobazam 5 mg/1 mL oral suspension, 30 mL bottle (GPP)",20230617
1158535,"clobetasol propionate 50 mg/100 g + salicylic acid 5 g/100 g cream, 20 g tube (GPP)",20200815
1185819,"clobetasol propionate 50 mg/100 g cream, 1 x 15 g tube, 1 box (GPP)",20210331
1299997,"clobetasol propionate 50 mg/100 g cream, 1 x 35 g tube, 1 box (GPP)",20240615
1153047,"clobetasol propionate 50 mg/100 g cream, 1 x 450 g jar, 1 box (GPP)",20200719
1126285,"clobetasol propionate 50 mg/100 g cream, 1 x 5 g tube, 1 box (GPP)",20200719
1185793,"clobetasol propionate 50 mg/100 g cream, 15 g tube (GPP)",20210331
1047240,"clobetasol propionate 50 mg/100 g cream, 200 g jar, 1 jar (GPP)",20181217
1299978,"clobetasol propionate 50 mg/100 g cream, 35 g tube (GPP)",20240615
1153023,"clobetasol propionate 50 mg/100 g cream, 450 g jar (GPP)",20200719
1152979,"clobetasol propionate 50 mg/100 g cream, 5 g tube (GPP)",20200719
1238509,"clobetasol propionate 50 mg/100 g cream, 500 g jar (GPP)",20220618
1045379,"clobetasol propionate 50 mg/100 g cutaneous emulsion, 1 L bottle, 1 bottle (GPP)",20181217
1045333,"clobetasol propionate 50 mg/100 g cutaneous emulsion, 10 g bottle, 1 box (GPP)",20181217
1045351,"clobetasol propionate 50 mg/100 g cutaneous emulsion, 30 g bottle, 1 box (GPP)",20181217
1263741,"clobetasol propionate 50 mg/100 g ointment, 1 x 15 g tube, 1 box (GPP)",20230604
1263699,"clobetasol propionate 50 mg/100 g ointment, 1 x 450 g jar, 1 box (GPP)",20230604
1263623,"clobetasol propionate 50 mg/100 g ointment, 1 x 5 g tube, 1 box (GPP)",20230604
1263725,"clobetasol propionate 50 mg/100 g ointment, 15 g tube (GPP)",20230604
1263675,"clobetasol propionate 50 mg/100 g ointment, 450 g jar (GPP)",20230604
1263606,"clobetasol propionate 50 mg/100 g ointment, 5 g tube (GPP)",20230604
1099385,"clofarabine 20 mg/20 mL concentrate for solution for infusion, 1 x 20 mL vial, 1 box (GPP)",20220428
1233055,"clofarabine 20 mg/20 mL concentrate for solution for infusion, 20 mL vial (GPP)",20220428
1084550,"clofazimine 50 mg capsule, hard, 100 capsule, 1 bottle (GPP)",20190216
1082874,"clomifene citrate 50 mg tablet, 10 tablet (1 x 10 tablet blister), 1 box (GPP)",20190216
1194233,"clomifene citrate 50 mg tablet, 10 tablet, 1 (GPP)",20210715
1082826,"clomifene citrate 50 mg tablet, 10 tablet, 1 blister (GPP)",20190216
1082842,"clomifene citrate 50 mg tablet, 30 tablet (3 x 10 tablet blister), 1 box (GPP)",20190216
1089461,"clomipramine hydrochloride 10 mg capsule, hard, 10 capsule, 1 blister (GPP)",20190216
1089488,"clomipramine hydrochloride 10 mg capsule, hard, 500 capsule (50 x 10 capsule blister), 1 box (GPP)",20190216
1110719,"clomipramine hydrochloride 10 mg film-coated tablet, 500 tablet (1 x 500 tablet bottle), 1 box (GPP)",20190411
1110695,"clomipramine hydrochloride 10 mg film-coated tablet, 500 tablet, 1 bottle (GPP)",20190411
1089501,"clomipramine hydrochloride 25 mg capsule, hard, 10 capsule, 1 blister (GPP)",20190216
1089529,"clomipramine hydrochloride 25 mg capsule, hard, 500 capsule (50 x 10 capsule blister), 1 box (GPP)",20190216
1107688,"clomipramine hydrochloride 25 mg coated tablet, 10 tablet, 1 blister (GPP)",20190411
1107707,"clomipramine hydrochloride 25 mg coated tablet, 30 tablet (3 x 10 tablet blister), 1 box (GPP)",20190411
1089564,"clomipramine hydrochloride 25 mg film-coated tablet, 500 tablet (1 x 500 tablet bottle), 1 box (GPP)",20190216
1089540,"clomipramine hydrochloride 25 mg film-coated tablet, 500 tablet, 1 bottle (GPP)",20190216
1109539,"clonazepam 1 mg tablet, 10 tablet, 1 blister (GPP)",20190411
1109556,"clonazepam 1 mg tablet, 500 tablet (50 x 10 tablet blister), 1 box (GPP)",20190411
1153703,"clonazepam 100 mcg/1 mL oral suspension, 20 mL bottle (GPP)",20200719
1087308,"clonazepam 2 mg tablet, 10 tablet blister (GPP)",20240111
1087440,"clonazepam 2 mg tablet, 100 tablet (1 x 100 tablet bottle), 1 box (GPP)",20190216
1087429,"clonazepam 2 mg tablet, 100 tablet, 1 bottle (GPP)",20190216
1290161,"clonazepam 2 mg tablet, 1000 tablet bottle (GPP)",20240111
1290208,"clonazepam 2 mg tablet, 250 tablet (25 x 10 tablet blister), 1 box (GPP)",20240111
1087320,"clonazepam 2 mg tablet, 500 tablet (50 x 10 tablet blister), 1, 500 tablet (50 x 10 tablet blister), 1 box (GPP)",20240111
1216152,"clonazepam 2 mg tablet, 500 tablet, 1 jar (GPP)",20211202
1087349,"clonazepam 500 mcg tablet, 10 tablet, 1 blister (GPP)",20190216
1087401,"clonazepam 500 mcg tablet, 100 tablet (1 x 100 tablet bottle), 1 box (GPP)",20190216
1087383,"clonazepam 500 mcg tablet, 100 tablet, 1 bottle (GPP)",20190216
1087365,"clonazepam 500 mcg tablet, 500 tablet (50 x 10 tablet blister), 1 box (GPP)",20190216
1266779,"clonidine hydrochloride 10 mcg/1 mL oral suspension, 30 mL bottle (GPP)",20230617
1080882,"clonidine hydrochloride 150 mcg tablet, 10 tablet, 1 blister (GPP)",20190216
1080905,"clonidine hydrochloride 150 mcg tablet, 100 tablet (10 x 10 tablet blister), 1 box (GPP)",20190216
1080458,"clopidogrel 300 mg film-coated tablet, 10 tablet, 1 blister (GPP)",20190216
1080470,"clopidogrel 300 mg film-coated tablet, 30 tablet (3 x 10 tablet blister), 1 box (GPP)",20190216
1266849,"clopidogrel 5 mg/1 mL oral suspension, 30 mL bottle (GPP)",20230617
1046252,"clopidogrel 75 mg film-coated tablet, 10 tablet, blister (GPP)",20240817
1057614,"clopidogrel 75 mg film-coated tablet, 100 tablet (10 x 10 tablet blister), 1 box (GPP)",20190216
1080415,"clopidogrel 75 mg film-coated tablet, 14 tablet (1 x 14 tablet blister), 1 box (GPP)",20190216
1080399,"clopidogrel 75 mg film-coated tablet, 14 tablet, 1 blister (GPP)",20190216
1109491,"clopidogrel 75 mg film-coated tablet, 28 tablet (2 x 14 tablet blister), 1 box (GPP)",20190411
1046275,"clopidogrel 75 mg film-coated tablet, 30 tablet (3 x 10 tablet blister), 1 box (GPP)",20181217
1046776,"clotrimazole 1 g/100 g cream, 1 x 10 g tube, 1 box (GPP)",20230604
1113530,"clotrimazole 1 g/100 g cream, 1 x 15 g tube, 1 box (GPP)",20210813
1046795,"clotrimazole 1 g/100 g cream, 1 x 20 g tube, 1 box (GPP)",20230604
1125902,"clotrimazole 1 g/100 g cream, 1 x 5 g tube, 1 box (GPP)",20220514
1199498,"clotrimazole 1 g/100 g cream, 1 x 500 g jar, 1 box (GPP)",20210813
1263476,"clotrimazole 1 g/100 g cream, 10 g tube (GPP)",20230604
1198016,"clotrimazole 1 g/100 g cream, 15 g tube (GPP)",20210813
1263513,"clotrimazole 1 g/100 g cream, 20 g tube (GPP)",20230604
1207944,"clotrimazole 1 g/100 g cream, 30 g jar (GPP)",20211110
1207985,"clotrimazole 1 g/100 g cream, 5 g jar (GPP)",20211110
1235841,"clotrimazole 1 g/100 g cream, 5 g tube (GPP)",20220514
1052845,"clotrimazole 1 g/100 g cream, 500 g jar (GPP)",20210813
1188034,"clotrimazole 10 mg lozenge, 10 tablet, 1 blister (GPP)",20210429
1108596,"clotrimazole 10 mg lozenge, 10 tablet, 1 strip (GPP)",20190411
1188052,"clotrimazole 10 mg lozenge, 300 tablet (30 x 10 tablet blister), 1 box (GPP)",20210429
1108614,"clotrimazole 10 mg lozenge, 500 tablet (50 x 10 tablet strip), 1 box (GPP)",20190411
1118592,"clotrimazole 100 mg vaginal tablet, 120 tablet (20 x 6 tablet strip), 1 box (GPP)",20190628
1209007,"clotrimazole 100 mg vaginal tablet, 3 tablet, 1 blister (GPP)",20211110
1188010,"clotrimazole 100 mg vaginal tablet, 300 tablet (50 x 6 tablet strip), 1 box (GPP)",20210429
1082520,"clotrimazole 100 mg vaginal tablet, 6 tablet (1 x 6 tablet blister), 1 box (GPP)",20190216
1118571,"clotrimazole 100 mg vaginal tablet, 6 tablet (1 x 6 tablet strip), 1 box (GPP)",20190628
1209024,"clotrimazole 100 mg vaginal tablet, 6 tablet (2 x 3 tablet blister), 1 box (GPP)",20211110
1082508,"clotrimazole 100 mg vaginal tablet, 6 tablet, 1 blister (GPP)",20190216
1082481,"clotrimazole 100 mg vaginal tablet, 6 tablet, 1 strip (GPP)",20190216
1082468,"clotrimazole 200 mg vaginal tablet, 3 tablet (1 x 3 tablet strip), 1 box (GPP)",20190216
1082447,"clotrimazole 200 mg vaginal tablet, 3 tablet, 1 strip (GPP)",20190216
1095070,"clotrimazole 500 mg vaginal tablet, 1 tablet (1 x 1 tablet blister), 1 box (GPP)",20190216
1095058,"clotrimazole 500 mg vaginal tablet, 1 tablet 1 blister (GPP)",20211110
1047342,"clotrimazole 500 mg vaginal tablet, 1 tablet, 1 box (GPP)",20181217
1097770,"cloxacillin 1 g powder for solution for injection, 50 vial, 1 box (GPP)",20190216
1260825,"cloxacillin 125 mg/5 mL powder for syrup, 1 x 60 mL bottle, 1 box (GPP)",20230412
1260802,"cloxacillin 125 mg/5 mL powder for syrup, 60 mL bottle (GPP)",20230412
1046912,"cloxacillin 250 mg capsule, hard, 10 capsule, 1 blister (GPP)",20181217
1046931,"cloxacillin 250 mg capsule, hard, 250 capsule (25 x 10 capsule blister), 1 box (GPP)",20181217
1046954,"cloxacillin 500 mg capsule, hard, 10 capsule, 1 blister (GPP)",20181217
1046977,"cloxacillin 500 mg capsule, hard, 250 capsule (25 x 10 capsule blister), 1 box (GPP)",20181217
1194809,"cloxacillin 500 mg capsule, hard, 500 capsule (50 x 10 capsule blister), 1 box (GPP)",20210715
1113433,"clozapine 100 mg film-coated tablet, 10 tablet, 1 blister (GPP)",20190516
1113451,"clozapine 100 mg film-coated tablet, 50 tablet (5 x 10 tablet blister), 1 box (GPP)",20190516
1088388,"clozapine 100 mg tablet, 10 tablet, 1 blister (GPP)",20190216
1212469,"clozapine 100 mg tablet, 100 tablet (10 x 10 tablet blister), 1 box (GPP)",20211202
1088405,"clozapine 100 mg tablet, 500 tablet (50 x 10 tablet blister), 1 box (GPP)",20190216
1113357,"clozapine 25 mg film-coated tablet, 10 tablet, 1 blister (GPP)",20190516
1113374,"clozapine 25 mg film-coated tablet, 50 tablet (5 x 10 tablet blister), 1 box (GPP)",20190516
1088422,"clozapine 25 mg tablet, 10 tablet, 1 blister (GPP)",20190216
1223928,"clozapine 25 mg tablet, 100 tablet (10 x 10 tablet blister), 1 box (GPP)",20220303
1088446,"clozapine 25 mg tablet, 500 tablet (50 x 10 tablet blister), 1 box (GPP)",20190216
1258236,"coagulation factor II 480 iu + coagulation factor IX 600 iu + coagulation factor VII 500 iu + coagulation factor X 600 iu + protein c 400 iu powder and solvent for solution for injection, 1 vial (1 x 1 vial), 1 box (GPP)",20230316
1258215,"coagulation factor II 480 iu + coagulation factor IX 600 iu + coagulation factor VII 500 iu + coagulation factor X 600 iu + protein c 400 iu powder and solvent for solution for injection, 1 vial (GPP)",20230316
1157974,"coal tar 1 g/100 g cream, 20 g tube (GPP)",20200815
1160810,"coal tar 1 g/100 mL shampoo, 120 mL bottle (GPP)",20200920
1209228,"coal tar 10 g/100 g cream, 30 g jar (GPP)",20211110
1209263,"coal tar 10 g/100 g cream, 5 g jar (GPP)",20211110
1289606,"coal tar 20 g/100 mL shampoo, 1 x 150 mL bottle, 1 box (GPP)",20231216
1164452,"coal tar 20 g/100 mL shampoo, 100 mL bottle (GPP)",20201016
1289584,"coal tar 20 g/100 mL shampoo, 150 mL bottle (GPP)",20231216
1164499,"coal tar 20 g/100 mL shampoo, 300 mL bottle (GPP)",20201016
1209450,"coal tar 5 g/100 g + triamcinolone acetonide 20 mg/100 g cream, 30 g jar (GPP)",20211110
1209421,"coal tar 5 g/100 g + triamcinolone acetonide 20 mg/100 g cream, 5 g jar (GPP)",20211110
1209484,"coal tar 5 g/100 g + triamcinolone acetonide 20 mg/100 g cream, 500 g jar (GPP)",20211110
1268064,"coal tar 5 g/100 g cream, 1 x 15 g tube, 1 box (GPP)",20230617
1268040,"coal tar 5 g/100 g cream, 15 g tube (GPP)",20230617
1209341,"coal tar 5 g/100 g cream, 30 g jar (GPP)",20211110
1209318,"coal tar 5 g/100 g cream, 5 g jar (GPP)",20211110
1209373,"coal tar 5 g/100 g cream, 500 g jar (GPP)",20211110
1258956,"coal tar 5 g/100 g ointment, 120 g jar (GPP)",20230401
1150633,"coal tar 5 g/100 mL + salicylic acid 5 g/100 mL shampoo, 240 mL bottle (GPP)",20200705
1257824,"coal tar 5 g/100 mL cutaneous solution, 120 mL bottle (GPP)",20230316
1325223,"coal tar 5 g/100 mL shampoo, 1 x 120 mL bottle, 1 bottle (GPP)",20250301
1178108,"coal tar 5 mL/100 g + triamcinolone acetonide 100 mg/100 g cream, 10 g jar (GPP)",20210226
1174133,"coal tar 5 mL/100 g + triamcinolone acetonide 100 mg/100 g cream, 250 g jar (GPP)",20210211
1201718,"coal tar 5 mL/100 g + triamcinolone acetonide 100 mg/100 g cream, 50 g jar (GPP)",20210915
1172956,"coal tar 5 mL/100 g cream, 10 g jar (GPP)",20210129
1198796,"coal tar 5 mL/100 g cream, 10 g tube (GPP)",20210813
1198810,"coal tar 5 mL/100 g cream, 20 x 10 g tube, 1 box (GPP)",20210813
1179923,"coal tar 5 mL/100 g cream, 250 g jar (GPP)",20210312
1214291,"coal tar 5 mL/100 g cream, 50 g jar (GPP)",20211202
1205368,"coal tar 5 mL/100 mL shampoo, 240 mL bottle (GPP)",20211014
1179311,"coal tar 5 mL/100 mL shampoo, 450 mL bottle (GPP)",20210901
1184763,"coal tar 5 mL/100 mL shampoo, 60 mL bottle (GPP)",20210331
1230775,"cobicistat 150 mg + darunavir 800 mg film-coated tablet, 30 tablet (1 x 30 tablet bottle), 1 box (GPP)",20220330
1230752,"cobicistat 150 mg + darunavir 800 mg film-coated tablet, 30 tablet, 1 bottle (GPP)",20220330
1091012,"codeine 30 mg + phenyltoloxamine 10 mg capsule, hard, 10 capsule, 1 strip (GPP)",20190216
1091031,"codeine 30 mg + phenyltoloxamine 10 mg capsule, hard, 100 capsule (10 x 10 capsule strip), 1 box (GPP)",20190216
1259930,"codeine phosphate 10 mg + guaifenesin 100 mg capsule, soft, 1 bottle (GPP)",20230630
1167664,"codeine phosphate 10 mg + guaifenesin 100 mg capsule, soft, 100 capsule, 1 jar (GPP)",20201202
1282914,"codeine phosphate 10 mg + guaifenesin 100 mg capsule, soft, 1000 tablet, 1 bottle (GPP)",20230915
1075827,"codeine phosphate 10 mg + guaifenesin 100 mg capsule, soft, 500 capsule, 1 bottle (GPP)",20190216
1277272,"codeine phosphate 10 mg + guaifenesin 100 mg film-coated tablet, 10 tablet, 1 blister (GPP)",20230804
1277293,"codeine phosphate 10 mg + guaifenesin 100 mg film-coated tablet, 100 tablet (10 x 10 tablet blister), 1 box (GPP)",20230804
1171015,"codeine phosphate 10 mg + guaifenesin 100 mg tablet, 10 tablet, 1 blister (GPP)",20201217
1171036,"codeine phosphate 10 mg + guaifenesin 100 mg tablet, 500 tablet (50 x 10 tablet blister), 1 box (GPP)",20201217
1189308,"codeine phosphate 10 mg + guaifenesin 100 mg tablet, 500 tablet, 1 bottle (GPP)",20210429
1087035,"codeine phosphate 15 mg + paracetamol 300 mg tablet, 10 tablet, 1 blister (GPP)",20191102
1086990,"codeine phosphate 15 mg + paracetamol 300 mg tablet, 10 tablet, 1 strip (GPP)",20191102
1087019,"codeine phosphate 15 mg + paracetamol 300 mg tablet, 100 tablet (10 x 10 tablet strip), 1 box (GPP)",20190216
1087057,"codeine phosphate 15 mg + paracetamol 300 mg tablet, 500 tablet (50 x 10 tablet blister), 1 box (GPP)",20191102
1090959,"codeine phosphate 15 mg tablet, 100 tablet, 1 jar (GPP)",20190216
1047433,"colchicine 600 mcg tablet, 10 tablet, 1 blister (GPP)",20181217
1047479,"colchicine 600 mcg tablet, 100 tablet (10 x 10 tablet blister), 1 box (GPP)",20181217
1047451,"colchicine 600 mcg tablet, 1000 tablet (100 x 10 tablet blister), 1 box (GPP)",20181217
1070868,"colchicine 600 mcg tablet, 500 tablet (50 x 10 tablet blister), 1 box (GPP)",20190216
1212513,"colchicine 600 mcg tablet, 500 tablet (50 x 10 tablet), 1 box (GPP)",20211202
1113716,"colecalciferol 1000 iu film-coated tablet, 10 tablet, 1 strip (GPP)",20190531
1113737,"colecalciferol 1000 iu film-coated tablet, 100 tablet (10 x 10 tablet strip), 1 box (GPP)",20190531
1046210,"colecalciferol 1000 iu film-coated tablet, 60 tablet, 1 bottle (GPP)",20190531
1113802,"colecalciferol 2000 iu film-coated tablet, 10 tablet, 1 strip (GPP)",20190531
1113825,"colecalciferol 2000 iu film-coated tablet, 100 tablet (10 x 10 tablet strip), 1 box (GPP)",20190516
1202377,"colecalciferol 5000 iu capsule, soft, 10 capsule, 1 blister (GPP)",20210915
1202396,"colecalciferol 5000 iu capsule, soft, 30 capsule (3 x 10 capsule blister), 1 box (GPP)",20210915
1280680,"colecalciferol 800 iu/1 mL oral drops, solution, 1 x 15 mL bottle, 1 box (GPP)",20230819
1280667,"colecalciferol 800 iu/1 mL oral drops, solution, 15 mL bottle (GPP)",20230819
1159739,"colistin 150 mg powder for solution for injection/infusion, 1 vial (1 x 1 vial), 1 box (GPP)",20220428
1159718,"colistin 150 mg powder for solution for injection/infusion, 1 vial (GPP)",20220428
1212545,"colistin 150 mg powder for solution for injection/infusion, 100 vial (100 x 1 vial), 1 box (GPP)",20220428
1310965,"colistin 150 mg powder for solution for injection/infusion, 50 vial, 1 box (GPP)",20241005
1325776,"compound cardamom tincture 1.8 mL/15 mL + strong capsicum tincture 60 mcL/15 mL + strong ginger tincture 24 mcL/15 mL oral solution, 1 x 180 mL bottle, 1 bottle (GPP)",20250313
1252200,"compound cardamom tincture 1.8 mL/15 mL + strong capsicum tincture 60 mcL/15 mL + strong ginger tincture 24 mcL/15 mL oral solution, 450 mL bottle (GPP)",20230113
1178993,"compound gentian tincture 2 mL/15 mL + potassium bromide 1 g/15 mL concentrate for oral solution, 120 mL bottle (GPP)",20210226
1179018,"compound gentian tincture 2 mL/15 mL + potassium bromide 1 g/15 mL concentrate for oral solution, 30 x 120 mL bottle, 1 box (GPP)",20210226
1082646,"conjugated estrogens 300 mcg coated tablet, 28 tablet (1 x 28 tablet blister), 1 box (GPP)",20190216
1082622,"conjugated estrogens 300 mcg coated tablet, 28 tablet, 1 blister (GPP)",20190216
1180753,"conjugated estrogens 62.5 mg/100 g vaginal cream, 10 g jar (GPP)",20210313
1254744,"conjugated estrogens 62.5 mg/100 g vaginal cream, 30 g tube (GPP)",20230217
1082680,"conjugated estrogens 625 mcg coated tablet, 28 tablet (1 x 28 tablet blister), 1 box (GPP)",20190216
1082667,"conjugated estrogens 625 mcg coated tablet, 28 tablet, 1 blister (GPP)",20190216
1109142,"conjugated estrogens 625 mcg film-coated tablet, 10 tablet, 1 blister (GPP)",20190411
1109161,"conjugated estrogens 625 mcg film-coated tablet, 100 tablet (10 x 10 tablet blister), 1 box (GPP)",20190411
1284160,"copper 199 mcg/1 mL + iodine 22.934 mcg/1 mL + manganese 195 mcg/1 mL + molybdenum 5.158 mcg/1 mL + selenium 6.849 mcg/1 mL + zinc 1.296 mg/1 mL syrup, 60 mL bottle (GPP)",20230918
1045777,"copper sulfate 1 mg + cyanocobalamin 15 mcg + ferrous sulfate 200 mg + folic acid 200 mcg + pyridoxine hydrochloride 200 mcg coated tablet, 1000 tablet, 1 bottle (GPP)",20181217
1235716,"corifollitropin alfa 100 mcg/0.5 mL solution for injection, 0.5 mL prefilled syr (GPP)",20220514
1098812,"corifollitropin alfa 100 mcg/0.5 mL solution for injection, 1 x 0.5 mL prefilled syr, 1 box (GPP)",20220514
1235744,"corifollitropin alfa 150 mcg/0.5 mL solution for injection, 0.5 mL prefilled syr (GPP)",20220514
1098831,"corifollitropin alfa 150 mcg/0.5 mL solution for injection, 1 x 0.5 mL prefilled syr, 1 box (GPP)",20220514
1179492,"corn starch 25 g/100 g + white petrolatum 50 g/100 g + zinc oxide 25 g/100 g cutaneous paste, 10 g jar (GPP)",20210226
1179400,"corn starch 25 g/100 g + white petrolatum 50 g/100 g + zinc oxide 25 g/100 g cutaneous paste, 250 g jar (GPP)",20210331
1218963,"corn starch 25 g/100 g + white petrolatum 50 g/100 g + zinc oxide 25 g/100 g cutaneous paste, 5 g jar (GPP)",20211202
1218916,"corn starch 25 g/100 g + white petrolatum 50 g/100 g + zinc oxide 25 g/100 g cutaneous paste, 50 g jar (GPP)",20211202
1208091,"covid-19 mrna vaccine (nucleoside modified) 100 mcg/0.5 mL dispersion for injection, 10 x 5 mL vial, 1 box (GPP)",20211110
1208070,"covid-19 mrna vaccine (nucleoside modified) 100 mcg/0.5 mL dispersion for injection, 5 mL vial (GPP)",20211110
1215076,"covid-19 mrna vaccine (nucleoside modified) 100 mcg/0.5 mL suspension for injection, 10 x 8 mL vial, 1 box (GPP)",20211202
1215053,"covid-19 mrna vaccine (nucleoside modified) 100 mcg/0.5 mL suspension for injection, 8 mL vial (GPP)",20211202
1145832,"cream base cream, 100 g jar (GPP)",20200614
1283598,"crisaborole 2 g/100 g ointment, 1 x 30 g tube, 1 box (GPP)",20230915
1279546,"crisaborole 2 g/100 g ointment, 2.5 g tube (GPP)",20230805
1283579,"crisaborole 2 g/100 g ointment, 30 g tube (GPP)",20230915
1279567,"crisaborole 2 g/100 g ointment, 6 x 2.5 g tube, 1 box (GPP)",20230805
1085994,"crizotinib 200 mg capsule, hard, 60 capsule, 1 bottle (GPP)",20190216
1086030,"crizotinib 250 mg capsule, hard, 10 capsule (1 x 10 capsule blister), 1 box (GPP)",20190216
1086011,"crizotinib 250 mg capsule, hard, 10 capsule, 1 blister (GPP)",20190216
1321621,"CRM 197 carrier protein 51 mcg/0.5 mL + pneumococcal polysaccharide serotype 1 2.2 mcg/0.5 mL + pneumococcal polysaccharide serotype 10A 2.2 mcg/0.5 mL + pneumococcal polysaccharide serotype 11A 2.2 mcg/0.5 mL + pneumococcal polysaccharide serotype 12F 2.2 mcg/0.5 mL + pneumococcal polysaccharide serotype 14 2.2 mcg/0.5 mL + pneumococcal polysaccharide serotype 15B 2.2 mcg/0.5 mL + pneumococcal polysaccharide serotype 18C 2.2 mcg/0.5 mL + pneumococcal polysaccharide serotype 19A 2.2 mcg/0.5 mL + pneumococcal polysaccharide serotype 19F 2.2 mcg/0.5 mL + pneumococcal polysaccharide serotype 22F 2.2 mcg/0.5 mL + pneumococcal polysaccharide serotype 23F 2.2 mcg/0.5 mL + pneumococcal polysaccharide serotype 3 2.2 mcg/0.5 mL + pneumococcal polysaccharide serotype 33F 2.2 mcg/0.5 mL + pneumococcal polysaccharide serotype 4 2.2 mcg/0.5 mL + pneumococcal polysaccharide serotype 5 2.2 mcg/0.5 mL + pneumococcal polysaccharide serotype 6A 2.2 mcg/0.5 mL + pneumococcal polysaccharide serotype 6B 4.4 mcg/0.5 mL + pneumococcal polysaccharide serotype 7F 2.2 mcg/0.5 mL + pneumococcal polysaccharide serotype 8 2.2 mcg/0.5 mL + pneumococcal polysaccharide serotype 9V 2.2 mcg/0.5 mL suspension for injection, 0.5 mL prefilled syr (GPP)",20250118
1321645,"CRM 197 carrier protein 51 mcg/0.5 mL + pneumococcal polysaccharide serotype 1 2.2 mcg/0.5 mL + pneumococcal polysaccharide serotype 10A 2.2 mcg/0.5 mL + pneumococcal polysaccharide serotype 11A 2.2 mcg/0.5 mL + pneumococcal polysaccharide serotype 12F 2.2 mcg/0.5 mL + pneumococcal polysaccharide serotype 14 2.2 mcg/0.5 mL + pneumococcal polysaccharide serotype 15B 2.2 mcg/0.5 mL + pneumococcal polysaccharide serotype 18C 2.2 mcg/0.5 mL + pneumococcal polysaccharide serotype 19A 2.2 mcg/0.5 mL + pneumococcal polysaccharide serotype 19F 2.2 mcg/0.5 mL + pneumococcal polysaccharide serotype 22F 2.2 mcg/0.5 mL + pneumococcal polysaccharide serotype 23F 2.2 mcg/0.5 mL + pneumococcal polysaccharide serotype 3 2.2 mcg/0.5 mL + pneumococcal polysaccharide serotype 33F 2.2 mcg/0.5 mL + pneumococcal polysaccharide serotype 4 2.2 mcg/0.5 mL + pneumococcal polysaccharide serotype 5 2.2 mcg/0.5 mL + pneumococcal polysaccharide serotype 6A 2.2 mcg/0.5 mL + pneumococcal polysaccharide serotype 6B 4.4 mcg/0.5 mL + pneumococcal polysaccharide serotype 7F 2.2 mcg/0.5 mL + pneumococcal polysaccharide serotype 8 2.2 mcg/0.5 mL + pneumococcal polysaccharide serotype 9V 2.2 mcg/0.5 mL suspension for injection, 0.5 mL prefilled syr, 1 box (GPP)",20250118
1280992,"CRM197 carrier protein 19 mcg/0.5 mL + pneumococcal polysaccharide serotype 1 2 mcg/0.5 mL + pneumococcal polysaccharide serotype 14 2 mcg/0.5 mL + pneumococcal polysaccharide serotype 19A 2 mcg/0.5 mL + pneumococcal polysaccharide serotype 19F 2 mcg/0.5 mL + pneumococcal polysaccharide serotype 23F 2 mcg/0.5 mL + pneumococcal polysaccharide serotype 5 2 mcg/0.5 mL + pneumococcal polysaccharide serotype 6A 2 mcg/0.5 mL + pneumococcal polysaccharide serotype 6B 4 mcg/0.5 mL + pneumococcal polysaccharide serotype 7F 2 mcg/0.5 mL + pneumococcal polysaccharide serotype 9V 2 mcg/0.5 mL suspension for injection, 0.5 mL vial (GPP)",20230819
1281012,"CRM197 carrier protein 19 mcg/0.5 mL + pneumococcal polysaccharide serotype 1 2 mcg/0.5 mL + pneumococcal polysaccharide serotype 14 2 mcg/0.5 mL + pneumococcal polysaccharide serotype 19A 2 mcg/0.5 mL + pneumococcal polysaccharide serotype 19F 2 mcg/0.5 mL + pneumococcal polysaccharide serotype 23F 2 mcg/0.5 mL + pneumococcal polysaccharide serotype 5 2 mcg/0.5 mL + pneumococcal polysaccharide serotype 6A 2 mcg/0.5 mL + pneumococcal polysaccharide serotype 6B 4 mcg/0.5 mL + pneumococcal polysaccharide serotype 7F 2 mcg/0.5 mL + pneumococcal polysaccharide serotype 9V 2 mcg/0.5 mL suspension for injection, 1 x 0.5 mL vial, 1 box (GPP)",20230819
1279197,"CRM197 carrier protein 30 mcg/0.5 mL + pneumococcal polysaccharide serotype 1 2 mcg/0.5 mL + pneumococcal polysaccharide serotype 14 2 mcg/0.5 mL + pneumococcal polysaccharide serotype 18C 2 mcg/0.5 mL + pneumococcal polysaccharide serotype 19A 2 mcg/0.5 mL + pneumococcal polysaccharide serotype 19F 2 mcg/0.5 mL + pneumococcal polysaccharide serotype 22F 2 mcg/0.5 mL + pneumococcal polysaccharide serotype 23F 2 mcg/0.5 mL + pneumococcal polysaccharide serotype 3 2 mcg/0.5 mL + pneumococcal polysaccharide serotype 33F 2 mcg/0.5 mL + pneumococcal polysaccharide serotype 4 2 mcg/0.5 mL + pneumococcal polysaccharide serotype 5 2 mcg/0.5 mL + pneumococcal polysaccharide serotype 6A 2 mcg/0.5 mL + pneumococcal polysaccharide serotype 6B 4 mcg/0.5 mL + pneumococcal polysaccharide serotype 7F 2 mcg/0.5 mL + pneumococcal polysaccharide serotype 9V 2 mcg/0.5 mL suspension for injection, 0.5 mL prefilled syr (GPP)",20230805
1279215,"CRM197 carrier protein 30 mcg/0.5 mL + pneumococcal polysaccharide serotype 1 2 mcg/0.5 mL + pneumococcal polysaccharide serotype 14 2 mcg/0.5 mL + pneumococcal polysaccharide serotype 18C 2 mcg/0.5 mL + pneumococcal polysaccharide serotype 19A 2 mcg/0.5 mL + pneumococcal polysaccharide serotype 19F 2 mcg/0.5 mL + pneumococcal polysaccharide serotype 22F 2 mcg/0.5 mL + pneumococcal polysaccharide serotype 23F 2 mcg/0.5 mL + pneumococcal polysaccharide serotype 3 2 mcg/0.5 mL + pneumococcal polysaccharide serotype 33F 2 mcg/0.5 mL + pneumococcal polysaccharide serotype 4 2 mcg/0.5 mL + pneumococcal polysaccharide serotype 5 2 mcg/0.5 mL + pneumococcal polysaccharide serotype 6A 2 mcg/0.5 mL + pneumococcal polysaccharide serotype 6B 4 mcg/0.5 mL + pneumococcal polysaccharide serotype 7F 2 mcg/0.5 mL + pneumococcal polysaccharide serotype 9V 2 mcg/0.5 mL suspension for injection, 1 x 0.5 mL prefilled syr, 1 box (GPP)",20230805
1114733,"cross-linked hyaluronic acid 12 mg/1 mL + lidocaine hydrochloride 3 mg/1 mL gel for injection, 2 x 1 mL prefilled syr, 1 box (GPP)",20190531
1120072,"cross-linked hyaluronic acid 20 mg/1 mL + lidocaine hydrochloride 3 mg/1 mL gel for injection, 1 mL prefilled syr, 1 box (GPP)",20190714
1119961,"cross-linked hyaluronic acid 22.5 mg/1 mL + lidocaine hydrochloride 3 mg/1 mL gel for injection, 1 mL prefilled syr, 1 box (GPP)",20190714
1120038,"cross-linked hyaluronic acid 25.5 mg/1 mL + lidocaine hydrochloride 3 mg/1 mL gel for injection, 1 mL prefilled syr, 1 box (GPP)",20190714
1120142,"cross-linked hyaluronic acid 26 mg/1 mL + lidocaine hydrochloride 3 mg/1 mL gel for injection, 2 x 1 mL prefilled syr, 1 box (GPP)",20190714
1112144,"curcuminoids 250 mg capsule, hard, 60 capsule, 1 bottle (GPP)",20190504
1184335,"cyanocobalamin 1 mg + pyridoxine 250 mg + thiamine 250 mg film-coated tablet, 10 tablet, 1 blister (GPP)",20210331
1184357,"cyanocobalamin 1 mg + pyridoxine 250 mg + thiamine 250 mg film-coated tablet, 100 tablet (10 x 10 tablet blister), 1 box (GPP)",20210331
1184374,"cyanocobalamin 1 mg + pyridoxine 250 mg + thiamine 250 mg film-coated tablet, 500 tablet (50 x 10 tablet blister), 1 box (GPP)",20210331
1128548,"cyanocobalamin 1 mg + pyridoxine hydrochloride 250 mg + thiamine mononitrate 250 mg film-coated tablet, 10 tablet, 1 blister (GPP)",20191019
1149890,"cyanocobalamin 1 mg + pyridoxine hydrochloride 250 mg + thiamine mononitrate 250 mg film-coated tablet, 10 tablet, strip (GPP)",20240817
1304776,"cyanocobalamin 1 mg + pyridoxine hydrochloride 250 mg + thiamine mononitrate 250 mg film-coated tablet, 100 tablet (10 x 10 tablet strip), 1 box (GPP)",20240817
1128524,"cyanocobalamin 1 mg + pyridoxine hydrochloride 250 mg + thiamine mononitrate 250 mg film-coated tablet, 100 tablet, 1 bottle (GPP)",20191019
1149916,"cyanocobalamin 1 mg + pyridoxine hydrochloride 250 mg + thiamine mononitrate 250 mg film-coated tablet, 30 tablet (3 x 10 tablet strip), 1 box (GPP)",20200705
1128569,"cyanocobalamin 1 mg + pyridoxine hydrochloride 250 mg + thiamine mononitrate 250 mg film-coated tablet, 300 tablet (30 x 10 tablet blister), 1 box (GPP)",20191019
1207651,"cyanocobalamin 1 mg coated tablet, 25 tablet, 1 blister (GPP)",20211110
1207679,"cyanocobalamin 1 mg coated tablet, 50 tablet (2 x 25 tablet blister), 1 box (GPP)",20211110
1097432,"cyanocobalamin 1 mg/1 mL solution for injection, 10 x 1 mL ampoule, 1 box (GPP)",20190216
1205713,"cyanocobalamin 1.2 mg/2 mL + dexpanthenol 25 mg/2 mL + niacinamide 10 mg/2 mL + pyridoxine hydrochloride 1 mg/2 mL + thiamine hydrochloride 25 mg/2 mL solution for injection, 10 x 2 mL ampoule, 1 box (GPP)",20211029
1205692,"cyanocobalamin 1.2 mg/2 mL + dexpanthenol 25 mg/2 mL + niacinamide 10 mg/2 mL + pyridoxine hydrochloride 1 mg/2 mL + thiamine hydrochloride 25 mg/2 mL solution for injection, 2 mL ampoule (GPP)",20211029
1235240,"cyanocobalamin 10 mcg + folic acid 100 mcg + niacinamide 5 mg + pantothenic acid 5 mg + pyridoxine hydrochloride 2 mg + riboflavin 2 mg + thiamine mononitrate 5 mg film-coated tablet, 100 tablet (1 x 100 tablet bottle), 1 box (GPP)",20220514
1235229,"cyanocobalamin 10 mcg + folic acid 100 mcg + niacinamide 5 mg + pantothenic acid 5 mg + pyridoxine hydrochloride 2 mg + riboflavin 2 mg + thiamine mononitrate 5 mg film-coated tablet, 100 tablet, 1 bottle (GPP)",20220514
1218667,"cyanocobalamin 10 mg/10 mL solution for injection, 1 x 10 mL vial, 1 box (GPP)",20211202
1218646,"cyanocobalamin 10 mg/10 mL solution for injection, 10 mL vial (GPP)",20211202
1262474,"cyanocobalamin 100 mcg + pyridoxine hydrochloride 10 mg + thiamine 100 mg tablet, 10 tablet, 1 blister (GPP)",20230513
1262490,"cyanocobalamin 100 mcg + pyridoxine hydrochloride 10 mg + thiamine 100 mg tablet, 500 tablet (50 x 10 tablet blister), 1 box (GPP)",20230513
1054999,"cyanocobalamin 100 mcg + pyridoxine hydrochloride 20 mg + thiamine hydrochloride 100 mg coated tablet, 1000 tablet, 1 bottle (GPP)",20190216
1080750,"cyanocobalamin 100 mcg film-coated tablet, 1000 tablet, 1 jar (GPP)",20190216
1218605,"cyanocobalamin 200 mcg + pyridoxine 200 mg + thiamine 100 mg film-coated tablet, 10 tablet, 1 blister (GPP)",20211202
1218622,"cyanocobalamin 200 mcg + pyridoxine 200 mg + thiamine 100 mg film-coated tablet, 500 tablet (50 x 10 tablet blister), 1 box (GPP)",20211202
1138976,"cyanocobalamin 200 mcg + pyridoxine hydrochloride 200 mg + thiamine hydrochloride 100 mg film-coated tablet, 10 tablet, 1 strip (GPP)",20200227
1138995,"cyanocobalamin 200 mcg + pyridoxine hydrochloride 200 mg + thiamine hydrochloride 100 mg film-coated tablet, 50 tablet (5 x 10 tablet strip), 1 box (GPP)",20200227
1139010,"cyanocobalamin 200 mcg + pyridoxine hydrochloride 200 mg + thiamine hydrochloride 100 mg film-coated tablet, 500 tablet (50 x 10 tablet strip), 1 box (GPP)",20200227
1112562,"cyanocobalamin 200 mcg + pyridoxine hydrochloride 200 mg + thiamine mononitrate 100 mg film-coated tablet, 10 tablet, 1 strip (GPP)",20190504
1112589,"cyanocobalamin 200 mcg + pyridoxine hydrochloride 200 mg + thiamine mononitrate 100 mg film-coated tablet, 100 tablet (10 x 10 tablet strip), 1 box (GPP)",20190504
1127026,"cyanocobalamin 250 mcg + pyridoxine hydrochloride 100 mg + thiamine hydrochloride 100 mg coated tablet, 10 tablet, 1 blister (GPP)",20191004
1127042,"cyanocobalamin 250 mcg + pyridoxine hydrochloride 100 mg + thiamine hydrochloride 100 mg coated tablet, 100 tablet (10 x 10 tablet blister), 1 box (GPP)",20191004
1249441,"cyanocobalamin 50 mcg + pyridoxine hydrochloride 5 mg + thiamine 100 mg tablet, 10 tablet, 1 blister (GPP)",20221202
1045754,"cyanocobalamin 50 mcg + pyridoxine hydrochloride 5 mg + thiamine 100 mg tablet, 1000 tablet, 1 bottle (GPP)",20181217
1200150,"cyanocobalamin 50 mcg + pyridoxine hydrochloride 5 mg + thiamine 100 mg tablet, 1000 tablet, 1 jar (GPP)",20210813
1249425,"cyanocobalamin 50 mcg + pyridoxine hydrochloride 5 mg + thiamine 100 mg tablet, 50000 tablet (50 x 1000 tablet blister), 1 box (GPP)",20221202
1126817,"cyanocobalamin 50 mcg + pyridoxine hydrochloride 5 mg + thiamine hydrochloride 100 mg coated tablet, 500 tablet, 1 bottle (GPP)",20191004
1186929,"cyanocobalamin 50 mcg + pyridoxine hydrochloride 5 mg + thiamine hydrochloride 100 mg tablet, 1000 tablet, 1 bottle (GPP)",20210418
1247590,"cyanocobalamin 65 mcg + pyridoxine hydrochloride 5 mg + thiamine 100 mg tablet, 10 tablet, 1 blister (GPP)",20221112
1247617,"cyanocobalamin 65 mcg + pyridoxine hydrochloride 5 mg + thiamine 100 mg tablet, 1000 tablet (100 x 10 tablet blister), 1 box (GPP)",20221112
1316647,"cyanocobalamin 75 mcg + pyridoxine 7.5 mg + thiamine 100 mg tablet, 100 tablet, bottle (GPP)",20241129
1316623,"cyanocobalamin 75 mcg + pyridoxine 7.5 mg + thiamine 100 mg tablet, 500 tablet, jar (GPP)",20241129
1161587,"cyanthillium cinereum extract 450 mg lozenge, 10 lozenge, 1 sachet (GPP)",20200920
1161600,"cyanthillium cinereum extract 450 mg lozenge, 100 lozenge (10 x 10 lozenge sachet), 1 box (GPP)",20200920
1290277,"cyclopentolate hydrochloride 1 g/100 mL eye drops, solution, 1 x 5 mL bottle, 1 box (GPP)",20240111
1290254,"cyclopentolate hydrochloride 1 g/100 mL eye drops, solution, 5 mL bottle (GPP)",20240111
1222851,"cyclopentolate hydrochloride 500 mg/100 mL + phenylephrine hydrochloride 1.67 g/100 mL + tetracaine hydrochloride 80 mg/100 mL + tropicamide 170 mg/100 mL eye drops, solution, 6 mL bottle (GPP)",20240111
1099288,"cyclophosphamide 1 g powder for solution for injection, 1 vial (1 x 1 vial), 1 box (GPP)",20220316
1226029,"cyclophosphamide 1 g powder for solution for injection, 1 vial (GPP)",20220316
1099261,"cyclophosphamide 200 mg powder for solution for injection, 1 vial, 1 box (GPP)",20190216
1301053,"cyclophosphamide 50 mg capsule, hard, 100 capsule (1 x 100 capsule bottle), 1 box (GPP)",20240629
1301030,"cyclophosphamide 50 mg capsule, hard, 100 capsule bottle (GPP)",20240629
1085653,"cyclophosphamide 50 mg coated tablet, 500 tablet (1 x 500 tablet bottle), 1 box (GPP)",20190216
1085630,"cyclophosphamide 50 mg coated tablet, 500 tablet, 1 bottle (GPP)",20190216
1226001,"cyclophosphamide 500 mg powder for solution for injection, 1 vial (1 x 1 vial), 1 box (GPP)",20220316
1225981,"cyclophosphamide 500 mg powder for solution for injection, 1 vial (GPP)",20220316
1084495,"cycloserine 250 mg capsule, hard, 10 blister, 1 box (GPP)",20241215
1084476,"cycloserine 250 mg capsule, hard, 10 capsule, blister (GPP)",20241215
1188607,"cycloserine 250 mg capsule, hard, 30 capsule (1 x 30 capsule bottle), 1 box (GPP)",20210429
1084532,"cycloserine 250 mg capsule, hard, 30 capsule (1 x 30 capsule jar), 1 box (GPP)",20190216
1188580,"cycloserine 250 mg capsule, hard, 30 capsule, 1 bottle (GPP)",20210429
1084513,"cycloserine 250 mg capsule, hard, 30 capsule, 1 jar (GPP)",20190216
1109381,"cyproheptadine 4 mg tablet, 10 tablet, 1 blister (GPP)",20190411
1091181,"cyproheptadine 4 mg tablet, 1000 tablet, 1 jar (GPP)",20190216
1109404,"cyproheptadine 4 mg tablet, 500 tablet (50 x 10 tablet blister), 1 box (GPP)",20190411
1132250,"cyproterone acetate 2 mg + ethinylestradiol 35 mcg coated tablet, 1 x 21 tablets blister pack, 1 box (GPP)",20230715
1276313,"cyproterone acetate 2 mg + ethinylestradiol 35 mcg coated tablet, 1 x 21 tablets pack, 1 box (GPP)",20230715
1276275,"cyproterone acetate 2 mg + ethinylestradiol 35 mcg coated tablet, 1 x 28 tablets pack, 1 box (GPP)",20230715
1276299,"cyproterone acetate 2 mg + ethinylestradiol 35 mcg coated tablet, 21 tablets pack (GPP)",20230715
1132232,"cyproterone acetate 2 mg + ethinylestradiol 35 mcg coated tablet, 21 tablets pack, 1 blister (GPP)",20191118
1134436,"cyproterone acetate 2 mg + ethinylestradiol 35 mcg coated tablet, 21 x 21 tablets tablet, 1 blister (GPP)",20200104
1276252,"cyproterone acetate 2 mg + ethinylestradiol 35 mcg coated tablet, 28 tablets pack (GPP)",20230715
1082890,"cyproterone acetate 50 mg tablet, 10 tablet, 1 blister (GPP)",20190216
1082916,"cyproterone acetate 50 mg tablet, 50 tablet (5 x 10 tablet blister), 1 box (GPP)",20190216
1099407,"cytarabine 1 g/10 mL solution for injection/infusion, 10 mL vial, 1 box (GPP)",20190216
1099448,"cytarabine 100 mg/1 mL solution for injection/infusion, 1 mL vial, 1 box (GPP)",20190216
1233824,"cytarabine 100 mg/5 mL solution for injection/infusion, 1 x 5 mL vial, 1 box (GPP)",20220428
1233807,"cytarabine 100 mg/5 mL solution for injection/infusion, 5 mL vial (GPP)",20220428
1323800,"cytarabine 2 g/20 mL solution for injection, 1 x 20 mL vial, 1 box (GPP)",20250215
1323788,"cytarabine 2 g/20 mL solution for injection, 1 x 20 mL vial, 1 vial (GPP)",20250215
1099424,"cytarabine 2 g/20 mL solution for injection/infusion, 1 x 20 mL vial, 1 box (GPP)",20220330
1228615,"cytarabine 2 g/20 mL solution for injection/infusion, 1 x 20 mL vial, 1 vial (GPP)",20250301
1297116,"cytisinicline 1.5 mg tablet, 10 tablet blister (GPP)",20240501
1297137,"cytisinicline 1.5 mg tablet, 100 tablet (10 x 10 tablet blister), 1 box (GPP)",20240501
1324139,"cytomegalovirus immunoglobulin 100 iu/1 mL solution for infusion, 1 x 10 mL vial, 1 box (GPP)",20250215
1324118,"cytomegalovirus immunoglobulin 100 iu/1 mL solution for infusion, 1 x 10 mL vial, 1 vial (GPP)",20250215
1323145,"cytomegalovirus immunoglobulin 100 iu/1 mL solution for infusion, 1 x 50 mL vial, 1 box (GPP)",20250215
1323121,"cytomegalovirus immunoglobulin 100 iu/1 mL solution for infusion, 1 x 50 mL vial, 1 vial (GPP)",20250215
1063156,"dabigatran etexilate 110 mg capsule, hard, 10 capsule, 1 blister (GPP)",20190216
1063173,"dabigatran etexilate 110 mg capsule, hard, 30 capsule (3 x 10 capsule blister), 1 box (GPP)",20190216
1080637,"dabigatran etexilate 150 mg capsule, hard, 10 capsule, 1 blister (GPP)",20190216
1110420,"dabigatran etexilate 150 mg capsule, hard, 30 capsule (3 x 10 capsule blister), 1 box (GPP)",20190411
1063194,"dabigatran etexilate 75 mg capsule, hard, 10 capsule, 1 blister (GPP)",20190216
1063211,"dabigatran etexilate 75 mg capsule, hard, 30 capsule (3 x 10 capsule blister), 1 box (GPP)",20190216
1249954,"dabrafenib 50 mg capsule, hard, 28 capsule (1 x 28 capsule bottle), 1 box (GPP)",20221202
1249931,"dabrafenib 50 mg capsule, hard, 28 capsule, 1 bottle (GPP)",20221202
1242181,"dabrafenib 75 mg capsule, hard, 28 capsule (1 x 28 capsule bottle), 1 box (GPP)",20220901
1242168,"dabrafenib 75 mg capsule, hard, 28 capsule, 1 bottle (GPP)",20220901
1099344,"dacarbazine 200 mg powder for solution for injection/infusion, 1 vial (1 x 1 vial), 1 box (GPP)",20200614
1148038,"dacarbazine 200 mg powder for solution for injection/infusion, 1 vial (GPP)",20200614
1099363,"dacarbazine 500 mg powder for solution for infusion, 1 vial, 1 box (GPP)",20190216
1085262,"daclatasvir 30 mg film-coated tablet, 14 tablet, 1 blister (GPP)",20190216
1085289,"daclatasvir 30 mg film-coated tablet, 28 tablet (2 x 14 tablet blister), 1 box (GPP)",20190216
1085301,"daclatasvir 60 mg film-coated tablet, 14 tablet, 1 blister (GPP)",20190216
1085329,"daclatasvir 60 mg film-coated tablet, 28 tablet (2 x 14 tablet blister), 1 box (GPP)",20190216
1201652,"dacomitinib 15 mg film-coated tablet, 10 tablet, 1 blister (GPP)",20210901
1201675,"dacomitinib 15 mg film-coated tablet, 30 tablet (3 x 10 tablet blister), 1 box (GPP)",20210901
1174292,"d-alpha tocopherol 1 g/100 mL + jojoba oil 1 g/100 mL + mineral oil 93 g/100 mL + olive oil 5 g/100 mL cutaneous emulsion, 60 mL bottle (GPP)",20210211
1237586,"d-alpha tocopherol 100 iu capsule, soft, 100 capsule (1 x 100 capsule bottle), 1 box (GPP)",20220602
1237564,"d-alpha tocopherol 100 iu capsule, soft, 100 capsule, 1 bottle (GPP)",20220602
1051046,"d-alpha tocopherol 525 iu capsule, soft, 30 capsule, 1 blister (GPP)",20190120
1051067,"d-alpha tocopherol 525 iu capsule, soft, 60 capsule (2 x 30 capsule blister), 1 box (GPP)",20190120
1062154,"d-alpha tocopheryl acetate 100 iu capsule, soft, 100 capsule, 1 bottle (GPP)",20200415
1156602,"d-alpha tocopheryl acetate 50 iu/100 mL + macrogol 40 2 mL/100 mL + sorbitol 14 mL/100 mL oral emulsion, 30 mL bottle (GPP)",20221104
1082937,"danazol 100 mg capsule, hard, 100 capsule, 1 jar (GPP)",20190216
1065654,"danazol 200 mg capsule, hard, 100 capsule, 1 jar (GPP)",20190216
1066361,"dapagliflozin 10 mg + metformin hydrochloride 1 g prolonged-release tablet, 28 tablet (4 x 7 tablet blister), 1 box (GPP)",20190216
1066342,"dapagliflozin 10 mg + metformin hydrochloride 1 g prolonged-release tablet, 7 tablet, 1 blister (GPP)",20190216
1236826,"dapagliflozin 10 mg film-coated tablet, 1 prefilled syr (GPP)",20220602
1236842,"dapagliflozin 10 mg film-coated tablet, 10 prefilled syr (10 x 1 prefilled syr), 1 box (GPP)",20220602
1059683,"dapagliflozin 10 mg film-coated tablet, 10 tablet, blister (GPP)",20241225
1059704,"dapagliflozin 10 mg film-coated tablet, 3 blister, 1 box (GPP)",20241225
1066405,"dapagliflozin 5 mg + metformin hydrochloride 1 g prolonged-release tablet, 56 tablet (8 x 7 tablet blister), 1 box (GPP)",20190216
1066388,"dapagliflozin 5 mg + metformin hydrochloride 1 g prolonged-release tablet, 7 tablet, 1 blister (GPP)",20190216
1083439,"dapoxetine 30 mg film-coated tablet, 3 tablet (1 x 3 tablet blister), 1 box (GPP)",20190216
1083418,"dapoxetine 30 mg film-coated tablet, 3 tablet, 1 blister (GPP)",20190216
1117013,"dapsone 100 mg tablet [28 tablet] (&) rifampicin 300 mg capsule, hard [2 capsule], 1 blister (GPP)",20210215
1058782,"dapsone 100 mg tablet, 100 tablet (1 x 100 tablet bottle), 1 box (GPP)",20190216
1058769,"dapsone 100 mg tablet, 100 tablet, 1 bottle (GPP)",20190216
1267081,"dapsone 5 mg/1 mL oral suspension, 20 mL bottle (GPP)",20230617
1234167,"daratumumab 1.8 g/15 mL solution for injection, 1 x 15 mL vial, 1 box (GPP)",20220514
1234146,"daratumumab 1.8 g/15 mL solution for injection, 15 mL vial (GPP)",20220514
1045037,"daratumumab 100 mg/5 mL concentrate for solution for infusion, 5 mL vial, 1 box (GPP)",20181217
1152064,"daratumumab 400 mg/20 mL concentrate for solution for infusion, 1 x 20 mL vial, 1 box (GPP)",20200719
1152040,"daratumumab 400 mg/20 mL concentrate for solution for infusion, 20 mL vial (GPP)",20200719
1209801,"darbepoetin alfa 120 mcg/0.5 mL solution for injection, 0.5 mL prefilled syr (GPP)",20211110
1098492,"darbepoetin alfa 120 mcg/0.5 mL solution for injection, 1 x 0.5 mL prefilled syr, 1 box (GPP)",20211110
1209829,"darbepoetin alfa 20 mcg/0.5 mL solution for injection, 0.5 mL prefilled syr (GPP)",20211110
1209840,"darbepoetin alfa 20 mcg/0.5 mL solution for injection, 1 x 0.5 mL prefilled syr, 1 box (GPP)",20211110
1209864,"darbepoetin alfa 30 mcg/0.5 mL solution for injection, 0.5 mL prefilled syr (GPP)",20211110
1209886,"darbepoetin alfa 30 mcg/0.5 mL solution for injection, 1 x 0.5 mL prefilled syr, 1 box (GPP)",20211110
1209903,"darbepoetin alfa 40 mcg/0.5 mL solution for injection, 0.5 mL prefilled syr (GPP)",20211110
1209926,"darbepoetin alfa 40 mcg/0.5 mL solution for injection, 1 x 0.5 mL prefilled syr, 1 box (GPP)",20211110
1310439,"darolutamide 300 mg film-coated tablet, 16 tablet, blister (GPP)",20241005
1310456,"darolutamide 300 mg film-coated tablet, 7 blister, 1 box (GPP)",20241005
1084718,"darunavir 300 mg film-coated tablet, 120 tablet (1 x 120 tablet bottle), 1 box (GPP)",20190216
1084699,"darunavir 300 mg film-coated tablet, 120 tablet, 1 bottle (GPP)",20190216
1288284,"darunavir 400 mg + ritonavir 50 mg film-coated tablet, 60 tablet (1 x 60 tablet bottle), 1 box (GPP)",20231118
1288266,"darunavir 400 mg + ritonavir 50 mg film-coated tablet, 60 tablet, 1 bottle (GPP)",20231118
1063490,"darunavir 400 mg film-coated tablet, 60 tablet (1 x 60 tablet bottle), 1 box (GPP)",20190216
1063474,"darunavir 400 mg film-coated tablet, 60 tablet, 1 bottle (GPP)",20190216
1084756,"darunavir 600 mg film-coated tablet, 60 tablet (1 x 60 tablet bottle), 1 box (GPP)",20190216
1084739,"darunavir 600 mg film-coated tablet, 60 tablet, 1 bottle (GPP)",20190216
1052308,"darunavir 800 mg film-coated tablet, 30 tablet (1 x 30 tablet bottle), 1 box (GPP)",20190203
1052280,"darunavir 800 mg film-coated tablet, 30 tablet, 1 bottle (GPP)",20190203
1085735,"dasatinib 20 mg film-coated tablet, 60 tablet (1 x 60 tablet bottle), 1 box (GPP)",20190216
1085719,"dasatinib 20 mg film-coated tablet, 60 tablet, 1 bottle (GPP)",20190216
1279291,"dasatinib 50 mg film-coated tablet, 10 tablet, 1 blister (GPP)",20230805
1257399,"dasatinib 50 mg film-coated tablet, 12 tablet, 1 blister (GPP)",20230316
1279317,"dasatinib 50 mg film-coated tablet, 30 tablet (3 x 10 tablet blister), 1 box (GPP)",20230805
1085774,"dasatinib 50 mg film-coated tablet, 60 tablet (1 x 60 tablet bottle), 1 box (GPP)",20190216
1257415,"dasatinib 50 mg film-coated tablet, 60 tablet (5 x 12 tablet blister), 1 box (GPP)",20230316
1085757,"dasatinib 50 mg film-coated tablet, 60 tablet, 1 bottle (GPP)",20190216
1278752,"dasatinib 70 mg film-coated tablet, 10 tablet, 1 blister (GPP)",20230805
1257458,"dasatinib 70 mg film-coated tablet, 12 tablet, 1 blister (GPP)",20230316
1278775,"dasatinib 70 mg film-coated tablet, 30 tablet (3 x 10 tablet blister), 1 box (GPP)",20230805
1085816,"dasatinib 70 mg film-coated tablet, 60 tablet (1 x 60 tablet bottle), 1 box (GPP)",20190216
1257470,"dasatinib 70 mg film-coated tablet, 60 tablet (5 x 12 tablet blister), 1 box (GPP)",20230316
1085790,"dasatinib 70 mg film-coated tablet, 60 tablet, 1 bottle (GPP)",20190216
1318068,"decitabine 50 mg powder and solvent for concentrate for solution for infusion, 1 vial (GPP)",20241225
1318081,"decitabine 50 mg powder and solvent for concentrate for solution for infusion, 1 vial, 1 box (GPP)",20241225
1310544,"decitabine 50 mg powder for concentrate for solution for infusion, 1 vial (GPP)",20241005
1310563,"decitabine 50 mg powder for concentrate for solution for infusion, 1 vial, 1 box (GPP)",20241005
1116194,"deferasirox 250 mg dispersible tablet, 10 tablet, 1 blister (GPP)",20190614
1152220,"deferasirox 250 mg dispersible tablet, 28 tablet (4 x 7 tablet blister), 1 box (GPP)",20200719
1116211,"deferasirox 250 mg dispersible tablet, 30 tablet (3 x 10 tablet blister), 1 box (GPP)",20190614
1152208,"deferasirox 250 mg dispersible tablet, 7 tablet, 1 blister (GPP)",20200719
1251899,"deferiprone 100 mg/1 mL oral solution, 1 x 500 mL bottle, 1 box (GPP)",20230113
1047684,"deferiprone 100 mg/1 mL oral solution, 100 mL bottle, 1 box (GPP)",20200705
1251875,"deferiprone 100 mg/1 mL oral solution, 500 mL bottle (GPP)",20230113
1091229,"deferiprone 250 mg capsule, hard, 50 capsule (1 x 50 capsule bottle), 1 box (GPP)",20190216
1091201,"deferiprone 250 mg capsule, hard, 50 capsule, 1 bottle (GPP)",20190216
1109231,"deferiprone 500 mg capsule, hard, 50 capsule (1 x 50 capsule bottle), 1 box (GPP)",20190411
1109212,"deferiprone 500 mg capsule, hard, 50 capsule, 1 bottle (GPP)",20190411
1091255,"deferiprone 500 mg film-coated tablet, 100 tablet (1 x 100 tablet bottle), 1 box (GPP)",20190216
1077655,"deferiprone 500 mg film-coated tablet, 100 tablet, 1 bottle (GPP)",20190216
1233848,"degarelix 120 mg powder and solvent for solution for injection, 1 vial (GPP)",20220428
1127639,"degarelix 120 mg powder and solvent for solution for injection, 2 vial (2 x 1 vial), 1 box (GPP)",20220428
1107070,"degarelix 80 mg powder and solvent for solution for injection, 1 vial (1 x 1 vial), 1 box (GPP)",20220303
1224280,"degarelix 80 mg powder and solvent for solution for injection, 1 vial (GPP)",20220303
1317157,"delamanid 50 mg film-coated tablet, 6 blister, 1 box (GPP)",20241215
1317135,"delamanid 50 mg film-coated tablet, 8 tablet, blister (GPP)",20241215
1189438,"delta-9-tetrahydrocannabinol-cannabis extract 13 mg/1 mL oromucosal drops, 1 x 5 mL bottle, 1 box (GPP)",20210429
1189417,"delta-9-tetrahydrocannabinol-cannabis extract 13 mg/1 mL oromucosal drops, 5 mL bottle (GPP)",20210429
1124067,"delta-9-tetrahydrocannabinol-cannabis extract 13.16 mg/1 mL oromucosal drops, 5 mL bottle, 1 box (GPP)",20191102
1129731,"delta-9-tetrahydrocannabinol-cannabis extract 17 mg/1 mL oromucosal drops, 5 mL bottle, 1 box (GPP)",20191102
1283289,"dengue virus serotype 1, live attenuated 3.3 log10 pfu/0.5 mL + dengue virus serotype 2, live attenuated 2.7 log10 pfu/0.5 mL + dengue virus serotype 3, live attenuated 4 log10 pfu/0.5 mL + dengue virus serotype 4, live attenuated 4.5 log10 pfu/0.5 mL powder and solvent for solution for injection, 1 vial (1 x 1 vial), 1 box (GPP)",20230915
1283262,"dengue virus serotype 1, live attenuated 3.3 log10 pfu/0.5 mL + dengue virus serotype 2, live attenuated 2.7 log10 pfu/0.5 mL + dengue virus serotype 3, live attenuated 4 log10 pfu/0.5 mL + dengue virus serotype 4, live attenuated 4.5 log10 pfu/0.5 mL powder and solvent for solution for injection, 1 vial (GPP)",20230915
1226848,"denosumab 60 mg/1 mL solution for injection, 1 mL prefilled syr (GPP)",20220316
1226869,"denosumab 60 mg/1 mL solution for injection, 1 x 1 mL prefilled syr, 1 box (GPP)",20220316
1082423,"dequalinium chloride 10 mg vaginal tablet, 6 tablet (1 x 6 tablet blister), 1 box (GPP)",20190216
1082406,"dequalinium chloride 10 mg vaginal tablet, 6 tablet, 1 blister (GPP)",20190216
1296030,"dermatophagoides farinae allergen extract 10000 AU/1 mL solution for skin-prick test, 1 x 5 mL bottle, 1 box (GPP)",20240412
1296011,"dermatophagoides farinae allergen extract 10000 AU/1 mL solution for skin-prick test, 5 mL bottle (GPP)",20240412
1296547,"dermatophagoides pteronyssinus allergen extract 10000 AU/1 mL solution for skin-prick test, 1 x 5 mL bottle, 1 box (GPP)",20240412
1296523,"dermatophagoides pteronyssinus allergen extract 10000 AU/1 mL solution for skin-prick test, 5 mL bottle (GPP)",20240412
1227363,"desflurane 100 mL/100 mL inhalation vapour, liquid, 240 mL bottle (GPP)",20220316
1077798,"desloratadine 5 mg film-coated tablet, 10 blister, 1 box (GPP)",20241225
1251852,"desloratadine 5 mg film-coated tablet, 10 tablet (1 x 10 tablet blister), 1 box (GPP)",20230113
1077779,"desloratadine 5 mg film-coated tablet, 10 tablet, blister (GPP)",20241225
1222164,"desloratadine 500 mcg/1 mL oral solution, 1 bottle, 1 box (GPP)",20241225
1222140,"desloratadine 500 mcg/1 mL oral solution, 60 mL bottle (GPP)",20220203
1236565,"desloratadine 500 mcg/1 mL syrup, 1 bottle, 1 box (GPP)",20241225
1236549,"desloratadine 500 mcg/1 mL syrup, 60 mL bottle (GPP)",20220602
1225143,"desmopressin 120 mcg sublingual tablet, 10 tablet, 1 blister (GPP)",20220303
1225162,"desmopressin 120 mcg sublingual tablet, 30 tablet (3 x 10 tablet blister), 1 box (GPP)",20220303
1061911,"desmopressin 60 mcg sublingual tablet, 10 tablet, 1 blister (GPP)",20190216
1061930,"desmopressin 60 mcg sublingual tablet, 30 tablet (3 x 10 tablet blister), 1 box (GPP)",20190216
1267197,"desmopressin acetate 10 mcg/1 mL oral suspension, 10 mL bottle (GPP)",20230617
1130033,"desmopressin acetate 10 mg/100 mL nasal drops, solution, 2.5 mL bottle, 1 box (GPP)",20200613
1123674,"desmopressin acetate 10 mg/100 mL nasal spray, solution, 2.5 mL bottle, 1 box (GPP)",20190829
1061850,"desmopressin acetate 100 mcg tablet, 30 tablet (1 x 30 tablet bottle), 1 box (GPP)",20190216
1061832,"desmopressin acetate 100 mcg tablet, 30 tablet, 1 bottle (GPP)",20190216
1061897,"desmopressin acetate 200 mcg tablet, 30 tablet (1 x 30 tablet bottle), 1 box (GPP)",20190216
1061878,"desmopressin acetate 200 mcg tablet, 30 tablet, 1 bottle (GPP)",20190216
1233998,"desmopressin acetate 4 mcg/1 mL solution for injection, 1 mL ampoule (GPP)",20220428
1114395,"desmopressin acetate 4 mcg/1 mL solution for injection, 10 x 1 mL ampoule, 1 box (GPP)",20220428
1268848,"desogestrel 150 mcg + ethinylestradiol 20 mcg tablet, 1 x 21 tablets tablet, 1 box (GPP)",20230617
1246742,"desogestrel 150 mcg + ethinylestradiol 20 mcg tablet, 1 x 28 tablets tablet, 1 box (GPP)",20221104
1268824,"desogestrel 150 mcg + ethinylestradiol 20 mcg tablet, 21 x 21 tablets tablet, 1 blister (GPP)",20230617
1246726,"desogestrel 150 mcg + ethinylestradiol 20 mcg tablet, 28 x 28 tablets tablet, 1 blister (GPP)",20221104
1164315,"desogestrel 150 mcg + ethinylestradiol 30 mcg tablet, 1 x 21 tablets tablet, 1 box (GPP)",20201016
1164370,"desogestrel 150 mcg + ethinylestradiol 30 mcg tablet, 1 x 28 tablets tablet, 1 box (GPP)",20201016
1164294,"desogestrel 150 mcg + ethinylestradiol 30 mcg tablet, 21 x 21 tablets tablet, 1 blister (GPP)",20201016
1164358,"desogestrel 150 mcg + ethinylestradiol 30 mcg tablet, 28 x 28 tablets tablet, 1 blister (GPP)",20201016
1082605,"desogestrel 75 mcg film-coated tablet, 28 tablet (1 x 28 tablet blister), 1 box (GPP)",20190216
1082583,"desogestrel 75 mcg film-coated tablet, 28 tablet, 1 blister (GPP)",20190216
1315423,"desoximetasone 250 mg/100 g cream, 1 bottle, 1 box (GPP)",20241129
1291353,"desoximetasone 250 mg/100 g cream, 1 x 30 g bottle, 1 box (GPP)",20240216
1315406,"desoximetasone 250 mg/100 g cream, 15 g bottle (GPP)",20241129
1291330,"desoximetasone 250 mg/100 g cream, 30 g bottle (GPP)",20240216
1276378,"desoximetasone 250 mg/100 g cream, 300 g bottle (GPP)",20230715
1105244,"desoximetasone 250 mg/100 g ointment, 15 g tube, 1 box (GPP)",20190331
1122239,"desoximetasone 250 mg/100 g ointment, 5 g tube, 1 box (GPP)",20190815
1089823,"desvenlafaxine 50 mg prolonged-release tablet, 14 tablet, 1 blister (GPP)",20190216
1089847,"desvenlafaxine 50 mg prolonged-release tablet, 28 tablet (2 x 14 tablet blister), 1 box (GPP)",20190216
1280481,"desvenlafaxine 50 mg prolonged-release tablet, 28 tablet (4 x 7 tablet blister), 1 box (GPP)",20230819
1280468,"desvenlafaxine 50 mg prolonged-release tablet, 7 tablet, 1 blister (GPP)",20230819
1285846,"dexamethasone 100 mg/100 mL + levofloxacin 500 mg/100 mL eye drops, solution, 1 x 5 mL bottle, 1 box (GPP)",20231013
1285822,"dexamethasone 100 mg/100 mL + levofloxacin 500 mg/100 mL eye drops, solution, 5 mL bottle (GPP)",20231013
1224042,"dexamethasone 100 mg/100 mL + neomycin sulfate 500 mg/100 mL ear/eye drops, solution, 1 x 4 mL bottle, 1 box (GPP)",20220303
1224026,"dexamethasone 100 mg/100 mL + neomycin sulfate 500 mg/100 mL ear/eye drops, solution, 4 mL bottle (GPP)",20220303
1153742,"dexamethasone 100 mg/100 mL eye drops, solution, 10 mL bottle (GPP)",20200719
1154643,"dexamethasone 100 mg/100 mL eye drops, solution, 5 mL bottle (GPP)",20200801
1272104,"dexamethasone 2 mg/100 mL + diphenhydramine hydrochloride 200 mg/100 mL + lidocaine hydrochloride 1 g/100 mL + nystatin 20 g/100 mL oral suspension, 60 mL bottle (GPP)",20230701
1317587,"dexamethasone 2 mg/100 mL eye drops, solution, 15 mL bottle (GPP)",20241215
1083537,"dexamethasone 4 mg tablet, 10 tablet, 1 strip (GPP)",20190216
1083559,"dexamethasone 4 mg tablet, 500 tablet (50 x 10 tablet strip), 1 box (GPP)",20190216
1188800,"dexamethasone 4 mg/1 mL solution for injection, 1 mL ampoule (GPP)",20210429
1208313,"dexamethasone 4 mg/1 mL solution for injection, 10 x 1 mL ampoule, 1 box (GPP)",20211110
1188828,"dexamethasone 4 mg/1 mL solution for injection, 50 x 1 mL ampoule, 1 box (GPP)",20210429
1186760,"dexamethasone 5 mg/1 mL solution for injection, 1 mL ampoule (GPP)",20210418
1110150,"dexamethasone 5 mg/1 mL solution for injection, 50 x 1 mL ampoule, 1 box (GPP)",20210418
1058281,"dexamethasone 500 mcg tablet, 1000 tablet, 1 bottle (GPP)",20190216
1182263,"dexamethasone 500 mcg tablet, 1000 tablet, 1 jar (GPP)",20210331
1267291,"dexamethasone 500 mcg/1 mL oral solution, 60 mL bottle (GPP)",20230617
1254530,"dexamethasone phosphate 100 mg/100 mL + moxifloxacin 500 mg/100 mL eye drops, solution, 1 x 5 mL bottle, 1 box (GPP)",20230203
1254511,"dexamethasone phosphate 100 mg/100 mL + moxifloxacin 500 mg/100 mL eye drops, solution, 5 mL bottle (GPP)",20230203
1137894,"dexamethasone phosphate 100 mg/100 mL + neomycin 350 mg/100 mL ear/eye drops, solution, 5 mL bottle, 1 box (GPP)",20200227
1201964,"dexamethasone phosphate 40 mg/10 mL solution for injection, 1 x 10 mL vial, 1 box (GPP)",20210915
1201940,"dexamethasone phosphate 40 mg/10 mL solution for injection, 10 mL vial (GPP)",20210915
1202026,"dexamethasone phosphate 8 mg/2 mL solution for injection, 10 x 2 mL vial, 1 box (GPP)",20210915
1202003,"dexamethasone phosphate 8 mg/2 mL solution for injection, 2 mL vial (GPP)",20210915
1161922,"dexketoprofen 25 mg + tramadol hydrochloride 75 mg film-coated tablet, 15 tablet (1 x 15 tablet blister), 1 box (GPP)",20200920
1161905,"dexketoprofen 25 mg + tramadol hydrochloride 75 mg film-coated tablet, 15 tablet, 1 blister (GPP)",20200920
1220942,"dexketoprofen 25 mg film-coated tablet, 10 tablet, 1 blister (GPP)",20220113
1220961,"dexketoprofen 25 mg film-coated tablet, 20 tablet (2 x 10 tablet blister), 1 box (GPP)",20220113
1293707,"dexketoprofen 50 mg/2 mL solution for injection/infusion, 10 x 2 mL ampoule, 1 box (GPP)",20240313
1293688,"dexketoprofen 50 mg/2 mL solution for injection/infusion, 2 mL ampoule (GPP)",20240313
1058321,"dexlansoprazole 30 mg gastro-resistant capsule, hard, 28 capsule (4 x 7 capsule blister), 1 box (GPP)",20190216
1058309,"dexlansoprazole 30 mg gastro-resistant capsule, hard, 7 capsule, 1 blister (GPP)",20190216
1058366,"dexlansoprazole 60 mg gastro-resistant capsule, hard, 28 capsule (4 x 7 capsule blister), 1 box (GPP)",20190216
1058345,"dexlansoprazole 60 mg gastro-resistant capsule, hard, 7 capsule, 1 blister (GPP)",20190216
1053873,"dexmedetomidine 200 mcg/2 mL concentrate for solution for infusion, 1 x 2 mL vial, 1 box (GPP)",20220303
1295533,"dexmedetomidine 200 mcg/2 mL concentrate for solution for infusion, 2 mL ampoule (GPP)",20240412
1224878,"dexmedetomidine 200 mcg/2 mL concentrate for solution for infusion, 2 mL vial (GPP)",20220303
1295551,"dexmedetomidine 200 mcg/2 mL concentrate for solution for infusion, 5 x 2 mL ampoule, 1 box (GPP)",20240412
1209620,"dexpanthenol 5 g/100 mL nasal spray, solution, 1 x 20 mL bottle, 1 box (GPP)",20211110
1209608,"dexpanthenol 5 g/100 mL nasal spray, solution, 20 mL bottle (GPP)",20211110
1110340,"dextran 10 g/100 mL + sodium chloride 900 mg/100 mL solution for infusion, 500 mL bottle, 1 bottle (GPP)",20190411
1308573,"dextran 40 10 g/100 mL + sodium chloride 900 mg/100 mL solution for infusion, 500 mL bag (GPP)",20240913
1254217,"dextran 70 100 mg/100 mL + hypromellose 300 mg/100 mL eye drops, solution, 0.8 mL unit dose (GPP)",20230203
1254238,"dextran 70 100 mg/100 mL + hypromellose 300 mg/100 mL eye drops, solution, 30 x 0.8 mL unit dose, 1 box (GPP)",20230203
1044306,"dextromethorphan hydrobromide 15 mg + guaifenesin 100 mg + terpin hydrate 130 mg tablet, 10 tablet, 1 blister (GPP)",20181216
1076340,"dextromethorphan hydrobromide 15 mg + guaifenesin 100 mg + terpin hydrate 130 mg tablet, 1000 tablet, 1 jar (GPP)",20190216
1044323,"dextromethorphan hydrobromide 15 mg + guaifenesin 100 mg + terpin hydrate 130 mg tablet, 500 tablet (50 x 10 tablet blister), 1 box (GPP)",20181216
1125987,"dextromethorphan hydrobromide 15 mg + guaifenesin 100 mg + terpin hydrate 130 mg tablet, 500 tablet, 1 jar (GPP)",20190913
1090971,"dextromethorphan hydrobromide 15 mg film-coated tablet, 10 tablet, 1 strip (GPP)",20190216
1090992,"dextromethorphan hydrobromide 15 mg film-coated tablet, 500 tablet (50 x 10 tablet strip), 1 box (GPP)",20190216
1169186,"dextromethorphan hydrobromide 15 mg/5 mL syrup, 1 x 60 mL bottle, 1 box (GPP)",20201202
1169164,"dextromethorphan hydrobromide 15 mg/5 mL syrup, 60 mL bottle (GPP)",20201202
1169140,"dextromethorphan hydrobromide 5 mg/5 mL syrup, 1 x 60 mL bottle, 1 box (GPP)",20201202
1169129,"dextromethorphan hydrobromide 5 mg/5 mL syrup, 60 mL bottle (GPP)",20201202
1257732,"dextrose 1 g oral powder, 1 g sachet (GPP)",20230316
1195041,"dextrose 10 g/100 mL + sodium chloride 180 mg/100 mL solution for infusion, 200 mL bag (GPP)",20210715
1195060,"dextrose 10 g/100 mL + sodium chloride 180 mg/100 mL solution for infusion, 500 mL bag (GPP)",20210715
1098686,"dextrose 10 g/100 mL + sodium chloride 450 mg/100 mL solution for infusion, 1 L bag (GPP)",20210715
1098638,"dextrose 10 g/100 mL + sodium chloride 900 mg/100 mL solution for infusion, 1 L bag (GPP)",20210715
1098655,"dextrose 10 g/100 mL + sodium chloride 900 mg/100 mL solution for infusion, 500 mL bag, 1 bag (GPP)",20190216
1098519,"dextrose 10 g/100 mL solution for infusion, 1 L bag (GPP)",20211014
1098535,"dextrose 10 g/100 mL solution for infusion, 500 mL bag (GPP)",20211014
1203049,"dextrose 2.025 g/3.1 g + potassium chloride 225 mg/3.1 g + sodium chloride 390 mg/3.1 g + sodium citrate dihydrate 435 mg/3.1 g powder for oral solution, 3.1 g sachet (GPP)",20210930
1203065,"dextrose 2.025 g/3.1 g + potassium chloride 225 mg/3.1 g + sodium chloride 390 mg/3.1 g + sodium citrate dihydrate 435 mg/3.1 g powder for oral solution, 50 x 3.1 g sachet, 1 box (GPP)",20210930
1285186,"dextrose 2.025 g/3.23 g + potassium chloride 225 mg/3.23 g + sodium chloride 390 mg/3.23 g + sodium citrate dihydrate 435 mg/3.23 g powder for oral solution, 100 x 3.23 g sachet, 1 box (GPP)",20231013
1285164,"dextrose 2.025 g/3.23 g + potassium chloride 225 mg/3.23 g + sodium chloride 390 mg/3.23 g + sodium citrate dihydrate 435 mg/3.23 g powder for oral solution, 3.23 g sachet (GPP)",20231013
1264559,"dextrose 3.375 g/5.383 g + potassium chloride 375 mg/5.383 g + sodium chloride 650 mg/5.383 g + sodium citrate dihydrate 725 mg/5.383 g powder for oral solution, 5 x 5.383 g sachet, 1 box (GPP)",20230604
1264516,"dextrose 3.375 g/5.383 g + potassium chloride 375 mg/5.383 g + sodium chloride 650 mg/5.383 g + sodium citrate dihydrate 725 mg/5.383 g powder for oral solution, 5.383 g sachet (GPP)",20230604
1264537,"dextrose 3.375 g/5.383 g + potassium chloride 375 mg/5.383 g + sodium chloride 650 mg/5.383 g + sodium citrate dihydrate 725 mg/5.383 g powder for oral solution, 50 x 5.383 g sachet, 1 box (GPP)",20230604
1184083,"dextrose 3.375 g/5.5 g + potassium chloride 375 mg/5.5 g + sodium chloride 650 mg/5.5 g + sodium citrate dihydrate 725 mg/5.5 g powder for oral solution, 5.5 g sachet (GPP)",20210331
1184106,"dextrose 3.375 g/5.5 g + potassium chloride 375 mg/5.5 g + sodium chloride 650 mg/5.5 g + sodium citrate dihydrate 725 mg/5.5 g powder for oral solution, 50 x 5.5 g sachet, 1 box (GPP)",20210331
1325321,"dextrose 30 g/100 mL syrup, 1 x 50 mL bottle, 1 bottle (GPP)",20250301
1256098,"dextrose 40 g/100 mL oral gel, 2 mL prefilled syr (GPP)",20230304
1098705,"dextrose 5 g/100 mL + sodium chloride 180 mg/100 mL solution for infusion, 500 mL bag (GPP)",20211014
1097599,"dextrose 5 g/100 mL + sodium chloride 225 mg/100 mL solution for infusion, 500 mL bag (GPP)",20211014
1204640,"dextrose 5 g/100 mL + sodium chloride 300 mg/100 mL solution for infusion, 1 L bag (GPP)",20211014
1097575,"dextrose 5 g/100 mL + sodium chloride 300 mg/100 mL solution for infusion, 500 mL bag (GPP)",20211014
1098590,"dextrose 5 g/100 mL + sodium chloride 450 mg/100 mL solution for infusion, 1 L bag (GPP)",20211014
1097552,"dextrose 5 g/100 mL + sodium chloride 450 mg/100 mL solution for infusion, 500 mL bag (GPP)",20211014
1097612,"dextrose 5 g/100 mL + sodium chloride 900 mg/100 mL solution for infusion, 1 L bag (GPP)",20211014
1097631,"dextrose 5 g/100 mL + sodium chloride 900 mg/100 mL solution for infusion, 500 mL bag (GPP)",20211014
1097497,"dextrose 5 g/100 mL solution for infusion, 1 L bag (GPP)",20210226
1204733,"dextrose 5 g/100 mL solution for infusion, 200 mL bag (GPP)",20211014
1098557,"dextrose 5 g/100 mL solution for infusion, 250 mL bag (GPP)",20211014
1097510,"dextrose 5 g/100 mL solution for infusion, 500 mL bag (GPP)",20211014
1101775,"dextrose 5 g/100 mL solution for injection/infusion, 10 x 100 mL bag, 1 box (GPP)",20190315
1097450,"dextrose 5 g/100 mL solution for injection/infusion, 100 mL bag (GPP)",20211014
1123223,"dextrose 5 g/100 mL solution for injection/infusion, 20 x 50 mL bag, 1 box (GPP)",20190829
1097534,"dextrose 5 g/100 mL solution for injection/infusion, 50 mL bag (GPP)",20211014
1212827,"dextrose 50 g/100 mL solution for infusion, 200 mL bag (GPP)",20211202
1098574,"dextrose 50 g/100 mL solution for infusion, 500 mL bag (GPP)",20211202
1097478,"dextrose 50 g/100 mL solution for injection, 10 x 20 mL ampoule, 1 box (GPP)",20190216
1167143,"dextrose 50 g/100 mL solution for injection/infusion, 100 mL bag (GPP)",20201202
1253307,"dextrose 50 g/100 mL solution for injection/infusion, 50 mL ampoule (GPP)",20230203
1167115,"dextrose 50 g/100 mL solution for injection/infusion, 50 mL bag (GPP)",20201202
1275071,"dextrose 50 g/100 mL solution for injection/infusion, 50 mL vial (GPP)",20230715
1253324,"dextrose 50 g/100 mL solution for injection/infusion, 50 x 50 mL ampoule, 1 box (GPP)",20230203
1070490,"diacerein 50 mg capsule, hard, 10 capsule, 1 blister (GPP)",20190216
1070517,"diacerein 50 mg capsule, hard, 30 capsule (3 x 10 capsule blister), 1 box (GPP)",20190216
1197203,"diacerein 50 mg capsule, hard, 90 capsule (9 x 10 capsule blister), 1 box (GPP)",20210813
1310920,"diazepam 10 mg tablet, 1000 tablet, bottle (GPP)",20241005
1308001,"diazepam 10 mg/2 mL solution for injection, 2 mL ampoule (GPP)",20240913
1098115,"diazepam 10 mg/2 mL solution for injection, 50 ampoule, 1 box (GPP)",20240913
1251754,"diazepam 2 mg capsule, hard, 1000 capsule, 1 bottle (GPP)",20230113
1089044,"diazepam 2 mg tablet, 10 tablet, 1 strip (GPP)",20190216
1089063,"diazepam 2 mg tablet, 1000 tablet (100 x 10 tablet strip), 1 box (GPP)",20190216
1109119,"diazepam 2 mg tablet, 1000 tablet, 1 bottle (GPP)",20190411
1089125,"diazepam 2 mg tablet, 500 tablet, 1 bottle (GPP)",20190216
1089085,"diazepam 5 mg tablet, 10 tablet, 1 strip (GPP)",20190216
1089102,"diazepam 5 mg tablet, 1000 tablet (100 x 10 tablet strip), 1 box (GPP)",20190216
1089141,"diazepam 5 mg tablet, 1000 tablet, bottle (GPP)",20240913
1077975,"diazoxide 25 mg capsule, hard, 100 capsule (5 x 20 capsule blister), 1 box (GPP)",20190216
1077952,"diazoxide 25 mg capsule, hard, 20 capsule, 1 blister (GPP)",20190216
1267393,"diazoxide 5 mg/1 mL oral suspension, 30 mL bottle (GPP)",20230617
1269874,"dibasic potassium phosphate 655 mg/100 mL + dibasic sodium phosphate 685 mg/100 mL + monobasic potassium phosphate 871 mg/100 mL + monobasic sodium phosphate 710 mg/100 mL oral solution, 1 L gallon (GPP)",20230617
1259618,"dibasic potassium phosphate 655 mg/100 mL + dibasic sodium phosphate 685 mg/100 mL + monobasic potassium phosphate 871 mg/100 mL + monobasic sodium phosphate 710 mg/100 mL oral solution, 30 mL bottle (GPP)",20230401
1259660,"dibasic potassium phosphate 655 mg/100 mL + dibasic sodium phosphate 685 mg/100 mL + monobasic potassium phosphate 871 mg/100 mL + monobasic sodium phosphate 710 mg/100 mL oral solution, 60 mL bottle (GPP)",20230401
1117045,"dibasic sodium phosphate 0.433 mg/1 mL + potassium chloride 0.395 mg/1 mL + sodium bicarbonate 2.19 mg/1 mL + sodium chloride 7.44 mg/1 mL irrigation solution [480 mL x bottle] (&) calcium chloride dihydrate 3.85 mg/1 mL + dextrose 23 mg/1 mL + glutathione disulfide 4.6 mg/1 mL + magnesium chloride hexahydrate 5 mg/1 mL irrigation solution [20 mL x bottle], 1 box (GPP)",20190630
1149241,"dibasic sodium phosphate 13.2 g/100 mL oral solution, 120 mL bottle (GPP)",20200614
1158395,"dibasic sodium phosphate 13.2 g/100 mL oral suspension, 120 mL bottle (GPP)",20200815
1313617,"dibasic sodium phosphate 13.6 g/100 mL + phosphoric acid 5.15 mL/100 mL oral solution, 450 mL bottle (GPP)",20241129
1313808,"dibasic sodium phosphate 13.6 g/100 mL + phosphoric acid 5.15 mL/100 mL oral solution, 60 mL bottle (GPP)",20241117
1161967,"dibasic sodium phosphate 17.745 g/1 L + monobasic sodium phosphate 17.249 g/1 L oral solution, 60 mL bottle (GPP)",20200920
1217920,"dibasic sodium phosphate 7 g/118 mL + monobasic sodium phosphate 19 g/118 mL rectal solution, 1 x 133 mL bottle, 1 box (GPP)",20211202
1217908,"dibasic sodium phosphate 7 g/118 mL + monobasic sodium phosphate 19 g/118 mL rectal solution, 133 mL bottle (GPP)",20211202
1227407,"dibasic sodium phosphate 900 mg/5 mL + monobasic sodium phosphate 2.4 g/5 mL oral solution, 1 x 45 mL bottle, 1 box (GPP)",20220316
1217350,"dibasic sodium phosphate 900 mg/5 mL + monobasic sodium phosphate 2.4 g/5 mL oral solution, 1 x 90 mL bottle, 1 box (GPP)",20211202
1227385,"dibasic sodium phosphate 900 mg/5 mL + monobasic sodium phosphate 2.4 g/5 mL oral solution, 45 mL bottle (GPP)",20220316
1217332,"dibasic sodium phosphate 900 mg/5 mL + monobasic sodium phosphate 2.4 g/5 mL oral solution, 90 mL bottle (GPP)",20211202
1183526,"diclofenac potassium 50 mg film-coated tablet, 10 tablet, 1 blister (GPP)",20210331
1183542,"diclofenac potassium 50 mg film-coated tablet, 100 tablet (10 x 10 tablet blister), 1 box (GPP)",20210331
1192062,"diclofenac sodium 1 g/100 g cutaneous spray, solution, 1 box (GPP)",20240831
1192043,"diclofenac sodium 1 g/100 g cutaneous spray, solution, 60 mL bottle (GPP)",20210616
1126620,"diclofenac sodium 1 g/100 g gel, 1 tube, 1 box (GPP)",20241005
1137645,"diclofenac sodium 1 g/100 g gel, 1 x 30 g tube, 1 box (GPP)",20200601
1146127,"diclofenac sodium 1 g/100 g gel, 1 x 30 g tube, 1 tube (GPP)",20250313
1146189,"diclofenac sodium 1 g/100 g gel, 1 x 60 g tube, 1 box (GPP)",20200601
1052884,"diclofenac sodium 1 g/100 g gel, 15 g tube, 1 box (GPP)",20190216
1310015,"diclofenac sodium 1 g/100 g gel, 25 g tube (GPP)",20241005
1146162,"diclofenac sodium 1 g/100 g gel, 60 g tube (GPP)",20200614
1109637,"diclofenac sodium 100 mg prolonged-release tablet, 10 tablet, 1 blister (GPP)",20190411
1109659,"diclofenac sodium 100 mg prolonged-release tablet, 30 tablet (3 x 10 tablet blister), 1 box (GPP)",20190411
1311966,"diclofenac sodium 15 mg transdermal patch, 5 sachet, 1 box (GPP)",20241018
1311945,"diclofenac sodium 15 mg transdermal patch, 7 patch, sachet (GPP)",20241018
1133198,"diclofenac sodium 2 g/100 g gel, 30 g tube, 1 box (GPP)",20230604
1047201,"diclofenac sodium 25 mg gastro-resistant tablet, 10 tablet, 1 blister (GPP)",20181217
1047229,"diclofenac sodium 25 mg gastro-resistant tablet, 1000 tablet (100 x 10 tablet blister), 1 box (GPP)",20181217
1228691,"diclofenac sodium 25 mg gastro-resistant tablet, 1000 tablet, 1 jar (GPP)",20220330
1086534,"diclofenac sodium 25 mg gastro-resistant tablet, 30 tablet (3 x 10 tablet blister), 1 box (GPP)",20190216
1086568,"diclofenac sodium 25 mg gastro-resistant tablet, 500 tablet (50 x 10 tablet blister), 1 box (GPP)",20190216
1193294,"diclofenac sodium 50 mg gastro-resistant tablet, 10 tablet, 1 blister (GPP)",20210715
1246551,"diclofenac sodium 50 mg gastro-resistant tablet, 100 tablet (10 x 10 tablet blister), 1 box (GPP)",20221104
1207241,"diclofenac sodium 50 mg gastro-resistant tablet, 1000 tablet, 1 jar (GPP)",20211029
1193315,"diclofenac sodium 50 mg gastro-resistant tablet, 500 tablet (50 x 10 tablet blister), 1 box (GPP)",20210715
1070059,"diclofenac sodium 75 mg prolonged-release tablet, 10 tablet, 1 blister (GPP)",20190216
1070071,"diclofenac sodium 75 mg prolonged-release tablet, 30 tablet (3 x 10 tablet blister), 1 box (GPP)",20190216
1196001,"diclofenac sodium 75 mg/3 mL solution for injection, 100 x 3 mL ampoule, 1 box (GPP)",20210731
1195981,"diclofenac sodium 75 mg/3 mL solution for injection, 3 mL ampoule (GPP)",20210731
1110023,"diclofenac sodium 75 mg/3 mL solution for injection, 5 x 3 mL ampoule, 1 box (GPP)",20190411
1046996,"dicloxacillin 250 mg capsule, hard, 10 capsule, 1 blister (GPP)",20181217
1083635,"dicloxacillin 250 mg capsule, hard, 10 capsule, 1 strip (GPP)",20190216
1108861,"dicloxacillin 250 mg capsule, hard, 100 capsule (10 x 10 capsule blister), 1 box (GPP)",20190411
1151873,"dicloxacillin 250 mg capsule, hard, 1000 capsule, 1 jar (GPP)",20200719
1047012,"dicloxacillin 250 mg capsule, hard, 250 capsule (25 x 10 capsule blister), 1 box (GPP)",20181217
1083657,"dicloxacillin 250 mg capsule, hard, 250 capsule (25 x 10 capsule strip), 1 box (GPP)",20190216
1151894,"dicloxacillin 250 mg capsule, hard, 50000 capsule (50 x 1000 capsule blister), 1 box (GPP)",20200719
1047031,"dicloxacillin 500 mg capsule, hard, 10 capsule, 1 blister (GPP)",20181217
1047054,"dicloxacillin 500 mg capsule, hard, 500 capsule (50 x 10 capsule blister), 1 box (GPP)",20181217
1151943,"dicloxacillin 500 mg capsule, hard, 500 capsule, 1 jar (GPP)",20200719
1056125,"dicycloverine hydrochloride 10 mg + simeticone 100 mg tablet, 10 tablet, 1 strip (GPP)",20190216
1056141,"dicycloverine hydrochloride 10 mg + simeticone 100 mg tablet, 500 tablet (50 x 10 tablet strip), 1 box (GPP)",20190216
1045978,"dicycloverine hydrochloride 10 mg/1 mL + simeticone 40 mg/1 mL oral drops, solution, 10 mL bottle, 1 box (GPP)",20181217
1127144,"dicycloverine hydrochloride 5 mg/5 mL + simeticone 50 mg/5 mL syrup, 60 mL bottle, 1 bottle (GPP)",20191004
1127128,"dicycloverine hydrochloride 5 mg/5 mL + simeticone 50 mg/5 mL syrup, 60 mL bottle, 1 box (GPP)",20191004
1084858,"didanosine 125 mg chewable tablet, 30 tablet, 1 bottle (GPP)",20190216
1084870,"didanosine 125 mg chewable tablet, 60 tablet, 1 bottle (GPP)",20190216
1084891,"didanosine 200 mg chewable tablet, 30 tablet, 1 bottle (GPP)",20190216
1084917,"didanosine 200 mg chewable tablet, 60 tablet, 1 bottle (GPP)",20190216
1084794,"didanosine 250 mg gastro-resistant capsule, hard, 30 capsule (1 x 30 capsule bottle), 1 box (GPP)",20190216
1084773,"didanosine 250 mg gastro-resistant capsule, hard, 30 capsule, 1 bottle (GPP)",20190216
1084836,"didanosine 400 mg gastro-resistant capsule, hard, 30 capsule (1 x 30 capsule bottle), 1 box (GPP)",20190216
1084815,"didanosine 400 mg gastro-resistant capsule, hard, 30 capsule, 1 bottle (GPP)",20190216
1082786,"dienogest 2 mg tablet, 14 tablet, 1 blister (GPP)",20190216
1082803,"dienogest 2 mg tablet, 2 blister, 1 box (GPP)",20250215
1175008,"dienogest 2 mg tablet, 28 tablet (1 x 28 tablet blister), 1 box (GPP)",20210211
1174988,"dienogest 2 mg tablet, 28 tablet, 1 blister (GPP)",20210211
1290126,"dienogest 3 mg + estradiol valerate 2 mg film-coated tablet, 1 x 28 tablets strip tablests, 1 box (GPP)",20240111
1290103,"dienogest 3 mg + estradiol valerate 2 mg film-coated tablet, 28 x 28 tablets tablests, 1 strip (GPP)",20240111
1090614,"diethylcarbamazine citrate 300 mg tablet, 100 tablet (1 x 100 tablet bottle), 1 box (GPP)",20190216
1090596,"diethylcarbamazine citrate 300 mg tablet, 100 tablet, 1 bottle (GPP)",20190216
1061061,"digoxin 250 mcg tablet, 1000 tablet (1 x 1000 tablet jar), 1 box (GPP)",20190216
1061042,"digoxin 250 mcg tablet, 1000 tablet, 1 jar (GPP)",20190216
1061088,"digoxin 62.5 mcg tablet, 30 tablet, 1 blister (GPP)",20190216
1061100,"digoxin 62.5 mcg tablet, 300 tablet (10 x 30 tablet blister), 1 box (GPP)",20190216
1044265,"dihydroartemisinin 40 mg + piperaquine tetraphosphate 320 mg film-coated tablet, 9 tablet (1 x 9 tablet blister), 1 box (GPP)",20181216
1044249,"dihydroartemisinin 40 mg + piperaquine tetraphosphate 320 mg film-coated tablet, 9 tablet, 1 blister (GPP)",20181216
1093329,"dihydroergotoxine mesilate 1 mg tablet, 10 tablet, 1 blister (GPP)",20190216
1093340,"dihydroergotoxine mesilate 1 mg tablet, 100 tablet (10 x 10 tablet blister), 1 box (GPP)",20190216
1055103,"dihydroergotoxine mesilate 1 mg tablet, 1000 tablet, 1 bottle (GPP)",20190216
1126770,"dihydroergotoxine mesilate 1 mg tablet, 500 tablet, 1 jar (GPP)",20191004
1093364,"dihydroergotoxine mesilate 4.5 mg gastro-resistant tablet, 10 tablet, 1 blister (GPP)",20190216
1093386,"dihydroergotoxine mesilate 4.5 mg gastro-resistant tablet, 30 tablet (3 x 10 tablet blister), 1 box (GPP)",20190216
1081437,"diltiazem hydrochloride 100 mg prolonged-release capsule, hard, 10 capsule, 1 blister (GPP)",20190216
1081459,"diltiazem hydrochloride 100 mg prolonged-release capsule, hard, 100 capsule (10 x 10 capsule blister), 1 box (GPP)",20190216
1047511,"diltiazem hydrochloride 120 mg prolonged-release capsule, hard, 10 capsule, 1 blister (GPP)",20181217
1063517,"diltiazem hydrochloride 120 mg prolonged-release capsule, hard, 14 capsule, 1 blister (GPP)",20190216
1063538,"diltiazem hydrochloride 120 mg prolonged-release capsule, hard, 56 capsule (4 x 14 capsule blister), 1 box (GPP)",20190216
1047530,"diltiazem hydrochloride 120 mg prolonged-release capsule, hard, 60 capsule (6 x 10 capsule blister), 1 box (GPP)",20181217
1057107,"diltiazem hydrochloride 120 mg prolonged-release tablet, 100 tablet (1 x 100 tablet bottle), 1 box (GPP)",20190216
1057084,"diltiazem hydrochloride 120 mg prolonged-release tablet, 100 tablet, 1 bottle (GPP)",20190216
1081471,"diltiazem hydrochloride 200 mg prolonged-release capsule, hard, 10 capsule, 1 blister (GPP)",20190216
1081492,"diltiazem hydrochloride 200 mg prolonged-release capsule, hard, 100 capsule (10 x 10 capsule blister), 1 box (GPP)",20190216
1058688,"diltiazem hydrochloride 30 mg tablet, 10 tablet, 1 blister (GPP)",20190216
1058707,"diltiazem hydrochloride 30 mg tablet, 100 tablet (10 x 10 tablet blister), 1 box (GPP)",20190216
1081353,"diltiazem hydrochloride 30 mg tablet, 1000 tablet (100 x 10 tablet blister), 1 box (GPP)",20190216
1058724,"diltiazem hydrochloride 60 mg tablet, 10 tablet, 1 blister (GPP)",20190216
1058748,"diltiazem hydrochloride 60 mg tablet, 100 tablet (10 x 10 tablet blister), 1 box (GPP)",20190216
1081395,"diltiazem hydrochloride 90 mg prolonged-release capsule, hard, 10 capsule, 1 blister (GPP)",20190216
1081416,"diltiazem hydrochloride 90 mg prolonged-release capsule, hard, 100 capsule (10 x 10 capsule blister), 1 box (GPP)",20190216
1266923,"dimenhydrinate 200 mg/100 mL + lidocaine hydrochloride 1 g/100 mL oral suspension, 120 mL bottle (GPP)",20230617
1058206,"dimenhydrinate 50 mg tablet, 10 tablet, 1 strip (GPP)",20190216
1108992,"dimenhydrinate 50 mg tablet, 1000 tablet (100 x 10 tablet strip), 1 box (GPP)",20190411
1079193,"dimenhydrinate 50 mg tablet, 1000 tablet, 1 jar (GPP)",20190216
1058223,"dimenhydrinate 50 mg tablet, 500 tablet (50 x 10 tablet strip), 1 box (GPP)",20190216
1098170,"dimenhydrinate 50 mg/1 mL solution for injection, 50 x 1 mL ampoule, 1 box (GPP)",20190216
1163214,"dimethyl fumarate 120 mg gastro-resistant capsule, hard, 14 capsule (1 x 14 capsule blister), 1 box (GPP)",20201002
1163192,"dimethyl fumarate 120 mg gastro-resistant capsule, hard, 14 capsule, 1 blister (GPP)",20201002
1163308,"dimethyl fumarate 240 mg gastro-resistant capsule, hard, 14 capsule (1 x 14 capsule blister), 1 box (GPP)",20201002
1163280,"dimethyl fumarate 240 mg gastro-resistant capsule, hard, 14 capsule, 1 blister (GPP)",20201002
1219310,"dimethyl sulfoxide 10 g/100 mL + triamcinolone acetonide 100 mg/100 mL cutaneous emulsion, 30 mL bottle (GPP)",20211216
1278641,"dinalbuphine sebacate 150 mg/2 mL solution for injection, 1 x 2 mL vial, 1 box (GPP)",20230805
1278625,"dinalbuphine sebacate 150 mg/2 mL solution for injection, 2 mL vial (GPP)",20230805
1226946,"dinoprostone 3 mg vaginal tablet, 4 tablet (1 x 4 tablet strip), 1 box (GPP)",20220316
1226922,"dinoprostone 3 mg vaginal tablet, 4 tablet, 1 strip (GPP)",20220316
1254020,"diosmectite 3 g/10 g oral suspension, 10 g sachet (GPP)",20230203
1254049,"diosmectite 3 g/10 g oral suspension, 12 x 10 g sachet, 1 box (GPP)",20230203
1059484,"diosmin 450 mg + hesperidin 50 mg film-coated tablet, 10 tablet, 1 blister (GPP)",20190216
1059506,"diosmin 450 mg + hesperidin 50 mg film-coated tablet, 100 tablet (10 x 10 tablet blister), 1 box (GPP)",20190216
1058089,"diosmin 450 mg + hesperidin 50 mg film-coated tablet, 15 tablet, 1 blister (GPP)",20190216
1058101,"diosmin 450 mg + hesperidin 50 mg film-coated tablet, 30 tablet (2 x 15 tablet blister), 1 box (GPP)",20190216
1240932,"diosmin 450 mg + hesperidin 50 mg film-coated tablet, 30 tablet (3 x 10 tablet blister), 1 box (GPP)",20220810
1049099,"diosmin 900 mg + hesperidin 100 mg film-coated tablet, 10 tablet, 1 blister (GPP)",20190103
1264140,"diosmin 900 mg + hesperidin 100 mg film-coated tablet, 100 tablet (10 x 10 tablet blister), 1 box (GPP)",20230604
1049113,"diosmin 900 mg + hesperidin 100 mg film-coated tablet, 30 tablet (3 x 10 tablet blister), 1 box (GPP)",20190103
1091054,"diphenhydramine hydrochloride 25 mg capsule, hard, 1000 capsule, 1 bottle (GPP)",20190216
1091077,"diphenhydramine hydrochloride 25 mg capsule, hard, 1000 capsule, 1 jar (GPP)",20190216
1289337,"diphenhydramine hydrochloride 50 mg capsule, hard, 10 capsule (1 x 10 capsule blister), 1 box (GPP)",20231216
1289316,"diphenhydramine hydrochloride 50 mg capsule, hard, 10 capsule blister (GPP)",20231216
1289623,"diphenhydramine hydrochloride 50 mg capsule, hard, 30 capsule (3 x 10 capsule blister), 1 box (GPP)",20231216
1194907,"diphenhydramine hydrochloride 50 mg tablet, 10 tablet (1 x 10 tablet blister), 1 box (GPP)",20210715
1194884,"diphenhydramine hydrochloride 50 mg tablet, 10 tablet, 1 blister (GPP)",20210715
1144898,"diphtheria toxoid 15 Lf/0.5 mL + haemophilus influenzae type b vaccine 30 mcg/0.5 mL + hepatitis B virus vaccine 10 mcg/0.5 mL + pertussis vaccine, whole cell 4 iu/0.5 mL + tetanus toxoid 10 Lf/0.5 mL suspension for injection, 10 x 0.5 mL vial, 1 box (GPP)",20200517
1144931,"diphtheria toxoid 15 Lf/0.5 mL + haemophilus influenzae type b vaccine 30 mcg/0.5 mL + hepatitis B virus vaccine 10 mcg/0.5 mL + pertussis vaccine, whole cell 4 iu/0.5 mL + tetanus toxoid 10 Lf/0.5 mL suspension for injection, 10 x 5 mL vial, 1 box (GPP)",20200517
1102718,"diphtheria toxoid 2 iu/0.5 mL + pertussis vaccine, acellular 8 mcg/0.5 mL + tetanus toxoid 20 iu/0.5 mL suspension for injection, 0.5 mL prefilled syr, 1 box (GPP)",20190714
1247191,"diphtheria toxoid 2 Lf/0.5 mL + filamentous haemagglutinin (FHA) 5 mcg/0.5 mL + recombinant pertussis toxin (rPT) 2 mcg/0.5 mL + tetanus toxoid 7.5 Lf/0.5 mL suspension for injection, 0.5 mL prefilled syr (GPP)",20221112
1241692,"diphtheria toxoid 2 Lf/0.5 mL + filamentous haemagglutinin (FHA) 5 mcg/0.5 mL + recombinant pertussis toxin (rPT) 2 mcg/0.5 mL + tetanus toxoid 7.5 Lf/0.5 mL suspension for injection, 0.5 mL vial (GPP)",20220901
1241750,"diphtheria toxoid 2 Lf/0.5 mL + filamentous haemagglutinin (FHA) 5 mcg/0.5 mL + recombinant pertussis toxin (rPT) 2 mcg/0.5 mL + tetanus toxoid 7.5 Lf/0.5 mL suspension for injection, 1 mL vial (GPP)",20220901
1247213,"diphtheria toxoid 2 Lf/0.5 mL + filamentous haemagglutinin (FHA) 5 mcg/0.5 mL + recombinant pertussis toxin (rPT) 2 mcg/0.5 mL + tetanus toxoid 7.5 Lf/0.5 mL suspension for injection, 1 x 0.5 mL prefilled syr, 1 box (GPP)",20221112
1241713,"diphtheria toxoid 2 Lf/0.5 mL + filamentous haemagglutinin (FHA) 5 mcg/0.5 mL + recombinant pertussis toxin (rPT) 2 mcg/0.5 mL + tetanus toxoid 7.5 Lf/0.5 mL suspension for injection, 1 x 0.5 mL vial, 1 box (GPP)",20220901
1241778,"diphtheria toxoid 2 Lf/0.5 mL + filamentous haemagglutinin (FHA) 5 mcg/0.5 mL + recombinant pertussis toxin (rPT) 2 mcg/0.5 mL + tetanus toxoid 7.5 Lf/0.5 mL suspension for injection, 1 x 1 mL vial, 1 box (GPP)",20220901
1102739,"diphtheria toxoid 2 Lf/0.5 mL + pertussis vaccine, acellular 2.5 mcg/0.5 mL + tetanus toxoid 5 Lf/0.5 mL suspension for injection, 0.5 mL vial, 1 box (GPP)",20231202
1105988,"diphtheria toxoid 30 iu/0.5 mL + haemophilus influenzae type b vaccine 10 mcg/0.5 mL + hepatitis B virus vaccine 10 mcg/0.5 mL + pertussis 4 iu/0.5 mL + tetanus toxoid 60 iu/0.5 mL suspension for injection, 30 x 5 mL vial, 1 box (GPP)",20190411
1133484,"diphtheria toxoid 30 iu/0.5 mL + haemophilus influenzae type b vaccine 10 mcg/0.5 mL + hepatitis B virus vaccine 10 mcg/0.5 mL + pertussis vaccine, whole cell 4 iu/0.5 mL + tetanus toxoid 40 iu/0.5 mL suspension for injection, 0.5 mL vial, 1 vial (GPP)",20191212
1133665,"diphtheria toxoid 30 iu/0.5 mL + haemophilus influenzae type b vaccine 10 mcg/0.5 mL + hepatitis B virus vaccine 10 mcg/0.5 mL + pertussis vaccine, whole cell 4 iu/0.5 mL + tetanus toxoid 40 iu/0.5 mL suspension for injection, 5 mL vial, 1 vial (GPP)",20191212
1133506,"diphtheria toxoid 30 iu/0.5 mL + haemophilus influenzae type b vaccine 10 mcg/0.5 mL + hepatitis B virus vaccine 10 mcg/0.5 mL + pertussis vaccine, whole cell 4 iu/0.5 mL + tetanus toxoid 40 iu/0.5 mL suspension for injection, 50 x 0.5 mL vial, 1 box (GPP)",20191212
1133683,"diphtheria toxoid 30 iu/0.5 mL + haemophilus influenzae type b vaccine 10 mcg/0.5 mL + hepatitis B virus vaccine 10 mcg/0.5 mL + pertussis vaccine, whole cell 4 iu/0.5 mL + tetanus toxoid 40 iu/0.5 mL suspension for injection, 50 x 5 mL vial, 1 box (GPP)",20191212
1119450,"diphtheria toxoid 30 iu/0.5 mL + haemophilus influenzae type b vaccine 11 mcg/0.5 mL + hepatitis B virus vaccine 12.5 mcg/0.5 mL + pertussis vaccine, whole cell 4 iu/0.5 mL + tetanus toxoid 60 iu/0.5 mL suspension for injection, 10 x 0.5 mL vial, 1 box (GPP)",20190714
1119497,"diphtheria toxoid 30 iu/0.5 mL + haemophilus influenzae type b vaccine 11 mcg/0.5 mL + hepatitis B virus vaccine 12.5 mcg/0.5 mL + pertussis vaccine, whole cell 4 iu/0.5 mL + tetanus toxoid 60 iu/0.5 mL suspension for injection, 10 x 5 mL vial, 1 box (GPP)",20190714
1160351,"diphtheria toxoid 30 iu/0.5 mL + pertussis vaccine, whole cell 4 iu/0.5 mL + tetanus toxoid 60 iu/0.5 mL suspension for injection, 10 x 5 mL vial, 1 box (GPP)",20200904
1160333,"diphtheria toxoid 30 iu/0.5 mL + pertussis vaccine, whole cell 4 iu/0.5 mL + tetanus toxoid 60 iu/0.5 mL suspension for injection, 5 mL vial (GPP)",20200904
1213398,"dipotassium clorazepate 5 mg capsule, hard, 10 capsule, 1 blister (GPP)",20211202
1073214,"dipotassium clorazepate 5 mg capsule, hard, 10 capsule, 1 strip (GPP)",20190216
1213419,"dipotassium clorazepate 5 mg capsule, hard, 250 capsule (25 x 10 capsule blister), 1 box (GPP)",20211202
1073233,"dipotassium clorazepate 5 mg capsule, hard, 500 capsule (50 x 10 capsule strip), 1 box (GPP)",20190216
1080594,"dipyridamole 75 mg capsule, hard, 10 capsule, 1 blister (GPP)",20190216
1080616,"dipyridamole 75 mg capsule, hard, 500 capsule (50 x 10 capsule blister), 1 box (GPP)",20190216
1234216,"diquafosol sodium 3 g/100 mL eye drops, solution, 0.4 mL unit dose (GPP)",20220514
1234237,"diquafosol sodium 3 g/100 mL eye drops, solution, 30 x 0.4 mL unit dose, 1 box (GPP)",20220514
1203123,"disulfiram 500 mg tablet, 100 tablet (25 x 4 tablet blister), 1 box (GPP)",20210930
1203106,"disulfiram 500 mg tablet, 4 tablet, 1 blister (GPP)",20210930
1241587,"dobutamine 250 mg/20 mL concentrate for solution for infusion, 10 x 20 mL ampoule, 1 box (GPP)",20220810
1241560,"dobutamine 250 mg/20 mL concentrate for solution for infusion, 20 mL ampoule (GPP)",20220810
1097715,"dobutamine 250 mg/20 mL concentrate for solution for infusion, 20 mL vial, 1 box (GPP)",20190216
1314650,"dobutamine 250 mg/5 mL concentrate for solution for infusion, 1 vial, 1 box (GPP)",20241117
1314632,"dobutamine 250 mg/5 mL concentrate for solution for infusion, 5 mL vial (GPP)",20241117
1099476,"docetaxel 20 mg/0.5 mL concentrate and solvent for solution for infusion, 0.5 mL vial, 1 box (GPP)",20190216
1099495,"docetaxel 80 mg/2 mL concentrate and solvent for solution for infusion, 2 mL vial, 1 box (GPP)",20190216
1293996,"dog (Canis familiaris) hair allergen extract 50 mg/1 mL solution for skin-prick test, 1 bottle, 1 box (GPP)",20241018
1293977,"dog (Canis familiaris) hair allergen extract 50 mg/1 mL solution for skin-prick test, 5 mL bottle (GPP)",20240328
1303739,"dolutegravir 10 mg dispersible tablet, 90 tablet, bottle (GPP)",20240802
1319331,"dolutegravir 50 mg + emtricitabine 200 mg + tenofovir alafenamide 25 mg film-coated tablet, 1 bottle (GPP)",20250202
1194035,"dolutegravir 50 mg + emtricitabine 200 mg + tenofovir alafenamide 25 mg film-coated tablet, 1 bottle, 1 box (GPP)",20250202
1319354,"dolutegravir 50 mg + emtricitabine 200 mg + tenofovir alafenamide 25 mg film-coated tablet, 1 box (GPP)",20250202
1194019,"dolutegravir 50 mg + emtricitabine 200 mg + tenofovir alafenamide 25 mg film-coated tablet, 30 tablet, 1 bottle (GPP)",20210715
1160501,"dolutegravir 50 mg + lamivudine 300 mg + tenofovir disoproxil fumarate 300 mg film-coated tablet, 30 tablet (1 x 30 tablet bottle), 1 box (GPP)",20200920
1160488,"dolutegravir 50 mg + lamivudine 300 mg + tenofovir disoproxil fumarate 300 mg film-coated tablet, 30 tablet, 1 bottle (GPP)",20200920
1232420,"dolutegravir 50 mg + lamivudine 300 mg film-coated tablet, 30 tablet (1 x 30 tablet bottle), 1 box (GPP)",20220428
1232408,"dolutegravir 50 mg + lamivudine 300 mg film-coated tablet, 30 tablet, 1 bottle (GPP)",20220428
1085611,"dolutegravir 50 mg film-coated tablet, 1 bottle, 1 box (GPP)",20250215
1085598,"dolutegravir 50 mg film-coated tablet, 30 tablet, 1 bottle (GPP)",20190216
1061995,"domperidone 10 mg film-coated tablet, 10 tablet, 1 blister (GPP)",20190216
1079091,"domperidone 10 mg film-coated tablet, 10 tablet, 1 strip (GPP)",20190216
1309959,"domperidone 10 mg film-coated tablet, 10 tablets, blister (GPP)",20241005
1062014,"domperidone 10 mg film-coated tablet, 1000 tablet (100 x 10 tablet blister), 1 box (GPP)",20190216
1309971,"domperidone 10 mg film-coated tablet, 3 blister, 1 box (GPP)",20241005
1079117,"domperidone 10 mg film-coated tablet, 500 tablet (50 x 10 tablet strip), 1 box (GPP)",20190216
1300569,"domperidone 10 mg tablet, 10 tablet strip (GPP)",20240615
1055064,"domperidone 10 mg tablet, 1000 tablet, 1 bottle (GPP)",20190216
1231661,"domperidone 10 mg tablet, 1000 tablet, 1 jar (GPP)",20220413
1300582,"domperidone 10 mg tablet, 500 tablet (50 x 10 tablet strip), 1 box (GPP)",20240615
1200918,"domperidone 10 mg tablet, 500 tablet, 1 bottle (GPP)",20210901
1169345,"domperidone 5 mg/5 mL oral suspension, 1 x 30 mL bottle, 1 box (GPP)",20201202
1169321,"domperidone 5 mg/5 mL oral suspension, 30 mL bottle (GPP)",20201202
1181796,"donepezil hydrochloride 10 mg film-coated tablet, 10 tablet, 1 blister (GPP)",20210312
1235065,"donepezil hydrochloride 10 mg film-coated tablet, 14 tablet, 1 blister (GPP)",20220514
1235083,"donepezil hydrochloride 10 mg film-coated tablet, 28 tablet (2 x 14 tablet blister), 1 box (GPP)",20220514
1073832,"donepezil hydrochloride 10 mg film-coated tablet, 28 tablet (4 x 7 tablet blister), 1 box (GPP)",20190216
1181810,"donepezil hydrochloride 10 mg film-coated tablet, 30 tablet (3 x 10 tablet blister), 1 box (GPP)",20210312
1073813,"donepezil hydrochloride 10 mg film-coated tablet, 7 tablet, 1 blister (GPP)",20190216
1117667,"donepezil hydrochloride 10 mg orodispersible tablet, 10 tablet, 1 blister (GPP)",20190628
1073694,"donepezil hydrochloride 10 mg orodispersible tablet, 14 tablet, 1 blister (GPP)",20190216
1073710,"donepezil hydrochloride 10 mg orodispersible tablet, 28 tablet (2 x 14 tablet blister), 1 box (GPP)",20190216
1048396,"donepezil hydrochloride 10 mg orodispersible tablet, 28 tablet (4 x 7 tablet blister), 1, 28 tablet (4 x 7 tablet blister), 1 box (GPP)",20230617
1117680,"donepezil hydrochloride 10 mg orodispersible tablet, 3 blister, 1 box (GPP)",20250313
1048377,"donepezil hydrochloride 10 mg orodispersible tablet, 7 tablet, 1 blister (GPP)",20181217
1107769,"donepezil hydrochloride 10 mg tablet, 14 tablet, 1 blister (GPP)",20190411
1107782,"donepezil hydrochloride 10 mg tablet, 28 tablet (2 x 14 tablet blister), 1 box (GPP)",20190411
1073878,"donepezil hydrochloride 23 mg prolonged-release tablet, 28 tablet (4 x 7 tablet blister), 1 box (GPP)",20190216
1073850,"donepezil hydrochloride 23 mg prolonged-release tablet, 7 tablet, 1 blister (GPP)",20190216
1285425,"donepezil hydrochloride 5 mg film-coated tablet, 10 tablet, 1 blister (GPP)",20231013
1073799,"donepezil hydrochloride 5 mg film-coated tablet, 28 tablet (4 x 7 tablet blister), 1 box (GPP)",20190216
1285441,"donepezil hydrochloride 5 mg film-coated tablet, 30 tablet (3 x 10 tablet blister), 1 box (GPP)",20231013
1073775,"donepezil hydrochloride 5 mg film-coated tablet, 7 tablet, 1 blister (GPP)",20190216
1117605,"donepezil hydrochloride 5 mg orodispersible tablet, 10 tablet, 1 blister (GPP)",20190628
1073734,"donepezil hydrochloride 5 mg orodispersible tablet, 14 tablet, 1 blister (GPP)",20190216
1073752,"donepezil hydrochloride 5 mg orodispersible tablet, 28 tablet (2 x 14 tablet blister), 1 box (GPP)",20190216
1048354,"donepezil hydrochloride 5 mg orodispersible tablet, 28 tablet (4 x 7 tablet blister), 1, 28 tablet (4 x 7 tablet blister), 1 box (GPP)",20230617
1117622,"donepezil hydrochloride 5 mg orodispersible tablet, 3 blister, 1 box (GPP)",20250313
1048331,"donepezil hydrochloride 5 mg orodispersible tablet, 7 tablet, 1 blister (GPP)",20181217
1107724,"donepezil hydrochloride 5 mg tablet, 14 tablet, 1 blister (GPP)",20190411
1107748,"donepezil hydrochloride 5 mg tablet, 28 tablet (2 x 14 tablet blister), 1 box (GPP)",20190411
1192912,"dopamine hydrochloride 10 mg/1 mL concentrate for solution for infusion, 10 x 5 mL ampoule, 1 box (GPP)",20210703
1192898,"dopamine hydrochloride 10 mg/1 mL concentrate for solution for infusion, 5 mL ampoule (GPP)",20210703
1166648,"dopamine hydrochloride 25 mg/1 mL concentrate for solution for infusion, 1 x 10 mL vial, 1 box (GPP)",20201114
1193900,"dopamine hydrochloride 25 mg/1 mL concentrate for solution for infusion, 10 mL ampoule (GPP)",20210715
1166624,"dopamine hydrochloride 25 mg/1 mL concentrate for solution for infusion, 10 mL vial (GPP)",20201114
1110386,"dopamine hydrochloride 25 mg/1 mL concentrate for solution for infusion, 10 x 10 mL ampoule, 1 box (GPP)",20210715
1110132,"doripenem 500 mg powder for solution for infusion, 10 vial, 1 box (GPP)",20190411
1267010,"dorzolamide 2 g/100 mL + timolol 500 mg/100 mL eye drops, solution, 0.2 mL unit dose (GPP)",20230617
1314008,"dorzolamide 2 g/100 mL + timolol 500 mg/100 mL eye drops, solution, 0.25 mL unit dose (GPP)",20241117
1144559,"dorzolamide 2 g/100 mL + timolol 500 mg/100 mL eye drops, solution, 1 bottle, 1 box (GPP)",20241005
1314020,"dorzolamide 2 g/100 mL + timolol 500 mg/100 mL eye drops, solution, 30 unit dose, 1 box (GPP)",20241117
1267034,"dorzolamide 2 g/100 mL + timolol 500 mg/100 mL eye drops, solution, 30 x 0.2 mL unit dose, 1 box (GPP)",20230617
1225018,"dorzolamide 2 g/100 mL + timolol 500 mg/100 mL eye drops, solution, 5 mL bottle (GPP)",20220303
1284881,"dorzolamide 2 g/100 mL + timolol 500 mg/100 mL eye drops, solution, 60 x 0.2 mL unit dose, 1 box (GPP)",20231001
1224995,"dorzolamide 2 g/100 mL eye drops, solution, 5 mL bottle (GPP)",20220303
1045636,"dorzolamide 2 g/100 mL eye drops, solution, 5 mL bottle, 1 box (GPP)",20190104
1109038,"doxazosin 1 mg tablet, 10 tablet, 1 blister (GPP)",20190411
1109055,"doxazosin 1 mg tablet, 100 tablet (10 x 10 tablet blister), 1 box (GPP)",20190411
1184199,"doxazosin 2 mg tablet, 10 tablet, 1 blister (GPP)",20210331
1057241,"doxazosin 2 mg tablet, 10 tablet, 1 strip (GPP)",20190216
1184217,"doxazosin 2 mg tablet, 100 tablet (10 x 10 tablet blister), 1 box (GPP)",20210331
1057260,"doxazosin 2 mg tablet, 100 tablet (10 x 10 tablet strip), 1 box (GPP)",20190216
1235666,"doxazosin 2 mg tablet, 1000 tablet (100 x 10 tablet blister), 1 box (GPP)",20220514
1057169,"doxazosin 4 mg prolonged-release tablet, 10 tablet, 1 blister (GPP)",20190216
1057182,"doxazosin 4 mg prolonged-release tablet, 30 tablet (3 x 10 tablet blister), 1 box (GPP)",20190216
1106414,"doxazosin 4 mg tablet, 10 tablet, 1 blister (GPP)",20190411
1057287,"doxazosin 4 mg tablet, 10 tablet, 1 strip (GPP)",20190216
1106433,"doxazosin 4 mg tablet, 100 tablet (10 x 10 tablet blister), 1 box (GPP)",20190411
1057304,"doxazosin 4 mg tablet, 100 tablet (10 x 10 tablet strip), 1 box (GPP)",20190216
1073396,"doxepin 25 mg capsule, hard, 100 capsule (4 x 25 capsule blister), 1 box (GPP)",20190216
1073377,"doxepin 25 mg capsule, hard, 25 capsule, 1 blister (GPP)",20190216
1276674,"doxofylline 400 mg tablet, 10 tablet, 1 blister (GPP)",20230715
1077854,"doxofylline 400 mg tablet, 10 tablet, 1 strip (GPP)",20190216
1276690,"doxofylline 400 mg tablet, 100 tablet (10 x 10 tablet blister), 1 box (GPP)",20230715
1077877,"doxofylline 400 mg tablet, 100 tablet (10 x 10 tablet strip), 1 box (GPP)",20190216
1233766,"doxorubicin hydrochloride 10 mg powder for solution for infusion, 1 vial (1 x 1 vial), 1 box (GPP)",20220428
1233745,"doxorubicin hydrochloride 10 mg powder for solution for infusion, 1 vial (GPP)",20220428
1099597,"doxorubicin hydrochloride 10 mg/5 mL concentrate for solution for infusion, 5 mL vial, 1 box (GPP)",20190216
1099550,"doxorubicin hydrochloride 20 mg/10 mL concentrate for solution for infusion, 1 x 10 mL vial, 1 box (GPP)",20210715
1194090,"doxorubicin hydrochloride 20 mg/10 mL concentrate for solution for infusion, 10 mL vial (GPP)",20210715
1099578,"doxorubicin hydrochloride 50 mg powder for solution for infusion, 1 vial (1 x 1 vial), 1 box (GPP)",20220428
1233784,"doxorubicin hydrochloride 50 mg powder for solution for infusion, 1 vial (GPP)",20220428
1099610,"doxorubicin hydrochloride 50 mg/25 mL concentrate for solution for infusion, 1 x 25 mL vial, 1 box (GPP)",20240817
1304223,"doxorubicin hydrochloride 50 mg/25 mL concentrate for solution for infusion, 25 mL vial (GPP)",20240817
1267522,"doxycycline 10 mg/1 mL oral suspension, 30 mL bottle (GPP)",20230617
1083571,"doxycycline 100 mg capsule, hard, 10 capsule, 1 blister (GPP)",20190216
1083592,"doxycycline 100 mg capsule, hard, 500 capsule (50 x 10 capsule blister), 1 box (GPP)",20190216
1298446,"doxylamine succinate 10 mg + pyridoxine hydrochloride 10 mg gastro-resistant tablet, 10 tablet blister (GPP)",20240516
1298467,"doxylamine succinate 10 mg + pyridoxine hydrochloride 10 mg gastro-resistant tablet, 20 tablet (2 x 10 tablet blister), 1 box (GPP)",20240516
1091096,"doxylamine succinate 25 mg film-coated tablet, 10 tablet, 1 strip (GPP)",20190216
1091110,"doxylamine succinate 25 mg film-coated tablet, 200 tablet (20 x 10 tablet strip), 1 box (GPP)",20190216
1126076,"dried aluminium hydroxide gel 129.6 mg + magnesium hydroxide 162 mg tablet, 1000 tablet, 1 bottle (GPP)",20210429
1271916,"dried aluminium hydroxide gel 200 mg + magnesium hydroxide 200 mg + simeticone 20 mg tablet, 10 tablet, 1 strip (GPP)",20230701
1271937,"dried aluminium hydroxide gel 200 mg + magnesium hydroxide 200 mg + simeticone 20 mg tablet, 500 tablet (50 x 10 tablet strip), 1 box (GPP)",20230701
1161231,"dried aluminium hydroxide gel 250 mg + magnesium trisilicate 500 mg + peppermint oil 30 mcg tablet, 10 tablet, 1 strip (GPP)",20200920
1161254,"dried aluminium hydroxide gel 250 mg + magnesium trisilicate 500 mg + peppermint oil 30 mcg tablet, 500 tablet (50 x 10 tablet strip), 1 box (GPP)",20200920
1114002,"dried aluminium hydroxide gel 300 mg + magnesium hydroxide 150 mg + simeticone 100 mg tablet, 10 tablet, 1 strip (GPP)",20190516
1114025,"dried aluminium hydroxide gel 300 mg + magnesium hydroxide 150 mg + simeticone 100 mg tablet, 100 tablet (10 x 10 tablet strip), 1 box (GPP)",20190516
1113989,"dried aluminium hydroxide gel 300 mg + magnesium hydroxide 150 mg + simeticone 100 mg tablet, 1000 tablet, 1 bottle (GPP)",20190516
1139197,"dried aluminium hydroxide gel 400 mg + magnesium trisilicate 250 mg + menthol 2 mg tablet, 10 tablet, 1 strip (GPP)",20200227
1139215,"dried aluminium hydroxide gel 400 mg + magnesium trisilicate 250 mg + menthol 2 mg tablet, 500 tablet (50 x 10 tablet strip), 1 box (GPP)",20200227
1139236,"dried aluminium hydroxide gel 400 mg + magnesium trisilicate 250 mg + menthol 2 mg tablet, 500 tablet, 1 bottle (GPP)",20200227
1062079,"dronedarone 400 mg film-coated tablet, 10 tablet, 1 blister (GPP)",20190216
1062098,"dronedarone 400 mg film-coated tablet, 60 tablet (6 x 10 tablet blister), 1 box (GPP)",20190216
1259429,"drospirenone 3 mg + estetrol 14.2 mg film-coated tablet, 1 x 28 tablets tablet, 1 box (GPP)",20230401
1259401,"drospirenone 3 mg + estetrol 14.2 mg film-coated tablet, 28 x 28 tablets tablet, 1 blister (GPP)",20230401
1105007,"drospirenone 3 mg + ethinylestradiol 30 mcg film-coated tablet, 1 x 21 tablets blister tablet, 1, 1 x 21 tablets blister pack, 1 box (GPP)",20230819
1167213,"drospirenone 3 mg + ethinylestradiol 30 mcg film-coated tablet, 21 tablet (1 x 21 tablet blister), 1 box (GPP)",20201202
1167191,"drospirenone 3 mg + ethinylestradiol 30 mcg film-coated tablet, 21 tablet, 1 blister (GPP)",20201202
1280520,"drospirenone 3 mg + ethinylestradiol 30 mcg film-coated tablet, 21 tablets pack, 1 blister (GPP)",20230819
1104987,"drospirenone 3 mg + ethinylestradiol 30 mcg film-coated tablet, 21 x 21 tablets tablet, 1 blister (GPP)",20190331
1194515,"drospirenone 4 mg film-coated tablet, 1 x 28 tablets pack, 1 box (GPP)",20210715
1194493,"drospirenone 4 mg film-coated tablet, 28 tablets pack, 1 blister (GPP)",20210715
1212606,"drotaverine hydrochloride 40 mg tablet, 10 tablet, 1 blister (GPP)",20211202
1212623,"drotaverine hydrochloride 40 mg tablet, 1000 tablet (100 x 10 tablet blister), 1 box (GPP)",20211202
1277422,"dupilumab 200 mg/1.14 mL solution for injection, 1.14 mL prefilled syr (GPP)",20230804
1277446,"dupilumab 200 mg/1.14 mL solution for injection, 2 x 1.14 mL prefilled syr, 1 box (GPP)",20230804
1128650,"dupilumab 300 mg/2 mL solution for injection, 2 x 2 mL prefilled syr, 1 box (GPP)",20191019
1115600,"durvalumab 120 mg/2.4 mL concentrate for solution for infusion, 2.4 mL vial, 1 box (GPP)",20190614
1115671,"durvalumab 500 mg/10 mL concentrate for solution for infusion, 10 mL vial, 1 box (GPP)",20190614
1288947,"dutasteride 500 mcg + tamsulosin hydrochloride 400 mcg capsule, hard, 30 capsule (1 x 30 capsule bottle), 1 box (GPP)",20231203
1288923,"dutasteride 500 mcg + tamsulosin hydrochloride 400 mcg capsule, hard, 30 capsule, 1 bottle (GPP)",20231203
1055980,"dutasteride 500 mcg capsule, soft, 10 capsule, 1 blister (GPP)",20190216
1056000,"dutasteride 500 mcg capsule, soft, 30 capsule (3 x 10 capsule blister), 1 box (GPP)",20190216
1082764,"dydrogesterone 10 mg film-coated tablet, 20 tablet (1 x 20 tablet blister), 1 box (GPP)",20190216
1082740,"dydrogesterone 10 mg film-coated tablet, 20 tablet, 1 blister (GPP)",20190216
1312450,"eculizumab 300 mg/30 mL concentrate for solution for infusion, 1 vial, 1 box (GPP)",20241102
1312432,"eculizumab 300 mg/30 mL concentrate for solution for infusion, 30 mL vial (GPP)",20241102
1203763,"edaravone 30 mg/20 mL concentrate for solution for infusion, 10 x 20 mL ampoule, 1 box (GPP)",20210930
1203744,"edaravone 30 mg/20 mL concentrate for solution for infusion, 20 mL ampoule (GPP)",20210930
1061331,"edoxaban 30 mg film-coated tablet, 14 tablet, 1 blister (GPP)",20190216
1061354,"edoxaban 30 mg film-coated tablet, 28 tablet (2 x 14 tablet blister), 1 box (GPP)",20190216
1061377,"edoxaban 60 mg film-coated tablet, 14 tablet, 1 blister (GPP)",20190216
1061396,"edoxaban 60 mg film-coated tablet, 28 tablet (2 x 14 tablet blister), 1 box (GPP)",20190216
1085075,"efavirenz 200 mg capsule, hard, 90 capsule (1 x 90 capsule bottle), 1 box (GPP)",20190216
1085052,"efavirenz 200 mg capsule, hard, 90 capsule, 1 bottle (GPP)",20190216
1059105,"efavirenz 200 mg film-coated tablet, 30 tablet (1 x 30 tablet bottle), 1 box (GPP)",20190216
1059082,"efavirenz 200 mg film-coated tablet, 30 tablet, 1 bottle (GPP)",20190216
1085132,"efavirenz 200 mg film-coated tablet, 90 tablet, 1 bottle (GPP)",20190216
1294532,"efavirenz 400 mg + lamivudine 300 mg + tenofovir disoproxil fumarate 300 mg film-coated tablet, 30 tablet (1 x 30 tablet bottle), 1 box (GPP)",20240328
1294513,"efavirenz 400 mg + lamivudine 300 mg + tenofovir disoproxil fumarate 300 mg film-coated tablet, 30 tablet bottle (GPP)",20240328
1085113,"efavirenz 50 mg film-coated tablet, 30 tablet (1 x 30 tablet bottle), 1 box (GPP)",20190216
1085099,"efavirenz 50 mg film-coated tablet, 30 tablet, 1 bottle (GPP)",20190216
1055848,"efavirenz 600 mg + emtricitabine 200 mg + tenofovir disoproxil fumarate 300 mg film-coated tablet, 30 tablet (1 x 30 tablet bottle), 1 box (GPP)",20190216
1055824,"efavirenz 600 mg + emtricitabine 200 mg + tenofovir disoproxil fumarate 300 mg film-coated tablet, 30 tablet, 1 bottle (GPP)",20190216
1059069,"efavirenz 600 mg film-coated tablet, 30 tablet (1 x 30 tablet bottle), 1 box (GPP)",20190216
1274869,"efavirenz 600 mg film-coated tablet, 30 tablet (1 x 30 tablet jar), 1 box (GPP)",20230715
1059048,"efavirenz 600 mg film-coated tablet, 30 tablet, 1 bottle (GPP)",20190216
1274848,"efavirenz 600 mg film-coated tablet, 30 tablet, 1 jar (GPP)",20230715
1085420,"elbasvir 50 mg + grazoprevir 100 mg film-coated tablet, 14 tablet, 1 blister (GPP)",20190216
1085449,"elbasvir 50 mg + grazoprevir 100 mg film-coated tablet, 28 tablet (2 x 14 tablet blister), 1 box (GPP)",20190216
1109616,"eletriptan 40 mg film-coated tablet, 1 blister, 1 box (GPP)",20241005
1109594,"eletriptan 40 mg film-coated tablet, 2 tablet, blister (GPP)",20241005
1196573,"elobixibat 5 mg film-coated tablet, 10 tablet, 1 blister (GPP)",20210731
1196594,"elobixibat 5 mg film-coated tablet, 100 tablet (10 x 10 tablet blister), 1 box (GPP)",20210731
1080732,"eltrombopag 25 mg film-coated tablet, 14 tablet (2 x 7 tablet blister), 1 box (GPP)",20190216
1080713,"eltrombopag 25 mg film-coated tablet, 7 tablet, 1 blister (GPP)",20190216
1080692,"eltrombopag 50 mg film-coated tablet, 14 tablet (2 x 7 tablet blister), 1 box (GPP)",20190216
1080671,"eltrombopag 50 mg film-coated tablet, 7 tablet, 1 blister (GPP)",20190216
1165183,"emicizumab 105 mg/0.7 mL solution for injection, 0.7 mL vial (GPP)",20201016
1165203,"emicizumab 105 mg/0.7 mL solution for injection, 1 x 0.7 mL vial, 1 box (GPP)",20201016
1141497,"emicizumab 30 mg/1 mL solution for injection, 1 mL vial, 1 box (GPP)",20200404
1165098,"emicizumab 60 mg/0.4 mL solution for injection, 0.4 mL vial (GPP)",20201016
1165112,"emicizumab 60 mg/0.4 mL solution for injection, 1 x 0.4 mL vial, 1 box (GPP)",20201016
1231730,"empagliflozin 10 mg + linagliptin 5 mg film-coated tablet, 10 tablet blister (GPP)",20240714
1231753,"empagliflozin 10 mg + linagliptin 5 mg film-coated tablet, 30 tablet (3 x 10 tablet blister), 1 box (GPP)",20220413
1060705,"empagliflozin 10 mg film-coated tablet, 10 tablet blister (GPP)",20240714
1060722,"empagliflozin 10 mg film-coated tablet, 30 tablet (3 x 10 tablet blister), 1 box (GPP)",20190216
1060780,"empagliflozin 12.5 mg + metformin hydrochloride 1 g film-coated tablet, 10 tablet blister (GPP)",20240714
1060808,"empagliflozin 12.5 mg + metformin hydrochloride 1 g film-coated tablet, 60 tablet (6 x 10 tablet blister), 1 box (GPP)",20190216
1224641,"empagliflozin 25 mg + linagliptin 5 mg film-coated tablet, 10 tablet blister (GPP)",20240714
1224660,"empagliflozin 25 mg + linagliptin 5 mg film-coated tablet, 30 tablet (3 x 10 tablet blister), 1 box (GPP)",20220303
1060746,"empagliflozin 25 mg film-coated tablet, 10 tablet blister (GPP)",20240714
1060767,"empagliflozin 25 mg film-coated tablet, 30 tablet (3 x 10 tablet blister), 1 box (GPP)",20190216
1060820,"empagliflozin 5 mg + metformin hydrochloride 1 g film-coated tablet, 10 tablet blister (GPP)",20240714
1060849,"empagliflozin 5 mg + metformin hydrochloride 1 g film-coated tablet, 60 tablet (6 x 10 tablet blister), 1 box (GPP)",20190216
1159344,"emtricitabine 200 mg + tenofovir alafenamide 10 mg film-coated tablet, 30 tablet (1 x 30 tablet bottle), 1 box (GPP)",20200904
1159328,"emtricitabine 200 mg + tenofovir alafenamide 10 mg film-coated tablet, 30 tablet, 1 bottle (GPP)",20200904
1159424,"emtricitabine 200 mg + tenofovir alafenamide 25 mg film-coated tablet, 30 tablet (1 x 30 tablet bottle), 1 box (GPP)",20200904
1159407,"emtricitabine 200 mg + tenofovir alafenamide 25 mg film-coated tablet, 30 tablet, 1 bottle (GPP)",20200904
1064010,"emtricitabine 200 mg + tenofovir disoproxil fumarate 300 mg film-coated tablet, 1 bottle, 1 box (GPP)",20250215
1063997,"emtricitabine 200 mg + tenofovir disoproxil fumarate 300 mg film-coated tablet, 30 tablet, 1 bottle (GPP)",20190216
1267607,"enalapril maleate 1 mg/1 mL oral suspension, 20 mL bottle (GPP)",20230617
1145953,"enalapril maleate 1 mg/1 mL syrup, 60 mL bottle (GPP)",20200614
1062112,"enalapril maleate 10 mg tablet, 10 tablet, 1 blister (GPP)",20190216
1062131,"enalapril maleate 10 mg tablet, 100 tablet (10 x 10 tablet blister), 1 box (GPP)",20190216
1055659,"enalapril maleate 20 mg tablet, 10 tablet, 1 strip (GPP)",20190216
1209151,"enalapril maleate 20 mg tablet, 10 tablet, blister (GPP)",20240802
1187914,"enalapril maleate 20 mg tablet, 100 tablet (10 x 10 tablet strip), 1 box (GPP)",20210429
1209179,"enalapril maleate 20 mg tablet, 1000 tablet (100 x 10 tablet blister), 1 box (GPP)",20211110
1055671,"enalapril maleate 20 mg tablet, 1000 tablet (100 x 10 tablet strip), 1 box (GPP)",20190216
1272526,"enalapril maleate 5 mg film-coated tablet, 10 tablet, 1 strip (GPP)",20230701
1272542,"enalapril maleate 5 mg film-coated tablet, 1000 tablet (100 x 10 tablet strip), 1 box (GPP)",20230701
1214236,"enalapril maleate 5 mg tablet, 10 tablet, 1 blister (GPP)",20211202
1055692,"enalapril maleate 5 mg tablet, 10 tablet, 1 strip (GPP)",20190216
1147726,"enalapril maleate 5 mg tablet, 100 tablet (10 x 10 tablet strip), 1 box (GPP)",20200614
1214258,"enalapril maleate 5 mg tablet, 1000 tablet (100 x 10 tablet blister), 1 box (GPP)",20211202
1055713,"enalapril maleate 5 mg tablet, 1000 tablet (100 x 10 tablet strip), 1 box (GPP)",20190216
1283863,"enfortumab vedotin 20 mg powder for concentrate for solution for infusion, 1 vial (1 x 1 vial), 1 box (GPP)",20230915
1283844,"enfortumab vedotin 20 mg powder for concentrate for solution for infusion, 1 vial (GPP)",20230915
1283703,"enfortumab vedotin 30 mg powder for concentrate for solution for infusion, 1 vial (1 x 1 vial), 1 box (GPP)",20230915
1283682,"enfortumab vedotin 30 mg powder for concentrate for solution for infusion, 1 vial (GPP)",20230915
1221340,"enoxaparin sodium 40 mg/0.4 mL solution for injection, 0.4 mL prefilled syr (GPP)",20220203
1078373,"enoxaparin sodium 40 mg/0.4 mL solution for injection, 2 prefilled syr, 1 box (GPP)",20241215
1221393,"enoxaparin sodium 60 mg/0.6 mL solution for injection, 0.6 mL prefilled syr (GPP)",20220203
1078394,"enoxaparin sodium 60 mg/0.6 mL solution for injection, 2 prefilled syr, 1 box (GPP)",20241215
1221449,"enoxaparin sodium 80 mg/0.8 mL solution for injection, 0.8 mL prefilled syr (GPP)",20220203
1078356,"enoxaparin sodium 80 mg/0.8 mL solution for injection, 2 x 0.8 mL prefilled syr, 1 box (GPP)",20220203
1240207,"entacapone 200 mg film-coated tablet, 10 tablet, 1 blister (GPP)",20220730
1072991,"entacapone 200 mg film-coated tablet, 100 tablet (1 x 100 tablet bottle), 1 box (GPP)",20190216
1240224,"entacapone 200 mg film-coated tablet, 100 tablet (10 x 10 tablet blister), 1 box (GPP)",20220730
1072970,"entacapone 200 mg film-coated tablet, 100 tablet bottle (GPP)",20240615
1084955,"entecavir 1 mg film-coated tablet, 10 tablet, 1 blister (GPP)",20190216
1084972,"entecavir 1 mg film-coated tablet, 30 tablet (3 x 10 tablet blister), 1 box (GPP)",20190216
1044713,"entecavir 500 mcg film-coated tablet, 10 tablet, blister (GPP)",20241005
1044732,"entecavir 500 mcg film-coated tablet, 3 blister, 1 box (GPP)",20241005
1084993,"entecavir 500 mcg film-coated tablet, 30 tablet, 1 bottle (GPP)",20190216
1262000,"entecavir 500 mcg film-coated tablet, 60 tablet (6 x 10 tablet blister), 1 box (GPP)",20230428
1244304,"enterovirus type 71 vaccine, inactivated (human diploid cell) 100 unit/0.5 mL suspension for injection, 0.5 mL prefilled syr (GPP)",20221014
1244327,"enterovirus type 71 vaccine, inactivated (human diploid cell) 100 unit/0.5 mL suspension for injection, 1 x 0.5 mL prefilled syr, 1 box (GPP)",20221014
1167519,"entrectinib 100 mg capsule, hard, 30 capsule (1 x 30 capsule bottle), 1 box (GPP)",20201202
1167492,"entrectinib 100 mg capsule, hard, 30 capsule, 1 bottle (GPP)",20201202
1168024,"entrectinib 200 mg capsule, hard, 90 capsule (1 x 90 capsule bottle), 1 box (GPP)",20201202
1168007,"entrectinib 200 mg capsule, hard, 90 capsule, 1 bottle (GPP)",20201202
1086387,"enzalutamide 40 mg capsule, soft, 112 capsule (4 x 28 capsule blister), 1 box (GPP)",20190216
1302913,"enzalutamide 40 mg capsule, soft, 28 capsule (7 x 4 capsule blister), 1 box (GPP)",20240802
1086360,"enzalutamide 40 mg capsule, soft, 28 capsule, 1 blister (GPP)",20190216
1302899,"enzalutamide 40 mg capsule, soft, 4 capsule, blister (GPP)",20240802
1078575,"enzyme extract + herbs tablet, 1000 tablet, 1 bottle (GPP)",20190216
1057679,"enzyme extract from aspergillusoryzae 24 mg + pancreatin 220 mg coated tablet, 10 tablet, 1 blister (GPP)",20190216
1057698,"enzyme extract from aspergillusoryzae 24 mg + pancreatin 220 mg coated tablet, 100 tablet (10 x 10 tablet blister), 1 box (GPP)",20190216
1131531,"enzyme extract from n*zimes 145 mg + ginger rhizome powder extract 100 mg + peppermint leaf powder extract 200 mg capsule, hard, 4 capsule (1 x 4 capsule blister), 1 box (GPP)",20191115
1131512,"enzyme extract from n*zimes 145 mg + ginger rhizome powder extract 100 mg + peppermint leaf powder extract 200 mg capsule, hard, 4 capsule, 1 blister (GPP)",20191115
1070658,"eperisone hydrochloride 50 mg coated tablet, 10 tablet, 1 strip (GPP)",20190216
1070670,"eperisone hydrochloride 50 mg coated tablet, 30 tablet (3 x 10 tablet strip), 1 box (GPP)",20190216
1303098,"eperisone hydrochloride 50 mg film-coated tablet, 10 tablet, blister (GPP)",20240802
1303112,"eperisone hydrochloride 50 mg film-coated tablet, 30 tablet (3 x 10 tablet blister), 1 box (GPP)",20240802
1173489,"ephedrine hydrochloride 1 g/100 mL nasal drops, solution, 120 mL bottle (GPP)",20210311
1190654,"ephedrine hydrochloride 1 g/100 mL nasal drops, solution, 5 mL bottle (GPP)",20210604
1165022,"ephedrine hydrochloride 2 g/100 mL nasal drops, solution, 10 mL bottle (GPP)",20201016
1316858,"ephedrine hydrochloride 3 g/100 mL nasal drops, solution, 60 mL bottle (GPP)",20241215
1173427,"ephedrine hydrochloride 500 mg/100 mL nasal drops, solution, 120 mL bottle (GPP)",20210311
1190612,"ephedrine hydrochloride 500 mg/100 mL nasal drops, solution, 5 mL bottle (GPP)",20210604
1229666,"epinastine hydrochloride 50 mg/100 mL eye drops, solution, 1 x 5 mL bottle, 1 box (GPP)",20220330
1229645,"epinastine hydrochloride 50 mg/100 mL eye drops, solution, 5 mL bottle (GPP)",20220330
1311207,"epinephrine 1 mg/1 mL solution for injection or infusion, 1 mL ampoule (GPP)",20241225
1210808,"epinephrine 1 mg/1 mL solution for injection, 1 mL ampoule (GPP)",20211202
1098779,"epinephrine 1 mg/1 mL solution for injection, 50 x 1 mL ampoule, 1 box (GPP)",20211202
1305171,"epinephrine 1 mg/10 mL solution for injection, 10 mL prefilled syr (GPP)",20240817
1305192,"epinephrine 1 mg/10 mL solution for injection, 10 x 10 mL prefilled syr, 1 box (GPP)",20240817
1110113,"epinephrine 1 mg/100 mL + mepivacaine hydrochloride 2 g/100 mL solution for injection, 50 x 1.8 mL cartridge, 1 box (GPP)",20190411
1098751,"epinephrine 150 mcg/0.3 mL solution for injection, 0.3 mL prefilled pen, 1 box (GPP)",20190216
1110301,"epinephrine 150 mcg/0.3 mL solution for injection, 2 x 0.3 mL prefilled pen, 1 box (GPP)",20190411
1098733,"epinephrine 300 mcg/0.3 mL solution for injection, 0.3 mL prefilled pen, 1 box (GPP)",20190216
1278536,"epinephrine 500 mcg/100 mL + lidocaine hydrochloride 1 g/100 mL solution for injection, 10 x 20 mL vial, 1 box (GPP)",20230819
1278515,"epinephrine 500 mcg/100 mL + lidocaine hydrochloride 1 g/100 mL solution for injection, 20 mL vial (GPP)",20230819
1114250,"epinephrine 500 mcg/100 mL + lidocaine hydrochloride 1 g/100 mL solution for injection, 50 mL vial, 1 box (GPP)",20230819
1114311,"epinephrine 500 mcg/100 mL + lidocaine hydrochloride 2 g/100 mL solution for infusion, 50 mL vial, 1 box (GPP)",20190531
1278694,"epinephrine 500 mcg/100 mL + lidocaine hydrochloride 2 g/100 mL solution for injection, 20 mL vial (GPP)",20230819
1103224,"epirubicin hydrochloride 200 mg/100 mL solution for injection/infusion, 1 x 100 mL vial, 1 box (GPP)",20221202
1249690,"epirubicin hydrochloride 200 mg/100 mL solution for injection/infusion, 100 mL vial (GPP)",20221202
1098221,"epoetin alfa 1000 iu powder and solvent for solution for injection, 1 vial, 1 box (GPP)",20190216
1098245,"epoetin alfa 10000 iu powder and solvent for solution for injection, 1 vial, 1 box (GPP)",20190216
1162374,"epoetin alfa 10000 iu/1 mL solution for injection, 1 mL prefilled syr (GPP)",20201002
1238584,"epoetin alfa 10000 iu/1 mL solution for injection, 1 mL vial (GPP)",20220618
1044876,"epoetin alfa 10000 iu/1 mL solution for injection, 1 x 1 mL prefilled syr, 1 box (GPP)",20201002
1238606,"epoetin alfa 10000 iu/1 mL solution for injection, 1 x 1 mL vial, 1 box (GPP)",20220618
1098266,"epoetin alfa 2000 iu powder and solvent for solution for injection, 1 vial, 1 box (GPP)",20190216
1226231,"epoetin alfa 2000 iu/0.5 mL solution for injection, 0.5 mL prefilled syr (GPP)",20220316
1098376,"epoetin alfa 2000 iu/0.5 mL solution for injection, 1 x 0.5 mL prefilled syr, 1 box (GPP)",20220316
1238647,"epoetin alfa 2000 iu/1 mL solution for injection, 1 mL vial (GPP)",20220618
1098324,"epoetin alfa 2000 iu/1 mL solution for injection, 1 mL vial, 1 box (GPP)",20190216
1098471,"epoetin alfa 20000 iu/0.5 mL solution for injection, 0.5 mL prefilled syr, 1 box (GPP)",20190216
1098284,"epoetin alfa 3000 iu powder and solvent for solution for injection, 1 vial, 1 box (GPP)",20190216
1162106,"epoetin alfa 3000 iu/0.3 mL solution for injection, 0.3 mL prefilled syr (GPP)",20201002
1098395,"epoetin alfa 3000 iu/0.3 mL solution for injection, 1 x 0.3 mL prefilled syr, 1 box (GPP)",20201002
1317489,"epoetin alfa 3000 iu/0.3 mL solution for injection, 6 prefilled syr, 1 box (GPP)",20241215
1053065,"epoetin alfa 30000 iu/0.75 mL solution for injection, 0.75 mL prefilled syr, 1 box (GPP)",20190216
1098437,"epoetin alfa 4000 iu powder and solvent for solution for injection, 1 vial, 1 box (GPP)",20190216
1044853,"epoetin alfa 4000 iu/0.4 mL solution for injection, 1 x 0.4 mL prefilled syr, 1 box (GPP)",20201002
1162152,"epoetin alfa 4000 iu/0.4 mL solution for injection, 1 x 0.4 mL prefilled syr, 1 prefilled syr (GPP)",20250215
1182450,"epoetin alfa 4000 iu/1 mL solution for injection, 1 mL vial (GPP)",20210331
1098348,"epoetin alfa 4000 iu/1 mL solution for injection, 1 mL vial, 1 box (GPP)",20190216
1309481,"epoetin alfa 4000 iu/1 mL solution for injection, 1 vial, 1 box (GPP)",20241006
1309508,"epoetin alfa 4000 iu/1 mL solution for injection, 10 vial, 1 box (GPP)",20241006
1182478,"epoetin alfa 4000 iu/1 mL solution for injection, 10 x 1 mL vial, 1 box (GPP)",20210331
1309468,"epoetin alfa 4000 unit/1 mL solution for injection, 1 mL vial (GPP)",20241006
1236888,"epoetin alfa 40000 iu/1 mL solution for injection, 1 mL prefilled syr (GPP)",20220602
1133974,"epoetin alfa 40000 iu/1 mL solution for injection, 1 mL vial, 1 box (GPP)",20191212
1053096,"epoetin alfa 40000 iu/1 mL solution for injection, 1 x 1 mL prefilled syr, 1 box (GPP)",20220602
1110408,"epoetin alfa 5000 iu/0.5 mL solution for injection, 1 x 0.5 mL prefilled syr, 1 box (GPP)",20201002
1162201,"epoetin alfa 5000 iu/0.5 mL solution for injection, 1 x 0.5 mL prefilled syr, 1 prefilled syr (GPP)",20250313
1162255,"epoetin alfa 6000 iu/0.6 mL solution for injection, 0.6 mL prefilled syr (GPP)",20201002
1162272,"epoetin alfa 6000 iu/0.6 mL solution for injection, 1 x 0.6 mL prefilled syr, 1 box (GPP)",20201002
1162319,"epoetin alfa 8000 iu/0.8 mL solution for injection, 0.8 mL prefilled syr (GPP)",20201002
1162335,"epoetin alfa 8000 iu/0.8 mL solution for injection, 1 x 0.8 mL prefilled syr, 1 box (GPP)",20201002
1098459,"epoetin beta 10000 iu/0.6 mL solution for injection, 0.6 mL prefilled syr, 1 box (GPP)",20190216
1164239,"epoetin beta 3000 iu/0.3 mL solution for injection, 0.3 mL prefilled syr (GPP)",20201216
1164256,"epoetin beta 3000 iu/0.3 mL solution for injection, 6 x 0.3 mL prefilled syr, 1 box (GPP)",20201216
1098307,"epoetin beta 30000 iu/0.6 mL solution for injection, 0.6 mL prefilled syr, 1 box (GPP)",20190216
1110262,"epoetin beta 5000 iu/0.3 mL solution for injection, 6 x 0.3 mL prefilled syr, 1 box (GPP)",20190411
1272617,"epoetin theta 10000 iu/1 mL solution for injection, 1 mL prefilled syr (GPP)",20230701
1272638,"epoetin theta 10000 iu/1 mL solution for injection, 1 x 1 mL prefilled syr, 1 box (GPP)",20230701
1272705,"epoetin theta 2000 iu/0.5 mL solution for injection, 0.5 mL prefilled syr (GPP)",20230701
1272722,"epoetin theta 2000 iu/0.5 mL solution for injection, 6 x 0.5 mL prefilled syr, 1 box (GPP)",20230701
1272798,"epoetin theta 20000 iu/1 mL solution for injection, 1 mL prefilled syr (GPP)",20230701
1272812,"epoetin theta 20000 iu/1 mL solution for injection, 1 x 1 mL prefilled syr, 1 box (GPP)",20230701
1226157,"epoetin theta 3000 iu/0.5 mL solution for injection, 0.5 mL prefilled syr (GPP)",20220316
1226174,"epoetin theta 3000 iu/0.5 mL solution for injection, 6 x 0.5 mL prefilled syr, 1 box (GPP)",20220316
1272883,"epoetin theta 30000 iu/1 mL solution for injection, 1 mL prefilled syr (GPP)",20230701
1272906,"epoetin theta 30000 iu/1 mL solution for injection, 1 x 1 mL prefilled syr, 1 box (GPP)",20230701
1272975,"epoetin theta 5000 iu/0.5 mL solution for injection, 0.5 mL prefilled syr (GPP)",20230701
1272999,"epoetin theta 5000 iu/0.5 mL solution for injection, 6 x 0.5 mL prefilled syr, 1 box (GPP)",20230701
1273114,"eptifibatide 20 mg/10 mL solution for injection, 1 x 10 mL vial, 1 box (GPP)",20230701
1273095,"eptifibatide 20 mg/10 mL solution for injection, 10 mL vial (GPP)",20230701
1273053,"eptifibatide 75 mg/100 mL solution for infusion, 1 x 100 mL vial, 1 box (GPP)",20230701
1273030,"eptifibatide 75 mg/100 mL solution for infusion, 100 mL vial (GPP)",20230701
1290404,"eptinezumab 100 mg/1 mL concentrate for solution for infusion, 1 mL vial (GPP)",20240111
1290427,"eptinezumab 100 mg/1 mL concentrate for solution for infusion, 1 x 1 mL vial, 1 box (GPP)",20240111
1177295,"erdafitinib 3 mg film-coated tablet, 14 tablet, 1 blister (GPP)",20210211
1177314,"erdafitinib 3 mg film-coated tablet, 56 tablet (4 x 14 tablet blister), 1 box (GPP)",20210211
1177380,"erdafitinib 4 mg film-coated tablet, 14 tablet, 1 blister (GPP)",20210211
1177403,"erdafitinib 4 mg film-coated tablet, 28 tablet (2 x 14 tablet blister), 1 box (GPP)",20210211
1167056,"erenumab 140 mg/1 mL solution for injection, 1 mL prefilled pen (GPP)",20201202
1167073,"erenumab 140 mg/1 mL solution for injection, 1 x 1 mL prefilled pen, 1 box (GPP)",20201202
1223447,"erenumab 70 mg/1 mL solution for injection, 1 mL prefilled pen (GPP)",20220303
1127455,"erenumab 70 mg/1 mL solution for injection, 1 x 1 mL prefilled pen, 1 box (GPP)",20220303
1158854,"ergocalciferol 1000 iu/1 mL oral suspension, 60 mL bottle (GPP)",20200817
1266330,"ergocalciferol 2000 iu/1 mL oral suspension, 30 mL bottle (GPP)",20230617
1056720,"ergocalciferol 20000 unit capsule, hard, 10 capsule, blister (GPP)",20241007
1056749,"ergocalciferol 20000 unit capsule, hard, 50 blister, 1 box (GPP)",20241007
1193888,"eribulin mesilate 1 mg/2 mL solution for injection, 1 x 2 mL vial, 1 box (GPP)",20210715
1193861,"eribulin mesilate 1 mg/2 mL solution for injection, 2 mL vial (GPP)",20210715
1051794,"erlotinib 100 mg film-coated tablet, 10 tablet blister (GPP)",20240629
1051815,"erlotinib 100 mg film-coated tablet, 30 tablet (3 x 10 tablet blister), 1 box (GPP)",20190203
1284461,"erlotinib 150 mg film-coated tablet, 10 tablet (1 x 10 tablet blister), 1 box (GPP)",20231001
1048639,"erlotinib 150 mg film-coated tablet, 10 tablet, blister (GPP)",20241005
1048656,"erlotinib 150 mg film-coated tablet, 3 blister, 1 box (GPP)",20241005
1250418,"ertapenem 1 g powder for concentrate for solution for infusion, 1 vial (1 x 1 vial), 1 box (GPP)",20221216
1250397,"ertapenem 1 g powder for concentrate for solution for infusion, 1 vial (GPP)",20221216
1095674,"erythromycin 250 mg film-coated tablet, 10 tablet, 1 blister (GPP)",20190216
1095690,"erythromycin 250 mg film-coated tablet, 500 tablet (50 x 10 tablet blister), 1 box (GPP)",20190216
1061570,"erythromycin 250 mg film-coated tablet, 500 tablet, 1 bottle (GPP)",20190216
1078095,"escitalopram 10 mg film-coated tablet, 1 box (GPP)",20240831
1111344,"escitalopram 10 mg film-coated tablet, 10 tablet, 1 blister (GPP)",20190504
1078076,"escitalopram 10 mg film-coated tablet, 14 tablet, blister (GPP)",20240802
1046313,"escitalopram 10 mg film-coated tablet, 28 tablet (4 x 7 tablet blister), 1 box (GPP)",20181217
1111363,"escitalopram 10 mg film-coated tablet, 30 tablet (3 x 10 tablet blister), 1 box (GPP)",20190504
1046299,"escitalopram 10 mg film-coated tablet, 7 tablet, 1 blister (GPP)",20181217
1078053,"escitalopram 20 mg film-coated tablet, 1 box (GPP)",20240831
1078030,"escitalopram 20 mg film-coated tablet, 14 tablet, blister (GPP)",20240802
1190048,"esflurbiprofen 40 mg transdermal patch, 7 patch, 1 sachet (GPP)",20210513
1190069,"esflurbiprofen 40 mg transdermal patch, 70 patch (10 x 7 patch sachet), 1 box (GPP)",20210513
1292481,"esketamine 28 mg/1 dose nasal spray, solution, 1 dose actuation (GPP)",20240301
1292508,"esketamine 28 mg/1 dose nasal spray, solution, 1 x 1 dose actuation, 1 box (GPP)",20240301
1231688,"esmolol hydrochloride 100 mg/10 mL solution for injection/infusion, 10 mL vial (GPP)",20220413
1231707,"esmolol hydrochloride 100 mg/10 mL solution for injection/infusion, 10 x 10 mL vial, 1 box (GPP)",20220413
1078770,"esomeprazole 20 mg gastro-resistant tablet, 14 tablet (2 x 7 tablet blister), 1 box (GPP)",20190216
1225189,"esomeprazole 20 mg gastro-resistant tablet, 14 tablet, 1 blister (GPP)",20220303
1078758,"esomeprazole 20 mg gastro-resistant tablet, 7 tablet, 1 blister (GPP)",20190216
1078817,"esomeprazole 40 mg gastro-resistant tablet, 14 tablet (2 x 7 tablet blister), 1 box (GPP)",20190216
1078791,"esomeprazole 40 mg gastro-resistant tablet, 7 tablet, 1 blister (GPP)",20190216
1146018,"esomeprazole 40 mg powder for solution for injection/infusion, 1 vial (1 x 1 vial), 1 box (GPP)",20200601
1145995,"esomeprazole 40 mg powder for solution for injection/infusion, 1 vial (GPP)",20200601
1225213,"esomeprazole 40 mg powder for solution for injection/infusion, 10 vial (10 x 1 vial), 1 box (GPP)",20220303
1046138,"essential phospholipids 300 mg capsule, hard, 10 capsule, 1 blister (GPP)",20181217
1046155,"essential phospholipids 300 mg capsule, hard, 100 capsule (10 x 10 capsule blister), 1 box (GPP)",20181217
1113595,"estradiol 1.5 mg + nomegestrol acetate 2.5 mg film-coated tablet, 1 x 28 tablets tablet, 1 box (GPP)",20190516
1113576,"estradiol 1.5 mg + nomegestrol acetate 2.5 mg film-coated tablet, 28 x 28 tablets tablet, 1 blister (GPP)",20190516
1243781,"estradiol 10 mcg vaginal tablet, 18 tablet (1 x 18 tablet blister), 1 box (GPP)",20221001
1243768,"estradiol 10 mcg vaginal tablet, 18 tablet, 1 blister (GPP)",20221001
1095252,"estradiol 25 mcg vaginal tablet, 15 tablet (3 x 5 tablet blister), 1 box (GPP)",20190216
1095234,"estradiol 25 mcg vaginal tablet, 5 tablet, 1 blister (GPP)",20190216
1281342,"estradiol 25 mcg/1 mL vaginal gel, 1 mL prefilled syr (GPP)",20230819
1240881,"estradiol 3.8 mg transdermal patch, 1 patch (GPP)",20220810
1240909,"estradiol 3.8 mg transdermal patch, 4 patch (4 x 1 patch), 1 box (GPP)",20220810
1303545,"estradiol 60 mg/100 g gel, 1 x 80 g bottle, 1 box (GPP)",20240802
1285062,"estradiol 60 mg/100 g gel, 1 x 80 g tube, 1 box (GPP)",20231013
1303521,"estradiol 60 mg/100 g gel, 80 g bottle (GPP)",20240802
1285043,"estradiol 60 mg/100 g gel, 80 g tube (GPP)",20231013
1105318,"estradiol benzoate 5 mg/1 mL solution for injection, 10 x 1 mL ampoule, 1 box (GPP)",20190331
1105339,"estradiol benzoate 5 mg/1 mL solution for injection, 100 x 1 mL ampoule, 1 box (GPP)",20190331
1151201,"estradiol cypionate 5 mg/0.5 mL + medroxyprogesterone acetate 25 mg/0.5 mL suspension for injection, 0.5 mL vial (GPP)",20200705
1151229,"estradiol cypionate 5 mg/0.5 mL + medroxyprogesterone acetate 25 mg/0.5 mL suspension for injection, 20 x 0.5 mL vial, 1 box (GPP)",20200705
1282732,"estradiol valerate 2 mg + norgestrel 500 mcg coated tablet, 1 x 21 tablets blister tablests, 1 box (GPP)",20230915
1282713,"estradiol valerate 2 mg + norgestrel 500 mcg coated tablet, 21 x 21 tablets tablests, 1 blister (GPP)",20230915
1277958,"estradiol valerate 2 mg tablet, 28 tablets pack, 1 blister (GPP)",20230804
1277970,"estradiol valerate 2 mg tablet, 3 x 28 tablets blister pack, 1 box (GPP)",20230804
1095117,"estriol 30 mcg + lactobacillus acidophilus agent 0.1 billion organisms vaginal tablet, 6 tablet (1 x 6 tablet blister), 1 box (GPP)",20190216
1095091,"estriol 30 mcg + lactobacillus acidophilus agent 0.1 billion organisms vaginal tablet, 6 tablet, 1 blister (GPP)",20190216
1125372,"etanercept 25 mg powder for solution for injection, 1 vial, 1 box (GPP)",20190913
1160913,"etanercept 25 mg/0.5 mL solution for injection, 0.5 mL prefilled syr (GPP)",20200920
1191859,"etanercept 25 mg/0.5 mL solution for injection, 1 x 0.5 mL prefilled syr, 1 box (GPP)",20210616
1160932,"etanercept 25 mg/0.5 mL solution for injection, 2 x 0.5 mL prefilled syr, 1 box (GPP)",20200920
1180688,"etanercept 50 mg/1 mL solution for injection, 1 mL prefilled pen (GPP)",20210312
1160852,"etanercept 50 mg/1 mL solution for injection, 1 mL prefilled syr (GPP)",20200920
1191902,"etanercept 50 mg/1 mL solution for injection, 1 x 1 mL prefilled syr, 1 box (GPP)",20210616
1045071,"etanercept 50 mg/1 mL solution for injection, 2 prefilled pen, 1 box (GPP)",20241129
1160875,"etanercept 50 mg/1 mL solution for injection, 2 prefilled syr, 1 box (GPP)",20241129
1242873,"etelcalcetide 2.5 mg/0.5 mL solution for injection, 0.5 mL vial (GPP)",20220915
1112504,"etelcalcetide 2.5 mg/0.5 mL solution for injection, 10 x 0.5 mL vial, 1 box (GPP)",20220915
1112438,"etelcalcetide 5 mg/1 mL solution for injection, 10 x 1 mL vial, 1 box (GPP)",20190504
1153800,"ethambutol hydrochloride 250 mg/5 mL oral suspension, 60 mL bottle (GPP)",20200719
1064150,"ethambutol hydrochloride 275 mg + isoniazid 75 mg + pyrazinamide 400 mg + rifampicin 150 mg film-coated tablet, 10 tablet, 1 blister (GPP)",20190216
1096354,"ethambutol hydrochloride 275 mg + isoniazid 75 mg + pyrazinamide 400 mg + rifampicin 150 mg film-coated tablet, 168 tablet (6 x 28 tablet blister), 1 box (GPP)",20190216
1096331,"ethambutol hydrochloride 275 mg + isoniazid 75 mg + pyrazinamide 400 mg + rifampicin 150 mg film-coated tablet, 28 tablet, 1 blister (GPP)",20190216
1064178,"ethambutol hydrochloride 275 mg + isoniazid 75 mg + pyrazinamide 400 mg + rifampicin 150 mg film-coated tablet, 30 tablet (3 x 10 tablet blister), 1 box (GPP)",20190216
1064994,"ethambutol hydrochloride 400 mg film-coated tablet, 10 tablet, 1 strip (GPP)",20190216
1065011,"ethambutol hydrochloride 400 mg film-coated tablet, 500 tablet (50 x 10 tablet strip), 1 box (GPP)",20190216
1267676,"ethambutol hydrochloride 50 mg/1 mL oral suspension, 60 mL bottle (GPP)",20230617
1214006,"ethambutol hydrochloride 500 mg film-coated tablet, 10 tablet, 1 strip (GPP)",20211202
1214023,"ethambutol hydrochloride 500 mg film-coated tablet, 500 tablet (50 x 10 tablet strip), 1 box (GPP)",20211202
1163850,"ethinylestradiol 15 mcg + gestodene 60 mcg film-coated tablet, 1 x 28 tablets tablet, 1 box (GPP)",20201016
1229147,"ethinylestradiol 15 mcg + gestodene 60 mcg film-coated tablet, 28 tablets pack, 1 blister (GPP)",20220330
1163832,"ethinylestradiol 15 mcg + gestodene 60 mcg film-coated tablet, 28 x 28 tablets tablet, 1 blister (GPP)",20201016
1160691,"ethinylestradiol 20 mcg + gestodene 75 mcg coated tablet, 1 x 21 tablets tablet, 1 box (GPP)",20200920
1160777,"ethinylestradiol 20 mcg + gestodene 75 mcg coated tablet, 1 x 28 tablets tablet, 1 box (GPP)",20200920
1160670,"ethinylestradiol 20 mcg + gestodene 75 mcg coated tablet, 12 x 21 tablets tablet, 1 box (GPP)",20200920
1160754,"ethinylestradiol 20 mcg + gestodene 75 mcg coated tablet, 12 x 28 tablets tablet, 1 box (GPP)",20200920
1160658,"ethinylestradiol 20 mcg + gestodene 75 mcg coated tablet, 21 x 21 tablets tablet, 1 blister (GPP)",20200920
1160731,"ethinylestradiol 20 mcg + gestodene 75 mcg coated tablet, 28 x 28 tablets tablet, 1 blister (GPP)",20200920
1132162,"ethinylestradiol 30 mcg + levonorgestrel 150 mcg coated tablet, 1 x 28 tablets tablet, 1 box (GPP)",20191115
1132189,"ethinylestradiol 30 mcg + levonorgestrel 150 mcg coated tablet, 100 x 28 tablets tablet, 1 box (GPP)",20191115
1132143,"ethinylestradiol 30 mcg + levonorgestrel 150 mcg coated tablet, 28 x 28 tablets tablet, 1 blister (GPP)",20191115
1199152,"ethinylestradiol 50 mcg + norgestrel 500 mcg coated tablet, 28 tablets pack, 1 blister (GPP)",20210813
1199175,"ethinylestradiol 50 mcg + norgestrel 500 mcg coated tablet, 50 x 28 tablets pack, 1 box (GPP)",20210813
1298666,"ethiodized oil (131I) 480 mg/1 mL solution for injection, 1 x 10 mL ampoule, 1 box (GPP)",20240516
1298645,"ethiodized oil (131I) 480 mg/1 mL solution for injection, 10 mL ampoule (GPP)",20240516
1297618,"ethionamide 250 mg film-coated tablet, 10 tablet strip (GPP)",20240501
1096192,"ethionamide 250 mg film-coated tablet, 10 tablet, 1 blister (GPP)",20190216
1096214,"ethionamide 250 mg film-coated tablet, 100 tablet (10 x 10 tablet blister), 1 box (GPP)",20190216
1297639,"ethionamide 250 mg film-coated tablet, 100 tablet (10 x 10 tablet strip), 1 box (GPP)",20240501
1148980,"ethyl alcohol 4.75 mL/100 mL + glycerol 3 mL/100 mL + sodium chloride 828 mg/100 mL irrigation solution, 1 L bottle (GPP)",20200614
1175175,"ethyl alcohol 70 mL/100 mL + propylene glycol 1.5 mL/100 mL cutaneous solution, 240 mL bottle (GPP)",20210211
1175096,"ethyl alcohol 70 mL/100 mL + propylene glycol 1.5 mL/100 mL cutaneous solution, 30 mL bottle (GPP)",20210211
1175255,"ethyl alcohol 70 mL/100 mL + propylene glycol 1.5 mL/100 mL cutaneous solution, 4 L gallon (GPP)",20210211
1175217,"ethyl alcohol 70 mL/100 mL + propylene glycol 1.5 mL/100 mL cutaneous solution, 450 mL bottle (GPP)",20210211
1175134,"ethyl alcohol 70 mL/100 mL + propylene glycol 1.5 mL/100 mL cutaneous solution, 60 mL bottle (GPP)",20210211
1271013,"ethyl alcohol 70 mL/100 mL cutaneous solution, 1 L gallon (GPP)",20230617
1166788,"ethyl alcohol 70 mL/100 mL cutaneous solution, 180 mL bottle (GPP)",20201114
1143702,"ethyl alcohol 70 mL/100 mL cutaneous solution, 240 mL bottle, 1 bottle (GPP)",20200415
1143760,"ethyl alcohol 70 mL/100 mL cutaneous solution, 4.5 L gallon (GPP)",20210226
1143739,"ethyl alcohol 70 mL/100 mL cutaneous solution, 450 mL bottle (GPP)",20201114
1143675,"ethyl alcohol 70 mL/100 mL cutaneous solution, 60 mL bottle (GPP)",20201114
1160540,"ethyl alcohol 70 mL/100 mL cutaneous solution, 60 x 60 mL bottle, 1 (GPP)",20200920
1265639,"ethyl alcohol 70 mL/100 mL cutaneous spray, solution, 1 L gallon (GPP)",20230617
1222210,"ethyl alcohol 70 mL/100 mL cutaneous spray, solution, 150 mL bottle (GPP)",20220203
1222268,"ethyl alcohol 70 mL/100 mL cutaneous spray, solution, 200 mL bottle (GPP)",20220203
1179693,"ethyl alcohol 70 mL/100 mL cutaneous spray, solution, 4.5 L gallon (GPP)",20210226
1179746,"ethyl alcohol 70 mL/100 mL cutaneous spray, solution, 60 mL bottle (GPP)",20210226
1178545,"ethyl alcohol 70 mL/100 mL gel, 1 L gallon (GPP)",20210226
1178597,"ethyl alcohol 70 mL/100 mL gel, 300 mL bottle (GPP)",20210226
1179535,"ethyl alcohol 70 mL/100 mL gel, 4.5 L gallon (GPP)",20210226
1178634,"ethyl alcohol 70 mL/100 mL gel, 450 mL bottle (GPP)",20210226
1179588,"ethyl alcohol 70 mL/100 mL gel, 500 mL bottle (GPP)",20210226
1179638,"ethyl alcohol 70 mL/100 mL gel, 60 mL bottle (GPP)",20210226
1271406,"ethyl alcohol 70 mL/100 mL gel, 75 mL bottle (GPP)",20230617
1142997,"ethyl alcohol 80 g/100 g cutaneous spray, solution, 250 mL bottle, 1 bottle (GPP)",20200404
1178495,"ethyl alcohol 95 mL/100 mL cutaneous solution, 1 L gallon (GPP)",20210226
1178411,"ethyl alcohol 95 mL/100 mL cutaneous solution, 18 L gallon (GPP)",20210715
1163486,"ethyl alcohol 99.9 mL/100 mL concentrate for solution for injection, 10 mL vial (GPP)",20201016
1185565,"ethyl alcohol 99.9 mL/100 mL solution for injection, 10 mL vial (GPP)",20210331
1247311,"etonogestrel 68 mg implant, 1 implant (1 x 1 implant), 1 box (GPP)",20221112
1247297,"etonogestrel 68 mg implant, 1 implant 1 blister (GPP)",20221112
1103139,"etoposide 100 mg/5 mL concentrate for solution for infusion, 5 mL vial, 1 box (GPP)",20190315
1061128,"etoposide 25 mg capsule, soft, 10 capsule, 1 blister (GPP)",20190216
1061144,"etoposide 25 mg capsule, soft, 40 capsule (4 x 10 capsule blister), 1 box (GPP)",20190216
1229020,"etoposide 50 mg capsule, soft, 10 capsule, 1 blister (GPP)",20220330
1229049,"etoposide 50 mg capsule, soft, 20 capsule (2 x 10 capsule blister), 1 box (GPP)",20220330
1086649,"etoricoxib 120 mg film-coated tablet, 1 box (GPP)",20240831
1254915,"etoricoxib 120 mg film-coated tablet, 10 tablet, 1 strip (GPP)",20230217
1086620,"etoricoxib 120 mg film-coated tablet, 10 tablet, blister (GPP)",20240831
1288018,"etoricoxib 120 mg film-coated tablet, 100 tablet (10 x 10 tablet blister), 1 box (GPP)",20231118
1254936,"etoricoxib 120 mg film-coated tablet, 30 tablet (3 x 10 tablet strip), 1 box (GPP)",20230217
1280874,"etoricoxib 120 mg film-coated tablet, 5 blister, 1 box (GPP)",20241018
1280857,"etoricoxib 120 mg film-coated tablet, 5 tablet, blister (GPP)",20241018
1274922,"etoricoxib 120 mg film-coated tablet, 7 tablet (1 x 7 tablet blister), 1 box (GPP)",20230715
1274905,"etoricoxib 120 mg film-coated tablet, 7 tablet, 1 blister (GPP)",20230715
1122508,"etoricoxib 30 mg film-coated tablet, 10 tablet, 1 blister (GPP)",20190815
1122520,"etoricoxib 30 mg film-coated tablet, 30 tablet (3 x 10 tablet blister), 1 box (GPP)",20190815
1190743,"etoricoxib 30 mg film-coated tablet, 30 tablet (3 x 10 tablet), 1 box (GPP)",20210604
1048866,"etoricoxib 60 mg film-coated tablet, 10 tablet, 1 blister (GPP)",20190103
1287855,"etoricoxib 60 mg film-coated tablet, 100 tablet (10 x 10 tablet blister), 1 box (GPP)",20231118
1048884,"etoricoxib 60 mg film-coated tablet, 30 tablet (3 x 10 tablet blister), 1 box (GPP)",20190103
1290692,"etoricoxib 60 mg film-coated tablet, 5 blister, 1 box (GPP)",20241018
1290671,"etoricoxib 60 mg film-coated tablet, 5 tablet, blister (GPP)",20241018
1277524,"etoricoxib 60 mg film-coated tablet, 7 tablet (1 x 7 tablet blister), 1 box (GPP)",20230804
1277507,"etoricoxib 60 mg film-coated tablet, 7 tablet, 1 blister (GPP)",20230804
1290882,"etoricoxib 90 mg film-coated tablet [5 x 1 tablet tablet] (&) etoricoxib 90 mg film-coated tablet [7 x 1 tablet tablet], 1 box (GPP)",20250313
1047962,"etoricoxib 90 mg film-coated tablet, 10 tablet (1 x 10 tablet blister), 1, 10 tablet (1 x 10 tablet blister), 1 box (GPP)",20230804
1047943,"etoricoxib 90 mg film-coated tablet, 10 tablet, 1 blister (GPP)",20181217
1216077,"etoricoxib 90 mg film-coated tablet, 10 tablet, 1 strip (GPP)",20211202
1271481,"etoricoxib 90 mg film-coated tablet, 100 tablet (10 x 10 tablet blister), 1 box (GPP)",20230701
1047989,"etoricoxib 90 mg film-coated tablet, 30 tablet (3 x 10 tablet blister), 1 box (GPP)",20181217
1216096,"etoricoxib 90 mg film-coated tablet, 30 tablet (3 x 10 tablet strip), 1 box (GPP)",20211202
1169661,"etoricoxib 90 mg film-coated tablet, 30 tablet (6 x 5 tablet blister), 1 box (GPP)",20201202
1169642,"etoricoxib 90 mg film-coated tablet, 5 tablet, blister (GPP)",20241018
1198555,"etoricoxib 90 mg film-coated tablet, 7 tablet, 1 blister (GPP)",20210813
1096536,"etravirine 100 mg tablet, 120 tablet (1 x 120 tablet bottle), 1 box (GPP)",20190216
1096515,"etravirine 100 mg tablet, 120 tablet, 1 bottle (GPP)",20190216
1060428,"etravirine 200 mg tablet, 60 tablet (1 x 60 tablet bottle), 1 box (GPP)",20190216
1060400,"etravirine 200 mg tablet, 60 tablet, 1 bottle (GPP)",20190216
1186606,"eucalyptus oil 100 mL/100 mL inhalation vapour, liquid, 450 mL bottle (GPP)",20210418
1179999,"eucalyptus oil 30 mL/100 mL inhalation vapour, solution, 450 mL bottle (GPP)",20210312
1286673,"eucalyptus oil 5.7 g/100 g + menthol 11.4 g/100 g + turpentine oil 28.6 g/100 g ointment, 30 g bottle (GPP)",20231016
1207447,"eucalyptus oil 7.5 g/100 g + eugenol 1 g/100 g + menthol 3.8 g/100 g + methyl salicylate 18.4 g/100 g cream, 1 x 100 g tube, 1 box (GPP)",20211029
1207389,"eucalyptus oil 7.5 g/100 g + eugenol 1 g/100 g + menthol 3.8 g/100 g + methyl salicylate 18.4 g/100 g cream, 1 x 30 g tube, 1 box (GPP)",20211029
1207423,"eucalyptus oil 7.5 g/100 g + eugenol 1 g/100 g + menthol 3.8 g/100 g + methyl salicylate 18.4 g/100 g cream, 100 g tube (GPP)",20211029
1207362,"eucalyptus oil 7.5 g/100 g + eugenol 1 g/100 g + menthol 3.8 g/100 g + methyl salicylate 18.4 g/100 g cream, 30 g tube (GPP)",20211029
1310500,"eugenol 1.36 g/100 g + menthol 5.44 g/100 g + methyl salicylate 10.2 g/100 g cream, 1 tube, 1 box (GPP)",20241005
1193499,"eugenol 1.36 g/100 g + menthol 5.44 g/100 g + methyl salicylate 10.2 g/100 g cream, 1 x 30 g tube, 1 box (GPP)",20210715
1120745,"eugenol 1.36 g/100 g + menthol 5.44 g/100 g + methyl salicylate 10.2 g/100 g cream, 25 g tube (GPP)",20241005
1193475,"eugenol 1.36 g/100 g + menthol 5.44 g/100 g + methyl salicylate 10.2 g/100 g cream, 30 g tube (GPP)",20210715
1211233,"eugenol 1.4 g/100 g + menthol 5.6 g/100 g + methyl salicylate 11 g/100 g cream, 30 g tube (GPP)",20211202
1325642,"eugenol 1.5 mL/100 g + menthol 3 g/100 g + methyl salicylate 15 mL/100 g + thymol 500 mg/100 g cream, 1 x 15 g tube, 1 box (GPP)",20250313
1325626,"eugenol 1.5 mL/100 g + menthol 3 g/100 g + methyl salicylate 15 mL/100 g + thymol 500 mg/100 g cream, 1 x 15 g tube, 1 tube (GPP)",20250313
1096752,"everolimus 10 mg tablet, 10 tablet, 1 blister (GPP)",20190216
1096775,"everolimus 10 mg tablet, 30 tablet (3 x 10 tablet blister), 1 box (GPP)",20190216
1318892,"everolimus 10 mg tablet, 4 blister, 1 box (GPP)",20241225
1318871,"everolimus 10 mg tablet, 7 tablet, blister (GPP)",20241225
1069518,"everolimus 250 mcg tablet, 10 tablet, 1 blister (GPP)",20200614
1069539,"everolimus 250 mcg tablet, 60 tablet (6 x 10 tablet blister), 1 box (GPP)",20200614
1096799,"everolimus 5 mg tablet, 10 tablet, 1 blister (GPP)",20190216
1096813,"everolimus 5 mg tablet, 30 tablet (3 x 10 tablet blister), 1 box (GPP)",20190216
1318757,"everolimus 5 mg tablet, 4 blister, 1 box (GPP)",20241225
1318735,"everolimus 5 mg tablet, 7 tablet, blister (GPP)",20241225
1069556,"everolimus 500 mcg tablet, 10 tablet, 1 blister (GPP)",20200614
1069573,"everolimus 500 mcg tablet, 60 tablet (6 x 10 tablet blister), 1 box (GPP)",20200614
1260286,"evogliptin 5 mg film-coated tablet, 10 tablet, 1 blister (GPP)",20230401
1260303,"evogliptin 5 mg film-coated tablet, 30 tablet (3 x 10 tablet blister), 1 box (GPP)",20230401
1227046,"evolocumab 140 mg/1 mL solution for injection, 1 mL prefilled pen (GPP)",20220316
1227067,"evolocumab 140 mg/1 mL solution for injection, 1 x 1 mL prefilled pen, 1 box (GPP)",20220316
1069254,"exemestane 25 mg coated tablet, 15 tablet, 1 blister (GPP)",20190216
1069277,"exemestane 25 mg coated tablet, 30 tablet (2 x 15 tablet blister), 1 box (GPP)",20190216
1192730,"exemestane 25 mg film-coated tablet, 10 tablet, 1 blister (GPP)",20210703
1192753,"exemestane 25 mg film-coated tablet, 30 tablet (3 x 10 tablet blister), 1 box (GPP)",20210703
1324501,"ezetimibe 10 mg + rosuvastatin 10 mg film-coated tablet, 10 tablet blister (GPP)",20250301
1324529,"ezetimibe 10 mg + rosuvastatin 10 mg film-coated tablet, 3 blister box (GPP)",20250301
1325439,"ezetimibe 10 mg + rosuvastatin 20 mg film-coated tablet, 10 tablet, 1 blister (GPP)",20250301
1325456,"ezetimibe 10 mg + rosuvastatin 20 mg film-coated tablet, 3 blister, 1 box (GPP)",20250301
1068835,"ezetimibe 10 mg + simvastatin 10 mg tablet, 1 box (GPP)",20240831
1068819,"ezetimibe 10 mg + simvastatin 10 mg tablet, 10 tablet, blister (GPP)",20240831
1068874,"ezetimibe 10 mg + simvastatin 20 mg tablet, 1 box (GPP)",20240831
1068857,"ezetimibe 10 mg + simvastatin 20 mg tablet, 10 tablet, blister (GPP)",20240831
1174840,"ezetimibe 10 mg + simvastatin 40 mg tablet, 10 tablet, 1 blister (GPP)",20210211
1174864,"ezetimibe 10 mg + simvastatin 40 mg tablet, 30 tablet (3 x 10 tablet blister), 1 box (GPP)",20210211
1306463,"ezetimibe 10 mg tablet, 10 blister, 1 box (GPP)",20240831
1046833,"ezetimibe 10 mg tablet, 10 tablet, 1 blister (GPP)",20250215
1046851,"ezetimibe 10 mg tablet, 3 blister, 1 box (GPP)",20240831
1318483,"factor VIII inhibitor bypassing activity 500 iu powder and solvent for solution for infusion, 1 vial (GPP)",20241225
1318505,"factor VIII inhibitor bypassing activity 500 iu powder and solvent for solution for infusion, 1 vial, 1 box (GPP)",20241225
1291981,"factor VIII inhibitor bypassing activity 500 iu powder for solution for injection, 1 vial (1 x 1 vial), 1 box (GPP)",20240216
1291968,"factor VIII inhibitor bypassing activity 500 iu powder for solution for injection, 1 vial (GPP)",20240216
1096396,"famciclovir 250 mg film-coated tablet, 21 tablet (3 x 7 tablet blister), 1 box (GPP)",20190216
1096377,"famciclovir 250 mg film-coated tablet, 7 tablet, 1 blister (GPP)",20190216
1215942,"famotidine 20 mg film-coated tablet, 10 tablet, blister (GPP)",20240817
1215961,"famotidine 20 mg film-coated tablet, 100 tablet (10 x 10 tablet blister), 1 box (GPP)",20211202
1245108,"faricimab 6 mg/0.05 mL solution for injection, 0.24 mL vial (GPP)",20231104
1245120,"faricimab 6 mg/0.05 mL solution for injection, 1 x 0.24 mL vial, 1 box (GPP)",20231104
1322778,"faricimab 8.4 mg/0.07 mL solution for injection, 1 x 0.07 mL prefilled syr, 1 prefilled syr (GPP)",20250201
1254792,"favipiravir 100 mg/1 mL oral suspension, 20 mL bottle (GPP)",20230217
1213000,"favipiravir 100 mg/1 mL oral suspension, 30 mL bottle (GPP)",20211202
1321065,"favipiravir 100 mg/1 mL oral suspension, 40 mL bottle (GPP)",20250118
1202090,"favipiravir 13.33 mg/1 mL syrup, 60 mL bottle (GPP)",20210915
1140958,"favipiravir 200 mg film-coated tablet, 10 tablet, 1 blister (GPP)",20200314
1140970,"favipiravir 200 mg film-coated tablet, 100 tablet (10 x 10 tablet blister), 1 box (GPP)",20200314
1198253,"favipiravir 200 mg film-coated tablet, 34 tablet (1 x 34 tablet blister), 1 box (GPP)",20210813
1198230,"favipiravir 200 mg film-coated tablet, 34 tablet, 1 blister (GPP)",20210813
1231313,"favipiravir 200 mg film-coated tablet, 50 tablet, 1 bottle (GPP)",20220413
1219381,"favipiravir 200 mg/5 mL oral suspension, 60 mL bottle (GPP)",20211216
1322824,"favipiravir 50 mg/1 mL oral suspension, 1 x 80 mL bottle, 1 bottle (GPP)",20250201
1070777,"febuxostat 80 mg film-coated tablet, 10 tablet, 1 blister (GPP)",20250201
1315651,"febuxostat 80 mg film-coated tablet, 14 tablet, blister (GPP)",20241129
1315679,"febuxostat 80 mg film-coated tablet, 2 blister, 1 box (GPP)",20241129
1070796,"febuxostat 80 mg film-coated tablet, 3 blister, 1 box (GPP)",20250201
1295925,"fedratinib 100 mg capsule, hard, 120 capsule (1 x 120 capsule bottle), 1 box (GPP)",20240412
1295902,"fedratinib 100 mg capsule, hard, 120 capsule bottle (GPP)",20240412
1067635,"felodipine 10 mg prolonged-release tablet, 10 tablet, 1 blister (GPP)",20190216
1067657,"felodipine 10 mg prolonged-release tablet, 100 tablet (10 x 10 tablet blister), 1 box (GPP)",20190216
1093546,"felodipine 10 mg prolonged-release tablet, 30 tablet (1 x 30 tablet bottle), 1 box (GPP)",20190216
1225574,"felodipine 10 mg prolonged-release tablet, 30 tablet (1 x 30 tablet jar), 1 box (GPP)",20220303
1093522,"felodipine 10 mg prolonged-release tablet, 30 tablet, 1 bottle (GPP)",20190216
1225557,"felodipine 10 mg prolonged-release tablet, 30 tablet, 1 jar (GPP)",20220303
1067516,"felodipine 2.5 mg prolonged-release tablet, 10 tablet, 1 blister (GPP)",20190216
1067537,"felodipine 2.5 mg prolonged-release tablet, 100 tablet (10 x 10 tablet blister), 1 box (GPP)",20190216
1067571,"felodipine 2.5 mg prolonged-release tablet, 30 tablet (1 x 30 tablet bottle), 1 box (GPP)",20190216
1225655,"felodipine 2.5 mg prolonged-release tablet, 30 tablet (1 x 30 tablet jar), 1 box (GPP)",20220303
1067559,"felodipine 2.5 mg prolonged-release tablet, 30 tablet, 1 bottle (GPP)",20190216
1225638,"felodipine 2.5 mg prolonged-release tablet, 30 tablet, 1 jar (GPP)",20220303
1067592,"felodipine 5 mg prolonged-release tablet, 10 tablet, 1 blister (GPP)",20200816
1067619,"felodipine 5 mg prolonged-release tablet, 100 tablet (10 x 10 tablet blister), 1 box (GPP)",20190216
1093505,"felodipine 5 mg prolonged-release tablet, 30 tablet (1 x 30 tablet bottle), 1 box (GPP)",20190216
1225617,"felodipine 5 mg prolonged-release tablet, 30 tablet (1 x 30 tablet jar), 1 box (GPP)",20220303
1213037,"felodipine 5 mg prolonged-release tablet, 30 tablet (3 x 10 tablet blister), 1 box (GPP)",20211202
1093483,"felodipine 5 mg prolonged-release tablet, 30 tablet, 1 bottle (GPP)",20190216
1225590,"felodipine 5 mg prolonged-release tablet, 30 tablet, 1 jar (GPP)",20220303
1094670,"fenofibrate 100 mg capsule, hard, 10 capsule, 1 blister (GPP)",20190216
1094691,"fenofibrate 100 mg capsule, hard, 100 capsule (10 x 10 capsule blister), 1 box (GPP)",20190216
1094615,"fenofibrate 100 mg capsule, hard, 100 capsule (4 x 25 capsule blister), 1 box (GPP)",20190216
1094593,"fenofibrate 100 mg capsule, hard, 25 capsule, 1 blister (GPP)",20190216
1094555,"fenofibrate 145 mg film-coated tablet, 10 tablet, 1 blister (GPP)",20190216
1094572,"fenofibrate 145 mg film-coated tablet, 30 tablet (3 x 10 tablet blister), 1 box (GPP)",20190216
1068614,"fenofibrate 160 mg capsule, hard, 10 capsule, 1 blister (GPP)",20190216
1068633,"fenofibrate 160 mg capsule, hard, 30 capsule (3 x 10 capsule blister), 1 box (GPP)",20190216
1046635,"fenofibrate 160 mg film-coated tablet, 10 tablet, blister (GPP)",20241018
1214514,"fenofibrate 160 mg film-coated tablet, 100 tablet (10 x 10 tablet blister), 1 box (GPP)",20211202
1046657,"fenofibrate 160 mg film-coated tablet, 3 blister, 1 box (GPP)",20241018
1241334,"fenofibrate 200 mg capsule, hard, 10 capsule blister (GPP)",20231216
1094636,"fenofibrate 200 mg capsule, hard, 15 capsule, 1 blister (GPP)",20190216
1094658,"fenofibrate 200 mg capsule, hard, 30 capsule (2 x 15 capsule blister), 1 box (GPP)",20190216
1241352,"fenofibrate 200 mg capsule, hard, 30 capsule (3 x 10 capsule blister), 1 box (GPP)",20220810
1068717,"fenofibrate 200 mg capsule, hard, 7 capsule (1 x 7 capsule blister), 1 box (GPP)",20190216
1068698,"fenofibrate 200 mg capsule, hard, 7 capsule, 1 blister (GPP)",20190216
1068651,"fenofibrate 300 mg capsule, hard, 10 capsule, 1 blister (GPP)",20190216
1068679,"fenofibrate 300 mg capsule, hard, 100 capsule (10 x 10 capsule blister), 1 box (GPP)",20190216
1068738,"fenofibric acid 135 mg gastro-resistant capsule, hard, 10 capsule, 1 blister (GPP)",20200801
1068755,"fenofibric acid 135 mg gastro-resistant capsule, hard, 30 capsule (3 x 10 capsule blister), 1 box (GPP)",20200801
1208748,"fenoterol hydrobromide 31.25 mg/100 mL + ipratropium bromide 12.5 mg/100 mL nebuliser solution, 21 x 4 mL unit dose, 1 box (GPP)",20211110
1208724,"fenoterol hydrobromide 31.25 mg/100 mL + ipratropium bromide 12.5 mg/100 mL nebuliser solution, 4 mL unit dose (GPP)",20211110
1233905,"fenoterol hydrobromide 50 mg/100 mL + ipratropium bromide 25 mg/100 mL nebuliser solution, 1 x 20 mL bottle, 1 box (GPP)",20220428
1233882,"fenoterol hydrobromide 50 mg/100 mL + ipratropium bromide 25 mg/100 mL nebuliser solution, 20 mL bottle (GPP)",20220428
1051647,"fentanyl 100 mcg/2 mL solution for injection, 10 x 2 mL ampoule, 1 box (GPP)",20200719
1152265,"fentanyl 100 mcg/2 mL solution for injection, 2 mL ampoule (GPP)",20200719
1322001,"fentanyl 2 mcg/1 mL solution for injection, 10 mL prefilled syr (GPP)",20250201
1152310,"fentanyl 500 mcg/10 mL solution for injection, 10 mL ampoule (GPP)",20200719
1106716,"fentanyl 500 mcg/10 mL solution for injection, 10 mL ampoule, 1 box (GPP)",20190411
1121638,"fentanyl 500 mcg/10 mL solution for injection, 10 x 10 mL ampoule, 1 box (GPP)",20220428
1049150,"fentanyl 500 mcg/10 mL solution for injection, 5 x 10 mL ampoule, 1 box (GPP)",20200719
1161029,"ferric carboxymaltose 1800 mg/10 mL solution for injection/infusion, 1 x 10 mL vial, 1 box (GPP)",20201116
1161001,"ferric carboxymaltose 1800 mg/10 mL solution for injection/infusion, 10 mL vial (GPP)",20201116
1309358,"ferric citrate 500 mg capsule, hard, 1 bottle, 1 box (GPP)",20241005
1309336,"ferric citrate 500 mg capsule, hard, 90 capsule, bottle (GPP)",20241005
1192879,"ferric hydroxide polymaltose complex 15 mg/0.6 mL syrup, 1 x 15 mL bottle, 1 box (GPP)",20210703
1192851,"ferric hydroxide polymaltose complex 15 mg/0.6 mL syrup, 15 mL bottle (GPP)",20210703
1050113,"ferrous fumarate 15 mg/0.6 mL oral drops, suspension, 15 mL bottle, 1 box (GPP)",20190120
1142921,"ferrous fumarate 182.5 mg + folic acid 2.8 mg film-coated tablet, 12 tablet (1 x 12 tablet strip), 1 box (GPP)",20200404
1142909,"ferrous fumarate 182.5 mg + folic acid 2.8 mg film-coated tablet, 12 tablet, 1 strip (GPP)",20200404
1092951,"ferrous fumarate 185 mg + folic acid 400 mcg + potassium iodide 196 mcg film-coated tablet, 30 tablet, 1 bottle (GPP)",20190216
1092914,"ferrous fumarate 200 mg + folic acid 500 mcg + pyridoxine 5 mg coated tablet, 30 tablet, 1 blister (GPP)",20190216
1092933,"ferrous fumarate 200 mg + folic acid 500 mcg + pyridoxine 5 mg coated tablet, 3000 tablet (100 x 30 tablet blister), 1 box (GPP)",20190216
1092876,"ferrous fumarate 200 mg coated tablet, 10 tablet, 1 blister (GPP)",20190216
1092895,"ferrous fumarate 200 mg coated tablet, 1000 tablet (100 x 10 tablet blister), 1 box (GPP)",20190216
1183162,"ferrous fumarate 200 mg film-coated tablet, 10 tablet, 1 blister (GPP)",20210331
1183189,"ferrous fumarate 200 mg film-coated tablet, 1000 tablet (100 x 10 tablet blister), 1 box (GPP)",20210331
1213085,"ferrous fumarate 200 mg film-coated tablet, 1000 tablet, 1 jar (GPP)",20211202
1213063,"ferrous fumarate 200 mg film-coated tablet, 500 tablet (50 x 10 tablet blister), 1 box (GPP)",20211202
1235915,"ferrous fumarate 200 mg tablet, 1000 tablet, 1 jar (GPP)",20220514
1316482,"ferrous fumarate 76 mg/5 mL oral suspension, 1 bottle, 1 box (GPP)",20241129
1316469,"ferrous fumarate 76 mg/5 mL oral suspension, 60 mL bottle (GPP)",20241129
1066621,"ferrous sulfate 200 mg coated tablet, 1000 tablet, 1 jar (GPP)",20190216
1171313,"ferrous sulfate 50 mg/0.6 mL oral drops, solution, 1 x 15 mL bottle, 1 box (GPP)",20201230
1171299,"ferrous sulfate 50 mg/0.6 mL oral drops, solution, 15 mL bottle (GPP)",20201230
1102385,"fexofenadine hydrochloride 180 mg film-coated tablet, 10 tablet (1 x 10 tablet blister), 1 box (GPP)",20191102
1074916,"fexofenadine hydrochloride 180 mg film-coated tablet, 10 tablet, 1 blister (GPP)",20190216
1211464,"fexofenadine hydrochloride 180 mg film-coated tablet, 100 tablet (10 x 10 tablet blister), 1 box (GPP)",20211202
1074937,"fexofenadine hydrochloride 180 mg film-coated tablet, 50 tablet (5 x 10 tablet blister), 1 box (GPP)",20190216
1164786,"fexofenadine hydrochloride 60 mg film-coated tablet, 10 tablet (1 x 10 tablet blister), 1 box (GPP)",20201016
1074959,"fexofenadine hydrochloride 60 mg film-coated tablet, 10 tablet, 1 blister (GPP)",20190216
1074971,"fexofenadine hydrochloride 60 mg film-coated tablet, 100 tablet (10 x 10 tablet blister), 1 box (GPP)",20190216
1292021,"filgrastim 300 mcg/0.5 mL solution for injection/infusion, 0.5 mL prefilled syr (GPP)",20240216
1046117,"filgrastim 300 mcg/0.5 mL solution for injection/infusion, 1 x 0.5 mL prefilled syr, 1 box (GPP)",20240216
1111545,"filgrastim 300 mcg/1 mL solution for injection/infusion, 1 mL prefilled syr, 1 box (GPP)",20190504
1229238,"filgrastim 300 mcg/1 mL solution for injection/infusion, 1 mL vial (GPP)",20220330
1134055,"filgrastim 300 mcg/1 mL solution for injection/infusion, 1 x 1 mL vial, 1 box (GPP)",20220330
1103643,"filgrastim 480 mcg/0.5 mL solution for injection/infusion, 0.5 mL prefilled syr, 1 box (GPP)",20190315
1155252,"filgrastim 480 mcg/1.6 mL solution for injection/infusion, 1 x 1.6 mL vial, 1 box (GPP)",20200801
1155234,"filgrastim 480 mcg/1.6 mL solution for injection/infusion, 1.6 mL vial (GPP)",20200801
1048809,"fimasartan 60 mg film-coated tablet, 10 tablet, 1 blister (GPP)",20190103
1048821,"fimasartan 60 mg film-coated tablet, 30 tablet (3 x 10 tablet blister), 1 box (GPP)",20190103
1125301,"fimasartan potassium 120 mg film-coated tablet, 10 tablet, 1 blister (GPP)",20190913
1125329,"fimasartan potassium 120 mg film-coated tablet, 30 tablet (3 x 10 tablet blister), 1 box (GPP)",20190913
1094978,"finasteride 1 mg film-coated tablet, 10 tablet, blister (GPP)",20240913
1095036,"finasteride 1 mg film-coated tablet, 28 tablet (4 x 7 tablet blister), 1 box (GPP)",20190216
1094997,"finasteride 1 mg film-coated tablet, 3 blister, 1 box (GPP)",20240913
1289385,"finasteride 1 mg film-coated tablet, 30 tablet (3 x 10 tablet), 1 box (GPP)",20231216
1095015,"finasteride 1 mg film-coated tablet, 7 tablet, 1 blister (GPP)",20190216
1060104,"finasteride 5 mg film-coated tablet, 10 tablet, blister (GPP)",20240913
1095537,"finasteride 5 mg film-coated tablet, 15 tablet, 1 blister (GPP)",20190216
1060127,"finasteride 5 mg film-coated tablet, 3 blister, 1 box (GPP)",20240913
1095559,"finasteride 5 mg film-coated tablet, 30 tablet (2 x 15 tablet blister), 1 box (GPP)",20190216
1285313,"finerenone 10 mg film-coated tablet, 14 tablet, 1 blister (GPP)",20231013
1285332,"finerenone 10 mg film-coated tablet, 28 tablet (2 x 14 tablet blister), 1 box (GPP)",20231013
1285730,"finerenone 20 mg film-coated tablet, 14 tablet, 1 blister (GPP)",20231013
1285753,"finerenone 20 mg film-coated tablet, 28 tablet (2 x 14 tablet blister), 1 box (GPP)",20231013
1097122,"fingolimod 500 mcg capsule, hard, 14 capsule, 1 blister (GPP)",20190216
1097146,"fingolimod 500 mcg capsule, hard, 28 capsule (2 x 14 capsule blister), 1 box (GPP)",20190216
1257946,"fingolimod 500 mcg capsule, hard, 28 capsule (4 x 7 capsule blister), 1 box (GPP)",20230316
1257922,"fingolimod 500 mcg capsule, hard, 7 capsule, 1 blister (GPP)",20230316
1125703,"flavoxate hydrochloride 100 mg coated tablet, 500 tablet, 1 jar (GPP)",20190913
1128422,"flavoxate hydrochloride 100 mg film-coated tablet, 10 tablet, 1 blister (GPP)",20191019
1128446,"flavoxate hydrochloride 100 mg film-coated tablet, 100 tablet (10 x 10 tablet blister), 1 box (GPP)",20191019
1128405,"flavoxate hydrochloride 100 mg film-coated tablet, 100 tablet, 1 bottle (GPP)",20191019
1126133,"flavoxate hydrochloride 100 mg tablet, 100 tablet, 1 jar (GPP)",20190913
1260451,"flavoxate hydrochloride 200 mg film-coated tablet, 10 tablet, 1 blister (GPP)",20230401
1260479,"flavoxate hydrochloride 200 mg film-coated tablet, 100 tablet (10 x 10 tablet blister), 1 box (GPP)",20230401
1082992,"flavoxate hydrochloride 200 mg film-coated tablet, 15 tablet, 1 blister (GPP)",20190216
1227344,"flavoxate hydrochloride 200 mg film-coated tablet, 500 tablet, 1 jar (GPP)",20220316
1083015,"flavoxate hydrochloride 200 mg film-coated tablet, 90 tablet (6 x 15 tablet blister), 1 box (GPP)",20190216
1066785,"flecainide acetate 100 mg tablet, 30 tablet, 1 blister (GPP)",20190216
1066802,"flecainide acetate 100 mg tablet, 60 tablet (2 x 30 tablet blister), 1 box (GPP)",20190216
1154868,"fluconazole 10 mg/1 mL oral solution, 40 mL bottle (GPP)",20200801
1267816,"fluconazole 10 mg/1 mL oral suspension, 20 mL bottle (GPP)",20230617
1277650,"fluconazole 10 mg/1 mL oral suspension, 40 mL bottle (GPP)",20230804
1059608,"fluconazole 100 mg capsule, hard, 10 capsule, 1 blister (GPP)",20190216
1059620,"fluconazole 100 mg capsule, hard, 50 capsule (5 x 10 capsule blister), 1 box (GPP)",20190216
1213379,"fluconazole 100 mg/50 mL solution for infusion, 1 x 50 mL vial, 1 box (GPP)",20211202
1213351,"fluconazole 100 mg/50 mL solution for infusion, 50 mL vial (GPP)",20211202
1130889,"fluconazole 150 mg capsule, soft, 1 capsule (1 x 1 capsule blister), 1 box (GPP)",20191115
1130862,"fluconazole 150 mg capsule, soft, 1 capsule, 1 blister (GPP)",20191115
1228823,"fluconazole 200 mg capsule, hard, 1 capsule (1 x 1 capsule blister), 1 box (GPP)",20220330
1228806,"fluconazole 200 mg capsule, hard, 1 capsule 1 blister (GPP)",20220330
1142426,"fluconazole 200 mg capsule, hard, 10 capsule, 1 blister (GPP)",20200404
1059649,"fluconazole 200 mg capsule, hard, 5 capsule, 1 blister (GPP)",20190216
1059665,"fluconazole 200 mg capsule, hard, 50 capsule (10 x 5 capsule blister), 1 box (GPP)",20190216
1142442,"fluconazole 200 mg capsule, hard, 50 capsule (5 x 10 capsule blister), 1 box (GPP)",20200404
1213295,"fluconazole 50 mg capsule, hard, 10 capsule, 1 blister (GPP)",20211202
1213314,"fluconazole 50 mg capsule, hard, 100 capsule (10 x 10 capsule blister), 1 box (GPP)",20211202
1156440,"flucytosine 500 mg capsule, hard, 10 capsule, 1 blister (GPP)",20200801
1156464,"flucytosine 500 mg capsule, hard, 100 capsule (10 x 10 capsule blister), 1 box (GPP)",20200801
1095571,"fludrocortisone acetate 100 mcg tablet, 100 tablet, 1 bottle (GPP)",20190216
1074391,"flunarizine 5 mg capsule, hard, 10 capsule, 1 strip (GPP)",20190216
1074410,"flunarizine 5 mg capsule, hard, 100 capsule (10 x 10 capsule strip), 1 box (GPP)",20190216
1048251,"flunitrazepam 1 mg film-coated tablet, 10 tablet, 1 blister (GPP)",20181217
1048279,"flunitrazepam 1 mg film-coated tablet, 30 tablet (3 x 10 tablet blister), 1 box (GPP)",20181217
1257628,"fluocinolone acetonide 100 mg/100 g oral gel, 5 g tube (GPP)",20230316
1045555,"fluocinolone acetonide 25 mg/100 g + neomycin sulfate 350 mg/100 g cream, 15 g tube, 1 box (GPP)",20190104
1045572,"fluocinolone acetonide 25 mg/100 g + neomycin sulfate 350 mg/100 g cream, 500 g jar, 1 box (GPP)",20190104
1136711,"fluocortolone pivalate 100 mg/100 g + lidocaine hydrochloride 2 g/100 g cream, 10 g tube, 1 box (GPP)",20200213
1290541,"fluorescein sodium 10 g/100 mL solution for injection, 10 x 5 mL ampoule, 1 box (GPP)",20240202
1290525,"fluorescein sodium 10 g/100 mL solution for injection, 5 mL ampoule (GPP)",20240202
1228765,"fluorometholone 100 mg/100 mL eye drops, suspension, 1 x 5 mL bottle, 1 box (GPP)",20220330
1228749,"fluorometholone 100 mg/100 mL eye drops, suspension, 5 mL bottle (GPP)",20220330
1165316,"fluorouracil 1 g/100 mL eye drops, solution, 10 mL bottle (GPP)",20221001
1103063,"fluorouracil 1 g/20 mL solution for injection/infusion, 1 x 20 mL vial, 1 box (GPP)",20221014
1244362,"fluorouracil 1 g/20 mL solution for injection/infusion, 20 mL vial (GPP)",20221014
1180058,"fluorouracil 50 mg/1 mL solution for injection, 0.2 mL prefilled syr (GPP)",20210312
1165938,"fluorouracil 500 mg/10 mL solution for injection/infusion, 1 x 10 mL vial, 1 box (GPP)",20201030
1165917,"fluorouracil 500 mg/10 mL solution for injection/infusion, 10 mL vial (GPP)",20201030
1075889,"fluoxetine 20 mg capsule, hard, 10 capsule, 1 blister (GPP)",20190216
1075901,"fluoxetine 20 mg capsule, hard, 100 capsule (10 x 10 capsule blister), 1 box (GPP)",20190216
1213435,"fluoxetine 20 mg tablet, 10 tablet, blister (GPP)",20240913
1213457,"fluoxetine 20 mg tablet, 50 blister, 1 box (GPP)",20240913
1269481,"fluoxetine 20 mg tablet, 500 tablet, 1 bottle (GPP)",20230617
1078114,"flupentixol 500 mcg + melitracen 10 mg coated tablet, 10 tablet, 1 blister (GPP)",20190216
1078133,"flupentixol 500 mcg + melitracen 10 mg coated tablet, 100 tablet (10 x 10 tablet blister), 1 box (GPP)",20190216
1189809,"flupentixol 500 mcg + melitracen 10 mg film-coated tablet, 10 tablet, 1 blister (GPP)",20210513
1189821,"flupentixol 500 mcg + melitracen 10 mg film-coated tablet, 100 tablet (10 x 10 tablet blister), 1 box (GPP)",20210513
1198160,"fluphenazine decanoate 25 mg/1 mL solution for injection, 1 mL ampoule (GPP)",20210813
1103868,"fluphenazine decanoate 25 mg/1 mL solution for injection, 1 x 1 mL ampoule, 1 box (GPP)",20210813
1103847,"fluphenazine decanoate 50 mg/2 mL solution for injection, 1 x 2 mL ampoule, 1 box (GPP)",20211202
1212566,"fluphenazine decanoate 50 mg/2 mL solution for injection, 2 mL ampoule (GPP)",20211202
1052349,"flurbiprofen 8.75 mg/1 dose oromucosal spray, solution, 15 mL bottle, 1 box (GPP)",20190203
1069157,"flutamide 250 mg tablet, 10 tablet, 1 blister (GPP)",20190216
1069174,"flutamide 250 mg tablet, 100 tablet (10 x 10 tablet blister), 1 box (GPP)",20190216
1221546,"fluticasone furoate 100 mcg/1 dose + umeclidinium 62.5 mcg/1 dose + vilanterol 25 mcg/1 dose inhalation powder, pre-dispensed, 1 x 30 dose inhalation, 1 box (GPP)",20220203
1221522,"fluticasone furoate 100 mcg/1 dose + umeclidinium 62.5 mcg/1 dose + vilanterol 25 mcg/1 dose inhalation powder, pre-dispensed, 30 dose inhalation (GPP)",20220203
1306798,"fluticasone furoate 100 mcg/1 dose + vilanterol 25 mcg/1 dose inhalation powder, pre-dispensed, 1 box (GPP)",20240831
1306779,"fluticasone furoate 100 mcg/1 dose + vilanterol 25 mcg/1 dose inhalation powder, pre-dispensed, 30 dose inhalation (GPP)",20240831
1306854,"fluticasone furoate 200 mcg/1 dose + vilanterol 25 mcg/1 dose inhalation powder, pre-dispensed, 1 box (GPP)",20240831
1306831,"fluticasone furoate 200 mcg/1 dose + vilanterol 25 mcg/1 dose inhalation powder, pre-dispensed, 30 dose inhalation (GPP)",20240831
1161086,"fluticasone propionate 125 mcg/1 dose + formoterol fumarate dihydrate 5 mcg/1 dose pressurised inhalation, suspension, 1 x 120 dose actuation, 1 box (GPP)",20200920
1161064,"fluticasone propionate 125 mcg/1 dose + formoterol fumarate dihydrate 5 mcg/1 dose pressurised inhalation, suspension, 120 dose actuation (GPP)",20200920
1279412,"fluticasone propionate 125 mcg/1 dose + salmeterol 25 mcg/1 dose pressurised inhalation, suspension, 1 x 120 dose actuation, 1 box (GPP)",20230805
1279393,"fluticasone propionate 125 mcg/1 dose + salmeterol 25 mcg/1 dose pressurised inhalation, suspension, 120 dose actuation (GPP)",20230805
1168743,"fluticasone propionate 250 mcg + salmeterol 50 mcg inhalation powder, hard capsule, 60 capsule (1 x 60 capsule bottle), 1 box (GPP)",20201202
1168727,"fluticasone propionate 250 mcg + salmeterol 50 mcg inhalation powder, hard capsule, 60 capsule, 1 bottle (GPP)",20201202
1161142,"fluticasone propionate 250 mcg/1 dose + formoterol fumarate dihydrate 10 mcg/1 dose pressurised inhalation, suspension, 1 x 120 dose actuation, 1 box (GPP)",20200920
1161126,"fluticasone propionate 250 mcg/1 dose + formoterol fumarate dihydrate 10 mcg/1 dose pressurised inhalation, suspension, 120 dose actuation (GPP)",20200920
1291883,"fluticasone propionate 250 mcg/1 dose + salmeterol 25 mcg/1 dose pressurised inhalation, suspension, 1 x 120 dose actuation, 1 box (GPP)",20240216
1291865,"fluticasone propionate 250 mcg/1 dose + salmeterol 25 mcg/1 dose pressurised inhalation, suspension, 120 dose actuation (GPP)",20240216
1305251,"fluticasone propionate 250 mcg/1 dose + salmeterol 50 mcg/1 dose inhalation powder, pre-dispensed, 1 x 60 dose inhalation, 1 box (GPP)",20240817
1305233,"fluticasone propionate 250 mcg/1 dose + salmeterol 50 mcg/1 dose inhalation powder, pre-dispensed, 60 dose inhalation (GPP)",20240817
1068512,"fluvastatin 80 mg prolonged-release tablet, 14 tablet, 1 blister (GPP)",20190216
1068531,"fluvastatin 80 mg prolonged-release tablet, 28 tablet (2 x 14 tablet blister), 1 box (GPP)",20190216
1262765,"folic acid 400 mcg + potassium iodide 196 mcg film-coated tablet, 30 tablet, 1 bottle (GPP)",20230513
1146266,"folic acid 400 mcg tablet, 200 tablet (1 x 200 tablet bottle), 1 box (GPP)",20200601
1146245,"folic acid 400 mcg tablet, 200 tablet, 1 bottle (GPP)",20200601
1066744,"folic acid 5 mg tablet, 10 tablet, 1 blister (GPP)",20190216
1100444,"folic acid 5 mg tablet, 100 tablet, 1 bottle (GPP)",20190302
1066763,"folic acid 5 mg tablet, 1000 tablet (100 x 10 tablet blister), 1 box (GPP)",20190216
1100463,"folic acid 5 mg tablet, 1000 tablet, 1 bottle (GPP)",20190302
1213474,"folic acid 5 mg tablet, 1000 tablet, jar (GPP)",20241129
1159219,"folic acid 500 mcg tablet, 90 tablet, 1 bottle (GPP)",20200904
1178827,"folic acid 550 mcg + iron 100 mg capsule, hard, 10 capsule, 1 blister (GPP)",20210226
1178843,"folic acid 550 mcg + iron 100 mg capsule, hard, 100 capsule (10 x 10 capsule blister), 1 box (GPP)",20210226
1104034,"folinic acid 100 mg/10 mL solution for injection, 10 mL vial, 1 box (GPP)",20190315
1075112,"folinic acid 15 mg tablet, 10 tablet, 1 blister (GPP)",20190216
1075131,"folinic acid 15 mg tablet, 100 tablet (10 x 10 tablet blister), 1 box (GPP)",20190216
1255842,"folinic acid 300 mg/30 mL solution for injection, 1 x 30 mL vial, 1 box (GPP)",20230217
1255826,"folinic acid 300 mg/30 mL solution for injection, 30 mL vial (GPP)",20230217
1104010,"folinic acid 300 mg/30 mL solution for injection, 30 mL vial, 1 box (GPP)",20190315
1198984,"folinic acid 350 mg/35 mL solution for injection, 10 x 35 mL vial, 1 box (GPP)",20210813
1198966,"folinic acid 350 mg/35 mL solution for injection, 35 mL vial (GPP)",20210813
1191023,"folinic acid 50 mg/5 mL solution for injection, 10 x 5 mL vial, 1 box (GPP)",20210604
1191006,"folinic acid 50 mg/5 mL solution for injection, 5 mL vial (GPP)",20210604
1103997,"folinic acid 50 mg/5 mL solution for injection, 5 mL vial, 1 box (GPP)",20190315
1199077,"folinic acid 500 mg/50 mL solution for injection, 10 x 50 mL vial, 1 box (GPP)",20210813
1199054,"folinic acid 500 mg/50 mL solution for injection, 50 mL vial (GPP)",20210813
1188449,"follitropin alfa 150 iu/0.3 mL solution for injection, 0.3 mL prefilled syr (GPP)",20210429
1188465,"follitropin alfa 150 iu/0.3 mL solution for injection, 1 x 0.3 mL prefilled syr, 1 box (GPP)",20210429
1188483,"follitropin alfa 225 iu/0.45 mL solution for injection, 0.45 mL prefilled syr (GPP)",20210429
1188505,"follitropin alfa 225 iu/0.45 mL solution for injection, 1 x 0.45 mL prefilled syr, 1 box (GPP)",20210429
1162887,"follitropin alfa 300 iu/0.48 mL + lutropin alfa 150 iu/0.48 mL solution for injection, 0.48 mL prefilled pen (GPP)",20201002
1162904,"follitropin alfa 300 iu/0.48 mL + lutropin alfa 150 iu/0.48 mL solution for injection, 1 x 0.48 mL prefilled pen, 1 box (GPP)",20201002
1206333,"follitropin alfa 300 iu/0.6 mL solution for injection, 0.6 mL prefilled syr (GPP)",20211029
1206351,"follitropin alfa 300 iu/0.6 mL solution for injection, 1 x 0.6 mL prefilled syr, 1 box (GPP)",20211029
1162989,"follitropin alfa 450 iu/0.72 mL + lutropin alfa 225 iu/0.72 mL solution for injection, 0.72 mL prefilled pen (GPP)",20201002
1163003,"follitropin alfa 450 iu/0.72 mL + lutropin alfa 225 iu/0.72 mL solution for injection, 1 x 0.72 mL prefilled pen, 1 box (GPP)",20201002
1188408,"follitropin alfa 75 iu/0.15 mL solution for injection, 0.15 mL prefilled syr (GPP)",20210429
1188420,"follitropin alfa 75 iu/0.15 mL solution for injection, 1 x 0.15 mL prefilled syr, 1 box (GPP)",20210429
1163100,"follitropin alfa 900 iu/1.44 mL + lutropin alfa 450 iu/1.44 mL solution for injection, 1 x 1.44 mL prefilled pen, 1 box (GPP)",20201002
1163088,"follitropin alfa 900 iu/1.44 mL + lutropin alfa 450 iu/1.44 mL solution for injection, 1.44 mL prefilled pen (GPP)",20201002
1236358,"follitropin beta 300 iu/0.36 mL solution for injection, 0.36 mL cartridge (GPP)",20220514
1113632,"follitropin beta 300 iu/0.36 mL solution for injection, 1 box (GPP)",20240831
1236336,"follitropin beta 600 iu/0.72 mL solution for injection, 0.72 mL cartridge (GPP)",20220514
1113678,"follitropin beta 600 iu/0.72 mL solution for injection, 1 x 0.72 mL cartridge, 1 box (GPP)",20220514
1220534,"follitropin delta 12 mcg/0.36 mL solution for injection, 0.36 mL prefilled pen (GPP)",20211230
1220552,"follitropin delta 12 mcg/0.36 mL solution for injection, 1 x 0.36 mL prefilled pen, 1 box (GPP)",20211230
1220466,"follitropin delta 36 mcg/1.08 mL solution for injection, 1 x 1.08 mL prefilled pen, 1 box (GPP)",20211230
1220445,"follitropin delta 36 mcg/1.08 mL solution for injection, 1.08 mL prefilled pen (GPP)",20211230
1220373,"follitropin delta 72 mcg/2.16 mL solution for injection, 1 x 2.16 mL prefilled pen, 1 box (GPP)",20211230
1220356,"follitropin delta 72 mcg/2.16 mL solution for injection, 2.16 mL prefilled pen (GPP)",20211230
1102495,"foscarnet sodium 6 g/250 mL solution for infusion, 250 mL vial, 1 box (GPP)",20190315
1170976,"fosfomycin 2 g powder for solution for infusion, 1 vial (1 x 1 vial), 1 box (GPP)",20201217
1170953,"fosfomycin 2 g powder for solution for infusion, 1 vial (GPP)",20201217
1302978,"fosfomycin 3 g granules for oral solution, 1 sachet (1 x 1 sachet), 1 box (GPP)",20240802
1302950,"fosfomycin 3 g granules for oral solution, 1 sachet (GPP)",20240802
1170911,"fosfomycin 4 g powder for solution for infusion, 1 vial (1 x 1 vial), 1 box (GPP)",20201217
1170897,"fosfomycin 4 g powder for solution for infusion, 1 vial (GPP)",20201217
1190387,"fremanezumab 225 mg/1.5 mL solution for injection, 1 x 1.5 mL prefilled pen, 1 box (GPP)",20210604
1190360,"fremanezumab 225 mg/1.5 mL solution for injection, 1.5 mL prefilled pen (GPP)",20210604
1213540,"fructose 5 g/100 mL + glycerol 10 g/100 mL + sodium chloride 900 mg/100 mL solution for infusion, 500 mL vial (GPP)",20211202
1242595,"fulvestrant 250 mg/5 mL solution for injection, 1 x 5 mL prefilled syr, 1 box (GPP)",20220915
1170214,"fulvestrant 250 mg/5 mL solution for injection, 2 prefilled syr, 1 box (GPP)",20241117
1170192,"fulvestrant 250 mg/5 mL solution for injection, 5 mL prefilled syr (GPP)",20201217
1169460,"furazolidone 50 mg/15 mL + kaolin 3 g/15 mL + pectin 75 mg/15 mL oral suspension, 1 x 60 mL bottle, 1 box (GPP)",20201202
1169441,"furazolidone 50 mg/15 mL + kaolin 3 g/15 mL + pectin 75 mg/15 mL oral suspension, 60 mL bottle (GPP)",20201202
1267859,"furosemide 2 mg/1 mL oral suspension, 60 mL bottle (GPP)",20230617
1284118,"furosemide 2 mg/1 mL powder for oral suspension, 60 mL bottle (GPP)",20230918
1242613,"furosemide 20 mg/2 mL solution for injection/infusion, 2 mL ampoule (GPP)",20221104
1242632,"furosemide 20 mg/2 mL solution for injection/infusion, 50 x 2 mL ampoule, 1 box (GPP)",20221104
1246611,"furosemide 250 mg/25 mL solution for injection/infusion, 1 x 25 mL vial, 1 box (GPP)",20221104
1246598,"furosemide 250 mg/25 mL solution for injection/infusion, 25 mL vial (GPP)",20221104
1067332,"furosemide 40 mg tablet, 10 tablet, 1 blister (GPP)",20190216
1115265,"furosemide 40 mg tablet, 100 tablet (10 x 10 tablet blister), 1 box (GPP)",20190614
1067350,"furosemide 40 mg tablet, 1000 tablet (100 x 10 tablet blister), 1 box (GPP)",20190216
1231776,"furosemide 40 mg tablet, 1000 tablet, 1 jar (GPP)",20220413
1312988,"furosemide 40 mg tablet, 500 tablet, bottle (GPP)",20241102
1067313,"furosemide 500 mg tablet, 10 blister, 1 box (GPP)",20250301
1067299,"furosemide 500 mg tablet, 10 tablet, 1 blister (GPP)",20190216
1066548,"fursultiamine 50 mg + riboflavin 5 mg coated tablet, 10 tablet, 1 blister (GPP)",20190216
1066569,"fursultiamine 50 mg + riboflavin 5 mg coated tablet, 100 tablet (10 x 10 tablet blister), 1 box (GPP)",20190216
1047785,"fusidic acid 2 g/100 g cream, 1 x 15 g tube, 1 box (GPP)",20210715
1047763,"fusidic acid 2 g/100 g cream, 1 x 5 g tube, 1 box (GPP)",20210715
1193549,"fusidic acid 2 g/100 g cream, 1 x 5 g tube, 1 tube (GPP)",20250313
1193512,"fusidic acid 2 g/100 g cream, 15 g tube (GPP)",20210715
1077266,"gabapentin 100 mg capsule, hard, 10 capsule, 1 blister (GPP)",20190216
1077284,"gabapentin 100 mg capsule, hard, 100 capsule (10 x 10 capsule blister), 1 box (GPP)",20190216
1053785,"gabapentin 300 mg capsule, hard, 10 capsule, 1 blister (GPP)",20190216
1053802,"gabapentin 300 mg capsule, hard, 100 capsule (10 x 10 capsule blister), 1 box (GPP)",20190216
1181899,"gabapentin 300 mg capsule, hard, 30 capsule (3 x 10 capsule blister), 1 box (GPP)",20210312
1229199,"gabapentin 300 mg capsule, hard, 60 capsule (6 x 10 capsule blister), 1 box (GPP)",20220330
1117153,"gabapentin 300 mg film-coated tablet, 10 tablet, 1 blister (GPP)",20190628
1117176,"gabapentin 300 mg film-coated tablet, 100 tablet (10 x 10 tablet blister), 1 box (GPP)",20190628
1185021,"gabapentin 400 mg capsule, hard, 10 capsule, 1 blister (GPP)",20210331
1185045,"gabapentin 400 mg capsule, hard, 100 capsule (10 x 10 capsule blister), 1 box (GPP)",20210331
1117239,"gabapentin 400 mg film-coated tablet, 10 tablet, 1 blister (GPP)",20190628
1117256,"gabapentin 400 mg film-coated tablet, 100 tablet (10 x 10 tablet blister), 1 box (GPP)",20190628
1076902,"gabapentin 600 mg film-coated tablet, 10 tablet, 1 blister (GPP)",20190216
1076925,"gabapentin 600 mg film-coated tablet, 100 tablet (10 x 10 tablet blister), 1 box (GPP)",20190216
1288191,"gadobutrol 1 mmol/1 mL solution for injection, 1 x 7.5 mL vial, 1 box (GPP)",20231118
1288170,"gadobutrol 1 mmol/1 mL solution for injection, 7.5 mL vial (GPP)",20231118
1139956,"gadoteric acid 10 mmol/20 mL solution for injection, 10 x 20 mL vial, 1 box (GPP)",20200314
1298582,"gadoteric acid 5 mmol/10 mL solution for injection, 1 x 10 mL vial, 1 box (GPP)",20240516
1298569,"gadoteric acid 5 mmol/10 mL solution for injection, 10 mL vial (GPP)",20240516
1139885,"gadoteric acid 5 mmol/10 mL solution for injection, 10 x 10 mL vial, 1 box (GPP)",20200314
1298621,"gadoteric acid 7.5 mmol/15 mL solution for injection, 1 x 15 mL vial, 1 box (GPP)",20240516
1298609,"gadoteric acid 7.5 mmol/15 mL solution for injection, 15 mL vial (GPP)",20240516
1044135,"gadoxetate disodium 1.814 g/10 mL solution for injection, 10 mL prefilled syr, 1 box (GPP)",20181216
1320729,"gadoxetate disodium 1.8143 g/10 mL solution for injection, 1 vial, 1 box (GPP)",20250118
1320701,"gadoxetate disodium 1.8143 g/10 mL solution for injection, 10 mL vial (GPP)",20250118
1258885,"galantamine 16 mg prolonged-release capsule, hard, 14 capsule, 1 blister (GPP)",20230401
1258902,"galantamine 16 mg prolonged-release capsule, hard, 28 capsule (2 x 14 capsule blister), 1 box (GPP)",20230401
1074111,"galantamine 16 mg prolonged-release capsule, hard, 28 capsule (4 x 7 capsule blister), 1 box (GPP)",20190216
1074097,"galantamine 16 mg prolonged-release capsule, hard, 7 capsule, 1 blister (GPP)",20190216
1131577,"galantamine 8 mg prolonged-release capsule, hard, 14 capsule, 1 blister (GPP)",20191115
1131596,"galantamine 8 mg prolonged-release capsule, hard, 28 capsule (2 x 14 capsule blister), 1 box (GPP)",20191115
1074153,"galantamine 8 mg prolonged-release capsule, hard, 28 capsule (4 x 7 capsule blister), 1 box (GPP)",20190216
1074130,"galantamine 8 mg prolonged-release capsule, hard, 7 capsule, 1 blister (GPP)",20190216
1207013,"galcanezumab 120 mg/1 mL solution for injection, 1 mL prefilled pen (GPP)",20211029
1207032,"galcanezumab 120 mg/1 mL solution for injection, 1 x 1 mL prefilled pen, 1 box (GPP)",20211029
1222015,"ganciclovir 2 g/100 g eye drops, solution, 10 mL bottle (GPP)",20220203
1270917,"ganciclovir 20 mg/1 mL ear/eye drops, solution, 10 mL bottle (GPP)",20230617
1180439,"ganciclovir 20 mg/1 mL solution for infusion, 1 mL vial (GPP)",20210312
1267956,"ganciclovir 20 mg/1 mL solution for injection, 0.1 mL prefilled syr (GPP)",20230617
1159578,"ganciclovir 200 mg/100 mL eye gel, 5 g bottle (GPP)",20200904
1151405,"ganciclovir 500 mg powder for concentrate for solution for infusion, 1 vial (1 x 1 vial), 1 box (GPP)",20200705
1151388,"ganciclovir 500 mg powder for concentrate for solution for infusion, 1 vial (GPP)",20200705
1048088,"gefitinib 250 mg film-coated tablet, 10 tablet, 1 blister (GPP)",20181217
1279624,"gefitinib 250 mg film-coated tablet, 14 tablet (1 x 14 tablet blister), 1 box (GPP)",20230805
1279607,"gefitinib 250 mg film-coated tablet, 14 tablet, 1 blister (GPP)",20230805
1048100,"gefitinib 250 mg film-coated tablet, 30 tablet (3 x 10 tablet blister), 1 box (GPP)",20181217
1190872,"gefitinib 250 mg film-coated tablet, 30 tablet (3 x 10 tablet), 1 box (GPP)",20210604
1103085,"gemcitabine 1 g powder for solution for infusion, 1 vial, 1 box (GPP)",20190315
1265504,"gemcitabine 1 g/26.3 mL concentrate for solution for infusion, 1 x 26.3 mL vial, 1 box (GPP)",20230604
1265486,"gemcitabine 1 g/26.3 mL concentrate for solution for infusion, 26.3 mL vial (GPP)",20230604
1265090,"gemcitabine 1.4 g/36.8 mL concentrate for solution for infusion, 1 x 36.8 mL vial, 1 box (GPP)",20230604
1265074,"gemcitabine 1.4 g/36.8 mL concentrate for solution for infusion, 36.8 mL vial (GPP)",20230604
1103102,"gemcitabine 200 mg powder for solution for infusion, 1 vial, 1 box (GPP)",20190315
1265222,"gemcitabine 200 mg/5.26 mL concentrate for solution for infusion, 1 x 5.26 mL vial, 1 box (GPP)",20230604
1265205,"gemcitabine 200 mg/5.26 mL concentrate for solution for infusion, 5.26 mL vial (GPP)",20230604
1046036,"gemfibrozil 300 mg capsule, hard, 10 capsule, 1 blister (GPP)",20181217
1068565,"gemfibrozil 300 mg capsule, hard, 100 capsule (10 x 10 capsule blister), 1 box (GPP)",20190216
1046058,"gemfibrozil 300 mg capsule, hard, 250 capsule (25 x 10 capsule blister), 1 box (GPP)",20181217
1094538,"gemfibrozil 300 mg capsule, hard, 60 capsule (6 x 10 capsule blister), 1 box (GPP)",20190216
1045997,"gemfibrozil 600 mg film-coated tablet, 10 tablet, 1 blister (GPP)",20181217
1068596,"gemfibrozil 600 mg film-coated tablet, 100 tablet (10 x 10 tablet blister), 1 box (GPP)",20190216
1046015,"gemfibrozil 600 mg film-coated tablet, 250 tablet (25 x 10 tablet blister), 1 box (GPP)",20181217
1094442,"gemfibrozil 600 mg tablet, 10 tablet, 1 blister (GPP)",20190216
1094461,"gemfibrozil 600 mg tablet, 60 tablet (6 x 10 tablet blister), 1 box (GPP)",20190216
1094488,"gemfibrozil 900 mg film-coated tablet, 10 tablet, 1 blister (GPP)",20190216
1094501,"gemfibrozil 900 mg film-coated tablet, 30 tablet (3 x 10 tablet blister), 1 box (GPP)",20190216
1100751,"gemifloxacin mesilate 320 mg tablet, 5 tablet (1 x 5 tablet blister), 1 box (GPP)",20190302
1100733,"gemifloxacin mesilate 320 mg tablet, 5 tablet, 1 blister (GPP)",20190302
1245344,"gemigliptin 50 mg + metformin hydrochloride 1 g prolonged-release tablet, 14 tablet, 1 blister (GPP)",20230819
1245363,"gemigliptin 50 mg + metformin hydrochloride 1 g prolonged-release tablet, 28 tablet (2 x 14 tablet blister), 1 box (GPP)",20230819
1092750,"gemigliptin 50 mg film-coated tablet, 14 tablet, 1 blister (GPP)",20190216
1092778,"gemigliptin 50 mg film-coated tablet, 28 tablet (2 x 14 tablet blister), 1 box (GPP)",20190216
1213615,"gentamicin 80 mg/2 mL solution for injection, 100 x 2 mL ampoule, 1 box (GPP)",20211202
1196462,"gentamicin 80 mg/2 mL solution for injection, 2 mL ampoule (GPP)",20210731
1196489,"gentamicin 80 mg/2 mL solution for injection, 50 x 2 mL ampoule, 1 box (GPP)",20210731
1320169,"gentian violet 1 g/100 mL eye drops, solution, 5 mL bottle (GPP)",20250118
1188546,"gentian violet 1 g/100 mL oromucosal solution, 15 mL bottle (GPP)",20210429
1187721,"gentian violet 500 mg/100 mL oromucosal solution, 15 mL bottle (GPP)",20210418
1185447,"gentian violet 500 mg/100 mL oromucosal solution, 30 mL bottle (GPP)",20210331
1200790,"gentian violet 500 mg/100 mL oromucosal solution, 450 mL bottle (GPP)",20210813
1256917,"gilteritinib 40 mg film-coated tablet, 21 tablet, 1 blister (GPP)",20230304
1256938,"gilteritinib 40 mg film-coated tablet, 84 tablet (4 x 21 tablet blister), 1 box (GPP)",20230304
1254818,"ginkgo biloba extract 120 mg capsule, soft, 10 capsule, 1 strip (GPP)",20230217
1254839,"ginkgo biloba extract 120 mg capsule, soft, 30 capsule (3 x 10 capsule strip), 1 box (GPP)",20230217
1075371,"ginkgo biloba extract 120 mg film-coated tablet, 15 tablet, 1 blister (GPP)",20190216
1075392,"ginkgo biloba extract 120 mg film-coated tablet, 30 tablet (2 x 15 tablet blister), 1 box (GPP)",20190216
1131260,"ginkgo biloba extract 40 mg capsule, soft, 30 capsule, 1 bottle (GPP)",20191115
1046234,"ginkgo biloba extract 40 mg capsule, soft, 60 capsule, 1 bottle (GPP)",20181217
1074218,"ginkgo biloba extract 40 mg film-coated tablet, 15 tablet, 1 blister (GPP)",20190216
1074239,"ginkgo biloba extract 40 mg film-coated tablet, 30 tablet (2 x 15 tablet blister), 1 box (GPP)",20190216
1138192,"glatiramer acetate 40 mg/1 mL solution for injection, 12 x 1 mL prefilled pen, 1 box (GPP)",20200227
1092491,"glibenclamide 2.5 mg + metformin hydrochloride 500 mg film-coated tablet, 20 tablet, 1 blister (GPP)",20190216
1092518,"glibenclamide 2.5 mg + metformin hydrochloride 500 mg film-coated tablet, 60 tablet (3 x 20 tablet blister), 1 box (GPP)",20190216
1092539,"glibenclamide 5 mg + metformin hydrochloride 500 mg film-coated tablet, 15 tablet, 1 blister (GPP)",20190216
1092556,"glibenclamide 5 mg + metformin hydrochloride 500 mg film-coated tablet, 60 tablet (4 x 15 tablet blister), 1 box (GPP)",20190216
1058384,"glibenclamide 5 mg tablet, 10 tablet, 1 blister (GPP)",20190216
1079707,"glibenclamide 5 mg tablet, 100 tablet (10 x 10 tablet blister), 1 box (GPP)",20190216
1058402,"glibenclamide 5 mg tablet, 1000 tablet (100 x 10 tablet blister), 1 box (GPP)",20190216
1274784,"glibenclamide 5 mg tablet, 1000 tablet, 1 bottle (GPP)",20230715
1079795,"gliclazide 30 mg modified-release tablet, 10 tablet, 1 blister (GPP)",20190216
1079814,"gliclazide 30 mg modified-release tablet, 30 tablet (3 x 10 tablet blister), 1 box (GPP)",20190216
1048995,"gliclazide 60 mg modified-release tablet, 10 tablet, 1 blister (GPP)",20190103
1049010,"gliclazide 60 mg modified-release tablet, 100 tablet (10 x 10 tablet blister), 1 box (GPP)",20190103
1058460,"gliclazide 60 mg modified-release tablet, 15 tablet, 1 blister (GPP)",20190216
1058487,"gliclazide 60 mg modified-release tablet, 30 tablet (2 x 15 tablet blister), 1 box (GPP)",20190216
1253376,"gliclazide 60 mg modified-release tablet, 30 tablet (3 x 10 tablet blister), 1 box (GPP)",20230203
1117888,"gliclazide 60 mg modified-release tablet, 90 tablet (6 x 15 tablet blister), 1 box (GPP)",20190628
1058500,"gliclazide 80 mg tablet, 10 tablet, 1 blister (GPP)",20190216
1079880,"gliclazide 80 mg tablet, 100 tablet (10 x 10 tablet blister), 1 box (GPP)",20190216
1079851,"gliclazide 80 mg tablet, 100 tablet (5 x 20 tablet blister), 1 box (GPP)",20190216
1079833,"gliclazide 80 mg tablet, 20 tablet, 1 blister (GPP)",20190216
1058528,"gliclazide 80 mg tablet, 500 tablet (50 x 10 tablet blister), 1 box (GPP)",20190216
1055525,"glimepiride 2 mg + metformin hydrochloride 500 mg prolonged-release tablet, 10 tablet, 1 blister (GPP)",20190216
1055541,"glimepiride 2 mg + metformin hydrochloride 500 mg prolonged-release tablet, 30 tablet (3 x 10 tablet blister), 1 box (GPP)",20190216
1055443,"glimepiride 2 mg tablet, 10 tablet, 1 blister (GPP)",20190216
1059942,"glimepiride 2 mg tablet, 10 tablet, 1 strip (GPP)",20190216
1092470,"glimepiride 2 mg tablet, 100 tablet (10 x 10 tablet blister), 1 box (GPP)",20190216
1059961,"glimepiride 2 mg tablet, 100 tablet (10 x 10 tablet strip), 1 box (GPP)",20190216
1079920,"glimepiride 2 mg tablet, 120 tablet (12 x 10 tablet blister), 1 box (GPP)",20190216
1055462,"glimepiride 2 mg tablet, 30 tablet (3 x 10 tablet blister), 1 box (GPP)",20190216
1055489,"glimepiride 3 mg tablet, 10 tablet, 1 blister (GPP)",20190216
1214567,"glimepiride 3 mg tablet, 100 tablet (10 x 10 tablet blister), 1 box (GPP)",20211202
1055502,"glimepiride 3 mg tablet, 120 tablet (12 x 10 tablet blister), 1 box (GPP)",20190216
1092443,"glimepiride 3 mg tablet, 30 tablet (3 x 10 tablet blister), 1 box (GPP)",20190216
1058425,"glimepiride 4 mg tablet, 10 tablet, 1 blister (GPP)",20190216
1058441,"glimepiride 4 mg tablet, 100 tablet (10 x 10 tablet blister), 1 box (GPP)",20190216
1171494,"glipizide 5 mg tablet, 10 tablet, 1 blister (GPP)",20201230
1063037,"glipizide 5 mg tablet, 15 tablet, 1 blister (GPP)",20190216
1063059,"glipizide 5 mg tablet, 1500 tablet (100 x 15 tablet blister), 1 box (GPP)",20190216
1079776,"glipizide 5 mg tablet, 30 tablet (2 x 15 tablet blister), 1 box (GPP)",20190216
1171516,"glipizide 5 mg tablet, 500 tablet (50 x 10 tablet blister), 1 box (GPP)",20201230
1184123,"glucosamine sulfate 1.5 g/3.95 g powder for oral solution, 3.95 g sachet (GPP)",20210331
1100039,"glucosamine sulfate 1.5 g/3.95 g powder for oral solution, 30 x 3.95 g sachet, 1 box (GPP)",20210331
1051203,"glucosamine sulfate 400 mg capsule, hard, 90 capsule, 1 bottle (GPP)",20190120
1148347,"glucosamine sulfate 500 mg capsule, hard, 100 capsule (1 x 100 capsule bottle), 1 box (GPP)",20200614
1148323,"glucosamine sulfate 500 mg capsule, hard, 100 capsule, 1 bottle (GPP)",20200614
1148381,"glucosamine sulfate 500 mg capsule, hard, 12 capsule, 1 bottle (GPP)",20200614
1148368,"glucosamine sulfate 500 mg capsule, hard, 50 capsule, 1 bottle (GPP)",20200614
1184152,"glucosamine sulfate 500 mg film-coated tablet, 10 tablet, 1 blister (GPP)",20210331
1184175,"glucosamine sulfate 500 mg film-coated tablet, 100 tablet (10 x 10 tablet blister), 1 box (GPP)",20210331
1204158,"glycerol 1.365 g suppository, 10 suppository (2 x 5 suppository strip), 1 box (GPP)",20211014
1204136,"glycerol 1.365 g suppository, 5 suppository, 1 strip (GPP)",20211014
1153301,"glycerol 100 mL/100 mL oral liquid, 20 mL bottle (GPP)",20200719
1204094,"glycerol 2.32 g suppository, 10 suppository (2 x 5 suppository strip), 1 box (GPP)",20211017
1204073,"glycerol 2.32 g suppository, 5 suppository, 1 strip (GPP)",20211017
1210428,"glycerol 30 mL/100 mL + sodium bicarbonate 2.5 g/100 mL ear drops, solution, 10 mL bottle (GPP)",20211110
1270964,"glycerol 50 g/100 mL oral solution, 240 mL bottle (GPP)",20230617
1267994,"glycerol 50 g/100 mL oral solution, 60 mL bottle (GPP)",20230617
1173017,"glycerol 99 g/100 mL + lidocaine hydrochloride 1 g/100 mL oromucosal drops, 30 mL bottle (GPP)",20210129
1259809,"glycerol 99.5 g/100 mL oral solution, 120 mL bottle (GPP)",20230401
1284555,"glyceryl trinitrate 25 mg/5 mL concentrate for solution for infusion, 5 mL ampoule (GPP)",20231001
1284572,"glyceryl trinitrate 25 mg/5 mL concentrate for solution for infusion, 5 x 5 mL ampoule, 1 box (GPP)",20231001
1230660,"glyceryl trinitrate 5 mg/24 hr transdermal patch, 1 patch (GPP)",20220330
1230687,"glyceryl trinitrate 5 mg/24 hr transdermal patch, 10 patch (10 x 1 patch), 1 box (GPP)",20220330
1284398,"glyceryl trinitrate 50 mg/10 mL concentrate for solution for infusion, 10 mL ampoule (GPP)",20231001
1284419,"glyceryl trinitrate 50 mg/10 mL concentrate for solution for infusion, 5 x 10 mL ampoule, 1 box (GPP)",20231001
1191340,"glycopyrronium 50 mcg + indacaterol 110 mcg inhalation powder, hard capsule, 10 capsule, 1 blister (GPP)",20210604
1191364,"glycopyrronium 50 mcg + indacaterol 110 mcg inhalation powder, hard capsule, 30 capsule (3 x 10 capsule blister), 1 box (GPP)",20210604
1199357,"glycopyrronium bromide 200 mcg/1 mL solution for injection, 1 mL ampoule (GPP)",20210813
1199374,"glycopyrronium bromide 200 mcg/1 mL solution for injection, 10 x 1 mL ampoule, 1 box (GPP)",20210813
1303290,"glycyrrhiza 0.5 mL/5 mL + potassium guaiacolsulfonate 100 mg/5 mL + sodium citrate dihydrate 100 mg/5 mL oral solution, 180 mL bottle (GPP)",20240802
1052074,"golimumab 100 mg/1 mL solution for injection, 1 mL prefilled pen, 1 box (GPP)",20190203
1252552,"golimumab 45 mg/0.45 mL solution for injection, 0.45 mL prefilled pen (GPP)",20230113
1252575,"golimumab 45 mg/0.45 mL solution for injection, 1 x 0.45 mL prefilled pen, 1 box (GPP)",20230113
1247638,"golimumab 50 mg/0.5 mL solution for injection, 0.5 mL prefilled pen (GPP)",20221112
1247655,"golimumab 50 mg/0.5 mL solution for injection, 1 x 0.5 mL prefilled pen, 1 box (GPP)",20221112
1249898,"golimumab 50 mg/4 mL solution for injection, 1 x 4 mL vial, 1 box (GPP)",20221202
1249879,"golimumab 50 mg/4 mL solution for injection, 4 mL vial (GPP)",20221202
1103627,"goserelin 10.8 mg implant, 1 prefilled syr, 1 box (GPP)",20190315
1317436,"gramicidin 2.5 mg/100 mL + neomycin 175 mg/100 mL + polymyxin B 500000 iu/100 mL eye drops, solution, 1 bottle, 1 box (GPP)",20241215
1317415,"gramicidin 2.5 mg/100 mL + neomycin 175 mg/100 mL + polymyxin B 500000 iu/100 mL eye drops, solution, 5 mL bottle (GPP)",20241215
1272250,"gramicidin 250 mcg/1 g + neomycin 2.5 mg/1 g + nystatin 100000 iu/1 g + triamcinolone acetonide 1 mg/1 g cream, 1 x 15 g tube, 1 box (GPP)",20230701
1272232,"gramicidin 250 mcg/1 g + neomycin 2.5 mg/1 g + nystatin 100000 iu/1 g + triamcinolone acetonide 1 mg/1 g cream, 15 g tube (GPP)",20230701
1102513,"green pit viper antivenin 700 mcg powder and solvent for solution for injection, 1 vial, 1 box (GPP)",20190315
1094796,"griseofulvin 500 mg tablet, 100 tablet, 1 bottle (GPP)",20190216
1094777,"griseofulvin 500 mg tablet, 500 tablet, 1 bottle (GPP)",20190216
1217456,"guaifenesin 100 mg + terbutaline sulfate 2.5 mg tablet, 10 tablet, 1 blister (GPP)",20211202
1217473,"guaifenesin 100 mg + terbutaline sulfate 2.5 mg tablet, 100 tablet (10 x 10 tablet blister), 1 box (GPP)",20211202
1228160,"guaifenesin 100 mg + terbutaline sulfate 2.5 mg tablet, 1000 tablet, 1 jar (GPP)",20220330
1228141,"guaifenesin 100 mg + terbutaline sulfate 2.5 mg tablet, 500 tablet (50 x 10 tablet blister), 1 box (GPP)",20220330
1224602,"guaifenesin 100 mg tablet, 10 tablet, 1 blister (GPP)",20220303
1224562,"guaifenesin 100 mg tablet, 1000 tablet, 1 bottle (GPP)",20220303
1224589,"guaifenesin 100 mg tablet, 50000 tablet (50 x 1000 tablet blister), 1 box (GPP)",20220303
1224625,"guaifenesin 100 mg/5 mL syrup, 60 mL bottle (GPP)",20220303
1235873,"guaifenesin 200 mg tablet, 500 tablet, 1 bottle (GPP)",20220514
1211504,"guaifenesin 30 mg/5 mL + theophylline 50 mg/5 mL syrup, 1 x 60 mL bottle, 1 box (GPP)",20211202
1211486,"guaifenesin 30 mg/5 mL + theophylline 50 mg/5 mL syrup, 60 mL bottle (GPP)",20211202
1314388,"guaifenesin 50 mg/5 mL syrup, 120 mL bottle (GPP)",20241117
1184841,"guaifenesin 66.5 mg/5 mL + terbutaline sulfate 1.5 mg/5 mL oral suspension, 60 mL bottle (GPP)",20210331
1166227,"guaifenesin 66.5 mg/5 mL + terbutaline sulfate 1.5 mg/5 mL syrup, 1 x 60 mL bottle, 1 box (GPP)",20201114
1166204,"guaifenesin 66.5 mg/5 mL + terbutaline sulfate 1.5 mg/5 mL syrup, 60 mL bottle (GPP)",20201114
1177063,"guselkumab 100 mg/1 mL solution for injection, 1 mL prefilled pen (GPP)",20210211
1114485,"guselkumab 100 mg/1 mL solution for injection, 1 mL prefilled syr, 1 box (GPP)",20190531
1177085,"guselkumab 100 mg/1 mL solution for injection, 1 x 1 mL prefilled pen, 1 box (GPP)",20210211
1102675,"haemophilus influenzae type b vaccine 10 mcg + tetanus toxoid 30 mcg powder and solvent for suspension for injection, 1 vial, 1 box (GPP)",20190315
1103921,"haloperidol 100 mg/2 mL solution for injection, 1 x 2 mL ampoule, 1 box (GPP)",20211202
1213731,"haloperidol 100 mg/2 mL solution for injection, 2 mL ampoule (GPP)",20211202
1075929,"haloperidol 2 mg coated tablet, 1000 tablet, 1 bottle (GPP)",20190216
1308040,"haloperidol 2 mg tablet, 1000 tablet, bottle (GPP)",20240913
1075843,"haloperidol 5 mg tablet, 10 tablet, 1 blister (GPP)",20190216
1310949,"haloperidol 5 mg tablet, 1000 tablet, bottle (GPP)",20241005
1075862,"haloperidol 5 mg tablet, 500 tablet (50 x 10 tablet blister), 1 box (GPP)",20190216
1213670,"haloperidol 5 mg tablet, 500 tablet (50 x 10 tablet), 1 blister (GPP)",20211202
1213691,"haloperidol 5 mg/1 mL solution for injection, 1 mL ampoule (GPP)",20211202
1103909,"haloperidol 5 mg/1 mL solution for injection, 50 x 1 mL ampoule, 1 box (GPP)",20211202
1213712,"haloperidol 50 mg/1 mL solution for injection, 1 mL ampoule (GPP)",20211202
1103881,"haloperidol 50 mg/1 mL solution for injection, 1 x 1 mL ampoule, 1 box (GPP)",20211202
1075940,"haloperidol 500 mcg tablet, 1000 tablet, 1 bottle (GPP)",20190216
1137012,"heparin sodium 25000 iu/5 mL solution for injection, 25 x 5 mL vial, 1 box (GPP)",20200213
1128792,"hepatitis A virus vaccine 1440 iu/1 mL suspension for injection, 1 mL prefilled syr, 1 box (GPP)",20191019
1102940,"hepatitis A virus vaccine 1440 iu/1 mL suspension for injection, 1 mL vial, 1 box (GPP)",20190315
1102889,"hepatitis A virus vaccine 160 iu/0.5 mL suspension for injection, 0.5 mL prefilled syr, 1 box (GPP)",20190315
1128958,"hepatitis A virus vaccine 250 iu/0.5 mL suspension for injection, 0.5 mL vial, 1 box (GPP)",20191019
1128841,"hepatitis A virus vaccine 720 iu/0.5 mL suspension for injection, 0.5 mL prefilled syr, 1 box (GPP)",20191019
1102901,"hepatitis A virus vaccine 720 iu/0.5 mL suspension for injection, 0.5 mL vial, 1 box (GPP)",20190315
1102964,"hepatitis A virus vaccine 720 iu/1 mL + hepatitis B virus vaccine 20 mcg/1 mL suspension for injection, 1 mL prefilled syr, 1 box (GPP)",20190315
1102929,"hepatitis A virus vaccine 80 iu/0.5 mL suspension for injection, 0.5 mL prefilled syr, 1 box (GPP)",20190315
1226470,"hepatitis B surface antigen immunoglobulin 180 iu/1 mL solution for injection, 1 mL vial (GPP)",20220316
1102634,"hepatitis B surface antigen immunoglobulin 180 iu/1 mL solution for injection, 1 x 1 mL vial, 1 box (GPP)",20220316
1102652,"hepatitis B surface antigen immunoglobulin 180 iu/1 mL solution for injection, 3 mL vial, 1 box (GPP)",20190315
1128744,"hepatitis B virus vaccine 10 mcg/0.5 mL suspension for injection, 0.5 mL prefilled syr, 1 box (GPP)",20191019
1159610,"hepatitis B virus vaccine 10 mcg/0.5 mL suspension for injection, 0.5 mL vial (GPP)",20220730
1102862,"hepatitis B virus vaccine 10 mcg/0.5 mL suspension for injection, 1 x 0.5 mL vial, 1 box (GPP)",20220730
1128697,"hepatitis B virus vaccine 20 mcg/1 mL suspension for injection, 1 mL prefilled syr, 1 box (GPP)",20191019
1240305,"hepatitis B virus vaccine 20 mcg/1 mL suspension for injection, 1 mL vial (GPP)",20220730
1102843,"hepatitis B virus vaccine 20 mcg/1 mL suspension for injection, 1 x 1 mL vial, 1 box (GPP)",20220730
1289862,"highly purified human menopausal gonadotropin 75 iu powder and solvent for solution for injection, 1 vial (1 x 1 vial), 1 box (GPP)",20231228
1289843,"highly purified human menopausal gonadotropin 75 iu powder and solvent for solution for injection, 1 vial (GPP)",20231228
1296762,"histamine 10 mg/1 mL solution for skin-prick test, 1 x 5 mL bottle, 1 box (GPP)",20240412
1296743,"histamine 10 mg/1 mL solution for skin-prick test, 5 mL bottle (GPP)",20240412
1304592,"human anti-d immunoglobulin 300 mcg/2 mL solution for injection, 1 x 2 mL prefilled syr, 1 box (GPP)",20240817
1304571,"human anti-d immunoglobulin 300 mcg/2 mL solution for injection, 2 mL prefilled syr (GPP)",20240817
1200551,"human hepatitis B immunoglobulin 500 iu powder and solvent for solution for infusion, 1 vial (1 x 1 vial), 1 box (GPP)",20210813
1200533,"human hepatitis B immunoglobulin 500 iu powder and solvent for solution for infusion, 1 vial (GPP)",20210813
1226518,"human menopausal gonadotropin 1200 iu powder and solvent for solution for injection, 1 vial (1 x 1 vial), 1 box (GPP)",20220316
1226491,"human menopausal gonadotropin 1200 iu powder and solvent for solution for injection, 1 vial (GPP)",20220316
1208898,"human menopausal gonadotropin 150 iu powder for solution for injection, 1 vial (1 x 1 vial), 1 box (GPP)",20211110
1208879,"human menopausal gonadotropin 150 iu powder for solution for injection, 1 vial (GPP)",20211110
1233979,"human menopausal gonadotropin 600 iu powder and solvent for solution for injection, 1 vial (1 x 1 vial), 1 box (GPP)",20220428
1233951,"human menopausal gonadotropin 600 iu powder and solvent for solution for injection, 1 vial (GPP)",20220428
1242737,"human menopausal gonadotropin 75 iu powder and solvent for solution for injection, 1 vial (GPP)",20220915
1242759,"human menopausal gonadotropin 75 iu powder and solvent for solution for injection, 10 vial (10 x 1 vial), 1 box (GPP)",20220915
1208851,"human menopausal gonadotropin 75 iu powder for solution for injection, 1 vial (1 x 1 vial), 1 box (GPP)",20211110
1208833,"human menopausal gonadotropin 75 iu powder for solution for injection, 1 vial (GPP)",20211110
1102610,"human normal immunoglobulin 10 g/100 mL solution for infusion, 100 mL vial, 1 box (GPP)",20190315
1102597,"human normal immunoglobulin 2.5 g/25 mL solution for infusion, 25 mL vial, 1 box (GPP)",20190315
1326308,"human normal immunoglobulin 2.5 g/50 mL solution for infusion (invalid), 1 x 50 mL vial, 1 box (GPP)",20250313
1326280,"human normal immunoglobulin 2.5 g/50 mL solution for infusion (invalid), 1 x 50 mL vial, 1 vial (GPP)",20250313
1106678,"human normal immunoglobulin 4 g/20 mL solution for infusion, 20 mL vial, 1 box (GPP)",20190411
1175684,"human normal immunoglobulin 5 g/100 mL solution for infusion, 1 x 100 mL vial, 1 box (GPP)",20210211
1175666,"human normal immunoglobulin 5 g/100 mL solution for infusion, 100 mL vial (GPP)",20210211
1102578,"human normal immunoglobulin 500 mg/10 mL solution for infusion, 1 x 10 mL vial, 1 box (GPP)",20250313
1326171,"human normal immunoglobulin 500 mg/10 mL solution for infusion, 1 x 10 mL vial, 1 vial (GPP)",20250313
1139372,"human rotavirus, live attenuated 398107.17 FFU powder and solvent for oral solution, 2.5 mL vial, 1 box (GPP)",20200227
1226381,"human serum albumin 20 g/100 mL solution for infusion, 1 x 50 mL bag, 1 box (GPP)",20220316
1261048,"human serum albumin 20 g/100 mL solution for infusion, 1 x 50 mL vial, 1 box (GPP)",20230412
1261024,"human serum albumin 20 g/100 mL solution for infusion, 1 x 50 mL vial, 1 vial (GPP)",20250313
1226368,"human serum albumin 20 g/100 mL solution for infusion, 50 mL bag (GPP)",20220316
1317980,"human-bovine rotavirus type G1 (live, attenuated) 1 x 10 5.6 FFU/2 mL + human-bovine rotavirus type G2 (live, attenuated) 1 x 10 5.6 FFU/2 mL + human-bovine rotavirus type G3 (live, attenuated) 1 x 10 5.6 FFU/2 mL + human-bovine rotavirus type G4 (live, attenuated) 1 x 10 5.6 FFU/2 mL + human-bovine rotavirus type G9 (live, attenuated) 1 x 10 5.6 FFU/2 mL oral liquid, 2 mL unit dose (GPP)",20241215
1318006,"human-bovine rotavirus type G1 (live, attenuated) 1 x 10 5.6 FFU/2 mL + human-bovine rotavirus type G2 (live, attenuated) 1 x 10 5.6 FFU/2 mL + human-bovine rotavirus type G3 (live, attenuated) 1 x 10 5.6 FFU/2 mL + human-bovine rotavirus type G4 (live, attenuated) 1 x 10 5.6 FFU/2 mL + human-bovine rotavirus type G9 (live, attenuated) 1 x 10 5.6 FFU/2 mL oral liquid, 50 unit dose, 1 box (GPP)",20241215
1306311,"hyaluronate sodium 1.4 mg/0.5 mL eye drops, solution, 1 box (GPP)",20240831
1306297,"hyaluronate sodium 1.4 mg/0.5 mL eye drops, solution, 20 x 0.5 mL unit dose, 1 (GPP)",20240831
1215696,"hyaluronate sodium 10 mg/1 mL solution for injection, 1 mL prefilled syr (GPP)",20211202
1120637,"hyaluronate sodium 10 mg/1 mL solution for injection, 1 x 1 mL prefilled syr, 1 box (GPP)",20211202
1186033,"hyaluronate sodium 100 mg/100 mL eye drops, solution, 1 x 10 mL bottle, 1 box (GPP)",20210418
1186014,"hyaluronate sodium 100 mg/100 mL eye drops, solution, 10 mL bottle (GPP)",20210418
1218549,"hyaluronate sodium 180 mg/100 mL eye drops, solution, 0.3 mL unit dose (GPP)",20211202
1238344,"hyaluronate sodium 180 mg/100 mL eye drops, solution, 0.45 mL unit dose (GPP)",20220618
1280596,"hyaluronate sodium 180 mg/100 mL eye drops, solution, 1 x 10 mL bottle, 1 box (GPP)",20230819
1280577,"hyaluronate sodium 180 mg/100 mL eye drops, solution, 10 mL bottle (GPP)",20230819
1218583,"hyaluronate sodium 180 mg/100 mL eye drops, solution, 20 x 0.3 mL unit dose, 1 box (GPP)",20211202
1256634,"hyaluronate sodium 180 mg/100 mL eye drops, solution, 20 x 0.45 mL unit dose, 1 box (GPP)",20230304
1218565,"hyaluronate sodium 180 mg/100 mL eye drops, solution, 60 x 0.3 mL unit dose, 1 box (GPP)",20211202
1238363,"hyaluronate sodium 180 mg/100 mL eye drops, solution, 60 x 0.45 mL unit dose, 1 box (GPP)",20220618
1050774,"hyaluronate sodium 20 mg/2 mL solution for injection, 1 x 2 mL prefilled syr, 1 box (GPP)",20211202
1206419,"hyaluronate sodium 20 mg/2 mL solution for injection, 2 mL prefilled syr (GPP)",20211029
1044830,"hyaluronate sodium 20 mg/2 mL solution for injection, 3 x 2 mL prefilled syr, 1 box (GPP)",20211029
1143634,"hyaluronate sodium 200 mg/100 mL eye drops, solution, 10 mL bottle, 1 box (GPP)",20200415
1154913,"hyaluronate sodium 300 mg/100 mL eye drops, solution, 0.4 mL unit dose (GPP)",20200801
1154932,"hyaluronate sodium 300 mg/100 mL eye drops, solution, 100 x 0.4 mL unit dose, 1 box (GPP)",20200801
1262224,"hyaluronate sodium 40 mg/2 mL solution for injection, 1 x 2 mL prefilled syr, 1 box (GPP)",20230428
1262207,"hyaluronate sodium 40 mg/2 mL solution for injection, 2 mL prefilled syr (GPP)",20230428
1103777,"hyaluronate sodium 60 mg/6 mL solution for injection, 1 x 6 mL prefilled syr, 1 box (GPP)",20230304
1256827,"hyaluronate sodium 60 mg/6 mL solution for injection, 6 mL prefilled syr (GPP)",20230304
1122273,"hyaluronic acid 20 mg/1 mL + lidocaine hydrochloride 3 mg/1 mL gel for injection, 1 mL prefilled syr, 1 box (GPP)",20190815
1223857,"hydralazine hydrochloride 10 mg film-coated tablet, 10 tablet, 1 blister (GPP)",20220303
1223874,"hydralazine hydrochloride 10 mg film-coated tablet, 500 tablet (50 x 10 tablet blister), 1 box (GPP)",20220303
1093113,"hydralazine hydrochloride 25 mg coated tablet, 10 tablet, 1 blister (GPP)",20190216
1093132,"hydralazine hydrochloride 25 mg coated tablet, 30 tablet (3 x 10 tablet blister), 1 box (GPP)",20190216
1067140,"hydralazine hydrochloride 25 mg film-coated tablet, 10 tablet, 1 blister (GPP)",20190216
1067164,"hydralazine hydrochloride 25 mg film-coated tablet, 500 tablet (50 x 10 tablet blister), 1 box (GPP)",20190216
1165972,"hydralazine hydrochloride 25 mg film-coated tablet, 500 tablet, 1 jar (GPP)",20201030
1165993,"hydralazine hydrochloride 25 mg film-coated tablet, 5000 tablet (10 x 500 tablet blister), 1 box (GPP)",20201030
1067186,"hydralazine hydrochloride 50 mg coated tablet, 10 tablet, 1 blister (GPP)",20190216
1067206,"hydralazine hydrochloride 50 mg coated tablet, 500 tablet (50 x 10 tablet blister), 1 box (GPP)",20190216
1175357,"hydralazine hydrochloride 50 mg film-coated tablet, 10 tablet, blister (GPP)",20241018
1175374,"hydralazine hydrochloride 50 mg film-coated tablet, 50 blister, 1 box (GPP)",20241018
1153859,"hydrochlorothiazide 10 mg/1 mL oral suspension, 30 mL bottle (GPP)",20200719
1094322,"hydrochlorothiazide 12.5 mg + irbesartan 150 mg film-coated tablet, 14 tablet, 1 blister (GPP)",20190216
1094346,"hydrochlorothiazide 12.5 mg + irbesartan 150 mg film-coated tablet, 28 tablet (2 x 14 tablet blister), 1 box (GPP)",20190216
1094367,"hydrochlorothiazide 12.5 mg + irbesartan 300 mg film-coated tablet, 14 tablet, 1 blister (GPP)",20190216
1094380,"hydrochlorothiazide 12.5 mg + irbesartan 300 mg film-coated tablet, 28 tablet (2 x 14 tablet blister), 1 box (GPP)",20190216
1094248,"hydrochlorothiazide 12.5 mg + losartan potassium 100 mg film-coated tablet, 10 tablet, 1 blister (GPP)",20190216
1094269,"hydrochlorothiazide 12.5 mg + losartan potassium 100 mg film-coated tablet, 30 tablet (3 x 10 tablet blister), 1 box (GPP)",20190216
1094207,"hydrochlorothiazide 12.5 mg + losartan potassium 50 mg film-coated tablet, 15 tablet, 1 blister (GPP)",20190216
1094224,"hydrochlorothiazide 12.5 mg + losartan potassium 50 mg film-coated tablet, 30 tablet (2 x 15 tablet blister), 1 box (GPP)",20190216
1302572,"hydrochlorothiazide 12.5 mg + telmisartan 40 mg tablet, 10 tablet blister (GPP)",20240714
1302593,"hydrochlorothiazide 12.5 mg + telmisartan 40 mg tablet, 30 tablet (3 x 10 tablet blister), 1 box (GPP)",20240714
1302517,"hydrochlorothiazide 12.5 mg + telmisartan 80 mg tablet, 10 tablet blister (GPP)",20240714
1302538,"hydrochlorothiazide 12.5 mg + telmisartan 80 mg tablet, 30 tablet (3 x 10 tablet blister), 1 box (GPP)",20240714
1068434,"hydrochlorothiazide 12.5 mg + valsartan 80 mg film-coated tablet, 14 tablet, 1 blister (GPP)",20190216
1068452,"hydrochlorothiazide 12.5 mg + valsartan 80 mg film-coated tablet, 28 tablet (2 x 14 tablet blister), 1 box (GPP)",20190216
1255937,"hydrochlorothiazide 2 mg/1 mL oral suspension, 60 mL bottle (GPP)",20230217
1094403,"hydrochlorothiazide 25 mg + irbesartan 300 mg film-coated tablet, 14 tablet, 1 blister (GPP)",20190216
1094426,"hydrochlorothiazide 25 mg + irbesartan 300 mg film-coated tablet, 28 tablet (2 x 14 tablet blister), 1 box (GPP)",20190216
1094282,"hydrochlorothiazide 25 mg + losartan potassium 100 mg film-coated tablet, 10 tablet, 1 blister (GPP)",20190216
1094305,"hydrochlorothiazide 25 mg + losartan potassium 100 mg film-coated tablet, 30 tablet (3 x 10 tablet blister), 1 box (GPP)",20190216
1094044,"hydrochlorothiazide 25 mg + ramipril 5 mg tablet, 14 tablet, 1 blister (GPP)",20190216
1094063,"hydrochlorothiazide 25 mg + ramipril 5 mg tablet, 28 tablet (2 x 14 tablet blister), 1 box (GPP)",20190216
1068475,"hydrochlorothiazide 25 mg + valsartan 160 mg film-coated tablet, 14 tablet, 1 blister (GPP)",20190216
1068499,"hydrochlorothiazide 25 mg + valsartan 160 mg film-coated tablet, 28 tablet (2 x 14 tablet blister), 1 box (GPP)",20190216
1208635,"hydrochlorothiazide 25 mg tablet, 10 tablet, 1 (GPP)",20211110
1093262,"hydrochlorothiazide 25 mg tablet, 10 tablet, 1 blister (GPP)",20190216
1093243,"hydrochlorothiazide 25 mg tablet, 10 tablet, 1 strip (GPP)",20190216
1093289,"hydrochlorothiazide 25 mg tablet, 500 tablet (50 x 10 tablet blister), 1 box (GPP)",20190216
1169688,"hydrochlorothiazide 25 mg tablet, 500 tablet (50 x 10 tablet strip), 1 box (GPP)",20201202
1242650,"hydrochlorothiazide 50 mg tablet, 10 tablet, 1 blister (GPP)",20220915
1169707,"hydrochlorothiazide 50 mg tablet, 10 tablet, 1 strip (GPP)",20201202
1169724,"hydrochlorothiazide 50 mg tablet, 500 tablet (50 x 10 tablet strip), 1 box (GPP)",20201202
1206490,"hydrocortisone 1 g/100 g cream, 1 x 5 g tube, 1 box (GPP)",20211029
1206474,"hydrocortisone 1 g/100 g cream, 5 g tube (GPP)",20211029
1057874,"hydrocortisone 10 mg tablet, 100 tablet, 1 bottle (GPP)",20190216
1171846,"hydrocortisone 100 mg powder for solution for injection, 1 vial (1 x 1 vial), 1 box (GPP)",20210113
1171822,"hydrocortisone 100 mg powder for solution for injection, 1 vial (GPP)",20210113
1264920,"hydrocortisone 100 mg powder for solution for injection, 25 vial (25 x 1 vial), 1 box (GPP)",20230604
1268296,"hydrocortisone 2 mg/1 mL oral suspension, 30 mL bottle (GPP)",20230617
1319088,"hydrogen peroxide 1.5 mL/100 mL gargle/mouthwash, 250 mL bottle (GPP)",20241225
1185971,"hydrogen peroxide 3 g/100 mL cutaneous solution, 1 x 60 mL bottle, 1 box (GPP)",20210418
1185937,"hydrogen peroxide 3 g/100 mL cutaneous solution, 30 mL bottle (GPP)",20210418
1185992,"hydrogen peroxide 3 g/100 mL cutaneous solution, 450 mL bottle (GPP)",20210418
1185959,"hydrogen peroxide 3 g/100 mL cutaneous solution, 60 mL bottle (GPP)",20210418
1273394,"hydroxocobalamin 5 mg/2 mL solution for injection, 100 x 2 mL ampoule, 1 box (GPP)",20230715
1273373,"hydroxocobalamin 5 mg/2 mL solution for injection, 2 mL ampoule (GPP)",20230715
1268436,"hydroxycarbamide 100 mg/1 mL oral suspension, 30 mL bottle (GPP)",20230617
1166386,"hydroxycarbamide 500 mg capsule, hard, 1 box (GPP)",20240831
1166364,"hydroxycarbamide 500 mg capsule, hard, 10 capsule, blister (GPP)",20240831
1068992,"hydroxycarbamide 500 mg capsule, hard, 100 capsule (1 x 100 capsule bottle), 1 box (GPP)",20190216
1068971,"hydroxycarbamide 500 mg capsule, hard, 100 capsule, 1 bottle (GPP)",20190216
1268368,"hydroxychloroquine sulfate 20 mg/1 mL oral suspension, 30 mL bottle (GPP)",20230617
1243845,"hydroxychloroquine sulfate 200 mg film-coated tablet, 10 blister, 1 box (GPP)",20241117
1243821,"hydroxychloroquine sulfate 200 mg film-coated tablet, 10 tablet, blister (GPP)",20241117
1226600,"hydroxychloroquine sulfate 200 mg film-coated tablet, 60 tablet, 1 blister (GPP)",20220316
1181997,"hydroxyzine hydrochloride 10 mg film-coated tablet, 10 tablet, 1 blister (GPP)",20210312
1182011,"hydroxyzine hydrochloride 10 mg film-coated tablet, 1000 tablet (100 x 10 tablet blister), 1 box (GPP)",20210312
1213847,"hydroxyzine hydrochloride 10 mg/5 mL syrup, 1 x 30 mL bottle, 1 box (GPP)",20211202
1132485,"hydroxyzine hydrochloride 10 mg/5 mL syrup, 1 x 60 mL bottle, 1 box (GPP)",20201202
1213823,"hydroxyzine hydrochloride 10 mg/5 mL syrup, 30 mL bottle (GPP)",20211202
1132503,"hydroxyzine hydrochloride 10 mg/5 mL syrup, 60 mL bottle (GPP)",20201202
1056643,"hyoscine butylbromide 10 mg coated tablet, 10 tablet, 1 blister (GPP)",20190216
1056662,"hyoscine butylbromide 10 mg coated tablet, 100 tablet (10 x 10 tablet blister), 1 box (GPP)",20190216
1158746,"hyoscine butylbromide 10 mg film-coated tablet, 10 tablet, 1 blister (GPP)",20200815
1212108,"hyoscine butylbromide 10 mg film-coated tablet, 1000 tablet (100 x 10 tablet blister), 1 box (GPP)",20211202
1158722,"hyoscine butylbromide 10 mg film-coated tablet, 25000 tablet (50 x 500 tablet blister), 1, 25000 tablet (50 x 500 tablet blister), 1 box (GPP)",20221112
1292857,"hyoscine butylbromide 10 mg film-coated tablet, 500 tablet (50 x 10 tablet blister), 1 box (GPP)",20240313
1158705,"hyoscine butylbromide 10 mg film-coated tablet, 500 tablet, 1 bottle (GPP)",20200815
1047077,"hyoscine butylbromide 10 mg tablet, 10 tablet, 1 strip (GPP)",20181217
1047096,"hyoscine butylbromide 10 mg tablet, 1000 tablet (100 x 10 tablet strip), 1 box (GPP)",20181217
1275092,"hyoscine butylbromide 20 mg/1 mL solution for injection, 1 mL ampoule (GPP)",20230715
1275118,"hyoscine butylbromide 20 mg/1 mL solution for injection, 50 ampoule, 1 box (GPP)",20250118
1206765,"hypromellose 300 mg/100 mL eye drops, solution, 0.8 mL unit dose (GPP)",20211029
1046753,"hypromellose 300 mg/100 mL eye drops, solution, 1 x 10 mL bottle, 1 box (GPP)",20200705
1149434,"hypromellose 300 mg/100 mL eye drops, solution, 10 mL bottle (GPP)",20200705
1206783,"hypromellose 300 mg/100 mL eye drops, solution, 28 x 0.8 mL unit dose, 1 box (GPP)",20211029
1224976,"hypromellose 500 mg/100 mL eye drops, solution, 1 x 10 mL bottle, 1 box (GPP)",20220303
1224953,"hypromellose 500 mg/100 mL eye drops, solution, 10 mL bottle (GPP)",20220303
1070909,"ibandronic acid 150 mg film-coated tablet, 1 tablet (1 x 1 tablet blister), 1 box (GPP)",20190216
1070881,"ibandronic acid 150 mg film-coated tablet, 1 tablet 1 blister (GPP)",20201114
1103754,"ibandronic acid 3 mg/3 mL solution for injection, 3 mL prefilled syr, 1 box (GPP)",20190315
1231954,"ibrutinib 140 mg capsule, hard, 120 capsule (1 x 120 capsule bottle), 1 box (GPP)",20220413
1231931,"ibrutinib 140 mg capsule, hard, 120 capsule, 1 bottle (GPP)",20220413
1275173,"ibrutinib 140 mg film-coated tablet, 10 tablet, 1 blister (GPP)",20230715
1275194,"ibrutinib 140 mg film-coated tablet, 30 tablet (3 x 10 tablet blister), 1 box (GPP)",20230715
1168942,"ibuprofen 100 mg/5 mL oral suspension, 1 bottle, 1 box (GPP)",20241225
1168926,"ibuprofen 100 mg/5 mL oral suspension, 60 mL bottle (GPP)",20201202
1228984,"ibuprofen 100 mg/5 mL syrup, 1 x 60 mL bottle, 1 box (GPP)",20220330
1228966,"ibuprofen 100 mg/5 mL syrup, 60 mL bottle (GPP)",20220330
1146428,"ibuprofen 200 mg capsule, hard, 10 capsule, 1 blister (GPP)",20200601
1146444,"ibuprofen 200 mg capsule, hard, 100 capsule (10 x 10 capsule blister), 1 box (GPP)",20200601
1128110,"ibuprofen 200 mg capsule, soft, 10 capsule (1 x 10 capsule blister), 1 box (GPP)",20191019
1128096,"ibuprofen 200 mg capsule, soft, 10 capsule, 1 blister (GPP)",20191019
1128134,"ibuprofen 200 mg capsule, soft, 100 capsule (10 x 10 capsule blister), 1 box (GPP)",20191019
1134518,"ibuprofen 200 mg film-coated tablet, 10 tablet, 1 blister (GPP)",20200104
1198403,"ibuprofen 200 mg film-coated tablet, 10 tablet, 1 strip (GPP)",20210813
1198426,"ibuprofen 200 mg film-coated tablet, 200 tablet (20 x 10 tablet strip), 1 box (GPP)",20210813
1134539,"ibuprofen 200 mg film-coated tablet, 500 tablet (50 x 10 tablet blister), 1 box (GPP)",20200104
1324016,"ibuprofen 300 mg/100 mL + paracetamol 1 g/100 mL solution for infusion, 1 x 100 mL bottle, 1 bottle (GPP)",20250215
1324037,"ibuprofen 300 mg/100 mL + paracetamol 1 g/100 mL solution for infusion, 10 x 100 mL bottle, 1 box (GPP)",20250215
1200243,"ibuprofen 400 mg + paracetamol 325 mg film-coated tablet, 10 tablet (1 x 10 tablet blister), 1 box (GPP)",20210813
1135253,"ibuprofen 400 mg + paracetamol 325 mg film-coated tablet, 10 tablet, 1 blister (GPP)",20200118
1135276,"ibuprofen 400 mg + paracetamol 325 mg film-coated tablet, 100 tablet (10 x 10 tablet blister), 1 box (GPP)",20200118
1128199,"ibuprofen 400 mg capsule, soft, 10 capsule (1 x 10 capsule blister), 1 box (GPP)",20191019
1128175,"ibuprofen 400 mg capsule, soft, 10 capsule, 1 blister (GPP)",20191019
1128217,"ibuprofen 400 mg capsule, soft, 100 capsule (10 x 10 capsule blister), 1 box (GPP)",20191019
1194924,"ibuprofen 400 mg film-coated tablet, 10 tablet, 1 blister (GPP)",20210715
1070253,"ibuprofen 400 mg film-coated tablet, 10 tablet, 1 strip (GPP)",20190216
1070276,"ibuprofen 400 mg film-coated tablet, 200 tablet (20 x 10 tablet strip), 1 box (GPP)",20190216
1194948,"ibuprofen 400 mg film-coated tablet, 50 blister, 1 box (GPP)",20250215
1188653,"ibuprofen 400 mg film-coated tablet, 500 tablet (50 x 10 tablet strip), 1 box (GPP)",20210429
1269755,"ibuprofen 5 g/100 g gel, 1 x 25 g tube, 1 box (GPP)",20230617
1269738,"ibuprofen 5 g/100 g gel, 25 g tube (GPP)",20230617
1135194,"ibuprofen 600 mg film-coated tablet, 10 tablet, 1 blister (GPP)",20200118
1135211,"ibuprofen 600 mg film-coated tablet, 500 tablet (50 x 10 tablet blister), 1 box (GPP)",20200118
1220030,"icatibant 30 mg/3 mL solution for injection, 1 x 3 mL prefilled syr, 1 box (GPP)",20211230
1220011,"icatibant 30 mg/3 mL solution for injection, 3 mL prefilled syr (GPP)",20211230
1188197,"icosapent ethyl 20 mg capsule, soft, 45 x 45 capsules capsule, 1 sachet (GPP)",20221001
1188215,"icosapent ethyl 20 mg capsule, soft, 84 x 45 capsules capsule, 1 box (GPP)",20221001
1103282,"idarubicin hydrochloride 10 mg powder for solution for injection, 1 vial, 1 box (GPP)",20190315
1103269,"idarubicin hydrochloride 10 mg/10 mL solution for injection, 1 x 10 mL vial, 1 box (GPP)",20220316
1202171,"idarubicin hydrochloride 10 mg/10 mL solution for injection, 10 mL vial (GPP)",20220316
1103305,"idarubicin hydrochloride 5 mg powder for solution for injection, 1 vial, 1 box (GPP)",20190315
1103248,"idarubicin hydrochloride 5 mg/5 mL solution for injection, 1 x 5 mL vial, 1 box (GPP)",20220316
1226443,"idarubicin hydrochloride 5 mg/5 mL solution for injection, 5 mL vial (GPP)",20220316
1103978,"idarucizumab 2.5 g/50 mL solution for injection/infusion, 2 x 50 mL vial, 1 box (GPP)",20200920
1103028,"ifosfamide 1 g powder for concentrate for solution for infusion, 1 vial (1 x 1 vial), 1 box (GPP)",20220316
1226404,"ifosfamide 1 g powder for concentrate for solution for infusion, 1 vial (GPP)",20220316
1104551,"imatinib 100 mg film-coated tablet, 10 tablet, 1 blister (GPP)",20250215
1190961,"imatinib 100 mg film-coated tablet, 56 tablet (8 x 7 tablet blister), 1 box (GPP)",20210604
1104579,"imatinib 100 mg film-coated tablet, 6 blister, 1 box (GPP)",20241005
1190942,"imatinib 100 mg film-coated tablet, 7 tablet, 1 blister (GPP)",20210604
1104611,"imatinib 400 mg film-coated tablet, 10 tablet, 1 blister (GPP)",20190331
1104630,"imatinib 400 mg film-coated tablet, 3 blister, 1 box (GPP)",20250313
1117468,"imatinib 400 mg film-coated tablet, 30 tablet (1 x 30 tablet bottle), 1 box (GPP)",20190628
1117447,"imatinib 400 mg film-coated tablet, 30 tablet, 1 bottle (GPP)",20190628
1211969,"imdevimab 120 mg/1 mL concentrate for solution for infusion, 11.1 mL vial (GPP)",20211202
1211845,"imdevimab 120 mg/1 mL concentrate for solution for infusion, 2.5 mL vial (GPP)",20211202
1095299,"imidafenacin 100 mcg film-coated tablet, 10 tablet, 1 blister (GPP)",20190216
1095313,"imidafenacin 100 mcg film-coated tablet, 30 tablet (3 x 10 tablet blister), 1 box (GPP)",20190216
1094000,"imidapril hydrochloride 10 mg tablet, 10 tablet, 1 blister (GPP)",20190216
1094028,"imidapril hydrochloride 10 mg tablet, 100 tablet (10 x 10 tablet blister), 1 box (GPP)",20190216
1093960,"imidapril hydrochloride 5 mg tablet, 10 tablet, 1 blister (GPP)",20190216
1093987,"imidapril hydrochloride 5 mg tablet, 100 tablet (10 x 10 tablet blister), 1 box (GPP)",20190216
1154978,"imipramine hydrochloride 25 mg coated tablet, 1000 tablet, 1 bottle (GPP)",20200801
1239820,"imiquimod 5 g/100 g cream, 12 x 250 mg sachet, 1 box (GPP)",20220730
1239808,"imiquimod 5 g/100 g cream, 250 mg sachet (GPP)",20220730
1260414,"inclisiran 284 mg solution for injection, 1 prefilled syr (1 x 1 prefilled syr), 1 box (GPP)",20230401
1260390,"inclisiran 284 mg solution for injection, 1 prefilled syr (GPP)",20230401
1074512,"indacaterol 150 mcg inhalation powder, hard capsule, 10 capsule, 1 blister (GPP)",20190216
1074531,"indacaterol 150 mcg inhalation powder, hard capsule, 30 capsule (3 x 10 capsule blister), 1 box (GPP)",20190216
1074554,"indacaterol 300 mcg inhalation powder, hard capsule, 10 capsule, 1 blister (GPP)",20190216
1074577,"indacaterol 300 mcg inhalation powder, hard capsule, 30 capsule (3 x 10 capsule blister), 1 box (GPP)",20190216
1068050,"indapamide 1.25 mg + perindopril arginine 5 mg film-coated tablet, 30 tablet (1 x 30 tablet jar), 1 box (GPP)",20190216
1068032,"indapamide 1.25 mg + perindopril arginine 5 mg film-coated tablet, 30 tablet, 1 jar (GPP)",20190216
1067223,"indapamide 1.5 mg prolonged-release tablet, 10 tablet, 1 blister (GPP)",20190216
1067247,"indapamide 1.5 mg prolonged-release tablet, 100 tablet (10 x 10 tablet blister), 1 box (GPP)",20190216
1067275,"indapamide 1.5 mg prolonged-release tablet, 30 tablet (3 x 10 tablet blister), 1 box (GPP)",20190216
1093301,"indapamide 2.5 mg film-coated tablet, 10 tablet, 1 blister (GPP)",20190216
1096455,"indinavir 200 mg capsule, hard, 360 capsule, 1 bottle (GPP)",20190216
1096472,"indinavir 400 mg capsule, hard, 180 capsule, 1 bottle (GPP)",20190216
1256430,"indocyanine green 25 mg powder for solution for injection, 1 vial (GPP)",20230304
1256453,"indocyanine green 25 mg powder for solution for injection, 10 vial (10 x 1 vial), 1 box (GPP)",20230304
1204820,"indometacin 25 mg capsule, hard, 1000 capsule, 1 bottle (GPP)",20211014
1249117,"indometacin 25 mg capsule, hard, 1000 capsule, 1 jar (GPP)",20221202
1155043,"indometacin 400 mcg/2 mL solution for injection, 2 mL vial (GPP)",20200801
1153902,"indometacin 5 mg/5 mL oral suspension, 50 mL bottle (GPP)",20200719
1202723,"indometacin 750 mg/100 g + levomenthol 3 g/100 g gel, 1 x 35 g tube, 1 box (GPP)",20210917
1202706,"indometacin 750 mg/100 g + levomenthol 3 g/100 g gel, 35 g tube (GPP)",20210917
1103662,"infliximab 100 mg powder for concentrate for solution for infusion, 1 vial (1 x 1 vial), 1 box (GPP)",20221202
1249138,"infliximab 100 mg powder for concentrate for solution for infusion, 1 vial (GPP)",20221202
1295790,"infliximab 120 mg/1 mL solution for injection, 1 mL prefilled pen (GPP)",20240412
1295816,"infliximab 120 mg/1 mL solution for injection, 1 x 1 mL prefilled pen, 1 box (GPP)",20240412
1130363,"influenza type A virus vaccine, A/Brisbane/02/2018 (H1N1)pdm09-like virus 15 mcg/0.5 mL + influenza type A virus vaccine, A/Kansas/14/2017 (H3N2)-like virus 15 mcg/0.5 mL + influenza type B virus vaccine, B/Colorado/06/2017-like virus 15 mcg/0.5 mL + influenza type B virus vaccine, B/Phuket/3073/2013-like virus 15 mcg/0.5 mL suspension for injection, 0.5 mL prefilled syr, 1 box (GPP)",20191102
1130597,"influenza type A virus vaccine, A/Brisbane/02/2018 (H1N1)pdm09-like virus 15 mcg/0.5 mL + influenza type A virus vaccine, A/Kansas/14/2017 (H3N2)-like virus 15 mcg/0.5 mL + influenza type B virus vaccine, B/Colorado/06/2017-like virus 15 mcg/0.5 mL suspension for injection, 0.5 mL prefilled syr, 1 box (GPP)",20191115
1138349,"influenza type A virus vaccine, A/Brisbane/02/2018 (H1N1)pdm09-like virus 15 mcg/0.5 mL + influenza type A virus vaccine, A/South Australia/34/2019 (H3N2)-like virus 15 mcg/0.5 mL + influenza type B virus vaccine, B/Phuket/3073/2013-like virus 15 mcg/0.5 mL + influenza type B virus vaccine, B/Washington/02/2019-like virus 15 mcg/0.5 mL suspension for injection, 0.5 mL prefilled syr, 1 box (GPP)",20200227
1143290,"influenza type A virus vaccine, A/Brisbane/02/2018 (H1N1)pdm09-like virus 15 mcg/0.5 mL + influenza type A virus vaccine, A/South Australia/34/2019 (H3N2)-like virus 15 mcg/0.5 mL + influenza type B virus vaccine, B/Phuket/3073/2013-like virus 15 mcg/0.5 mL + influenza type B virus vaccine, B/Washington/02/2019-like virus 15 mcg/0.5 mL suspension for injection, 5 x 0.5 mL prefilled syr, 1 box (GPP)",20200415
1141409,"influenza type A virus vaccine, A/Brisbane/02/2018 (H1N1)pdm09-like virus 15 mcg/0.5 mL + influenza type A virus vaccine, A/South Australia/34/2019 (H3N2)-like virus 15 mcg/0.5 mL + influenza type B virus vaccine, B/Washington/02/2019-like virus 15 mcg/0.5 mL suspension for injection, 0.5 mL prefilled syr, 1 box (GPP)",20200404
1142141,"influenza type A virus vaccine, A/Brisbane/02/2018 (H1N1)pdm09-like virus 15 mcg/0.5 mL + influenza type A virus vaccine, A/South Australia/34/2019 (H3N2)-like virus 15 mcg/0.5 mL + influenza type B virus vaccine, B/Washington/02/2019-like virus 15 mcg/0.5 mL suspension for injection, 10 x 2 mL vial, 1 box (GPP)",20200404
1134208,"influenza type A virus vaccine, A/Brisbane/02/2018 IVR-190 (H1N1) 15 mcg/0.5 mL + influenza type A virus vaccine, A/Kansas/14/2017 NYMC X-327 (H3N2) 15 mcg/0.5 mL + influenza type B virus vaccine, B/Maryland/15/2016 NYMC BX-69A 15 mcg/0.5 mL solution for injection, 10 x 0.5 mL prefilled syr, 1 box (GPP)",20191212
1121297,"influenza type A virus vaccine, A/Brisbane/02/2018(H1N1)pdm09-like virus 15 mcg/0.5 mL + influenza type A virus vaccine, A/Kansas/14/2017(H3N2)-like virus 15 mcg/0.5 mL + influenza type B virus vaccine, B/Colorado/06/2017-like virus 15 mcg/0.5 mL + influenza type B virus vaccine, B/Phuket/3073/2013-like virus 15 mcg/0.5 mL suspension for injection, 0.5 mL prefilled syr, 1 box (GPP)",20190803
1128326,"influenza type A virus vaccine, A/Brisbane/02/2018, IVR-190(H1N1)-like virus 15 mcg/0.5 mL + influenza type A virus vaccine, A/Kansas/14/2017, IVR-195(H3N2)-like virus 15 mcg/0.5 mL + influenza type B virus vaccine, B/Maryland/15/2016-like virus 15 mcg/0.5 mL + influenza type B virus vaccine, B/Phuket/3073/2013-like virus 15 mcg/0.5 mL suspension for injection, 10 x 0.5 mL prefilled syr, 1 box (GPP)",20191019
1102794,"influenza type A virus vaccine, A/California/7/2009 (H1N1)pdm09-like virus 15 mcg/0.5 mL + influenza type A virus vaccine, A/Switzerland/9715293/2013 (H3N2)-like virus 15 mcg/0.5 mL + influenza type B virus vaccine, B/Phuket/3073/2013-like virus 15 mcg/0.5 mL suspension for injection, 0.5 mL prefilled syr, 1 box (GPP)",20190315
1208592,"influenza type A virus vaccine, A/Cambodia/e0826360/2020 (H3N2)-like virus 15 mcg/0.5 mL + influenza type A virus vaccine, A/Victoria/2570/2019 (H1N1)pdm09-like virus 15 mcg/0.5 mL + influenza type B virus vaccine, B/Phuket/3073/2013-like virus 15 mcg/0.5 mL + influenza type B virus vaccine, B/Washington/02/2019-like virus 15 mcg/0.5 mL suspension for injection, 0.5 mL prefilled syr (GPP)",20211110
1208619,"influenza type A virus vaccine, A/Cambodia/e0826360/2020 (H3N2)-like virus 15 mcg/0.5 mL + influenza type A virus vaccine, A/Victoria/2570/2019 (H1N1)pdm09-like virus 15 mcg/0.5 mL + influenza type B virus vaccine, B/Phuket/3073/2013-like virus 15 mcg/0.5 mL + influenza type B virus vaccine, B/Washington/02/2019-like virus 15 mcg/0.5 mL suspension for injection, 1 x 0.5 mL prefilled syr, 1 box (GPP)",20211110
1327095,"influenza type A virus vaccine, A/Croatia/10136RV/2023 (H3N2)-like virus 15 mcg/0.5 mL + influenza type A virus vaccine, A/Victoria/4897/2022 (H1N1)pdm09-like virus 15 mcg/0.5 mL + influenza type B virus vaccine, B/Michigan/01/2021 15 mcg/0.5 mL + influenza type B virus vaccine, B/Phuket/3073/2013 (B/Yamagata lineage)-like virus 15 mcg/0.5 mL suspension for injection, 1 x 0.5 mL prefilled syr, 1 prefilled syr (GPP)",20250313
1327114,"influenza type A virus vaccine, A/Croatia/10136RV/2023 (H3N2)-like virus 15 mcg/0.5 mL + influenza type A virus vaccine, A/Victoria/4897/2022 (H1N1)pdm09-like virus 15 mcg/0.5 mL + influenza type B virus vaccine, B/Michigan/01/2021 15 mcg/0.5 mL + influenza type B virus vaccine, B/Phuket/3073/2013 (B/Yamagata lineage)-like virus 15 mcg/0.5 mL suspension for injection, 10 x 0.5 mL prefilled syr, 1 box (GPP)",20250313
1261715,"influenza type A virus vaccine, A/Darwin/9/2021 (H3N2)-like virus 15 mcg/0.5 mL + influenza type A virus vaccine, A/Sydney/5/2021 (H1N1)pdm09-like virus 15 mcg/0.5 mL + influenza type B virus vaccine, B/Austria/1359417/2021 (B/Victoria lineage)-like virus 15 mcg/0.5 mL + influenza type B virus vaccine, B/Phuket/3073/2013 (B/Yamagata lineage)-like virus 15 mcg/0.5 mL suspension for injection, 0.5 mL prefilled syr (GPP)",20230412
1261736,"influenza type A virus vaccine, A/Darwin/9/2021 (H3N2)-like virus 15 mcg/0.5 mL + influenza type A virus vaccine, A/Sydney/5/2021 (H1N1)pdm09-like virus 15 mcg/0.5 mL + influenza type B virus vaccine, B/Austria/1359417/2021 (B/Victoria lineage)-like virus 15 mcg/0.5 mL + influenza type B virus vaccine, B/Phuket/3073/2013 (B/Yamagata lineage)-like virus 15 mcg/0.5 mL suspension for injection, 1 x 0.5 mL prefilled syr, 1 box (GPP)",20230412
1268119,"influenza type A virus vaccine, A/Darwin/9/2021 (H3N2)-like virus 15 mcg/0.5 mL + influenza type A virus vaccine, A/Sydney/5/2021 (H1N1)pdm09-like virus 15 mcg/0.5 mL + influenza type B virus vaccine, B/Austria/1359417/2021 (B/Victoria lineage)-like virus 15 mcg/0.5 mL + influenza type B virus vaccine, B/Phuket/3073/2013 (B/Yamagata lineage)-like virus 15 mcg/0.5 mL suspension for injection, 10 x 0.5 mL prefilled syr, 1 box (GPP)",20230617
1261133,"influenza type A virus vaccine, A/Darwin/9/2021 (H3N2)-like virus 15 mcg/0.5 mL + influenza type A virus vaccine, A/Sydney/5/2021 (H1N1)pdm09-like virus 15 mcg/0.5 mL + influenza type B virus vaccine, B/Austria/1359417/2021 (B/Victoria lineage)-like virus 15 mcg/0.5 mL suspension for injection, 0.5 mL prefilled syr (GPP)",20230412
1261151,"influenza type A virus vaccine, A/Darwin/9/2021 (H3N2)-like virus 15 mcg/0.5 mL + influenza type A virus vaccine, A/Sydney/5/2021 (H1N1)pdm09-like virus 15 mcg/0.5 mL + influenza type B virus vaccine, B/Austria/1359417/2021 (B/Victoria lineage)-like virus 15 mcg/0.5 mL suspension for injection, 10 x 0.5 mL prefilled syr, 1 box (GPP)",20230412
1237796,"influenza type A virus vaccine, A/Darwin/9/2021 (H3N2)-like virus 15 mcg/0.5 mL + influenza type A virus vaccine, A/Victoria/2570/2019 (H1N1)pdm09-like virus 15 mcg/0.5 mL + influenza type B virus vaccine, B/Austria/1359417/2021 (B/Victoria lineage)-like virus 15 mcg/0.5 mL + influenza type B virus vaccine, B/Austria/1359417/2021-like virus 15 mcg/0.5 mL + influenza type B virus vaccine, B/Phuket/3073/2013 (B/Yamagata lineage)-like virus 15 mcg/0.5 mL solution for injection, 0.5 mL prefilled syr (GPP)",20220602
1237810,"influenza type A virus vaccine, A/Darwin/9/2021 (H3N2)-like virus 15 mcg/0.5 mL + influenza type A virus vaccine, A/Victoria/2570/2019 (H1N1)pdm09-like virus 15 mcg/0.5 mL + influenza type B virus vaccine, B/Austria/1359417/2021 (B/Victoria lineage)-like virus 15 mcg/0.5 mL + influenza type B virus vaccine, B/Austria/1359417/2021-like virus 15 mcg/0.5 mL + influenza type B virus vaccine, B/Phuket/3073/2013 (B/Yamagata lineage)-like virus 15 mcg/0.5 mL solution for injection, 10 x 0.5 mL prefilled syr, 1 box (GPP)",20220602
1234581,"influenza type A virus vaccine, A/Darwin/9/2021 (H3N2)-like virus 15 mcg/0.5 mL + influenza type A virus vaccine, A/Victoria/2570/2019 (H1N1)pdm09-like virus 15 mcg/0.5 mL + influenza type B virus vaccine, B/Austria/1359417/2021 (B/Victoria lineage)-like virus 15 mcg/0.5 mL + influenza type B virus vaccine, B/Phuket/3073/2013 (B/Yamagata lineage)-like virus 15 mcg/0.5 mL suspension for injection, 0.5 mL prefilled syr (GPP)",20220602
1234608,"influenza type A virus vaccine, A/Darwin/9/2021 (H3N2)-like virus 15 mcg/0.5 mL + influenza type A virus vaccine, A/Victoria/2570/2019 (H1N1)pdm09-like virus 15 mcg/0.5 mL + influenza type B virus vaccine, B/Austria/1359417/2021 (B/Victoria lineage)-like virus 15 mcg/0.5 mL + influenza type B virus vaccine, B/Phuket/3073/2013 (B/Yamagata lineage)-like virus 15 mcg/0.5 mL suspension for injection, 1 x 0.5 mL prefilled syr, 1 box (GPP)",20220602
1234620,"influenza type A virus vaccine, A/Darwin/9/2021 (H3N2)-like virus 15 mcg/0.5 mL + influenza type A virus vaccine, A/Victoria/2570/2019 (H1N1)pdm09-like virus 15 mcg/0.5 mL + influenza type B virus vaccine, B/Austria/1359417/2021 (B/Victoria lineage)-like virus 15 mcg/0.5 mL + influenza type B virus vaccine, B/Phuket/3073/2013 (B/Yamagata lineage)-like virus 15 mcg/0.5 mL suspension for injection, 10 x 0.5 mL prefilled syr, 1 box (GPP)",20220602
1241404,"influenza type A virus vaccine, A/Darwin/9/2021 (H3N2)-like virus 15 mcg/0.5 mL + influenza type A virus vaccine, A/Victoria/2570/2019 (H1N1)pdm09-like virus 15 mcg/0.5 mL + influenza type B virus vaccine, B/Austria/1359417/2021 (B/Victoria lineage)-like virus 15 mcg/0.5 mL + influenza type B virus vaccine, B/Phuket/3073/2013 (B/Yamagata lineage)-like virus 15 mcg/0.5 mL suspension for injection, 5 x 0.5 mL prefilled syr, 1 box (GPP)",20220810
1236508,"influenza type A virus vaccine, A/Darwin/9/2021 (H3N2)-like virus 15 mcg/0.5 mL + influenza type A virus vaccine, A/Victoria/2570/2019 (H1N1)pdm09-like virus 15 mcg/0.5 mL + influenza type B virus vaccine, B/Austria/1359417/2021 (B/Victoria lineage)-like virus 15 mcg/0.5 mL suspension for injection, 0.5 mL prefilled syr (GPP)",20220602
1252069,"influenza type A virus vaccine, A/Darwin/9/2021 (H3N2)-like virus 15 mcg/0.5 mL + influenza type A virus vaccine, A/Victoria/2570/2019 (H1N1)pdm09-like virus 15 mcg/0.5 mL + influenza type B virus vaccine, B/Austria/1359417/2021 (B/Victoria lineage)-like virus 15 mcg/0.5 mL suspension for injection, 1 x 0.5 mL prefilled syr, 1 box (GPP)",20230113
1236520,"influenza type A virus vaccine, A/Darwin/9/2021 (H3N2)-like virus 15 mcg/0.5 mL + influenza type A virus vaccine, A/Victoria/2570/2019 (H1N1)pdm09-like virus 15 mcg/0.5 mL + influenza type B virus vaccine, B/Austria/1359417/2021 (B/Victoria lineage)-like virus 15 mcg/0.5 mL suspension for injection, 10 x 0.5 mL prefilled syr, 1 box (GPP)",20220602
1237000,"influenza type A virus vaccine, A/Darwin/9/2021 (H3N2)-like virus 15 mcg/0.5 mL + influenza type A virus vaccine, A/Victoria/2570/2019 (H1N1)pdm09-like virus 15 mcg/0.5 mL + influenza type B virus vaccine, B/Austria/1359417/2021 (B/Victoria lineage)-like virus 15 mcg/0.5 mL suspension for injection, 10 x 2 mL vial, 1 box (GPP)",20220602
1236985,"influenza type A virus vaccine, A/Darwin/9/2021 (H3N2)-like virus 15 mcg/0.5 mL + influenza type A virus vaccine, A/Victoria/2570/2019 (H1N1)pdm09-like virus 15 mcg/0.5 mL + influenza type B virus vaccine, B/Austria/1359417/2021 (B/Victoria lineage)-like virus 15 mcg/0.5 mL suspension for injection, 2 mL vial (GPP)",20220602
1286543,"influenza type A virus vaccine, A/Darwin/9/2021 (H3N2)-like virus 15 mcg/0.5 mL + influenza type A virus vaccine, A/Victoria/4897/2022 (H1N1)pdm09-like virus 15 mcg/0.5 mL + influenza type B virus vaccine, B/Austria/1359417/2021 (B/Victoria lineage)-like virus 15 mcg/0.5 mL + influenza type B virus vaccine, B/Phuket/3073/2013 (B/Yamagata lineage)-like virus 15 mcg/0.5 mL suspension for injection, 0.5 mL prefilled syr (GPP)",20231013
1286562,"influenza type A virus vaccine, A/Darwin/9/2021 (H3N2)-like virus 15 mcg/0.5 mL + influenza type A virus vaccine, A/Victoria/4897/2022 (H1N1)pdm09-like virus 15 mcg/0.5 mL + influenza type B virus vaccine, B/Austria/1359417/2021 (B/Victoria lineage)-like virus 15 mcg/0.5 mL + influenza type B virus vaccine, B/Phuket/3073/2013 (B/Yamagata lineage)-like virus 15 mcg/0.5 mL suspension for injection, 1 x 0.5 mL prefilled syr, 1 box (GPP)",20231013
1286061,"influenza type A virus vaccine, A/Darwin/9/2021 (H3N2)-like virus 15 mcg/0.5 mL + influenza type A virus vaccine, A/Victoria/4897/2022 (H1N1)pdm09-like virus 15 mcg/0.5 mL + influenza type B virus vaccine, B/Austria/1359417/2021 (B/Victoria lineage)-like virus 15 mcg/0.5 mL suspension for injection, 0.5 mL prefilled syr (GPP)",20231013
1286088,"influenza type A virus vaccine, A/Darwin/9/2021 (H3N2)-like virus 15 mcg/0.5 mL + influenza type A virus vaccine, A/Victoria/4897/2022 (H1N1)pdm09-like virus 15 mcg/0.5 mL + influenza type B virus vaccine, B/Austria/1359417/2021 (B/Victoria lineage)-like virus 15 mcg/0.5 mL suspension for injection, 1 x 0.5 mL prefilled syr, 1 box (GPP)",20231013
1278911,"influenza type A virus vaccine, A/Darwin/9/2021 (H3N2)-like virus 15 mcg/0.5 mL + influenza type A virus vaccine, A/Victoria/4897/2022 (H1N1)pdm09-like virus 15 mcg/0.5 mL + influenza type B virus vaccine, B/Michigan/01/2021 15 mcg/0.5 mL + influenza type B virus vaccine, B/Phuket/3073/2013 (B/Yamagata lineage)-like virus 15 mcg/0.5 mL suspension for injection, 0.5 mL prefilled syr (GPP)",20230805
1278930,"influenza type A virus vaccine, A/Darwin/9/2021 (H3N2)-like virus 15 mcg/0.5 mL + influenza type A virus vaccine, A/Victoria/4897/2022 (H1N1)pdm09-like virus 15 mcg/0.5 mL + influenza type B virus vaccine, B/Michigan/01/2021 15 mcg/0.5 mL + influenza type B virus vaccine, B/Phuket/3073/2013 (B/Yamagata lineage)-like virus 15 mcg/0.5 mL suspension for injection, 10 x 0.5 mL prefilled syr, 1 box (GPP)",20230805
1262593,"influenza type A virus vaccine, A/Darwin/9/2021 (H3N2)-like virus 60 mcg/0.7 mL + influenza type A virus vaccine, A/Sydney/5/2021 (H1N1)pdm09-like virus 60 mcg/0.7 mL + influenza type B virus vaccine, B/Austria/1359417/2021 (B/Victoria lineage)-like virus 60 mcg/0.7 mL + influenza type B virus vaccine, B/Phuket/3073/2013 (B/Yamagata lineage)-like virus 60 mcg/0.7 mL suspension for injection, 0.7 mL prefilled syr (GPP)",20230513
1262615,"influenza type A virus vaccine, A/Darwin/9/2021 (H3N2)-like virus 60 mcg/0.7 mL + influenza type A virus vaccine, A/Sydney/5/2021 (H1N1)pdm09-like virus 60 mcg/0.7 mL + influenza type B virus vaccine, B/Austria/1359417/2021 (B/Victoria lineage)-like virus 60 mcg/0.7 mL + influenza type B virus vaccine, B/Phuket/3073/2013 (B/Yamagata lineage)-like virus 60 mcg/0.7 mL suspension for injection, 5 x 0.7 mL prefilled syr, 1 box (GPP)",20230513
1287095,"influenza type A virus vaccine, A/Darwin/9/2021 (H3N2)-like virus 60 mcg/0.7 mL + influenza type A virus vaccine, A/Victoria/4897/2022 (H1N1)pdm09-like virus 60 mcg/0.7 mL + influenza type B virus vaccine, B/Austria/1359417/2021 (B/Victoria lineage)-like virus 60 mcg/0.7 mL + influenza type B virus vaccine, B/Phuket/3073/2013 (B/Yamagata lineage)-like virus 60 mcg/0.7 mL suspension for injection, 0.7 mL prefilled syr (GPP)",20231104
1287114,"influenza type A virus vaccine, A/Darwin/9/2021 (H3N2)-like virus 60 mcg/0.7 mL + influenza type A virus vaccine, A/Victoria/4897/2022 (H1N1)pdm09-like virus 60 mcg/0.7 mL + influenza type B virus vaccine, B/Austria/1359417/2021 (B/Victoria lineage)-like virus 60 mcg/0.7 mL + influenza type B virus vaccine, B/Phuket/3073/2013 (B/Yamagata lineage)-like virus 60 mcg/0.7 mL suspension for injection, 5 x 0.7 mL prefilled syr, 1 box (GPP)",20231104
1158640,"influenza type A virus vaccine, A/Guangdong-Maonan/SWL1536/2019 (H1N1)pdm09-like virus 15 mcg/0.5 mL + influenza type A virus vaccine, A/Hong Kong/2671/2019 (H3N2)-like virus 15 mcg/0.5 mL + influenza type B virus vaccine, B/Phuket/3073/2013-like virus 15 mcg/0.5 mL + influenza type B virus vaccine, B/Washington/02/2019-like virus 15 mcg/0.5 mL suspension for injection, 0.5 mL prefilled syr (GPP)",20200815
1158664,"influenza type A virus vaccine, A/Guangdong-Maonan/SWL1536/2019 (H1N1)pdm09-like virus 15 mcg/0.5 mL + influenza type A virus vaccine, A/Hong Kong/2671/2019 (H3N2)-like virus 15 mcg/0.5 mL + influenza type B virus vaccine, B/Phuket/3073/2013-like virus 15 mcg/0.5 mL + influenza type B virus vaccine, B/Washington/02/2019-like virus 15 mcg/0.5 mL suspension for injection, 1 x 0.5 mL prefilled syr, 1 box (GPP)",20200815
1162645,"influenza type A virus vaccine, A/Guangdong-Maonan/SWL1536/2019 (H1N1)pdm09-like virus 15 mcg/0.5 mL + influenza type A virus vaccine, A/Hong Kong/2671/2019 (H3N2)-like virus 15 mcg/0.5 mL + influenza type B virus vaccine, B/Washington/02/2019-like virus 15 mcg/0.5 mL suspension for injection, 0.5 mL prefilled syr (GPP)",20201002
1162666,"influenza type A virus vaccine, A/Guangdong-Maonan/SWL1536/2019 (H1N1)pdm09-like virus 15 mcg/0.5 mL + influenza type A virus vaccine, A/Hong Kong/2671/2019 (H3N2)-like virus 15 mcg/0.5 mL + influenza type B virus vaccine, B/Washington/02/2019-like virus 15 mcg/0.5 mL suspension for injection, 1 x 0.5 mL prefilled syr, 1 box (GPP)",20201002
1160173,"influenza type A virus vaccine, A/Guangdong-Maonan/SWL1536/2019 CNIC-1909 (H1N1)pdm09-like virus 15 mcg/0.5 mL + influenza type A virus vaccine, A/Hong Kong/2671/2019 NIB-121 (H3N2)-like virus 15 mcg/0.5 mL + influenza type B virus vaccine, B/Phuket/3073/2013-li 15 mcg/0.5 mL + influenza type B virus vaccine, B/Washington/02/2019-like virus 15 mcg/0.5 mL suspension for injection, 0.5 mL prefilled syr (GPP)",20200904
1160194,"influenza type A virus vaccine, A/Guangdong-Maonan/SWL1536/2019 CNIC-1909 (H1N1)pdm09-like virus 15 mcg/0.5 mL + influenza type A virus vaccine, A/Hong Kong/2671/2019 NIB-121 (H3N2)-like virus 15 mcg/0.5 mL + influenza type B virus vaccine, B/Phuket/3073/2013-li 15 mcg/0.5 mL + influenza type B virus vaccine, B/Washington/02/2019-like virus 15 mcg/0.5 mL suspension for injection, 10 x 0.5 mL prefilled syr, 1 box (GPP)",20200904
1183002,"influenza type A virus vaccine, A/Hong Kong/2671/2019 (H3N2)-like virus 15 mcg/0.5 mL + influenza type A virus vaccine, A/Victoria/2570/2019 (H1N1)pdm09-like virus 15 mcg/0.5 mL + influenza type B virus vaccine, B/Phuket/3073/2013-like virus 15 mcg/0.5 mL + influenza type B virus vaccine, B/Washington/02/2019-like virus 15 mcg/0.5 mL suspension for injection, 0.5 mL prefilled syr (GPP)",20210331
1183025,"influenza type A virus vaccine, A/Hong Kong/2671/2019 (H3N2)-like virus 15 mcg/0.5 mL + influenza type A virus vaccine, A/Victoria/2570/2019 (H1N1)pdm09-like virus 15 mcg/0.5 mL + influenza type B virus vaccine, B/Phuket/3073/2013-like virus 15 mcg/0.5 mL + influenza type B virus vaccine, B/Washington/02/2019-like virus 15 mcg/0.5 mL suspension for injection, 1 x 0.5 mL prefilled syr, 1 box (GPP)",20210331
1183400,"influenza type A virus vaccine, A/Hong Kong/2671/2019 (H3N2)-like virus 15 mcg/0.5 mL + influenza type A virus vaccine, A/Victoria/2570/2019 (H1N1)pdm09-like virus 15 mcg/0.5 mL + influenza type B virus vaccine, B/Washington/02/2019-like virus 15 mcg/0.5 mL suspension for injection, 0.5 mL prefilled syr (GPP)",20210331
1183428,"influenza type A virus vaccine, A/Hong Kong/2671/2019 (H3N2)-like virus 15 mcg/0.5 mL + influenza type A virus vaccine, A/Victoria/2570/2019 (H1N1)pdm09-like virus 15 mcg/0.5 mL + influenza type B virus vaccine, B/Washington/02/2019-like virus 15 mcg/0.5 mL suspension for injection, 1 x 0.5 mL prefilled syr, 1 box (GPP)",20210331
1183353,"influenza type A virus vaccine, A/Hong Kong/2671/2019 (H3N2)-like virus 15 mcg/0.5 mL + influenza type A virus vaccine, A/Victoria/2570/2019 (H1N1)pdm09-like virus 15 mcg/0.5 mL + influenza type B virus vaccine, B/Washington/02/2019-like virus 15 mcg/0.5 mL suspension for injection, 10 x 2 mL vial, 1 box (GPP)",20210331
1183330,"influenza type A virus vaccine, A/Hong Kong/2671/2019 (H3N2)-like virus 15 mcg/0.5 mL + influenza type A virus vaccine, A/Victoria/2570/2019 (H1N1)pdm09-like virus 15 mcg/0.5 mL + influenza type B virus vaccine, B/Washington/02/2019-like virus 15 mcg/0.5 mL suspension for injection, 2 mL vial (GPP)",20210331
1188364,"influenza type A virus vaccine, A/Hong Kong/2671/2019 IVR-208 (H3N2)-like virus 15 mcg/0.5 mL + influenza type A virus vaccine, A/Victoria/2570/2019 IVR-215 (H1N1)-like virus 15 mcg/0.5 mL + influenza type B virus vaccine, B/Phuket/3073/2013(B linaje Yamagata)-like virus 15 mcg/0.5 mL + influenza type B virus vaccine, B/Washington/02/2019(B 15 mcg/0.5 mL suspension for injection, 0.5 mL prefilled syr (GPP)",20210429
1188386,"influenza type A virus vaccine, A/Hong Kong/2671/2019 IVR-208 (H3N2)-like virus 15 mcg/0.5 mL + influenza type A virus vaccine, A/Victoria/2570/2019 IVR-215 (H1N1)-like virus 15 mcg/0.5 mL + influenza type B virus vaccine, B/Phuket/3073/2013(B linaje Yamagata)-like virus 15 mcg/0.5 mL + influenza type B virus vaccine, B/Washington/02/2019(B 15 mcg/0.5 mL suspension for injection, 5 x 0.5 mL prefilled syr, 1 box (GPP)",20210429
1196427,"influenza type A virus vaccine, A/Hongkong/2671/2019 NIB-121 (H3N2) 15 mcg/0.5 mL + influenza type A virus vaccine, A/Victoria/2570/2019 IVR-215 (H1N1) 15 mcg/0.5 mL + influenza type B virus vaccine, B/Phuket/3073/2013 15 mcg/0.5 mL + influenza type B virus vaccine, B/Washington/02/2019 15 mcg/0.5 mL solution for injection, 0.5 mL prefilled syr (GPP)",20210731
1196443,"influenza type A virus vaccine, A/Hongkong/2671/2019 NIB-121 (H3N2) 15 mcg/0.5 mL + influenza type A virus vaccine, A/Victoria/2570/2019 IVR-215 (H1N1) 15 mcg/0.5 mL + influenza type B virus vaccine, B/Phuket/3073/2013 15 mcg/0.5 mL + influenza type B virus vaccine, B/Washington/02/2019 15 mcg/0.5 mL solution for injection, 10 x 0.5 mL prefilled syr, 1 box (GPP)",20210731
1196310,"influenza type A virus vaccine, A/Hongkong/2671/2019 NIB-121 (H3N2) 15 mcg/0.5 mL + influenza type A virus vaccine, A/Victoria/2570/2019 IVR-215 (H1N1) 15 mcg/0.5 mL + influenza type B virus vaccine, B/Washington/02/2019 15 mcg/0.5 mL solution for injection, 0.5 mL prefilled syr (GPP)",20210731
1196334,"influenza type A virus vaccine, A/Hongkong/2671/2019 NIB-121 (H3N2) 15 mcg/0.5 mL + influenza type A virus vaccine, A/Victoria/2570/2019 IVR-215 (H1N1) 15 mcg/0.5 mL + influenza type B virus vaccine, B/Washington/02/2019 15 mcg/0.5 mL solution for injection, 10 x 0.5 mL prefilled syr, 1 box (GPP)",20210731
1102154,"influenza type A virus vaccine, A/Michigan/45/2015 (H1N1) pdm09-like strain 15 mcg/0.5 mL + influenza type A virus vaccine, A/Switzerland/8060/2017 (H3N2)-like strain 15 mcg/0.5 mL + influenza type B virus vaccine, B/Colorado/6/2017-like strain 15 mcg/0.5 mL + influenza type B virus vaccine, B/Phuket/3073/2013-like strain 15 mcg/0.5 mL suspension for injection, 0.5 mL prefilled syr, 1 box (GPP)",20190315
1100601,"influenza type A virus vaccine, A/Michigan/45/2015 (H1N1)pdm09-like virus 15 mcg/0.5 mL + influenza type A virus vaccine, A/Singapore/INFIMH-16-0019/2016 (H3N2)-like virus 15 mcg/0.5 mL + influenza type A virus vaccine, B/Colorado/6/2017-like virus 15 mcg/0.5 mL + influenza type B virus vaccine, B/Phuket/3073/2013-like virus 15 mcg/0.5 mL suspension for injection, 0.5 mL prefilled syr, 1 box (GPP)",20190302
1102815,"influenza type A virus vaccine, A/Michigan/45/2015 (H1N1)pdm09-like virus 15 mcg/0.5 mL + influenza type A virus vaccine, A/Singapore/INFIMH-16-0019/2016 (H3N2)-like virus 15 mcg/0.5 mL + influenza type B virus vaccine,B/Phuket/3073/2013-like virus 15 mcg/0.5 mL suspension for injection, 0.5 mL prefilled syr, 1 box (GPP)",20190315
1106548,"influenza type A virus vaccine, A/Michigan/45/2015 (H1N1)pdm09-like virus 15 mcg/0.5 mL + influenza type A virus vaccine, A/Switzerland/8060/2017 (H3N2)-like virus 15 mcg/0.5 mL + influenza type B virus vaccine, B/Colorado/06/2017-like virus 15 mcg/0.5 mL + influenza type B virus vaccine, B/Phuket/3073/2013-like virus 15 mcg/0.5 mL suspension for injection, 0.5 mL prefilled syr, 1 box (GPP)",20190411
1113293,"influenza type A virus vaccine, A/Michigan/45/2015 (H1N1)pdm09-like virus 15 mcg/0.5 mL + influenza type A virus vaccine, A/Switzerland/8060/2017 (H3N2)-like virus 15 mcg/0.5 mL + influenza type B virus vaccine,B/Colorado/06/2017-like virus 15 mcg/0.5 mL suspension for injection, 0.5 mL prefilled syr, 1 box (GPP)",20190516
1113507,"influenza type A virus vaccine, A/Michigan/45/2015 (H1N1)pdm09-like virus 15 mcg/0.5 mL + influenza type A virus vaccine, A/Switzerland/8060/2017 (H3N2)-like virus 15 mcg/0.5 mL + influenza type B virus vaccine,B/Colorado/06/2017-like virus 15 mcg/0.5 mL suspension for injection, 10 x 0.5 mL vial, 1 box (GPP)",20190516
1104372,"influenza type A virus vaccine, A/Michigan/45/2015 X-275 (H1N1)-like virus 15 mcg/0.5 mL + influenza type A virus vaccine, A/Singapore/INFIMH-16-0019/2016 IVR 186 (H3N2)-like virus 15 mcg/0.5 mL + influenza type B virus vaccine, B/Maryland/15/2016-like virus 15 mcg/0.5 mL + influenza type B virus vaccine, B/Phuket/3073/2013-like virus 15 mcg/0.5 mL suspension for injection, 0.5 mL prefilled syr, 1 box (GPP)",20190331
1104393,"influenza type A virus vaccine, A/Michigan/45/2015 X-275 (H1N1)-like virus 15 mcg/0.5 mL + influenza type A virus vaccine, A/Singapore/INFIMH-16-0019/2016 IVR 186 (H3N2)-like virus 15 mcg/0.5 mL + influenza type B virus vaccine, B/Maryland/15/2016-like virus 15 mcg/0.5 mL + influenza type B virus vaccine, B/Phuket/3073/2013-like virus 15 mcg/0.5 mL suspension for injection, 10 x 0.5 mL prefilled syr, 1 box (GPP)",20190331
1044933,"influenza type A virus vaccine, A/Michigan/45/2015 X-275 (H1N1)-like virus 15 mcg/0.5 mL + influenza type A virus vaccine, A/Singapore/INFIMH-16-0019/2016 NIB-104 (H3N2)-like virus 15 mcg/0.5 mL + influenza type B virus vaccine, B/Maryland/15/2016 BX-69A (a B/Colorado/6/2017-virus, B Victoria lineage)-like virus 15 mcg/0.5 mL + influenza type B virus vaccine, B/Phuket/3073/2013(Yamagata lineage)-like virus 15 mcg/0.5 mL suspension for injection, 5 x 0.5 mL prefilled syr, 1 box (GPP)",20181217
1119715,"influenza type A virus vaccine, A/Michigan/45/2015 X-275 (H1N1)-like virus 15 mcg/0.5 mL + influenza type A virus vaccine, A/Switzerland/8060/2017 (H3N2) 15 mcg/0.5 mL + influenza type B virus vaccine, B/Maryland/15/2016 BX-69A (a B/Colorado/6/2017-virus, B Victoria lineage)-like virus 15 mcg/0.5 mL + influenza type B virus vaccine, B/Phuket/3073/2013(Yamagata lineage)-like virus 15 mcg/0.5 mL suspension for injection, 5 x 0.5 mL prefilled syr, 1 box (GPP)",20190714
1100104,"influenza type A virus vaccine, A/Michigan/45/2015 X-275 (H1N1)-like virus 7.5 mcg/0.25 mL + influenza type A virus vaccine, A/Singapore/INFIMH-16-0019/2016 NIB-104 (H3N2)-like virus 7.5 mcg/0.25 mL + influenza type B virus vaccine, B/Maryland/15/2016 BX-69A (a B/Colorado/6/2017-virus, B Victoria lineage)-like virus 7.5 mcg/0.25 mL + influenza type B virus vaccine, B/Phuket/3073/2013(Yamagata lineage)-like virus 7.5 mcg/0.25 mL suspension for injection, 5 x 0.25 mL prefilled syr, 1 box (GPP)",20190302
1105935,"influenza type A virus vaccine, A/Michigan/45/2015(H1N1)pdm09-like strain (A/Singapore/GP1908/2015, IVR-180) 15 mcg/0.5 mL + influenza type A virus vaccine, A/Switzerland/8060/2017 (H3N2)-like strain (A/Brisbane/1/2018, X-311) 15 mcg/0.5 mL + influenza type B virus vaccine, B/Colorado/06/2017-like strain (B/Victoria/2/87 lineage) (B/Maryland/15/2016, wild type) 15 mcg/0.5 mL suspension for injection, 0.5 mL prefilled syr, 1 box (GPP)",20190411
1117772,"influenza type A virus vaccine, A/Michigan/45/2015(H1N1)pdm09-like strain 15 mcg/0.5 mL + influenza type A virus vaccine, A/Switzerland/8060/2017 (H3N2)-like strain 15 mcg/0.5 mL + influenza type B virus vaccine, B/Colorado/6/2017-like strain 15 mcg/0.5 mL suspension for injection, 0.5 mL prefilled syr, 1 box (GPP)",20190628
1110956,"influenza type A virus vaccine, A/Singapore/GP1908/2015, IVR-180 (H1N1)-like virus 15 mcg/0.5 mL + influenza type A virus vaccine, A/Switzerland/8060/2017 NIB-112 (H3N2)-like virus 15 mcg/0.5 mL + influenza type B virus vaccine, B/Maryland/15/2016 NYMC BX-69A-like virus 15 mcg/0.5 mL solution for injection, 10 x 0.5 mL prefilled syr, 1 box (GPP)",20190504
1295703,"influenza type A virus vaccine, A/Thailand/8/2022 (H3N2)-like virus 15 mcg/0.5 mL + influenza type A virus vaccine, A/Victoria/4897/2022 (H1N1)pdm09-like virus 15 mcg/0.5 mL + influenza type B virus vaccine, B/Austria/1359417/2021 (B/Victoria lineage)-like virus 15 mcg/0.5 mL + influenza type B virus vaccine, B/Phuket/3073/2013 (B/Yamagata lineage)-like virus 15 mcg/0.5 mL suspension for injection, 0.5 mL prefilled syr (GPP)",20240412
1295726,"influenza type A virus vaccine, A/Thailand/8/2022 (H3N2)-like virus 15 mcg/0.5 mL + influenza type A virus vaccine, A/Victoria/4897/2022 (H1N1)pdm09-like virus 15 mcg/0.5 mL + influenza type B virus vaccine, B/Austria/1359417/2021 (B/Victoria lineage)-like virus 15 mcg/0.5 mL + influenza type B virus vaccine, B/Phuket/3073/2013 (B/Yamagata lineage)-like virus 15 mcg/0.5 mL suspension for injection, 1 prefilled syr, 1 box (GPP)",20240913
1301237,"influenza type A virus vaccine, A/Thailand/8/2022 (H3N2)-like virus 15 mcg/0.5 mL + influenza type A virus vaccine, A/Victoria/4897/2022 (H1N1)pdm09-like virus 15 mcg/0.5 mL + influenza type B virus vaccine, B/Austria/1359417/2021 (B/Victoria lineage)-like virus 15 mcg/0.5 mL + influenza type B virus vaccine, B/Phuket/3073/2013 (B/Yamagata lineage)-like virus 15 mcg/0.5 mL suspension for injection, 10 x 0.5 mL prefilled syr, 1 box (GPP)",20240629
1297706,"influenza type A virus vaccine, A/Thailand/8/2022 (H3N2)-like virus 15 mcg/0.5 mL + influenza type A virus vaccine, A/Victoria/4897/2022 (H1N1)pdm09-like virus 15 mcg/0.5 mL + influenza type B virus vaccine, B/Austria/1359417/2021 (B/Victoria lineage)-like virus 15 mcg/0.5 mL suspension for injection, 0.5 mL prefilled syr (GPP)",20240501
1297723,"influenza type A virus vaccine, A/Thailand/8/2022 (H3N2)-like virus 15 mcg/0.5 mL + influenza type A virus vaccine, A/Victoria/4897/2022 (H1N1)pdm09-like virus 15 mcg/0.5 mL + influenza type B virus vaccine, B/Austria/1359417/2021 (B/Victoria lineage)-like virus 15 mcg/0.5 mL suspension for injection, 1 prefilled syr, 1 box (GPP)",20241129
1301325,"influenza type A virus vaccine, A/Thailand/8/2022 (H3N2)-like virus 15 mcg/0.5 mL + influenza type A virus vaccine, A/Victoria/4897/2022 (H1N1)pdm09-like virus 15 mcg/0.5 mL + influenza type B virus vaccine, B/Austria/1359417/2021 (B/Victoria lineage)-like virus 15 mcg/0.5 mL suspension for injection, 10 x 0.5 mL prefilled syr, 1 box (GPP)",20240629
1297982,"influenza type A virus vaccine, A/Thailand/8/2022 (H3N2)-like virus 15 mcg/0.5 mL + influenza type A virus vaccine, A/Victoria/4897/2022 (H1N1)pdm09-like virus 15 mcg/0.5 mL + influenza type B virus vaccine, B/Michigan/01/2021 15 mcg/0.5 mL + influenza type B virus vaccine, B/Phuket/3073/2013 (B/Yamagata lineage)-like virus 15 mcg/0.5 mL suspension for injection, 0.5 mL prefilled syr (GPP)",20240501
1298008,"influenza type A virus vaccine, A/Thailand/8/2022 (H3N2)-like virus 15 mcg/0.5 mL + influenza type A virus vaccine, A/Victoria/4897/2022 (H1N1)pdm09-like virus 15 mcg/0.5 mL + influenza type B virus vaccine, B/Michigan/01/2021 15 mcg/0.5 mL + influenza type B virus vaccine, B/Phuket/3073/2013 (B/Yamagata lineage)-like virus 15 mcg/0.5 mL suspension for injection, 10 x 0.5 mL prefilled syr, 1 box (GPP)",20240501
1296339,"influenza type A virus vaccine, A/Thailand/8/2022 (H3N2)-like virus 60 mcg/0.7 mL + influenza type A virus vaccine, A/Victoria/4897/2022 (H1N1)pdm09-like virus 60 mcg/0.7 mL + influenza type B virus vaccine, B/Austria/1359417/2021 (B/Victoria lineage)-like virus 60 mcg/0.7 mL + influenza type B virus vaccine, B/Phuket/3073/2013 (B/Yamagata lineage)-like virus 60 mcg/0.7 mL suspension for injection, 0.7 mL prefilled syr (GPP)",20240412
1296356,"influenza type A virus vaccine, A/Thailand/8/2022 (H3N2)-like virus 60 mcg/0.7 mL + influenza type A virus vaccine, A/Victoria/4897/2022 (H1N1)pdm09-like virus 60 mcg/0.7 mL + influenza type B virus vaccine, B/Austria/1359417/2021 (B/Victoria lineage)-like virus 60 mcg/0.7 mL + influenza type B virus vaccine, B/Phuket/3073/2013 (B/Yamagata lineage)-like virus 60 mcg/0.7 mL suspension for injection, 5 prefilled syr, 1 box (GPP)",20241102
1181230,"insulin aspart 100 iu/1 mL solution for injection, 3 mL prefilled pen (GPP)",20210312
1181253,"insulin aspart 100 iu/1 mL solution for injection, 5 x 3 mL prefilled pen, 1 box (GPP)",20210312
1277839,"insulin aspart 30 iu/1 mL + insulin aspart protamine 70 iu/1 mL suspension for injection, 1 x 3 mL pack prefilled pen, 1 box (GPP)",20230804
1145298,"insulin aspart 30 iu/1 mL + insulin aspart protamine 70 iu/1 mL suspension for injection, 5 x 3 mL cartridge, 1 box (GPP)",20200517
1277818,"insulin aspart 30 iu/1 mL + insulin aspart protamine 70 iu/1 mL suspension for injection, 5 x 3 mL prefilled pen, 1 pack (GPP)",20230804
1125863,"insulin degludec 100 iu/1 mL + liraglutide 3.6 mg/1 mL solution for injection, 5 x 3 mL prefilled pen, 1 box (GPP)",20190913
1278280,"insulin degludec 100 iu/1 mL solution for injection, 3 mL prefilled pen (GPP)",20230804
1278308,"insulin degludec 100 iu/1 mL solution for injection, 5 x 3 mL prefilled pen, 1 box (GPP)",20230804
1180795,"insulin detemir 100 iu/1 mL solution for injection, 3 mL prefilled pen (GPP)",20210312
1180814,"insulin detemir 100 iu/1 mL solution for injection, 5 x 3 mL prefilled pen, 1 box (GPP)",20210312
1256545,"insulin glargine 100 iu/1 mL solution for injection, 1 x 3 mL cartridge, 1 box (GPP)",20230304
1152368,"insulin glargine 100 iu/1 mL solution for injection, 1 x 3 mL prefilled pen, 1 box (GPP)",20200719
1224486,"insulin glargine 100 iu/1 mL solution for injection, 3 mL cartridge (GPP)",20220303
1151666,"insulin glargine 100 iu/1 mL solution for injection, 3 mL prefilled pen (GPP)",20200719
1224504,"insulin glargine 100 iu/1 mL solution for injection, 5 x 3 mL cartridge, 1 box (GPP)",20220303
1151684,"insulin glargine 100 iu/1 mL solution for injection, 5 x 3 mL prefilled pen, 1 box (GPP)",20200719
1229825,"insulin glargine 100 unit/1 mL + lixisenatide 33 mcg/1 mL solution for injection, 3 mL prefilled pen (GPP)",20220330
1100981,"insulin glargine 100 unit/1 mL + lixisenatide 33 mcg/1 mL solution for injection, 3 x 3 mL prefilled pen, 1 box (GPP)",20220330
1229802,"insulin glargine 100 unit/1 mL + lixisenatide 50 mcg/1 mL solution for injection, 3 mL prefilled pen (GPP)",20220330
1100910,"insulin glargine 100 unit/1 mL + lixisenatide 50 mcg/1 mL solution for injection, 3 x 3 mL prefilled pen, 1 box (GPP)",20220330
1229887,"insulin glargine 300 iu/1 mL solution for injection, 1.5 mL prefilled pen (GPP)",20220330
1229904,"insulin glargine 300 iu/1 mL solution for injection, 5 x 1.5 mL prefilled pen, 1 box (GPP)",20220330
1144619,"insulin human 100 iu/1 mL solution for injection, 1 x 10 mL vial, 1 box (GPP)",20211216
1219190,"insulin human 100 iu/1 mL solution for injection, 10 mL vial (GPP)",20211216
1227870,"insulin human 100 iu/1 mL solution for injection, 3 mL cartridge (GPP)",20220316
1227891,"insulin human 100 iu/1 mL solution for injection, 5 x 3 mL cartridge, 1 box (GPP)",20220316
1145163,"insulin human 30 iu/1 mL + isophane insulin 70 iu/1 mL suspension for injection, 1 x 10 mL vial, 1 box (GPP)",20211216
1219119,"insulin human 30 iu/1 mL + isophane insulin 70 iu/1 mL suspension for injection, 10 mL vial (GPP)",20211216
1227756,"insulin human 30 iu/1 mL + isophane insulin 70 iu/1 mL suspension for injection, 3 mL cartridge (GPP)",20220316
1227773,"insulin human 30 iu/1 mL + isophane insulin 70 iu/1 mL suspension for injection, 5 x 3 mL cartridge, 1 box (GPP)",20220316
1298744,"iobitridol 65.81 g/100 mL solution for injection, 1 x 500 mL vial, 1 box (GPP)",20240516
1298700,"iobitridol 65.81 g/100 mL solution for injection, 100 mL vial (GPP)",20240516
1298684,"iobitridol 65.81 g/100 mL solution for injection, 50 mL vial (GPP)",20240516
1298728,"iobitridol 65.81 g/100 mL solution for injection, 500 mL vial (GPP)",20240516
1298785,"iobitridol 76.78 g/100 mL solution for injection, 100 mL vial (GPP)",20240516
1298763,"iobitridol 76.78 g/100 mL solution for injection, 50 mL vial (GPP)",20240516
1183601,"iodine 1.25 g/100 mL + potassium iodide 2.5 g/100 mL cutaneous solution, 450 mL bottle (GPP)",20210331
1181037,"iodine 1.25 g/100 mL + potassium iodide 2.5 g/100 mL oromucosal solution, 15 mL bottle (GPP)",20210312
1181063,"iodine 1.25 g/100 mL + potassium iodide 2.5 g/100 mL oromucosal solution, 30 mL bottle (GPP)",20210312
1180996,"iodine 1.25 g/100 mL + potassium iodide 2.5 g/100 mL oromucosal solution, 450 mL bottle (GPP)",20210312
1316513,"iodine 150 mcg tablet, 60 tablet, bottle (GPP)",20241129
1187352,"iodine 2 g/100 mL + potassium iodide 2.4 g/100 mL cutaneous liquid, 15 mL bottle (GPP)",20210418
1187334,"iodine 2 g/100 mL + potassium iodide 2.4 g/100 mL cutaneous liquid, 30 mL bottle (GPP)",20210418
1183485,"iodine 2 g/100 mL + potassium iodide 2.4 g/100 mL cutaneous liquid, 450 mL bottle (GPP)",20210331
1176857,"iodine 2 g/100 mL + potassium iodide 2.7 g/100 mL cutaneous solution, 450 mL bottle (GPP)",20210211
1191215,"iodine 2.6 g/100 mL + potassium iodide 6 g/100 mL + sodium zinc chloride 2 g/100 mL oromucosal solution, 15 mL bottle (GPP)",20210901
1176786,"iodine 2.6 g/100 mL + potassium iodide 6 g/100 mL + sodium zinc chloride 2 g/100 mL oromucosal solution, 450 mL bottle (GPP)",20210901
1259019,"iodine 5 g/100 mL + potassium iodide 10 g/100 mL oral solution, 30 mL bottle (GPP)",20230401
1143476,"iodine 700 mg/100 g + isopropyl alcohol 74 g/100 g cutaneous solution, 26 mL tube, 1 bag (GPP)",20201114
1137507,"iodixanol 550 mg/1 mL solution for injection, 50 mL vial, 1 vial (GPP)",20200213
1139735,"iopamidol 30.6 g/50 mL solution for injection, 50 mL vial, 1 box (GPP)",20200314
1139844,"iopamidol 37.76 g/50 mL solution for injection, 50 mL vial, 1 box (GPP)",20200314
1139800,"iopamidol 61.2 g/100 mL solution for injection, 100 mL vial, 1 box (GPP)",20200314
1148882,"iopamidol 75.52 g/100 mL solution for injection, 1 x 100 mL vial, 1 box (GPP)",20200614
1148869,"iopamidol 75.52 g/100 mL solution for injection, 100 mL vial (GPP)",20200614
1254326,"iopromide 311.7 g/500 mL solution for injection, 1 x 500 mL bottle, 1 box (GPP)",20230203
1254303,"iopromide 311.7 g/500 mL solution for injection, 500 mL bottle (GPP)",20230203
1254414,"iopromide 384.43 g/500 mL solution for injection, 1 x 500 mL bottle, 1 box (GPP)",20230203
1254390,"iopromide 384.43 g/500 mL solution for injection, 500 mL bottle (GPP)",20230203
1205415,"ioversol 636 mg/1 mL solution for injection, 10 x 100 mL vial, 1 box (GPP)",20211018
1204947,"ioversol 636 mg/1 mL solution for injection, 10 x 50 mL vial, 1 box (GPP)",20211014
1205399,"ioversol 636 mg/1 mL solution for injection, 100 mL vial (GPP)",20211018
1282895,"ioversol 636 mg/1 mL solution for injection, 25 x 50 mL vial, 1 box (GPP)",20230915
1204923,"ioversol 636 mg/1 mL solution for injection, 50 mL vial (GPP)",20211014
1252285,"ioversol 678 mg/1 mL solution for injection, 1 x 100 mL prefilled syr, 1 box (GPP)",20230113
1252263,"ioversol 678 mg/1 mL solution for injection, 100 mL prefilled syr (GPP)",20230113
1276004,"ioversol 741 mg/1 mL solution for injection, 1 x 100 mL prefilled syr, 1 box (GPP)",20230715
1205001,"ioversol 741 mg/1 mL solution for injection, 10 x 100 mL vial, 1 box (GPP)",20211014
1205055,"ioversol 741 mg/1 mL solution for injection, 10 x 50 mL vial, 1 box (GPP)",20211014
1275984,"ioversol 741 mg/1 mL solution for injection, 100 mL prefilled syr (GPP)",20230715
1204981,"ioversol 741 mg/1 mL solution for injection, 100 mL vial (GPP)",20211014
1276043,"ioversol 741 mg/1 mL solution for injection, 12 x 100 mL vial, 1 box (GPP)",20230715
1276027,"ioversol 741 mg/1 mL solution for injection, 25 x 50 mL vial, 1 box (GPP)",20230715
1205038,"ioversol 741 mg/1 mL solution for injection, 50 mL vial (GPP)",20211014
1216342,"irbesartan 150 mg film-coated tablet, 10 tablet, 1 blister (GPP)",20211202
1216361,"irbesartan 150 mg film-coated tablet, 100 tablet (10 x 10 tablet blister), 1 box (GPP)",20211202
1068195,"irbesartan 150 mg film-coated tablet, 14 tablet, 1 blister (GPP)",20190216
1225812,"irbesartan 150 mg film-coated tablet, 28 tablet (1 x 28 tablet blister), 1 box (GPP)",20220316
1068218,"irbesartan 150 mg film-coated tablet, 28 tablet (2 x 14 tablet blister), 1 box (GPP)",20190216
1068294,"irbesartan 150 mg film-coated tablet, 28 tablet (4 x 7 tablet blister), 1 box (GPP)",20190216
1225798,"irbesartan 150 mg film-coated tablet, 28 tablet, 1 blister (GPP)",20220316
1068273,"irbesartan 150 mg film-coated tablet, 7 tablet, 1 blister (GPP)",20190216
1216388,"irbesartan 300 mg film-coated tablet, 10 tablet, 1 blister (GPP)",20211202
1216405,"irbesartan 300 mg film-coated tablet, 100 tablet (10 x 10 tablet blister), 1 box (GPP)",20211202
1068239,"irbesartan 300 mg film-coated tablet, 14 tablet, 1 blister (GPP)",20190216
1311248,"irbesartan 300 mg film-coated tablet, 15 tablet, blister (GPP)",20241018
1068256,"irbesartan 300 mg film-coated tablet, 2 blister, 1 box (GPP)",20241018
1225779,"irbesartan 300 mg film-coated tablet, 28 tablet (1 x 28 tablet blister), 1 box (GPP)",20220316
1068336,"irbesartan 300 mg film-coated tablet, 28 tablet (4 x 7 tablet blister), 1 box (GPP)",20190216
1225751,"irbesartan 300 mg film-coated tablet, 28 tablet, 1 blister (GPP)",20220316
1068315,"irbesartan 300 mg film-coated tablet, 7 tablet, 1 blister (GPP)",20190216
1304880,"irinotecan 43 mg/10 mL concentrate for dispersion for infusion, 1 x 10 mL vial, 1 box (GPP)",20240817
1304867,"irinotecan 43 mg/10 mL concentrate for dispersion for infusion, 10 mL vial (GPP)",20240817
1103572,"irinotecan hydrochloride trihydrate 100 mg/5 mL concentrate for solution for infusion, 1 vial, 1 box (GPP)",20241018
1172844,"irinotecan hydrochloride trihydrate 100 mg/5 mL concentrate for solution for infusion, 5 mL vial (GPP)",20210129
1045457,"irinotecan hydrochloride trihydrate 100 mg/5 mL concentrate for solution for infusion, 500 x 5 mL vial, 1 box (GPP)",20181217
1045834,"irinotecan hydrochloride trihydrate 300 mg/15 mL concentrate for solution for infusion, 1 x 15 mL vial, 1 box (GPP)",20220330
1228282,"irinotecan hydrochloride trihydrate 300 mg/15 mL concentrate for solution for infusion, 15 mL vial (GPP)",20220330
1314576,"irinotecan hydrochloride trihydrate 40 mg/2 mL concentrate for solution for infusion, 1 box, 1 vial (GPP)",20241117
1045474,"irinotecan hydrochloride trihydrate 40 mg/2 mL concentrate for solution for infusion, 1 x 2 mL vial, 1 box (GPP)",20210129
1172892,"irinotecan hydrochloride trihydrate 40 mg/2 mL concentrate for solution for infusion, 2 mL vial (GPP)",20210129
1066645,"iron + multivitamins tablet, 2000 tablet, 1 bottle (GPP)",20190216
1206016,"iron sucrose 100 mg/5 mL solution for injection, 5 mL ampoule (GPP)",20211029
1222954,"iron sucrose 100 mg/5 mL solution for injection, 5 mL vial (GPP)",20220203
1206037,"iron sucrose 100 mg/5 mL solution for injection, 5 x 5 mL ampoule, 1 box (GPP)",20211029
1222977,"iron sucrose 100 mg/5 mL solution for injection, 5 x 5 mL vial, 1 box (GPP)",20220203
1232676,"irsogladine maleate 2 mg orodispersible tablet, 10 tablet, 1 blister (GPP)",20220428
1232695,"irsogladine maleate 2 mg orodispersible tablet, 100 tablet (10 x 10 tablet blister), 1 box (GPP)",20220428
1232761,"irsogladine maleate 4 mg orodispersible tablet, 10 tablet, 1 blister (GPP)",20220428
1232788,"irsogladine maleate 4 mg orodispersible tablet, 100 tablet (10 x 10 tablet blister), 1 box (GPP)",20220428
1151065,"isavuconazole 100 mg capsule, hard, 14 capsule (2 x 7 capsule blister), 1 box (GPP)",20200705
1151049,"isavuconazole 100 mg capsule, hard, 7 capsule, 1 blister (GPP)",20200705
1151152,"isavuconazole 200 mg powder for concentrate for solution for infusion, 1 vial (1 x 1 vial), 1 box (GPP)",20200705
1151134,"isavuconazole 200 mg powder for concentrate for solution for infusion, 1 vial (GPP)",20200705
1153956,"isoniazid 10 mg/1 mL oral suspension, 60 mL bottle (GPP)",20200719
1213945,"isoniazid 100 mg tablet, 1000 tablet, 1 bottle (GPP)",20211202
1060561,"isoniazid 100 mg tablet, 1000 tablet, 1 jar (GPP)",20190216
1096171,"isoniazid 100 mg tablet, 500 tablet, 1 jar (GPP)",20190216
1268458,"isoniazid 20 mg/1 mL oral suspension, 60 mL bottle (GPP)",20230617
1134277,"isoniazid 50 mg + rifampicin 75 mg dispersible tablet, 10 tablet, 1 strip (GPP)",20191212
1134296,"isoniazid 50 mg + rifampicin 75 mg dispersible tablet, 100 tablet (10 x 10 tablet strip), 1 box (GPP)",20191212
1153994,"isoniazid 50 mg/1 mL oral suspension, 60 mL bottle (GPP)",20200719
1096298,"isoniazid 80 mg + pyrazinamide 250 mg + rifampicin 120 mg coated tablet, 15 tablet, 1 blister (GPP)",20190216
1096312,"isoniazid 80 mg + pyrazinamide 250 mg + rifampicin 120 mg coated tablet, 60 tablet (4 x 15 tablet blister), 1 box (GPP)",20190216
1275295,"isonizid 300 mg + rifapentine 300 mg film-coated tablet, 12 tablet, 1 blister (GPP)",20230715
1275314,"isonizid 300 mg + rifapentine 300 mg film-coated tablet, 36 tablet (3 x 12 tablet blister), 1 box (GPP)",20230715
1144977,"isophane insulin 100 iu/1 mL suspension for injection, 1 x 10 mL vial, 1 box (GPP)",20211216
1219157,"isophane insulin 100 iu/1 mL suspension for injection, 10 mL vial (GPP)",20211216
1227815,"isophane insulin 100 iu/1 mL suspension for injection, 3 mL cartridge (GPP)",20220316
1227836,"isophane insulin 100 iu/1 mL suspension for injection, 5 x 3 mL cartridge, 1 box (GPP)",20220316
1310603,"isoprenaline hydrochloride 200 mcg/1 mL solution for injection, 1 mL ampoule (GPP)",20241005
1310626,"isoprenaline hydrochloride 200 mcg/1 mL solution for injection, 5 ampoule, 1 box (GPP)",20241005
1250460,"isopropyl alcohol 70 mL/100 mL cutaneous solution, 1 L gallon (GPP)",20221216
1250516,"isopropyl alcohol 70 mL/100 mL cutaneous solution, 1 x 120 mL bottle, 1 bottle (GPP)",20221216
1184576,"isopropyl alcohol 70 mL/100 mL cutaneous solution, 450 mL bottle (GPP)",20210331
1250563,"isopropyl alcohol 70 mL/100 mL cutaneous solution, 500 mL bottle (GPP)",20221216
1184548,"isopropyl alcohol 70 mL/100 mL cutaneous solution, 60 mL bottle (GPP)",20210331
1066860,"isosorbide dinitrate 10 mg tablet, 10 tablet, blister (GPP)",20241102
1224930,"isosorbide dinitrate 10 mg tablet, 100 tablet (10 x 10 tablet blister), 1 box (GPP)",20220303
1066887,"isosorbide dinitrate 10 mg tablet, 50 blister, 1 box (GPP)",20241102
1066825,"isosorbide dinitrate 30 mg tablet, 10 tablet, 1 blister (GPP)",20190216
1066841,"isosorbide dinitrate 30 mg tablet, 100 tablet (10 x 10 tablet blister), 1 box (GPP)",20190216
1093010,"isosorbide dinitrate 5 mg sublingual tablet, 10 tablet, 1 blister (GPP)",20190216
1093034,"isosorbide dinitrate 5 mg sublingual tablet, 500 tablet (50 x 10 tablet blister), 1 box (GPP)",20190216
1066904,"isosorbide mononitrate 20 mg prolonged-release capsule, hard, 10 capsule, 1 blister (GPP)",20190216
1066927,"isosorbide mononitrate 20 mg prolonged-release capsule, hard, 30 capsule (3 x 10 capsule blister), 1 box (GPP)",20190216
1067004,"isosorbide mononitrate 20 mg tablet, 10 blister, 1 box (GPP)",20241018
1066989,"isosorbide mononitrate 20 mg tablet, 10 tablet, blister (GPP)",20241018
1093075,"isosorbide mononitrate 20 mg tablet, 100 tablet (5 x 20 tablet blister), 1 box (GPP)",20190216
1093052,"isosorbide mononitrate 20 mg tablet, 20 tablet, 1 blister (GPP)",20190216
1215095,"isosorbide mononitrate 20 mg tablet, 500 tablet (50 x 10 tablet blister), 1 box (GPP)",20211202
1066943,"isosorbide mononitrate 60 mg prolonged-release capsule, hard, 10 capsule, 1 blister (GPP)",20190216
1066962,"isosorbide mononitrate 60 mg prolonged-release capsule, hard, 30 capsule (3 x 10 capsule blister), 1 box (GPP)",20190216
1094852,"isotretinoin 10 mg capsule, soft, 10 capsule, 1 blister (GPP)",20190216
1094875,"isotretinoin 10 mg capsule, soft, 30 capsule (3 x 10 capsule blister), 1 box (GPP)",20190216
1094899,"isotretinoin 20 mg capsule, soft, 10 capsule, 1 blister (GPP)",20190216
1094913,"isotretinoin 20 mg capsule, soft, 30 capsule (3 x 10 capsule blister), 1 box (GPP)",20190216
1215151,"ispaghula husk 2.45 g/5 g powder for oral suspension, 30 x 5 g sachet, 1 box (GPP)",20211202
1215133,"ispaghula husk 2.45 g/5 g powder for oral suspension, 5 g sachet (GPP)",20211202
1215179,"ispaghula husk 3.4 g/11 g powder for oral suspension, 100 g jar (GPP)",20211202
1215198,"ispaghula husk 3.4 g/11 g powder for oral suspension, 400 g jar (GPP)",20211202
1215237,"ispaghula husk 3.5 g/5 g granules for oral solution, 10 x 5 g sachet, 1 box (GPP)",20211202
1215259,"ispaghula husk 3.5 g/5 g granules for oral solution, 30 x 5 g sachet, 1 box (GPP)",20211202
1215216,"ispaghula husk 3.5 g/5 g granules for oral solution, 5 g sachet (GPP)",20211202
1215318,"ispaghula husk 3.5 g/5 g powder for oral suspension, 10 x 5 g sachet, 1 box (GPP)",20211202
1215292,"ispaghula husk 3.5 g/5 g powder for oral suspension, 30 x 5 g sachet, 1 box (GPP)",20211202
1215271,"ispaghula husk 3.5 g/5 g powder for oral suspension, 5 g sachet (GPP)",20211202
1054492,"itopride hydrochloride 50 mg film-coated tablet, 10 tablet, blister (GPP)",20241102
1145214,"itopride hydrochloride 50 mg film-coated tablet, 100 tablet (10 x 10 tablet blister), 1 box (GPP)",20200517
1139449,"itopride hydrochloride 50 mg film-coated tablet, 20 tablet (2 x 10 tablet blister), 1 box (GPP)",20200314
1054519,"itopride hydrochloride 50 mg film-coated tablet, 6 blister, 1 box (GPP)",20241102
1268518,"itraconazole 10 mg/1 mL oral suspension, 10 mL bottle (GPP)",20230617
1104774,"itraconazole 100 mg capsule, hard, 10 capsule, 1 blister (GPP)",20190331
1104790,"itraconazole 100 mg capsule, hard, 100 capsule (10 x 10 capsule blister), 1 box (GPP)",20190331
1096100,"itraconazole 100 mg capsule, hard, 100 capsule (25 x 4 capsule blister), 1 box (GPP)",20190216
1096074,"itraconazole 100 mg capsule, hard, 100 capsule (25 x 4 capsule strip), 1 box (GPP)",20190216
1096035,"itraconazole 100 mg capsule, hard, 4 capsule (1 x 4 capsule blister), 1 box (GPP)",20190216
1096019,"itraconazole 100 mg capsule, hard, 4 capsule, 1 blister (GPP)",20190216
1096057,"itraconazole 100 mg capsule, hard, 4 capsule, 1 strip (GPP)",20190216
1130079,"ivabradine 5 mg film-coated tablet, 10 tablet, 1 blister (GPP)",20191102
1130098,"ivabradine 5 mg film-coated tablet, 100 tablet (10 x 10 tablet blister), 1 box (GPP)",20191102
1067027,"ivabradine 5 mg film-coated tablet, 14 tablet, 1 blister (GPP)",20190216
1067043,"ivabradine 5 mg film-coated tablet, 56 tablet (4 x 14 tablet blister), 1 box (GPP)",20190216
1130131,"ivabradine 7.5 mg film-coated tablet, 10 tablet, 1 blister (GPP)",20191102
1130154,"ivabradine 7.5 mg film-coated tablet, 100 tablet (10 x 10 tablet blister), 1 box (GPP)",20191102
1067062,"ivabradine 7.5 mg film-coated tablet, 14 tablet, 1 blister (GPP)",20190216
1067089,"ivabradine 7.5 mg film-coated tablet, 56 tablet (4 x 14 tablet blister), 1 box (GPP)",20190216
1198643,"ivermectin 6 mg film-coated tablet, 12 tablet (2 x 6 tablet blister), 1 box (GPP)",20210813
1198627,"ivermectin 6 mg film-coated tablet, 6 tablet, 1 blister (GPP)",20210813
1237474,"ivermectin 6 mg tablet, 12 tablet (2 x 6 tablet blister), 1 box (GPP)",20220602
1074499,"ivermectin 6 mg tablet, 12 tablet (2 x 6 tablet strip), 1 box (GPP)",20190216
1237457,"ivermectin 6 mg tablet, 6 tablet, 1 blister (GPP)",20220602
1074475,"ivermectin 6 mg tablet, 6 tablet, 1 strip (GPP)",20190216
1167400,"ivy leaves dry extract 35 mg/5 mL syrup, 1 x 100 mL bottle, 1 box (GPP)",20201202
1167382,"ivy leaves dry extract 35 mg/5 mL syrup, 100 mL bottle (GPP)",20201202
1289702,"ixazomib 2.3 mg capsule, hard, 1 capsule 1 blister (GPP)",20231228
1289725,"ixazomib 2.3 mg capsule, hard, 3 capsule (3 x 1 capsule blister), 1 box (GPP)",20231228
1111889,"ixazomib 3 mg capsule, hard, 1 capsule (1 x 1 capsule blister), 1 box (GPP)",20190504
1111862,"ixazomib 3 mg capsule, hard, 1 capsule, 1 blister (GPP)",20190504
1111901,"ixazomib 3 mg capsule, hard, 3 capsule (3 x 1 capsule blister), 1 box (GPP)",20190504
1111993,"ixazomib 4 mg capsule, hard, 1 capsule (1 x 1 capsule blister), 1 box (GPP)",20190504
1111972,"ixazomib 4 mg capsule, hard, 1 capsule, 1 blister (GPP)",20190504
1112019,"ixazomib 4 mg capsule, hard, 3 capsule (3 x 1 capsule blister), 1 box (GPP)",20190504
1120220,"ixekizumab 80 mg/1 mL solution for injection, 1 mL prefilled syr, 1 box (GPP)",20190714
1102756,"japanese encephalitis virus inactivated vaccine powder and solvent for suspension for injection, 1 vial, 1 box (GPP)",20190815
1283994,"japanese encephalitis virus live vaccine 4 pfu powder and solvent for suspension for injection, 0.5 mL vial (GPP)",20230915
1164531,"japanese encephalitis virus live vaccine 4 pfu powder and solvent for suspension for injection, 1 vial (GPP)",20201016
1102773,"japanese encephalitis virus live vaccine 4 pfu powder and solvent for suspension for injection, 1 vial, 1 box (GPP)",20190315
1284016,"japanese encephalitis virus live vaccine 4 pfu powder and solvent for suspension for injection, 1 x 0.5 mL vial, 1 box (GPP)",20230915
1164554,"japanese encephalitis virus live vaccine 4 pfu powder and solvent for suspension for injection, 5 vial (5 x 1 vial), 1 box (GPP)",20201016
1048192,"ketamine 500 mg/10 mL solution for injection, 1 x 10 mL vial, 1 box (GPP)",20200614
1148427,"ketamine 500 mg/10 mL solution for injection, 10 mL vial (GPP)",20200614
1155129,"ketoconazole 10 mg/1 mL oral suspension, 40 mL bottle (GPP)",20200801
1273840,"ketoconazole 2 g/100 g cream, 1 x 15 g tube, 1 box (GPP)",20230701
1195136,"ketoconazole 2 g/100 g cream, 15 g tube (GPP)",20210715
1154044,"ketoconazole 2 g/100 mL eye drops, solution, 10 mL bottle (GPP)",20200719
1060906,"ketoconazole 200 mg tablet, 10 tablet, 1 blister (GPP)",20190216
1195094,"ketoconazole 200 mg tablet, 10 tablet, 1 strip (GPP)",20210715
1060923,"ketoconazole 200 mg tablet, 100 tablet (10 x 10 tablet blister), 1 box (GPP)",20190216
1195115,"ketoconazole 200 mg tablet, 250 tablet (25 x 10 tablet strip), 1 box (GPP)",20210715
1314841,"ketorolac tromethamine 30 mg/1 mL solution for injection, 1 mL ampoule (GPP)",20241117
1175553,"ketorolac tromethamine 30 mg/1 mL solution for injection, 1 mL vial (GPP)",20210211
1175576,"ketorolac tromethamine 30 mg/1 mL solution for injection, 1 x 1 mL vial, 1 box (GPP)",20210211
1143972,"ketorolac tromethamine 30 mg/1 mL solution for injection, 10 x 1 mL ampoule, 1 box (GPP)",20200429
1209095,"ketorolac tromethamine 30 mg/1 mL solution for injection, 10 x 1 mL vial, 1 box (GPP)",20211110
1324435,"ketorolac tromethamine 30 mg/1 mL solution for injection, 5 x 1 mL ampoule, 1 box (GPP)",20250301
1314860,"ketorolac tromethamine 30 mg/1 mL solution for injection, 6 ampoule, 1 box (GPP)",20241117
1230976,"ketorolac tromethamine 500 mg/100 mL eye drops, solution, 1 x 5 mL bottle, 1 box (GPP)",20221001
1230953,"ketorolac tromethamine 500 mg/100 mL eye drops, solution, 5 mL bottle (GPP)",20221001
1213966,"ketotifen 1 mg tablet, 10 tablet, 1 strip (GPP)",20211202
1213984,"ketotifen 1 mg tablet, 100 tablet (10 x 10 tablet strip), 1 box (GPP)",20211202
1169626,"ketotifen 1 mg/5 mL syrup, 1 x 60 mL bottle, 1 box (GPP)",20201202
1169603,"ketotifen 1 mg/5 mL syrup, 60 mL bottle (GPP)",20201202
1102550,"king cobra antivenin 800 mcg/1 mL powder and solvent for solution for injection, 10 mL vial, 1 box (GPP)",20190315
1197261,"labetalol hydrochloride 100 mg/20 mL solution for injection/infusion, 1 x 20 mL vial, 1 box (GPP)",20210813
1188703,"labetalol hydrochloride 100 mg/20 mL solution for injection/infusion, 20 mL ampoule (GPP)",20210429
1197242,"labetalol hydrochloride 100 mg/20 mL solution for injection/infusion, 20 mL vial (GPP)",20210813
1188726,"labetalol hydrochloride 100 mg/20 mL solution for injection/infusion, 5 x 20 mL ampoule, 1 box (GPP)",20210429
1300054,"lacosamide 100 mg film-coated tablet, 56 tablet (8 x 7 tablet blister), 1 box (GPP)",20240615
1300031,"lacosamide 100 mg film-coated tablet, 7 tablet blister (GPP)",20240615
1300240,"lacosamide 50 mg film-coated tablet, 56 tablet (8 x 7 tablet blister), 1 box (GPP)",20240615
1300229,"lacosamide 50 mg film-coated tablet, 7 tablet blister (GPP)",20240615
1296069,"lactulose 667 mg/1 mL oral solution, 1 L bottle (GPP)",20240412
1282489,"lactulose 667 mg/1 mL oral solution, 1 x 100 mL bottle, 1 box (GPP)",20231013
1322347,"lactulose 667 mg/1 mL oral solution, 1 x 200 mL bottle, 1 bottle (GPP)",20250201
1322368,"lactulose 667 mg/1 mL oral solution, 1 x 200 mL bottle, 1 box (GPP)",20250201
1310795,"lactulose 667 mg/1 mL oral solution, 10 sachet, 1 box (GPP)",20241005
1282462,"lactulose 667 mg/1 mL oral solution, 100 mL bottle (GPP)",20231013
1310776,"lactulose 667 mg/1 mL oral solution, 15 mL sachet (GPP)",20241005
1213783,"lactulose 667 mg/1 mL syrup, 1 x 100 mL bottle, 1 box (GPP)",20231013
1213765,"lactulose 667 mg/1 mL syrup, 100 mL bottle (GPP)",20231013
1142540,"lamivudine 150 mg + nevirapine 200 mg + zidovudine 250 mg film-coated tablet, 60 tablet, 1 bottle (GPP)",20200404
1085465,"lamivudine 150 mg + stavudine 30 mg tablet, 60 tablet, 1 bottle (GPP)",20190216
1085505,"lamivudine 150 mg + zidovudine 300 mg film-coated tablet, 10 tablet, 1 blister (GPP)",20190216
1085522,"lamivudine 150 mg + zidovudine 300 mg film-coated tablet, 60 tablet (6 x 10 tablet blister), 1 box (GPP)",20190216
1085483,"lamivudine 150 mg + zidovudine 300 mg film-coated tablet, 60 tablet, 1 bottle (GPP)",20190216
1059302,"lamivudine 150 mg film-coated tablet, 60 tablet (1 x 60 tablet bottle), 1 box (GPP)",20190216
1059285,"lamivudine 150 mg film-coated tablet, 60 tablet, 1 bottle (GPP)",20190216
1155193,"lamotrigine 1 mg/1 mL oral suspension, 50 mL bottle (GPP)",20200801
1214068,"lamotrigine 100 mg film-coated tablet, 10 tablet, 1 blister (GPP)",20211202
1214081,"lamotrigine 100 mg film-coated tablet, 30 tablet (3 x 10 tablet blister), 1 box (GPP)",20211202
1071750,"lamotrigine 100 mg tablet, 10 tablet blister (GPP)",20240313
1071778,"lamotrigine 100 mg tablet, 30 tablet (3 x 10 tablet blister), 1 box (GPP)",20190216
1214109,"lamotrigine 25 mg film-coated tablet, 10 tablet, 1 blister (GPP)",20211202
1214121,"lamotrigine 25 mg film-coated tablet, 30 tablet (3 x 10 tablet blister), 1 box (GPP)",20211202
1071797,"lamotrigine 25 mg tablet, 10 tablet blister (GPP)",20240216
1071811,"lamotrigine 25 mg tablet, 30 tablet (3 x 10 tablet blister), 1 box (GPP)",20190216
1214145,"lamotrigine 50 mg film-coated tablet, 10 tablet, 1 blister (GPP)",20211202
1214166,"lamotrigine 50 mg film-coated tablet, 30 tablet (3 x 10 tablet blister), 1 box (GPP)",20211202
1284945,"lamotrigine 50 mg tablet, 10 tablet blister (GPP)",20240313
1284966,"lamotrigine 50 mg tablet, 30 tablet (3 x 10 tablet blister), 1 box (GPP)",20231001
1254152,"lanadelumab 300 mg/2 mL solution for injection, 1 x 2 mL prefilled syr, 1 box (GPP)",20230203
1254134,"lanadelumab 300 mg/2 mL solution for injection, 2 mL prefilled syr (GPP)",20230203
1063398,"lansoprazole 15 mg orodispersible tablet, 14 tablet, 1 blister (GPP)",20190713
1063419,"lansoprazole 15 mg orodispersible tablet, 28 tablet (2 x 14 tablet blister), 1 box (GPP)",20190713
1063435,"lansoprazole 30 mg orodispersible tablet, 14 tablet, 1 blister (GPP)",20190713
1063457,"lansoprazole 30 mg orodispersible tablet, 28 tablet (2 x 14 tablet blister), 1 box (GPP)",20190713
1244066,"lansoprazole 30 mg powder for solution for injection/infusion, 1 vial (1 x 1 vial), 1 box (GPP)",20221001
1244045,"lansoprazole 30 mg powder for solution for injection/infusion, 1 vial (GPP)",20221001
1075079,"lanthanum 500 mg chewable tablet, 45 tablet, 1 bottle (GPP)",20190216
1075098,"lanthanum 500 mg chewable tablet, 90 tablet (2 x 45 tablet bottle), 1 box (GPP)",20190216
1065432,"lapatinib 250 mg film-coated tablet, 70 tablet (1 x 70 tablet bottle), 1 box (GPP)",20190216
1065413,"lapatinib 250 mg film-coated tablet, 70 tablet, 1 bottle (GPP)",20190216
1229962,"latanoprost 5 mg/100 mL + timolol 500 mg/100 mL eye drops, solution, 1 x 2.5 mL bottle, 1 box (GPP)",20220330
1229943,"latanoprost 5 mg/100 mL + timolol 500 mg/100 mL eye drops, solution, 2.5 mL bottle (GPP)",20220330
1226882,"latanoprost 5 mg/100 mL eye drops, solution, 1 x 2.5 mL bottle, 1 bottle (GPP)",20250313
1226905,"latanoprost 5 mg/100 mL eye drops, solution, 1 x 2.5 mL bottle, 1 box (GPP)",20250313
1243137,"latanoprostene bunod 24 mg/100 mL eye drops, solution, 1 x 5 mL bottle, 1 box (GPP)",20220915
1243116,"latanoprostene bunod 24 mg/100 mL eye drops, solution, 5 mL bottle (GPP)",20220915
1181708,"lauromacrogol 400 3 g/100 mL solution for injection, 2 mL ampoule (GPP)",20210312
1181720,"lauromacrogol 400 3 g/100 mL solution for injection, 5 x 2 mL ampoule, 1 box (GPP)",20210312
1137991,"lavender oil 150 mg capsule, soft, 10 capsule, 1 blister (GPP)",20200227
1138019,"lavender oil 150 mg capsule, soft, 30 capsule (3 x 10 capsule blister), 1 box (GPP)",20200227
1085408,"ledipasvir 90 mg + sofosbuvir 400 mg film-coated tablet, 28 tablet (1 x 28 tablet bottle), 1 box (GPP)",20190216
1085386,"ledipasvir 90 mg + sofosbuvir 400 mg film-coated tablet, 28 tablet, 1 bottle (GPP)",20190216
1106582,"leflunomide 20 mg film-coated tablet, 10 tablet, 1 blister (GPP)",20190411
1097105,"leflunomide 20 mg film-coated tablet, 30 tablet (1 x 30 tablet bottle), 1 box (GPP)",20190216
1106609,"leflunomide 20 mg film-coated tablet, 30 tablet (3 x 10 tablet blister), 1 box (GPP)",20190411
1045810,"leflunomide 20 mg film-coated tablet, 30 tablet, 1 bottle (GPP)",20181217
1250210,"lemborexant 5 mg film-coated tablet, 14 tablet, 1 blister (GPP)",20221216
1250234,"lemborexant 5 mg film-coated tablet, 28 tablet (2 x 14 tablet blister), 1 box (GPP)",20221216
1140175,"lenalidomide 10 mg capsule, hard, 21 capsule (3 x 7 capsule blister), 1 box (GPP)",20200314
1140152,"lenalidomide 10 mg capsule, hard, 7 capsule blister (GPP)",20240530
1143938,"lenalidomide 15 mg capsule, hard, 21 capsule (3 x 7 capsule blister), 1 box (GPP)",20200429
1143917,"lenalidomide 15 mg capsule, hard, 7 capsule blister (GPP)",20240530
1302777,"lenalidomide 25 mg capsule, hard, 21 capsule (1 x 21 capsule bottle), 1 box (GPP)",20240802
1136977,"lenalidomide 25 mg capsule, hard, 21 capsule (3 x 7 capsule blister), 1 box (GPP)",20200213
1302754,"lenalidomide 25 mg capsule, hard, 21 capsule, bottle (GPP)",20240802
1136954,"lenalidomide 25 mg capsule, hard, 7 capsule, 1 blister (GPP)",20200213
1143870,"lenalidomide 5 mg capsule, hard, 21 capsule (3 x 7 capsule blister), 1 box (GPP)",20200429
1143858,"lenalidomide 5 mg capsule, hard, 7 capsule, 1 blister (GPP)",20200429
1096878,"lenvatinib 10 mg capsule, hard, 10 capsule, 1 blister (GPP)",20190216
1096897,"lenvatinib 10 mg capsule, hard, 20 capsule (2 x 10 capsule blister), 1 box (GPP)",20190216
1096832,"lenvatinib 4 mg capsule, hard, 10 capsule, 1 blister (GPP)",20190216
1096850,"lenvatinib 4 mg capsule, hard, 20 capsule (2 x 10 capsule blister), 1 box (GPP)",20190216
1093726,"lercanidipine hydrochloride 10 mg film-coated tablet, 14 tablet, 1 blister (GPP)",20190216
1093742,"lercanidipine hydrochloride 10 mg film-coated tablet, 28 tablet (2 x 14 tablet blister), 1 box (GPP)",20190216
1067996,"lercanidipine hydrochloride 20 mg film-coated tablet, 14 tablet, 1 blister (GPP)",20190216
1068013,"lercanidipine hydrochloride 20 mg film-coated tablet, 28 tablet (2 x 14 tablet blister), 1 box (GPP)",20190216
1245513,"letermovir 240 mg film-coated tablet, 28 tablet (4 x 7 tablet blister), 1 box (GPP)",20221104
1245495,"letermovir 240 mg film-coated tablet, 7 tablet, 1 blister (GPP)",20221104
1259752,"letermovir 240 mg/12 mL concentrate for solution for infusion, 1 x 12 mL vial, 1 box (GPP)",20230401
1259734,"letermovir 240 mg/12 mL concentrate for solution for infusion, 12 mL vial (GPP)",20230401
1069190,"letrozole 2.5 mg film-coated tablet, 10 tablet, 1 blister (GPP)",20190216
1097053,"letrozole 2.5 mg film-coated tablet, 10 tablet, 1 strip (GPP)",20190216
1069212,"letrozole 2.5 mg film-coated tablet, 30 tablet (3 x 10 tablet blister), 1 box (GPP)",20190216
1097076,"letrozole 2.5 mg film-coated tablet, 30 tablet (3 x 10 tablet strip), 1 box (GPP)",20190216
1050607,"leuprorelin acetate 1.88 mg powder and solvent for prolonged-release suspension for injection, 1 prefilled syr, 1 box (GPP)",20190120
1050682,"leuprorelin acetate 11.25 mg powder and solvent for prolonged-release suspension for injection, 1 prefilled syr (1 x 1 prefilled syr), 1 box (GPP)",20230217
1254697,"leuprorelin acetate 11.25 mg powder and solvent for prolonged-release suspension for injection, 1 prefilled syr (GPP)",20230217
1050648,"leuprorelin acetate 3.75 mg powder and solvent for prolonged-release suspension for injection, 1 prefilled syr (1 x 1 prefilled syr), 1 box (GPP)",20230217
1254678,"leuprorelin acetate 3.75 mg powder and solvent for prolonged-release suspension for injection, 1 prefilled syr (GPP)",20230217
1103604,"leuprorelin acetate 3.75 mg powder and solvent for prolonged-release suspension for injection, 1 vial, 1 box (GPP)",20190315
1314303,"leuprorelin acetate 30 mg powder and solvent for prolonged-release suspension for injection, 1 prefilled syr (GPP)",20241117
1314326,"leuprorelin acetate 30 mg powder and solvent for prolonged-release suspension for injection, 1 prefilled syr, 1 box (GPP)",20241117
1105599,"levamlodipine 2.5 mg tablet, 10 tablet, 1 blister (GPP)",20190331
1105612,"levamlodipine 2.5 mg tablet, 100 tablet (10 x 10 tablet blister), 1 box (GPP)",20190331
1104496,"levetiracetam 1 g film-coated tablet, 10 tablet, 1 blister (GPP)",20190331
1104514,"levetiracetam 1 g film-coated tablet, 60 tablet (6 x 10 tablet blister), 1 box (GPP)",20190331
1187824,"levetiracetam 100 mg/1 mL oral solution, 1 bottle, 1 box (GPP)",20241117
1187807,"levetiracetam 100 mg/1 mL oral solution, 300 mL bottle (GPP)",20210418
1077535,"levetiracetam 250 mg film-coated tablet, 10 tablet blister (GPP)",20240301
1077557,"levetiracetam 250 mg film-coated tablet, 30 tablet (3 x 10 tablet blister), 1 box (GPP)",20190216
1288820,"levetiracetam 250 mg film-coated tablet, 60 tablet (6 x 10 tablet blister), 1 box (GPP)",20231203
1077492,"levetiracetam 500 mg film-coated tablet, 10 tablet blister (GPP)",20240501
1238858,"levetiracetam 500 mg film-coated tablet, 30 tablet (3 x 10 tablet blister), 1 box (GPP)",20220630
1077519,"levetiracetam 500 mg film-coated tablet, 60 tablet (6 x 10 tablet blister), 1 box (GPP)",20190216
1171983,"levetiracetam 500 mg/5 mL concentrate for solution for infusion, 1 x 5 mL vial, 1 box (GPP)",20210113
1201051,"levetiracetam 500 mg/5 mL concentrate for solution for infusion, 10 x 5 mL vial, 1 box (GPP)",20210901
1171965,"levetiracetam 500 mg/5 mL concentrate for solution for infusion, 5 mL vial (GPP)",20210113
1130203,"levocetirizine dihydrochloride 5 mg film-coated tablet, 1 blister, 1 box (GPP)",20240831
1074874,"levocetirizine dihydrochloride 5 mg film-coated tablet, 10 blister, 1 box (GPP)",20240831
1074857,"levocetirizine dihydrochloride 5 mg film-coated tablet, 10 tablet, blister (GPP)",20240831
1289154,"levodropropizine 600 mg/100 mL syrup, 1 x 60 mL bottle, 1 box (GPP)",20231216
1289131,"levodropropizine 600 mg/100 mL syrup, 60 mL bottle (GPP)",20231216
1061185,"levofloxacin 100 mg film-coated tablet, 10 tablet (1 x 10 tablet blister), 1 box (GPP)",20190216
1061163,"levofloxacin 100 mg film-coated tablet, 10 tablet, 1 blister (GPP)",20190216
1277759,"levofloxacin 250 mg film-coated tablet, 10 tablet, 1 blister (GPP)",20230804
1277771,"levofloxacin 250 mg film-coated tablet, 100 tablet (10 x 10 tablet blister), 1 box (GPP)",20230804
1196663,"levofloxacin 250 mg/50 mL solution for infusion, 1 x 50 mL bag, 1 box (GPP)",20210731
1196644,"levofloxacin 250 mg/50 mL solution for infusion, 50 mL bag (GPP)",20210731
1268587,"levofloxacin 50 mg/1 mL oral suspension, 30 mL bottle (GPP)",20230617
1065770,"levofloxacin 500 mg film-coated tablet, 10 tablet (1 x 10 tablet blister), 1 box (GPP)",20190216
1057959,"levofloxacin 500 mg film-coated tablet, 10 tablet (2 x 5 tablet blister), 1 box (GPP)",20190216
1065758,"levofloxacin 500 mg film-coated tablet, 10 tablet blister (GPP)",20240216
1095920,"levofloxacin 500 mg film-coated tablet, 100 tablet (10 x 10 tablet blister), 1 box (GPP)",20190216
1057937,"levofloxacin 500 mg film-coated tablet, 5 tablet, 1 blister (GPP)",20190216
1115381,"levofloxacin 500 mg/100 mL eye drops, solution, 1 x 5 mL bottle, 1 box (GPP)",20220630
1239073,"levofloxacin 500 mg/100 mL eye drops, solution, 5 mL bottle (GPP)",20220630
1214412,"levofloxacin 500 mg/100 mL solution for infusion, 1 vial, 1 box (GPP)",20241117
1196732,"levofloxacin 500 mg/100 mL solution for infusion, 1 x 100 mL bag, 1 box (GPP)",20210731
1196713,"levofloxacin 500 mg/100 mL solution for infusion, 100 mL bag (GPP)",20210731
1214393,"levofloxacin 500 mg/100 mL solution for infusion, 100 mL vial (GPP)",20211202
1295262,"levofloxacin 750 mg film-coated tablet, 10 tablet blister (GPP)",20240412
1104454,"levofloxacin 750 mg film-coated tablet, 5 tablet (1 x 5 tablet blister), 1, 5 tablet (1 x 5 tablet blister), 1 box (GPP)",20240412
1104431,"levofloxacin 750 mg film-coated tablet, 5 tablet, 1 blister (GPP)",20190331
1196807,"levofloxacin 750 mg/150 mL solution for infusion, 1 x 150 mL bag, 1 box (GPP)",20210731
1214372,"levofloxacin 750 mg/150 mL solution for infusion, 1 x 150 mL bottle, 1 box (GPP)",20211202
1196784,"levofloxacin 750 mg/150 mL solution for infusion, 150 mL bag (GPP)",20210731
1214355,"levofloxacin 750 mg/150 mL solution for infusion, 150 mL bottle (GPP)",20211202
1110994,"levofloxacin 750 mg/150 mL solution for infusion, 150 mL vial, 1 box (GPP)",20190504
1120824,"levonorgestrel 1.5 mg film-coated tablet, 1 tablet (1 x 1 tablet blister), 1 box (GPP)",20190803
1120807,"levonorgestrel 1.5 mg film-coated tablet, 1 tablet, 1 blister (GPP)",20190803
1050393,"levonorgestrel 1.5 mg tablet, 1 tablet, 1 blister (GPP)",20190120
1050412,"levonorgestrel 1.5 mg tablet, 20 tablet (20 x 1 tablet blister), 1 box (GPP)",20190120
1275379,"levonorgestrel 750 mcg tablet, 1 x 2 tablets blister tablet, 1, 1 x 2 tablets blister pack, 1 box (GPP)",20231203
1288428,"levonorgestrel 750 mcg tablet, 2 tablets pack, 1 blister (GPP)",20231203
1275351,"levonorgestrel 750 mcg tablet, 2 x 2 tablets tablet, 1 blister (GPP)",20230715
1163429,"levothyroxine sodium 100 mcg coated tablet, 1000 tablet, 1 jar (GPP)",20201002
1064871,"levothyroxine sodium 100 mcg tablet, 10 tablet, 1 blister (GPP)",20190216
1264332,"levothyroxine sodium 100 mcg tablet, 10 tablet, 1 strip (GPP)",20230604
1059180,"levothyroxine sodium 100 mcg tablet, 100 tablet (1 x 100 tablet jar), 1 box (GPP)",20190216
1059167,"levothyroxine sodium 100 mcg tablet, 100 tablet, 1 jar (GPP)",20190216
1163349,"levothyroxine sodium 100 mcg tablet, 1000 tablet, 1 bottle (GPP)",20201002
1163365,"levothyroxine sodium 100 mcg tablet, 1000 tablet, 1 jar (GPP)",20201002
1064892,"levothyroxine sodium 100 mcg tablet, 500 tablet (50 x 10 tablet blister), 1 box (GPP)",20190216
1264350,"levothyroxine sodium 100 mcg tablet, 500 tablet (50 x 10 tablet strip), 1 box (GPP)",20230604
1154118,"levothyroxine sodium 20 mcg/1 mL oral suspension, 50 mL bottle (GPP)",20200719
1064918,"levothyroxine sodium 50 mcg tablet, 10 tablet, 1 blister (GPP)",20190216
1095619,"levothyroxine sodium 50 mcg tablet, 100 tablet (4 x 25 tablet blister), 1 box (GPP)",20190216
1095592,"levothyroxine sodium 50 mcg tablet, 25 tablet, 1 blister (GPP)",20190216
1064939,"levothyroxine sodium 50 mcg tablet, 500 tablet (50 x 10 tablet blister), 1 box (GPP)",20190216
1198881,"lidocaine 10 g/100 g cream, 1 x 30 g tube, 1 box (GPP)",20210813
1198868,"lidocaine 10 g/100 g cream, 30 g tube (GPP)",20210813
1137083,"lidocaine 10 g/100 g cream, 500 g jar, 1 box (GPP)",20200213
1324913,"lidocaine 10 g/100 mL oromucosal spray, solution, 1 x 50 mL bottle, 1 bottle (GPP)",20250301
1324932,"lidocaine 10 g/100 mL oromucosal spray, solution, 1 x 50 mL bottle, 1 box (GPP)",20250301
1295227,"lidocaine 2.5 g/100 g + prilocaine 2.5 g/100 g cream, 1 x 30 g tube, 1 box (GPP)",20240412
1295204,"lidocaine 2.5 g/100 g + prilocaine 2.5 g/100 g cream, 30 g tube (GPP)",20240412
1215736,"lidocaine 200 mg/10 mL + oxytetracycline 500 mg/10 mL solution for injection, 1 x 10 mL vial, 1 box (GPP)",20211202
1215715,"lidocaine 200 mg/10 mL + oxytetracycline 500 mg/10 mL solution for injection, 10 mL vial (GPP)",20211202
1274352,"lidocaine hydrochloride 1 g/100 mL oromucosal solution, 30 mL bottle (GPP)",20230701
1181643,"lidocaine hydrochloride 1 g/50 mL solution for injection, 1 x 50 mL vial, 1 box (GPP)",20210312
1311063,"lidocaine hydrochloride 1 g/50 mL solution for injection, 5 vial, 1 box (GPP)",20241005
1181627,"lidocaine hydrochloride 1 g/50 mL solution for injection, 50 mL vial (GPP)",20210312
1105394,"lidocaine hydrochloride 10 g/100 mL oromucosal spray, solution, 1 x 50 mL bottle, 1 box (GPP)",20230715
1276062,"lidocaine hydrochloride 10 g/100 mL oromucosal spray, solution, 50 mL bottle (GPP)",20230715
1284834,"lidocaine hydrochloride 100 mg/5 mL solution for injection, 20 x 5 mL vial, 1 box (GPP)",20231001
1284810,"lidocaine hydrochloride 100 mg/5 mL solution for injection, 5 mL vial (GPP)",20231001
1204588,"lidocaine hydrochloride 2 g/100 mL oromucosal solution, 1 x 100 mL bottle, 1 box (GPP)",20211014
1204561,"lidocaine hydrochloride 2 g/100 mL oromucosal solution, 100 mL bottle (GPP)",20211014
1311102,"lidocaine hydrochloride 200 mg/10 mL solution for injection, 10 ampoule, 1 box (GPP)",20241005
1311085,"lidocaine hydrochloride 200 mg/10 mL solution for injection, 10 mL ampoule (GPP)",20241005
1308064,"lidocaine hydrochloride 200 mg/20 mL solution for injection, 10 vial, 1 box (GPP)",20240913
1275403,"lidocaine hydrochloride 200 mg/20 mL solution for injection, 20 mL vial (GPP)",20230715
1194354,"lidocaine hydrochloride 30 mg/2 mL + paracetamol 300 mg/2 mL solution for injection, 2 mL ampoule (GPP)",20210715
1194377,"lidocaine hydrochloride 30 mg/2 mL + paracetamol 300 mg/2 mL solution for injection, 50 x 2 mL ampoule, 1 box (GPP)",20210715
1181529,"lidocaine hydrochloride 40 mg/2 mL solution for injection, 1 x 2 mL vial, 1 box (GPP)",20210312
1311141,"lidocaine hydrochloride 40 mg/2 mL solution for injection, 10 ampoule, 1 box (GPP)",20241005
1311125,"lidocaine hydrochloride 40 mg/2 mL solution for injection, 2 mL ampoule (GPP)",20241005
1181501,"lidocaine hydrochloride 40 mg/2 mL solution for injection, 2 mL vial (GPP)",20210312
1180908,"lidocaine hydrochloride 40 mg/4 mL solution for injection, 10 x 4 mL ampoule, 1 box (GPP)",20210312
1180880,"lidocaine hydrochloride 40 mg/4 mL solution for injection, 4 mL ampoule (GPP)",20210312
1181586,"lidocaine hydrochloride 400 mg/20 mL solution for injection, 1 x 20 mL vial, 1 box (GPP)",20210312
1311037,"lidocaine hydrochloride 400 mg/20 mL solution for injection, 10 vial, 1 box (GPP)",20241005
1181564,"lidocaine hydrochloride 400 mg/20 mL solution for injection, 20 mL vial (GPP)",20210312
1311000,"lidocaine hydrochloride 500 mg/50 mL solution for injection, 5 vial, 1 box (GPP)",20241005
1310983,"lidocaine hydrochloride 500 mg/50 mL solution for injection, 50 mL vial (GPP)",20241005
1053008,"limaprost 5 mcg tablet, 21 tablet, 1 blister (GPP)",20190216
1053020,"limaprost 5 mcg tablet, 210 tablet (10 x 21 tablet blister), 1 box (GPP)",20190216
1066446,"linagliptin 2.5 mg + metformin hydrochloride 1 g film-coated tablet, 10 tablet, 1 blister (GPP)",20190216
1239574,"linagliptin 2.5 mg + metformin hydrochloride 1 g film-coated tablet, 60 tablet (1 x 60 tablet bottle), 1 box (GPP)",20220716
1066467,"linagliptin 2.5 mg + metformin hydrochloride 1 g film-coated tablet, 60 tablet (6 x 10 tablet blister), 1 box (GPP)",20190216
1239557,"linagliptin 2.5 mg + metformin hydrochloride 1 g film-coated tablet, 60 tablet, 1 bottle (GPP)",20220716
1065151,"linagliptin 2.5 mg + metformin hydrochloride 500 mg film-coated tablet, 10 tablet, 1 blister (GPP)",20190216
1239638,"linagliptin 2.5 mg + metformin hydrochloride 500 mg film-coated tablet, 60 tablet (1 x 60 tablet bottle), 1 box (GPP)",20220716
1065179,"linagliptin 2.5 mg + metformin hydrochloride 500 mg film-coated tablet, 60 tablet (6 x 10 tablet blister), 1 box (GPP)",20190216
1239617,"linagliptin 2.5 mg + metformin hydrochloride 500 mg film-coated tablet, 60 tablet, 1 bottle (GPP)",20220716
1065114,"linagliptin 5 mg film-coated tablet, 10 tablet, 1 blister (GPP)",20190216
1065133,"linagliptin 5 mg film-coated tablet, 30 tablet (3 x 10 tablet blister), 1 box (GPP)",20190216
1095996,"linezolid 600 mg film-coated tablet, 10 tablet (1 x 10 tablet blister), 1 box (GPP)",20190216
1095977,"linezolid 600 mg film-coated tablet, 10 tablet, blister (GPP)",20240802
1299670,"linezolid 600 mg/300 mL solution for infusion, 300 mL bag (GPP)",20240530
1222690,"lipegfilgrastim 6 mg/0.6 mL solution for injection, 0.6 mL prefilled syr (GPP)",20220203
1222711,"lipegfilgrastim 6 mg/0.6 mL solution for injection, 1 x 0.6 mL prefilled syr, 1 box (GPP)",20220203
1062993,"lipidosterolic extract of serenoa repens 160 mg capsule, hard, 15 capsule, 1 blister (GPP)",20190216
1063016,"lipidosterolic extract of serenoa repens 160 mg capsule, hard, 30 capsule (2 x 15 capsule blister), 1 box (GPP)",20190216
1284187,"liraglutide 18 mg/3 mL solution for injection, 3 mL prefilled pen (GPP)",20231001
1121143,"liraglutide 18 mg/3 mL solution for injection, 3 x 3 mL prefilled pen, 1 box (GPP)",20231001
1093925,"lisinopril 10 mg tablet, 10 tablet, 1 blister (GPP)",20190216
1093844,"lisinopril 10 mg tablet, 14 tablet, 1 blister (GPP)",20190216
1093863,"lisinopril 10 mg tablet, 28 tablet (2 x 14 tablet blister), 1 box (GPP)",20190216
1093941,"lisinopril 10 mg tablet, 30 tablet (3 x 10 tablet blister), 1 box (GPP)",20190216
1093885,"lisinopril 5 mg tablet, 10 tablet, 1 blister (GPP)",20190216
1093800,"lisinopril 5 mg tablet, 14 tablet, 1 blister (GPP)",20190216
1093828,"lisinopril 5 mg tablet, 28 tablet (2 x 14 tablet blister), 1 box (GPP)",20190216
1093902,"lisinopril 5 mg tablet, 30 tablet (3 x 10 tablet blister), 1 box (GPP)",20190216
1201476,"lithium carbonate 300 mg capsule, hard, 500 capsule, 1 bottle (GPP)",20210901
1271423,"lonoctocog alfa 500 iu powder and solvent for solution for injection, 1 vial (1 x 1 vial), 1 box (GPP)",20230621
1271358,"lonoctocog alfa 500 iu powder and solvent for solution for injection, 1 vial (GPP)",20230617
1079378,"loperamide 2 mg capsule, hard, 10 capsule, 1 blister (GPP)",20190216
1060348,"loperamide 2 mg capsule, hard, 120 capsule (20 x 6 capsule strip), 1 box (GPP)",20190216
1310206,"loperamide 2 mg capsule, hard, 20 blister, 1 box (GPP)",20241005
1079397,"loperamide 2 mg capsule, hard, 250 capsule (25 x 10 capsule blister), 1 box (GPP)",20190216
1237173,"loperamide 2 mg capsule, hard, 500 capsule, 1 jar (GPP)",20220602
1060324,"loperamide 2 mg capsule, hard, 6 capsule, 1 strip (GPP)",20190216
1310186,"loperamide 2 mg capsule, hard, 6 capsule, blister (GPP)",20241005
1215864,"loperamide 2 mg tablet, 10 tablet, 1 blister (GPP)",20211202
1079418,"loperamide 2 mg tablet, 10 tablet, 1 strip (GPP)",20190216
1231795,"loperamide 2 mg tablet, 1000 tablet, 1 jar (GPP)",20220413
1079439,"loperamide 2 mg tablet, 250 tablet (25 x 10 tablet strip), 1 box (GPP)",20190216
1215886,"loperamide 2 mg tablet, 500 tablet (50 x 10 tablet blister), 1 box (GPP)",20211202
1055427,"lopinavir 100 mg + ritonavir 25 mg film-coated tablet, 60 tablet (1 x 60 tablet bottle), 1 box (GPP)",20190216
1055404,"lopinavir 100 mg + ritonavir 25 mg film-coated tablet, 60 tablet, 1 bottle (GPP)",20190216
1142712,"lopinavir 200 mg + ritonavir 50 mg film-coated tablet, 120 tablet (1 x 120 tablet bottle), 1 box (GPP)",20200404
1142691,"lopinavir 200 mg + ritonavir 50 mg film-coated tablet, 120 tablet, 1 bottle (GPP)",20200404
1326429,"loratadine 10 mg chewable tablet, 1 blister, 1 box (GPP)",20250313
1326401,"loratadine 10 mg chewable tablet, 10 tablet, 1 blister (GPP)",20250313
1228037,"loratadine 10 mg film-coated tablet, 10 tablet, 1 blister (GPP)",20220330
1228059,"loratadine 10 mg film-coated tablet, 100 tablet (10 x 10 tablet blister), 1 box (GPP)",20220330
1240403,"loratadine 10 mg tablet, 10 tablet (1 x 10 tablet blister), 1 box (GPP)",20220730
1045295,"loratadine 10 mg tablet, 10 tablet, blister (GPP)",20240817
1045314,"loratadine 10 mg tablet, 100 tablet (10 x 10 tablet blister), 1 box (GPP)",20181217
1207874,"loratadine 10 mg tablet, 500 tablet (50 x 10 tablet blister), 1 box (GPP)",20211110
1326832,"loratadine 5 mg chewable tablet, 1 blister, 1 box (GPP)",20250313
1326813,"loratadine 5 mg chewable tablet, 10 tablet, 1 blister (GPP)",20250313
1169268,"loratadine 5 mg/5 mL syrup, 1 x 60 mL bottle, 1 box (GPP)",20201202
1169247,"loratadine 5 mg/5 mL syrup, 60 mL bottle (GPP)",20201202
1210952,"lorazepam 1 mg tablet, 10 tablet, 1 blister (GPP)",20211202
1076941,"lorazepam 1 mg tablet, 10 tablet, 1 strip (GPP)",20190216
1076960,"lorazepam 1 mg tablet, 1000 tablet (100 x 10 tablet strip), 1 box (GPP)",20190216
1210975,"lorazepam 1 mg tablet, 1000 tablet (100 x 10 tablet), 1 box (GPP)",20211202
1235894,"lorazepam 1 mg tablet, 1000 tablet, 1 jar (GPP)",20220514
1210999,"lorazepam 2 mg tablet, 10 tablet, 1 blister (GPP)",20211202
1264690,"lorazepam 2 mg tablet, 10 tablet, 1 strip (GPP)",20230604
1211019,"lorazepam 2 mg tablet, 1000 tablet (100 x 10 tablet blister), 1 box (GPP)",20211202
1264711,"lorazepam 2 mg tablet, 1000 tablet (100 x 10 tablet strip), 1 box (GPP)",20230604
1210910,"lorazepam 500 mcg tablet, 10 tablet, 1 blister (GPP)",20211202
1076987,"lorazepam 500 mcg tablet, 10 tablet, 1 strip (GPP)",20190216
1210934,"lorazepam 500 mcg tablet, 1000 tablet (100 x 10 tablet blister), 1 box (GPP)",20211202
1077002,"lorazepam 500 mcg tablet, 1000 tablet (100 x 10 tablet strip), 1 box (GPP)",20190216
1166477,"lorlatinib 100 mg film-coated tablet, 10 tablet, 1 blister (GPP)",20201114
1166496,"lorlatinib 100 mg film-coated tablet, 30 tablet (3 x 10 tablet blister), 1 box (GPP)",20201114
1166567,"lorlatinib 25 mg film-coated tablet, 10 tablet, 1 blister (GPP)",20201114
1166580,"lorlatinib 25 mg film-coated tablet, 120 tablet (12 x 10 tablet blister), 1 box (GPP)",20201114
1068111,"losartan potassium 100 mg film-coated tablet, 10 tablet, 1 blister (GPP)",20190216
1225041,"losartan potassium 100 mg film-coated tablet, 100 tablet (10 x 10 tablet blister), 1 box (GPP)",20220303
1214184,"losartan potassium 100 mg film-coated tablet, 1000 tablet (100 x 10 tablet blister), 1 box (GPP)",20211202
1313041,"losartan potassium 100 mg film-coated tablet, 15 tablet, blister (GPP)",20241102
1313060,"losartan potassium 100 mg film-coated tablet, 20 blister, 1 box (GPP)",20241102
1094139,"losartan potassium 100 mg film-coated tablet, 30 tablet (3 x 10 tablet blister), 1 box (GPP)",20190216
1068130,"losartan potassium 100 mg film-coated tablet, 300 tablet (30 x 10 tablet blister), 1 box (GPP)",20190216
1268692,"losartan potassium 2.5 mg/1 mL oral suspension, 20 mL bottle (GPP)",20230617
1068078,"losartan potassium 50 mg film-coated tablet, 10 tablet, 1 blister (GPP)",20190216
1225060,"losartan potassium 50 mg film-coated tablet, 100 tablet (10 x 10 tablet blister), 1 box (GPP)",20220303
1203818,"losartan potassium 50 mg film-coated tablet, 1000 tablet (100 x 10 tablet blister), 1 box (GPP)",20210930
1094085,"losartan potassium 50 mg film-coated tablet, 15 tablet, blister (GPP)",20241102
1313094,"losartan potassium 50 mg film-coated tablet, 20 blister, 1 box (GPP)",20241102
1094102,"losartan potassium 50 mg film-coated tablet, 30 tablet (2 x 15 tablet blister), 1 box (GPP)",20190216
1094160,"losartan potassium 50 mg film-coated tablet, 30 tablet (3 x 10 tablet blister), 1 box (GPP)",20190216
1068097,"losartan potassium 50 mg film-coated tablet, 300 tablet (30 x 10 tablet blister), 1 box (GPP)",20190216
1070211,"loxoprofen 60 mg tablet, 10 tablet, 1 blister (GPP)",20190216
1070230,"loxoprofen 60 mg tablet, 20 tablet (2 x 10 tablet blister), 1 box (GPP)",20190216
1202878,"lubricating agent 10 g gel, 1 x 10 g tube, 1 box (GPP)",20210915
1202850,"lubricating agent 10 g gel, 10 g tube (GPP)",20210915
1248151,"lubricating agent 50 g gel, 1 x 50 g tube, 1 box (GPP)",20221112
1248133,"lubricating agent 50 g gel, 50 g tube (GPP)",20221112
1044811,"lubricating agent gel, 50 g tube, 1 box (GPP)",20181217
1252133,"lurasidone hydrochloride 20 mg film-coated tablet, 10 tablet, 1 blister (GPP)",20230113
1252151,"lurasidone hydrochloride 20 mg film-coated tablet, 30 tablet (3 x 10 tablet blister), 1 box (GPP)",20230113
1061417,"luseogliflozin 2.5 mg film-coated tablet, 10 tablet, 1 blister (GPP)",20190216
1061438,"luseogliflozin 2.5 mg film-coated tablet, 100 tablet (10 x 10 tablet blister), 1 box (GPP)",20190216
1061455,"luseogliflozin 5 mg film-coated tablet, 10 tablet, 1 blister (GPP)",20190216
1061472,"luseogliflozin 5 mg film-coated tablet, 100 tablet (10 x 10 tablet blister), 1 box (GPP)",20190216
1291526,"luspatercept 25 mg powder for solution for injection, 1 vial (1 x 1 vial), 1 box (GPP)",20240216
1291503,"luspatercept 25 mg powder for solution for injection, 1 vial (GPP)",20240216
1252394,"luspatercept 25 mg powders for solution for injection, 1 vial (1 x 1 vial), 1 box (GPP)",20230113
1252373,"luspatercept 25 mg powders for solution for injection, 1 vial (GPP)",20230113
1291601,"luspatercept 75 mg powder for solution for injection, 1 vial (1 x 1 vial), 1 box (GPP)",20240216
1291588,"luspatercept 75 mg powder for solution for injection, 1 vial (GPP)",20240216
1252484,"luspatercept 75 mg powders for solution for injection, 1 vial (1 x 1 vial), 1 box (GPP)",20230113
1252466,"luspatercept 75 mg powders for solution for injection, 1 vial (GPP)",20230113
1267719,"lynestrenol 500 mcg tablet, 1 x 28 tablets tablet, 1 box (GPP)",20230617
1267695,"lynestrenol 500 mcg tablet, 28 x 28 tablets tablet, 1 blister (GPP)",20230617
1249674,"lysine + multivitamins syrup, 1 x 120 mL bottle, 1 box (GPP)",20221202
1249635,"lysine + multivitamins syrup, 1 x 60 mL bottle, 1 box (GPP)",20221202
1249657,"lysine + multivitamins syrup, 120 mL bottle (GPP)",20221202
1249619,"lysine + multivitamins syrup, 60 mL bottle (GPP)",20221202
1093204,"macitentan 10 mg film-coated tablet, 15 tablet, 1 blister (GPP)",20190216
1093227,"macitentan 10 mg film-coated tablet, 30 tablet (2 x 15 tablet blister), 1 box (GPP)",20190216
1319464,"macrogol 400 400 mg/100 mL + propylene glycol 300 mg/100 mL eye drops, solution, 1 bottle, 1 box (GPP)",20241225
1319440,"macrogol 400 400 mg/100 mL + propylene glycol 300 mg/100 mL eye drops, solution, 10 mL bottle (GPP)",20241225
1315130,"macrogol 4000 118 g/137.155 g + potassium chloride 1.485 g/137.155 g + sodium bicarbonate 3.37 g/137.155 g + sodium chloride 2.93 g/137.155 g + sodium sulfate 11.37 g/137.155 g powder for oral solution, 10 sachet, 1 box (GPP)",20250118
1315111,"macrogol 4000 118 g/137.155 g + potassium chloride 1.485 g/137.155 g + sodium bicarbonate 3.37 g/137.155 g + sodium chloride 2.93 g/137.155 g + sodium sulfate 11.37 g/137.155 g powder for oral solution, 137.155 g sachet (GPP)",20250118
1260936,"macrogol 4000 45 g/52.17 g + potassium chloride 558 mg/52.17 g + sodium bicarbonate 1.26 g/52.17 g + sodium chloride 1.09 g/52.17 g + sodium sulfate 4.26 g/52.17 g powder for oral solution, 52.17 g sachet (GPP)",20230412
1186566,"macrogol 4000 46.09 g/55 g + potassium chloride 6.29 g/55 g + sodium bicarbonate 1.407 g/55 g + sodium chloride 1.22 g/55 g powder for oral solution, 55 g sachet (GPP)",20221104
1247444,"macrogol 4000 59 g/68.578 g + potassium chloride 743 mg/68.578 g + sodium bicarbonate 1.685 g/68.578 g + sodium chloride 1.465 g/68.578 g + sodium sulfate 5.685 g/68.578 g powder for oral solution, 68.578 g sachet (GPP)",20221112
1161368,"magnesium chloride 10 g/100 mL oral solution, 60 mL bottle (GPP)",20200920
1275461,"magnesium chloride 10 g/100 mL solution, 240 mL bottle (GPP)",20230715
1303891,"magnesium chloride hexahydrate 30 mg/100 mL + potassium chloride 37 mg/100 mL + sodium acetate trihydrate 368 mg/100 mL + sodium chloride 526 mg/100 mL + sodium gluconate 502 mg/100 mL solution for infusion, 1000 mL bag (GPP)",20240802
1188987,"magnesium hydroxide 3.88 g/5 mL + mineral oil 1.25 mL/5 mL oral suspension, 120 mL bottle (GPP)",20210429
1078497,"magnesium hydroxide 300 mg tablet, 100 tablet, 1 bottle (GPP)",20190216
1125941,"magnesium hydroxide 300 mg tablet, 1000 tablet, 1 bottle (GPP)",20190913
1124597,"magnesium hydroxide 325 mg tablet, 100 tablet, 1 bottle (GPP)",20190913
1124578,"magnesium hydroxide 325 mg tablet, 1000 tablet, 1 bottle (GPP)",20190913
1261318,"magnesium hydroxide 375 mg/5 mL oral suspension, 30 mL bottle (GPP)",20230412
1325753,"magnesium hydroxide 400 mg/5 mL oral suspension, 1 x 240 mL bottle, 1 bottle (GPP)",20250313
1325730,"magnesium hydroxide 400 mg/5 mL oral suspension, 1 x 450 mL bottle, 1 bottle (GPP)",20250313
1045118,"magnesium hydroxide 400 mg/5 mL oral suspension, 120 mL bottle, 1 bottle (GPP)",20181217
1259163,"magnesium hydroxide 7.5 g/100 mL oral suspension, 1 L gallon (GPP)",20230401
1259214,"magnesium hydroxide 7.5 g/100 mL oral suspension, 120 mL bottle (GPP)",20230401
1259267,"magnesium hydroxide 7.5 g/100 mL oral suspension, 240 mL bottle (GPP)",20230401
1259312,"magnesium hydroxide 7.5 g/100 mL oral suspension, 500 mL bottle (GPP)",20230401
1214607,"magnesium sulfate 1 g/10 mL solution for injection/infusion, 10 mL ampoule (GPP)",20211202
1214624,"magnesium sulfate 1 g/10 mL solution for injection/infusion, 50 x 10 mL ampoule, 1 box (GPP)",20211202
1214648,"magnesium sulfate 1 g/2 mL solution for injection/infusion, 2 mL ampoule (GPP)",20211202
1214669,"magnesium sulfate 1 g/2 mL solution for injection/infusion, 50 x 2 mL ampoule, 1 box (GPP)",20211202
1150304,"magnesium sulfate 50 g/100 mL oral solution, 120 mL bottle (GPP)",20200705
1261506,"magnesium sulfate 50 g/100 mL oral solution, 240 mL bottle (GPP)",20230412
1270235,"magnesium sulfate 50 g/100 mL oral solution, 30 mL bottle (GPP)",20230617
1102532,"malayan pit viper antivenin 1.6 mg/1 mL powder and solvent for solution for injection, 10 mL vial, 1 box (GPP)",20190315
1067912,"manidipine hydrochloride 10 mg tablet, 10 tablet, 1 blister (GPP)",20190216
1067931,"manidipine hydrochloride 10 mg tablet, 100 tablet (10 x 10 tablet blister), 1 box (GPP)",20190216
1067954,"manidipine hydrochloride 20 mg tablet, 10 tablet, 1 blister (GPP)",20190216
1067977,"manidipine hydrochloride 20 mg tablet, 100 tablet (10 x 10 tablet blister), 1 box (GPP)",20190216
1154529,"manidipine hydrochloride 20 mg tablet, 500 tablet (50 x 10 tablet blister), 1 box (GPP)",20200801
1164596,"mannitol 20 g/100 mL solution for infusion, 100 mL bag (GPP)",20201016
1164622,"mannitol 20 g/100 mL solution for infusion, 250 mL bag (GPP)",20201016
1277792,"mannitol 20 g/100 mL solution for infusion, 250 mL bottle (GPP)",20230804
1164667,"mannitol 20 g/100 mL solution for infusion, 300 mL bag (GPP)",20201016
1107140,"measle 1000 ccid50 + mumps 1000 ccid50 + rubella 1000 ccid50 powder and solvent for solution for injection, 1 prefilled syr, 1 box (GPP)",20190411
1287259,"measle 1000 ccid50 + mumps 1000 ccid50 + rubella 1000 ccid50 powder and solvent for solution for injection, 1 vial (1 x 1 vial), 1 box (GPP)",20231104
1287237,"measle 1000 ccid50 + mumps 1000 ccid50 + rubella 1000 ccid50 powder and solvent for solution for injection, 1 vial (GPP)",20231104
1250585,"measle 1000 ccid50 + mumps 5000 ccid50 + rubella 1000 ccid50 powder and solvent for solution for injection, 1 vial (GPP)",20221216
1101562,"measle 1000 ccid50 + mumps 5000 ccid50 + rubella 1000 ccid50 powder and solvent for solution for injection, 5 vial (5 x 1 vial), 1 box (GPP)",20221216
1046711,"measle 1000 tcid50 + mumps 20000 tcid50 + rubella 1000 tcid50 + varicella zoster, live attenuated 10000 pfu powder and solvent for suspension for injection, 1 vial, 1 box (GPP)",20181217
1102986,"measle 1000 tcid50/0.5 mL + mumps 5000 tcid50/0.5 mL + rubella 1000 tcid50/0.5 mL solution for injection, 0.5 mL vial, 1 box (GPP)",20190315
1204191,"mebendazole 100 mg/5 mL oral suspension, 1 x 30 mL bottle, 1 box (GPP)",20211014
1204170,"mebendazole 100 mg/5 mL oral suspension, 30 mL bottle (GPP)",20211014
1057633,"mebeverine hydrochloride 135 mg coated tablet, 10 tablet, 1 blister (GPP)",20190216
1057651,"mebeverine hydrochloride 135 mg coated tablet, 50 tablet (5 x 10 tablet blister), 1 box (GPP)",20190216
1058846,"mebeverine hydrochloride 135 mg film-coated tablet, 10 tablet, 1 blister (GPP)",20190216
1058867,"mebeverine hydrochloride 135 mg film-coated tablet, 100 tablet (10 x 10 tablet blister), 1 box (GPP)",20190216
1126547,"mebhydrolin 50 mg capsule, hard, 1000 capsule, 1 jar (GPP)",20191004
1092979,"mecobalamin 500 mcg coated tablet, 10 tablet, 1 strip (GPP)",20190216
1092998,"mecobalamin 500 mcg coated tablet, 30 tablet (3 x 10 tablet strip), 1 box (GPP)",20190216
1066684,"mecobalamin 500 mcg film-coated tablet, 10 tablet, 1 blister (GPP)",20190216
1275488,"mecobalamin 500 mcg film-coated tablet, 10 tablet, 1 strip (GPP)",20230715
1275501,"mecobalamin 500 mcg film-coated tablet, 100 tablet (10 x 10 tablet strip), 1 box (GPP)",20230715
1066700,"mecobalamin 500 mcg film-coated tablet, 30 tablet (3 x 10 tablet blister), 1 box (GPP)",20190216
1066728,"mecobalamin 500 mcg film-coated tablet, 300 tablet (30 x 10 tablet blister), 1 box (GPP)",20190216
1068959,"medroxyprogesterone acetate 10 mg tablet, 100 tablet, 1 bottle (GPP)",20190216
1241017,"medroxyprogesterone acetate 150 mg/3 mL suspension for injection, 10 x 3 mL vial, 1 box (GPP)",20220810
1240997,"medroxyprogesterone acetate 150 mg/3 mL suspension for injection, 3 mL vial (GPP)",20220810
1095275,"medroxyprogesterone acetate 2.5 mg tablet, 100 tablet, 1 bottle (GPP)",20190216
1068937,"medroxyprogesterone acetate 5 mg tablet, 100 tablet, 1 bottle (GPP)",20190216
1069093,"medroxyprogesterone acetate 500 mg tablet, 10 tablet, 1 blister (GPP)",20190216
1069119,"medroxyprogesterone acetate 500 mg tablet, 30 tablet (3 x 10 tablet blister), 1 box (GPP)",20190216
1191703,"mefenamic acid 250 mg capsule, hard, 10 capsule, 1 blister (GPP)",20210616
1191726,"mefenamic acid 250 mg capsule, hard, 100 capsule (10 x 10 capsule blister), 1 box (GPP)",20210616
1209704,"mefenamic acid 250 mg capsule, hard, 500 capsule, 1 bottle (GPP)",20211110
1202222,"mefenamic acid 250 mg capsule, hard, 500 capsule, 1 jar (GPP)",20210915
1181102,"mefenamic acid 500 mg film-coated tablet, 10 tablet, 1 blister (GPP)",20210312
1192782,"mefenamic acid 500 mg film-coated tablet, 100 tablet (10 x 10 tablet blister), 1 box (GPP)",20210703
1181125,"mefenamic acid 500 mg film-coated tablet, 250 tablet (25 x 10 tablet blister), 1 box (GPP)",20210312
1214892,"mefloquine 250 mg tablet, 100 tablet, 1 bottle (GPP)",20211202
1069072,"megestrol acetate 160 mg tablet, 30 tablet (1 x 30 tablet bottle), 1 box (GPP)",20190216
1069055,"megestrol acetate 160 mg tablet, 30 tablet, 1 bottle (GPP)",20190216
1136912,"megestrol acetate 40 mg/1 mL oral suspension, 120 mL bottle, 1 box (GPP)",20200213
1174599,"melatonin 2 mg prolonged-release tablet, 15 tablet, 1 blister (GPP)",20210211
1174612,"melatonin 2 mg prolonged-release tablet, 30 tablet (2 x 15 tablet blister), 1 box (GPP)",20210211
1183629,"meloxicam 15 mg tablet, 10 tablet, 1 blister (GPP)",20210331
1183640,"meloxicam 15 mg tablet, 100 tablet (10 x 10 tablet blister), 1 box (GPP)",20210331
1070139,"meloxicam 7.5 mg tablet, 10 tablet, 1 blister (GPP)",20190216
1070173,"meloxicam 7.5 mg tablet, 10 tablet, 1 strip (GPP)",20190216
1070156,"meloxicam 7.5 mg tablet, 100 tablet (10 x 10 tablet blister), 1 box (GPP)",20190216
1070194,"meloxicam 7.5 mg tablet, 100 tablet (10 x 10 tablet strip), 1 box (GPP)",20190216
1273926,"melphalan 50 mg powder and solvent for concentrate for solution for infusion, 1 vial (1 x 1 vial), 1 box (GPP)",20230701
1273903,"melphalan 50 mg powder and solvent for concentrate for solution for infusion, 1 vial (GPP)",20230701
1103000,"melphalan 50 mg powder and solvent for solution for injection/infusion, 1 vial (1 x 1 vial), 1 box (GPP)",20230412
1261259,"melphalan 50 mg powder and solvent for solution for injection/infusion, 1 vial (GPP)",20230412
1300374,"memantine hydrochloride 10 mg film-coated tablet, 10 tablet blister (GPP)",20240615
1074176,"memantine hydrochloride 10 mg film-coated tablet, 14 tablet, 1 blister (GPP)",20190216
1074195,"memantine hydrochloride 10 mg film-coated tablet, 28 tablet (2 x 14 tablet blister), 1 box (GPP)",20190216
1158115,"memantine hydrochloride 10 mg film-coated tablet, 28 tablet (4 x 7 tablet blister), 1 box (GPP)",20200815
1300390,"memantine hydrochloride 10 mg film-coated tablet, 30 tablet (3 x 10 tablet blister), 1 box (GPP)",20240615
1158094,"memantine hydrochloride 10 mg film-coated tablet, 7 tablet, 1 blister (GPP)",20200815
1138100,"memantine hydrochloride 10 mg/1 mL oral solution, 1 x 50 mL bottle, 1 box (GPP)",20221014
1140065,"memantine hydrochloride 10 mg/1 mL oral solution, 100 mL bottle, 1 box (GPP)",20221014
1244596,"memantine hydrochloride 10 mg/1 mL oral solution, 50 mL bottle (GPP)",20221014
1121018,"memantine hydrochloride 20 mg film-coated tablet, 10 tablet, 1 blister (GPP)",20190803
1158170,"memantine hydrochloride 20 mg film-coated tablet, 28 tablet (4 x 7 tablet blister), 1 box (GPP)",20200815
1121039,"memantine hydrochloride 20 mg film-coated tablet, 30 tablet (3 x 10 tablet blister), 1 box (GPP)",20190803
1158158,"memantine hydrochloride 20 mg film-coated tablet, 7 tablet, 1 blister (GPP)",20200815
1129333,"menadione sodium bisulfite 10 mg/1 mL solution for injection, 50 x 1 mL ampoule, 1 box (GPP)",20191019
1198367,"menatetrenone 15 mg capsule, soft, 10 capsule, 1 blister (GPP)",20210813
1198380,"menatetrenone 15 mg capsule, soft, 30 capsule (3 x 10 capsule blister), 1 box (GPP)",20210813
1299868,"meningococcal group A polysaccharide 10 mcg/0.5 mL + meningococcal group C polysaccharide 10 mcg/0.5 mL + meningococcal group W polysaccharide 10 mcg/0.5 mL + meningococcal group Y polysaccharide 10 mcg/0.5 mL + tetanus toxoid carrier protein 55 mcg/0.5 mL solution for injection, 0.5 mL vial (GPP)",20240615
1299881,"meningococcal group A polysaccharide 10 mcg/0.5 mL + meningococcal group C polysaccharide 10 mcg/0.5 mL + meningococcal group W polysaccharide 10 mcg/0.5 mL + meningococcal group Y polysaccharide 10 mcg/0.5 mL + tetanus toxoid carrier protein 55 mcg/0.5 mL solution for injection, 1 x 0.5 mL vial, 1 box (GPP)",20240615
1102699,"meningococcal polysaccharide group A 4 mcg/500 mcL + meningococcal polysaccharide group C 4 mcg/500 mcL + meningococcal polysaccharide group W135 4 mcg/500 mcL + meningococcal polysaccharide group Y 4 mcg/500 mcL solution for injection, 500 mcL vial, 1 box (GPP)",20190315
1272463,"menthol 10 g/100 g + methyl salicylate 15 g/100 g cream, 1 x 30 g tube, 1 box (GPP)",20230701
1272444,"menthol 10 g/100 g + methyl salicylate 15 g/100 g cream, 30 g tube (GPP)",20230701
1222089,"menthol 2 g/100 g cream, 30 g jar (GPP)",20220203
1115518,"menthol 22.5 mg/15 mL + salol 225 mg/15 mL oral suspension, 240 mL bottle, 1 box (GPP)",20190614
1115470,"menthol 22.5 mg/15 mL + salol 225 mg/15 mL oral suspension, 60 mL bottle, 1 box (GPP)",20190614
1053303,"menthol 3.4 mg lozenge, 10 lozenge, 1 sachet (GPP)",20190216
1053361,"menthol 3.4 mg lozenge, 1400 lozenge (140 x 10 lozenge sachet), 1 box (GPP)",20190216
1053326,"menthol 3.4 mg lozenge, 200 lozenge (20 x 10 lozenge sachet), 1 box (GPP)",20190216
1053342,"menthol 3.4 mg lozenge, 400 lozenge (40 x 10 lozenge sachet), 1 box (GPP)",20190216
1173086,"menthol 4 g/100 g gel, 12 x 25 g tube, 1 box (GPP)",20210129
1173064,"menthol 4 g/100 g gel, 25 g tube (GPP)",20210129
1127562,"menthol 7 g/100 g gel, 100 mL tube, 1 box (GPP)",20191004
1322093,"mepolizumab 100 mg/1 mL solution for injection, 1 mL prefilled pen (GPP)",20250201
1322119,"mepolizumab 100 mg/1 mL solution for injection, 1 mL prefilled pen, 1 box (GPP)",20250201
1272213,"mercaptamine 150 mg capsule, hard, 100 capsule (1 x 100 capsule bottle), 1 box (GPP)",20230701
1272191,"mercaptamine 150 mg capsule, hard, 100 capsule, 1 bottle (GPP)",20230701
1047576,"meropenem 1 g powder for solution for injection/infusion, 1 vial, 1 box (GPP)",20250301
1214682,"meropenem 1 g powder for solution for injection/infusion, 1 vial, 1 vial (GPP)",20250301
1223287,"meropenem 1 g powder for solution for injection/infusion, 10 vial (10 x 1 vial), 1 box (GPP)",20220217
1214735,"meropenem 500 mg powder for solution for injection/infusion, 1 vial (1 x 1 vial), 1 box (GPP)",20211202
1214719,"meropenem 500 mg powder for solution for injection/infusion, 1 vial (GPP)",20211202
1225353,"mesalazine 1 g prolonged-release granules, 1 g sachet (GPP)",20220303
1225376,"mesalazine 1 g prolonged-release granules, 50 x 1 g sachet, 1 box (GPP)",20220303
1138660,"mesalazine 1 g prolonged-release tablet, 10 tablet, 1 blister (GPP)",20200227
1138687,"mesalazine 1 g prolonged-release tablet, 60 tablet (6 x 10 tablet blister), 1 box (GPP)",20200227
1114664,"mesalazine 1 g suppository, 28 suppository (4 x 7 suppository blister), 1 box (GPP)",20190531
1114640,"mesalazine 1 g suppository, 7 suppository, 1 blister (GPP)",20190531
1161436,"mesalazine 1.2 g prolonged-release tablet, 12 tablet, 1 blister (GPP)",20200920
1161458,"mesalazine 1.2 g prolonged-release tablet, 60 tablet (5 x 12 tablet blister), 1 box (GPP)",20200920
1137609,"mesalazine 1.5 g/2.79 g gastro-resistant granules, 35 x 2.79 g sachet, 1 box (GPP)",20200213
1225395,"mesalazine 2 g prolonged-release granules, 2 g sachet (GPP)",20220303
1225416,"mesalazine 2 g prolonged-release granules, 60 x 2 g sachet, 1 box (GPP)",20220303
1061639,"mesalazine 400 mg gastro-resistant tablet, 10 tablet, 1 strip (GPP)",20190216
1061656,"mesalazine 400 mg gastro-resistant tablet, 50 tablet (5 x 10 tablet strip), 1 box (GPP)",20190216
1064338,"mesalazine 500 mg gastro-resistant tablet, 10 blister, 1 box (GPP)",20241005
1064317,"mesalazine 500 mg gastro-resistant tablet, 10 tablet, blister (GPP)",20241005
1062955,"mesalazine 500 mg prolonged-release tablet, 10 tablet, 1 blister (GPP)",20190216
1062972,"mesalazine 500 mg prolonged-release tablet, 100 tablet (10 x 10 tablet blister), 1 box (GPP)",20190216
1199860,"mestranol 50 mcg + norethisterone 1 mg tablet, 10 x 28 tablets pack, 1 box (GPP)",20210813
1199841,"mestranol 50 mcg + norethisterone 1 mg tablet, 28 tablets pack, 1 blister (GPP)",20210813
1092713,"metformin hydrochloride 1 g + saxagliptin 2.5 mg prolonged-release tablet, 56 tablet (8 x 7 tablet blister), 1 box (GPP)",20190216
1092692,"metformin hydrochloride 1 g + saxagliptin 2.5 mg prolonged-release tablet, 7 tablet, 1 blister (GPP)",20190216
1044778,"metformin hydrochloride 1 g + saxagliptin 5 mg prolonged-release tablet, 28 tablet (4 x 7 tablet blister), 1 box (GPP)",20181217
1044750,"metformin hydrochloride 1 g + saxagliptin 5 mg prolonged-release tablet, 7 tablet, 1 blister (GPP)",20181217
1192977,"metformin hydrochloride 1 g + sitagliptin 100 mg modified-release tablet, 28 tablet, 1 bottle (GPP)",20210703
1060601,"metformin hydrochloride 1 g + sitagliptin 50 mg film-coated tablet, 56 tablet (8 x 7 tablet blister), 1 box (GPP)",20190216
1060588,"metformin hydrochloride 1 g + sitagliptin 50 mg film-coated tablet, 7 tablet blister (GPP)",20240501
1193032,"metformin hydrochloride 1 g + sitagliptin 50 mg modified-release tablet, 56 tablet, 1 bottle (GPP)",20210703
1054617,"metformin hydrochloride 1 g + vildagliptin 50 mg film-coated tablet, 10 tablet, 1 blister (GPP)",20190216
1054638,"metformin hydrochloride 1 g + vildagliptin 50 mg film-coated tablet, 60 tablet (6 x 10 tablet blister), 1 box (GPP)",20190216
1060025,"metformin hydrochloride 1 g prolonged-release tablet, 10 tablet, 1 blister (GPP)",20190216
1212652,"metformin hydrochloride 1 g prolonged-release tablet, 100 tablet (10 x 10 tablet blister), 1 box (GPP)",20211202
1238901,"metformin hydrochloride 1 g prolonged-release tablet, 200 tablet (20 x 10 tablet blister), 1 box (GPP)",20220630
1060041,"metformin hydrochloride 1 g prolonged-release tablet, 30 tablet (3 x 10 tablet blister), 1 box (GPP)",20190216
1092637,"metformin hydrochloride 500 mg + sitagliptin 50 mg film-coated tablet, 56 tablet (8 x 7 tablet blister), 1 box (GPP)",20190216
1092616,"metformin hydrochloride 500 mg + sitagliptin 50 mg film-coated tablet, 7 tablet blister (GPP)",20240501
1054557,"metformin hydrochloride 500 mg + vildagliptin 50 mg film-coated tablet, 10 tablet, 1 blister (GPP)",20190216
1054574,"metformin hydrochloride 500 mg + vildagliptin 50 mg film-coated tablet, 60 tablet (6 x 10 tablet blister), 1 box (GPP)",20190216
1077330,"metformin hydrochloride 500 mg film-coated tablet, 10 tablet, 1 blister (GPP)",20190216
1079559,"metformin hydrochloride 500 mg film-coated tablet, 10 tablet, 1 strip (GPP)",20190216
1077353,"metformin hydrochloride 500 mg film-coated tablet, 1000 tablet (100 x 10 tablet blister), 1 box (GPP)",20190216
1287727,"metformin hydrochloride 500 mg film-coated tablet, 101000 tablettablet, 1 blisterjar (GPP)",20231118
1136186,"metformin hydrochloride 500 mg film-coated tablet, 500 tablet (50 x 10 tablet blister), 1, 500 tablettablet (50 x 10 tablettablet blister), 1 box (GPP)",20231118
1079571,"metformin hydrochloride 500 mg film-coated tablet, 500 tablet (50 x 10 tablet strip), 1 box (GPP)",20190216
1287758,"metformin hydrochloride 500 mg film-coated tablet, 500 tablet, 1 jar (GPP)",20231118
1212675,"metformin hydrochloride 750 mg prolonged-release tablet, 10 tablet, 1 blister (GPP)",20211202
1212699,"metformin hydrochloride 750 mg prolonged-release tablet, 100 tablet (10 x 10 tablet blister), 1 box (GPP)",20211202
1044951,"metformin hydrochloride 750 mg prolonged-release tablet, 15 tablet, 1 blister (GPP)",20181217
1044979,"metformin hydrochloride 750 mg prolonged-release tablet, 30 tablet (2 x 15 tablet blister), 1 box (GPP)",20181217
1092573,"metformin hydrochloride 850 mg + pioglitazone 15 mg film-coated tablet, 14 tablet, 1 blister (GPP)",20190216
1092594,"metformin hydrochloride 850 mg + pioglitazone 15 mg film-coated tablet, 28 tablet (2 x 14 tablet blister), 1 box (GPP)",20190216
1079657,"metformin hydrochloride 850 mg film-coated tablet, 10 tablet, 1 blister (GPP)",20190216
1079592,"metformin hydrochloride 850 mg film-coated tablet, 10 tablet, 1 strip (GPP)",20190216
1235697,"metformin hydrochloride 850 mg film-coated tablet, 200 tablet (20 x 10 tablet blister), 1 box (GPP)",20220514
1079674,"metformin hydrochloride 850 mg film-coated tablet, 250 tablet (25 x 10 tablet blister), 1 box (GPP)",20190216
1216031,"metformin hydrochloride 850 mg film-coated tablet, 250 tablet (25 x 10 tablet strip), 1 box (GPP)",20211202
1079619,"metformin hydrochloride 850 mg film-coated tablet, 300 tablet (30 x 10 tablet strip), 1 box (GPP)",20190216
1233017,"methadone hydrochloride 1 mg/1 mL oral solution, 5 mL bottle (GPP)",20220428
1146714,"methadone hydrochloride 10 mg/30 mL syrup, 30 mL bottle (GPP)",20200614
1146780,"methadone hydrochloride 15 mg/30 mL syrup, 30 mL bottle (GPP)",20200614
1268914,"methadone hydrochloride 2 mg/1 mL oral solution, 5 mL bottle (GPP)",20230617
1146854,"methadone hydrochloride 20 mg/30 mL syrup, 30 mL bottle (GPP)",20200614
1146923,"methadone hydrochloride 30 mg/30 mL syrup, 30 mL bottle (GPP)",20200614
1146999,"methadone hydrochloride 40 mg/30 mL syrup, 30 mL bottle (GPP)",20200614
1146640,"methadone hydrochloride 5 mg/30 mL syrup, 30 mL bottle (GPP)",20200614
1183733,"methotrexate 1 mcg/0.25 mL solution for injection, 0.25 mL prefilled syr (GPP)",20210331
1069830,"methotrexate 2.5 mg film-coated tablet, 10 tablet, 1 blister (GPP)",20190216
1069853,"methotrexate 2.5 mg film-coated tablet, 100 tablet (10 x 10 tablet blister), 1 box (GPP)",20190216
1243656,"methotrexate 2.5 mg tablet, 10 blister, 1 box (GPP)",20240913
1243639,"methotrexate 2.5 mg tablet, 10 tablet, 1 blister (GPP)",20250301
1103044,"methotrexate 5 g/50 mL solution for injection, 50 mL vial, 1 box (GPP)",20190315
1094834,"methoxsalen 10 mg tablet, 30 tablet (1 x 30 tablet jar), 1 box (GPP)",20190216
1094810,"methoxsalen 10 mg tablet, 30 tablet, 1 jar (GPP)",20190216
1183779,"methoxy polyethylene glycol-epoetin beta 100 mcg/0.3 mL solution for injection, 0.3 mL prefilled syr (GPP)",20210331
1183798,"methoxy polyethylene glycol-epoetin beta 100 mcg/0.3 mL solution for injection, 1 x 0.3 mL prefilled syr, 1 box (GPP)",20210331
1183831,"methoxy polyethylene glycol-epoetin beta 150 mcg/0.3 mL solution for injection, 0.3 mL prefilled syr (GPP)",20210331
1183854,"methoxy polyethylene glycol-epoetin beta 150 mcg/0.3 mL solution for injection, 1 x 0.3 mL prefilled syr, 1 box (GPP)",20210331
1162785,"methoxy polyethylene glycol-epoetin beta 75 mcg/0.3 mL solution for injection, 0.3 mL prefilled syr (GPP)",20201002
1162802,"methoxy polyethylene glycol-epoetin beta 75 mcg/0.3 mL solution for injection, 1 x 0.3 mL prefilled syr, 1 box (GPP)",20201002
1167934,"methoxyflurane 99.9 g/100 g inhalation vapour, liquid, 1 x 3 mL bottle, 1 box (GPP)",20201202
1167910,"methoxyflurane 99.9 g/100 g inhalation vapour, liquid, 3 mL bottle (GPP)",20201202
1125483,"methyl salicylate 10.2 g/100 g cream, 100 g tube, 1 box (GPP)",20190913
1275852,"methyl salicylate 12 g/100 g cream, 1 x 30 g tube, 1 box (GPP)",20230715
1275834,"methyl salicylate 12 g/100 g cream, 30 g tube (GPP)",20230715
1312114,"methyl salicylate 17.7 g/100 g cream, 1 tube, 1 box (GPP)",20241018
1224850,"methyl salicylate 17.7 g/100 g cream, 100 g tube (GPP)",20220303
1312095,"methyl salicylate 17.7 g/100 g cream, 30 g tube (GPP)",20241018
1216989,"methyldopa 125 mg film-coated tablet, 10 tablet, 1 strip (GPP)",20211202
1217004,"methyldopa 125 mg film-coated tablet, 100 tablet (10 x 10 tablet strip), 1 box (GPP)",20211202
1093099,"methyldopa 125 mg film-coated tablet, 500 tablet, 1 bottle (GPP)",20190216
1067101,"methyldopa 250 mg film-coated tablet, 10 tablet, 1 blister (GPP)",20190216
1067129,"methyldopa 250 mg film-coated tablet, 500 tablet (50 x 10 tablet blister), 1 box (GPP)",20190216
1186623,"methylergometrine maleate 200 mcg/1 mL solution for injection, 1 mL ampoule (GPP)",20210418
1186647,"methylergometrine maleate 200 mcg/1 mL solution for injection, 50 x 1 mL ampoule, 1 box (GPP)",20210418
1298303,"methylphenidate hydrochloride 10 mg tablet, 10 tablet blister (GPP)",20240516
1298326,"methylphenidate hydrochloride 10 mg tablet, 200 tablet (20 x 10 tablet blister), 1 box (GPP)",20240516
1131651,"methylphenidate hydrochloride 18 mg prolonged-release tablet, 30 tablet (1 x 30 tablet bottle), 1 box (GPP)",20191115
1131633,"methylphenidate hydrochloride 18 mg prolonged-release tablet, 30 tablet, 1 bottle (GPP)",20191115
1048159,"methylphenidate hydrochloride 20 mg modified-release capsule, hard, 30 capsule, 1 bottle (GPP)",20181217
1131717,"methylphenidate hydrochloride 27 mg prolonged-release tablet, 30 tablet (1 x 30 tablet bottle), 1 box (GPP)",20191115
1131698,"methylphenidate hydrochloride 27 mg prolonged-release tablet, 30 tablet, 1 bottle (GPP)",20191115
1131772,"methylphenidate hydrochloride 36 mg prolonged-release tablet, 30 tablet (1 x 30 tablet bottle), 1 box (GPP)",20191115
1131755,"methylphenidate hydrochloride 36 mg prolonged-release tablet, 30 tablet, 1 bottle (GPP)",20191115
1048171,"methylphenidate hydrochloride 40 mg modified-release capsule, hard, 30 capsule, 1 bottle (GPP)",20181217
1131861,"methylphenidate hydrochloride 54 mg prolonged-release tablet, 30 tablet (1 x 30 tablet bottle), 1 box (GPP)",20191115
1131842,"methylphenidate hydrochloride 54 mg prolonged-release tablet, 30 tablet, 1 bottle (GPP)",20191115
1188885,"methylprednisolone 1 g powder and solvent for solution for injection/infusion, 1 vial (1 x 1 vial), 1 box (GPP)",20210429
1188863,"methylprednisolone 1 g powder and solvent for solution for injection/infusion, 1 vial (GPP)",20210429
1045059,"methylprednisolone 1 g powder for solution for injection/infusion, 1 vial (1 x 1 vial), 1 box (GPP)",20200904
1159773,"methylprednisolone 1 g powder for solution for injection/infusion, 1 vial (GPP)",20200904
1247693,"methylprednisolone 125 mg powder and solvent for solution for injection/infusion, 1 vial (1 x 1 vial), 1 box (GPP)",20221112
1247672,"methylprednisolone 125 mg powder and solvent for solution for injection/infusion, 1 vial (GPP)",20221112
1201235,"methylprednisolone 2 g powder and solvent for solution for injection/infusion, 1 vial (1 x 1 vial), 1 box (GPP)",20210901
1201219,"methylprednisolone 2 g powder and solvent for solution for injection/infusion, 1 vial (GPP)",20210901
1170625,"methylprednisolone 2 g powder for solution for injection/infusion, 1 vial (1 x 1 vial), 1 box (GPP)",20201217
1170602,"methylprednisolone 2 g powder for solution for injection/infusion, 1 vial (GPP)",20201217
1201316,"methylprednisolone 500 mg powder and solvent for solution for injection/infusion, 1 vial (1 x 1 vial), 1 box (GPP)",20210901
1201290,"methylprednisolone 500 mg powder and solvent for solution for injection/infusion, 1 vial (GPP)",20210901
1201154,"methylprednisolone 500 mg powder for solution for injection/infusion, 1 vial (1 x 1 vial), 1 box (GPP)",20210901
1201131,"methylprednisolone 500 mg powder for solution for injection/infusion, 1 vial (GPP)",20210901
1095210,"methyltestosterone 25 mg tablet, 100 tablet (1 x 100 tablet jar), 1 box (GPP)",20190216
1095193,"methyltestosterone 25 mg tablet, 100 tablet, 1 jar (GPP)",20190216
1062177,"metoclopramide hydrochloride 10 mg tablet, 10 tablet, 1 strip (GPP)",20190216
1079036,"metoclopramide hydrochloride 10 mg tablet, 1000 tablet, 1 bottle (GPP)",20190216
1062196,"metoclopramide hydrochloride 10 mg tablet, 500 tablet (50 x 10 tablet strip), 1 box (GPP)",20190216
1215373,"metoclopramide hydrochloride 10 mg/2 mL solution for injection, 1 x 2 mL ampoule, 1 ampoule (GPP)",20250313
1215394,"metoclopramide hydrochloride 10 mg/2 mL solution for injection, 100 x 2 mL ampoule, 1 box (GPP)",20211202
1325711,"metoclopramide hydrochloride 10 mg/2 mL solution for injection, 50 x 2 mL ampoule, 1 box (GPP)",20250313
1268980,"metoclopramide hydrochloride 100 mcg/1 mL oral solution, 50 mL bottle (GPP)",20230617
1269050,"metoclopramide hydrochloride 500 mcg/1 mL oral solution, 20 mL bottle (GPP)",20230617
1093449,"metoprolol succinate 95 mg prolonged-release tablet, 14 tablet, 1 blister (GPP)",20200801
1223633,"metoprolol succinate 95 mg prolonged-release tablet, 15 tablet, 1 blister (GPP)",20220303
1093465,"metoprolol succinate 95 mg prolonged-release tablet, 28 tablet (2 x 14 tablet blister), 1 box (GPP)",20200801
1214859,"metoprolol tartrate 100 mg film-coated tablet, 10 tablet, 1 blister (GPP)",20211202
1216873,"metoprolol tartrate 100 mg film-coated tablet, 100 tablet (10 x 10 tablet blister), 1 box (GPP)",20211202
1214871,"metoprolol tartrate 100 mg film-coated tablet, 500 tablet (50 x 10 tablet blister), 1 box (GPP)",20211202
1067473,"metoprolol tartrate 100 mg tablet, 10 tablet, 1 blister (GPP)",20210604
1155299,"metoprolol tartrate 100 mg tablet, 10 tablet, 1 strip (GPP)",20200801
1067494,"metoprolol tartrate 100 mg tablet, 100 tablet (10 x 10 tablet blister), 1 box (GPP)",20210604
1155313,"metoprolol tartrate 100 mg tablet, 500 tablet (50 x 10 tablet strip), 1 box (GPP)",20200801
1214956,"metronidazole 200 mg tablet, 10 tablet, 1 blister (GPP)",20211202
1214973,"metronidazole 200 mg tablet, 100 tablet (10 x 10 tablet blister), 1 box (GPP)",20211202
1269111,"metronidazole 40 mg/1 mL oral suspension, 60 mL bottle (GPP)",20230617
1074434,"metronidazole 400 mg tablet, 10 tablet, 1 blister (GPP)",20190216
1074452,"metronidazole 400 mg tablet, 500 tablet (50 x 10 tablet blister), 1 box (GPP)",20190216
1165725,"metronidazole 500 mg/100 mL solution for infusion, 1 x 100 mL bag, 1 box (GPP)",20201030
1214939,"metronidazole 500 mg/100 mL solution for infusion, 1 x 100 mL vial, 1 box (GPP)",20211202
1165702,"metronidazole 500 mg/100 mL solution for infusion, 100 mL bag (GPP)",20201030
1214918,"metronidazole 500 mg/100 mL solution for infusion, 100 mL vial (GPP)",20211202
1203446,"metronidazole 750 mg + miconazole nitrate 200 mg pessary, 7 pessary (1 x 7 pessary strip), 1 box (GPP)",20210930
1203422,"metronidazole 750 mg + miconazole nitrate 200 mg pessary, 7 pessary, 1 strip (GPP)",20210930
1214790,"mianserin 10 mg film-coated tablet, 10 tablet, 1 blister (GPP)",20211202
1214816,"mianserin 10 mg film-coated tablet, 500 tablet (50 x 10 tablet blister), 1 box (GPP)",20211202
1225104,"mianserin 30 mg film-coated tablet, 10 tablet, 1 blister (GPP)",20220303
1225127,"mianserin 30 mg film-coated tablet, 500 tablet (50 x 10 tablet blister), 1 box (GPP)",20220303
1282797,"miconazole 2 g/100 g oral gel, 1 x 15 g tube, 1 box (GPP)",20230915
1282778,"miconazole 2 g/100 g oral gel, 15 g tube (GPP)",20230915
1247812,"miconazole nitrate 2 g/100 g + triamcinolone acetonide 200 mg/100 g cream, 1 x 15 g tube, 1 box (GPP)",20221112
1247798,"miconazole nitrate 2 g/100 g + triamcinolone acetonide 200 mg/100 g cream, 15 g tube (GPP)",20221112
1112911,"miconazole nitrate 2 g/100 g cream, 12 x 5 g tube, 1 box (GPP)",20200801
1114041,"miconazole nitrate 2 g/100 g cream, 5 g tube, 1 box (GPP)",20200801
1152587,"midazolam 15 mg/3 mL solution for injection, 3 mL ampoule (GPP)",20200719
1048233,"midazolam 15 mg/3 mL solution for injection, 5 x 3 mL ampoule, 1 box (GPP)",20200719
1152539,"midazolam 5 mg/1 mL solution for injection, 1 mL ampoule (GPP)",20200719
1048214,"midazolam 5 mg/1 mL solution for injection, 10 x 1 mL ampoule, 1 box (GPP)",20200719
1095711,"midecamycin 200 mg capsule, hard, 500 capsule, 1 bottle (GPP)",20190216
1209727,"midodrine hydrochloride 2.5 mg tablet, 10 tablet, 1 blister (GPP)",20211110
1209743,"midodrine hydrochloride 2.5 mg tablet, 100 tablet (10 x 10 tablet blister), 1 box (GPP)",20211110
1289005,"mifepristone 200 mg tablet [1 tablet] (&) misoprostol 200 mcg tablet [4 tablet], 5 tablet (1 x 5 tablet blister), 1 box (GPP)",20231203
1288981,"mifepristone 200 mg tablet [1 tablet] (&) misoprostol 200 mcg tablet [4 tablet], 5 tablet blister (GPP)",20231203
1238196,"milrinone 10 mg/10 mL solution for injection, 10 mL ampoule (GPP)",20220618
1238219,"milrinone 10 mg/10 mL solution for injection, 10 x 10 mL ampoule, 1 box (GPP)",20220618
1205967,"mineral oil 25 mL/100 mL oral emulsion, 240 mL bottle (GPP)",20211029
1132865,"minerals + multivitamins capsule, soft, 10 capsule, 1 blister (GPP)",20191127
1149985,"minerals + multivitamins capsule, soft, 100 capsule (10 x 10 capsule blister), 1 box (GPP)",20200705
1150050,"minerals + multivitamins capsule, soft, 20 capsule (2 x 10 capsule blister), 1 box (GPP)",20200705
1150009,"minerals + multivitamins capsule, soft, 200 capsule, 1 bottle (GPP)",20200705
1132883,"minerals + multivitamins capsule, soft, 30 capsule (3 x 10 capsule blister), 1 box (GPP)",20191127
1135063,"minerals + multivitamins capsule, soft, 50 capsule (5 x 10 capsule blister), 1 box (GPP)",20200118
1132923,"minerals + multivitamins capsule, soft, 50 capsule, 1 bottle (GPP)",20191127
1149963,"minerals + multivitamins capsule, soft, 500 capsule (50 x 10 capsule blister), 1 box (GPP)",20200705
1132733,"minerals + multivitamins capsule, soft, 60 capsule, 1 bottle (GPP)",20191127
1117549,"minerals + multivitamins coated tablet, 10 tablet, 1 blister (GPP)",20190628
1117565,"minerals + multivitamins coated tablet, 500 tablet (50 x 10 tablet blister), 1 box (GPP)",20190628
1054934,"minerals + multivitamins coated tablet, 500 tablet, 1 bottle (GPP)",20190216
1066524,"minerals + multivitamins film-coated tablet, 100 tablet (1 x 100 tablet bottle), 1 box (GPP)",20190216
1066507,"minerals + multivitamins film-coated tablet, 100 tablet, 1 bottle (GPP)",20190216
1066666,"minerals + multivitamins film-coated tablet, 30 tablet, 1 bottle (GPP)",20190216
1170813,"minocycline 2 g/100 g ointment, 5 x 500 mg prefilled syr, 1 box (GPP)",20201217
1170799,"minocycline 2 g/100 g ointment, 500 mg prefilled syr (GPP)",20201217
1319641,"minoxidil 2 g/100 mL cutaneous solution, 1 bottle, 1 box (GPP)",20250118
1319625,"minoxidil 2 g/100 mL cutaneous solution, 60 mL bottle (GPP)",20250118
1319687,"minoxidil 5 g/100 mL cutaneous solution, 1 bottle, 1 box (GPP)",20250118
1319660,"minoxidil 5 g/100 mL cutaneous solution, 60 mL bottle (GPP)",20250118
1326656,"minoxidil 5 g/100 mL cutaneous spray, solution, 1 x 50 mL bottle, 1 bottle (GPP)",20250313
1093178,"minoxidil 5 mg tablet, 100 tablet (1 x 100 tablet bottle), 1 box (GPP)",20190216
1093150,"minoxidil 5 mg tablet, 100 tablet, 1 bottle (GPP)",20190216
1095456,"mirabegron 50 mg prolonged-release tablet, 10 tablet, 1 blister (GPP)",20190216
1095473,"mirabegron 50 mg prolonged-release tablet, 10 tablet, 1 bottle (GPP)",20190216
1095494,"mirabegron 50 mg prolonged-release tablet, 30 tablet (3 x 10 tablet bottle), 1 box (GPP)",20190216
1281728,"mirogabalin 10 mg film-coated tablet, 10 tablet, 1 blister (GPP)",20230902
1281744,"mirogabalin 10 mg film-coated tablet, 60 tablet (6 x 10 tablet blister), 1 box (GPP)",20230902
1281936,"mirogabalin 5 mg film-coated tablet, 10 tablet, 1 blister (GPP)",20230902
1281958,"mirogabalin 5 mg film-coated tablet, 60 tablet (6 x 10 tablet blister), 1 box (GPP)",20230902
1076669,"mirtazapine 15 mg orodispersible tablet, 30 tablet (5 x 6 tablet blister), 1 box (GPP)",20190216
1076648,"mirtazapine 15 mg orodispersible tablet, 6 tablet, 1 blister (GPP)",20190216
1075606,"mirtazapine 30 mg film-coated tablet, 10 tablet, 1 blister (GPP)",20190216
1075623,"mirtazapine 30 mg film-coated tablet, 100 tablet (10 x 10 tablet blister), 1 box (GPP)",20190216
1076624,"mirtazapine 30 mg orodispersible tablet, 30 tablet (5 x 6 tablet blister), 1 box (GPP)",20190216
1076607,"mirtazapine 30 mg orodispersible tablet, 6 tablet, 1 blister (GPP)",20190216
1078599,"misoprostol 200 mcg tablet, 10 tablet, 1 blister (GPP)",20190216
1078612,"misoprostol 200 mcg tablet, 140 tablet (14 x 10 tablet blister), 1 box (GPP)",20190216
1103380,"mitomycin 10 mg powder for solution for injection/infusion, 1 vial (1 x 1 vial), 1 box (GPP)",20210331
1183910,"mitomycin 10 mg powder for solution for injection/infusion, 1 vial (GPP)",20210331
1181194,"mitomycin 100 mcg/1 mL solution for injection, 0.2 mL prefilled syr (GPP)",20210312
1103367,"mitomycin 2 mg powder for solution for injection/infusion, 1 vial, 1 box (GPP)",20190315
1103403,"mitomycin 20 mg powder for solution for injection/infusion, 1 vial, 1 box (GPP)",20190315
1182069,"mitomycin 20 mg/100 mL eye drops, solution, 10 mL bottle (GPP)",20210331
1182122,"mitomycin 40 mg/100 mL eye drops, solution, 10 mL bottle (GPP)",20210331
1319280,"mitomycin 40 mg/100 mL eye drops, solution, 5 mL bottle (GPP)",20241225
1145128,"mitotane 500 mg tablet, 100 tablet (1 x 100 tablet bottle), 1 box (GPP)",20200517
1145100,"mitotane 500 mg tablet, 100 tablet, 1 bottle (GPP)",20200517
1103322,"mitoxantrone 10 mg/5 mL concentrate for solution for infusion, 5 mL vial, 1 box (GPP)",20190315
1103346,"mitoxantrone 20 mg/10 mL concentrate for solution for infusion, 10 mL vial, 1 box (GPP)",20190315
1113181,"moclobemide 150 mg film-coated tablet, 10 tablet, 1 blister (GPP)",20190516
1113201,"moclobemide 150 mg film-coated tablet, 100 tablet (10 x 10 tablet blister), 1 box (GPP)",20190516
1238940,"molnupiravir 200 mg capsule, hard, 10 capsule, 1 blister (GPP)",20220630
1242008,"molnupiravir 200 mg capsule, hard, 40 capsule (1 x 40 capsule bottle), 1 box (GPP)",20220901
1238964,"molnupiravir 200 mg capsule, hard, 40 capsule (4 x 10 capsule blister), 1 box (GPP)",20220630
1231402,"molnupiravir 200 mg capsule, hard, 40 capsule, 1 bottle (GPP)",20220413
1118210,"mometasone furoate 100 mg/100 g cream, 1 tube, 1 box (GPP)",20250118
1118186,"mometasone furoate 100 mg/100 g cream, 1 x 5 g tube, 1 box (GPP)",20230715
1290784,"mometasone furoate 100 mg/100 g cream, 15 g tube (GPP)",20240202
1275564,"mometasone furoate 100 mg/100 g cream, 5 g tube (GPP)",20230715
1118252,"mometasone furoate 100 mg/100 g cutaneous solution, 30 mL bottle, 1 box (GPP)",20190628
1195395,"mometasone furoate 50 mcg/1 dose nasal spray, suspension, 1 bottle, 1 box (GPP)",20241225
1187306,"mometasone furoate 50 mcg/1 dose nasal spray, suspension, 1 x 140 dose bottle, 1 (&) mometasone furoate 50 mcg/1 dose nasal spray, suspension, 1 x 140 dose bottle dose, 1, 1 box (GPP)",20241225
1187283,"mometasone furoate 50 mcg/1 dose nasal spray, suspension, 140 dose bottle (GPP)",20210418
1255021,"mometasone furoate 50 mcg/1 dose nasal spray, suspension, 140 x 140 dose dose, 1 bottle (GPP)",20230217
1195376,"mometasone furoate 50 mcg/1 dose nasal spray, suspension, 60 dose bottle (GPP)",20210731
1188925,"montelukast 10 mg film-coated tablet, 10 tablet, 1 blister (GPP)",20210429
1188941,"montelukast 10 mg film-coated tablet, 100 tablet (10 x 10 tablet blister), 1 box (GPP)",20210429
1186862,"montelukast 10 mg film-coated tablet, 14 tablet (2 x 7 tablet blister), 1, 14 tablet (2 x 7 tablet blister), 1 box (GPP)",20221104
1246788,"montelukast 10 mg film-coated tablet, 14 tablet, 1 blister (GPP)",20221104
1284691,"montelukast 10 mg film-coated tablet, 30 tablet (3 x 10 tablet blister), 1 box (GPP)",20231001
1074755,"montelukast 10 mg film-coated tablet, 4 blister, 1 box (GPP)",20241215
1074738,"montelukast 10 mg film-coated tablet, 7 tablet, blister (GPP)",20241215
1244992,"montelukast 4 mg chewable tablet, 28 tablet (4 x 7 tablet blister), 1 box (GPP)",20221014
1244971,"montelukast 4 mg chewable tablet, 7 tablet, 1 blister (GPP)",20221014
1236410,"montelukast 4 mg granules, 28 x 4 mg sachet, 1 box (GPP)",20220514
1236391,"montelukast 4 mg granules, 4 mg sachet (GPP)",20220514
1286878,"montelukast 5 mg chewable tablet, 10 tablet, 1 blister (GPP)",20231104
1286897,"montelukast 5 mg chewable tablet, 100 tablet (10 x 10 tablet blister), 1 box (GPP)",20231104
1148587,"montelukast 5 mg chewable tablet, 14 tablet, 1 blister (GPP)",20200614
1148600,"montelukast 5 mg chewable tablet, 28 tablet (2 x 14 tablet blister), 1 box (GPP)",20200614
1074793,"montelukast 5 mg chewable tablet, 4 blister, 1 box (GPP)",20241215
1074772,"montelukast 5 mg chewable tablet, 7 tablet, blister (GPP)",20240831
1283340,"montelukast 5 mg film-coated tablet, 14 tablet, 1 blister (GPP)",20230915
1283364,"montelukast 5 mg film-coated tablet, 28 tablet (2 x 14 tablet blister), 1 box (GPP)",20230915
1223370,"moroctocog alfa 1000 iu powder and solvent for solution for injection, 1 vial (1 x 1 vial), 1 box (GPP)",20220217
1223358,"moroctocog alfa 1000 iu powder and solvent for solution for injection, 1 vial (GPP)",20220217
1221653,"moroctocog alfa 250 iu powder and solvent for solution for injection, 1 vial (1 x 1 vial), 1 box (GPP)",20220203
1221630,"moroctocog alfa 250 iu powder and solvent for solution for injection, 1 vial (GPP)",20220203
1221742,"moroctocog alfa 500 iu powder and solvent for solution for injection, 1 vial (1 x 1 vial), 1 box (GPP)",20220203
1221726,"moroctocog alfa 500 iu powder and solvent for solution for injection, 1 vial (GPP)",20220203
1269225,"morphine sulfate 1 mg/1 mL solution for injection, 3 mL prefilled syr (GPP)",20230617
1100143,"morphine sulfate 10 mg prolonged-release tablet, 10 tablet, 1 blister (GPP)",20190302
1071001,"morphine sulfate 10 mg prolonged-release tablet, 30 tablet (1 x 30 tablet blister), 1 box (GPP)",20190216
1070984,"morphine sulfate 10 mg prolonged-release tablet, 30 tablet, 1 blister (GPP)",20190216
1100162,"morphine sulfate 10 mg prolonged-release tablet, 60 tablet (6 x 10 tablet blister), 1 box (GPP)",20190302
1140110,"morphine sulfate 3 mg/3 mL solution for injection, 10 x 3 mL ampoule, 1 box (GPP)",20200314
1071040,"morphine sulfate 30 mg prolonged-release tablet, 30 tablet (1 x 30 tablet blister), 1 box (GPP)",20190216
1071029,"morphine sulfate 30 mg prolonged-release tablet, 30 tablet, 1 blister (GPP)",20190216
1059864,"mosapride citrate 5 mg film-coated tablet, 10 tablet, blister (GPP)",20250118
1059886,"mosapride citrate 5 mg film-coated tablet, 3 blister, 1 box (GPP)",20250118
1055967,"moxifloxacin 400 mg film-coated tablet, 5 tablet (1 x 5 tablet blister), 1 box (GPP)",20190216
1055946,"moxifloxacin 400 mg film-coated tablet, 5 tablet, 1 blister (GPP)",20190216
1153215,"moxifloxacin 400 mg film-coated tablet, 50 tablet (10 x 5 tablet blister), 1 box (GPP)",20200719
1228092,"moxifloxacin 400 mg/250 mL solution for infusion, 1 x 250 mL bottle, 1 box (GPP)",20220330
1195896,"moxifloxacin 400 mg/250 mL solution for infusion, 1 x 250 mL vial, 1 box (GPP)",20210813
1114170,"moxifloxacin 400 mg/250 mL solution for infusion, 250 mL bag (GPP)",20210211
1228071,"moxifloxacin 400 mg/250 mL solution for infusion, 250 mL bottle (GPP)",20220330
1195877,"moxifloxacin 400 mg/250 mL solution for infusion, 250 mL vial (GPP)",20210813
1114191,"moxifloxacin 400 mg/250 mL solution for infusion, 36 x 250 mL bag, 1 box (GPP)",20190531
1177141,"moxifloxacin 500 mg/100 mL eye drops, solution, 1 x 5 mL bottle, 1 box (GPP)",20210211
1177125,"moxifloxacin 500 mg/100 mL eye drops, solution, 5 mL bottle (GPP)",20210211
1256033,"moxifloxacin 500 mg/100 mL solution for injection, 0.15 mL prefilled syr (GPP)",20230304
1092830,"multivitamins + trace elements coated tablet, 500 tablet, 1 bottle (GPP)",20190216
1092811,"multivitamins + trace elements prolonged-release tablet, 30 tablet, 1 bottle (GPP)",20190216
1118487,"multivitamins coated tablet, 10 tablet, 1 strip (GPP)",20190628
1125761,"multivitamins coated tablet, 100 tablet (1 x 100 tablet bottle), 1 box (GPP)",20190913
1125742,"multivitamins coated tablet, 100 tablet, 1 bottle (GPP)",20190913
1118528,"multivitamins coated tablet, 1000 tablet, 1 bottle (GPP)",20190628
1066480,"multivitamins coated tablet, 1000 tablet, 1 jar (GPP)",20190216
1118500,"multivitamins coated tablet, 500 tablet (50 x 10 tablet strip), 1 box (GPP)",20190628
1125788,"multivitamins coated tablet, 500 tablet, 1 jar (GPP)",20190913
1112320,"multivitamins powder for solution for injection/infusion, 10 vial, 1 box (GPP)",20190504
1230320,"multivitamins syrup, 1 x 15 mL bottle, 1 box (GPP)",20220330
1230308,"multivitamins syrup, 15 mL bottle (GPP)",20220330
1274458,"mupirocin 2 g/100 g ointment, 1 x 15 g tube, 1 box (GPP)",20230715
1204297,"mupirocin 2 g/100 g ointment, 1 x 5 g tube, 1 box (GPP)",20211014
1274436,"mupirocin 2 g/100 g ointment, 15 g tube (GPP)",20230715
1204278,"mupirocin 2 g/100 g ointment, 5 g tube (GPP)",20211014
1106927,"mycophenolate mofetil 250 mg capsule, hard, 10 capsule (1 x 10 capsule blister), 1 box (GPP)",20190411
1069296,"mycophenolate mofetil 250 mg capsule, hard, 10 capsule, 1 blister (GPP)",20190216
1069310,"mycophenolate mofetil 250 mg capsule, hard, 100 capsule (10 x 10 capsule blister), 1 box (GPP)",20190216
1240538,"mycophenolate mofetil 250 mg capsule, hard, 60 capsule (6 x 10 capsule blister), 1 box (GPP)",20220730
1106970,"mycophenolate mofetil 500 mg film-coated tablet, 10 tablet (1 x 10 tablet blister), 1 box (GPP)",20190411
1069334,"mycophenolate mofetil 500 mg film-coated tablet, 10 tablet, 1 blister (GPP)",20190216
1069352,"mycophenolate mofetil 500 mg film-coated tablet, 50 tablet (5 x 10 tablet blister), 1 box (GPP)",20190216
1262899,"mycophenolate mofetil 500 mg film-coated tablet, 60 tablet (6 x 10 tablet blister), 1 box (GPP)",20230513
1069375,"mycophenolic acid 180 mg gastro-resistant tablet, 10 tablet, 1 blister (GPP)",20190216
1069399,"mycophenolic acid 180 mg gastro-resistant tablet, 120 tablet (12 x 10 tablet blister), 1 box (GPP)",20190216
1069415,"mycophenolic acid 360 mg gastro-resistant tablet, 10 tablet, 1 blister (GPP)",20190216
1069436,"mycophenolic acid 360 mg gastro-resistant tablet, 120 tablet (12 x 10 tablet blister), 1 box (GPP)",20190216
1325378,"mycophenolic acid 360 mg gastro-resistant tablet, 6 blister, 1 box (GPP)",20250301
1321326,"nalbuphine hydrochloride 10 mg/1 mL solution for injection, 1 mL ampoule (GPP)",20250118
1143566,"nalbuphine hydrochloride 10 mg/1 mL solution for injection, 10 ampoule, 1 box (GPP)",20250118
1301608,"nalfurafine hydrochloride 2.5 mcg orodispersible tablet, 14 tablet blister (GPP)",20240629
1301620,"nalfurafine hydrochloride 2.5 mcg orodispersible tablet, 140 tablet (10 x 14 tablet blister), 1 box (GPP)",20240629
1199700,"naphazoline hydrochloride 100 mg/100 mL nasal spray, solution, 1 x 20 mL bottle, 1 box (GPP)",20210813
1199684,"naphazoline hydrochloride 100 mg/100 mL nasal spray, solution, 20 mL bottle (GPP)",20210813
1131148,"naproxen 250 mg capsule, soft, 10 capsule (1 x 10 capsule blister), 1 box (GPP)",20191115
1131124,"naproxen 250 mg capsule, soft, 10 capsule, 1 blister (GPP)",20191115
1217164,"naproxen 250 mg film-coated tablet, 10 tablet, 1 blister (GPP)",20211202
1217186,"naproxen 250 mg film-coated tablet, 500 tablet (50 x 10 tablet blister), 1 box (GPP)",20211202
1070333,"naproxen 250 mg film-coated tablet, 6 tablet, 1 blister (GPP)",20190216
1070351,"naproxen 250 mg film-coated tablet, 60 tablet (10 x 6 tablet blister), 1 box (GPP)",20190216
1325795,"naproxen 250 mg tablet, 10 tablet, 1 blister (GPP)",20250313
1070295,"naproxen 250 mg tablet, 10 tablet, 1 strip (GPP)",20190216
1325814,"naproxen 250 mg tablet, 50 blister, 1 box (GPP)",20250313
1070314,"naproxen 250 mg tablet, 500 tablet (50 x 10 tablet strip), 1 box (GPP)",20190216
1260175,"naproxen 500 mg film-coated tablet, 10 tablet, 1 blister (GPP)",20230401
1260199,"naproxen 500 mg film-coated tablet, 100 tablet (10 x 10 tablet blister), 1 box (GPP)",20230401
1236202,"natamycin 5 g/100 mL eye drops, suspension, 1 x 15 mL bottle, 1 box (GPP)",20220514
1273523,"natamycin 5 g/100 mL eye drops, suspension, 1 x 5 mL bottle, 1 box (GPP)",20230701
1236182,"natamycin 5 g/100 mL eye drops, suspension, 15 mL bottle (GPP)",20220514
1273506,"natamycin 5 g/100 mL eye drops, suspension, 5 mL bottle (GPP)",20230701
1132820,"natural betacarotene 15 mg capsule, soft, 60 capsule, 1 bottle (GPP)",20191127
1211377,"nebivolol 5 mg tablet, 10 tablet, 1 blister (GPP)",20211202
1062219,"nebivolol 5 mg tablet, 14 tablet, 1 blister (GPP)",20190216
1062235,"nebivolol 5 mg tablet, 28 tablet (2 x 14 tablet blister), 1 box (GPP)",20190216
1263407,"nebivolol 5 mg tablet, 28 tablet (4 x 7 tablet blister), 1 box (GPP)",20230604
1211396,"nebivolol 5 mg tablet, 30 tablet (3 x 10 tablet blister), 1 box (GPP)",20211202
1263385,"nebivolol 5 mg tablet, 7 tablet, 1 blister (GPP)",20230604
1296179,"negative control of skin-prick tests/1 mL solution for skin-prick test, 1 x 5 mL bottle, 1 box (GPP)",20240412
1296151,"negative control of skin-prick tests/1 mL solution for skin-prick test, 5 mL bottle (GPP)",20240412
1326591,"neisseria meningitidis serogroup B adhesin A protein 50 mcg/0.5 mL + neisseria meningitidis serogroup B factor H binding protein fusion protein 50 mcg/0.5 mL + neisseria meningitidis serogroup B heparin binding antigen fusion protein 50 mcg/0.5 mL + neisseria meningitidis serogroup B outer membrane vesicles 25 mcg/0.5 mL suspension for injection, 1 x 0.5 mL prefilled syr, 1 box (GPP)",20250313
1326570,"neisseria meningitidis serogroup B adhesin A protein 50 mcg/0.5 mL + neisseria meningitidis serogroup B factor H binding protein fusion protein 50 mcg/0.5 mL + neisseria meningitidis serogroup B heparin binding antigen fusion protein 50 mcg/0.5 mL + neisseria meningitidis serogroup B outer membrane vesicles 25 mcg/0.5 mL suspension for injection, 1 x 0.5 mL prefilled syr, 1 prefilled syr (GPP)",20250313
1095795,"neomycin 350 mg tablet, 100 tablet, 1 jar (GPP)",20190216
1319723,"neomycin sulfate 500 mg/100 g + prednisolone 500 mg/100 g cream, 15 g tube (GPP)",20250118
1319747,"neomycin sulfate 500 mg/100 g + prednisolone 500 mg/100 g cream, 15 g tube, 1 box (GPP)",20250118
1319768,"neomycin sulfate 500 mg/100 g + prednisolone 500 mg/100 g cream, 5 g tube (GPP)",20250118
1319781,"neomycin sulfate 500 mg/100 g + prednisolone 500 mg/100 g cream, 5 g tube, 1 box (GPP)",20250118
1275899,"neostigmine methylsulfate 2.5 mg/1 mL solution for injection, 1 mL ampoule (GPP)",20230715
1275913,"neostigmine methylsulfate 2.5 mg/1 mL solution for injection, 50 x 1 mL ampoule, 1 box (GPP)",20230715
1047887,"netupitant 300 mg + palonosetron 500 mcg capsule, hard, 1 capsule (1 x 1 capsule blister), 1 box (GPP)",20181217
1047860,"netupitant 300 mg + palonosetron 500 mcg capsule, hard, 1 capsule, 1 blister (GPP)",20181217
1096493,"nevirapine 200 mg film-coated tablet, 60 tablet, 1 bottle (GPP)",20190216
1062316,"nevirapine 200 mg tablet, 60 tablet (1 x 60 tablet bottle), 1 box (GPP)",20190216
1062290,"nevirapine 200 mg tablet, 60 tablet, 1 bottle (GPP)",20190216
1177540,"nicardipine hydrochloride 10 mg/10 mL solution for injection/infusion, 1 x 10 mL vial, 1 box (GPP)",20210211
1197827,"nicardipine hydrochloride 10 mg/10 mL solution for injection/infusion, 10 mL ampoule (GPP)",20210813
1177529,"nicardipine hydrochloride 10 mg/10 mL solution for injection/infusion, 10 mL vial (GPP)",20210211
1197843,"nicardipine hydrochloride 10 mg/10 mL solution for injection/infusion, 10 x 10 mL ampoule, 1 box (GPP)",20210813
1177474,"nicardipine hydrochloride 2 mg/2 mL solution for injection/infusion, 1 x 2 mL vial, 1 box (GPP)",20210211
1197889,"nicardipine hydrochloride 2 mg/2 mL solution for injection/infusion, 10 x 2 mL ampoule, 1 box (GPP)",20210813
1197862,"nicardipine hydrochloride 2 mg/2 mL solution for injection/infusion, 2 mL ampoule (GPP)",20210813
1177457,"nicardipine hydrochloride 2 mg/2 mL solution for injection/infusion, 2 mL vial (GPP)",20210211
1177636,"nicardipine hydrochloride 25 mg/25 mL solution for injection/infusion, 1 x 25 mL vial, 1 box (GPP)",20210211
1177615,"nicardipine hydrochloride 25 mg/25 mL solution for injection/infusion, 25 mL vial (GPP)",20210211
1067439,"nicergoline 10 mg coated tablet, 25 tablet, 1 blister (GPP)",20190216
1067456,"nicergoline 10 mg coated tablet, 50 tablet (2 x 25 tablet blister), 1 box (GPP)",20190216
1067397,"nicergoline 30 mg film-coated tablet, 10 tablet, 1 blister (GPP)",20190216
1093408,"nicergoline 30 mg film-coated tablet, 15 tablet, 1 blister (GPP)",20190216
1093420,"nicergoline 30 mg film-coated tablet, 30 tablet (2 x 15 tablet blister), 1 box (GPP)",20190216
1067418,"nicergoline 30 mg film-coated tablet, 30 tablet (3 x 10 tablet blister), 1 box (GPP)",20190216
1044797,"nicotinamide 100 mg/1 mL + pyridoxine 1 mg/1 mL + riboflavin 500 mcg/1 mL + thiamine 100 mg/1 mL solution for injection, 10 mL vial, 1 box (GPP)",20181217
1220829,"nicotinamide 15 mg + riboflavin 1 mg + thiamine hydrochloride 1 mg coated tablet, 1000 tablet, 1 jar (GPP)",20211230
1248105,"nicotinamide 20 mg + pyridoxine hydrochloride 2 mg + riboflavin 2 mg + thiamine hydrochloride 5 mg coated tablet, 10 tablet, 1 blister (GPP)",20221112
1248069,"nicotinamide 20 mg + pyridoxine hydrochloride 2 mg + riboflavin 2 mg + thiamine hydrochloride 5 mg coated tablet, 1000 tablet, 1 jar (GPP)",20221112
1248082,"nicotinamide 20 mg + pyridoxine hydrochloride 2 mg + riboflavin 2 mg + thiamine hydrochloride 5 mg coated tablet, 100000 tablet (100 x 1000 tablet blister), 1 box (GPP)",20221112
1316606,"nicotinamide 20 mg + pyridoxine hydrochloride 2 mg + riboflavin 2 mg + thiamine mononitrate 5 mg film-coated tablet, 1000 tablet, bottle (GPP)",20241129
1145641,"nicotinamide 250 mg tablet, 100 tablet, 1 bottle (GPP)",20200517
1145625,"nicotinamide 250 mg tablet, 1000 tablet, 1 bottle (GPP)",20200517
1230396,"nicotine 10 mg/16 hr transdermal patch, 1 patch (GPP)",20220330
1230417,"nicotine 10 mg/16 hr transdermal patch, 7 patch (7 x 1 patch), 1 box (GPP)",20220330
1283774,"nicotine 13.6 mg/1 mL oromucosal spray, solution, 13.2 mL bottle (GPP)",20230915
1230486,"nicotine 15 mg/16 hr transdermal patch, 1 patch (GPP)",20220330
1230504,"nicotine 15 mg/16 hr transdermal patch, 7 patch (7 x 1 patch), 1 box (GPP)",20220330
1230570,"nicotine 25 mg/16 hr transdermal patch, 1 patch (GPP)",20220330
1230591,"nicotine 25 mg/16 hr transdermal patch, 7 patch (7 x 1 patch), 1 box (GPP)",20220330
1067378,"nicotinic acid 50 mg coated tablet, 1000 tablet, 1 jar (GPP)",20190216
1094731,"nicotinic acid 500 mg prolonged-release tablet, 30 tablet (1 x 30 tablet bottle), 1 box (GPP)",20190216
1094712,"nicotinic acid 500 mg prolonged-release tablet, 30 tablet, 1 bottle (GPP)",20190216
1067753,"nifedipine 10 mg capsule, soft, 10 capsule, 1 blister (GPP)",20190216
1067776,"nifedipine 10 mg capsule, soft, 100 capsule (10 x 10 capsule blister), 1 box (GPP)",20190216
1067795,"nifedipine 20 mg prolonged-release capsule, hard, 10 capsule, 1 blister (GPP)",20190216
1067814,"nifedipine 20 mg prolonged-release capsule, hard, 30 capsule (3 x 10 capsule blister), 1 box (GPP)",20190216
1093567,"nifedipine 20 mg prolonged-release tablet, 10 tablet, 1 blister (GPP)",20190216
1158221,"nifedipine 20 mg prolonged-release tablet, 100 tablet (10 x 10 tablet blister), 1 box (GPP)",20200815
1093580,"nifedipine 20 mg prolonged-release tablet, 30 tablet (3 x 10 tablet blister), 1 box (GPP)",20190216
1067674,"nifedipine 30 mg prolonged-release tablet, 10 tablet, 1 blister (GPP)",20190216
1067690,"nifedipine 30 mg prolonged-release tablet, 30 tablet (3 x 10 tablet blister), 1 box (GPP)",20190216
1093607,"nifedipine 5 mg capsule, soft, 10 capsule, 1 blister (GPP)",20190216
1093624,"nifedipine 5 mg capsule, soft, 100 capsule (10 x 10 capsule blister), 1 box (GPP)",20190216
1067711,"nifedipine 60 mg prolonged-release tablet, 10 tablet, 1 blister (GPP)",20190216
1067730,"nifedipine 60 mg prolonged-release tablet, 30 tablet (3 x 10 tablet blister), 1 box (GPP)",20190216
1096694,"nilotinib 150 mg capsule, hard, 28 capsule (7 x 4 capsule blister), 1 box (GPP)",20190216
1096673,"nilotinib 150 mg capsule, hard, 4 capsule, 1 blister (GPP)",20190216
1096734,"nilotinib 200 mg capsule, hard, 28 capsule (7 x 4 capsule blister), 1 box (GPP)",20190216
1096710,"nilotinib 200 mg capsule, hard, 4 capsule, 1 blister (GPP)",20190216
1189280,"nilotinib 50 mg capsule, hard, 120 capsule (15 x 8 capsule blister), 1 box (GPP)",20210429
1189267,"nilotinib 50 mg capsule, hard, 8 capsule, 1 blister (GPP)",20210429
1202472,"nimesulide 100 mg dispersible tablet, 10 tablet (1 x 10 tablet blister), 1 box (GPP)",20210915
1202455,"nimesulide 100 mg dispersible tablet, 10 tablet, 1 blister (GPP)",20210915
1229303,"nimodipine 10 mg/50 mL solution for infusion, 1 vial (1 x 1 vial), 1 box (GPP)",20220330
1229286,"nimodipine 10 mg/50 mL solution for infusion, 1 vial (GPP)",20220330
1067833,"nimodipine 30 mg film-coated tablet, 10 tablet, 1 blister (GPP)",20190216
1067851,"nimodipine 30 mg film-coated tablet, 30 tablet (3 x 10 tablet blister), 1 box (GPP)",20190216
1093669,"nimodipine 30 mg film-coated tablet, 30 tablet (5 x 6 tablet strip), 1 box (GPP)",20190216
1093648,"nimodipine 30 mg film-coated tablet, 6 tablet, 1 strip (GPP)",20190216
1103461,"nimotuzumab 50 mg/10 mL solution for injection, 2 x 10 mL vial, 1 box (GPP)",20190315
1096911,"nintedanib 100 mg capsule, soft, 10 capsule, 1 blister (GPP)",20190216
1096930,"nintedanib 100 mg capsule, soft, 60 capsule (6 x 10 capsule blister), 1 box (GPP)",20190216
1096953,"nintedanib 150 mg capsule, soft, 10 capsule, 1 blister (GPP)",20190216
1096976,"nintedanib 150 mg capsule, soft, 60 capsule (6 x 10 capsule blister), 1 box (GPP)",20190216
1234069,"nirmatrelvir 150 mg film-coated tablet [4 tablet] (&) ritonavir 100 mg film-coated tablet [2 tablet], 30 tablet (5 x 6 tablet blister), 1 box (GPP)",20220428
1234053,"nirmatrelvir 150 mg film-coated tablet [4 tablet] (&) ritonavir 100 mg film-coated tablet [2 tablet], 6 tablet, 1 blister (GPP)",20220428
1202589,"nitisinone 5 mg tablet, 60 tablet (1 x 60 tablet bottle), 1 box (GPP)",20210915
1202562,"nitisinone 5 mg tablet, 60 tablet, 1 bottle (GPP)",20210915
1067879,"nitrendipine 10 mg tablet, 10 tablet, 1 blister (GPP)",20190216
1067898,"nitrendipine 10 mg tablet, 30 tablet (3 x 10 tablet blister), 1 box (GPP)",20190216
1192494,"nitrofural 200 mg/100 g ointment, 1 x 500 g jar, 1 box (GPP)",20210704
1192473,"nitrofural 200 mg/100 g ointment, 500 g jar (GPP)",20210704
1062337,"nitrofurantoin 100 mg tablet, 1000 tablet, 1 jar (GPP)",20190216
1047361,"nitrofurazone 200 mg/100 g ointment, 500 g jar, 1 box (GPP)",20181217
1103540,"nivolumab 100 mg/10 mL concentrate for solution for infusion, 10 mL vial, 1 box (GPP)",20190315
1316098,"nivolumab 120 mg/12 mL concentrate for solution for infusion, 1 vial, 1 box (GPP)",20241129
1316079,"nivolumab 120 mg/12 mL concentrate for solution for infusion, 12 mL vial (GPP)",20241129
1103529,"nivolumab 40 mg/4 mL concentrate for solution for infusion, 4 mL vial, 1 box (GPP)",20190315
1248409,"nonacog alfa 1000 iu powder and solvent for solution for injection, 1 vial (1 x 1 vial), 1 box (GPP)",20221202
1248387,"nonacog alfa 1000 iu powder and solvent for solution for injection, 1 vial (GPP)",20221202
1248484,"nonacog alfa 250 iu powder and solvent for solution for injection, 1 vial (1 x 1 vial), 1 box (GPP)",20221202
1248466,"nonacog alfa 250 iu powder and solvent for solution for injection, 1 vial (GPP)",20221202
1248568,"nonacog alfa 500 iu powder and solvent for solution for injection, 1 vial (1 x 1 vial), 1 box (GPP)",20221202
1248547,"nonacog alfa 500 iu powder and solvent for solution for injection, 1 vial (GPP)",20221202
1170687,"norepinephrine 4 mg/4 mL concentrate for solution for infusion, 1 x 4 mL vial, 1 box (GPP)",20201217
1191960,"norepinephrine 4 mg/4 mL concentrate for solution for infusion, 10 x 4 mL ampoule, 1 box (GPP)",20210616
1247330,"norepinephrine 4 mg/4 mL concentrate for solution for infusion, 10 x 4 mL vial, 1 box (GPP)",20221112
1191941,"norepinephrine 4 mg/4 mL concentrate for solution for infusion, 4 mL ampoule (GPP)",20210616
1170660,"norepinephrine 4 mg/4 mL concentrate for solution for infusion, 4 mL vial (GPP)",20201217
1130257,"norepinephrine 4 mg/4 mL concentrate for solution for infusion, 5 ampoule, 1 box (GPP)",20241129
1175915,"norepinephrine 8 mg/8 mL concentrate for solution for infusion, 1 x 8 mL vial, 1 box (GPP)",20210211
1112694,"norepinephrine 8 mg/8 mL concentrate for solution for infusion, 10 x 8 mL ampoule, 1 box (GPP)",20190504
1175894,"norepinephrine 8 mg/8 mL concentrate for solution for infusion, 8 mL vial (GPP)",20210211
1095138,"norethisterone 5 mg tablet, 10 tablet, 1 blister (GPP)",20190216
1095155,"norethisterone 5 mg tablet, 100 tablet (10 x 10 tablet blister), 1 box (GPP)",20190216
1162049,"norethisterone 5 mg tablet, 15 tablet, 1 blister (GPP)",20201001
1162054,"norethisterone 5 mg tablet, 30 tablet (2 x 15 tablet blister), 1 box (GPP)",20201001
1095833,"norfloxacin 100 mg film-coated tablet, 10 tablet, 1 strip (GPP)",20190216
1095851,"norfloxacin 100 mg film-coated tablet, 100 tablet (10 x 10 tablet strip), 1 box (GPP)",20190216
1095898,"norfloxacin 200 mg film-coated tablet, 160 tablet (20 x 8 tablet strip), 1 box (GPP)",20190216
1095879,"norfloxacin 200 mg film-coated tablet, 8 tablet, 1 strip (GPP)",20190216
1307695,"norfloxacin 400 mg film-coated tablet, 1 blister, 1 box (GPP)",20240913
1062578,"norfloxacin 400 mg film-coated tablet, 10 blister, 1 box (GPP)",20240913
1184480,"norfloxacin 400 mg film-coated tablet, 10 tablet, 1 strip (GPP)",20210331
1062550,"norfloxacin 400 mg film-coated tablet, 10 tablet, blister (GPP)",20240913
1184507,"norfloxacin 400 mg film-coated tablet, 100 tablet (10 x 10 tablet strip), 1 box (GPP)",20210331
1276782,"norfloxacin 400 mg film-coated tablet, 250 tablet (25 x 10 tablet strip), 1 box (GPP)",20230715
1187017,"norfloxacin 400 mg film-coated tablet, 500 tablet (50 x 10 tablet blister), 1 box (GPP)",20210418
1076301,"nortriptyline 10 mg film-coated tablet, 10 tablet, 1 blister (GPP)",20190216
1076329,"nortriptyline 10 mg film-coated tablet, 1000 tablet (100 x 10 tablet blister), 1 box (GPP)",20190216
1076262,"nortriptyline 25 mg film-coated tablet, 10 tablet blister (GPP)",20231216
1076289,"nortriptyline 25 mg film-coated tablet, 1000 tablet (100 x 10 tablet blister), 1 box (GPP)",20190216
1103501,"obinutuzumab 1 g/40 mL concentrate for solution for infusion, 40 mL vial, 1 box (GPP)",20190315
1300856,"ocrelizumab 300 mg/10 mL concentrate for solution for infusion, 1 x 10 mL vial, 1 box (GPP)",20240615
1300839,"ocrelizumab 300 mg/10 mL concentrate for solution for infusion, 10 mL vial (GPP)",20240615
1290086,"octocog alfa 500 iu powder for solution for injection, 1 vial (1 x 1 vial), 1 box (GPP)",20240111
1290064,"octocog alfa 500 iu powder for solution for injection, 1 vial (GPP)",20240111
1215421,"octreotide 100 mcg/1 mL solution for injection, 1 mL ampoule (GPP)",20211202
1141228,"octreotide 100 mcg/1 mL solution for injection, 1 mL prefilled syr, 1 box (GPP)",20200404
1288056,"octreotide 100 mcg/1 mL solution for injection, 1 mL vial (GPP)",20231118
1215445,"octreotide 100 mcg/1 mL solution for injection, 1 x 1 mL ampoule, 1 box (GPP)",20211202
1288073,"octreotide 100 mcg/1 mL solution for injection, 10 x 1 mL vial, 1 box (GPP)",20231118
1320667,"octreotide 500 mcg/5 mL solution for injection, 1 vial, 1 box (GPP)",20250118
1320646,"octreotide 500 mcg/5 mL solution for injection, 5 mL vial (GPP)",20250118
1062634,"ofloxacin 100 mg film-coated tablet, 10 tablet, 1 strip (GPP)",20190216
1062652,"ofloxacin 100 mg film-coated tablet, 100 tablet (10 x 10 tablet strip), 1 box (GPP)",20190216
1062597,"ofloxacin 200 mg film-coated tablet, 10 tablet, 1 strip (GPP)",20190216
1062610,"ofloxacin 200 mg film-coated tablet, 100 tablet (10 x 10 tablet strip), 1 box (GPP)",20190216
1156137,"ofloxacin 300 mg/100 g eye ointment, 1 x 3.5 g tube, 1 box (GPP)",20200801
1156116,"ofloxacin 300 mg/100 g eye ointment, 3.5 g tube (GPP)",20200801
1175319,"ofloxacin 300 mg/100 mL ear drops, solution, 1 x 5 mL bottle, 1 box (GPP)",20210211
1175293,"ofloxacin 300 mg/100 mL ear drops, solution, 5 mL bottle (GPP)",20210211
1215466,"olanzapine 10 mg film-coated tablet, 10 tablet, blister (GPP)",20240802
1215484,"olanzapine 10 mg film-coated tablet, 30 tablet (3 x 10 tablet blister), 1 box (GPP)",20211202
1264795,"olanzapine 10 mg orodispersible tablet, 10 tablet blister (GPP)",20240501
1243948,"olanzapine 10 mg orodispersible tablet, 28 tablet (4 x 7 tablet blister), 1 box (GPP)",20221001
1264814,"olanzapine 10 mg orodispersible tablet, 30 tablet (3 x 10 tablet blister), 1 box (GPP)",20230604
1243924,"olanzapine 10 mg orodispersible tablet, 7 tablet, 1 blister (GPP)",20221001
1076023,"olanzapine 5 mg film-coated tablet, 10 tablet blister (GPP)",20240313
1076047,"olanzapine 5 mg film-coated tablet, 30 tablet (3 x 10 tablet blister), 1 box (GPP)",20190216
1264851,"olanzapine 5 mg orodispersible tablet, 10 tablet blister (GPP)",20240301
1244009,"olanzapine 5 mg orodispersible tablet, 28 tablet (4 x 7 tablet blister), 1 box (GPP)",20221001
1264879,"olanzapine 5 mg orodispersible tablet, 30 tablet (3 x 10 tablet blister), 1 box (GPP)",20230604
1243982,"olanzapine 5 mg orodispersible tablet, 7 tablet, 1 blister (GPP)",20221001
1141082,"olaparib 100 mg film-coated tablet, 56 tablet (7 x 8 tablet blister), 1 box (GPP)",20200404
1141069,"olaparib 100 mg film-coated tablet, 8 tablet, 1 blister (GPP)",20200404
1141179,"olaparib 150 mg film-coated tablet, 56 tablet (7 x 8 tablet blister), 1 box (GPP)",20200404
1141151,"olaparib 150 mg film-coated tablet, 8 tablet, 1 blister (GPP)",20200404
1046070,"olaratumab 190 mg/19 mL concentrate for solution for infusion, 19 mL vial, 1 box (GPP)",20181217
1046091,"olaratumab 500 mg/50 mL concentrate for solution for infusion, 50 mL vial, 1 box (GPP)",20181217
1068358,"olmesartan medoxomil 20 mg film-coated tablet, 10 tablet, 1 blister (GPP)",20190216
1068370,"olmesartan medoxomil 20 mg film-coated tablet, 30 tablet (3 x 10 tablet blister), 1 box (GPP)",20190216
1068391,"olmesartan medoxomil 40 mg film-coated tablet, 10 tablet, 1 blister (GPP)",20190216
1068410,"olmesartan medoxomil 40 mg film-coated tablet, 30 tablet (3 x 10 tablet blister), 1 box (GPP)",20190216
1301146,"olodaterol 2.5 mcg/1 dose + tiotropium 2.5 mcg/1 dose inhalation solution, 1 x 60 dose actuation, 1 box (GPP)",20240629
1300970,"olodaterol 2.5 mcg/1 dose + tiotropium 2.5 mcg/1 dose inhalation solution, 3 x 60 dose cartridge, 1 box (GPP)",20240629
1301122,"olodaterol 2.5 mcg/1 dose + tiotropium 2.5 mcg/1 dose inhalation solution, 60 dose actuation (GPP)",20240629
1300958,"olodaterol 2.5 mcg/1 dose + tiotropium 2.5 mcg/1 dose inhalation solution, 60 dose cartridge (GPP)",20240629
1294787,"olopatadine 100 mg/100 mL eye drops, solution, 1 x 5 mL bottle, 1 box (GPP)",20240328
1294760,"olopatadine 100 mg/100 mL eye drops, solution, 5 mL bottle (GPP)",20240328
1133318,"olopatadine 200 mg/100 mL eye drops, solution, 1 x 2.5 mL bottle, 1 box (GPP)",20240328
1294891,"olopatadine 200 mg/100 mL eye drops, solution, 12 x 2.5 mL bottle, 1 box (GPP)",20240328
1294862,"olopatadine 200 mg/100 mL eye drops, solution, 2.5 mL bottle (GPP)",20240328
1103950,"omalizumab 150 mg powder and solvent for solution for injection, 1 vial (1 x 1 vial), 1 box (GPP)",20220316
1227938,"omalizumab 150 mg powder and solvent for solution for injection, 1 vial (GPP)",20220316
1288672,"omalizumab 150 mg/1 mL solution for injection, 1 mL prefilled syr (GPP)",20231203
1288693,"omalizumab 150 mg/1 mL solution for injection, 1 x 1 mL prefilled syr, 1 box (GPP)",20231203
1140609,"omeprazole 20 mg gastro-resistant capsule, hard, 10 capsule, 1 blister (GPP)",20200314
1061953,"omeprazole 20 mg gastro-resistant capsule, hard, 10 capsule, 1 strip (GPP)",20190216
1140621,"omeprazole 20 mg gastro-resistant capsule, hard, 100 capsule (10 x 10 capsule blister), 1 box (GPP)",20200314
1214994,"omeprazole 20 mg gastro-resistant capsule, hard, 100 capsule (10 x 10 capsule strip), 1 box (GPP)",20211202
1285004,"omeprazole 20 mg gastro-resistant capsule, hard, 14 capsule (1 x 14 capsule strip), 1 box (GPP)",20231001
1284984,"omeprazole 20 mg gastro-resistant capsule, hard, 14 capsule, 1 strip (GPP)",20231001
1183104,"omeprazole 20 mg gastro-resistant capsule, hard, 140 capsule (20 x 7 capsule blister), 1 box (GPP)",20210331
1061976,"omeprazole 20 mg gastro-resistant capsule, hard, 350 capsule (35 x 10 capsule strip), 1 box (GPP)",20190216
1215631,"omeprazole 20 mg gastro-resistant capsule, hard, 500 capsule (50 x 10 capsule strip), 1 box (GPP)",20211202
1183087,"omeprazole 20 mg gastro-resistant capsule, hard, 7 capsule, 1 blister (GPP)",20210331
1078654,"omeprazole 20 mg gastro-resistant tablet, 14 tablet (2 x 7 tablet blister), 1 box (GPP)",20190301
1078631,"omeprazole 20 mg gastro-resistant tablet, 7 tablet, 1 blister (GPP)",20190301
1276619,"omeprazole 40 mg powder for solution for injection, 1 vial (1 x 1 vial), 1 box (GPP)",20230715
1276592,"omeprazole 40 mg powder for solution for injection, 1 vial (GPP)",20230715
1320315,"omidenepag isopropyl 2 mg/100 mL eye drops, solution, 0.3 mL unit dose (GPP)",20250118
1208500,"omidenepag isopropyl 2 mg/100 mL eye drops, solution, 1 x 2.5 mL bottle, 1 box (GPP)",20211110
1208487,"omidenepag isopropyl 2 mg/100 mL eye drops, solution, 2.5 mL bottle (GPP)",20211110
1320336,"omidenepag isopropyl 2 mg/100 mL eye drops, solution, 30 unit dose, 1 box (GPP)",20250118
1281414,"onasemnogene abeparvovec 20 trillion vector genome/1 mL solution for infusion [1 x 5.5 mL vial] (&) onasemnogene abeparvovec 20 trillion vector genome/1 mL solution for infusion [10 x 8.3 mL vial], 1 box (GPP)",20230826
1281422,"onasemnogene abeparvovec 20 trillion vector genome/1 mL solution for infusion [1 x 5.5 mL vial] (&) onasemnogene abeparvovec 20 trillion vector genome/1 mL solution for infusion [11 x 8.3 mL vial], 1 box (GPP)",20230826
1281433,"onasemnogene abeparvovec 20 trillion vector genome/1 mL solution for infusion [1 x 5.5 mL vial] (&) onasemnogene abeparvovec 20 trillion vector genome/1 mL solution for infusion [12 x 8.3 mL vial], 1 box (GPP)",20230826
1281446,"onasemnogene abeparvovec 20 trillion vector genome/1 mL solution for infusion [1 x 5.5 mL vial] (&) onasemnogene abeparvovec 20 trillion vector genome/1 mL solution for infusion [13 x 8.3 mL vial], 1 box (GPP)",20230826
1279925,"onasemnogene abeparvovec 20 trillion vector genome/1 mL solution for infusion [1 x 5.5 mL vial] (&) onasemnogene abeparvovec 20 trillion vector genome/1 mL solution for infusion [2 x 8.3 mL vial], 1 box (GPP)",20230814
1280084,"onasemnogene abeparvovec 20 trillion vector genome/1 mL solution for infusion [1 x 5.5 mL vial] (&) onasemnogene abeparvovec 20 trillion vector genome/1 mL solution for infusion [3 x 8.3 mL vial], 1 box (GPP)",20230814
1280097,"onasemnogene abeparvovec 20 trillion vector genome/1 mL solution for infusion [1 x 5.5 mL vial] (&) onasemnogene abeparvovec 20 trillion vector genome/1 mL solution for infusion [4 x 8.3 mL vial], 1 box (GPP)",20230814
1280107,"onasemnogene abeparvovec 20 trillion vector genome/1 mL solution for infusion [1 x 5.5 mL vial] (&) onasemnogene abeparvovec 20 trillion vector genome/1 mL solution for infusion [5 x 8.3 mL vial], 1 box (GPP)",20230814
1280111,"onasemnogene abeparvovec 20 trillion vector genome/1 mL solution for infusion [1 x 5.5 mL vial] (&) onasemnogene abeparvovec 20 trillion vector genome/1 mL solution for infusion [6 x 8.3 mL vial], 1 box (GPP)",20230814
1280124,"onasemnogene abeparvovec 20 trillion vector genome/1 mL solution for infusion [1 x 5.5 mL vial] (&) onasemnogene abeparvovec 20 trillion vector genome/1 mL solution for infusion [7 x 8.3 mL vial], 1 box (GPP)",20230814
1280130,"onasemnogene abeparvovec 20 trillion vector genome/1 mL solution for infusion [1 x 5.5 mL vial] (&) onasemnogene abeparvovec 20 trillion vector genome/1 mL solution for infusion [8 x 8.3 mL vial], 1 box (GPP)",20230814
1281405,"onasemnogene abeparvovec 20 trillion vector genome/1 mL solution for infusion [1 x 5.5 mL vial] (&) onasemnogene abeparvovec 20 trillion vector genome/1 mL solution for infusion [9 x 8.3 mL vial], 1 box (GPP)",20230826
1279902,"onasemnogene abeparvovec 20 trillion vector genome/1 mL solution for infusion [2 x 5.5 mL vial] (&) onasemnogene abeparvovec 20 trillion vector genome/1 mL solution for infusion [1 x 8.3 mL vial], 1 box (GPP)",20230814
1281479,"onasemnogene abeparvovec 20 trillion vector genome/1 mL solution for infusion [2 x 5.5 mL vial] (&) onasemnogene abeparvovec 20 trillion vector genome/1 mL solution for infusion [10 x 8.3 mL vial], 1 box (GPP)",20230826
1281480,"onasemnogene abeparvovec 20 trillion vector genome/1 mL solution for infusion [2 x 5.5 mL vial] (&) onasemnogene abeparvovec 20 trillion vector genome/1 mL solution for infusion [11 x 8.3 mL vial], 1 box (GPP)",20230826
1281498,"onasemnogene abeparvovec 20 trillion vector genome/1 mL solution for infusion [2 x 5.5 mL vial] (&) onasemnogene abeparvovec 20 trillion vector genome/1 mL solution for infusion [12 x 8.3 mL vial], 1 box (GPP)",20230826
1280202,"onasemnogene abeparvovec 20 trillion vector genome/1 mL solution for infusion [2 x 5.5 mL vial] (&) onasemnogene abeparvovec 20 trillion vector genome/1 mL solution for infusion [2 x 8.3 mL vial], 1 box (GPP)",20230814
1280218,"onasemnogene abeparvovec 20 trillion vector genome/1 mL solution for infusion [2 x 5.5 mL vial] (&) onasemnogene abeparvovec 20 trillion vector genome/1 mL solution for infusion [3 x 8.3 mL vial], 1 box (GPP)",20230814
1280225,"onasemnogene abeparvovec 20 trillion vector genome/1 mL solution for infusion [2 x 5.5 mL vial] (&) onasemnogene abeparvovec 20 trillion vector genome/1 mL solution for infusion [4 x 8.3 mL vial], 1 box (GPP)",20230814
1280239,"onasemnogene abeparvovec 20 trillion vector genome/1 mL solution for infusion [2 x 5.5 mL vial] (&) onasemnogene abeparvovec 20 trillion vector genome/1 mL solution for infusion [5 x 8.3 mL vial], 1 box (GPP)",20230814
1280241,"onasemnogene abeparvovec 20 trillion vector genome/1 mL solution for infusion [2 x 5.5 mL vial] (&) onasemnogene abeparvovec 20 trillion vector genome/1 mL solution for infusion [6 x 8.3 mL vial], 1 box (GPP)",20230814
1280256,"onasemnogene abeparvovec 20 trillion vector genome/1 mL solution for infusion [2 x 5.5 mL vial] (&) onasemnogene abeparvovec 20 trillion vector genome/1 mL solution for infusion [7 x 8.3 mL vial], 1 box (GPP)",20230814
1281451,"onasemnogene abeparvovec 20 trillion vector genome/1 mL solution for infusion [2 x 5.5 mL vial] (&) onasemnogene abeparvovec 20 trillion vector genome/1 mL solution for infusion [8 x 8.3 mL vial], 1 box (GPP)",20230826
1281467,"onasemnogene abeparvovec 20 trillion vector genome/1 mL solution for infusion [2 x 5.5 mL vial] (&) onasemnogene abeparvovec 20 trillion vector genome/1 mL solution for infusion [9 x 8.3 mL vial], 1 box (GPP)",20230826
1279859,"onasemnogene abeparvovec 20 trillion vector genome/1 mL solution for infusion, 1 x 5.5 mL vial, 1 box (GPP)",20230805
1279790,"onasemnogene abeparvovec 20 trillion vector genome/1 mL solution for infusion, 1 x 8.3 mL vial, 1 box (GPP)",20230814
1279892,"onasemnogene abeparvovec 20 trillion vector genome/1 mL solution for infusion, 10 x 8.3 mL vial, 1 box (GPP)",20230826
1281361,"onasemnogene abeparvovec 20 trillion vector genome/1 mL solution for infusion, 11 x 8.3 mL vial, 1 box (GPP)",20230826
1281374,"onasemnogene abeparvovec 20 trillion vector genome/1 mL solution for infusion, 12 x 8.3 mL vial, 1 box (GPP)",20230826
1281388,"onasemnogene abeparvovec 20 trillion vector genome/1 mL solution for infusion, 13 x 8.3 mL vial, 1 box (GPP)",20230826
1281390,"onasemnogene abeparvovec 20 trillion vector genome/1 mL solution for infusion, 14 x 8.3 mL vial, 1 box (GPP)",20230826
1279871,"onasemnogene abeparvovec 20 trillion vector genome/1 mL solution for infusion, 2 x 8.3 mL vial, 1 box (GPP)",20230814
1279941,"onasemnogene abeparvovec 20 trillion vector genome/1 mL solution for infusion, 3 x 8.3 mL vial, 1 box (GPP)",20230814
1279956,"onasemnogene abeparvovec 20 trillion vector genome/1 mL solution for infusion, 4 x 8.3 mL vial, 1 box (GPP)",20230814
1279960,"onasemnogene abeparvovec 20 trillion vector genome/1 mL solution for infusion, 5 x 8.3 mL vial, 1 box (GPP)",20230814
1279837,"onasemnogene abeparvovec 20 trillion vector genome/1 mL solution for infusion, 5.5 mL vial (GPP)",20230805
1279973,"onasemnogene abeparvovec 20 trillion vector genome/1 mL solution for infusion, 6 x 8.3 mL vial, 1 box (GPP)",20230814
1279987,"onasemnogene abeparvovec 20 trillion vector genome/1 mL solution for infusion, 7 x 8.3 mL vial, 1 box (GPP)",20230814
1279994,"onasemnogene abeparvovec 20 trillion vector genome/1 mL solution for infusion, 8 x 8.3 mL vial, 1 box (GPP)",20230814
1279774,"onasemnogene abeparvovec 20 trillion vector genome/1 mL solution for infusion, 8.3 mL vial (GPP)",20230805
1280009,"onasemnogene abeparvovec 20 trillion vector genome/1 mL solution for infusion, 9 x 8.3 mL vial, 1 box (GPP)",20230814
1062756,"ondansetron 4 mg film-coated tablet, 10 tablet, 1 blister (GPP)",20190216
1062773,"ondansetron 4 mg film-coated tablet, 100 tablet (10 x 10 tablet blister), 1 box (GPP)",20190216
1264252,"ondansetron 4 mg/2 mL solution for injection/infusion, 1 x 2 mL vial, 1 box (GPP)",20230604
1215568,"ondansetron 4 mg/2 mL solution for injection/infusion, 2 mL ampoule (GPP)",20211202
1264234,"ondansetron 4 mg/2 mL solution for injection/infusion, 2 mL vial (GPP)",20230604
1215581,"ondansetron 4 mg/2 mL solution for injection/infusion, 5 ampoule, 1 box (GPP)",20241117
1058129,"ondansetron 8 mg film-coated tablet, 10 tablet, 1 blister (GPP)",20190216
1058140,"ondansetron 8 mg film-coated tablet, 100 tablet (10 x 10 tablet blister), 1 box (GPP)",20190216
1092427,"ondansetron 8 mg orodispersible tablet, 10 tablet (1 x 10 tablet blister), 1 box (GPP)",20190216
1092404,"ondansetron 8 mg orodispersible tablet, 10 tablet, 1 blister (GPP)",20190216
1148644,"ondansetron 8 mg/4 mL solution for injection/infusion, 4 mL ampoule (GPP)",20200614
1292130,"ondansetron 8 mg/4 mL solution for injection/infusion, 4 mL unit dose (GPP)",20240301
1148663,"ondansetron 8 mg/4 mL solution for injection/infusion, 5 ampoule, 1 box (GPP)",20241117
1292153,"ondansetron 8 mg/4 mL solution for injection/infusion, 5 x 4 mL unit dose, 1 box (GPP)",20240301
1066303,"orlistat 120 mg capsule, hard, 21 capsule, 1 blister (GPP)",20190216
1066326,"orlistat 120 mg capsule, hard, 84 capsule (4 x 21 capsule blister), 1 box (GPP)",20190216
1229342,"orphenadrine citrate 100 mg prolonged-release tablet, 100 tablet (5 x 20 tablet blister), 1 box (GPP)",20220330
1229326,"orphenadrine citrate 100 mg prolonged-release tablet, 20 tablet, 1 blister (GPP)",20220330
1282853,"orphenadrine citrate 35 mg + paracetamol 450 mg tablet, 1 tablet (GPP)",20230915
1223819,"orphenadrine citrate 35 mg + paracetamol 450 mg tablet, 10 tablet, 1 blister (GPP)",20220303
1070538,"orphenadrine citrate 35 mg + paracetamol 450 mg tablet, 10 tablet, 1 strip (GPP)",20190216
1223835,"orphenadrine citrate 35 mg + paracetamol 450 mg tablet, 1000 tablet (100 x 10 tablet blister), 1 box (GPP)",20220303
1229374,"orphenadrine citrate 35 mg + paracetamol 450 mg tablet, 500 tablet (50 x 10 tablet blister), 1 box (GPP)",20220330
1070555,"orphenadrine citrate 35 mg + paracetamol 450 mg tablet, 500 tablet (50 x 10 tablet strip), 1 box (GPP)",20190216
1282876,"orphenadrine citrate 35 mg + paracetamol 450 mg tablet, 500 tablet (500 x 1 tablet), 1 box (GPP)",20230915
1070572,"orphenadrine citrate 35 mg + paracetamol 500 mg tablet, 10 tablet, 1 blister (GPP)",20190216
1070593,"orphenadrine citrate 35 mg + paracetamol 500 mg tablet, 500 tablet (50 x 10 tablet blister), 1, 500 tablet (50 x 10 tablet blister), 1 box (GPP)",20221202
1237194,"orphenadrine citrate 35 mg + paracetamol 500 mg tablet, 500 tablet, 1 jar (GPP)",20220602
1127821,"orphenadrine citrate 50 mg tablet, 10 tablet, 1 blister (GPP)",20191004
1127845,"orphenadrine citrate 50 mg tablet, 100 tablet (10 x 10 tablet blister), 1 box (GPP)",20191004
1225437,"orphenadrine citrate 70 mg tablet, 10 tablet, 1 strip (GPP)",20220303
1225459,"orphenadrine citrate 70 mg tablet, 100 tablet (10 x 10 tablet strip), 1 box (GPP)",20220303
1269406,"oseltamivir 10 mg/1 mL oral suspension, 35 mL bottle (GPP)",20230617
1269447,"oseltamivir 10 mg/1 mL oral suspension, 50 mL bottle (GPP)",20230617
1147034,"oseltamivir 10 mg/1 mL syrup, 60 mL bottle (GPP)",20200614
1096558,"oseltamivir 30 mg capsule, hard, 10 capsule, 1 bottle (GPP)",20190216
1096570,"oseltamivir 45 mg capsule, hard, 10 capsule, 1 bottle (GPP)",20190216
1319159,"oseltamivir 6 mg/1 mL powder for oral suspension, 1 bottle, 1 box (GPP)",20241225
1147340,"oseltamivir 6 mg/1 mL powder for oral suspension, 1 x 65 mL bottle, 1 box (GPP)",20200601
1319137,"oseltamivir 6 mg/1 mL powder for oral suspension, 60 mL bottle (GPP)",20241225
1147329,"oseltamivir 6 mg/1 mL powder for oral suspension, 65 mL bottle (GPP)",20200614
1322415,"oseltamivir 75 mg capsule, hard, 10 blister, 1 box (GPP)",20250201
1096656,"oseltamivir 75 mg capsule, hard, 10 capsule (1 x 10 capsule blister), 1 box (GPP)",20190216
1096618,"oseltamivir 75 mg capsule, hard, 10 capsule (1 x 10 capsule strip), 1 box (GPP)",20190216
1096639,"oseltamivir 75 mg capsule, hard, 10 capsule, 1 blister (GPP)",20190216
1096591,"oseltamivir 75 mg capsule, hard, 10 capsule, 1 strip (GPP)",20190216
1140569,"oseltamivir 75 mg capsule, hard, 250 capsule (25 x 10 capsule strip), 1 box (GPP)",20200314
1116059,"oxaliplatin 100 mg/20 mL concentrate for solution for infusion, 1 x 20 mL vial, 1 box (GPP)",20230401
1259464,"oxaliplatin 100 mg/20 mL concentrate for solution for infusion, 20 mL vial (GPP)",20230401
1225297,"oxaliplatin 100 mg/50 mL concentrate for solution for infusion, 1 x 50 mL vial, 1 box (GPP)",20220303
1225278,"oxaliplatin 100 mg/50 mL concentrate for solution for infusion, 50 mL vial (GPP)",20220303
1103426,"oxaliplatin 150 mg/30 mL concentrate for solution for infusion, 1 vial, 1 box (GPP)",20250118
1194280,"oxaliplatin 150 mg/30 mL concentrate for solution for infusion, 30 mL vial (GPP)",20210715
1103442,"oxaliplatin 200 mg/40 mL concentrate for solution for infusion, 40 mL vial, 1 box (GPP)",20190315
1116016,"oxaliplatin 50 mg/10 mL concentrate for solution for infusion, 1 x 10 mL vial, 1 box (GPP)",20210715
1194251,"oxaliplatin 50 mg/10 mL concentrate for solution for infusion, 10 mL vial (GPP)",20210715
1071594,"oxcarbazepine 300 mg film-coated tablet, 10 tablet, 1 blister (GPP)",20190216
1071616,"oxcarbazepine 300 mg film-coated tablet, 50 tablet (5 x 10 tablet blister), 1 box (GPP)",20190216
1071637,"oxcarbazepine 600 mg film-coated tablet, 10 tablet, 1 blister (GPP)",20190216
1071659,"oxcarbazepine 600 mg film-coated tablet, 50 tablet (5 x 10 tablet blister), 1 box (GPP)",20190216
1095350,"oxybutynin 5 mg prolonged-release tablet, 30 tablet (1 x 30 tablet bottle), 1 box (GPP)",20190216
1095332,"oxybutynin 5 mg prolonged-release tablet, 30 tablet, 1 bottle (GPP)",20190216
1095378,"oxybutynin 5 mg tablet, 10 tablet, 1 blister (GPP)",20190216
1095397,"oxybutynin 5 mg tablet, 100 tablet (10 x 10 tablet blister), 1 box (GPP)",20190216
1299322,"oxybutynin hydrochloride 73.5 mg transdermal patch, 10 x 73.5 mg sachet patch, 1 box (GPP)",20240530
1299305,"oxybutynin hydrochloride 73.5 mg transdermal patch, 7 x 73.5 mg patch, 1 sachet (GPP)",20240530
1135932,"oxymetazoline hydrochloride 25 mg/100 mL nasal drops, solution, 1 bottle, 1 box (GPP)",20240913
1307408,"oxymetazoline hydrochloride 25 mg/100 mL nasal drops, solution, 10 mL bottle (GPP)",20240913
1227261,"oxymetazoline hydrochloride 25 mg/100 mL nasal spray, solution, 1 x 15 mL bottle, 1 box (GPP)",20221231
1227242,"oxymetazoline hydrochloride 25 mg/100 mL nasal spray, solution, 15 mL bottle (GPP)",20221231
1259090,"oxymetazoline hydrochloride 50 mg/100 mL nasal spray, solution, 1 x 10 mL bottle, 1 box (GPP)",20230401
1297026,"oxymetazoline hydrochloride 50 mg/100 mL nasal spray, solution, 1 x 15 mL bottle, 1 box (GPP)",20240501
1259074,"oxymetazoline hydrochloride 50 mg/100 mL nasal spray, solution, 10 mL bottle (GPP)",20230401
1297003,"oxymetazoline hydrochloride 50 mg/100 mL nasal spray, solution, 15 mL bottle (GPP)",20240501
1309032,"oxymetazoline hydrochloride 500 mcg/1 mL nasal drops, solution, 1 bottle, 1 box (GPP)",20240913
1309013,"oxymetazoline hydrochloride 500 mcg/1 mL nasal drops, solution, 10 mL bottle (GPP)",20240913
1066582,"oxymetholone 50 mg tablet, 10 tablet, 1 blister (GPP)",20190216
1092853,"oxymetholone 50 mg tablet, 100 tablet, 1 bottle (GPP)",20190216
1066609,"oxymetholone 50 mg tablet, 60 tablet (6 x 10 tablet blister), 1 box (GPP)",20190216
1227597,"oxytetracycline 5 mg/1 g + polymyxin b sulfate 10000 iu/1 g eye ointment, 1 x 3.5 g tube, 1 box (GPP)",20220316
1227578,"oxytetracycline 5 mg/1 g + polymyxin b sulfate 10000 iu/1 g eye ointment, 3.5 g tube (GPP)",20220316
1314915,"oxytocin 10 iu/1 mL concentrate for solution for infusion, 1 mL ampoule (GPP)",20241129
1314936,"oxytocin 10 iu/1 mL concentrate for solution for infusion, 100 ampoule, 1 box (GPP)",20241129
1103207,"paclitaxel 100 mg/16.7 mL concentrate for solution for infusion, 1 x 16.7 mL vial, 1 box (GPP)",20240412
1296216,"paclitaxel 100 mg/16.7 mL concentrate for solution for infusion, 16.7 mL vial (GPP)",20240412
1171252,"paclitaxel 30 mg/5 mL concentrate for solution for infusion, 1 x 5 mL vial, 1 box (GPP)",20201230
1171234,"paclitaxel 30 mg/5 mL concentrate for solution for infusion, 5 mL vial (GPP)",20201230
1289495,"paclitaxel 300 mg/50 mL concentrate for solution for infusion, 1 x 50 mL vial, 1 box (GPP)",20240313
1289476,"paclitaxel 300 mg/50 mL concentrate for solution for infusion, 50 mL vial (GPP)",20240313
1103173,"paclitaxel 300 mg/50 mL concentrate for solution for infusion, 50 mL vial, 1 box (GPP)",20190315
1307885,"palbociclib 100 mg capsule, hard, 1 bottle, 1 box (GPP)",20240913
1307863,"palbociclib 100 mg capsule, hard, 21 capsule, bottle (GPP)",20240913
1282142,"palbociclib 100 mg film-coated tablet, 7 tablet (1 x 7 tablet blister), 1 box (GPP)",20230902
1282126,"palbociclib 100 mg film-coated tablet, 7 tablet, 1 blister (GPP)",20230902
1307828,"palbociclib 125 mg capsule, hard, 1 bottle, 1 box (GPP)",20240913
1307800,"palbociclib 125 mg capsule, hard, 21 capsule, bottle (GPP)",20240913
1283449,"palbociclib 125 mg film-coated tablet, 7 tablet (1 x 7 tablet blister), 1 box (GPP)",20230915
1283420,"palbociclib 125 mg film-coated tablet, 7 tablet, 1 blister (GPP)",20230915
1307761,"palbociclib 75 mg capsule, hard, 1 bottle, 1 box (GPP)",20240913
1307742,"palbociclib 75 mg capsule, hard, 21 tablet, bottle (GPP)",20240913
1276867,"palbociclib 75 mg film-coated tablet, 7 tablet (1 x 7 tablet blister), 1 box (GPP)",20230804
1276846,"palbociclib 75 mg film-coated tablet, 7 tablet, 1 blister (GPP)",20230804
1246329,"paliperidone 150 mg/1.5 mL prolonged-release suspension for injection, 1 x 1.5 mL prefilled syr, 1 box (GPP)",20221104
1246301,"paliperidone 150 mg/1.5 mL prolonged-release suspension for injection, 1.5 mL prefilled syr (GPP)",20221104
1246449,"paliperidone 263 mg/1.315 mL prolonged-release suspension for injection, 1 x 1.315 mL prefilled syr, 1 box (GPP)",20221104
1246420,"paliperidone 263 mg/1.315 mL prolonged-release suspension for injection, 1.315 mL prefilled syr (GPP)",20221104
1235991,"paliperidone 3 mg prolonged-release tablet, 28 tablet (4 x 7 tablet blister), 1 box (GPP)",20220514
1235970,"paliperidone 3 mg prolonged-release tablet, 7 tablet, 1 blister (GPP)",20220514
1246340,"paliperidone 50 mg/0.5 mL prolonged-release suspension for injection, 0.5 mL prefilled syr (GPP)",20221104
1246364,"paliperidone 50 mg/0.5 mL prolonged-release suspension for injection, 1 x 0.5 mL prefilled syr, 1 box (GPP)",20221104
1142063,"paliperidone 525 mg/2.625 mL prolonged-release suspension for injection, 1 x 2.625 mL prefilled syr, 1 box (GPP)",20221104
1246465,"paliperidone 525 mg/2.625 mL prolonged-release suspension for injection, 2.625 mL prefilled syr (GPP)",20221104
1236032,"paliperidone 6 mg prolonged-release tablet, 28 tablet (4 x 7 tablet blister), 1 box (GPP)",20220514
1236013,"paliperidone 6 mg prolonged-release tablet, 7 tablet, 1 blister (GPP)",20220514
1246386,"paliperidone 75 mg/0.75 mL prolonged-release suspension for injection, 0.75 mL prefilled syr (GPP)",20221104
1246408,"paliperidone 75 mg/0.75 mL prolonged-release suspension for injection, 1 x 0.75 mL prefilled syr, 1 box (GPP)",20221104
1235958,"paliperidone 9 mg prolonged-release tablet, 28 tablet (4 x 7 tablet blister), 1 box (GPP)",20220514
1235936,"paliperidone 9 mg prolonged-release tablet, 7 tablet, 1 blister (GPP)",20220514
1300678,"palivizumab 100 mg/1 mL solution for injection, 1 mL vial (GPP)",20240615
1300697,"palivizumab 100 mg/1 mL solution for injection, 1 x 1 mL vial, 1 box (GPP)",20240615
1226587,"palonosetron 250 mcg/5 mL solution for injection, 5 mL vial (GPP)",20220316
1047927,"palonosetron 250 mcg/5 mL solution for injection, 5 mL vial, 1 box (GPP)",20181217
1318150,"palonosetron 75 mcg/1.5 mL solution for injection, 1.5 mL vial (GPP)",20241225
1318178,"palonosetron 75 mcg/1.5 mL solution for injection, 5 vial, 1 box (GPP)",20241225
1103731,"pamidronate disodium 30 mg/10 mL concentrate for solution for infusion, 10 mL vial, 1 box (GPP)",20190315
1076420,"pancreatin 150 mg gastro-resistant capsule, hard, 10 capsule, 1 blister (GPP)",20190216
1079537,"pancreatin 150 mg gastro-resistant capsule, hard, 100 capsule (1 x 100 capsule bottle), 1 box (GPP)",20190216
1076449,"pancreatin 150 mg gastro-resistant capsule, hard, 100 capsule (10 x 10 capsule blister), 1 box (GPP)",20190216
1079516,"pancreatin 150 mg gastro-resistant capsule, hard, 100 capsule, 1 bottle (GPP)",20190216
1108764,"pancreatin 400 mg capsule, hard, 10 capsule, 1 blister (GPP)",20210901
1057971,"pancreatin 400 mg gastro-resistant capsule, hard, 10 capsule, 1 blister (GPP)",20190216
1057992,"pancreatin 400 mg gastro-resistant capsule, hard, 50 capsule (5 x 10 capsule blister), 1 box (GPP)",20190216
1086974,"pancreatin 50 mg + proctase 10 mg capsule, hard, 500 capsule (1 x 500 capsule bottle), 1 box (GPP)",20190216
1086957,"pancreatin 50 mg + proctase 10 mg capsule, hard, 500 capsule, 1 bottle (GPP)",20190216
1103691,"pancuronium bromide 4 mg/2 mL solution for injection, 5 x 2 mL ampoule, 1 box (GPP)",20190315
1092135,"panitumumab 100 mg/5 mL concentrate for solution for infusion, 1 x 5 mL vial, 1 box (GPP)",20220316
1227652,"panitumumab 100 mg/5 mL concentrate for solution for infusion, 5 mL vial (GPP)",20220316
1319897,"pantoprazole 20 mg gastro-resistant tablet, 10 tablet, blister (GPP)",20250118
1057738,"pantoprazole 20 mg gastro-resistant tablet, 14 tablet (1 x 14 tablet blister), 1 box (GPP)",20190216
1057717,"pantoprazole 20 mg gastro-resistant tablet, 14 tablet, 1 blister (GPP)",20190216
1319911,"pantoprazole 20 mg gastro-resistant tablet, 3 blister, 1 box (GPP)",20250118
1311806,"pantoprazole 40 mg gastro-resistant tablet, 10 tablet, blister (GPP)",20241018
1057772,"pantoprazole 40 mg gastro-resistant tablet, 14 tablet (1 x 14 tablet blister), 1 box (GPP)",20190216
1057755,"pantoprazole 40 mg gastro-resistant tablet, 14 tablet, 1 blister (GPP)",20190216
1311823,"pantoprazole 40 mg gastro-resistant tablet, 3 blister, 1 box (GPP)",20241018
1077416,"pantoprazole 40 mg powder for solution for injection, 1 vial (1 x 1 vial), 1 box (GPP)",20210211
1149481,"pantoprazole 40 mg powder for solution for injection, 1 vial (GPP)",20200705
1149508,"pantoprazole 40 mg powder for solution for injection, 10 vial (10 x 1 vial), 1 box (GPP)",20200705
1145440,"pantothenic acid 200 mg tablet, 100 tablet, 1 bottle (GPP)",20200517
1145429,"pantothenic acid 200 mg tablet, 1000 tablet, 1 bottle (GPP)",20200517
1096144,"para-aminosalicylate sodium 1 g gastro-resistant tablet, 1000 tablet, 1 jar (GPP)",20190302
1252864,"paracetamol 1 g/100 mL solution for infusion, 1 x 100 mL vial, 1 box (GPP)",20230203
1287167,"paracetamol 1 g/100 mL solution for infusion, 100 mL bag (GPP)",20231104
1252840,"paracetamol 1 g/100 mL solution for infusion, 100 mL vial (GPP)",20230203
1048061,"paracetamol 100 mg/1 mL oral drops, solution, 1 x 15 mL bottle, 1 box (GPP)",20211202
1215758,"paracetamol 100 mg/1 mL oral drops, solution, 15 mL bottle (GPP)",20211202
1203524,"paracetamol 120 mg/5 mL oral solution, 1 x 60 mL bottle, 1 box (GPP)",20210930
1203507,"paracetamol 120 mg/5 mL oral solution, 60 mL bottle (GPP)",20210930
1244701,"paracetamol 120 mg/5 mL syrup, 1 x 120 mL bottle, 1 box (GPP)",20221014
1131963,"paracetamol 120 mg/5 mL syrup, 1 x 60 mL bottle, 1 box (GPP)",20201202
1244680,"paracetamol 120 mg/5 mL syrup, 120 mL bottle (GPP)",20221014
1131985,"paracetamol 120 mg/5 mL syrup, 60 mL bottle (GPP)",20201202
1179143,"paracetamol 250 mg suppository, 12 suppository (2 x 6 suppository strip), 1 box (GPP)",20210226
1179127,"paracetamol 250 mg suppository, 6 suppository, 1 strip (GPP)",20210226
1132041,"paracetamol 250 mg/5 mL syrup, 60 mL bottle, 1 bottle (GPP)",20191115
1132025,"paracetamol 250 mg/5 mL syrup, 60 mL bottle, 1 box (GPP)",20191115
1044998,"paracetamol 325 mg + tramadol hydrochloride 37.5 mg film-coated tablet, 10 tablet, 1 blister (GPP)",20181217
1045016,"paracetamol 325 mg + tramadol hydrochloride 37.5 mg film-coated tablet, 100 tablet (10 x 10 tablet blister), 1 box (GPP)",20181217
1087088,"paracetamol 325 mg + tramadol hydrochloride 37.5 mg film-coated tablet, 20 tablet (2 x 10 tablet blister), 1 box (GPP)",20190216
1071072,"paracetamol 325 mg + tramadol hydrochloride 37.5 mg film-coated tablet, 30 tablet (3 x 10 tablet blister), 1 box (GPP)",20190216
1123321,"paracetamol 325 mg tablet, 10 tablet, 1 blister (GPP)",20190829
1087144,"paracetamol 325 mg tablet, 1000 tablet, 1 jar (GPP)",20190216
1123345,"paracetamol 325 mg tablet, 500 tablet (50 x 10 tablet blister), 1 box (GPP)",20190829
1179221,"paracetamol 500 mg suppository, 12 suppository (2 x 6 suppository strip), 1 box (GPP)",20210226
1179209,"paracetamol 500 mg suppository, 6 suppository, 1 strip (GPP)",20210226
1311457,"paracetamol 500 mg tablet, 1 blister, 1 box (GPP)",20241018
1173135,"paracetamol 500 mg tablet, 1 box (GPP)",20240831
1311435,"paracetamol 500 mg tablet, 10 blister, 1 box (GPP)",20241018
1239330,"paracetamol 500 mg tablet, 10 strip, 1 box (GPP)",20250201
1071174,"paracetamol 500 mg tablet, 10 tablet, 1 strip (GPP)",20190216
1071157,"paracetamol 500 mg tablet, 10 tablet, blister (GPP)",20240831
1087163,"paracetamol 500 mg tablet, 1000 tablet (100 x 10 tablet blister), 1 box (GPP)",20190216
1071190,"paracetamol 500 mg tablet, 1000 tablet (100 x 10 tablet strip), 1 box (GPP)",20190216
1047595,"paracetamol 500 mg tablet, 1000 tablet, 1 bottle (GPP)",20181217
1242049,"paracetamol 500 mg tablet, 1000 tablet, 1 jar (GPP)",20220901
1101618,"paracetamol 500 mg tablet, 20 strip, 1 box (GPP)",20250201
1155494,"paracetamol 500 mg tablet, 500 tablet (50 x 10 tablet strip), 1 box (GPP)",20200801
1252957,"paracetamol 500 mg/50 mL solution for infusion, 1 x 50 mL vial, 1 box (GPP)",20230203
1286948,"paracetamol 500 mg/50 mL solution for infusion, 50 mL bag (GPP)",20231104
1252935,"paracetamol 500 mg/50 mL solution for infusion, 50 mL vial (GPP)",20230203
1281255,"paracetamol 650 mg prolonged-release tablet, 10 tablet, 1 blister (GPP)",20230819
1281272,"paracetamol 650 mg prolonged-release tablet, 50 tablet (5 x 10 tablet blister), 1 box (GPP)",20230819
1306923,"parecoxib 40 mg powder and solvent for solution for injection, 1 vial, 1 vial (GPP)",20250301
1306947,"parecoxib 40 mg powder and solvent for solution for injection, 5 vial, 1 box (GPP)",20250301
1262978,"parecoxib 40 mg powder for solution for injection, 1 vial (1 x 1 vial), 1 box (GPP)",20230513
1242480,"parecoxib 40 mg powder for solution for injection, 1 vial (GPP)",20220915
1289938,"parecoxib 40 mg powder for solution for injection, 10 vial (10 x 1 vial), 1 box (GPP)",20231228
1242507,"parecoxib 40 mg powder for solution for injection, 5 vial (5 x 1 vial), 1 box (GPP)",20220915
1073417,"paroxetine 20 mg film-coated tablet, 10 tablet, 1 blister (GPP)",20190216
1073438,"paroxetine 20 mg film-coated tablet, 30 tablet (3 x 10 tablet blister), 1 box (GPP)",20190216
1045852,"pasireotide 40 mg powder and solvent for suspension for injection, 1 vial, 1 box (GPP)",20181217
1149764,"pasireotide 60 mg powder and solvent for suspension for injection, 1 vial (1 x 1 vial), 1 box (GPP)",20200705
1149740,"pasireotide 60 mg powder and solvent for suspension for injection, 1 vial (GPP)",20200705
1085859,"pazopanib 200 mg film-coated tablet, 30 tablet (1 x 30 tablet bottle), 1 box (GPP)",20190216
1085837,"pazopanib 200 mg film-coated tablet, 30 tablet, 1 bottle (GPP)",20190216
1268732,"pegfilgrastim 6 mg/0.6 mL solution for injection, 0.6 mL prefilled syr (GPP)",20230617
1092174,"pegfilgrastim 6 mg/0.6 mL solution for injection, 1 x 0.6 mL prefilled syr, 1 box (GPP)",20230617
1092208,"peginterferon alfa-2a 180 mcg/0.5 mL solution for injection, 0.5 mL prefilled syr, 1 box (GPP)",20190301
1258034,"pemafibrate 100 mcg film-coated tablet, 10 tablet, blister (GPP)",20240817
1258052,"pemafibrate 100 mcg film-coated tablet, 100 tablet (10 x 10 tablet blister), 1 box (GPP)",20230316
1198720,"pembrolizumab 100 mg/4 mL solution for injection, 1 x 4 mL vial, 1 box (GPP)",20210813
1198708,"pembrolizumab 100 mg/4 mL solution for injection, 4 mL vial (GPP)",20210813
1091873,"pemetrexed 100 mg powder for concentrate for solution for infusion, 1 box (GPP)",20240831
1159827,"pemetrexed 100 mg powder for concentrate for solution for infusion, 1 vial (GPP)",20200904
1233249,"pemetrexed 100 mg/4 mL concentrate for solution for infusion, 1 x 4 mL vial, 1 box (GPP)",20220428
1233220,"pemetrexed 100 mg/4 mL concentrate for solution for infusion, 4 mL vial (GPP)",20220428
1091894,"pemetrexed 500 mg powder for concentrate for solution for infusion, 1 box (GPP)",20240831
1159870,"pemetrexed 500 mg powder for concentrate for solution for infusion, 1 vial (GPP)",20200904
1233334,"pemetrexed 500 mg/20 mL concentrate for solution for infusion, 1 x 20 mL vial, 1 box (GPP)",20220428
1233310,"pemetrexed 500 mg/20 mL concentrate for solution for infusion, 20 mL vial (GPP)",20220428
1075196,"penicillamine 250 mg capsule, hard, 10 capsule, 1 blister (GPP)",20190216
1101308,"penicillamine 250 mg capsule, hard, 100 capsule (10 x 10 capsule blister), 1 box (GPP)",20190315
1097259,"penicillamine 250 mg capsule, hard, 30 capsule (3 x 10 capsule blister), 1 box (GPP)",20190216
1075219,"penicillamine 250 mg capsule, hard, 50 capsule (5 x 10 capsule blister), 1 box (GPP)",20190216
1076761,"pentaerithrityl tetranitrate 10 mg tablet, 500 tablet, 1 bottle (GPP)",20190216
1075154,"pentoxifylline 400 mg film-coated tablet, 10 tablet, 1 blister (GPP)",20190216
1075177,"pentoxifylline 400 mg film-coated tablet, 100 tablet (10 x 10 tablet blister), 1 box (GPP)",20190216
1206118,"pentoxifylline 400 mg prolonged-release tablet, 10 tablet, 1 strip (GPP)",20211029
1206139,"pentoxifylline 400 mg prolonged-release tablet, 50 tablet (5 x 10 tablet strip), 1 box (GPP)",20211029
1246925,"peppermint oil 10 mL/100 mL oral solution, 15 mL bottle (GPP)",20221104
1256359,"peppermint oil 187 mg gastro-resistant capsule, hard, 10 capsule, 1 blister (GPP)",20230304
1256371,"peppermint oil 187 mg gastro-resistant capsule, hard, 100 capsule (10 x 10 capsule blister), 1 box (GPP)",20230304
1224464,"perampanel 2 mg film-coated tablet, 28 tablet (4 x 7 tablet blister), 1 box (GPP)",20220303
1087781,"perampanel 2 mg film-coated tablet, 7 tablet (1 x 7 tablet blister), 1 box (GPP)",20190216
1087768,"perampanel 2 mg film-coated tablet, 7 tablet, 1 blister (GPP)",20190216
1087809,"perampanel 4 mg film-coated tablet, 14 tablet, 1 blister (GPP)",20190216
1087821,"perampanel 4 mg film-coated tablet, 28 tablet (2 x 14 tablet blister), 1 box (GPP)",20190216
1241951,"perampanel 500 mcg/1 mL oral suspension, 1 x 340 mL bottle, 1 box (GPP)",20220901
1241933,"perampanel 500 mcg/1 mL oral suspension, 340 mL bottle (GPP)",20220901
1087845,"perampanel 8 mg film-coated tablet, 14 tablet, 1 blister (GPP)",20190216
1087866,"perampanel 8 mg film-coated tablet, 28 tablet (2 x 14 tablet blister), 1 box (GPP)",20190216
1078292,"perindopril arginine 10 mg film-coated tablet, 30 tablet (1 x 30 tablet jar), 1 box (GPP)",20190216
1078271,"perindopril arginine 10 mg film-coated tablet, 30 tablet, 1 jar (GPP)",20190216
1078339,"perindopril arginine 5 mg film-coated tablet, 30 tablet (1 x 30 tablet jar), 1 box (GPP)",20190216
1078318,"perindopril arginine 5 mg film-coated tablet, 30 tablet, 1 jar (GPP)",20190216
1203970,"permethrin 1 g/100 mL cutaneous emulsion, 1 x 60 mL bottle, 1 box (GPP)",20211014
1203958,"permethrin 1 g/100 mL cutaneous emulsion, 60 mL bottle (GPP)",20211014
1204018,"permethrin 1 g/100 mL cutaneous liquid, 1 x 30 mL bottle, 1 box (GPP)",20211014
1203991,"permethrin 1 g/100 mL cutaneous liquid, 30 mL bottle (GPP)",20211014
1203936,"permethrin 5 g/100 mL cutaneous liquid, 1 x 30 mL bottle, 1 box (GPP)",20211014
1203915,"permethrin 5 g/100 mL cutaneous liquid, 30 mL bottle (GPP)",20211014
1088065,"perphenazine 2 mg coated tablet, 1000 tablet, 1 bottle (GPP)",20190216
1088083,"perphenazine 4 mg coated tablet, 1000 tablet, 1 bottle (GPP)",20190216
1088123,"perphenazine 4 mg film-coated tablet, 1000 tablet, 1 bottle (GPP)",20190216
1088106,"perphenazine 8 mg coated tablet, 1000 tablet, 1 bottle (GPP)",20190216
1088147,"perphenazine 8 mg film-coated tablet, 1000 tablet, 1 bottle (GPP)",20190216
1189090,"pertuzumab 1200 mg/15 mL + trastuzumab 600 mg/15 mL solution for injection, 1 x 15 mL vial, 1 box (GPP)",20210429
1189074,"pertuzumab 1200 mg/15 mL + trastuzumab 600 mg/15 mL solution for injection, 15 mL vial (GPP)",20210429
1189192,"pertuzumab 600 mg/10 mL + trastuzumab 600 mg/10 mL solution for injection, 1 x 10 mL vial, 1 box (GPP)",20210429
1189171,"pertuzumab 600 mg/10 mL + trastuzumab 600 mg/10 mL solution for injection, 10 mL vial (GPP)",20210429
1076408,"pethidine hydrochloride 50 mg/1 mL solution for injection, 10 x 1 mL ampoule, 1 box (GPP)",20190216
1154156,"phenobarbital 10 mg/1 mL oral suspension, 60 mL bottle (GPP)",20200719
1075274,"phenobarbital 200 mg/1 mL solution for injection, 10 x 1 mL ampoule, 1 box (GPP)",20190216
1087267,"phenobarbital 30 mg tablet, 1000 tablet, 1 bottle (GPP)",20190216
1087246,"phenobarbital 32.5 mg tablet, 1000 tablet, 1 bottle (GPP)",20190216
1087280,"phenobarbital 60 mg tablet, 1000 tablet, 1 jar (GPP)",20190216
1087222,"phenobarbital 65 mg tablet, 1000 tablet, 1 bottle (GPP)",20190216
1199904,"phenoxymethylpenicillin 250 mg tablet, 1000 tablet, 1 jar (GPP)",20210813
1126696,"phenoxymethylpenicillin potassium 62.5 mg/5 mL powder for oral solution, 60 mL bottle, 1 bottle (GPP)",20191004
1126736,"phenylbutazone 200 mg coated tablet, 1000 tablet, 1 jar (GPP)",20191004
1166145,"phenylephrine hydrochloride 10 g/100 mL + tropicamide 1 g/100 mL eye drops, solution, 2 mL bottle (GPP)",20201030
1225492,"phenylephrine hydrochloride 10 g/100 mL eye drops, solution, 1 x 5 mL bottle, 1 box (GPP)",20220303
1225471,"phenylephrine hydrochloride 10 g/100 mL eye drops, solution, 5 mL bottle (GPP)",20220303
1135670,"phenylephrine hydrochloride 10 g/100 mL eye drops, solution, 5 mL bottle, 1 box (GPP)",20200517
1276537,"phenylephrine hydrochloride 2.5 g/100 mL + tropicamide 750 mg/100 mL eye drops, solution, 2 mL bottle (GPP)",20230715
1135615,"phenylephrine hydrochloride 2.5 g/100 mL eye drops, solution, 5 mL bottle, 1 box (GPP)",20200517
1127781,"phenylephrine hydrochloride 5 g/100 mL + tropicamide 800 mg/100 mL eye drops, solution, 5 mL bottle, 1 box (GPP)",20191004
1107210,"phenylephrine hydrochloride 500 mcg/10 mL solution for injection, 10 x 10 mL prefilled syr, 1 box (GPP)",20201217
1158330,"phenytoin 25 mg/1 mL oral suspension, 60 mL bottle (GPP)",20200815
1071375,"phenytoin 50 mg chewable tablet, 250 tablet, 1 bottle (GPP)",20190216
1212862,"phenytoin sodium 100 mg capsule, hard, 1000 capsule, 1 bottle (GPP)",20211202
1071352,"phenytoin sodium 100 mg prolonged-release capsule, hard, 100 capsule, 1 bottle (GPP)",20190216
1320410,"phenytoin sodium 250 mg/5 mL solution for injection, 10 ampoule, 1 box (GPP)",20250118
1320391,"phenytoin sodium 250 mg/5 mL solution for injection, 5 mL ampoule (GPP)",20250118
1160403,"phenytoin sodium 250 mg/5 mL solution for injection/infusion, 1 box (GPP)",20240831
1154796,"phenytoin sodium 250 mg/5 mL solution for injection/infusion, 10 x 5 mL vial, 1 box (GPP)",20200801
1076828,"phenytoin sodium 250 mg/5 mL solution for injection/infusion, 25 x 5 mL vial, 1 box (GPP)",20220303
1154777,"phenytoin sodium 250 mg/5 mL solution for injection/infusion, 5 mL vial (GPP)",20200801
1218740,"phytomenadione 10 mg/1 mL solution for injection, 1 mL ampoule (GPP)",20211202
1047728,"phytomenadione 10 mg/1 mL solution for injection, 10 x 1 mL ampoule, 1 box (GPP)",20181217
1076109,"phytomenadione 10 mg/1 mL solution for injection, 25 x 1 mL ampoule, 1 box (GPP)",20211202
1077934,"phytomenadione 10 mg/1 mL solution for injection, 5 x 1 mL ampoule, 1 box (GPP)",20190216
1218729,"phytomenadione 2 mg/1 mL solution for injection, 25 x 500 mcL ampoule, 1 box (GPP)",20211202
1218701,"phytomenadione 2 mg/1 mL solution for injection, 500 mcL ampoule (GPP)",20211202
1074370,"pilocarpine 5 mg film-coated tablet, 100 tablet, 1 bottle (GPP)",20190216
1088303,"pimozide 1 mg tablet, 10 tablet, 1 blister (GPP)",20190216
1088326,"pimozide 1 mg tablet, 100 tablet (10 x 10 tablet blister), 1 box (GPP)",20190216
1088342,"pimozide 4 mg tablet, 20 tablet, 1 blister (GPP)",20190216
1088361,"pimozide 4 mg tablet, 200 tablet (10 x 20 tablet blister), 1 box (GPP)",20190216
1204780,"pinaverium bromide 50 mg film-coated tablet, 30 tablet (1 x 30 tablet blister), 1 box (GPP)",20211014
1204767,"pinaverium bromide 50 mg film-coated tablet, 30 tablet, 1 blister (GPP)",20211014
1077041,"pioglitazone 15 mg tablet, 10 tablet, 1 blister (GPP)",20190216
1227610,"pioglitazone 15 mg tablet, 100 tablet (10 x 10 tablet blister), 1 box (GPP)",20220316
1077060,"pioglitazone 15 mg tablet, 30 tablet (3 x 10 tablet blister), 1 box (GPP)",20190216
1218130,"pioglitazone 15 mg tablet, 500 tablet (50 x 10 tablet blister), 1 box (GPP)",20211202
1077087,"pioglitazone 30 mg tablet, 10 tablet, 1 blister (GPP)",20190216
1227634,"pioglitazone 30 mg tablet, 100 tablet (10 x 10 tablet blister), 1 box (GPP)",20220316
1077104,"pioglitazone 30 mg tablet, 30 tablet (3 x 10 tablet blister), 1 box (GPP)",20190216
1218153,"pioglitazone 30 mg tablet, 500 tablet (50 x 10 tablet blister), 1 box (GPP)",20211202
1152692,"piperacillin 4 g + tazobactam 500 mg powder for solution for injection/infusion, 1 vial (GPP)",20200719
1052116,"piperacillin 4 g + tazobactam 500 mg powder for solution for injection/infusion, 1 vial 1 box (GPP)",20250201
1232081,"piperacillin 4 g + tazobactam 500 mg powder for solution for injection/infusion, 12 vial (12 x 1 vial), 1 box (GPP)",20220413
1045419,"piracetam 400 mg capsule, hard, 10 capsule, 1 blister (GPP)",20181217
1045435,"piracetam 400 mg capsule, hard, 500 capsule (50 x 10 capsule blister), 1 box (GPP)",20181217
1225232,"piracetam 800 mg film-coated tablet, 10 tablet, 1 blister (GPP)",20220303
1073656,"piracetam 800 mg film-coated tablet, 15 tablet, 1 blister (GPP)",20190216
1073673,"piracetam 800 mg film-coated tablet, 30 tablet (2 x 15 tablet blister), 1 box (GPP)",20190216
1225250,"piracetam 800 mg film-coated tablet, 500 tablet (50 x 10 tablet blister), 1 box (GPP)",20220303
1072856,"piribedil 50 mg prolonged-release tablet, 15 tablet, 1 blister (GPP)",20190216
1072873,"piribedil 50 mg prolonged-release tablet, 30 tablet (2 x 15 tablet blister), 1 box (GPP)",20190216
1070092,"piroxicam 10 mg capsule, hard, 10 capsule, 1 blister (GPP)",20190216
1070118,"piroxicam 10 mg capsule, hard, 100 capsule (10 x 10 capsule blister), 1 box (GPP)",20190216
1045731,"piroxicam 10 mg capsule, hard, 1000 capsule, 1 bottle (GPP)",20181217
1231898,"piroxicam 20 mg capsule, hard, 10 capsule (1 x 10 capsule strip), 1 box (GPP)",20220413
1257556,"piroxicam 20 mg capsule, hard, 10 capsule, 1 blister (GPP)",20230316
1231879,"piroxicam 20 mg capsule, hard, 10 capsule, 1 strip (GPP)",20220413
1257573,"piroxicam 20 mg capsule, hard, 100 capsule (10 x 10 capsule blister), 1 box (GPP)",20230316
1086581,"piroxicam 20 mg dispersible tablet, 10 tablet, 1 blister (GPP)",20190216
1086608,"piroxicam 20 mg dispersible tablet, 50 tablet (5 x 10 tablet blister), 1 box (GPP)",20190216
1195617,"piroxicam 20 mg film-coated tablet, 10 tablet, 1 blister (GPP)",20210731
1216825,"piroxicam 20 mg tablet, 10 tablet, 1 blister (GPP)",20211202
1216841,"piroxicam 20 mg tablet, 500 tablet (50 x 10 tablet blister), 1 box (GPP)",20211202
1047744,"piroxicam 500 mg/100 g gel, 1 tube, 1 box (GPP)",20241005
1274980,"piroxicam 500 mg/100 g gel, 25 g tube (GPP)",20230715
1076682,"pitavastatin calcium 2 mg film-coated tablet, 10 tablet, 1 blister (GPP)",20190216
1076703,"pitavastatin calcium 2 mg film-coated tablet, 100 tablet (10 x 10 tablet blister), 1 box (GPP)",20190216
1246682,"pitavastatin calcium 4 mg film-coated tablet, 10 tablet, 1 blister (GPP)",20221104
1246703,"pitavastatin calcium 4 mg film-coated tablet, 100 tablet (10 x 10 tablet blister), 1 box (GPP)",20221104
1071310,"pizotifen 500 mcg coated tablet, 10 tablet, 1 blister (GPP)",20190216
1071334,"pizotifen 500 mcg coated tablet, 30 tablet (3 x 10 tablet blister), 1 box (GPP)",20190216
1092220,"plerixafor 24 mg/1.2 mL solution for injection, 1 x 1.2 mL vial, 1 box (GPP)",20220330
1229498,"plerixafor 24 mg/1.2 mL solution for injection, 1.2 mL vial (GPP)",20220330
1229609,"pneumococcal polysaccharide serotype 1 2.2 mcg/0.5 mL + pneumococcal polysaccharide serotype 14 2.2 mcg/0.5 mL + pneumococcal polysaccharide serotype 18C 2.2 mcg/0.5 mL + pneumococcal polysaccharide serotype 19A 2.2 mcg/0.5 mL + pneumococcal polysaccharide serotype 19F 2.2 mcg/0.5 mL + pneumococcal polysaccharide serotype 23F 2.2 mcg/0.5 mL + pneumococcal polysaccharide serotype 3 2.2 mcg/0.5 mL + pneumococcal polysaccharide serotype 4 2.2 mcg/0.5 mL + pneumococcal polysaccharide serotype 5 2.2 mcg/0.5 mL + pneumococcal polysaccharide serotype 6A 2.2 mcg/0.5 mL + pneumococcal polysaccharide serotype 6B 4.4 mcg/0.5 mL + pneumococcal polysaccharide serotype 7F 2.2 mcg/0.5 mL + pneumococcal polysaccharide serotype 9V 2.2 mcg/0.5 mL suspension for injection, 0.5 mL prefilled syr (GPP)",20220330
1229621,"pneumococcal polysaccharide serotype 1 2.2 mcg/0.5 mL + pneumococcal polysaccharide serotype 14 2.2 mcg/0.5 mL + pneumococcal polysaccharide serotype 18C 2.2 mcg/0.5 mL + pneumococcal polysaccharide serotype 19A 2.2 mcg/0.5 mL + pneumococcal polysaccharide serotype 19F 2.2 mcg/0.5 mL + pneumococcal polysaccharide serotype 23F 2.2 mcg/0.5 mL + pneumococcal polysaccharide serotype 3 2.2 mcg/0.5 mL + pneumococcal polysaccharide serotype 4 2.2 mcg/0.5 mL + pneumococcal polysaccharide serotype 5 2.2 mcg/0.5 mL + pneumococcal polysaccharide serotype 6A 2.2 mcg/0.5 mL + pneumococcal polysaccharide serotype 6B 4.4 mcg/0.5 mL + pneumococcal polysaccharide serotype 7F 2.2 mcg/0.5 mL + pneumococcal polysaccharide serotype 9V 2.2 mcg/0.5 mL suspension for injection, 1 x 0.5 mL prefilled syr, 1 box (GPP)",20220330
1281199,"pneumococcal polysaccharide serotype 1 2.6 mcg/0.5 mL + pneumococcal polysaccharide serotype 14 2.75 mcg/0.5 mL + pneumococcal polysaccharide serotype 18C 3.25 mcg/0.5 mL + pneumococcal polysaccharide serotype 19A 2.6 mcg/0.5 mL + pneumococcal polysaccharide serotype 19F 2.75 mcg/0.5 mL + pneumococcal polysaccharide serotype 23F 3 mcg/0.5 mL + pneumococcal polysaccharide serotype 3 2.5 mcg/0.5 mL + pneumococcal polysaccharide serotype 4 3 mcg/0.5 mL + pneumococcal polysaccharide serotype 5 2.5 mcg/0.5 mL + pneumococcal polysaccharide serotype 6A 2.5 mcg/0.5 mL + pneumococcal polysaccharide serotype 6B 6 mcg/0.5 mL + pneumococcal polysaccharide serotype 7F 2.85 mcg/0.5 mL + pneumococcal polysaccharide serotype 9V 2.5 mcg/0.5 mL suspension for injection, 0.5 mL prefilled syr (GPP)",20230819
1281217,"pneumococcal polysaccharide serotype 1 2.6 mcg/0.5 mL + pneumococcal polysaccharide serotype 14 2.75 mcg/0.5 mL + pneumococcal polysaccharide serotype 18C 3.25 mcg/0.5 mL + pneumococcal polysaccharide serotype 19A 2.6 mcg/0.5 mL + pneumococcal polysaccharide serotype 19F 2.75 mcg/0.5 mL + pneumococcal polysaccharide serotype 23F 3 mcg/0.5 mL + pneumococcal polysaccharide serotype 3 2.5 mcg/0.5 mL + pneumococcal polysaccharide serotype 4 3 mcg/0.5 mL + pneumococcal polysaccharide serotype 5 2.5 mcg/0.5 mL + pneumococcal polysaccharide serotype 6A 2.5 mcg/0.5 mL + pneumococcal polysaccharide serotype 6B 6 mcg/0.5 mL + pneumococcal polysaccharide serotype 7F 2.85 mcg/0.5 mL + pneumococcal polysaccharide serotype 9V 2.5 mcg/0.5 mL suspension for injection, 1 x 0.5 mL prefilled syr, 1 box (GPP)",20230819
1199962,"pneumococcus, purified polysaccharides antigen 25 mcg/0.5 mL solution for injection, 0.5 mL prefilled syr (GPP)",20210813
1091737,"pneumococcus, purified polysaccharides antigen 25 mcg/0.5 mL solution for injection, 0.5 mL vial, 1 box (GPP)",20200404
1091759,"pneumococcus, purified polysaccharides antigen 25 mcg/0.5 mL solution for injection, 1 x 0.5 mL prefilled syr, 1 box (GPP)",20210813
1181346,"podophyllum resin 25 g/100 mL cutaneous solution, 15 mL bottle (GPP)",20210312
1181305,"podophyllum resin 25 g/100 mL cutaneous solution, 60 mL bottle (GPP)",20210312
1152811,"polatuzumab vedotin 140 mg powder for concentrate for solution for infusion, 1 vial (1 x 1 vial), 1 box (GPP)",20200719
1152797,"polatuzumab vedotin 140 mg powder for concentrate for solution for infusion, 1 vial (GPP)",20200719
1312180,"polatuzumab vedotin 30 mg powder for concentrate for solution for infusion, 1 vial (GPP)",20241018
1312200,"polatuzumab vedotin 30 mg powder for concentrate for solution for infusion, 1 vial, 1 box (GPP)",20241018
1323393,"poliomyelitis, inactivated type 1 (vero cell) 40 D antigen unit + poliomyelitis, inactivated type 2 (vero cell) 8 D antigen unit + poliomyelitis, inactivated type 3 (vero cell) 32 D antigen unit suspension for injection, 1 x 5 mL vial, 1 vial (GPP)",20250215
1323412,"poliomyelitis, inactivated type 1 (vero cell) 40 D antigen unit + poliomyelitis, inactivated type 2 (vero cell) 8 D antigen unit + poliomyelitis, inactivated type 3 (vero cell) 32 D antigen unit suspension for injection, 25 x 5 mL vial, 1 box (GPP)",20250215
1299118,"poliomyelitis, inactivated type 1 (vero cell) 40 D antigen unit/0.5 mL + poliomyelitis, inactivated type 2 (vero cell) 8 D antigen unit/0.5 mL + poliomyelitis, inactivated type 3 (vero cell) 32 D antigen unit/0.5 mL suspension for injection, 0.5 mL vial (GPP)",20240530
1299139,"poliomyelitis, inactivated type 1 (vero cell) 40 D antigen unit/0.5 mL + poliomyelitis, inactivated type 2 (vero cell) 8 D antigen unit/0.5 mL + poliomyelitis, inactivated type 3 (vero cell) 32 D antigen unit/0.5 mL suspension for injection, 10 x 0.5 mL vial, 1 box (GPP)",20240530
1298229,"poliomyelitis, inactivated type 1, Sabin (vero cell) 15 D antigen unit/0.5 mL + poliomyelitis, inactivated type 2, Sabin (vero cell) 45 D antigen unit/0.5 mL + poliomyelitis, inactivated type 3, Sabin (vero cell) 45 D antigen unit/0.5 mL suspension for injection, 0.5 mL vial (GPP)",20240516
1298264,"poliomyelitis, inactivated type 1, Sabin (vero cell) 15 D antigen unit/0.5 mL + poliomyelitis, inactivated type 2, Sabin (vero cell) 45 D antigen unit/0.5 mL + poliomyelitis, inactivated type 3, Sabin (vero cell) 45 D antigen unit/0.5 mL suspension for injection, 1 x 0.5 mL vial, 1 box (GPP)",20240516
1298240,"poliomyelitis, inactivated type 1, Sabin (vero cell) 15 D antigen unit/0.5 mL + poliomyelitis, inactivated type 2, Sabin (vero cell) 45 D antigen unit/0.5 mL + poliomyelitis, inactivated type 3, Sabin (vero cell) 45 D antigen unit/0.5 mL suspension for injection, 50 x 0.5 mL vial, 1 box (GPP)",20240516
1269583,"polyethylene glycol 4000 59 g/1 L + potassium chloride 743 mg/1 L + sodium bicarbonate 1.685 g/1 L + sodium chloride 1.465 g/1 L + sodium sulfate anhydrous 5.685 g/1 L oral solution, 1 L gallon (GPP)",20230617
1323052,"polymyxin B 500000 iu powder for solution for infusion, 1 vial, 1 box (GPP)",20250215
1323034,"polymyxin B 500000 iu powder for solution for infusion, 1 vial, 1 vial (GPP)",20250215
1091771,"polysaccharide of salmonella typhi 25 mcg/0.5 mL solution for injection, 500 mcL prefilled syr, 1 box (GPP)",20190216
1110653,"pomalidomide 1 mg capsule, hard, 21 capsule (3 x 7 capsule blister), 1 box (GPP)",20190411
1110630,"pomalidomide 1 mg capsule, hard, 7 capsule, 1 blister (GPP)",20190411
1069895,"pomalidomide 2 mg capsule, hard, 21 capsule (3 x 7 capsule blister), 1 box (GPP)",20190216
1069876,"pomalidomide 2 mg capsule, hard, 7 capsule, 1 blister (GPP)",20190216
1069933,"pomalidomide 3 mg capsule, hard, 3 blister, 1 box (GPP)",20241129
1069914,"pomalidomide 3 mg capsule, hard, 7 capsule, blister (GPP)",20241129
1069979,"pomalidomide 4 mg capsule, hard, 3 blister, 1 box (GPP)",20241129
1069951,"pomalidomide 4 mg capsule, hard, 7 capsule, blister (GPP)",20241129
1115784,"ponatinib 15 mg film-coated tablet, 1 bottle, 1 box (GPP)",20241116
1115766,"ponatinib 15 mg film-coated tablet, 30 tablet, bottle (GPP)",20241116
1193698,"potassium bicarbonate 200 mg/10 mL + sodium alginate 1 g/10 mL oral suspension, 10 mL sachet (GPP)",20210715
1193717,"potassium bicarbonate 200 mg/10 mL + sodium alginate 1 g/10 mL oral suspension, 24 x 10 mL sachet, 1 box (GPP)",20210715
1216110,"potassium chloride 1.5 g/10 mL solution for injection, 10 mL ampoule (GPP)",20211202
1216134,"potassium chloride 1.5 g/10 mL solution for injection, 50 x 10 mL ampoule, 1 box (GPP)",20211202
1257518,"potassium chloride 10 g/100 mL oral solution, 30 mL bottle (GPP)",20230316
1259057,"potassium chloride 10 g/100 mL oral solution, 500 mL bottle (GPP)",20230401
1267567,"potassium chloride 10 g/100 mL oral solution, 60 mL bottle (GPP)",20230617
1206658,"potassium chloride 10 g/100 mL syrup, 240 mL bottle (GPP)",20211029
1206689,"potassium chloride 10 g/100 mL syrup, 30 mL bottle (GPP)",20211029
1206720,"potassium chloride 10 g/100 mL syrup, 60 mL bottle (GPP)",20211029
1309241,"potassium chloride 100 mg/1 mL syrup, 30 mL bottle (GPP)",20241005
1308644,"potassium chloride 150 mg/100 mL + sodium chloride 900 mg/100 mL solution for infusion, 1 L bag (GPP)",20240913
1075509,"potassium chloride 200 meq/100 mL concentrate for solution for infusion, 50 x 10 mL unit dose, 1 box (GPP)",20190216
1308830,"potassium chloride 300 mg/100 mL + sodium chloride 900 mg/100 mL solution for infusion, 1 L bag (GPP)",20240913
1269605,"potassium chloride 500 mg tablet, 500 tablet, 1 bottle (GPP)",20230617
1261216,"potassium chloride 500 mg/5 mL oral solution, 240 mL bottle (GPP)",20230412
1171155,"potassium chloride 500 mg/5 mL oral solution, 450 mL bottle (GPP)",20250214
1149531,"potassium chloride 500 mg/5 mL oral solution, 60 mL bottle (GPP)",20250214
1171129,"potassium chloride 500 mg/5 mL syrup, 1 x 240 mL bottle, 1 bottle (GPP)",20250215
1078011,"potassium chloride 750 mg prolonged-release tablet, 250 tablet (1 x 250 tablet bottle), 1 box (GPP)",20190216
1077999,"potassium chloride 750 mg prolonged-release tablet, 250 tablet, 1 bottle (GPP)",20190216
1083350,"potassium citrate 231.5 mg + sodium citrate 195 mg tablet, 10 tablet, 1 blister (GPP)",20190216
1083378,"potassium citrate 231.5 mg + sodium citrate 195 mg tablet, 100 tablet (10 x 10 tablet blister), 1 box (GPP)",20190216
1147145,"potassium citrate 300 mcg/100 mL oral solution, 240 mL bottle (GPP)",20200614
1207078,"potassium citrate 6.6 g/100 mL oral solution, 240 mL bottle (GPP)",20211029
1210162,"potassium citrate 6.6 g/100 mL oral solution, 30 mL bottle (GPP)",20211110
1132311,"povidone iodine 10 g/100 g ointment, 50 g jar, 1 jar (GPP)",20191115
1045899,"povidone iodine 10 g/100 mL cutaneous solution, 100 mL bottle, 1 bottle (GPP)",20181217
1312011,"povidone iodine 10 g/100 mL cutaneous solution, 12 bottle, 1 box (GPP)",20241018
1105432,"povidone iodine 10 g/100 mL cutaneous solution, 12 x 15 mL bottle, 1 box (GPP)",20221202
1105466,"povidone iodine 10 g/100 mL cutaneous solution, 12 x 450 mL bottle, 1 box (GPP)",20190331
1045913,"povidone iodine 10 g/100 mL cutaneous solution, 120 mL bottle (GPP)",20221231
1099889,"povidone iodine 10 g/100 mL cutaneous solution, 15 mL bottle (GPP)",20211202
1129810,"povidone iodine 10 g/100 mL cutaneous solution, 15 mL bottle, 1 box (GPP)",20191102
1208782,"povidone iodine 10 g/100 mL cutaneous solution, 240 mL bottle (GPP)",20211110
1099917,"povidone iodine 10 g/100 mL cutaneous solution, 30 mL bottle (GPP)",20211202
1129852,"povidone iodine 10 g/100 mL cutaneous solution, 30 mL bottle, 1 box (GPP)",20191102
1105523,"povidone iodine 10 g/100 mL cutaneous solution, 4 x 5 L gallon, 1 box (GPP)",20190331
1167820,"povidone iodine 10 g/100 mL cutaneous solution, 450 mL bottle (GPP)",20201202
1132348,"povidone iodine 10 g/100 mL cutaneous solution, 500 mL bottle (GPP)",20211216
1105497,"povidone iodine 10 g/100 mL cutaneous solution, 6 x 1 L bottle, 1 box (GPP)",20190331
1208814,"povidone iodine 10 g/100 mL cutaneous solution, 60 mL bottle (GPP)",20211110
1173254,"povidone iodine 2 g/100 mL gargle/mouthwash, 1 L gallon (GPP)",20210129
1129909,"povidone iodine 5 g/100 g cream, 15 g tube, 1 box (GPP)",20191102
1245566,"povidone iodine 5 g/100 mL eye drops, solution, 3 mL bottle (GPP)",20221104
1173190,"povidone iodine 7 g/100 mL gargle/mouthwash, 1 x 30 mL bottle, 1 box (GPP)",20210129
1173174,"povidone iodine 7 g/100 mL gargle/mouthwash, 30 mL bottle (GPP)",20210129
1256675,"povidone iodine 7.5 g/100 mL cutaneous solution, 1 L gallon (GPP)",20230304
1256725,"povidone iodine 7.5 g/100 mL cutaneous solution, 120 mL bottle (GPP)",20230304
1207729,"povidone iodine 7.5 g/100 mL cutaneous solution, 240 mL bottle (GPP)",20211110
1132382,"povidone iodine 7.5 g/100 mL cutaneous solution, 500 mL bottle (GPP)",20230316
1207755,"povidone iodine 7.5 g/100 mL cutaneous solution, 60 mL bottle (GPP)",20211110
1091915,"pralatrexate 20 mg/1 mL concentrate for solution for infusion, 1 mL vial, 1 box (GPP)",20190216
1253284,"pralsetinib 100 mg capsule, hard, 60 capsule (1 x 60 capsule bottle), 1 box (GPP)",20230203
1253266,"pralsetinib 100 mg capsule, hard, 60 capsule, 1 bottle (GPP)",20230203
1072678,"pramipexole dihydrochloride monohydrate 1 mg tablet, 10 tablet, 1 blister (GPP)",20190216
1216303,"pramipexole dihydrochloride monohydrate 1 mg tablet, 30 tablet (3 x 10 tablet blister), 1 blister (GPP)",20211202
1072697,"pramipexole dihydrochloride monohydrate 1 mg tablet, 30 tablet (3 x 10 tablet blister), 1 box (GPP)",20190216
1072716,"pramipexole dihydrochloride monohydrate 1.5 mg prolonged-release tablet, 10 tablet, 1 blister (GPP)",20190216
1072737,"pramipexole dihydrochloride monohydrate 1.5 mg prolonged-release tablet, 30 tablet (3 x 10 tablet blister), 1 box (GPP)",20190216
1072632,"pramipexole dihydrochloride monohydrate 250 mcg tablet, 10 tablet, 1 blister (GPP)",20200615
1072650,"pramipexole dihydrochloride monohydrate 250 mcg tablet, 30 tablet (3 x 10 tablet blister), 1 box (GPP)",20190216
1072759,"pramipexole dihydrochloride monohydrate 375 mcg prolonged-release tablet, 10 tablet, 1 blister (GPP)",20190216
1072771,"pramipexole dihydrochloride monohydrate 375 mcg prolonged-release tablet, 30 tablet (3 x 10 tablet blister), 1 box (GPP)",20190216
1075647,"prasugrel 10 mg film-coated tablet, 14 tablet, 1 blister (GPP)",20190216
1075668,"prasugrel 10 mg film-coated tablet, 28 tablet (2 x 14 tablet blister), 1 box (GPP)",20190216
1145878,"prasugrel 5 mg film-coated tablet, 14 tablet, 1 blister (GPP)",20200601
1145897,"prasugrel 5 mg film-coated tablet, 28 tablet (2 x 14 tablet blister), 1 box (GPP)",20200601
1075725,"pravastatin sodium 20 mg tablet, 10 tablet, 1 blister (GPP)",20190216
1075741,"pravastatin sodium 20 mg tablet, 30 tablet (3 x 10 tablet blister), 1 box (GPP)",20190216
1075681,"pravastatin sodium 40 mg tablet, 10 tablet, blister (GPP)",20240913
1075702,"pravastatin sodium 40 mg tablet, 3 blister, 1 box (GPP)",20240913
1090531,"praziquantel 600 mg film-coated tablet, 100 tablet, 1 bottle (GPP)",20190216
1090512,"praziquantel 600 mg film-coated tablet, 100 tablet, 1 jar (GPP)",20190216
1209547,"prazosin 1 mg tablet, 10 tablet, 1 blister (GPP)",20211110
1209568,"prazosin 1 mg tablet, 100 tablet (10 x 10 tablet blister), 1 box (GPP)",20211110
1209506,"prazosin 2 mg tablet, 10 tablet, 1 blister (GPP)",20211110
1209523,"prazosin 2 mg tablet, 100 tablet (10 x 10 tablet blister), 1 box (GPP)",20211110
1076800,"prazosin 2 mg tablet, 100 tablet (4 x 25 tablet blister), 1 box (GPP)",20190216
1076788,"prazosin 2 mg tablet, 25 tablet, 1 blister (GPP)",20190216
1117835,"prednicarbate 250 mg/100 g cream, 100 x 5 g tube, 1 box (GPP)",20190628
1046730,"prednicarbate 250 mg/100 g cream, 5 g tube, 1 box (GPP)",20181217
1117819,"prednicarbate 250 mg/100 g cream, 5 g tube, 1 tube (GPP)",20190628
1229569,"prednisolone 1 g/100 mL eye drops, suspension, 1 x 5 mL bottle, 1 box (GPP)",20220330
1229548,"prednisolone 1 g/100 mL eye drops, suspension, 5 mL bottle (GPP)",20220330
1127088,"prednisolone 5 mg film-coated tablet, 1000 tablet, 1 jar (GPP)",20191004
1063230,"prednisolone 5 mg tablet, 10 tablet, 1 blister (GPP)",20190216
1063253,"prednisolone 5 mg tablet, 1000 tablet (100 x 10 tablet blister), 1 box (GPP)",20190216
1277894,"prednisolone 5 mg tablet, 1000 tablet, 1 bottle (GPP)",20230804
1249711,"prednisolone 5 mg tablet, 1000 tablet, 1 jar (GPP)",20221202
1319809,"prednisolone 5 mg tablet, 500 tablet, jar (GPP)",20250118
1269679,"prednisolone 5 mg/1 mL oral suspension, 30 mL bottle (GPP)",20230617
1229582,"prednisolone 5 mg/5 mL syrup, 60 mL bottle (GPP)",20220330
1155563,"prednisolone 500 mcg/1 mL oral suspension, 60 mL bottle (GPP)",20200801
1172301,"prednisolone 500 mg/100 g cream, 10 g tube (GPP)",20210113
1172329,"prednisolone 500 mg/100 g cream, 20 x 10 g tube, 1 box (GPP)",20210113
1144321,"pregabalin 150 mg capsule, hard, 10 capsule blister (GPP)",20240629
1136117,"pregabalin 150 mg capsule, hard, 10 capsule, 1 strip (GPP)",20200130
1200010,"pregabalin 150 mg capsule, hard, 100 capsule (10 x 10 capsule blister), 1 box (GPP)",20210813
1071998,"pregabalin 150 mg capsule, hard, 14 capsule, 1 blister (GPP)",20190216
1144345,"pregabalin 150 mg capsule, hard, 30 capsule (3 x 10 capsule blister), 1 box (GPP)",20200429
1072012,"pregabalin 150 mg capsule, hard, 56 capsule (4 x 14 capsule blister), 1 box (GPP)",20190216
1087747,"pregabalin 150 mg capsule, hard, 56 capsule (8 x 7 capsule blister), 1 box (GPP)",20190216
1136138,"pregabalin 150 mg capsule, hard, 60 capsule (6 x 10 capsule strip), 1 box (GPP)",20200130
1087723,"pregabalin 150 mg capsule, hard, 7 capsule blister (GPP)",20240301
1306693,"pregabalin 25 mg capsule, hard, 1 box (GPP)",20240831
1306672,"pregabalin 25 mg capsule, hard, 10 capsule, blister (GPP)",20240831
1072031,"pregabalin 25 mg capsule, hard, 14 capsule, 1 blister (GPP)",20190216
1072054,"pregabalin 25 mg capsule, hard, 56 capsule (4 x 14 capsule blister), 1 box (GPP)",20190216
1087706,"pregabalin 25 mg capsule, hard, 56 capsule (8 x 7 capsule blister), 1 box (GPP)",20190216
1087687,"pregabalin 25 mg capsule, hard, 7 capsule, 1 blister (GPP)",20190216
1135538,"pregabalin 50 mg capsule, hard, 10 capsule, 1 strip (GPP)",20200118
1164124,"pregabalin 50 mg capsule, hard, 14 capsule, 1 blister (GPP)",20201016
1164148,"pregabalin 50 mg capsule, hard, 56 capsule (4 x 14 capsule blister), 1 box (GPP)",20201016
1292646,"pregabalin 50 mg capsule, hard, 56 capsule (8 x 7 capsule blister), 1 box (GPP)",20240301
1135555,"pregabalin 50 mg capsule, hard, 60 capsule (6 x 10 capsule strip), 1 box (GPP)",20200118
1292622,"pregabalin 50 mg capsule, hard, 7 capsule blister (GPP)",20240301
1300524,"pregabalin 75 mg capsule, hard, 10 capsule (1 x 10 capsule blister), 1 box (GPP)",20240615
1144268,"pregabalin 75 mg capsule, hard, 10 capsule blister (GPP)",20240615
1136058,"pregabalin 75 mg capsule, hard, 10 capsule, 1 strip (GPP)",20200130
1200068,"pregabalin 75 mg capsule, hard, 100 capsule (10 x 10 capsule blister), 1 box (GPP)",20210813
1072077,"pregabalin 75 mg capsule, hard, 14 capsule, 1 blister (GPP)",20190216
1144281,"pregabalin 75 mg capsule, hard, 30 capsule (3 x 10 capsule blister), 1 box (GPP)",20200429
1136070,"pregabalin 75 mg capsule, hard, 30 capsule (3 x 10 capsule strip), 1 box (GPP)",20200130
1072096,"pregabalin 75 mg capsule, hard, 56 capsule (4 x 14 capsule blister), 1 box (GPP)",20190216
1072134,"pregabalin 75 mg capsule, hard, 56 capsule (8 x 7 capsule blister), 1 box (GPP)",20190216
1176124,"pregabalin 75 mg capsule, hard, 60 capsule (6 x 10 capsule blister), 1 box (GPP)",20210211
1072110,"pregabalin 75 mg capsule, hard, 7 capsule, 1 blister (GPP)",20190216
1244819,"pretomanid 200 mg tablet, 26 tablet (1 x 26 tablet bottle), 1 box (GPP)",20221014
1244793,"pretomanid 200 mg tablet, 26 tablet, 1 bottle (GPP)",20221014
1262276,"primaquine 1 mg/1 mL oral suspension, 30 mL bottle (GPP)",20230428
1154224,"primaquine 1 mg/1 mL oral suspension, 60 mL bottle (GPP)",20210731
1090434,"primaquine 15 mg film-coated tablet, 250 tablet, 1 jar (GPP)",20190216
1109462,"probenecid 500 mg film-coated tablet, 500 tablet, 1 jar (GPP)",20190411
1090738,"procaterol 25 mcg tablet, 10 tablet, 1 blister (GPP)",20190216
1090755,"procaterol 25 mcg tablet, 100 tablet (10 x 10 tablet blister), 1 sachet (GPP)",20190216
1090772,"procaterol 25 mcg tablet, 500 tablet (50 x 10 tablet blister), 1 box (GPP)",20190216
1074651,"procaterol 50 mcg tablet, 10 tablet, 1 blister (GPP)",20190216
1074679,"procaterol 50 mcg tablet, 100 tablet (10 x 10 tablet blister), 1 box (GPP)",20190216
1326734,"progesterone 100 mg capsule, soft, 15 capsule, 1 blister (GPP)",20250313
1326752,"progesterone 100 mg capsule, soft, 2 blister, 1 box (GPP)",20250313
1044404,"progesterone 100 mg vaginal tablet, 21 tablet (7 x 3 tablet blister), 1 box (GPP)",20181216
1044381,"progesterone 100 mg vaginal tablet, 3 tablet, 1 blister (GPP)",20181216
1306416,"progesterone 200 mg capsule, soft, 1 box (GPP)",20240831
1306395,"progesterone 200 mg capsule, soft, 15 capsule, blister (GPP)",20240831
1288369,"progesterone 200 mg vaginal capsule, soft, 15 capsule (1 x 15 capsule blister), 1 box (GPP)",20231118
1288348,"progesterone 200 mg vaginal capsule, soft, 15 capsule, 1 blister (GPP)",20231118
1123977,"progesterone 400 mg pessary, 15 pessary (3 x 5 pessary blister), 1 box (GPP)",20190829
1123954,"progesterone 400 mg pessary, 5 pessary, 1 blister (GPP)",20190829
1078237,"propafenone hydrochloride 150 mg film-coated tablet, 10 tablet, 1 blister (GPP)",20230902
1078259,"propafenone hydrochloride 150 mg film-coated tablet, 50 tablet (5 x 10 tablet blister), 1 box (GPP)",20230902
1149651,"propofol 200 mg/20 mL emulsion for injection/infusion, 20 mL vial (GPP)",20200705
1149679,"propofol 200 mg/20 mL emulsion for injection/infusion, 5 x 20 mL vial, 1 box (GPP)",20200705
1277697,"propofol 500 mg/50 mL emulsion for injection/infusion, 10 x 50 mL vial, 1 box (GPP)",20230804
1277678,"propofol 500 mg/50 mL emulsion for injection/infusion, 50 mL vial (GPP)",20230804
1092323,"propofol 500 mg/50 mL emulsion for injection/infusion, 50 mL vial, 1 box (GPP)",20190216
1326074,"propolis extract 1 g/100 g + terminalia chebula extract 10 g/100 g oromucosal spray, solution, 1 x 15 mL bottle, 1 bottle (GPP)",20250313
1326090,"propolis extract 1 g/100 g + terminalia chebula extract 10 g/100 g oromucosal spray, solution, 1 x 15 mL bottle, 1 box (GPP)",20250313
1056282,"propranolol hydrochloride 10 mg film-coated tablet, 10 tablet, blister (GPP)",20241102
1056305,"propranolol hydrochloride 10 mg film-coated tablet, 1000 tablet (100 x 10 tablet blister), 1 box (GPP)",20190216
1274560,"propranolol hydrochloride 10 mg film-coated tablet, 1000 tablet, 1 bottle (GPP)",20230715
1313127,"propranolol hydrochloride 10 mg film-coated tablet, 50 blister, 1 box (GPP)",20241102
1158485,"propranolol hydrochloride 2 mg/1 mL oral suspension, 40 mL bottle (GPP)",20200815
1269793,"propranolol hydrochloride 2 mg/1 mL oral suspension, 60 mL bottle (GPP)",20230617
1056322,"propranolol hydrochloride 40 mg film-coated tablet, 10 tablet, 1 blister (GPP)",20190216
1056346,"propranolol hydrochloride 40 mg film-coated tablet, 1000 tablet (100 x 10 tablet blister), 1 box (GPP)",20190216
1274600,"propranolol hydrochloride 40 mg film-coated tablet, 1000 tablet, 1 bottle (GPP)",20230715
1205157,"propylene glycol 40 mL/100 mL cutaneous solution, 240 mL bottle (GPP)",20211014
1147204,"propylene glycol 50 mL/100 mL oral solution, 240 mL bottle (GPP)",20200614
1227495,"propylene glycol 600 mg/100 mL eye drops, emulsion, 1 x 5 mL bottle, 1 box (GPP)",20220316
1227476,"propylene glycol 600 mg/100 mL eye drops, emulsion, 5 mL bottle (GPP)",20220316
1273942,"propylthiouracil 50 mg tablet, 10 tablet, 1 blister (GPP)",20230701
1063555,"propylthiouracil 50 mg tablet, 10 tablet, 1 strip (GPP)",20190216
1047498,"propylthiouracil 50 mg tablet, 1000 tablet, 1 bottle (GPP)",20181217
1273961,"propylthiouracil 50 mg tablet, 500 tablet (50 x 10 tablet blister), 1 box (GPP)",20230701
1063572,"propylthiouracil 50 mg tablet, 500 tablet (50 x 10 tablet strip), 1 box (GPP)",20190216
1077751,"prucalopride 1 mg film-coated tablet, 28 tablet (4 x 7 tablet blister), 1 box (GPP)",20190216
1077733,"prucalopride 1 mg film-coated tablet, 7 tablet, 1 blister (GPP)",20190216
1077714,"prucalopride 2 mg film-coated tablet, 28 tablet (4 x 7 tablet blister), 1 box (GPP)",20190216
1077693,"prucalopride 2 mg film-coated tablet, 7 tablet, 1 blister (GPP)",20190216
1090633,"pseudoephedrine hydrochloride 60 mg film-coated tablet, 10 tablet, 1 strip (GPP)",20190216
1090651,"pseudoephedrine hydrochloride 60 mg film-coated tablet, 1000 tablet (100 x 10 tablet strip), 1 box (GPP)",20190216
1154269,"pyrazinamide 40 mg/1 mL oral suspension, 50 mL bottle (GPP)",20200719
1063593,"pyrazinamide 500 mg tablet, 10 tablet, 1 strip (GPP)",20190216
1063615,"pyrazinamide 500 mg tablet, 500 tablet (50 x 10 tablet strip), 1 box (GPP)",20190216
1074273,"pyridostigmine bromide 60 mg coated tablet, 120 tablet (1 x 120 tablet bottle), 1 box (GPP)",20190216
1074256,"pyridostigmine bromide 60 mg coated tablet, 120 tablet, 1 bottle (GPP)",20190216
1276089,"pyridostigmine bromide 60 mg film-coated tablet, 10 tablet, 1 blister (GPP)",20230715
1253714,"pyridostigmine bromide 60 mg film-coated tablet, 10 tablet, 1 strip (GPP)",20230203
1253733,"pyridostigmine bromide 60 mg film-coated tablet, 100 tablet (10 x 10 tablet strip), 1 box (GPP)",20230203
1276101,"pyridostigmine bromide 60 mg film-coated tablet, 150 tablet (15 x 10 tablet blister), 1 box (GPP)",20230715
1200695,"pyridoxine hydrochloride 1 mg + riboflavin 1 mg + thiamine hydrochloride 1 mg coated tablet, 1000 tablet, 1 jar (GPP)",20210813
1075469,"pyridoxine hydrochloride 100 mg tablet, 10 tablet, 1 strip (GPP)",20190216
1075482,"pyridoxine hydrochloride 100 mg tablet, 500 tablet (50 x 10 tablet strip), 1 box (GPP)",20190216
1215789,"pyridoxine hydrochloride 50 mg tablet, 1000 tablet, 1 bottle (GPP)",20211202
1136268,"pyrimethamine 25 mg tablet, 10 tablet, 1 blister (GPP)",20200130
1136281,"pyrimethamine 25 mg tablet, 100 tablet (10 x 10 tablet blister), 1 box (GPP)",20200130
1090452,"pyrimethamine 25 mg tablet, 1000 tablet, 1 jar (GPP)",20190216
1269944,"pyrimethamine 4 mg/1 mL oral suspension, 32 mL bottle (GPP)",20230617
1048455,"pyritinol hydrochloride 100 mg tablet, 500 tablet, 1 bottle (GPP)",20181217
1073090,"quetiapine 100 mg film-coated tablet, 10 tablet, 1 blister (GPP)",20190216
1073116,"quetiapine 100 mg film-coated tablet, 30 tablet (3 x 10 tablet blister), 1 box (GPP)",20190216
1088507,"quetiapine 150 mg prolonged-release tablet, 10 tablet, 1 blister (GPP)",20190216
1088524,"quetiapine 150 mg prolonged-release tablet, 60 tablet (6 x 10 tablet blister), 1 box (GPP)",20190216
1088609,"quetiapine 200 mg film-coated tablet, 10 tablet, blister (GPP)",20240913
1088621,"quetiapine 200 mg film-coated tablet, 3 blister, 1 box (GPP)",20240913
1073057,"quetiapine 25 mg film-coated tablet, 10 tablet, 1 blister (GPP)",20190216
1073074,"quetiapine 25 mg film-coated tablet, 30 tablet (3 x 10 tablet blister), 1 box (GPP)",20190216
1088467,"quetiapine 300 mg prolonged-release tablet, 10 tablet, 1 blister (GPP)",20190216
1088480,"quetiapine 300 mg prolonged-release tablet, 60 tablet (6 x 10 tablet blister), 1 box (GPP)",20190216
1227165,"quetiapine 400 mg prolonged-release tablet, 10 tablet, 1 blister (GPP)",20220316
1227183,"quetiapine 400 mg prolonged-release tablet, 60 tablet (6 x 10 tablet blister), 1 box (GPP)",20220316
1073019,"quetiapine 50 mg prolonged-release tablet, 10 tablet, 1 blister (GPP)",20190216
1073035,"quetiapine 50 mg prolonged-release tablet, 60 tablet (6 x 10 tablet blister), 1 box (GPP)",20190216
1055161,"quinapril 10 mg film-coated tablet, 14 tablet, 1 blister (GPP)",20190216
1055188,"quinapril 10 mg film-coated tablet, 98 tablet (7 x 14 tablet blister), 1 box (GPP)",20190216
1055220,"quinapril 40 mg film-coated tablet, 56 tablet (8 x 7 tablet blister), 1 box (GPP)",20190216
1055208,"quinapril 40 mg film-coated tablet, 7 tablet, 1 blister (GPP)",20190216
1205249,"quinidine sulfate 200 mg tablet, 100 tablet, 1 bottle (GPP)",20211014
1179087,"quinine dihydrochloride 30.03 mg/15 mL concentrate for oral solution, 5 L gallon (GPP)",20210226
1109573,"quinine sulfate 300 mg tablet, 1000 tablet, 1 bottle (GPP)",20190411
1099787,"rabbit anti-human thymocyte immunoglobulin 25 mg powder for solution for infusion, 1 vial (1 x 1 vial), 1 box (GPP)",20220618
1238257,"rabbit anti-human thymocyte immunoglobulin 25 mg powder for solution for infusion, 1 vial (GPP)",20220618
1078696,"rabeprazole sodium 10 mg gastro-resistant tablet, 14 tablet (1 x 14 tablet blister), 1 box (GPP)",20190216
1063658,"rabeprazole sodium 10 mg gastro-resistant tablet, 14 tablet (2 x 7 tablet blister), 1 box (GPP)",20190216
1078677,"rabeprazole sodium 10 mg gastro-resistant tablet, 14 tablet, 1 blister (GPP)",20190216
1063636,"rabeprazole sodium 10 mg gastro-resistant tablet, 7 tablet, 1 blister (GPP)",20190216
1078736,"rabeprazole sodium 20 mg gastro-resistant tablet, 14 tablet (1 x 14 tablet blister), 1 box (GPP)",20190216
1063691,"rabeprazole sodium 20 mg gastro-resistant tablet, 14 tablet (2 x 7 tablet blister), 1 box (GPP)",20190216
1078715,"rabeprazole sodium 20 mg gastro-resistant tablet, 14 tablet, 1 blister (GPP)",20190216
1063670,"rabeprazole sodium 20 mg gastro-resistant tablet, 7 tablet, 1 blister (GPP)",20190216
1091697,"rabies immunoglobulin (horse) 1000 iu/5 mL solution for injection, 5 mL vial, 1 box (GPP)",20190216
1177028,"rabies immunoglobulin (horse) 400 iu/2 mL solution for injection, 10 x 2 mL vial, 1 box (GPP)",20210211
1177000,"rabies immunoglobulin (horse) 400 iu/2 mL solution for injection, 2 mL vial (GPP)",20210211
1193944,"rabies immunoglobulin (human) 300 iu/2 mL solution for injection, 1 x 2 mL vial, 1 box (GPP)",20210715
1091716,"rabies immunoglobulin (human) 300 iu/2 mL solution for injection, 2 mL ampoule, 1 box (GPP)",20190216
1193928,"rabies immunoglobulin (human) 300 iu/2 mL solution for injection, 2 mL vial (GPP)",20210715
1151595,"rabies vaccine (chicken embryo cell) 2.5 iu powder and solvent for solution for injection, 1 vial 1 box (GPP)",20200718
1099196,"rabies vaccine (purified chick embryo cell) 2.5 iu powder and solvent for solution for injection, 1 vial 1 box (GPP)",20200720
1099177,"rabies vaccine (vero cell) 2.5 iu powder and solvent for solution for injection, 1 vial, 1 box (GPP)",20190216
1079494,"racecadotril 100 mg capsule, hard, 10 capsule (1 x 10 capsule blister), 1 box (GPP)",20190216
1079473,"racecadotril 100 mg capsule, hard, 10 capsule, 1 blister (GPP)",20190216
1206379,"racecadotril 30 mg powder for oral solution, 1 sachet (GPP)",20211029
1206398,"racecadotril 30 mg powder for oral solution, 16 sachet (16 x 1 sachet), 1 box (GPP)",20211029
1082959,"raloxifene hydrochloride 60 mg film-coated tablet, 14 tablet, 1 blister (GPP)",20190216
1082971,"raloxifene hydrochloride 60 mg film-coated tablet, 28 tablet (2 x 14 tablet blister), 1 box (GPP)",20190216
1112185,"raltegravir 400 mg film-coated tablet, 60 tablet, 1 bottle (GPP)",20190504
1081590,"ramipril 10 mg tablet, 10 tablet, 1 blister (GPP)",20190216
1081617,"ramipril 10 mg tablet, 30 tablet (3 x 10 tablet blister), 1 box (GPP)",20190216
1065237,"ramipril 2.5 mg tablet, 10 tablet, 1 blister (GPP)",20190216
1065259,"ramipril 2.5 mg tablet, 100 tablet (10 x 10 tablet blister), 1 box (GPP)",20190216
1065271,"ramipril 5 mg tablet, 10 tablet, 1 blister (GPP)",20190216
1065292,"ramipril 5 mg tablet, 30 tablet (3 x 10 tablet blister), 1 box (GPP)",20190216
1079155,"ramosetron 100 mcg tablet, 1 tablet (1 x 1 tablet blister), 1 sachet (GPP)",20190216
1079138,"ramosetron 100 mcg tablet, 1 tablet, 1 blister (GPP)",20190216
1079172,"ramosetron 100 mcg tablet, 10 tablet (10 x 1 tablet blister), 1 box (GPP)",20190216
1075411,"ramosetron 300 mcg/2 mL solution for injection, 5 x 2 mL ampoule, 1 box (GPP)",20190216
1060526,"ramosetron 5 mcg film-coated tablet, 14 tablet, 1 blister (GPP)",20190216
1060542,"ramosetron 5 mcg film-coated tablet, 28 tablet (2 x 14 tablet blister), 1 box (GPP)",20190216
1225087,"ranibizumab 2.3 mg/0.23 mL solution for injection, 0.23 mL vial (GPP)",20220303
1092368,"ranibizumab 2.3 mg/0.23 mL solution for injection, 1 x 0.23 mL vial, 1 box (GPP)",20220303
1321759,"ranibizumab 700 mcg/0.07 mL solution for injection, 0.07 mL prefilled syr (GPP)",20250201
1155603,"ranitidine 10 mg/1 mL oral suspension, 60 mL bottle (GPP)",20200801
1046332,"ranitidine 150 mg film-coated tablet, 10 tablet, 1 strip (GPP)",20181217
1046350,"ranitidine 150 mg film-coated tablet, 100 tablet (10 x 10 tablet strip), 1 box (GPP)",20181217
1066106,"ranitidine 150 mg film-coated tablet, 1000 tablet (100 x 10 tablet strip), 1 box (GPP)",20190216
1091433,"ranitidine 50 mg/2 mL solution for injection, 10 x 2 mL ampoule, 1 box (GPP)",20200613
1076580,"ranitidine 50 mg/2 mL solution for injection, 5 x 2 mL ampoule, 1 box (GPP)",20200613
1063712,"ranolazine 375 mg prolonged-release tablet, 20 tablet, 1 blister (GPP)",20190216
1063731,"ranolazine 375 mg prolonged-release tablet, 60 tablet (3 x 20 tablet blister), 1 box (GPP)",20190216
1063754,"ranolazine 500 mg prolonged-release tablet, 20 tablet, 1 blister (GPP)",20190216
1063777,"ranolazine 500 mg prolonged-release tablet, 60 tablet (3 x 20 tablet blister), 1 box (GPP)",20190216
1072958,"rasagiline 1 mg tablet, 28 tablet (4 x 7 tablet blister), 1 box (GPP)",20190216
1072936,"rasagiline 1 mg tablet, 7 tablet, 1 blister (GPP)",20190216
1309819,"raxtozinameran 30 mcg/1 dose dispersion for injection, 0.3 mL vial (GPP)",20241005
1309835,"raxtozinameran 30 mcg/1 dose dispersion for injection, 10 vial, 1 box (GPP)",20241005
1062033,"rebamipide 100 mg film-coated tablet, 10 tablet, 1 blister (GPP)",20190216
1062051,"rebamipide 100 mg film-coated tablet, 100 tablet (10 x 10 tablet blister), 1 box (GPP)",20190216
1089806,"reboxetine 4 mg tablet, 20 tablet (1 x 20 tablet blister), 1 box (GPP)",20190216
1089783,"reboxetine 4 mg tablet, 20 tablet, 1 blister (GPP)",20190216
1045615,"recombinant human thrombopoietin 15000 iu/1 mL concentrate for solution for injection, 500 x 1 mL vial, 1 box (GPP)",20181217
1305365,"recombinant respiratory syncytial virus (RSV) vaccine 120 mcg powder and suspension for suspension for injection, 1 vial (1 x 1 vial), 1 box (GPP)",20240817
1305349,"recombinant respiratory syncytial virus (RSV) vaccine 120 mcg powder and suspension for suspension for injection, 1 vial (GPP)",20240817
1286813,"recombinant varicella zoster glycoprotein E vaccine 50 mcg powder and suspension for suspension for injection, 1 vial (GPP)",20231104
1242123,"remdesivir 100 mg concentrate for solution for infusion, 1 x 20 mL vial, 1 box (GPP)",20220901
1242106,"remdesivir 100 mg concentrate for solution for infusion, 20 mL vial (GPP)",20220901
1164890,"remdesivir 100 mg powder for concentrate for solution for infusion, 1 vial (1 x 1 vial), 1 box (GPP)",20201016
1164874,"remdesivir 100 mg powder for concentrate for solution for infusion, 1 vial (GPP)",20201016
1297570,"remdesivir 100 mg powder for solution for infusion, 1 vial (1 x 1 vial), 1 box (GPP)",20240501
1297558,"remdesivir 100 mg powder for solution for infusion, 1 vial (GPP)",20240501
1295364,"remifentanil 2 mg powder for concentrate for solution for injection/infusion, 1 vial (GPP)",20240412
1295386,"remifentanil 2 mg powder for concentrate for solution for injection/infusion, 5 vial (5 x 1 vial), 1 box (GPP)",20240412
1080029,"repaglinide 1 mg tablet, 15 tablet blister (GPP)",20240111
1080040,"repaglinide 1 mg tablet, 90 tablet (6 x 15 tablet blister), 1 box (GPP)",20190216
1080064,"repaglinide 2 mg tablet, 15 tablet blister (GPP)",20240111
1080086,"repaglinide 2 mg tablet, 90 tablet (6 x 15 tablet blister), 1 box (GPP)",20190216
1080103,"repaglinide 500 mcg tablet, 15 tablet, 1 blister (GPP)",20190216
1080126,"repaglinide 500 mcg tablet, 90 tablet (6 x 15 tablet blister), 1 box (GPP)",20190216
1176452,"resorcinol 1.5 g/100 mL + salicylic acid 1.17 g/100 mL cutaneous solution, 450 mL bottle (GPP)",20210211
1181380,"resorcinol 1.5 g/100 mL + salicylic acid 1.17 g/100 mL cutaneous solution, 60 mL bottle (GPP)",20210312
1322951,"respiratory syncytial virus (RSV) subgroup A vaccine (recombinant) 60 mcg + respiratory syncytial virus (RSV) subgroup B vaccine (recombinant) 60 mcg powder and solvent for solution for injection, 1 vial, 1 box (GPP)",20250301
1322933,"respiratory syncytial virus (RSV) subgroup A vaccine (recombinant) 60 mcg + respiratory syncytial virus (RSV) subgroup B vaccine (recombinant) 60 mcg powder and solvent for solution for injection, 1 vial, 1 vial (GPP)",20250301
1203873,"retinol 25000 iu capsule, soft, 100 capsule (1 x 100 capsule bottle), 1 box, 100 capsule (1 x 100 capsule bottle), 1 box (GPP)",20220602
1080142,"retinol 25000 iu capsule, soft, 100 capsule, 1 bottle (GPP)",20190216
1203894,"retinol 25000 iu capsule, soft, 1000 capsule, 1 bottle (GPP)",20210930
1312665,"revefenacin 175 mcg/3 mL nebuliser solution, 3 mL unit dose (GPP)",20241102
1312683,"revefenacin 175 mcg/3 mL nebuliser solution, 30 unit dose, 1 box (GPP)",20241102
1063796,"ribavirin 200 mg capsule, hard, 14 capsule, 1 blister (GPP)",20190216
1063810,"ribavirin 200 mg capsule, hard, 70 capsule (5 x 14 capsule blister), 1 box (GPP)",20190216
1057819,"ribavirin 200 mg film-coated tablet, 42 tablet (1 x 42 tablet bottle), 1 box (GPP)",20190216
1057793,"ribavirin 200 mg film-coated tablet, 42 tablet, 1 bottle (GPP)",20190216
1104676,"ribavirin 200 mg tablet, 42 tablet, 1 bottle (GPP)",20190331
1104735,"ribavirin 400 mg tablet, 56 tablet, 1 bottle (GPP)",20190331
1077459,"riboflavin 10 mg tablet, 1000 tablet, 1 jar (GPP)",20190216
1149021,"rifampicin 100 mg/5 mL oral suspension, 60 mL bottle (GPP)",20200614
1117032,"rifampicin 300 mg capsule, hard [2 capsule] (&) clofazimine 100 mg capsule, soft [3 capsule] (&) dapsone 100 mg tablet [28 tablet] (&) clofazimine 50 mg capsule, soft [27 capsule], 1 blister (GPP)",20200705
1064034,"rifampicin 300 mg capsule, hard, 10 capsule, 1 blister (GPP)",20190216
1064052,"rifampicin 300 mg capsule, hard, 100 capsule (10 x 10 capsule blister), 1 box (GPP)",20190216
1142754,"rifampicin 450 mg capsule, hard, 10 capsule, 1 blister (GPP)",20200404
1142777,"rifampicin 450 mg capsule, hard, 100 capsule (10 x 10 capsule blister), 1 box (GPP)",20200404
1064075,"rifampicin 450 mg coated tablet, 10 tablet, 1 blister (GPP)",20190216
1064099,"rifampicin 450 mg coated tablet, 100 tablet (10 x 10 tablet blister), 1 box (GPP)",20190216
1195638,"rifampicin 450 mg film-coated tablet, 10 tablet, 1 blister (GPP)",20210731
1195655,"rifampicin 450 mg film-coated tablet, 100 tablet (10 x 10 tablet blister), 1 box (GPP)",20210731
1270098,"rifampicin 50 mg/1 mL oral suspension, 50 mL bottle (GPP)",20230617
1064113,"rifampicin 600 mg coated tablet, 10 tablet, 1 blister (GPP)",20190216
1064132,"rifampicin 600 mg coated tablet, 100 tablet (10 x 10 tablet blister), 1 box (GPP)",20190216
1193218,"rifampicin 600 mg film-coated tablet, 10 tablet, 1 blister (GPP)",20210703
1193239,"rifampicin 600 mg film-coated tablet, 100 tablet (10 x 10 tablet blister), 1 box (GPP)",20210703
1136867,"rifapentine 150 mg film-coated tablet, 24 tablet (3 x 8 tablet blister), 1 box (GPP)",20200213
1136846,"rifapentine 150 mg film-coated tablet, 8 tablet, 1 blister (GPP)",20200213
1305088,"rifaximin 550 mg film-coated tablet, 10 tablet, blister (GPP)",20240817
1305100,"rifaximin 550 mg film-coated tablet, 30 tablet (3 x 10 tablet blister), 1 box (GPP)",20240817
1060284,"rilmenidine 1 mg film-coated tablet, 15 tablet, 1 blister (GPP)",20190216
1060307,"rilmenidine 1 mg film-coated tablet, 30 tablet (2 x 15 tablet blister), 1 box (GPP)",20190216
1059024,"rilpivirine 25 mg film-coated tablet, 30 tablet (1 x 30 tablet bottle), 1 box (GPP)",20190216
1059007,"rilpivirine 25 mg film-coated tablet, 30 tablet, 1 bottle (GPP)",20190216
1090315,"riluzole 50 mg film-coated tablet, 14 tablet, 1 blister (GPP)",20190216
1090336,"riluzole 50 mg film-coated tablet, 56 tablet (4 x 14 tablet blister), 1 box (GPP)",20190216
1306221,"rimegepant 75 mg orodispersible tablet, 1 box (GPP)",20240831
1306209,"rimegepant 75 mg orodispersible tablet, 8 tablet, blister (GPP)",20240831
1193826,"ripasudil hydrochloride hydrate 489.6 mg/100 mL eye drops, solution, 1 x 5 mL bottle, 1 box (GPP)",20210715
1193803,"ripasudil hydrochloride hydrate 489.6 mg/100 mL eye drops, solution, 5 mL bottle (GPP)",20210715
1226347,"risdiplam 750 mcg/1 mL powder for oral solution, 1 x 80 mL bottle, 1 box (GPP)",20220316
1226323,"risdiplam 750 mcg/1 mL powder for oral solution, 80 mL bottle (GPP)",20220316
1137771,"risedronate sodium 150 mg film-coated tablet, 1 tablet (1 x 1 tablet blister), 1 box (GPP)",20200213
1137759,"risedronate sodium 150 mg film-coated tablet, 1 tablet, 1 blister (GPP)",20200213
1078179,"risedronate sodium 35 mg film-coated tablet, 4 tablet (1 x 4 tablet blister), 1 box (GPP)",20190216
1078151,"risedronate sodium 35 mg film-coated tablet, 4 tablet, 1 blister (GPP)",20190216
1073171,"risperidone 1 mg film-coated tablet, 10 tablet, 1 blister (GPP)",20190216
1088678,"risperidone 1 mg film-coated tablet, 500 tablet (50 x 10 tablet blister), 1 box (GPP)",20190216
1073192,"risperidone 1 mg film-coated tablet, 60 tablet (6 x 10 tablet blister), 1 box (GPP)",20190216
1247526,"risperidone 1 mg/1 mL oral solution, 1 x 100 mL bottle, 1 box (GPP)",20221112
1122315,"risperidone 1 mg/1 mL oral solution, 1 x 30 mL bottle, 1 box (GPP)",20221112
1247503,"risperidone 1 mg/1 mL oral solution, 100 mL bottle (GPP)",20221112
1247542,"risperidone 1 mg/1 mL oral solution, 30 mL bottle (GPP)",20221112
1073137,"risperidone 2 mg film-coated tablet, 10 tablet, 1 blister (GPP)",20190216
1073159,"risperidone 2 mg film-coated tablet, 500 tablet (50 x 10 tablet blister), 1 box (GPP)",20190216
1088700,"risperidone 2 mg film-coated tablet, 60 tablet (6 x 10 tablet blister), 1 box (GPP)",20190216
1084610,"ritonavir 100 mg capsule, soft, 84 capsule, 1 bottle (GPP)",20190216
1062495,"ritonavir 100 mg film-coated tablet, 30 tablet (1 x 30 tablet bottle), 1 box (GPP)",20190216
1062476,"ritonavir 100 mg film-coated tablet, 30 tablet, 1 bottle (GPP)",20190216
1047632,"ritonavir 100 mg tablet, 30 tablet (1 x 30 tablet bottle), 1 box (GPP)",20181217
1047613,"ritonavir 100 mg tablet, 30 tablet, 1 bottle (GPP)",20181217
1092038,"rituximab 1.4 g/11.7 mL solution for injection, 11.7 mL vial, 1 box (GPP)",20190216
1102226,"rituximab 100 mg/10 mL concentrate for solution for infusion, 1 x 10 mL vial, 1 box (GPP)",20230412
1261445,"rituximab 100 mg/10 mL concentrate for solution for infusion, 10 mL vial (GPP)",20230412
1092055,"rituximab 100 mg/10 mL concentrate for solution for infusion, 2 x 10 mL vial, 1 box (GPP)",20240802
1092072,"rituximab 500 mg/50 mL concentrate for solution for infusion, 1 x 50 mL vial, 1 box (GPP)",20230412
1261394,"rituximab 500 mg/50 mL concentrate for solution for infusion, 50 mL vial (GPP)",20230412
1066147,"rivaroxaban 10 mg film-coated tablet, 10 tablet (1 x 10 tablet blister), 1 box (GPP)",20190216
1066123,"rivaroxaban 10 mg film-coated tablet, 10 tablet, blister (GPP)",20240802
1184422,"rivaroxaban 10 mg film-coated tablet, 30 tablet (3 x 10 tablet blister), 1 box (GPP)",20210331
1311160,"rivaroxaban 15 mg film-coated tablet, 10 blister, 1 box (GPP)",20241005
1066168,"rivaroxaban 15 mg film-coated tablet, 10 tablet, blister (GPP)",20240802
1066181,"rivaroxaban 15 mg film-coated tablet, 30 tablet (3 x 10 tablet blister), 1 box (GPP)",20190216
1316699,"rivaroxaban 2.5 mg film-coated tablet, 10 blister, 1 box (GPP)",20241129
1316675,"rivaroxaban 2.5 mg film-coated tablet, 10 tablet, blister (GPP)",20241129
1111242,"rivaroxaban 2.5 mg film-coated tablet, 14 tablet, 1 blister (GPP)",20190504
1111261,"rivaroxaban 2.5 mg film-coated tablet, 56 tablet (4 x 14 tablet blister), 1 box (GPP)",20190504
1311187,"rivaroxaban 20 mg film-coated tablet, 10 blister, 1 box (GPP)",20241005
1066201,"rivaroxaban 20 mg film-coated tablet, 10 tablet, blister (GPP)",20240802
1066229,"rivaroxaban 20 mg film-coated tablet, 30 tablet (3 x 10 tablet blister), 1 box (GPP)",20190216
1090169,"rivastigmine 1.5 mg capsule, hard, 10 capsule, 1 strip (GPP)",20190216
1090182,"rivastigmine 1.5 mg capsule, hard, 100 capsule (10 x 10 capsule strip), 1 box (GPP)",20190216
1073897,"rivastigmine 1.5 mg capsule, hard, 14 capsule, 1 blister (GPP)",20190216
1073911,"rivastigmine 1.5 mg capsule, hard, 56 capsule (4 x 14 capsule blister), 1 box (GPP)",20190216
1074050,"rivastigmine 3 mg capsule, hard, 10 capsule, 1 strip (GPP)",20190216
1074078,"rivastigmine 3 mg capsule, hard, 100 capsule (10 x 10 capsule strip), 1 box (GPP)",20190216
1073930,"rivastigmine 3 mg capsule, hard, 14 capsule, 1 blister (GPP)",20190216
1073953,"rivastigmine 3 mg capsule, hard, 56 capsule (4 x 14 capsule blister), 1 box (GPP)",20190216
1073976,"rivastigmine 4.5 mg capsule, hard, 14 capsule, 1 blister (GPP)",20190216
1073995,"rivastigmine 4.5 mg capsule, hard, 56 capsule (4 x 14 capsule blister), 1 box (GPP)",20190216
1074013,"rivastigmine 6 mg capsule, hard, 14 capsule, 1 blister (GPP)",20190216
1074032,"rivastigmine 6 mg capsule, hard, 56 capsule (4 x 14 capsule blister), 1 box (GPP)",20190216
1103712,"rocuronium bromide 50 mg/5 mL solution for injection/infusion, 10 x 5 mL vial, 1 box (GPP)",20230804
1277991,"rocuronium bromide 50 mg/5 mL solution for injection/infusion, 5 mL vial (GPP)",20230804
1074819,"roflumilast 500 mcg film-coated tablet, 10 tablet, 1 blister (GPP)",20190216
1074835,"roflumilast 500 mcg film-coated tablet, 30 tablet (3 x 10 tablet blister), 1 box (GPP)",20190216
1239463,"romiplostim 250 mcg powder for solution for injection, 1 vial (1 x 1 vial), 1 box (GPP)",20220716
1239444,"romiplostim 250 mcg powder for solution for injection, 1 vial (GPP)",20220716
1168631,"romosozumab 105 mg/1.17 mL solution for injection, 1.17 mL prefilled syr (GPP)",20201202
1168654,"romosozumab 105 mg/1.17 mL solution for injection, 2 x 1.17 mL prefilled syr, 1 box (GPP)",20201202
1072576,"ropinirole 2 mg prolonged-release tablet, 28 tablet (7 x 4 tablet blister), 1 box (GPP)",20190216
1072553,"ropinirole 2 mg prolonged-release tablet, 4 tablet, 1 blister (GPP)",20190216
1072613,"ropinirole 4 mg prolonged-release tablet, 28 tablet (7 x 4 tablet blister), 1 box (GPP)",20190216
1072595,"ropinirole 4 mg prolonged-release tablet, 4 tablet, 1 blister (GPP)",20190216
1087907,"ropinirole 8 mg prolonged-release tablet, 14 tablet, 1 blister (GPP)",20190216
1087924,"ropinirole 8 mg prolonged-release tablet, 28 tablet (2 x 14 tablet blister), 1 box (GPP)",20190216
1247485,"ropinirole 8 mg prolonged-release tablet, 28 tablet (7 x 4 tablet blister), 1 box (GPP)",20221112
1247463,"ropinirole 8 mg prolonged-release tablet, 4 tablet, 1 blister (GPP)",20221112
1321286,"ropivacaine hydrochloride 100 mg/10 mL solution for injection, 10 ampoule, 1 box (GPP)",20250118
1321264,"ropivacaine hydrochloride 100 mg/10 mL solution for injection, 10 mL ampoule (GPP)",20250118
1259897,"ropivacaine hydrochloride 150 mg/20 mL solution for injection, 20 mL ampoule (GPP)",20230401
1259911,"ropivacaine hydrochloride 150 mg/20 mL solution for injection, 5 x 20 mL ampoule, 1 box (GPP)",20230401
1270165,"ropivacaine hydrochloride 40 mg/20 mL solution for injection, 20 mL ampoule (GPP)",20230617
1270183,"ropivacaine hydrochloride 40 mg/20 mL solution for injection, 5 x 20 mL ampoule, 1 box (GPP)",20230617
1082124,"rosuvastatin 10 mg film-coated tablet [14 x 1 tablet tablet] (&) rosuvastatin 10 mg film-coated tablet [15 x 1 tablet tablet], 1 box (GPP)",20250118
1048694,"rosuvastatin 10 mg film-coated tablet, 10 tablet blister (GPP)",20240202
1123711,"rosuvastatin 10 mg film-coated tablet, 10 tablet, 1 strip (GPP)",20190829
1082107,"rosuvastatin 10 mg film-coated tablet, 14 tablet, blister (GPP)",20250118
1282951,"rosuvastatin 10 mg film-coated tablet, 15 tablet, 1 blister (GPP)",20230915
1064215,"rosuvastatin 10 mg film-coated tablet, 28 tablet (4 x 7 tablet blister), 1 box (GPP)",20190216
1048710,"rosuvastatin 10 mg film-coated tablet, 30 tablet (3 x 10 tablet blister), 1 box (GPP)",20190103
1123730,"rosuvastatin 10 mg film-coated tablet, 30 tablet (3 x 10 tablet strip), 1 box (GPP)",20190829
1064197,"rosuvastatin 10 mg film-coated tablet, 7 tablet, 1 blister (GPP)",20190216
1082169,"rosuvastatin 20 mg film-coated tablet [14 x 1 tablet tablet] (&) rosuvastatin 20 mg film-coated tablet [15 x 1 tablet tablet], 1 box (GPP)",20250118
1143235,"rosuvastatin 20 mg film-coated tablet, 10 tablet blister (GPP)",20240301
1123776,"rosuvastatin 20 mg film-coated tablet, 10 tablet, 1 strip (GPP)",20190829
1264402,"rosuvastatin 20 mg film-coated tablet, 100 tablet (10 x 10 tablet blister), 1 box (GPP)",20230604
1082148,"rosuvastatin 20 mg film-coated tablet, 14 tablet, blister (GPP)",20250118
1283068,"rosuvastatin 20 mg film-coated tablet, 15 tablet, 1 blister (GPP)",20230915
1064258,"rosuvastatin 20 mg film-coated tablet, 28 tablet (4 x 7 tablet blister), 1 box (GPP)",20190216
1143257,"rosuvastatin 20 mg film-coated tablet, 30 tablet (3 x 10 tablet blister), 1 box (GPP)",20200415
1123795,"rosuvastatin 20 mg film-coated tablet, 30 tablet (3 x 10 tablet strip), 1 box (GPP)",20190829
1064236,"rosuvastatin 20 mg film-coated tablet, 7 tablet, 1 blister (GPP)",20190216
1095753,"roxithromycin 100 mg film-coated tablet, 10 tablet, 1 blister (GPP)",20190216
1095776,"roxithromycin 100 mg film-coated tablet, 100 tablet (10 x 10 tablet blister), 1 box (GPP)",20190216
1187093,"roxithromycin 150 mg film-coated tablet, 10 tablet, 1 blister (GPP)",20210418
1064270,"roxithromycin 150 mg film-coated tablet, 10 tablet, 1 strip (GPP)",20190216
1064291,"roxithromycin 150 mg film-coated tablet, 100 tablet (10 x 10 tablet strip), 1 box (GPP)",20190216
1187119,"roxithromycin 150 mg film-coated tablet, 500 tablet (50 x 10 tablet blister), 1 box (GPP)",20210418
1087527,"rufinamide 200 mg film-coated tablet, 10 tablet, 1 blister (GPP)",20190216
1087543,"rufinamide 200 mg film-coated tablet, 60 tablet (6 x 10 tablet blister), 1 box (GPP)",20190216
1074992,"rupatadine 10 mg tablet, 10 tablet, 1 blister (GPP)",20190216
1075014,"rupatadine 10 mg tablet, 20 tablet (2 x 10 tablet blister), 1 box (GPP)",20190216
1189723,"rurioctocog alfa pegol 500 iu powder and solvent for solution for injection, 1 vial (1 x 1 vial), 1 box (GPP)",20210513
1189706,"rurioctocog alfa pegol 500 iu powder and solvent for solution for injection, 1 vial (GPP)",20210513
1083494,"sabal extract 160 mg capsule, soft, 30 capsule, 1 blister (GPP)",20190216
1083516,"sabal extract 160 mg capsule, soft, 60 capsule (2 x 30 capsule blister), 1 box (GPP)",20190216
1056380,"saccharomyces boulardii 282.5 mg capsule, hard, 10 capsule (1 x 10 capsule bottle), 1 box (GPP)",20190216
1056367,"saccharomyces boulardii 282.5 mg capsule, hard, 10 capsule, 1 bottle (GPP)",20190216
1077209,"sacubitril 24 mg + valsartan 26 mg film-coated tablet, 14 tablet, 1 blister (GPP)",20190216
1077221,"sacubitril 24 mg + valsartan 26 mg film-coated tablet, 28 tablet (2 x 14 tablet blister), 1 box (GPP)",20190216
1077162,"sacubitril 49 mg + valsartan 51 mg film-coated tablet, 14 tablet, 1 blister (GPP)",20190216
1077189,"sacubitril 49 mg + valsartan 51 mg film-coated tablet, 28 tablet (2 x 14 tablet blister), 1 box (GPP)",20190216
1077143,"sacubitril 97 mg + valsartan 103 mg film-coated tablet, 56 tablet (8 x 7 tablet blister), 1 box (GPP)",20190216
1077127,"sacubitril 97 mg + valsartan 103 mg film-coated tablet, 7 tablet, 1 blister (GPP)",20190216
1249036,"safinamide 50 mg film-coated tablet, 14 tablet, 1 blister (GPP)",20221202
1249058,"safinamide 50 mg film-coated tablet, 28 tablet (2 x 14 tablet blister), 1 box (GPP)",20221202
1187055,"salbutamol 100 mcg/1 dose pressurised inhalation, suspension, 1 x 200 dose actuation, 1 box (GPP)",20210418
1187038,"salbutamol 100 mcg/1 dose pressurised inhalation, suspension, 200 dose actuation (GPP)",20210418
1074633,"salbutamol 2 mg tablet, 1000 tablet, 1 bottle (GPP)",20190216
1090679,"salbutamol 2 mg tablet, 500 tablet, 1 bottle (GPP)",20190216
1123268,"salbutamol 2 mg/5 mL syrup, 1 x 60 mL bottle, 1 bottle (GPP)",20250313
1123281,"salbutamol 2 mg/5 mL syrup, 60 mL bottle, 1 box (GPP)",20190829
1219064,"salbutamol 2.5 mg/2.5 mL nebuliser solution, 2.5 mL unit dose (GPP)",20211216
1219086,"salbutamol 2.5 mg/2.5 mL nebuliser solution, 21 x 2.5 mL unit dose, 1 box (GPP)",20211216
1280819,"salbutamol 2.5 mg/2.5 mL nebuliser solution, 30 x 2.5 mL unit dose, 1 box (GPP)",20230819
1276571,"salbutamol 500 mg/100 mL nebuliser solution, 1 x 20 mL bottle, 1 box (GPP)",20230715
1276559,"salbutamol 500 mg/100 mL nebuliser solution, 20 mL bottle (GPP)",20230715
1258546,"salicylic acid 10 g/100 g ointment, 60 g jar (GPP)",20230401
1176260,"salicylic acid 10 g/100 mL cutaneous solution, 450 mL bottle (GPP)",20210211
1176304,"salicylic acid 10 g/100 mL cutaneous solution, 60 mL bottle (GPP)",20210211
1178183,"salicylic acid 2 g/100 g + triamcinolone acetonide 100 mg/100 g ointment, 10 g jar (GPP)",20210226
1178226,"salicylic acid 2 g/100 g + triamcinolone acetonide 100 mg/100 g ointment, 250 g jar (GPP)",20210226
1220872,"salicylic acid 2 g/100 g + triamcinolone acetonide 100 mg/100 g ointment, 50 g jar (GPP)",20220113
1173732,"salicylic acid 2 g/100 g ointment, 10 g jar (GPP)",20210129
1179266,"salicylic acid 2 g/100 g ointment, 250 g jar (GPP)",20210226
1216728,"salicylic acid 2 g/100 g ointment, 50 g jar (GPP)",20211202
1258598,"salicylic acid 3 g/100 g + triamcinolone acetonide 100 mg/100 g ointment, 60 g jar (GPP)",20230401
1150260,"salicylic acid 5 g/100 g + triamcinolone acetonide 100 mg/100 g cream, 100 g jar (GPP)",20200705
1258648,"salicylic acid 5 g/100 g + triamcinolone acetonide 100 mg/100 g ointment, 60 g jar (GPP)",20230401
1210245,"salicylic acid 5 g/100 g + triamcinolone acetonide 20 mg/100 g cream, 30 g jar (GPP)",20211110
1216684,"salicylic acid 5 g/100 g + triamcinolone acetonide 20 mg/100 g cream, 5 g jar (GPP)",20211202
1150130,"salicylic acid 5 g/100 g cream, 100 g jar (GPP)",20200705
1176362,"salicylic acid 5 g/100 mL cutaneous solution, 450 mL bottle (GPP)",20210211
1176406,"salicylic acid 5 g/100 mL cutaneous solution, 60 mL bottle (GPP)",20210211
1273180,"sapropterin dihydrochloride 10 mg tablet, 10 tablet, 1 blister (GPP)",20230701
1273200,"sapropterin dihydrochloride 10 mg tablet, 100 tablet (10 x 10 tablet blister), 1 box (GPP)",20230701
1272369,"sapropterin dihydrochloride 100 mg tablet, 30 tablet (1 x 30 tablet bottle), 1 box (GPP)",20230701
1272348,"sapropterin dihydrochloride 100 mg tablet, 30 tablet, 1 bottle (GPP)",20230701
1240037,"sars-cov-2 spike protein 5 mcg/5 mL dispersion for injection, 1 x 5 mL vial, 1 box (GPP)",20220730
1240016,"sars-cov-2 spike protein 5 mcg/5 mL dispersion for injection, 5 mL vial (GPP)",20220730
1195297,"sars-cov-2 vaccine (vero cell), inactivated (19nCoV-CDC-Tan-HB02) 6.5 unit/0.5 mL suspension for injection, 0.5 mL prefilled syr (GPP)",20210727
1192193,"sars-cov-2 vaccine (vero cell), inactivated (19nCoV-CDC-Tan-HB02) 6.5 unit/0.5 mL suspension for injection, 0.5 mL vial (GPP)",20210621
1200837,"sars-cov-2 vaccine (vero cell), inactivated (19nCoV-CDC-Tan-HB02) 6.5 unit/0.5 mL suspension for injection, 1 mL vial (GPP)",20210820
1195330,"sars-cov-2 vaccine (vero cell), inactivated (19nCoV-CDC-Tan-HB02) 6.5 unit/0.5 mL suspension for injection, 1 x 0.5 mL prefilled syr, 1 box (GPP)",20210727
1192252,"sars-cov-2 vaccine (vero cell), inactivated (19nCoV-CDC-Tan-HB02) 6.5 unit/0.5 mL suspension for injection, 1 x 0.5 mL vial, 1 box (GPP)",20210621
1200859,"sars-cov-2 vaccine (vero cell), inactivated (19nCoV-CDC-Tan-HB02) 6.5 unit/0.5 mL suspension for injection, 1 x 1 mL vial, 1 box (GPP)",20210820
1200871,"sars-cov-2 vaccine (vero cell), inactivated (19nCoV-CDC-Tan-HB02) 6.5 unit/0.5 mL suspension for injection, 10 x 1 mL vial, 1 box (GPP)",20210820
1195311,"sars-cov-2 vaccine (vero cell), inactivated (19nCoV-CDC-Tan-HB02) 6.5 unit/0.5 mL suspension for injection, 20 x 0.5 mL prefilled syr, 1 box (GPP)",20210727
1192234,"sars-cov-2 vaccine (vero cell), inactivated (19nCoV-CDC-Tan-HB02) 6.5 unit/0.5 mL suspension for injection, 20 x 0.5 mL vial, 1 box (GPP)",20210621
1192275,"sars-cov-2 vaccine (vero cell), inactivated (19nCoV-CDC-Tan-HB02) 6.5 unit/0.5 mL suspension for injection, 3 x 0.5 mL vial, 1 box (GPP)",20210621
1192210,"sars-cov-2 vaccine (vero cell), inactivated (19nCoV-CDC-Tan-HB02) 6.5 unit/0.5 mL suspension for injection, 30 x 0.5 mL vial, 1 box (GPP)",20210621
1178046,"sars-cov-2 vaccine (vero cell), inactivated 600 SU/0.5 mL suspension for injection, 0.5 mL vial (GPP)",20210223
1178067,"sars-cov-2 vaccine (vero cell), inactivated 600 SU/0.5 mL suspension for injection, 40 x 0.5 mL vial, 1 box (GPP)",20210223
1234325,"satralizumab 120 mg/1 mL solution for injection, 1 mL prefilled syr (GPP)",20220514
1234341,"satralizumab 120 mg/1 mL solution for injection, 1 x 1 mL prefilled syr, 1 box (GPP)",20220514
1048493,"saxagliptin 5 mg film-coated tablet, 14 tablet, 1 blister (GPP)",20181217
1048515,"saxagliptin 5 mg film-coated tablet, 28 tablet (2 x 14 tablet blister), 1 box (GPP)",20181217
1242927,"secukinumab 150 mg/1 mL solution for injection, 1 mL prefilled pen (GPP)",20220915
1119893,"secukinumab 150 mg/1 mL solution for injection, 1 x 1 mL prefilled pen, 1 box (GPP)",20220915
1243026,"secukinumab 300 mg/2 mL solution for injection, 1 x 2 mL prefilled pen, 1 box (GPP)",20220915
1243003,"secukinumab 300 mg/2 mL solution for injection, 2 mL prefilled pen (GPP)",20220915
1072894,"selegiline hydrochloride 5 mg tablet, 10 tablet, 1 blister (GPP)",20190216
1072915,"selegiline hydrochloride 5 mg tablet, 100 tablet (10 x 10 tablet blister), 1 box (GPP)",20190216
1208949,"selegiline hydrochloride 5 mg tablet, 50 tablet (5 x 10 tablet blister), 1 box (GPP)",20211110
1135852,"selenium sulfide 2.5 g/100 mL shampoo, 30 mL bottle, 1 box (GPP)",20200130
1128991,"selenium sulfide 2.5 g/100 mL shampoo, 60 mL bottle, 1 box (GPP)",20191019
1054162,"selexipag 1 mg film-coated tablet, 10 tablet, 1 blister (GPP)",20190216
1054189,"selexipag 1 mg film-coated tablet, 60 tablet (6 x 10 tablet blister), 1 box (GPP)",20190216
1054250,"selexipag 1.2 mg film-coated tablet, 10 tablet, 1 blister (GPP)",20190216
1054278,"selexipag 1.2 mg film-coated tablet, 60 tablet (6 x 10 tablet blister), 1 box (GPP)",20190216
1054348,"selexipag 1.4 mg film-coated tablet, 10 tablet, 1 blister (GPP)",20190216
1054369,"selexipag 1.4 mg film-coated tablet, 60 tablet (6 x 10 tablet blister), 1 box (GPP)",20190216
1054437,"selexipag 1.6 mg film-coated tablet, 10 tablet, 1 blister (GPP)",20190216
1054459,"selexipag 1.6 mg film-coated tablet, 60 tablet (6 x 10 tablet blister), 1 box (GPP)",20190216
1050243,"selexipag 200 mcg film-coated tablet, 10 tablet, 1 blister (GPP)",20190120
1050262,"selexipag 200 mcg film-coated tablet, 140 tablet (14 x 10 tablet blister), 1 box (GPP)",20190120
1274306,"selexipag 200 mcg film-coated tablet, 60 tablet (6 x 10 tablet blister), 1 box (GPP)",20230701
1053989,"selexipag 400 mcg film-coated tablet, 10 tablet, 1 blister (GPP)",20190216
1054002,"selexipag 400 mcg film-coated tablet, 60 tablet (6 x 10 tablet blister), 1 box (GPP)",20190216
1054073,"selexipag 600 mcg film-coated tablet, 10 tablet, 1 blister (GPP)",20190216
1054094,"selexipag 600 mcg film-coated tablet, 60 tablet (6 x 10 tablet blister), 1 box (GPP)",20190216
1050338,"selexipag 800 mcg film-coated tablet, 10 tablet, 1 blister (GPP)",20190120
1050355,"selexipag 800 mcg film-coated tablet, 60 tablet (6 x 10 tablet blister), 1 box (GPP)",20190120
1327263,"selinexor 20 mg film-coated tablet, 4 blister, 1 box (GPP)",20250313
1327244,"selinexor 20 mg film-coated tablet, 4 tablet, 1 blister (GPP)",20250313
1313542,"selpercatinib 40 mg capsule, hard, 4 blister, 1 box (GPP)",20241117
1313526,"selpercatinib 40 mg capsule, hard, 7 tablet, blister (GPP)",20241117
1306557,"selumetinib 10 mg capsule, hard, 1 box (GPP)",20240831
1306535,"selumetinib 10 mg capsule, hard, 60 capsule, bottle (GPP)",20240831
1305752,"selumetinib 25 mg capsule, hard, 1 box (GPP)",20240831
1305734,"selumetinib 25 mg capsule, hard, 60 capsule, bottle (GPP)",20240831
1233489,"semaglutide 14 mg tablet, 10 tablet, 1 blister (GPP)",20220428
1233502,"semaglutide 14 mg tablet, 30 tablet (3 x 10 tablet blister), 1 box (GPP)",20220428
1233573,"semaglutide 3 mg tablet, 10 tablet, 1 blister (GPP)",20220428
1233594,"semaglutide 3 mg tablet, 30 tablet (3 x 10 tablet blister), 1 box (GPP)",20220428
1233663,"semaglutide 7 mg tablet, 10 tablet, 1 blister (GPP)",20220428
1233685,"semaglutide 7 mg tablet, 30 tablet (3 x 10 tablet blister), 1 box (GPP)",20220428
1064496,"senna glycosides 7.5 mg tablet, 20 tablet, 1 blister (GPP)",20190216
1259982,"senna glycosides 7.5 mg tablet, 200 tablet (10 x 20 tablet blister), 1 box (GPP)",20230401
1064514,"senna glycosides 7.5 mg tablet, 60 tablet (3 x 20 tablet blister), 1 box (GPP)",20190216
1322208,"serplulimab 100 mg/10 mL concentrate for solution for infusion, 10 mL vial (GPP)",20250201
1322220,"serplulimab 100 mg/10 mL concentrate for solution for infusion, 10 mL vial, 1 box (GPP)",20250201
1086919,"serratiopeptidase 5 mg film-coated tablet, 10 tablet, 1 strip (GPP)",20190216
1086935,"serratiopeptidase 5 mg film-coated tablet, 500 tablet (50 x 10 tablet strip), 1 box (GPP)",20190216
1158934,"sertraline 100 mg film-coated tablet, 10 tablet, blister (GPP)",20240913
1158952,"sertraline 100 mg film-coated tablet, 3 blister, 1 box (GPP)",20240913
1046592,"sertraline 50 mg film-coated tablet, 10 tablet, 1 blister (GPP)",20181217
1140700,"sertraline 50 mg film-coated tablet, 15 tablet, 1 blister (GPP)",20200314
1046619,"sertraline 50 mg film-coated tablet, 30 tablet (3 x 10 tablet blister), 1 box (GPP)",20181217
1089627,"sertraline 50 mg film-coated tablet, 30 tablet, 1 blister (GPP)",20190216
1089643,"sertraline 50 mg film-coated tablet, 60 tablet (2 x 30 tablet blister), 1, 60 tablet (2 x 30 tablet blister), 1 box (GPP)",20230715
1230074,"sertraline 50 mg orodispersible tablet, 10 tablet, 1 blister (GPP)",20220330
1230090,"sertraline 50 mg orodispersible tablet, 30 tablet (3 x 10 tablet blister), 1 box (GPP)",20220330
1220114,"sevelamer carbonate 800 mg film-coated tablet, 270 tablet, 1 bottle (GPP)",20211230
1075051,"sevelamer carbonate 800 mg film-coated tablet, 30 tablet (1 x 30 tablet bottle), 1 box (GPP)",20190216
1075033,"sevelamer carbonate 800 mg film-coated tablet, 30 tablet, 1 bottle (GPP)",20190216
1236370,"sevelamer carbonate 800 mg powder for oral suspension, 800 mg sachet (GPP)",20220514
1050477,"sevelamer carbonate 800 mg powder for oral suspension, 90 x 800 mg sachet, 1 box (GPP)",20220514
1053467,"sevoflurane 100 mL/100 mL inhalation vapour, liquid, 1 x 250 mL bottle, 1 box (GPP)",20230316
1257869,"sevoflurane 100 mL/100 mL inhalation vapour, liquid, 250 mL bottle (GPP)",20230316
1083210,"sildenafil 100 mg film-coated tablet, 2 tablet, 1 blister (GPP)",20190216
1083234,"sildenafil 100 mg film-coated tablet, 20 tablet (10 x 2 tablet blister), 1 box (GPP)",20190216
1045712,"sildenafil 100 mg film-coated tablet, 4 tablet (1 x 4 tablet blister), 1 box (GPP)",20181217
1045691,"sildenafil 100 mg film-coated tablet, 4 tablet, 1 blister (GPP)",20181217
1296432,"sildenafil 100 mg orodispersible film, 1 x 100 mg sachet, 1 box (GPP)",20240412
1296413,"sildenafil 100 mg orodispersible film, 100 mg sachet (GPP)",20240412
1156042,"sildenafil 2 mg/1 mL oral suspension, 50 mL bottle (GPP)",20200801
1081104,"sildenafil 20 mg film-coated tablet, 10 tablet, blister (GPP)",20240817
1081127,"sildenafil 20 mg film-coated tablet, 100 tablet (10 x 10 tablet blister), 1 box (GPP)",20190216
1081060,"sildenafil 20 mg film-coated tablet, 15 tablet, 1 blister (GPP)",20190216
1081087,"sildenafil 20 mg film-coated tablet, 90 tablet (6 x 15 tablet blister), 1 box (GPP)",20190216
1270430,"sildenafil 5 mg/1 mL oral suspension, 20 mL bottle (GPP)",20230617
1083155,"sildenafil 50 mg film-coated tablet, 1 blister, 1 box (GPP)",20241018
1083172,"sildenafil 50 mg film-coated tablet, 2 tablet, 1 blister (GPP)",20190216
1083193,"sildenafil 50 mg film-coated tablet, 20 tablet (10 x 2 tablet blister), 1 box (GPP)",20190216
1083138,"sildenafil 50 mg film-coated tablet, 4 tablet, blister (GPP)",20241018
1065534,"silodosin 4 mg film-coated tablet, 10 tablet, 1 blister (GPP)",20190216
1065552,"silodosin 4 mg film-coated tablet, 3 blister, 1 box (GPP)",20250301
1150499,"silver nitrate 10 g/100 mL cutaneous solution, 60 mL bottle (GPP)",20200705
1316005,"silver nitrate 3 g powder for cutaneous solution, 3 g jar (GPP)",20241129
1315362,"silver nitrate 5 g powder for cutaneous solution, 5 g jar (GPP)",20241129
1320032,"silver nitrate 90 g/100 g cutaneous stick, 200 mg stick (GPP)",20250118
1200113,"silver sulfadiazine 1 g/100 g cream, 1 x 25 g tube, 1 box (GPP)",20210813
1200099,"silver sulfadiazine 1 g/100 g cream, 25 g tube (GPP)",20210813
1210353,"silver sulfadiazine 1 g/100 g cream, 250 g jar (GPP)",20211110
1210324,"silver sulfadiazine 1 g/100 g cream, 30 g jar (GPP)",20211110
1181978,"silver sulfadiazine 1 g/100 g cream, 450 g jar (GPP)",20210312
1210297,"silver sulfadiazine 1 g/100 g cream, 5 g jar (GPP)",20211110
1194417,"silver sulfadiazine 1 g/100 g cream, 500 g jar (GPP)",20210715
1061205,"silymarin 140 mg capsule, hard, 10 capsule, 1 blister (GPP)",20190216
1061222,"silymarin 140 mg capsule, hard, 40 capsule (4 x 10 capsule blister), 1 box (GPP)",20190216
1064355,"silymarin 140 mg film-coated tablet, 10 tablet, 1 blister (GPP)",20190216
1064372,"silymarin 140 mg film-coated tablet, 100 tablet (10 x 10 tablet blister), 1 box (GPP)",20190216
1216763,"silymarin 140 mg film-coated tablet, 250 tablet (25 x 10 tablet blister), 1 box (GPP)",20211202
1100382,"silymarin 140 mg tablet, 10 tablet, 1 blister (GPP)",20190302
1100400,"silymarin 140 mg tablet, 100 tablet (10 x 10 tablet blister), 1 box (GPP)",20190302
1079210,"silymarin 70 mg capsule, hard, 10 capsule, 1 blister (GPP)",20190216
1079234,"silymarin 70 mg capsule, hard, 100 capsule (10 x 10 capsule blister), 1 box (GPP)",20190216
1079252,"silymarin 70 mg film-coated tablet, 10 tablet, 1 blister (GPP)",20190216
1216785,"silymarin 70 mg film-coated tablet, 100 tablet (10 x 10 tablet blister), 1 box (GPP)",20211202
1079275,"silymarin 70 mg film-coated tablet, 250 tablet (25 x 10 tablet blister), 1 box (GPP)",20190216
1055283,"simeticone 120 mg chewable tablet, 10 tablet, 1 strip (GPP)",20190216
1055306,"simeticone 120 mg chewable tablet, 500 tablet (50 x 10 tablet strip), 1 box (GPP)",20190216
1237517,"simeticone 40 mg/0.6 mL oral drops, suspension, 1 bottle, 1 box (GPP)",20241225
1194656,"simeticone 40 mg/0.6 mL oral drops, suspension, 1 x 15 mL bottle, 1 box (GPP)",20210715
1194639,"simeticone 40 mg/0.6 mL oral drops, suspension, 15 mL bottle (GPP)",20210715
1237490,"simeticone 40 mg/0.6 mL oral suspension, 15 mL bottle (GPP)",20241225
1146087,"simeticone 40 mg/5 mL oral suspension, 120 mL bottle (GPP)",20200614
1307607,"simeticone 80 mg chewable tablet, 10 blister, 1 box (GPP)",20250118
1054877,"simeticone 80 mg chewable tablet, 10 tablet, 1 blister (GPP)",20190216
1107321,"simeticone 80 mg chewable tablet, 10 tablet, 1 strip (GPP)",20190411
1054896,"simeticone 80 mg chewable tablet, 250 tablet (25 x 10 tablet blister), 1 box (GPP)",20190216
1187876,"simeticone 80 mg chewable tablet, 500 tablet (50 x 10 tablet strip), 1 box (GPP)",20210429
1211312,"simvastatin 10 mg film-coated tablet, 10 blister, 1 box (GPP)",20241018
1056160,"simvastatin 10 mg film-coated tablet, 10 tablet, blister (GPP)",20241018
1056187,"simvastatin 10 mg film-coated tablet, 1000 tablet (100 x 10 tablet blister), 1 box (GPP)",20190216
1245385,"simvastatin 10 mg film-coated tablet, 15 tablet, 1 blister (GPP)",20221014
1245407,"simvastatin 10 mg film-coated tablet, 30 tablet (2 x 15 tablet blister), 1 box (GPP)",20221014
1221859,"simvastatin 10 mg film-coated tablet, 30 tablet (3 x 10 tablet blister), 1 box (GPP)",20220203
1211331,"simvastatin 20 mg film-coated tablet, 10 blister, 1 box (GPP)",20241018
1056207,"simvastatin 20 mg film-coated tablet, 10 tablet, blister (GPP)",20241018
1056224,"simvastatin 20 mg film-coated tablet, 1000 tablet (100 x 10 tablet blister), 1 box (GPP)",20190216
1081910,"simvastatin 20 mg film-coated tablet, 15 tablet, 1 blister (GPP)",20190216
1081934,"simvastatin 20 mg film-coated tablet, 30 tablet (2 x 15 tablet blister), 1 box (GPP)",20190216
1221918,"simvastatin 20 mg film-coated tablet, 30 tablet (3 x 10 tablet blister), 1 box (GPP)",20220203
1211354,"simvastatin 40 mg film-coated tablet, 10 blister, 1 box (GPP)",20241102
1056248,"simvastatin 40 mg film-coated tablet, 10 tablet, blister (GPP)",20241102
1056269,"simvastatin 40 mg film-coated tablet, 1000 tablet (100 x 10 tablet blister), 1 box (GPP)",20190216
1081968,"simvastatin 40 mg film-coated tablet, 30 tablet (3 x 10 tablet blister), 1 box (GPP)",20190216
1081981,"simvastatin 80 mg film-coated tablet, 10 tablet, 1 blister (GPP)",20190216
1082009,"simvastatin 80 mg film-coated tablet, 30 tablet (3 x 10 tablet blister), 1 box (GPP)",20190216
1069470,"sirolimus 1 mg coated tablet, 10 tablet, 1 blister (GPP)",20190216
1069491,"sirolimus 1 mg coated tablet, 30 tablet (3 x 10 tablet blister), 1 box (GPP)",20190216
1294972,"sitagliptin 100 mg film-coated tablet, 10 tablet, blister (GPP)",20240802
1060629,"sitagliptin 100 mg film-coated tablet, 14 tablet blister (GPP)",20240501
1060640,"sitagliptin 100 mg film-coated tablet, 28 tablet (2 x 14 tablet blister), 1 box (GPP)",20190216
1264965,"sitagliptin 100 mg film-coated tablet, 28 tablet (4 x 7 tablet blister), 1 box (GPP)",20230604
1294993,"sitagliptin 100 mg film-coated tablet, 3 blister, 1 box (GPP)",20241005
1264949,"sitagliptin 100 mg film-coated tablet, 7 tablet blister (GPP)",20240313
1295598,"sitagliptin 50 mg film-coated tablet, 10 tablet, blister (GPP)",20240802
1060664,"sitagliptin 50 mg film-coated tablet, 14 tablet blister (GPP)",20240501
1060686,"sitagliptin 50 mg film-coated tablet, 28 tablet (2 x 14 tablet blister), 1 box (GPP)",20190216
1265003,"sitagliptin 50 mg film-coated tablet, 28 tablet (4 x 7 tablet blister), 1 box (GPP)",20230604
1295611,"sitagliptin 50 mg film-coated tablet, 3 blister, 1 box (GPP)",20241005
1264983,"sitagliptin 50 mg film-coated tablet, 7 tablet, 1 blister (GPP)",20230604
1092283,"sodium aurothiomalate 20 mg/0.5 mL solution for injection, 10 x 0.5 mL ampoule, 1 box (GPP)",20201216
1181457,"sodium benzoate 10 g powder for oral solution, 10 g sachet (GPP)",20210312
1149084,"sodium bicarbonate 1 g/100 mL ear drops, solution, 10 mL bottle (GPP)",20200614
1149130,"sodium bicarbonate 3 g/100 mL ear drops, solution, 10 mL bottle (GPP)",20200614
1123384,"sodium bicarbonate 300 mg tablet, 1000 tablet, 1 bottle (GPP)",20190829
1064598,"sodium bicarbonate 300 mg tablet, 1000 tablet, 1 jar (GPP)",20190216
1176549,"sodium bicarbonate 5 g/100 mL ear drops, solution, 15 mL bottle (GPP)",20210211
1180309,"sodium bicarbonate 7.5 g/100 mL solution for injection, 1 x 100 mL bag, 1 box (GPP)",20210312
1180247,"sodium bicarbonate 7.5 g/100 mL solution for injection, 1 x 50 mL bag, 1 box (GPP)",20210312
1217062,"sodium bicarbonate 7.5 g/100 mL solution for injection, 10 mL ampoule (GPP)",20211202
1180281,"sodium bicarbonate 7.5 g/100 mL solution for injection, 100 mL bag (GPP)",20210312
1217101,"sodium bicarbonate 7.5 g/100 mL solution for injection, 50 mL ampoule (GPP)",20211202
1180223,"sodium bicarbonate 7.5 g/100 mL solution for injection, 50 mL bag (GPP)",20210312
1217089,"sodium bicarbonate 7.5 g/100 mL solution for injection, 50 x 10 mL ampoule, 1 box (GPP)",20211202
1217129,"sodium bicarbonate 7.5 g/100 mL solution for injection, 50 x 50 mL ampoule, 1 box (GPP)",20211202
1092381,"sodium calcium edetate 20 g/100 mL solution for injection, 5 x 5 mL ampoule, 1 box (GPP)",20190216
1257778,"sodium chloride 1.7 g nasal drops, powder for solution, 1.7 g sachet (GPP)",20230316
1115922,"sodium chloride 1.7 g nasal drops, powder for solution, 10 x 1.7 g sachet, 1 box (GPP)",20190614
1138417,"sodium chloride 1.7 g nasal drops, powder for solution, 15 x 1.7 g sachet, 1 box (GPP)",20200227
1115946,"sodium chloride 1.7 g nasal drops, powder for solution, 30 x 1.7 g sachet, 1 box (GPP)",20230316
1138383,"sodium chloride 1.7 g nasal drops, powder for solution, 5 x 1.7 g sachet, 1 box (GPP)",20200227
1217805,"sodium chloride 15 g/100 mL rectal solution, 1 x 100 mL bottle, 1 box (GPP)",20211202
1249563,"sodium chloride 15 g/100 mL rectal solution, 1 x 50 mL bottle, 1 box (GPP)",20221202
1217965,"sodium chloride 15 g/100 mL rectal solution, 10 mL bottle (GPP)",20211202
1217983,"sodium chloride 15 g/100 mL rectal solution, 10 x 10 mL bottle, 1 box (GPP)",20211202
1218021,"sodium chloride 15 g/100 mL rectal solution, 10 x 20 mL bottle, 1 box (GPP)",20211202
1217782,"sodium chloride 15 g/100 mL rectal solution, 100 mL bottle (GPP)",20211202
1218009,"sodium chloride 15 g/100 mL rectal solution, 20 mL bottle (GPP)",20211202
1249544,"sodium chloride 15 g/100 mL rectal solution, 50 mL bottle (GPP)",20221202
1249592,"sodium chloride 15 g/100 mL rectal solution, 50 x 10 mL bottle, 1 box (GPP)",20221202
1311380,"sodium chloride 3 g/100 mL eye drops, solution, 5 mL bottle (GPP)",20241018
1194570,"sodium chloride 3 g/100 mL solution for infusion, 500 mL bag (GPP)",20210715
1091582,"sodium chloride 3 g/100 mL solution for infusion, 500 mL bottle, 1 bottle (GPP)",20190216
1064611,"sodium chloride 300 mg tablet, 250 tablet, jar (GPP)",20241215
1185512,"sodium chloride 36 g powder for cutaneous solution, 36 g sachet (GPP)",20210331
1194558,"sodium chloride 450 mg/100 mL solution for infusion, 1 L bag (GPP)",20210715
1194536,"sodium chloride 450 mg/100 mL solution for infusion, 500 mL bag (GPP)",20210715
1240658,"sodium chloride 5 g/100 mL nebuliser solution, 10 mL vial (GPP)",20220730
1240720,"sodium chloride 7 g/100 mL nebuliser solution, 10 mL vial (GPP)",20220730
1143120,"sodium chloride 900 mg/100 mL eye lotion, 100 mL bottle, 1 box (GPP)",20200415
1320241,"sodium chloride 900 mg/100 mL gargle/mouthwash, 300 mL bottle (GPP)",20250118
1129207,"sodium chloride 900 mg/100 mL irrigation solution, 1 L bottle (GPP)",20201202
1127660,"sodium chloride 900 mg/100 mL irrigation solution, 100 mL bottle, 1 bottle (GPP)",20191004
1186964,"sodium chloride 900 mg/100 mL irrigation solution, 120 mL bottle (GPP)",20210418
1127706,"sodium chloride 900 mg/100 mL irrigation solution, 150 mL bottle (GPP)",20221231
1044208,"sodium chloride 900 mg/100 mL irrigation solution, 200 mL bottle, 1 bottle (GPP)",20181216
1129173,"sodium chloride 900 mg/100 mL irrigation solution, 500 mL bottle (GPP)",20211202
1320260,"sodium chloride 900 mg/100 mL nasal spray, solution, 15 mL bottle (GPP)",20250118
1077025,"sodium chloride 900 mg/100 mL solution for infusion, 1 L bag (GPP)",20210715
1114561,"sodium chloride 900 mg/100 mL solution for infusion, 10 x 1 L bag, 1 box (GPP)",20201016
1194163,"sodium chloride 900 mg/100 mL solution for infusion, 2 L bag (GPP)",20210715
1048438,"sodium chloride 900 mg/100 mL solution for infusion, 20 x 1 L bottle, 1 box (GPP)",20181217
1076145,"sodium chloride 900 mg/100 mL solution for infusion, 250 mL bag (GPP)",20210715
1091569,"sodium chloride 900 mg/100 mL solution for infusion, 500 mL bag (GPP)",20210715
1172023,"sodium chloride 900 mg/100 mL solution for injection, 10 mL prefilled syr (GPP)",20210113
1165407,"sodium chloride 900 mg/100 mL solution for injection, 10 mL unit dose (GPP)",20201030
1101832,"sodium chloride 900 mg/100 mL solution for injection, 100 x 10 mL unit dose, 1 box (GPP)",20190315
1101026,"sodium chloride 900 mg/100 mL solution for injection, 100 x 5 mL unit dose, 1 box (GPP)",20190302
1165424,"sodium chloride 900 mg/100 mL solution for injection, 20 x 10 mL unit dose, 1 box (GPP)",20201030
1165371,"sodium chloride 900 mg/100 mL solution for injection, 20 x 5 mL unit dose, 1 box (GPP)",20201030
1172081,"sodium chloride 900 mg/100 mL solution for injection, 3 mL prefilled syr (GPP)",20210113
1171563,"sodium chloride 900 mg/100 mL solution for injection, 5 mL prefilled syr (GPP)",20210113
1165359,"sodium chloride 900 mg/100 mL solution for injection, 5 mL unit dose (GPP)",20201030
1172047,"sodium chloride 900 mg/100 mL solution for injection, 50 x 10 mL prefilled syr, 1 box (GPP)",20210113
1052214,"sodium chloride 900 mg/100 mL solution for injection, 50 x 10 mL unit dose, 1 box (GPP)",20190203
1172109,"sodium chloride 900 mg/100 mL solution for injection, 50 x 3 mL prefilled syr, 1 box (GPP)",20210113
1052159,"sodium chloride 900 mg/100 mL solution for injection, 50 x 3 mL unit dose, 1 box (GPP)",20190203
1171585,"sodium chloride 900 mg/100 mL solution for injection, 50 x 5 mL prefilled syr, 1 box (GPP)",20210113
1052185,"sodium chloride 900 mg/100 mL solution for injection, 50 x 5 mL unit dose, 1 box (GPP)",20190203
1101706,"sodium chloride 900 mg/100 mL solution for injection/infusion, 10 x 100 mL bag, 1 box (GPP)",20190315
1091524,"sodium chloride 900 mg/100 mL solution for injection/infusion, 100 mL bag (GPP)",20210715
1048417,"sodium chloride 900 mg/100 mL solution for injection/infusion, 120 x 100 mL bottle, 1 box (GPP)",20181217
1114601,"sodium chloride 900 mg/100 mL solution for injection/infusion, 20 x 100 mL bag, 1 box (GPP)",20200530
1123172,"sodium chloride 900 mg/100 mL solution for injection/infusion, 20 x 50 mL bag, 1 box (GPP)",20190829
1076166,"sodium chloride 900 mg/100 mL solution for injection/infusion, 50 mL bag (GPP)",20210715
1114526,"sodium chloride 900 mg/100 mL solution for injection/infusion, 50 x 100 mL bag, 1 box (GPP)",20200530
1078450,"sodium fluoride 250 mcg chewable tablet, 100 tablet (1 x 100 tablet jar), 1 box (GPP)",20190216
1078432,"sodium fluoride 250 mcg chewable tablet, 100 tablet, 1 jar (GPP)",20190216
1078478,"sodium fluoride 550 mcg chewable tablet, 100 tablet, 1 bottle (GPP)",20190216
1193596,"sodium fusidate 2 g/100 g ointment, 1 x 15 g tube, 1 box (GPP)",20210715
1193633,"sodium fusidate 2 g/100 g ointment, 1 x 5 g tube, 1 box (GPP)",20210715
1193577,"sodium fusidate 2 g/100 g ointment, 15 g tube (GPP)",20210715
1193614,"sodium fusidate 2 g/100 g ointment, 5 g tube (GPP)",20210715
1059727,"sodium fusidate 250 mg film-coated tablet, 10 tablet, 1 blister (GPP)",20190216
1059743,"sodium fusidate 250 mg film-coated tablet, 20 tablet (2 x 10 tablet blister), 1 box (GPP)",20190216
1091357,"sodium glycerophosphate 216 mg/1 mL concentrate for solution for infusion, 10 x 20 mL vial, 1 box (GPP)",20190216
1324847,"sodium hyaluronate 8 mg/2 mL + sodium hyaluronate crosslinked 32 mg/2 mL gel for injection, 1 x 2 mL prefilled syr, 1 box (GPP)",20250301
1324823,"sodium hyaluronate 8 mg/2 mL + sodium hyaluronate crosslinked 32 mg/2 mL gel for injection, 1 x 2 mL prefilled syr, 1 prefilled syr (GPP)",20250301
1176633,"sodium nitrate 500 mg/100 mL gargle/mouthwash, 120 mL bottle (GPP)",20210211
1149176,"sodium nitrate 500 mg/100 mL gargle/mouthwash, 240 mL bottle (GPP)",20200614
1176596,"sodium nitrate 500 mg/100 mL gargle/mouthwash, 5 L gallon (GPP)",20210211
1091374,"sodium nitroprusside 50 mg powder for solution for infusion, 1 vial (1 x 1 vial), 1 box (GPP)",20230701
1273791,"sodium nitroprusside 50 mg powder for solution for infusion, 1 vial (GPP)",20230701
1187436,"sodium thiosulfate 15 g powder for cutaneous solution, 1 x 60 mL bottle, 1 box (GPP)",20210418
1187415,"sodium thiosulfate 15 g powder for cutaneous solution, 60 mL bottle (GPP)",20210418
1187157,"sodium thiosulfate 20 g/100 mL cutaneous solution, 120 mL bottle (GPP)",20210418
1150531,"sodium thiosulfate 20 g/100 mL cutaneous solution, 240 mL bottle (GPP)",20200705
1319982,"sodium thiosulfate 25 g/100 g cream, 30 g tube (GPP)",20250118
1318355,"sodium thiosulfate 25 g/100 mL solution for injection, 100 mL vial (GPP)",20241225
1319401,"sodium thiosulfate 25 g/100 mL solution for injection, 20 mL vial (GPP)",20241225
1316804,"sodium zirconium cyclosilicate 5 g powder for oral suspension, 30 sachet, 1 box (GPP)",20241215
1316787,"sodium zirconium cyclosilicate 5 g powder for oral suspension, 5 g sachet (GPP)",20241215
1122130,"sofosbuvir 400 mg + velpatasvir 100 mg film-coated tablet, 28 tablet (1 x 28 tablet bottle), 1 box (GPP)",20190815
1122111,"sofosbuvir 400 mg + velpatasvir 100 mg film-coated tablet, 28 tablet, 1 bottle (GPP)",20190815
1085364,"sofosbuvir 400 mg film-coated tablet, 28 tablet (1 x 28 tablet bottle), 1 box (GPP)",20190216
1085340,"sofosbuvir 400 mg film-coated tablet, 28 tablet, 1 bottle (GPP)",20190216
1083036,"solifenacin succinate 10 mg film-coated tablet, 10 tablet, 1 blister (GPP)",20190216
1083058,"solifenacin succinate 10 mg film-coated tablet, 30 tablet (3 x 10 tablet blister), 1 box (GPP)",20190216
1065838,"solifenacin succinate 5 mg film-coated tablet, 10 tablet, 1 blister (GPP)",20190216
1065855,"solifenacin succinate 5 mg film-coated tablet, 30 tablet (3 x 10 tablet blister), 1 box (GPP)",20190216
1230850,"somatostatin acetate 3 mg powder for solution for infusion, 1 ampoule (1 x 1 ampoule), 1 box (GPP)",20220330
1230832,"somatostatin acetate 3 mg powder for solution for infusion, 1 ampoule (GPP)",20220330
1201371,"somatropin 10 mg/1.5 mL solution for injection, 1 prefilled pen, 1 box (GPP)",20241117
1201359,"somatropin 10 mg/1.5 mL solution for injection, 1.5 mL prefilled pen (GPP)",20210901
1098877,"somatropin 4 iu powder and solvent for solution for injection, 1 vial (1 x 1 vial), 1 box (GPP)",20211029
1205980,"somatropin 4 iu powder and solvent for solution for injection, 1 vial (GPP)",20211029
1201430,"somatropin 5 mg/1.5 mL solution for injection, 1 x 1.5 mL prefilled pen, 1 box (GPP)",20210901
1201411,"somatropin 5 mg/1.5 mL solution for injection, 1.5 mL prefilled pen (GPP)",20210901
1098854,"somatropin 6 mg powder and solvent for solution for injection, 6 mg cartridge, 1 box (GPP)",20190216
1279669,"sorafenib 200 mg film-coated tablet, 10 tablet, 1 blister (GPP)",20230805
1312341,"sorafenib 200 mg film-coated tablet, 2 blister, 1 box (GPP)",20241102
1312325,"sorafenib 200 mg film-coated tablet, 28 tablets, blister (GPP)",20241102
1279682,"sorafenib 200 mg film-coated tablet, 60 tablet (6 x 10 tablet blister), 1 box (GPP)",20230805
1149294,"sorbitol 20 mL/100 mL oral solution, 120 mL bottle (GPP)",20200614
1153355,"sorbitol 70 g/100 mL oral solution, 120 mL bottle (GPP)",20200719
1207169,"sorbitol 70 mL/100 mL oral solution, 240 mL bottle (GPP)",20211029
1264091,"sotorasib 120 mg film-coated tablet, 56 tablet (7 x 8 tablet blister), 1 box (GPP)",20230604
1264070,"sotorasib 120 mg film-coated tablet, 8 tablet, 1 blister (GPP)",20230604
1154333,"spironolactone 10 mg/1 mL oral suspension, 30 mL bottle (GPP)",20200719
1060209,"spironolactone 100 mg tablet, 10 tablet, 1 blister (GPP)",20190216
1060221,"spironolactone 100 mg tablet, 100 tablet (10 x 10 tablet blister), 1 box (GPP)",20190216
1107345,"spironolactone 100 mg tablet, 100 tablet, 1 bottle (GPP)",20190411
1060245,"spironolactone 25 mg tablet, 10 tablet, 1 blister (GPP)",20190216
1213909,"spironolactone 25 mg tablet, 100 tablet (10 x 10 tablet blister), 1 box (GPP)",20211202
1060266,"spironolactone 25 mg tablet, 500 tablet (50 x 10 tablet blister), 1 box (GPP)",20190216
1326924,"spironolactone 5 mg/1 mL oral suspension, 1 x 60 mL bottle, 1 bottle (GPP)",20250313
1284063,"spironolactone 5 mg/1 mL powder for oral suspension, 60 mL bottle (GPP)",20230918
1293223,"sterile water for injection solution for injection, 10 mL prefilled syr (GPP)",20240313
1293247,"sterile water for injection solution for injection, 50 x 10 mL prefilled syr, 1 box (GPP)",20240313
1153099,"streptomycin 1 g powder for solution for injection, 1 vial (GPP)",20200719
1153113,"streptomycin 1 g powder for solution for injection, 10 vial (10 x 1 vial), 1 box (GPP)",20200719
1078413,"streptomycin 1 g powder for solution for injection, 5 vial, 1 box (GPP)",20200920
1065450,"sucralfate 1 g tablet, 10 tablet, 1 blister (GPP)",20190216
1065478,"sucralfate 1 g tablet, 100 tablet (10 x 10 tablet blister), 1 box (GPP)",20190216
1217880,"sucralfate 1 g/5 mL oral suspension, 1 x 240 mL bottle, 1 box (GPP)",20211202
1217867,"sucralfate 1 g/5 mL oral suspension, 240 mL bottle (GPP)",20211202
1078838,"sucralfate 500 mg tablet, 10 tablet, 1 blister (GPP)",20190216
1078855,"sucralfate 500 mg tablet, 100 tablet (10 x 10 tablet blister), 1 box (GPP)",20190216
1277049,"sucroferric oxyhydroxide 2.5 g chewable tablet, 30 tablet (1 x 30 tablet bottle), 1 box (GPP)",20240501
1277020,"sucroferric oxyhydroxide 2.5 g chewable tablet, 30 tablet bottle (GPP)",20240501
1322663,"sucrose 24 g/100 mL syrup, 1 x 30 mL bottle, 1 bottle (GPP)",20250201
1312285,"sucrose 85 g/100 mL syrup, 1 L gallon (GPP)",20241102
1296893,"sugammadex 200 mg/2 mL solution for injection, 1 x 2 mL vial, 1 box (GPP)",20240501
1053915,"sugammadex 200 mg/2 mL solution for injection, 10 x 2 mL vial, 1 box (GPP)",20190216
1296872,"sugammadex 200 mg/2 mL solution for injection, 2 mL vial (GPP)",20240501
1201566,"sulbactam 2 g powder for solution for injection, 1 vial (1 x 1 vial), 1 box (GPP)",20210901
1201545,"sulbactam 2 g powder for solution for injection, 1 vial (GPP)",20210901
1217043,"sulbactam 500 mg powder for solution for injection, 1 vial (1 x 1 vial), 1 box (GPP)",20211202
1217027,"sulbactam 500 mg powder for solution for injection, 1 vial (GPP)",20211202
1270634,"sulfadiazine 100 mg/1 mL oral suspension, 30 mL bottle (GPP)",20230617
1217299,"sulfadiazine 500 mg tablet, 1000 tablet, 1 jar (GPP)",20211202
1168829,"sulfamethoxazole 200 mg/5 mL + trimethoprim 40 mg/5 mL oral suspension, 1 x 60 mL bottle, 1 box (GPP)",20201202
1168801,"sulfamethoxazole 200 mg/5 mL + trimethoprim 40 mg/5 mL oral suspension, 60 mL bottle (GPP)",20201202
1064676,"sulfamethoxazole 400 mg + trimethoprim 80 mg tablet, 10 tablet, 1 blister (GPP)",20190216
1236803,"sulfamethoxazole 400 mg + trimethoprim 80 mg tablet, 1000 tablet, 1 bottle (GPP)",20220602
1064695,"sulfamethoxazole 400 mg + trimethoprim 80 mg tablet, 500 tablet (50 x 10 tablet blister), 1 box (GPP)",20190216
1211192,"sulfamethoxazole 400 mg/5 mL + trimethoprim 80 mg/5 mL solution for injection, 5 mL ampoule (GPP)",20211202
1076121,"sulfamethoxazole 400 mg/5 mL + trimethoprim 80 mg/5 mL solution for injection, 50 x 5 mL ampoule, 1 box (GPP)",20211202
1064719,"sulfamethoxazole 800 mg + trimethoprim 160 mg tablet, 10 tablet, 1 blister (GPP)",20190216
1064735,"sulfamethoxazole 800 mg + trimethoprim 160 mg tablet, 500 tablet (50 x 10 tablet blister), 1 box (GPP)",20190216
1235467,"sulfamethoxazole 800 mg + trimethoprim 160 mg tablet, 500 tablet, 1 jar (GPP)",20220514
1053728,"sulfasalazine 500 mg gastro-resistant tablet, 10 tablet, 1 blister (GPP)",20190216
1076364,"sulfasalazine 500 mg gastro-resistant tablet, 100 tablet (1 x 100 tablet bottle), 1 box (GPP)",20190216
1053744,"sulfasalazine 500 mg gastro-resistant tablet, 100 tablet (10 x 10 tablet blister), 1 box (GPP)",20190216
1048472,"sulfasalazine 500 mg gastro-resistant tablet, 100 tablet, 1 bottle (GPP)",20181217
1078198,"sulfinpyrazone 100 mg tablet, 10 tablet, 1 blister (GPP)",20190216
1078216,"sulfinpyrazone 100 mg tablet, 100 tablet (10 x 10 tablet blister), 1 box (GPP)",20190216
1187190,"sulfur 10 g/100 g ointment, 1 x 15 g tube, 1 box (GPP)",20210418
1187174,"sulfur 10 g/100 g ointment, 15 g tube (GPP)",20210418
1173784,"sulfur 6 g/100 g ointment, 10 g jar (GPP)",20210129
1176679,"sulfur 6 g/100 g ointment, 250 g jar (GPP)",20210211
1069998,"sulindac 200 mg tablet, 10 tablet, 1 blister (GPP)",20190216
1070016,"sulindac 200 mg tablet, 100 tablet (10 x 10 tablet blister), 1 box (GPP)",20190216
1065872,"sulodexide 250 LSU capsule, soft, 25 capsule, 1 blister (GPP)",20190216
1065893,"sulodexide 250 LSU capsule, soft, 50 capsule (2 x 25 capsule blister), 1 box (GPP)",20190216
1287198,"sulprostone 500 mcg powder for solution for infusion, 1 ampoule (GPP)",20231104
1239018,"sulprostone 500 mcg powder for solution for infusion, 1 vial (GPP)",20220630
1287216,"sulprostone 500 mcg powder for solution for infusion, 3 ampoule (3 x 1 ampoule), 1 box (GPP)",20231104
1239039,"sulprostone 500 mcg powder for solution for infusion, 3 vial (3 x 1 vial), 1 box (GPP)",20220630
1247896,"sultamicillin 750 mg film-coated tablet, 12 tablet (3 x 4 tablet strip), 1 box (GPP)",20221112
1247877,"sultamicillin 750 mg film-coated tablet, 4 tablet, 1 strip (GPP)",20221112
1071296,"sumatriptan 50 mg film-coated tablet, 2 tablet (1 x 2 tablet blister), 1, 2 tablet (1 x 2 tablet blister), 1, 2 tablet (1 x 2 tablet blister), 1 box (GPP)",20230715
1071277,"sumatriptan 50 mg film-coated tablet, 2 tablet, 1 blister (GPP)",20190216
1276186,"sumatriptan 50 mg film-coated tablet, 4 tablet, 1 blister (GPP)",20230715
1263014,"sumatriptan 50 mg film-coated tablet, 6 tablet, 1 blister (GPP)",20230513
1282404,"sunitinib 12.5 mg capsule, hard, 28 capsule (4 x 7 capsule blister), 1 box (GPP)",20230902
1282381,"sunitinib 12.5 mg capsule, hard, 7 capsule, 1 blister (GPP)",20230902
1112775,"suxamethonium chloride 500 mg/10 mL solution for injection, 10 x 10 mL vial, 1 box (GPP)",20190504
1069713,"tacrolimus 1 mg capsule, hard, 10 capsule, 1 blister (GPP)",20190216
1069732,"tacrolimus 1 mg capsule, hard, 50 capsule (5 x 10 capsule blister), 1 box (GPP)",20190216
1069637,"tacrolimus 1 mg prolonged-release capsule, hard, 10 capsule, 1 blister (GPP)",20190216
1069659,"tacrolimus 1 mg prolonged-release capsule, hard, 50 capsule (5 x 10 capsule blister), 1 box (GPP)",20190216
1069671,"tacrolimus 500 mcg capsule, hard, 10 capsule, 1 blister (GPP)",20190216
1069692,"tacrolimus 500 mcg capsule, hard, 50 capsule (5 x 10 capsule blister), 1 box (GPP)",20190216
1069594,"tacrolimus 500 mcg prolonged-release capsule, hard, 10 capsule, 1 blister (GPP)",20190216
1069616,"tacrolimus 500 mcg prolonged-release capsule, hard, 50 capsule (5 x 10 capsule blister), 1 box (GPP)",20190216
1301840,"tadalafil 10 mg film-coated tablet, 4 tablet (1 x 4 tablet blister), 1 box (GPP)",20240629
1301829,"tadalafil 10 mg film-coated tablet, 4 tablet blister (GPP)",20240629
1083275,"tadalafil 20 mg film-coated tablet, 2 tablet, 1 blister (GPP)",20190216
1190237,"tadalafil 20 mg film-coated tablet, 4 tablet (1 x 4 tablet blister), 1 box (GPP)",20210513
1083299,"tadalafil 20 mg film-coated tablet, 4 tablet (2 x 2 tablet blister), 1 box (GPP)",20190216
1190216,"tadalafil 20 mg film-coated tablet, 4 tablet, 1 blister (GPP)",20210513
1184697,"tadalafil 5 mg film-coated tablet, 15 tablet, 1 blister (GPP)",20210331
1184716,"tadalafil 5 mg film-coated tablet, 30 tablet (2 x 15 tablet blister), 1 box (GPP)",20210331
1245257,"tafamidis 61 mg capsule, soft, 10 capsule, 1 blister (GPP)",20221014
1245274,"tafamidis 61 mg capsule, soft, 30 capsule (3 x 10 capsule blister), 1 box (GPP)",20221014
1308946,"tafenoquine 150 mg film-coated tablet, 1 blister, 1 box (GPP)",20240913
1308922,"tafenoquine 150 mg film-coated tablet, 2 tablet, blister (GPP)",20240913
1245870,"tamoxifen 20 mg tablet, 10 blister, 1 box (GPP)",20240913
1062359,"tamoxifen 20 mg tablet, 10 tablet, blister (GPP)",20240913
1062371,"tamoxifen 20 mg tablet, 30 tablet (3 x 10 tablet blister), 1 box (GPP)",20190216
1048298,"tamsulosin hydrochloride 400 mcg prolonged-release tablet, 10 tablet, 1 blister (GPP)",20181217
1048312,"tamsulosin hydrochloride 400 mcg prolonged-release tablet, 30 tablet (3 x 10 tablet blister), 1 box (GPP)",20181217
1325062,"teclistamab 153 mg/1.7 mL solution for injection, 1 x 1.7 mL vial, 1 box (GPP)",20250301
1325043,"teclistamab 153 mg/1.7 mL solution for injection, 1 x 1.7 mL vial, 1 vial (GPP)",20250301
1323607,"teclistamab 30 mg/3 mL solution for injection, 1 x 3 mL vial, 1 box (GPP)",20250215
1323580,"teclistamab 30 mg/3 mL solution for injection, 1 x 3 mL vial, 1 vial (GPP)",20250215
1286331,"tecovirimat 200 mg capsule, hard, 42 capsule, 1 bottle (GPP)",20231013
1217822,"tegafur 100 mg + uracil 224 mg capsule, hard, 10 capsule, 1 blister (GPP)",20211202
1217846,"tegafur 100 mg + uracil 224 mg capsule, hard, 70 capsule (7 x 10 capsule blister), 1 box (GPP)",20211202
1064412,"telbivudine 600 mg film-coated tablet, 14 tablet, 1 blister (GPP)",20190216
1064431,"telbivudine 600 mg film-coated tablet, 28 tablet (2 x 14 tablet blister), 1 box (GPP)",20190216
1061752,"telmisartan 40 mg tablet, 10 tablet blister (GPP)",20240714
1061775,"telmisartan 40 mg tablet, 30 tablet (3 x 10 tablet blister), 1 box (GPP)",20190216
1311555,"telmisartan 40 mg tablet, 4 blister, 1 box (GPP)",20241018
1311538,"telmisartan 40 mg tablet, 7 tablet, blister (GPP)",20241018
1061799,"telmisartan 80 mg tablet, 10 tablet blister (GPP)",20240714
1061813,"telmisartan 80 mg tablet, 30 tablet (3 x 10 tablet blister), 1 box (GPP)",20190216
1311615,"telmisartan 80 mg tablet, 4 blister, 1 box (GPP)",20241018
1311593,"telmisartan 80 mg tablet, 7 tablet, blister (GPP)",20241018
1098191,"tenecteplase 8000 unit powder for solution for injection, 1 vial, 1 box (GPP)",20190216
1156222,"teneligliptin 20 mg film-coated tablet, 10 tablet, 1 blister (GPP)",20200801
1156246,"teneligliptin 20 mg film-coated tablet, 100 tablet (10 x 10 tablet blister), 1 box (GPP)",20200801
1156267,"teneligliptin 20 mg film-coated tablet, 30 tablet (3 x 10 tablet blister), 1 box (GPP)",20200801
1047414,"tenofovir alafenamide 25 mg film-coated tablet, 1 bottle, 1 box (GPP)",20241005
1047390,"tenofovir alafenamide 25 mg film-coated tablet, 30 tablet, bottle (GPP)",20241005
1114115,"tenofovir disoproxil fumarate 300 mg film-coated tablet, 10 tablet, 1 strip (GPP)",20190531
1063978,"tenofovir disoproxil fumarate 300 mg film-coated tablet, 30 tablet (1 x 30 tablet bottle), 1 box (GPP)",20190216
1114136,"tenofovir disoproxil fumarate 300 mg film-coated tablet, 30 tablet (3 x 10 tablet strip), 1 box (GPP)",20190531
1063950,"tenofovir disoproxil fumarate 300 mg film-coated tablet, 30 tablet, 1 bottle (GPP)",20190216
1264635,"tenoxicam 20 mg powder and solvent for solution for injection, 1 vial (GPP)",20230604
1264657,"tenoxicam 20 mg powder and solvent for solution for injection, 3 vial (3 x 1 vial), 1 box (GPP)",20230604
1064454,"teprenone 50 mg capsule, hard, 10 capsule, 1 blister (GPP)",20190216
1064477,"teprenone 50 mg capsule, hard, 30 capsule (3 x 10 capsule blister), 1 box (GPP)",20190216
1083456,"terazosin 1 mg tablet, 14 tablet, 1 blister (GPP)",20190216
1083473,"terazosin 1 mg tablet, 28 tablet (2 x 14 tablet blister), 1 box (GPP)",20190216
1287683,"terbinafine  hydrochloride 1 g/100 g cream, 1 x 7.5 g tube, 1 box (GPP)",20231104
1287665,"terbinafine  hydrochloride 1 g/100 g cream, 7.5 g tube (GPP)",20231104
1082260,"terbinafine 250 mg tablet, 14 tablet (1 x 14 tablet blister), 1 box (GPP)",20190216
1082241,"terbinafine 250 mg tablet, 14 tablet, 1 blister (GPP)",20190216
1125522,"terbutaline sulfate 1.5 mg/5 mL syrup, 60 mL bottle, 1 box (GPP)",20190913
1090698,"terbutaline sulfate 2.5 mg tablet, 10 tablet, 1 blister (GPP)",20190216
1090717,"terbutaline sulfate 2.5 mg tablet, 1000 tablet (100 x 10 tablet blister), 1 box (GPP)",20190216
1125567,"terbutaline sulfate 2.5 mg tablet, 1000 tablet, 1 bottle (GPP)",20190913
1235201,"terbutaline sulfate 2.5 mg tablet, 500 tablet, 1 jar (GPP)",20220514
1235264,"terbutaline sulfate 500 mcg/1 mL solution for injection, 1 x 1 mL ampoule, 1 ampoule (GPP)",20250313
1125607,"terbutaline sulfate 500 mcg/1 mL solution for injection, 50 x 1 mL ampoule, 1 box (GPP)",20220514
1243401,"teriparatide 600 mcg/2.4 mL solution for injection, 1 x 2.4 mL cartridge, 1 box (GPP)",20221001
1243472,"teriparatide 600 mcg/2.4 mL solution for injection, 1 x 2.4 mL pen, 1 box (GPP)",20221001
1243383,"teriparatide 600 mcg/2.4 mL solution for injection, 2.4 mL cartridge (GPP)",20221001
1243455,"teriparatide 600 mcg/2.4 mL solution for injection, 2.4 mL pen (GPP)",20221001
1044436,"teriparatide 750 mcg/3 mL solution for injection, 3 mL prefilled pen, 1 box (GPP)",20181216
1234450,"terlipressin acetate 1 mg/5 mL solution for injection, 5 mL vial (GPP)",20220514
1234478,"terlipressin acetate 1 mg/5 mL solution for injection, 5 x 5 mL vial, 1 box (GPP)",20220514
1091632,"terlipressin acetate 1 mg/8.5 mL solution for injection, 5 x 8.5 mL ampoule, 1 box (GPP)",20190216
1046172,"testosterone undecanoate 40 mg capsule, hard, 10 capsule, 1 blister (GPP)",20181217
1046193,"testosterone undecanoate 40 mg capsule, hard, 30 capsule (3 x 10 capsule blister), 1 box (GPP)",20181217
1068890,"testosterone undecanoate 40 mg capsule, soft, 10 capsule, 1 blister (GPP)",20190216
1068916,"testosterone undecanoate 40 mg capsule, soft, 60 capsule (6 x 10 capsule blister), 1 box (GPP)",20190216
1052417,"tetanus immunoglobulin of equine origin 1000 iu/1 mL solution for injection, 20 x 1 mL vial, 1 box (GPP)",20190203
1091678,"tetanus immunoglobulin of human origin 250 iu/1 mL solution for injection, 1 mL prefilled syr, 1 box (GPP)",20220203
1270675,"tetanus toxoid 40 iu/0.5 mL suspension for injection, 0.5 mL ampoule (GPP)",20230617
1117406,"tetanus toxoid 40 iu/0.5 mL suspension for injection, 10 x 0.5 mL ampoule, 1 box (GPP)",20230617
1315738,"tetracaine hydrochloride 500 mg/100 mL eye drops, solution, 1 bottle, 1 box (GPP)",20241129
1315531,"tetracaine hydrochloride 500 mg/100 mL eye drops, solution, 1 mL unit dose (GPP)",20241129
1255153,"tetracaine hydrochloride 500 mg/100 mL eye drops, solution, 2 mL bottle (GPP)",20230217
1315554,"tetracaine hydrochloride 500 mg/100 mL eye drops, solution, 30 unit dose, 1 box (GPP)",20241129
1315717,"tetracaine hydrochloride 500 mg/100 mL eye drops, solution, 5 mL bottle (GPP)",20241129
1282347,"tetrachlorodecaoxide 6.9 MU/5 mL cutaneous solution, 1 x 50 mL bottle, 1 box (GPP)",20230902
1282323,"tetrachlorodecaoxide 6.9 MU/5 mL cutaneous solution, 50 mL bottle (GPP)",20230902
1184785,"tetracycline 250 mg film-coated tablet, 1000 tablet, 1 jar (GPP)",20210331
1217494,"thalidomide 50 mg capsule, hard, 10 capsule, 1 blister (GPP)",20211202
1086506,"thalidomide 50 mg capsule, hard, 28 capsule (1 x 28 capsule blister), 1 box (GPP)",20190216
1086484,"thalidomide 50 mg capsule, hard, 28 capsule, 1 blister (GPP)",20190216
1217516,"thalidomide 50 mg capsule, hard, 60 capsule (6 x 10 capsule blister), 1 box (GPP)",20211202
1230003,"theophylline 200 mg prolonged-release tablet, 10 tablet, 1 blister (GPP)",20220330
1230026,"theophylline 200 mg prolonged-release tablet, 100 tablet (10 x 10 tablet blister), 1 box (GPP)",20220330
1074717,"theophylline 200 mg prolonged-release tablet, 100 tablet (5 x 20 tablet blister), 1 box (GPP)",20190216
1074698,"theophylline 200 mg prolonged-release tablet, 20 tablet, 1 blister (GPP)",20190216
1229414,"theophylline 250 mg prolonged-release tablet, 100 tablet (5 x 20 tablet blister), 1 box (GPP)",20220330
1229390,"theophylline 250 mg prolonged-release tablet, 20 tablet, 1 blister (GPP)",20220330
1316584,"thiamazole 5 mg tablet, 10 blister, 1 box (GPP)",20241129
1133024,"thiamazole 5 mg tablet, 10 tablet, 1 strip (GPP)",20191127
1061710,"thiamazole 5 mg tablet, 10 tablet, blister (GPP)",20241129
1095657,"thiamazole 5 mg tablet, 100 tablet (1 x 100 tablet bottle), 1 box (GPP)",20191127
1095635,"thiamazole 5 mg tablet, 100 tablet, 1 bottle (GPP)",20191127
1061734,"thiamazole 5 mg tablet, 1000 tablet (100 x 10 tablet blister), 1 box (GPP)",20191127
1274254,"thiamazole 5 mg tablet, 500 tablet (50 x 10 tablet blister), 1 box (GPP)",20230701
1133048,"thiamazole 5 mg tablet, 500 tablet (50 x 10 tablet strip), 1 box (GPP)",20191127
1237398,"thiamine 10 mg tablet, 1000 tablet, 1 jar (GPP)",20220602
1080161,"thiamine 100 mg tablet, 10 tablet, 1 blister (GPP)",20190216
1077437,"thiamine 100 mg tablet, 1000 tablet, 1 jar (GPP)",20190216
1217544,"thiamine 100 mg tablet, 50000 tablet (50 x 1000 tablet blister), 1 box (GPP)",20211202
1076006,"thiamine 100 mg/1 mL solution for injection, 10 x 1 mL ampoule, 1 box (GPP)",20190216
1156312,"thimerosal 100 mg/100 mL cutaneous solution, 10 mL bottle (GPP)",20200801
1105179,"thioctic acid 600 mg film-coated tablet, 10 tablet, 1 blister (GPP)",20190331
1105198,"thioctic acid 600 mg film-coated tablet, 30 tablet (3 x 10 tablet blister), 1 box (GPP)",20190331
1184802,"thiomersal 100 mg/100 mL cutaneous liquid, 30 mL bottle (GPP)",20210331
1282587,"thiopental sodium 1 g powder for solution for injection, 1 g (1 x 1 g vial), 1 box (GPP)",20230915
1282560,"thiopental sodium 1 g powder for solution for injection, 1 g 1 vial (GPP)",20230915
1216569,"thioridazine 100 mg coated tablet, 1000 tablet, 1 bottle (GPP)",20211202
1109671,"thioridazine 25 mg coated tablet, 1000 tablet, 1 bottle (GPP)",20190411
1109692,"thioridazine 50 mg coated tablet, 1000 tablet, 1 bottle (GPP)",20190411
1278159,"thiotepa 100 mg powder for concentrate for solution for infusion, 1 vial (1 x 1 vial), 1 box (GPP)",20230804
1278137,"thiotepa 100 mg powder for concentrate for solution for infusion, 1 vial (GPP)",20230804
1278246,"thiotepa 15 mg powder for concentrate for solution for infusion, 1 vial (1 x 1 vial), 1 box (GPP)",20230804
1278222,"thiotepa 15 mg powder for concentrate for solution for infusion, 1 vial (GPP)",20230804
1292045,"thyrotropin 900 mcg powder for solution for injection, 1 vial (GPP)",20240216
1292066,"thyrotropin 900 mcg powder for solution for injection, 2 vial (2 x 1 vial), 1 box (GPP)",20240216
1089749,"tianeptine 12.5 mg coated tablet, 15 tablet, 1 blister (GPP)",20190216
1089765,"tianeptine 12.5 mg coated tablet, 30 tablet (2 x 15 tablet blister), 1 box (GPP)",20190216
1082729,"tibolone 2.5 mg tablet, 28 tablet (1 x 28 tablet blister), 1 box (GPP)",20190216
1082701,"tibolone 2.5 mg tablet, 28 tablet, 1 blister (GPP)",20190216
1080556,"ticagrelor 60 mg film-coated tablet, 10 tablet, 1 blister (GPP)",20190216
1080573,"ticagrelor 60 mg film-coated tablet, 60 tablet (6 x 10 tablet blister), 1 box (GPP)",20190216
1056564,"ticagrelor 90 mg film-coated tablet, 10 tablet, blister (GPP)",20240802
1138734,"ticagrelor 90 mg film-coated tablet, 100 tablet (10 x 10 tablet blister), 1 box (GPP)",20240802
1263067,"ticagrelor 90 mg film-coated tablet, 15 tablet, 1 blister (GPP)",20230513
1263080,"ticagrelor 90 mg film-coated tablet, 60 tablet (4 x 15 tablet blister), 1 box (GPP)",20230513
1056586,"ticagrelor 90 mg film-coated tablet, 60 tablet (6 x 10 tablet blister), 1 box (GPP)",20240802
1064956,"ticlopidine hydrochloride 250 mg film-coated tablet, 10 tablet, 1 strip (GPP)",20190216
1064973,"ticlopidine hydrochloride 250 mg film-coated tablet, 100 tablet (10 x 10 tablet strip), 1 box (GPP)",20190216
1052455,"tigecycline 50 mg powder for solution for infusion, 1 vial (1 x 1 vial), 1 box (GPP)",20210429
1189515,"tigecycline 50 mg powder for solution for infusion, 1 vial (GPP)",20210429
1076386,"tigecycline 50 mg powder for solution for infusion, 10 vial (10 x 1 vial), 1 box (GPP)",20220413
1301450,"tildrakizumab 100 mg/1 mL solution for injection, 1 mL prefilled syr (GPP)",20240629
1301478,"tildrakizumab 100 mg/1 mL solution for injection, 1 x 1 mL prefilled syr, 1 box (GPP)",20240629
1143371,"timolol 500 mg/100 mL eye drops, solution, 1 x 5 mL bottle, 1 box (GPP)",20210418
1187231,"timolol 500 mg/100 mL eye drops, solution, 5 mL bottle (GPP)",20210418
1090370,"tinidazole 500 mg film-coated tablet, 4 tablet (1 x 4 tablet blister), 1 box (GPP)",20190216
1090358,"tinidazole 500 mg film-coated tablet, 4 tablet, 1 blister (GPP)",20190216
1090410,"tinidazole 500 mg tablet, 200 tablet (50 x 4 tablet strip), 1 box (GPP)",20190216
1090391,"tinidazole 500 mg tablet, 4 tablet, 1 strip (GPP)",20190216
1091467,"tinzaparin sodium 10000 iu/0.5 mL solution for injection, 2 x 0.5 mL prefilled syr, 1 box (GPP)",20200612
1091480,"tinzaparin sodium 14000 iu/0.7 mL solution for injection, 2 x 0.7 mL prefilled syr, 1 box (GPP)",20200612
1091507,"tinzaparin sodium 20000 unit/2 mL solution for injection, 10 x 2 mL vial, 1 box (GPP)",20200612
1274220,"tioguanine 40 mg tablet, 25 tablet (1 x 25 tablet bottle), 1 box (GPP)",20230715
1274208,"tioguanine 40 mg tablet, 25 tablet, 1 bottle (GPP)",20230715
1074596,"tiotropium 18 mcg inhalation powder, hard capsule, 10 capsule, 1 blister (GPP)",20190216
1074614,"tiotropium 18 mcg inhalation powder, hard capsule, 30 capsule (3 x 10 capsule blister), 1 box (GPP)",20190216
1111652,"tipiracil 6.14 mg + trifluridine 15 mg film-coated tablet, 10 tablet, 1 blister (GPP)",20190504
1111675,"tipiracil 6.14 mg + trifluridine 15 mg film-coated tablet, 20 tablet (2 x 10 tablet blister), 1 box (GPP)",20190504
1111756,"tipiracil 8.19 mg + trifluridine 20 mg film-coated tablet, 10 tablet, 1 blister (GPP)",20190504
1111773,"tipiracil 8.19 mg + trifluridine 20 mg film-coated tablet, 20 tablet (2 x 10 tablet blister), 1 box (GPP)",20190504
1241103,"tixagevimab 150 mg/1.5 mL solution for injection, 1.5 mL vial (GPP)",20220810
1075337,"tizanidine 2 mg tablet, 10 tablet, 1 blister (GPP)",20190216
1077311,"tizanidine 2 mg tablet, 100 tablet (10 x 10 tablet blister), 1 box (GPP)",20190216
1075359,"tizanidine 2 mg tablet, 50 tablet (5 x 10 tablet blister), 1 box (GPP)",20190216
1075290,"tizanidine 4 mg tablet, 10 tablet, 1 blister (GPP)",20190216
1217619,"tizanidine 4 mg tablet, 100 tablet (10 x 10 tablet blister), 1 box (GPP)",20211202
1075316,"tizanidine 4 mg tablet, 50 tablet (5 x 10 tablet blister), 1 box (GPP)",20190216
1237435,"tobramycin 300 mg/100 mL eye drops, solution, 1 bottle, 1 box (GPP)",20241117
1237419,"tobramycin 300 mg/100 mL eye drops, solution, 5 mL bottle (GPP)",20220602
1201804,"tocilizumab 200 mg/10 mL concentrate for solution for infusion, 1 x 10 mL vial, 1 box (GPP)",20210915
1201787,"tocilizumab 200 mg/10 mL concentrate for solution for infusion, 10 mL vial (GPP)",20210915
1092265,"tocilizumab 400 mg/20 mL concentrate for solution for infusion, 20 mL vial, 1 box (GPP)",20190216
1092249,"tocilizumab 80 mg/4 mL concentrate for solution for infusion, 4 mL vial, 1 box (GPP)",20190216
1045593,"tocopherol 100 iu capsule, hard, 500 capsule, 1 bottle (GPP)",20190104
1249487,"tocopherol 400 iu capsule, soft, 30 capsule (1 x 30 capsule bottle), 1 box (GPP)",20221202
1249460,"tocopherol 400 iu capsule, soft, 30 capsule, 1 bottle (GPP)",20221202
1248179,"tofacitinib 5 mg film-coated tablet, 14 tablet, 1 blister (GPP)",20221112
1248198,"tofacitinib 5 mg film-coated tablet, 56 tablet (4 x 14 tablet blister), 1 box (GPP)",20221112
1242548,"tolnaftate 1 g/100 g ointment, 1 x 10 g tube, 1 box (GPP)",20220915
1242524,"tolnaftate 1 g/100 g ointment, 10 g tube (GPP)",20220915
1183968,"tolperisone hydrochloride 150 mg film-coated tablet, 10 tablet, 1 blister (GPP)",20210331
1183981,"tolperisone hydrochloride 150 mg film-coated tablet, 100 tablet (10 x 10 tablet blister), 1 box (GPP)",20210331
1076726,"tolperisone hydrochloride 50 mg film-coated tablet, 10 tablet, 1 blister (GPP)",20191019
1193256,"tolperisone hydrochloride 50 mg film-coated tablet, 10 tablet, 1 strip (GPP)",20210703
1235134,"tolperisone hydrochloride 50 mg film-coated tablet, 100 tablet (10 x 10 tablet strip), 1 box (GPP)",20220514
1076742,"tolperisone hydrochloride 50 mg film-coated tablet, 1000 tablet (100 x 10 tablet blister), 1 box (GPP)",20190216
1193273,"tolperisone hydrochloride 50 mg film-coated tablet, 1000 tablet (100 x 10 tablet strip), 1 box (GPP)",20210703
1126961,"tolperisone hydrochloride 50 mg tablet, 500 tablet, 1 bottle (GPP)",20191004
1058268,"tolterodine tartrate 4 mg prolonged-release capsule, hard, 30 capsule (1 x 30 capsule bottle), 1 box (GPP)",20190216
1058247,"tolterodine tartrate 4 mg prolonged-release capsule, hard, 30 capsule, 1 bottle (GPP)",20190216
1274040,"tolvaptan 15 mg tablet, 10 tablet (1 x 10 tablet blister), 1 box (GPP)",20230701
1274029,"tolvaptan 15 mg tablet, 10 tablet, 1 blister (GPP)",20230701
1308415,"tolvaptan 30 mg tablet, 10 tablet, blister (GPP)",20240913
1308436,"tolvaptan 30 mg tablet, 3 blister, 1 box (GPP)",20240913
1156383,"topiramate 10 mg/1 mL oral suspension, 50 mL bottle (GPP)",20200801
1071830,"topiramate 100 mg film-coated tablet, 10 tablet, 1 blister (GPP)",20190216
1071853,"topiramate 100 mg film-coated tablet, 60 tablet (6 x 10 tablet blister), 1 box (GPP)",20190216
1071876,"topiramate 25 mg film-coated tablet, 10 tablet, 1 blister (GPP)",20190216
1071895,"topiramate 25 mg film-coated tablet, 60 tablet (6 x 10 tablet blister), 1 box (GPP)",20190216
1071914,"topiramate 50 mg film-coated tablet, 10 tablet, 1 blister (GPP)",20190216
1071933,"topiramate 50 mg film-coated tablet, 60 tablet (6 x 10 tablet blister), 1 box (GPP)",20190216
1092157,"topotecan 4 mg powder for solution for injection, 4 mg vial, 1 box (GPP)",20190216
1081002,"torasemide 10 mg tablet, 10 tablet, 1 blister (GPP)",20190216
1081025,"torasemide 10 mg tablet, 100 tablet (10 x 10 tablet blister), 1 box (GPP)",20190216
1241848,"tozinameran 3 mcg/1 dose concentrate for dispersion for injection, 0.4 mL vial (GPP)",20220901
1241869,"tozinameran 3 mcg/1 dose concentrate for dispersion for injection, 10 x 0.4 mL vial, 1 box (GPP)",20220901
1196979,"tozinameran 30 mcg/1 dose concentrate for dispersion for injection, 0.45 mL vial (GPP)",20220316
1225947,"tozinameran 30 mcg/1 dose dispersion for injection, 2.25 mL vial (GPP)",20220316
1077617,"tramadol hydrochloride 100 mg prolonged-release tablet, 10 tablet, 1 blister (GPP)",20190216
1077638,"tramadol hydrochloride 100 mg prolonged-release tablet, 30 tablet (3 x 10 tablet blister), 1 box (GPP)",20190216
1189472,"tramadol hydrochloride 100 mg/2 mL solution for injection, 10 x 2 mL ampoule, 1 box (GPP)",20210429
1189455,"tramadol hydrochloride 100 mg/2 mL solution for injection, 2 mL ampoule (GPP)",20210429
1051385,"tramadol hydrochloride 50 mg capsule, hard, 10 capsule, 1 blister (GPP)",20190120
1210883,"tramadol hydrochloride 50 mg capsule, hard, 100 capsule (10 x 10 capsule blister), 1 box (GPP)",20211202
1216904,"tramadol hydrochloride 50 mg capsule, hard, 250 capsule (25 x 10 capsule blister), 1 box (GPP)",20211202
1051407,"tramadol hydrochloride 50 mg capsule, hard, 50 capsule (5 x 10 capsule blister), 1 box (GPP)",20190120
1075448,"tramadol hydrochloride 50 mg capsule, hard, 500 capsule (50 x 10 capsule blister), 1 box (GPP)",20190216
1227739,"tramadol hydrochloride 50 mg tablet, 10 tablet, 1 blister (GPP)",20220316
1227699,"tramadol hydrochloride 50 mg tablet, 1000 tablet, 1 jar (GPP)",20220316
1227718,"tramadol hydrochloride 50 mg tablet, 25000 tablet (25 x 1000 tablet blister), 1 box (GPP)",20220316
1315468,"tramadol hydrochloride 50 mg/1 mL solution for injection, 1 mL ampoule (GPP)",20241129
1091390,"tramadol hydrochloride 50 mg/1 mL solution for injection, 10 x 1 mL ampoule, 1 box (GPP)",20190216
1315481,"tramadol hydrochloride 50 mg/1 mL solution for injection, 50 ampoule, 1 box (GPP)",20241129
1065216,"tranexamic acid 250 mg capsule, hard, 100 capsule (1 x 100 capsule bottle), 1 box (GPP)",20190216
1065198,"tranexamic acid 250 mg capsule, hard, 100 capsule, 1 bottle (GPP)",20190216
1080659,"tranexamic acid 250 mg capsule, hard, 100 capsule, 1 jar (GPP)",20190216
1112813,"tranexamic acid 250 mg capsule, hard, 500 capsule, 1 bottle (GPP)",20190504
1217690,"tranexamic acid 250 mg/5 mL solution for injection, 10 x 5 mL ampoule, 1 box (GPP)",20211202
1217674,"tranexamic acid 250 mg/5 mL solution for injection, 5 mL ampoule (GPP)",20211202
1075760,"tranexamic acid 250 mg/5 mL solution for injection, 50 x 5 mL ampoule, 1 box (GPP)",20190216
1092119,"trastuzumab 150 mg powder for concentrate for solution for infusion, 1 vial (1 x 1 vial), 1 box (GPP)",20201202
1168114,"trastuzumab 150 mg powder for concentrate for solution for infusion, 1 vial (GPP)",20201202
1106147,"trastuzumab 440 mg powder and solvent for concentrate for solution for infusion, 1 vial (1 x 1 vial), 1 box (GPP)",20201202
1168167,"trastuzumab 440 mg powder and solvent for concentrate for solution for infusion, 1 vial (GPP)",20201202
1092093,"trastuzumab 600 mg/5 mL solution for injection, 5 mL vial, 1 box (GPP)",20190216
1304724,"trastuzumab deruxtecan 100 mg powder for concentrate for solution for infusion, 1 vial (1 x 1 vial), 1 box (GPP)",20240817
1304707,"trastuzumab deruxtecan 100 mg powder for concentrate for solution for infusion, 1 vial (GPP)",20240817
1089708,"trazodone 50 mg film-coated tablet, 10 tablet, 1 blister (GPP)",20190216
1089720,"trazodone 50 mg film-coated tablet, 500 tablet (50 x 10 tablet blister), 1 box (GPP)",20190216
1089662,"trazodone 50 mg tablet, 10 tablet, 1 blister (GPP)",20190216
1089689,"trazodone 50 mg tablet, 500 tablet (50 x 10 tablet blister), 1 box (GPP)",20190216
1051739,"trelagliptin 100 mg film-coated tablet, 1 tablet, 1 blister (GPP)",20190203
1051756,"trelagliptin 100 mg film-coated tablet, 20 tablet (20 x 1 tablet blister), 1 box (GPP)",20190203
1301957,"tremelimumab 300 mg/15 mL concentrate for solution for infusion, 1 x 15 mL vial, 1 box (GPP)",20240629
1301935,"tremelimumab 300 mg/15 mL concentrate for solution for infusion, 15 mL vial (GPP)",20240629
1086198,"tretinoin 10 mg capsule, soft, 100 capsule (1 x 100 capsule bottle), 1 box (GPP)",20190216
1086179,"tretinoin 10 mg capsule, soft, 100 capsule, 1 bottle (GPP)",20190216
1149857,"tretinoin 50 mg/100 g cream, 1 x 20 g tube, 1 box (GPP)",20200705
1149835,"tretinoin 50 mg/100 g cream, 20 g tube (GPP)",20200705
1180603,"tretinoin 50 mg/100 g gel, 1 x 10 g tube, 1 box (GPP)",20210312
1180544,"tretinoin 50 mg/100 g gel, 1 x 20 g tube, 1 box (GPP)",20210312
1180585,"tretinoin 50 mg/100 g gel, 10 g tube (GPP)",20210312
1180528,"tretinoin 50 mg/100 g gel, 20 g tube (GPP)",20210312
1125109,"tretinoin 50 mg/100 g gel, 500 g jar, 1 box (GPP)",20190913
1323301,"triamcinolone acetonide 100 mg/100 g + urea 10 g/100 g cream, 1 x 30 g tube, 1 tube (GPP)",20250215
1178131,"triamcinolone acetonide 100 mg/100 g + urea 10 g/100 g cream, 10 g jar (GPP)",20210226
1150764,"triamcinolone acetonide 100 mg/100 g + urea 10 g/100 g cream, 100 g jar (GPP)",20200705
1158798,"triamcinolone acetonide 100 mg/100 g + urea 10 g/100 g cream, 20 g tube (GPP)",20200815
1174180,"triamcinolone acetonide 100 mg/100 g + urea 10 g/100 g cream, 250 g jar (GPP)",20210211
1197005,"triamcinolone acetonide 100 mg/100 g + urea 10 g/100 g cream, 50 g jar (GPP)",20220117
1045398,"triamcinolone acetonide 100 mg/100 g cream, 1 L bottle, 1 bottle (GPP)",20181217
1174007,"triamcinolone acetonide 100 mg/100 g cream, 10 g tube (GPP)",20210129
1137936,"triamcinolone acetonide 100 mg/100 g cream, 10 g tube, 1 box (GPP)",20200227
1183041,"triamcinolone acetonide 100 mg/100 g cream, 15 g tube (GPP)",20210331
1183060,"triamcinolone acetonide 100 mg/100 g cream, 15 g tube, 1 box (GPP)",20250118
1227532,"triamcinolone acetonide 100 mg/100 g cream, 5 g tube (GPP)",20220316
1227550,"triamcinolone acetonide 100 mg/100 g cream, 5 g tube, 1 box (GPP)",20250118
1174024,"triamcinolone acetonide 100 mg/100 g cream, 50 x 10 g tube, 1 box (GPP)",20210129
1052768,"triamcinolone acetonide 100 mg/100 g cream, 500 g jar, 1 jar (GPP)",20190216
1229860,"triamcinolone acetonide 100 mg/100 g cutaneous emulsion, 1 x 30 g bottle, 1 box (GPP)",20220330
1229841,"triamcinolone acetonide 100 mg/100 g cutaneous emulsion, 30 g bottle (GPP)",20220330
1186051,"triamcinolone acetonide 100 mg/100 g oral paste, 1 g sachet (GPP)",20210418
1052809,"triamcinolone acetonide 100 mg/100 g oral paste, 1 x 5 g tube, 1 box (GPP)",20210113
1171776,"triamcinolone acetonide 100 mg/100 g oral paste, 5 g tube (GPP)",20210113
1186079,"triamcinolone acetonide 100 mg/100 g oral paste, 50 x 1 g sachet, 1 box (GPP)",20210418
1175414,"triamcinolone acetonide 100 mg/100 g oromucosal gel, 1 g sachet (GPP)",20210211
1115853,"triamcinolone acetonide 100 mg/100 g oromucosal gel, 1 x 5 g tube, 1 box (GPP)",20210211
1115824,"triamcinolone acetonide 100 mg/100 g oromucosal gel, 25 x 1 g sachet, 1 box (GPP)",20210129
1175467,"triamcinolone acetonide 100 mg/100 g oromucosal gel, 5 g tube (GPP)",20210211
1175433,"triamcinolone acetonide 100 mg/100 g oromucosal gel, 50 x 1 g sachet, 1 box (GPP)",20210211
1233933,"triamcinolone acetonide 100 mg/100 mL cutaneous emulsion, 1 x 60 mL bottle, 1 box (GPP)",20220428
1174069,"triamcinolone acetonide 100 mg/100 mL cutaneous emulsion, 60 mL bottle (GPP)",20210129
1169500,"triamcinolone acetonide 100 mg/100 mL cutaneous solution, 1 x 30 mL bottle, 1 box (GPP)",20201202
1169487,"triamcinolone acetonide 100 mg/100 mL cutaneous solution, 30 mL bottle (GPP)",20201202
1210519,"triamcinolone acetonide 20 mg/100 g + urea 10 g/100 g cream, 30 g jar (GPP)",20211110
1218111,"triamcinolone acetonide 20 mg/100 g + urea 10 g/100 g cream, 5 g jar (GPP)",20211202
1052723,"triamcinolone acetonide 20 mg/100 g cream, 1 x 5 g tube, 1 box (GPP)",20201202
1173946,"triamcinolone acetonide 20 mg/100 g cream, 10 g tube (GPP)",20210129
1123129,"triamcinolone acetonide 20 mg/100 g cream, 100 g jar, 1 box (GPP)",20190829
1125197,"triamcinolone acetonide 20 mg/100 g cream, 15 g tube, 1 box (GPP)",20250118
1173967,"triamcinolone acetonide 20 mg/100 g cream, 20 x 10 g tube, 1 box (GPP)",20210129
1210471,"triamcinolone acetonide 20 mg/100 g cream, 30 g jar (GPP)",20211110
1217397,"triamcinolone acetonide 20 mg/100 g cream, 5 g jar (GPP)",20211202
1168069,"triamcinolone acetonide 20 mg/100 g cream, 5 g tube (GPP)",20201202
1150577,"triamcinolone acetonide 20 mg/100 mL cutaneous emulsion, 60 mL bottle (GPP)",20200705
1119758,"triamcinolone acetonide 20 mg/100 mL cutaneous solution, 1 bottle, 1 box (GPP)",20250118
1207202,"triamcinolone acetonide 20 mg/100 mL cutaneous solution, 60 mL bottle (GPP)",20211029
1187745,"triamcinolone acetonide 40 mg/1 mL suspension for injection, 1 mL vial (GPP)",20210418
1187766,"triamcinolone acetonide 40 mg/1 mL suspension for injection, 1 x 1 mL vial, 1 box (GPP)",20210418
1091650,"triamcinolone acetonide 50 mg/5 mL suspension for injection, 5 mL vial, 1 box (GPP)",20190216
1191301,"trichloroacetic acid 80 g/100 mL cutaneous solution, 10 mL bottle (GPP)",20210604
1191262,"trichloroacetic acid 80 g/100 mL cutaneous solution, 30 mL bottle (GPP)",20210604
1324691,"trifarotene 5 mg/100 g cream, 1 x 30 g bottle, 1 bottle (GPP)",20250301
1324712,"trifarotene 5 mg/100 g cream, 1 x 30 g bottle, 1 box (GPP)",20250301
1088168,"trifluoperazine 5 mg film-coated tablet, 1000 tablet, 1 jar (GPP)",20190216
1072152,"trihexyphenidyl hydrochloride 2 mg tablet, 1000 tablet, 1 bottle (GPP)",20190216
1274502,"trihexyphenidyl hydrochloride 2 mg tablet, 500 tablet, 1 bottle (GPP)",20230715
1072175,"trihexyphenidyl hydrochloride 5 mg tablet, 1000 tablet, 1 bottle (GPP)",20190216
1210780,"trihexyphenidyl hydrochloride 5 mg tablet, 1000 tablet, 1 jar (GPP)",20211202
1307987,"trihexyphenidyl hydrochloride 5 mg tablet, 500 tablet, bottle (GPP)",20240913
1078893,"trimebutine 100 mg tablet, 10 tablet, 1 blister (GPP)",20190216
1078919,"trimebutine 100 mg tablet, 100 tablet (10 x 10 tablet blister), 1 box (GPP)",20190216
1061536,"trimetazidine dihydrochloride 20 mg film-coated tablet, 10 tablet, 1 blister (GPP)",20190216
1061558,"trimetazidine dihydrochloride 20 mg film-coated tablet, 100 tablet (10 x 10 tablet blister), 1 box (GPP)",20190216
1076068,"trimetazidine dihydrochloride 35 mg modified-release tablet, 10 tablet, 1 blister (GPP)",20190216
1076081,"trimetazidine dihydrochloride 35 mg modified-release tablet, 100 tablet (10 x 10 tablet blister), 1 box (GPP)",20190216
1102430,"trimetazidine dihydrochloride 35 mg modified-release tablet, 120 tablet (4 x 30 tablet blister), 1 box (GPP)",20190315
1065715,"trimetazidine dihydrochloride 35 mg modified-release tablet, 30 tablet, 1 blister (GPP)",20190216
1065736,"trimetazidine dihydrochloride 35 mg modified-release tablet, 60 tablet (2 x 30 tablet blister), 1 box (GPP)",20190216
1139648,"trimetazidine dihydrochloride 80 mg prolonged-release capsule, hard, 10 capsule, 1 blister (GPP)",20200314
1139669,"trimetazidine dihydrochloride 80 mg prolonged-release capsule, hard, 30 capsule (3 x 10 capsule blister), 1 box (GPP)",20200314
1274824,"triptorelin 11.25 mg powder for solution for injection, 1 vial (1 x 1 vial), 1 box (GPP)",20230715
1274807,"triptorelin 11.25 mg powder for solution for injection, 1 vial (GPP)",20230715
1291693,"triptorelin 22.5 mg powder and solvent for suspension for injection, 1 vial (1 x 1 vial), 1 box (GPP)",20240216
1291672,"triptorelin 22.5 mg powder and solvent for suspension for injection, 1 vial (GPP)",20240216
1224128,"triptorelin 3.75 mg powder for solution for injection, 1 vial (1 x 1 vial), 1 box (GPP)",20220303
1224100,"triptorelin 3.75 mg powder for solution for injection, 1 vial (GPP)",20220303
1224003,"triptorelin 3.75 mg/1 mL powder and solvent for suspension for injection, 1 x 3.75 mg prefilled syr, 1 box (GPP)",20220303
1223985,"triptorelin 3.75 mg/1 mL powder and solvent for suspension for injection, 3.75 mg prefilled syr (GPP)",20220303
1223944,"triptorelin acetate 100 mcg/1 mL solution for injection, 1 mL prefilled syr (GPP)",20220303
1223963,"triptorelin acetate 100 mcg/1 mL solution for injection, 7 x 1 mL prefilled syr, 1 box (GPP)",20220303
1255202,"tropicamide 1 g/100 mL eye drops, solution, 2 mL bottle (GPP)",20230217
1255256,"tropicamide 1 g/100 mL eye drops, solution, 5 mL bottle (GPP)",20230217
1095418,"trospium chloride 20 mg coated tablet, 10 tablet, 1 blister (GPP)",20190216
1095439,"trospium chloride 20 mg coated tablet, 100 tablet (10 x 10 tablet blister), 1 box (GPP)",20190216
1064630,"trospium chloride 30 mg film-coated tablet, 10 tablet, 1 blister (GPP)",20190216
1064653,"trospium chloride 30 mg film-coated tablet, 30 tablet (3 x 10 tablet blister), 1 box (GPP)",20190216
1083091,"trospium chloride 60 mg prolonged-release capsule, hard, 28 capsule (4 x 7 capsule bottle), 1 box (GPP)",20190216
1083070,"trospium chloride 60 mg prolonged-release capsule, hard, 7 capsule, 1 bottle (GPP)",20190216
1255971,"trypan blue stain 100 mg/100 mL solution for injection, 5 mL vial (GPP)",20230304
1246145,"turoctocog alfa pegol 1000 iu powder and solvent for solution for injection, 1 vial (1 x 1 vial), 1 box (GPP)",20221104
1246121,"turoctocog alfa pegol 1000 iu powder and solvent for solution for injection, 1 vial (GPP)",20221104
1246236,"turoctocog alfa pegol 500 iu powder and solvent for solution for injection, 1 vial (1 x 1 vial), 1 box (GPP)",20221104
1246215,"turoctocog alfa pegol 500 iu powder and solvent for solution for injection, 1 vial (GPP)",20221104
1075787,"ubidecarenone 10 mg coated tablet, 10 tablet, 1 strip (GPP)",20190216
1075804,"ubidecarenone 10 mg coated tablet, 30 tablet (3 x 10 tablet strip), 1 box (GPP)",20190216
1051120,"ubidecarenone 100 mg capsule, soft, 30 capsule, 1 blister (GPP)",20190120
1051149,"ubidecarenone 100 mg capsule, soft, 60 capsule (2 x 30 capsule blister), 1 box (GPP)",20190120
1080848,"ubidecarenone 30 mg capsule, soft, 30 capsule, 1 blister (GPP)",20190216
1080869,"ubidecarenone 30 mg capsule, soft, 60 capsule (2 x 30 capsule blister), 1 box (GPP)",20190216
1298904,"ubidecarenone 50 mg capsule, soft, 30 capsule bottle (GPP)",20240530
1053553,"ulipristal acetate 5 mg tablet, 14 tablet, 1 blister (GPP)",20190216
1053576,"ulipristal acetate 5 mg tablet, 28 tablet (2 x 14 tablet blister), 1 box (GPP)",20190216
1305641,"umeclidinium 62.5 mcg/1 dose + vilanterol 25 mcg/1 dose inhalation powder, pre-dispensed, 1 inhaler, 1 box (GPP)",20241018
1305625,"umeclidinium 62.5 mcg/1 dose + vilanterol 25 mcg/1 dose inhalation powder, pre-dispensed, 30 dose inhaler (GPP)",20241018
1260511,"urea 10 g/100 g cream, 10 g jar (GPP)",20230401
1150679,"urea 10 g/100 g cream, 100 g jar (GPP)",20200705
1047825,"urea 10 g/100 g cream, 30 g tube, 1 box (GPP)",20181217
1218078,"urea 10 g/100 g cream, 5 g jar (GPP)",20211202
1100780,"urea 10 g/100 g cream, 500 g can, 1 box (GPP)",20200613
1047841,"urea 20 g/100 g cream, 30 g tube, 1 box (GPP)",20181217
1210561,"urea 20 g/100 g cream, 5 g jar (GPP)",20211110
1100812,"urea 20 g/100 g cream, 500 g jar, 1 box (GPP)",20200704
1219587,"urea 40 g/100 g cream, 30 g tube (GPP)",20211216
1210601,"urea 40 g/100 g ointment, 30 g jar (GPP)",20211110
1123626,"ursodeoxycholic acid 250 mg capsule, hard, 10 capsule (1 x 10 capsule blister), 1 box (GPP)",20190829
1065612,"ursodeoxycholic acid 250 mg capsule, hard, 10 capsule, 1 blister (GPP)",20190216
1065631,"ursodeoxycholic acid 250 mg capsule, hard, 100 capsule (10 x 10 capsule blister), 1 box (GPP)",20190216
1065599,"ursodeoxycholic acid 250 mg capsule, hard, 100 capsule (4 x 25 capsule blister), 1 box (GPP)",20190216
1065575,"ursodeoxycholic acid 250 mg capsule, hard, 25 capsule, 1 blister (GPP)",20190216
1154403,"ursodeoxycholic acid 30 mg/1 mL oral suspension, 50 mL bottle (GPP)",20200719
1262379,"ursodeoxycholic acid 40 mg/1 mL oral suspension, 25 mL bottle (GPP)",20230428
1274126,"ustekinumab 130 mg/26 mL concentrate for solution for infusion, 1 x 26 mL vial, 1 box (GPP)",20230701
1274103,"ustekinumab 130 mg/26 mL concentrate for solution for infusion, 26 mL vial (GPP)",20230701
1274064,"ustekinumab 45 mg/0.5 mL solution for injection, 0.5 mL prefilled syr (GPP)",20230701
1274086,"ustekinumab 45 mg/0.5 mL solution for injection, 1 x 0.5 mL prefilled syr, 1 box (GPP)",20230701
1274142,"ustekinumab 90 mg/1 mL solution for injection, 1 mL prefilled syr (GPP)",20230701
1274161,"ustekinumab 90 mg/1 mL solution for injection, 1 x 1 mL prefilled syr, 1 box (GPP)",20230701
1139081,"valaciclovir 250 mg film-coated tablet, 10 tablet, 1 blister (GPP)",20200227
1139109,"valaciclovir 250 mg film-coated tablet, 30 tablet (3 x 10 tablet blister), 1 box (GPP)",20200227
1218195,"valaciclovir 500 mg film-coated tablet, 10 tablet, 1 blister (GPP)",20211202
1218218,"valaciclovir 500 mg film-coated tablet, 100 tablet (10 x 10 tablet blister), 1 box (GPP)",20211202
1065696,"valaciclovir 500 mg film-coated tablet, 42 tablet (7 x 6 tablet blister), 1 box (GPP)",20190216
1065677,"valaciclovir 500 mg film-coated tablet, 6 tablet, 1 blister (GPP)",20190216
1286192,"valbenazine 40 mg capsule, hard, 30 capsule (1 x 30 capsule bottle), 1 box (GPP)",20231013
1286171,"valbenazine 40 mg capsule, hard, 30 capsule, 1 bottle (GPP)",20231013
1096438,"valganciclovir 450 mg film-coated tablet, 60 tablet (1 x 60 tablet bottle), 1 box (GPP)",20190216
1096417,"valganciclovir 450 mg film-coated tablet, 60 tablet bottle (GPP)",20240714
1163673,"valproate sodium 1 g/5 mL oral solution, 1 x 60 mL bottle, 1 box (GPP)",20201016
1163656,"valproate sodium 1 g/5 mL oral solution, 60 mL bottle (GPP)",20201016
1212929,"valproate sodium 1 g/5 mL syrup, 1 x 60 mL bottle, 1 box (GPP)",20211202
1212901,"valproate sodium 1 g/5 mL syrup, 60 mL bottle (GPP)",20211202
1091414,"valproate sodium 100 mg/1 mL solution for injection, 10 x 4 mL ampoule, 1 box (GPP)",20190216
1087562,"valproate sodium 200 mg gastro-resistant tablet, 10 tablet strip (GPP)",20240530
1087625,"valproate sodium 200 mg gastro-resistant tablet, 10 tablet, 1 blister (GPP)",20190216
1087641,"valproate sodium 200 mg gastro-resistant tablet, 100 tablet (10 x 10 tablet blister), 1 box (GPP)",20190216
1087589,"valproate sodium 200 mg gastro-resistant tablet, 100 tablet (10 x 10 tablet strip), 1 box (GPP)",20190216
1235576,"valproate sodium 200 mg gastro-resistant tablet, 40 tablet (1 x 40 tablet bottle), 1 box (GPP)",20220514
1071692,"valproate sodium 200 mg gastro-resistant tablet, 40 tablet (1 x 40 tablet jar), 1 box (GPP)",20190216
1235553,"valproate sodium 200 mg gastro-resistant tablet, 40 tablet, 1 bottle (GPP)",20220514
1071671,"valproate sodium 200 mg gastro-resistant tablet, 40 tablet, 1 jar (GPP)",20190216
1099827,"valproate sodium 400 mg powder and solvent for solution for injection, 1 vial (1 x 1 vial), 1 box (GPP)",20220514
1235524,"valproate sodium 400 mg powder and solvent for solution for injection, 1 vial (GPP)",20220514
1235613,"valproate sodium 500 mg prolonged-release tablet, 30 tablet (1 x 30 tablet bottle), 1 box (GPP)",20220514
1071732,"valproate sodium 500 mg prolonged-release tablet, 30 tablet (1 x 30 tablet jar), 1 box (GPP)",20190216
1235595,"valproate sodium 500 mg prolonged-release tablet, 30 tablet, 1 bottle (GPP)",20220514
1071713,"valproate sodium 500 mg prolonged-release tablet, 30 tablet, 1 jar (GPP)",20190216
1129037,"valsartan 160 mg film-coated tablet, 10 tablet, 1 blister (GPP)",20191019
1220608,"valsartan 160 mg film-coated tablet, 100 tablet (10 x 10 tablet blister), 1 box (GPP)",20211230
1058585,"valsartan 160 mg film-coated tablet, 14 tablet, 1 blister (GPP)",20190216
1058603,"valsartan 160 mg film-coated tablet, 28 tablet (2 x 14 tablet blister), 1 box (GPP)",20190216
1129059,"valsartan 160 mg film-coated tablet, 30 tablet (3 x 10 tablet blister), 1 box (GPP)",20191019
1068176,"valsartan 320 mg film-coated tablet, 28 tablet (4 x 7 tablet blister), 1 box (GPP)",20190216
1068153,"valsartan 320 mg film-coated tablet, 7 tablet, 1 blister (GPP)",20190216
1168216,"valsartan 80 mg film-coated tablet, 10 tablet, 1 blister (GPP)",20201202
1222908,"valsartan 80 mg film-coated tablet, 100 tablet (10 x 10 tablet blister), 1 box (GPP)",20220203
1058642,"valsartan 80 mg film-coated tablet, 14 tablet, 1 blister (GPP)",20190216
1058661,"valsartan 80 mg film-coated tablet, 28 tablet (2 x 14 tablet blister), 1 box (GPP)",20190216
1168237,"valsartan 80 mg film-coated tablet, 30 tablet (3 x 10 tablet blister), 1 box (GPP)",20201202
1076465,"vancomycin 1 g powder for solution for infusion, 1 vial, 1 box (GPP)",20190216
1247981,"vancomycin 125 mg capsule, hard, 10 capsule, 1 blister (GPP)",20221112
1248007,"vancomycin 125 mg capsule, hard, 20 capsule (2 x 10 capsule blister), 1 box (GPP)",20221112
1154442,"vancomycin 5 g/100 mL eye drops, solution, 10 mL bottle (GPP)",20200719
1156515,"vancomycin 5 g/100 mL eye drops, solution, 5 mL bottle (GPP)",20200801
1076483,"vancomycin 500 mg powder for solution for infusion, 1 vial (1 x 1 vial), 1 box (GPP)",20210429
1189543,"vancomycin 500 mg powder for solution for infusion, 1 vial (GPP)",20210429
1083332,"vardenafil 20 mg film-coated tablet, 4 tablet (1 x 4 tablet blister), 1 box (GPP)",20190216
1083313,"vardenafil 20 mg film-coated tablet, 4 tablet, 1 blister (GPP)",20190216
1149315,"varenicline 1 mg film-coated tablet [11 tablet] (&) varenicline 500 mcg film-coated tablet [14 tablet], 1 blister (GPP)",20200614
1314887,"varenicline 1 mg film-coated tablet [3 x 14 tablet blister] (&) varenicline 500 mcg film-coated tablet [1 x 11 tablet blister], 1 box (GPP)",20241117
1314168,"varenicline 1 mg film-coated tablet, 14 tablet, blister (GPP)",20241117
1314181,"varenicline 1 mg film-coated tablet, 2 blister, 1 box (GPP)",20241117
1147956,"varenicline 1 mg film-coated tablet, 28 tablet, 1 blister (GPP)",20200614
1314433,"varenicline 1 mg film-coated tablet, 3 blister, 1 box (GPP)",20241117
1313307,"varenicline 500 mcg film-coated tablet, 1 blister, 1 box (GPP)",20241117
1313284,"varenicline 500 mcg film-coated tablet, 11 tablet, blister (GPP)",20241117
1091839,"varicella zoster, live attenuated 1350 pfu powder and solvent for solution for injection, 1 vial, 1 box (GPP)",20190216
1091818,"varicella zoster, live attenuated 1400 pfu powder and solvent for solution for injection, 1 vial, 1 box (GPP)",20190216
1099226,"varicella zoster, live attenuated 19400 pfu/700 mcL powder for suspension for injection, 1 x 650 mcL vial, 1 box (GPP)",20221112
1248216,"varicella zoster, live attenuated 19400 pfu/700 mcL powder for suspension for injection, 650 mcL vial (GPP)",20221112
1091792,"varicella zoster, live attenuated 2000 pfu concentrate and solvent for suspension for injection, 0.5 mL vial, 1 box (GPP)",20220203
1134807,"varicella zoster, live attenuated 2000 pfu powder and solvent for solution for injection, 1 prefilled syr, 1 prefilled syr (GPP)",20200131
1195767,"varicella zoster, live attenuated 2400 pfu powder and solvent for suspension for injection, 1 vial (GPP)",20210731
1195780,"varicella zoster, live attenuated 2400 pfu powder and solvent for suspension for injection, 5 vial (5 x 1 vial), 1 box (GPP)",20210731
1160282,"varicella zoster, live attenuated 27400 pfu powder and solvent for suspension for injection, 1 prefilled syr (1 x 1 prefilled syr), 1 box (GPP)",20200904
1160269,"varicella zoster, live attenuated 27400 pfu powder and solvent for suspension for injection, 1 prefilled syr (GPP)",20200904
1291767,"vedolizumab 108 mg/0.68 mL solution for injection, 0.68 mL prefilled pen (GPP)",20240216
1291780,"vedolizumab 108 mg/0.68 mL solution for injection, 2 x 0.68 mL prefilled pen, 1 box (GPP)",20240216
1315916,"vedolizumab 300 mg powder for concentrate for solution for infusion, 1 vial (GPP)",20241129
1315937,"vedolizumab 300 mg powder for concentrate for solution for infusion, 1 vial, 1 box (GPP)",20241129
1261840,"velaglucerase alfa 400 unit powder for solution for infusion, 1 vial (1 x 1 vial), 1 box (GPP)",20230412
1261829,"velaglucerase alfa 400 unit powder for solution for infusion, 1 vial (GPP)",20230412
1073472,"venlafaxine 150 mg prolonged-release capsule, hard, 14 capsule, 1 blister (GPP)",20190216
1073493,"venlafaxine 150 mg prolonged-release capsule, hard, 28 capsule (2 x 14 capsule blister), 1 box (GPP)",20190216
1317190,"venlafaxine 37.5 mg prolonged-release capsule, hard, 10 capsule, blister (GPP)",20241215
1317212,"venlafaxine 37.5 mg prolonged-release capsule, hard, 3 blister, 1 box (GPP)",20241215
1073591,"venlafaxine 37.5 mg prolonged-release capsule, hard, 7 capsule (1 x 7 capsule blister), 1 box (GPP)",20190216
1073570,"venlafaxine 37.5 mg prolonged-release capsule, hard, 7 capsule, 1 blister (GPP)",20190216
1317254,"venlafaxine 75 mg prolonged-release capsule, hard, 10 capsule, blister (GPP)",20241215
1073515,"venlafaxine 75 mg prolonged-release capsule, hard, 14 capsule, 1 blister (GPP)",20190216
1073536,"venlafaxine 75 mg prolonged-release capsule, hard, 28 capsule (2 x 14 capsule blister), 1 box (GPP)",20190216
1317277,"venlafaxine 75 mg prolonged-release capsule, hard, 3 blister, 1 box (GPP)",20241215
1077896,"verapamil hydrochloride 240 mg prolonged-release tablet, 15 tablet, 1 blister (GPP)",20190216
1077910,"verapamil hydrochloride 240 mg prolonged-release tablet, 30 tablet (2 x 15 tablet blister), 1 box (GPP)",20190216
1065791,"verapamil hydrochloride 40 mg coated tablet, 10 tablet, 1 blister (GPP)",20190216
1065817,"verapamil hydrochloride 40 mg coated tablet, 100 tablet (10 x 10 tablet blister), 1 box (GPP)",20190216
1184609,"verapamil hydrochloride 40 mg coated tablet, 250 tablet (25 x 10 tablet blister), 1 box (GPP)",20210331
1218447,"verapamil hydrochloride 40 mg coated tablet, 500 tablet, 1 jar (GPP)",20211202
1091613,"verapamil hydrochloride 5 mg/2 mL solution for injection, 5 x 2 mL ampoule, 1 box (GPP)",20190216
1255389,"vericiguat 10 mg film-coated tablet, 14 tablet, 1 blister (GPP)",20230217
1255406,"vericiguat 10 mg film-coated tablet, 28 tablet (2 x 14 tablet blister), 1 box (GPP)",20230217
1255499,"vericiguat 2.5 mg film-coated tablet, 14 tablet (1 x 14 tablet blister), 1 box (GPP)",20230217
1255475,"vericiguat 2.5 mg film-coated tablet, 14 tablet, 1 blister (GPP)",20230217
1255583,"vericiguat 5 mg film-coated tablet, 14 tablet (1 x 14 tablet blister), 1 box (GPP)",20230217
1255565,"vericiguat 5 mg film-coated tablet, 14 tablet, 1 blister (GPP)",20230217
1318215,"verteporfin 15 mg powder for solution for infusion, 1 vial (GPP)",20241225
1092347,"verteporfin 15 mg powder for solution for infusion, 1 vial, 1 box (GPP)",20241225
1087660,"vigabatrin 500 mg film-coated tablet, 10 tablet, 1 blister (GPP)",20190216
1247574,"vigabatrin 500 mg film-coated tablet, 100 tablet (10 x 10 tablet blister), 1 box (GPP)",20221112
1239672,"vildagliptin 50 mg tablet, 10 tablet, blister (GPP)",20241117
1239693,"vildagliptin 50 mg tablet, 100 tablet (10 x 10 tablet blister), 1 box (GPP)",20220716
1059762,"vildagliptin 50 mg tablet, 14 tablet, 1 blister (GPP)",20190216
1239714,"vildagliptin 50 mg tablet, 30 tablet (3 x 10 tablet blister), 1 box (GPP)",20220716
1059789,"vildagliptin 50 mg tablet, 56 tablet (4 x 14 tablet blister), 1 box (GPP)",20190216
1142207,"vildagliptin 50 mg tablet, 56 tablet (8 x 7 tablet blister), 1 box (GPP)",20200404
1314238,"vildagliptin 50 mg tablet, 6 blister, 1 box (GPP)",20241117
1142187,"vildagliptin 50 mg tablet, 7 tablet, 1 blister (GPP)",20200404
1091936,"vinblastine sulfate 10 mg powder for solution for injection, 10 mg vial, 1 box (GPP)",20190216
1091958,"vincristine sulfate 1 mg/1 mL solution for injection, 10 x 1 mL vial, 1 box (GPP)",20190216
1091970,"vincristine sulfate 2 mg/2 mL solution for injection, 10 x 2 mL vial, 1 box (GPP)",20190216
1315772,"vinorelbine 10 mg/1 mL concentrate for solution for infusion, 1 mL vial (GPP)",20241129
1091991,"vinorelbine 10 mg/1 mL concentrate for solution for infusion, 1 vial, 1 box (GPP)",20241129
1251125,"vinorelbine 20 mg capsule, soft, 1 capsule (1 x 1 capsule blister), 1 box (GPP)",20221231
1251102,"vinorelbine 20 mg capsule, soft, 1 capsule 1 blister (GPP)",20221231
1251187,"vinorelbine 30 mg capsule, soft, 1 capsule (1 x 1 capsule blister), 1 box (GPP)",20221231
1251160,"vinorelbine 30 mg capsule, soft, 1 capsule 1 blister (GPP)",20221231
1092017,"vinorelbine 50 mg/5 mL concentrate for solution for infusion, 1 vial, 1 box (GPP)",20241129
1315826,"vinorelbine 50 mg/5 mL concentrate for solution for infusion, 5 mL vial (GPP)",20241129
1056044,"voglibose 200 mcg tablet, 10 tablet, 1 blister (GPP)",20190216
1056063,"voglibose 200 mcg tablet, 100 tablet (10 x 10 tablet blister), 1 box (GPP)",20190216
1079965,"voglibose 300 mcg tablet, 10 tablet, 1 blister (GPP)",20190216
1079983,"voglibose 300 mcg tablet, 100 tablet (10 x 10 tablet blister), 1 box (GPP)",20190216
1045211,"vonoprazan 10 mg film-coated tablet, 10 tablet, 1 blister (GPP)",20181217
1247158,"vonoprazan 10 mg film-coated tablet, 100 tablet (10 x 10 tablet blister), 1 box (GPP)",20221104
1045230,"vonoprazan 10 mg film-coated tablet, 30 tablet (3 x 10 tablet blister), 1 box (GPP)",20181217
1045253,"vonoprazan 20 mg film-coated tablet, 10 tablet, 1 blister (GPP)",20181217
1045276,"vonoprazan 20 mg film-coated tablet, 30 tablet (3 x 10 tablet blister), 1 box (GPP)",20181217
1270756,"voriconazole 20 mg/1 mL oral suspension, 10 mL bottle (GPP)",20230617
1065919,"voriconazole 200 mg film-coated tablet, 10 tablet, 1 blister (GPP)",20190216
1065935,"voriconazole 200 mg film-coated tablet, 30 tablet (3 x 10 tablet blister), 1 box (GPP)",20190216
1099112,"voriconazole 200 mg powder for solution for infusion, 1 vial (1 x 1 vial), 1 box (GPP)",20210418
1187491,"voriconazole 200 mg powder for solution for infusion, 1 vial (GPP)",20210418
1110598,"voriconazole 50 mg film-coated tablet, 10 tablet blister (GPP)",20240216
1292084,"voriconazole 50 mg film-coated tablet, 30 tablet (3 x 10 tablet blister), 1 bottle (GPP)",20240216
1110611,"voriconazole 50 mg film-coated tablet, 30 tablet (3 x 10 tablet blister), 1 box (GPP)",20190411
1271701,"voriconazole 50 mg/100 mL solution for injection, 0.2 mL prefilled syr (GPP)",20230701
1089868,"vortioxetine 10 mg film-coated tablet, 14 tablet, 1 blister (GPP)",20190216
1089881,"vortioxetine 10 mg film-coated tablet, 28 tablet (2 x 14 tablet blister), 1 box (GPP)",20190216
1147837,"vortioxetine 20 mg film-coated tablet, 14 tablet, 1 blister (GPP)",20200614
1147859,"vortioxetine 20 mg film-coated tablet, 28 tablet (2 x 14 tablet blister), 1 box (GPP)",20200614
1273620,"warfarin sodium 1 mg tablet, 10 tablet, 1 blister (GPP)",20230701
1273649,"warfarin sodium 1 mg tablet, 100 tablet (10 x 10 tablet blister), 1 box (GPP)",20230701
1061493,"warfarin sodium 2 mg tablet, 10 tablet, 1 blister (GPP)",20190216
1061515,"warfarin sodium 2 mg tablet, 100 tablet (10 x 10 tablet blister), 1 box (GPP)",20190216
1273581,"warfarin sodium 3 mg tablet, 10 tablet, 1 blister (GPP)",20230701
1062815,"warfarin sodium 3 mg tablet, 100 tablet (1 x 100 tablet bottle), 1 box (GPP)",20190216
1273608,"warfarin sodium 3 mg tablet, 100 tablet (10 x 10 tablet blister), 1 box (GPP)",20230701
1062794,"warfarin sodium 3 mg tablet, 100 tablet, 1 bottle (GPP)",20190216
1273547,"warfarin sodium 4 mg tablet, 10 tablet, 1 blister (GPP)",20230701
1273568,"warfarin sodium 4 mg tablet, 100 tablet (10 x 10 tablet blister), 1 box (GPP)",20230701
1273665,"warfarin sodium 5 mg tablet, 10 tablet, 1 blister (GPP)",20230701
1062858,"warfarin sodium 5 mg tablet, 100 tablet (1 x 100 tablet bottle), 1 box (GPP)",20190216
1273683,"warfarin sodium 5 mg tablet, 100 tablet (10 x 10 tablet blister), 1 box (GPP)",20230701
1062836,"warfarin sodium 5 mg tablet, 100 tablet, 1 bottle (GPP)",20190216
1122202,"water irrigation solution, 1 L bottle (GPP)",20211202
1122176,"water irrigation solution, 500 mL bottle, 1 bottle (GPP)",20190815
1144043,"water solution for infusion, 1 L bag (GPP)",20211202
1239519,"water solution for infusion, 2 L bag (GPP)",20220716
1217252,"water solution for infusion, 500 mL bag (GPP)",20211202
1173824,"water solution for injection, 10 mL prefilled syr (GPP)",20210129
1165550,"water solution for injection, 10 mL unit dose (GPP)",20201030
1101907,"water solution for injection, 100 x 10 mL unit dose, 1 box (GPP)",20190315
1101878,"water solution for injection, 100 x 5 mL unit dose, 1 box (GPP)",20190315
1165578,"water solution for injection, 20 x 10 mL unit dose, 1 box (GPP)",20201030
1165521,"water solution for injection, 20 x 5 mL unit dose, 1 box (GPP)",20201030
1173882,"water solution for injection, 5 mL prefilled syr (GPP)",20210129
1165509,"water solution for injection, 5 mL unit dose (GPP)",20201030
1173848,"water solution for injection, 50 x 10 mL prefilled syr, 1 box (GPP)",20210129
1173905,"water solution for injection, 50 x 5 mL prefilled syr, 1 box (GPP)",20210129
1102005,"water solution for injection, 50 x 5 mL unit dose, 1 box (GPP)",20190315
1101660,"water solution for injection/infusion, 10 x 100 mL bag, 1 box (GPP)",20190315
1217234,"water solution for injection/infusion, 100 mL bag (GPP)",20211202
1217275,"water solution for injection/infusion, 50 mL bag (GPP)",20220716
1153420,"white petrolatum 1 g/100 g ointment, 10 g jar (GPP)",20200719
1200742,"white petrolatum 100 g/100 g ointment, 1 kg bag (GPP)",20210813
1200761,"white petrolatum 100 g/100 g ointment, 1 x 1 kg bag, 1 box (GPP)",20210813
1315256,"white petrolatum 83.67 g/100 g + zinc oxide 7.73 g/100 g ointment, 30 g jar (GPP)",20241129
1105801,"xylometazoline hydrochloride 100 mg/100 mL nasal spray, solution, 1 bottle, 1 box (GPP)",20241005
1258703,"xylometazoline hydrochloride 100 mg/100 mL nasal spray, solution, 10 mL bottle (GPP)",20230401
1310345,"xylometazoline hydrochloride 50 mg/100 mL nasal spray, solution, 1 bottle, 1 box (GPP)",20241005
1310321,"xylometazoline hydrochloride 50 mg/100 mL nasal spray, solution, 10 mL bottle (GPP)",20241005
1099242,"yellow fever virus, live attenuated 1000 ld50/0.5 mL powder and solvent for suspension for injection, 0.5 mL prefilled syr, 1 box (GPP)",20190216
1313767,"zanubrutinib 80 mg capsule, hard, 1 bottle, 1 box (GPP)",20241117
1313746,"zanubrutinib 80 mg capsule, hard, 120 capsule, bottle (GPP)",20241117
1064790,"zidovudine 100 mg capsule, hard, 100 capsule (1 x 100 capsule bottle), 1 box (GPP)",20190216
1064774,"zidovudine 100 mg capsule, hard, 100 capsule, 1 bottle (GPP)",20190216
1064837,"zidovudine 250 mg capsule, hard, 40 capsule (1 x 40 capsule bottle), 1 box (GPP)",20190216
1064816,"zidovudine 250 mg capsule, hard, 40 capsule, 1 bottle (GPP)",20190216
1055732,"zidovudine 300 mg capsule, hard, 100 capsule, 1 bottle (GPP)",20190216
1237708,"zinc gluconate 105 mg tablet, 100 tablet, 1 bottle (GPP)",20220602
1153483,"zinc oxide 1 g/100 g ointment, 450 g jar (GPP)",20200719
1162012,"zinc oxide 15 g/100 g ointment, 450 g jar (GPP)",20200920
1258496,"zinc oxide 25 g/100 g cutaneous paste, 10 g jar (GPP)",20230316
1210751,"zinc oxide 25 g/100 g cutaneous paste, 30 g jar (GPP)",20211110
1273758,"zinc oxide 7.5 g/100 g cream, 1 x 25 g tube, 1 box (GPP)",20230701
1273736,"zinc oxide 7.5 g/100 g cream, 25 g tube (GPP)",20230701
1260569,"zinc sulfate 2.2 g/100 mL oral solution, 1 L gallon (GPP)",20230401
1260613,"zinc sulfate 2.2 g/100 mL oral solution, 30 mL bottle (GPP)",20230401
1187573,"zinc sulfate 25 mg tablet, 1000 tablet, 1 bottle (GPP)",20210418
1322525,"zinc sulfate 25 mg/5 mL oral solution, 1 x 60 mL bottle, 1 bottle (GPP)",20250201
1154490,"zinc sulfate 5 mg/1 mL oral suspension, 30 mL bottle (GPP)",20200719
1088181,"ziprasidone 20 mg capsule, hard, 10 capsule, 1 blister (GPP)",20190216
1088201,"ziprasidone 20 mg capsule, hard, 20 capsule (2 x 10 capsule blister), 1 box (GPP)",20190216
1088229,"ziprasidone 40 mg capsule, hard, 10 capsule, 1 blister (GPP)",20190216
1088240,"ziprasidone 40 mg capsule, hard, 20 capsule (2 x 10 capsule blister), 1 box (GPP)",20190216
1088264,"ziprasidone 60 mg capsule, hard, 10 capsule, 1 blister (GPP)",20190216
1088286,"ziprasidone 60 mg capsule, hard, 20 capsule (2 x 10 capsule blister), 1 box (GPP)",20190216
1130407,"zoledronic acid 4 mg/100 mL solution for infusion, 100 mL vial, 1 box (GPP)",20191102
1297911,"zoledronic acid 4 mg/5 mL concentrate for solution for infusion, 1 x 5 mL unit dose, 1 box (GPP)",20240501
1135978,"zoledronic acid 4 mg/5 mL concentrate for solution for infusion, 1 x 5 mL vial, 1 box (GPP)",20211202
1297897,"zoledronic acid 4 mg/5 mL concentrate for solution for infusion, 5 mL unit dose (GPP)",20240501
1219001,"zoledronic acid 4 mg/5 mL concentrate for solution for infusion, 5 mL vial (GPP)",20211202
1050735,"zoledronic acid 5 mg/100 mL solution for infusion, 1 x 100 mL vial, 1 box (GPP)",20230902
1282188,"zoledronic acid 5 mg/100 mL solution for infusion, 100 mL vial (GPP)",20230902
1097373,"zolpidem tartrate 10 mg film-coated tablet, 10 tablet, 1 blister (GPP)",20190216
1097394,"zolpidem tartrate 10 mg film-coated tablet, 30 tablet (3 x 10 tablet blister), 1 box (GPP)",20190216
1097339,"zolpidem tartrate 10 mg tablet, 10 tablet, 1 strip (GPP)",20190216
1097356,"zolpidem tartrate 10 mg tablet, 20 tablet (2 x 10 tablet strip), 1 box (GPP)",20190216
1270827,"zonisamide 10 mg/1 mL oral suspension, 60 mL bottle (GPP)",20230617
1071951,"zonisamide 100 mg film-coated tablet, 10 tablet, 1 blister (GPP)",20190216
1071979,"zonisamide 100 mg film-coated tablet, 100 tablet (10 x 10 tablet blister), 1 box (GPP)",20190216
