TMTID(VTM),FSN,CHANGEDATE
842362,90Y-ibritumomab tiuxetan (VTM),20140817
882284,A/new caledonia/20/99 (H1N1) like strain derived used IVR-116 + A/wellington/1/2004(IVR-139) + B/shanghai/361/2002 like strain used B/jiangsu/10/2003 (VTM),20150119
662396,abacavir (VTM),20131102
1002387,abacavir + dolutegravir + lamivudine (VTM),20170114
355368,abacavir + lamivudine (VTM),20130805
465132,abacavir + lamivudine + zidovudine (VTM),20130805
719133,abatacept (VTM),20140118
220305,abciximab (VTM),20130627
1167557,abemaciclib (VTM),20201202
683596,abiraterone acetate (VTM),20140104
1256177,abrocitinib (VTM),20230304
1281991,acalabrutinib (VTM),20230902
336637,acarbose (VTM),20130805
1287373,aceclofenac (VTM),20231104
220314,acemetacin (VTM),20130627
833831,acerola + ascorbic acid (VTM),20140803
1106240,acerola + ascorbic acid + bioflavonoids + calcium ascorbate + hesperidin + rosehips + rutin + sodium ascorbate (VTM),20190411
228683,acetazolamide (VTM),20130805
879608,acetic acid (VTM),20150105
919415,acetic acid + aluminium sulfate + boric acid + calcium carbonate (VTM),20150404
707769,acetic acid + aluminium sulfate + calcium carbonate (VTM),20140118
228829,acetylcysteine (VTM),20130805
221824,acetylcysteine + interferon alpha-2b + sodium citrate (VTM),20130627
527671,acetylcysteine + tuaminoheptane (VTM),20130914
872639,aciclovir (VTM),20141214
220322,acipimox (VTM),20130627
387982,acitretin (VTM),20130805
1304920,acotiamide hydrochloride hydrate (VTM),20240817
953459,acriflavinium chloride (VTM),20150716
890557,acriflavinium chloride + brilliant green + gentian violet (VTM),20150202
756312,activated charcoal (VTM),20140407
888090,activated charcoal + belladonna dry extract + magnesium hydroxide (VTM),20150202
742658,activated charcoal + belladonna dry extract + magnesium hydroxide + peppermint oil (VTM),20140304
744661,activated charcoal + diastase + extract of gentian + ginger oleoresin + pancreatin + papain + pepsin A + thiamine (VTM),20140304
1043534,activated charcoal + peppermint oil + sodium bicarbonate (VTM),20181129
904655,activated charcoal + sodium bicarbonate (VTM),20150228
220333,"activated protein c, recombinant human (VTM)",20130627
220346,adalimumab (VTM),20130627
487127,adapalene (VTM),20130830
656970,adapalene + benzoyl peroxide (VTM),20131102
646499,adefovir dipivoxil (VTM),20131005
536896,adenosine (VTM),20131005
425302,aescin (VTM),20130805
649221,aescin + diethylamine salicylate (VTM),20131005
322757,aescin + epl substance + rutin (VTM),20130805
692855,aesculin + cinchocaine + framycetin sulfate + hydrocortisone (VTM),20161017
887374,afatinib (VTM),20150202
824626,aflibercept (VTM),20140721
1303411,agalsidase alfa (VTM),20240802
719228,agalsidase beta (VTM),20140118
470027,agomelatine (VTM),20130805
854423,alanine + arginine + aspartic acid + glutamic acid + histidine + isoleucine + leucine + lysine acetate + methionine + phenylalanine + proline + serine + threonine + tryptophan + valine (VTM),20141004
805278,alanine + glutamine (VTM),20140602
227330,albendazole (VTM),20130805
750202,albumin + phenol (VTM),20140324
864398,alcaftadine (VTM),20141123
879216,alcohol (VTM),20150105
762480,alcohol + amyl acetate + castor oil + saccharin (VTM),20140407
843920,alcohol + camphor + capsicum tincture + compound cardamom tincture + strong ginger tincture (VTM),20140901
934704,alcohol + iodine + potassium iodide (VTM),20150503
934758,alcohol + peppermint spirit + sodium nitrate (VTM),20150503
1016307,alectinib (VTM),20170929
1043677,alemtuzumab (VTM),20181129
220351,alendronic acid (VTM),20130627
220367,alendronic acid + calcitriol (VTM),20130627
220379,alendronic acid + colecalciferol (VTM),20130627
235898,alfacalcidol (VTM),20130805
652022,alfuzosin hydrochloride (VTM),20131005
220380,alginic acid + dried aluminium hydroxide gel + magnesium carbonate (VTM),20130627
1187853,alginic acid + dried aluminum hydroxide gel + magnesium carbonate (VTM),20210429
719341,alglucosidase alfa (VTM),20140118
1026013,alirocumab (VTM),20180315
220398,aliskiren (VTM),20130627
220403,aliskiren + amlodipine (VTM),20130627
220419,aliskiren + hydrochlorothiazide (VTM),20130627
794953,alkyl ether sulfate + makon OP-9 + phospholipid-PTC + syloid 244 (VTM),20140519
874947,allergen extract bermuda (VTM),20141214
875086,allergen extract carelessweed (VTM),20141214
875157,allergen extract cat pelt (VTM),20141214
934988,allergen extract cockroach (VTM),20150503
912453,allergen extract d.farinac (VTM),20150314
912521,allergen extract d.pteronyssinus (VTM),20150314
875368,allergen extract fire ant (VTM),20141214
875220,allergen extract honey bee (VTM),20141214
875017,allergen extract johnson grass (VTM),20141214
874877,allergen extract mixed cockroach (VTM),20141214
874808,allergen extract mixed mite (VTM),20141214
875296,allergen extract mixed vespid (VTM),20141214
874733,allergen extract standardized mite (VTM),20141214
943185,allergen mixed vespid (VTM),20150515
943222,allergen yellow hornet (VTM),20150515
234071,allopurinol (VTM),20130805
234984,allopurinol + benzbromarone (VTM),20130805
683680,almitrine (VTM),20140104
645319,almitrine dimesilate + raubasine (VTM),20131005
943354,almond oil (VTM),20150515
842738,aloe + benzoin + storax + tolu balsam (VTM),20140901
780782,aloe vera (VTM),20140420
1000309,alogliptin (VTM),20161215
958551,alogliptin + pioglitazone (VTM),20150910
1175991,alpelisib (VTM),20210211
859439,alpha tocopherol acetate + ascorbic acid + calcium pantothenate + cyanocobalamin + ergocalciferol + folic acid + nicotinamide + pyridoxine hydrochloride + retinol + riboflavin + thiamine (VTM),20141019
913269,alpha tocopherol acetate + methyltestosterone (VTM),20150314
233081,alprazolam (VTM),20130805
799582,alprostadil (VTM),20140519
654703,alteplase (VTM),20131102
220426,altretamine (VTM),20130627
900006,aluminium acetate (VTM),20150218
880955,aluminium chloride (VTM),20150119
835391,aluminium chloride hexahydrate (VTM),20140803
1019857,aluminium chloride hexahydrate + hydroxyquinoline sulfate (VTM),20171202
709283,aluminium hydroxide (VTM),20140118
756090,aluminium hydroxide + atropine sulfate + kaolin + magnesium trisilicate (VTM),20140407
1032321,aluminium hydroxide + atropine sulfate + magnesium hydroxide (VTM),20180601
871242,aluminium hydroxide + belladonna extract + magnesium trisilicate (VTM),20141129
850211,aluminium hydroxide + cuttle fish bone (VTM),20140914
855219,aluminium hydroxide + cuttle fish bone + glycyrrhiza + peppermint oil (VTM),20141019
771402,aluminium hydroxide + diphenhydramine hydrochloride + lidocaine (VTM),20140407
643038,aluminium hydroxide + kaolin + magnesium trisilicate (VTM),20131005
709220,aluminium hydroxide + magnesium hydroxide (VTM),20140118
786756,aluminium hydroxide + magnesium hydroxide + magnesium trisilicate (VTM),20140504
738128,aluminium hydroxide + magnesium hydroxide + magnesium trisilicate + simeticone (VTM),20140214
689860,aluminium hydroxide + magnesium hydroxide + simeticone (VTM),20140104
740576,aluminium hydroxide + magnesium trisilicate (VTM),20140304
757114,aluminium hydroxide + magnesium trisilicate + peppermint oil (VTM),20140407
877169,aluminium hydroxide + magnesium trisilicate + simeticone (VTM),20150105
958215,aluminium hydroxide-magnesium carbonate co-dried gel + dicycloverine hydrochloride + simeticone (VTM),20150906
220435,aluminium sodium silicate + bismuth subnitrate + glycyrrhiza + sodium sulfate (VTM),20130627
915146,aluminium subacetate (VTM),20150314
869203,aluminum hydroxide + calcium carbonate + cinnamon oil + clove oil + diastase + fennel oil + levomenthol + mamylase + scopolia extract + sodium bicarbonate + thiamine mononitrate (VTM),20141123
975643,aluminum hydroxide + magnesium hydroxide (VTM),20160305
838598,alverine citrate + simeticone (VTM),20140817
1285880,amantadine hydrochloride (VTM),20231013
1294652,amaranthus hybridus allergen extract (VTM),20240328
683755,ambrisentan (VTM),20140104
237552,ambroxol hydrochloride (VTM),20130805
1293748,american cockroach (periplaneta americana) allergen extract (VTM),20240328
813685,amfenac (VTM),20140616
220442,amfenac sodium (VTM),20130627
719413,amifostine (VTM),20140118
537329,amikacin (VTM),20131005
1101163,amikacin sulfate (VTM),20190302
378581,amiloride hydrochloride (VTM),20130805
238471,amiloride hydrochloride + hydrochlorothiazide (VTM),20130805
379619,amiloride hydrochloride + hydrochlorothiazide + timolol (VTM),20130805
795297,aminacrine hydrochloride + cetrimide (VTM),20140519
1276441,amino acid + calcium + destrose + heparin (VTM),20230715
1026565,amino acid + calcium gluconate + dextrose (VTM),20180315
676910,amino acids (VTM),20140104
1308249,amino acids + calcium gluconate + dextrose + dipotassium phosphate + heparin + magnesium sulfate + potassium chloride + sodium acetate + sodium chloride + trace element + water soluble multivitamins + zinc sulfate (VTM),20240913
1164410,amino acids + calcium gluconate + dextrose + heparin (VTM),20201016
677262,amino acids + carbohydrates + minerals + multivitamins (VTM),20140104
730288,amino acids + dextrose (VTM),20140202
1220988,amino acids + dextrose + electrolytes + lipids (VTM),20220113
989046,amino acids + dextrose + electrolytes + multivitamins (VTM),20160703
981012,amino acids + dextrose + lipids (VTM),20160417
675515,amino acids + multivitamins (VTM),20140104
719484,aminolevulinic acid (VTM),20140118
238655,aminophylline (VTM),20130805
251024,aminophylline + chlorphenamine maleate + methoxyphenamine + noscapine (VTM),20130805
826714,aminosalicylic acid (VTM),20140721
1013219,amiodarone hydrochloride (VTM),20170902
765226,amiodarone hydrochloride + propofol (VTM),20140407
683874,amisulpride (VTM),20140104
238906,amitriptyline hydrochloride (VTM),20130805
247652,amitriptyline hydrochloride + perphenazine (VTM),20130805
1289972,amivantamab (VTM),20231228
220457,amlodipine (VTM),20130627
220461,amlodipine + atorvastatin (VTM),20130627
732209,amlodipine + benazepril (VTM),20140202
730843,amlodipine + benazepril hydrochloride (VTM),20140202
991588,amlodipine + bisoprolol fumarate (VTM),20160731
954152,amlodipine + candesartan cilexetil (VTM),20150716
220474,amlodipine + hydrochlorothiazide + valsartan (VTM),20130627
1027997,amlodipine + indapamide + perindopril arginine (VTM),20180505
958227,amlodipine + losartan potassium (VTM),20150906
220488,amlodipine + olmesartan medoxomil (VTM),20130627
958236,amlodipine + perindopril arginine (VTM),20150906
220490,amlodipine + telmisartan (VTM),20130627
220501,amlodipine + valsartan (VTM),20130627
900204,ammonia (VTM),20150218
782180,ammonia + ammonium bicarbonate (VTM),20140504
939232,ammonia solution (VTM),20150503
608999,ammonium bicarbonate + dextromethorphan hydrobromide + glycyrrhiza + ipecacuanha (VTM),20141013
932676,ammonium carbonate (VTM),20150418
987105,ammonium carbonate + camphorated opium tincture + glycyrrhiza + squill tincture (VTM),20160605
531466,ammonium carbonate + camphorated opium tincture + senega tincture + squill tincture (VTM),20130914
936343,ammonium carbonate + camphorated opium tincture + squill tincture (VTM),20150503
611922,ammonium carbonate + diphenhydramine hydrochloride (VTM),20131005
810995,ammonium carbonate + glycyrrhiza (VTM),20141012
936273,ammonium carbonate + glycyrrhiza + ipecacuanha (VTM),20150503
949418,ammonium carbonate + glycyrrhiza + senega tincture + squill tincture (VTM),20150614
946522,ammonium carbonate + ipecacuanha + senega tincture (VTM),20150601
916020,ammonium carbonate + liquorice (VTM),20150316
985027,ammonium carbonate + potassium nitrate (VTM),20160515
950350,ammonium carbonate + senega tincture (VTM),20150614
929342,ammonium carbonate + squill tincture (VTM),20150404
934053,ammonium carbonate + strong ammonia solution (VTM),20150503
704885,ammonium carbonate and senega (1/2) mixture (VTM),20140118
704956,ammonium carbonate and senega (1/3) mixture (VTM),20140118
705024,ammonium carbonate and senega (1/4) mixture (VTM),20140118
704816,ammonium carbonate and senega mixture (VTM),20140118
967386,ammonium chloride + brompheniramine maleate + dextromethorphan hydrobromide + phenylephrine hydrochloride (VTM),20160104
967393,ammonium chloride + brompheniramine maleate + guaifenesin + paracetamol + phenylephrine hydrochloride (VTM),20160104
609371,ammonium chloride + calcium pantothenate + dextromethorphan hydrobromide (VTM),20131005
860549,ammonium chloride + chlorphenamine maleate (VTM),20141102
604426,ammonium chloride + chlorphenamine maleate + dextromethorphan hydrobromide (VTM),20131005
604720,ammonium chloride + chlorphenamine maleate + dextromethorphan hydrobromide + glycyrrhiza (VTM),20131005
605753,ammonium chloride + chlorphenamine maleate + dextromethorphan hydrobromide + phenylpropanolamine (VTM),20131005
604777,ammonium chloride + chlorphenamine maleate + dextromethorphan hydrobromide + potassium guaiacolsulfonate (VTM),20131005
606377,ammonium chloride + chlorphenamine maleate + dextromethorphan hydrobromide + pseudoephedrine hydrochloride (VTM),20131005
603624,ammonium chloride + chlorphenamine maleate + guaifenesin (VTM),20131005
967408,ammonium chloride + chlorphenamine maleate + phenylephrine hydrochloride + sodium citrate (VTM),20160104
603047,ammonium chloride + chlorphenamine maleate + potassium guaiacolsulfonate (VTM),20131005
932243,ammonium chloride + chlorphenamine maleate + sodium citrate (VTM),20150418
612286,ammonium chloride + codeine phosphate + diphenhydramine hydrochloride (VTM),20131005
625720,ammonium chloride + cyproheptadine + paracetamol + sodium citrate (VTM),20131005
609079,ammonium chloride + dextromethorphan hydrobromide (VTM),20131005
614195,ammonium chloride + dextromethorphan hydrobromide + diphenhydramine hydrochloride (VTM),20131005
967412,ammonium chloride + dextromethorphan hydrobromide + diphenhydramine hydrochloride + phenylephrine hydrochloride (VTM),20160104
610063,ammonium chloride + dextromethorphan hydrobromide + panthenol (VTM),20131005
896480,ammonium chloride + dextromethorphan hydrobromide + tr.senega b.p.c. (VTM),20150218
955857,ammonium chloride + diphenhydramine hydrochloride (VTM),20150805
614512,ammonium chloride + diphenhydramine hydrochloride + ipecacuanha + potassium citrate (VTM),20141013
611980,ammonium chloride + diphenhydramine hydrochloride + sodium citrate (VTM),20131005
1242201,ammonium chloride + diphenhydramine hydrochloride + sodium citrate dihydrate (VTM),20220915
802730,ammonium chloride + glycyrrhiza + guaifenesin + squill tincture (VTM),20140602
693245,ammonium chloride + guaifenesin (VTM),20140118
728576,ammonium chloride + sodium citrate (VTM),20140118
855993,ammonium molybdate + ascorbic acid + calcium lactate + calcium phosphate + colecalciferol + ferrous gluconate + menadiol sodium diphosphate + nicotinamide + riboflavin + thiamine hydrochloride (VTM),20141019
812034,ammonium molybdate + ascorbic acid + calcium lactate + colecalciferol + dicalcium phosphate + ferrous fumarate + menaphthone sodium bisulfite + nicotinamide + pyridoxine hydrochloride + riboflavin + thiamine mononitrate (VTM),20140616
830321,ammonium molybdate + calciferol + calcium lactate + ferrous fumarate + folic acid + menadione + nicotinamide + riboflavin + thiamine (VTM),20140803
236832,amobarbital + chlorpromazine hydrochloride (VTM),20130805
692990,amorolfine (VTM),20140104
226465,amoxicillin (VTM),20130805
229101,amoxicillin + clavulanic acid (VTM),20130805
271464,amoxicillin + dicloxacillin (VTM),20130805
463101,amoxicillin + sulbactam (VTM),20130805
655114,amphotericin b (VTM),20131102
1017081,amphotericin b + dimethyl sulfoxide (VTM),20171012
1011990,amphotericin b + liposomal agent (VTM),20170806
238395,ampicillin (VTM),20130805
242528,ampicillin + cloxacillin (VTM),20130805
410478,ampicillin + lysozyme hydrochloride (VTM),20130805
540270,ampicillin + sulbactam (VTM),20131005
732094,amylmetacresol + ascorbic acid + dichlorobenzyl alcohol (VTM),20140202
731698,amylmetacresol + dichlorobenzyl alcohol (VTM),20140202
732025,amylmetacresol + dichlorobenzyl alcohol + lidocaine hydrochloride (VTM),20140202
958386,amylocaine hydrochloride + bacitracin + neomycin (VTM),20150910
748933,amylocaine hydrochloride + bacitracin + neomycin sulfate (VTM),20140324
220529,anagrelide (VTM),20130627
220538,anastrozole (VTM),20130627
832886,androstenediol + androstenedione + estrone + pregnenolone + testosterone + thyroid extract (VTM),20140803
854963,anethole + borneol + camphene + cineole + fenchone + pinene alpha + pinene beta (VTM),20141014
776130,anhydrous lanolin + mineral oil + white petrolatum (VTM),20140420
719552,anidulafungin (VTM),20140118
1021172,anise oil + calcium carbonate + cinnamon oil + clove oil + diastase + ginger oil + menthol + scopolia extract + sodium bicarbonate + thiamine mononitrate (VTM),20171213
784152,anise oil + calcium carbonate + cinnamon oil + clove oil + diastase + magnesium aluminometasilicate + orange oil + sodium bicarbonate (VTM),20140504
777211,anise oil + calcium carbonate + cinnamon oil + clove oil + diastase + menthol + oil of ginger + scopolia extract + sodium bicarbonate + thiamine mononitrate (VTM),20140420
955452,anise oil + caraway oil + cardamom oil + catnep + fennel oil + sodium bicarbonate (VTM),20150805
932551,anise oil + ginger tincture + sodium bicarbonate (VTM),20150418
852632,anise oil + menthol + phenyl salicylate (VTM),20141004
960134,anise oil + menthol + salol (VTM),20150922
528892,antazoline hydrochloride + tetryzoline hydrochloride (VTM),20130914
731078,anti-D (rh) immunoglobulin (VTM),20140202
1170377,antigen of human papillomavirus 11 + antigen of human papillomavirus 16 + antigen of human papillomavirus 18 + antigen of human papillomavirus 31 + antigen of human papillomavirus 33 + antigen of human papillomavirus 45 + antigen of human papillomavirus 52 + antigen of human papillomavirus 58 + antigen of human papillomavirus 6 (VTM),20201217
1032977,antigen of human papillomavirus 11 + antigen of human papillomavirus 16 + antigen of human papillomavirus 18 + antigen of human papillomavirus 6 (VTM),20180616
1032996,antigen of human papillomavirus 16 + antigen of human papillomavirus 18 (VTM),20180616
802642,antimony potassium tartrate + camphorated opium tincture + glycyrrhiza (VTM),20140602
531683,antimony potassium tartrate + camphorated opium tincture + liquorice (VTM),20130914
1130756,apalutamide (VTM),20191115
672059,apixaban (VTM),20131215
793287,apomorphine hydrochloride (VTM),20140519
321070,aprepitant (VTM),20130805
726095,aprotinin + calcium chloride + human fibrinogen + thrombin (VTM),20140118
1031579,aprotinin + calcium chloride dihydrate + human fibrinogen + thrombin (VTM),20180601
847976,arachis oil (VTM),20140914
974998,arginine (VTM),20160214
227492,aripiprazole (VTM),20130805
1161644,armodafinil (VTM),20200920
933933,aromatic ammonia spirit + compound gentian tincture + potassium iodide (VTM),20150503
220540,arsenic trioxide (VTM),20130627
732459,artemether + lumefantrine (VTM),20140202
249792,artesunate (VTM),20130805
944622,artesunate + mefloquine (VTM),20150601
1120306,artesunate + pyronaridine tetraphosphate (VTM),20190714
540973,articaine + epinephrine (VTM),20131005
1012461,articaine hydrochloride + epinephrine (VTM),20170806
709922,artificial saliva solution (VTM),20140118
1309084,AS01B adjuvant (VTM),20241005
1305401,AS01E adjuvant (VTM),20240817
487307,asafoetida (VTM),20130830
785032,asafoetida + capsicum + cascara extract + diastase + ginger + nux vomica extract (VTM),20140504
665103,ascorbic acid (VTM),20131116
797652,ascorbic acid + biotin + calcium + colecalciferol + copper sulfate + cyanocobalamin + folic acid + ginseng extract + iron + lecithin + magnesium + manganese + nicotinamide + pyridoxine + retinol + riboflavin + selenium + thiamine + tocopherol + zinc (VTM),20140519
267848,ascorbic acid + brompheniramine maleate (VTM),20130805
886795,ascorbic acid + calciferol + calcium pantothenate + calcium phosphate + cyanocobalamin + ferrous fumarate + folic acid + nicotinamide + potassium iodide + pyridoxine + retinol + riboflavin + thiamine + tocopherol (VTM),20150202
757356,ascorbic acid + calciferol + calcium pantothenate + calcium phosphate + cyanocobalamin + ferrous fumarate + folic acid + nicotinic acid + potassium iodide + pyridoxine + retinol + riboflavin + thiamine + tocopherol (VTM),20140407
220731,ascorbic acid + calcium + chondroitin sulfate + glucosamine sulfate (VTM),20130627
726677,ascorbic acid + calcium carbonate + calcium lactate gluconate (VTM),20140118
781658,ascorbic acid + calcium carbonate + calcium pantothenate + colecalciferol + copper sulfate + cyanocobalamin + ferrous fumarate + folic acid + magnesium oxide + manganese sulfate + nicotinamide + potassium iodide + pyridoxine hydrochloride + retinol + riboflavin + sodium fluoride + thiamine hydrochloride (VTM),20140420
744015,ascorbic acid + calcium carbonate + citric acid + colecalciferol + pyridoxine (VTM),20140304
735269,ascorbic acid + calcium carbonate + colecalciferol + pyridoxine (VTM),20200131
678616,ascorbic acid + calcium d-pantothenate + cyanocobalamin + d-alpha tocopherol + folic acid + niacinamide + pyridoxine hydrochloride + riboflavin + thiamine mononitrate + zinc sulfate (VTM),20140104
789365,ascorbic acid + calcium lactate + calcium pantothenate + colecalciferol + copper + cyanocobalamin + ferrous fumarate + folic acid + iodine + nicotinamide + pyridoxine + retinol + riboflavin + sodium fluoride + thiamine mononitrate (VTM),20140504
994623,ascorbic acid + calcium lactate + colecalciferol + ferrous gluconate + nicotinamide + riboflavin + thiamine hydrochloride + tribasic calcium phosphate (VTM),20161117
859091,ascorbic acid + calcium lactate + cyanocobalamin + ergocalciferol + ferrous fumarate + folic acid + nicotinamide + pyridoxine + riboflavin + thiamine (VTM),20141019
930128,ascorbic acid + calcium lactate + ferrous fumarate + rutoside (VTM),20150418
765469,ascorbic acid + calcium pantothenate + calcium phosphate + ferrous fumarate + folic acid + nicotinamide + sodium fluoride + vitamin A + vitamin B1 + vitamin B12 + vitamin B2 + vitamin B6 + vitamin D3 + vitamin E (VTM),20140407
755996,ascorbic acid + calcium pantothenate + cyanocobalamin + d-alpha tocopherol + ergocalciferol + folic acid + nicotinamide + pyridoxine hydrochloride + riboflavin + thiamine mononitrate + vitamin A acetate (VTM),20140407
775678,ascorbic acid + calcium phosphate + colecalciferol + copper sulfate + cyanocobalamin + dexpanthenol + ferrous fumarate + folic acid + magnesium oxide + magnesium sulfate + nicotinamide + potassium iodide + pyridoxine + retinol + riboflavin + thiamine + tocopherol + zinc sulfate (VTM),20140407
1018713,ascorbic acid + calcium phosphate + cyanocobalamin + ferrous fumarate + folic acid + nicotinamide + potassium iodide + riboflavin + thiamine mononitrate (VTM),20171116
770866,ascorbic acid + calcium phosphate + cyanocobalamin + ferrous fumarate + folic acid + nicotinamide + riboflavin + thiamine (VTM),20140407
830223,ascorbic acid + calcium phosphate + cyanocobalamin + ferrous fumarate + folic acid + nicotinic acid + riboflavin + thiamine (VTM),20140803
788068,ascorbic acid + carotenoid + copper sulfate + tocopherol + zinc oxide (VTM),20140504
281366,ascorbic acid + chlorphenamine maleate (VTM),20130805
622780,ascorbic acid + chlorphenamine maleate + paracetamol (VTM),20131005
958166,ascorbic acid + citrus bioflavonoids extract + hesperidin + malpighia punicifolia extract + rosa canina extract + rutin (VTM),20150818
877520,ascorbic acid + cobalt sulfate + copper sulfate + cyanocobalamin + ferrous fumarate + folic acid (VTM),20150105
851231,ascorbic acid + cobalt sulphate + copper sulfate + cyanocobalamin + dicalcium phosphate + ferrous sulfate + magnesium sulfate + manganese sulfate + nicotinamide + retinol + riboflavin + thiamine (VTM),20141012
748709,ascorbic acid + colecalciferol + cyanocobalamin + nicotinamide + pyridoxine hydrochloride + retinol + riboflavin + thiamine hydrochloride (VTM),20140324
679294,ascorbic acid + colecalciferol + d-alpha tocopherol + thiamine (VTM),20140104
940823,ascorbic acid + colecalciferol + lysine hydrochloride + nicotinamide + pyridoxine hydrochloride + retinol + riboflavin + thiamine hydrochloride (VTM),20150515
787296,ascorbic acid + colecalciferol + nicotinamide + retinol + riboflavin + thiamine (VTM),20140504
1199390,ascorbic acid + colecalciferol + nicotinamide + retinol + riboflavin + thiamine hydrochloride (VTM),20210813
1237966,ascorbic acid + colecalciferol + nicotinamide + retinyl acetate + riboflavin + thiamine mononitrate (VTM),20220618
967505,ascorbic acid + colecalciferol + pyridoxine hydrochloride (VTM),20160104
819250,ascorbic acid + copper + retinol + tocopherol + zinc (VTM),20140705
1042073,ascorbic acid + copper + tocopherol + zinc (VTM),20181103
910250,ascorbic acid + copper sulfate + cyanocobalamin + ferrous fumarate + folic acid + pyridoxine (VTM),20150228
693854,ascorbic acid + copper sulfate + d-alpha tocopherol + natural mixed carotenoids + zinc oxide (VTM),20140118
994337,ascorbic acid + cyanocobalamin + ferrous fumarate + folic acid + nicotinic acid + riboflavin + thiamine hydrochloride + tribasic calcium phosphate (VTM),20161117
860959,ascorbic acid + cyanocobalamin + ferrous fumarate + folic acid + riboflavin (VTM),20141102
989154,ascorbic acid + cyanocobalamin + nicotinamide + pyridoxine hydrochloride + riboflavin + thiamine hydrochloride (VTM),20160703
845291,ascorbic acid + cyanocobalamin + pyridoxine + riboflavin + thiamine (VTM),20140914
818112,ascorbic acid + dequalinium chloride (VTM),20140705
910812,ascorbic acid + dextrose monohydrate + nicotinamide + panthenol + pyridoxine + riboflavin + thiamine (VTM),20150228
760118,ascorbic acid + dry ruscus extract in sterolic heterosides + hesperidin methyl chalcone (VTM),20140407
1220151,ascorbic acid + ergocalciferol + niacinamide + pyridoxine hydrochloride + retinol + riboflavin + thiamine hydrochloride (VTM),20211230
858198,ascorbic acid + ergocalciferol + nicotinamide + retinol + riboflavin + thiamine (VTM),20141019
1030608,ascorbic acid + glycerol (VTM),20180518
732601,ascorbic acid + hesperidin methyl chalcone + root extract of the ruscus aculeatus plant (VTM),20140202
743675,ascorbic acid + sodium ascorbate (VTM),20140304
678055,ascorbic acid + zinc (VTM),20140104
520384,asparaginase (VTM),20130914
828040,aspartame (VTM),20140721
226166,aspirin (VTM),20130713
461714,aspirin + caffeine + paracetamol (VTM),20130805
220555,aspirin + clopidogrel (VTM),20130627
220564,aspirin + dipyridamole (VTM),20130627
541509,aspirin + sodium bicarbonate (VTM),20131005
426342,atazanavir (VTM),20130805
246283,atenolol (VTM),20130805
454306,atenolol + chlortalidone (VTM),20130805
1013392,atezolizumab (VTM),20170902
650284,atomoxetine (VTM),20131005
693906,atorvastatin (VTM),20140118
1119552,atorvastatin + ezetimibe (VTM),20190714
840869,atosiban (VTM),20140817
732693,atovaquone + proguanil hydrochloride (VTM),20140202
769015,atracurium besilate (VTM),20140407
658651,atropine sulfate (VTM),20131102
531069,atropine sulfate + diphenoxylate hydrochloride (VTM),20141007
1121831,autologous platelet-rich plasma (VTM),20190803
1133575,avibactam + ceftazidime (VTM),20191212
907971,axitinib (VTM),20150228
220586,azacitidine (VTM),20130627
648938,azapropazone (VTM),20131005
220593,azathioprine (VTM),20130627
649751,azelaic acid (VTM),20131005
1012932,azelastine hydrochloride + fluticasone propionate (VTM),20170819
484646,azilsartan medoxomil (VTM),20130805
693975,azilsartan medoxomil + chlortalidone (VTM),20140118
256266,azithromycin (VTM),20130805
1024581,bacillus clausii (VTM),20180215
672488,"bacillus of calmette and guerin, live attenuated (VTM)",20131215
514346,bacitracin + clioquinol + neomycin (VTM),20130830
1157421,bacitracin + clioquinol + neomycin sulfate (VTM),20200814
514160,bacitracin + neomycin (VTM),20130830
1157409,bacitracin zinc + neomycin (VTM),20200814
514442,bacitracin zinc + neomycin + polymyxin b sulfate (VTM),20130830
748142,bacitracin zinc + neomycin sulfate (VTM),20140324
248461,baclofen (VTM),20130805
1043974,bacterial lysate (VTM),20181129
730702,balanced and isotonic ringer's acetate (VTM),20141007
1122009,baloxavir marboxil (VTM),20190803
643489,bambuterol hydrochloride (VTM),20131005
770003,banded krait antivenin (VTM),20140407
784511,baptisia + echinacea + thuja occidentalis (VTM),20140504
1112953,baricitinib (VTM),20190516
719649,barium sulfate (VTM),20140118
220615,barnidipine hydrochloride (VTM),20130627
220627,basiliximab (VTM),20130627
220636,BCG vaccine (VTM),20130627
994827,BDDE-crosslinked sodium hyaluronate (VTM),20161003
719715,beclometasone dipropionate (VTM),20141012
730363,beclometasone dipropionate + formoterol fumarate dihydrate (VTM),20140202
881596,beclometasone dipropionate + salbutamol (VTM),20150119
1136571,bedaquiline (VTM),20200213
934677,bees wax + mineral oil + sulfur + white petrolatum (VTM),20150503
886585,belimumab (VTM),20150202
782612,belladonna + charcoal + magnesium hydroxide + peppermint oil (VTM),20140504
793050,belladonna + creosote + menthol + phenyl salicylate (VTM),20140519
867926,belladonna + dihydroxyaluminium aminoacetate (VTM),20141123
533634,belladonna dry extract + ergotamine tartrate + phenobarbitone (VTM),20130914
946973,belladonna extract (VTM),20150601
1121330,bemiparin sodium (VTM),20190803
1305878,bempedoic acid (VTM),20240831
1307215,bempedoic acid + ezetimibe (VTM),20240831
957055,bendamustine hydrochloride (VTM),20150817
1053613,benfotiamine (VTM),20190216
1124702,benralizumab (VTM),20190913
273754,benserazide + levodopa (VTM),20130805
949500,bentonite (VTM),20150614
709352,bentonite magma suspension (VTM),20140118
821886,benzalkonium chloride (VTM),20140705
351219,benzalkonium chloride + benzocaine + tyrothricin (VTM),20130805
756602,benzalkonium chloride + cetrimide (VTM),20140407
662845,benzalkonium chloride + dexamethasone (VTM),20131102
335056,benzalkonium chloride + diiodohydroxyquinoline + nystatin (VTM),20130805
735658,benzalkonium chloride + ethyl alcohol (VTM),20140214
946939,benzalkonium chloride + glycerol + lidocaine (VTM),20150601
1006566,benzalkonium chloride + glycerol + lidocaine hydrochloride (VTM),20170329
961631,benzalkonium chloride + lidocaine hydrochloride (VTM),20151018
662775,benzalkonium chloride + loteprednol (VTM),20131102
821736,benzalkonium chloride + menthol (VTM),20140705
660816,benzathine benzylpenicillin (VTM),20131102
803819,benzatropine mesilate (VTM),20140602
260089,benzbromarone (VTM),20130805
351288,benzethonium chloride + benzocaine + tyrothricin (VTM),20130805
754796,benzethonium chloride + tyrothricin (VTM),20140407
487588,benzocaine (VTM),20130830
499937,benzocaine + diphenhydramine hydrochloride (VTM),20130830
1154517,benzocaine + hydrocortisone acetate + zinc oxide (VTM),20200801
842294,benzocaine + tetracaine hydrochloride (VTM),20140817
269233,benzocaine + tyrothricin (VTM),20130805
705631,benzoic acid + salicylic acid (VTM),20140118
728451,benzoic acid + salicylic acid + zinc oxide (VTM),20140118
971225,benzoin (VTM),20160117
946624,benzoin + eucalyptus oil + menthol (VTM),20150601
947002,benzoin tincture (VTM),20150601
986365,benzoin tincture + eucalyptus oil + menthol (VTM),20160605
788726,benzoin tincture + podophyllum resin (VTM),20140504
643766,benzoyl peroxide (VTM),20131005
654243,benzoyl peroxide + clindamycin (VTM),20131102
645031,benzydamine hydrochloride (VTM),20131005
644167,benzyl alcohol + cetylpyridinium chloride (VTM),20131005
569503,benzyl alcohol + methylprednisolone (VTM),20131005
702891,benzyl benzoate (VTM),20140118
666875,benzylpenicillin (VTM),20131130
579269,benzylpenicillin procaine + benzylpenicillin sodium + streptomycin (VTM),20131005
790387,beractant (VTM),20140504
220643,beraprost sodium (VTM),20130627
930354,bergamot oil + lavender oil + lemon oil + menthol + methyl salicylate + orange oil + pine needle oil + rosemary oil + terpineol + terpinyl acetate (VTM),20150418
1040300,beroctocog alfa (VTM),20181010
652794,besifloxacin (VTM),20131005
962187,betahistine dihydrochloride (VTM),20151102
962474,betahistine mesilate (VTM),20151115
654047,betamethasone (VTM),20131102
491886,betamethasone + calcipotriol (VTM),20130830
487798,betamethasone + clioquinol (VTM),20130830
488285,betamethasone + clioquinol + gentamicin + tolnaftate (VTM),20130830
497598,betamethasone + clotrimazole (VTM),20130830
488394,betamethasone + gentamicin (VTM),20130830
992861,betamethasone + miconazole nitrate (VTM),20160904
488855,betamethasone + neomycin sulfate (VTM),20130830
704121,betamethasone + salicylic acid (VTM),20140118
702149,betamethasone + urea (VTM),20140118
645168,betamethasone dipropionate (VTM),20131005
742875,betamethasone dipropionate + betamethasone sodium phosphate (VTM),20140304
498848,betamethasone dipropionate + clotrimazole (VTM),20130830
1051226,betamethasone dipropionate + clotrimazole + gentamicin (VTM),20190120
813946,betamethasone dipropionate + fusidic acid (VTM),20140616
793992,betamethasone dipropionate + gentamicin (VTM),20140519
645096,betamethasone dipropionate + salicylic acid (VTM),20131005
978074,betamethasone maleate + coal tar (VTM),20160321
978205,betamethasone maleate + coal tar + salicylic acid (VTM),20160321
671715,betamethasone valerate (VTM),20131215
927773,betamethasone valerate + clioquinol (VTM),20150404
1039904,betamethasone valerate + clotrimazole (VTM),20180926
1051578,betamethasone valerate + clotrimazole + neomycin sulfate (VTM),20190120
892675,betamethasone valerate + coal tar (VTM),20150202
771977,betamethasone valerate + crude coal tar (VTM),20140407
797328,betamethasone valerate + fusidic acid (VTM),20140519
987285,betamethasone valerate + hydroquinone + tretinoin (VTM),20160605
758324,betamethasone valerate + neomycin sulfate (VTM),20140407
823411,betamethasone valerate + salicylic acid (VTM),20140721
987263,betamethasone valerate + tretinoin (VTM),20160605
893139,betamethasone valerate + urea (VTM),20150202
1150176,betamethasone varelate + salicylic acid (VTM),20200705
1323204,betamethasone varelate + urea (VTM),20250215
855532,beta-sitosterol (VTM),20141019
1002631,betaxolol (VTM),20170204
354250,betaxolol hydrochloride (VTM),20130805
684214,bethanechol chloride (VTM),20140104
541725,bevacizumab (VTM),20131005
220658,bezafibrate (VTM),20130627
719838,biapenem (VTM),20140118
220662,bicalutamide (VTM),20130627
1159080,bictegravir + emtricitabine + tenofovir alafenamide (VTM),20200904
647028,bifidobacterium biphidum + lactobacillus acidophilus agent (VTM),20131005
1005225,bifonazole (VTM),20170316
954771,bilastine (VTM),20150805
525861,bimatoprost (VTM),20130914
526668,bimatoprost + timolol (VTM),20130914
263376,biotin (VTM),20130805
799342,biotin + calcium + colecalciferol + copper + cyanocobalamin + folic acid + ginseng extract + iron + magnesium + nicotinamide + pyridoxine hydrochloride + riboflavin + selenium + thiamine mononitrate + tocopherol + zinc (VTM),20140519
1131336,biotin + calcium pantothenate + choline bitartrate + cyanocobalamin + folic acid + inositol + nicotinamide + pyridoxine hydrochloride + riboflavin + thiamine (VTM),20191115
903548,biotin + calcium pantothenate + cyanocobalamin + folic acid + nicotinamide + pyridoxine + riboflavin + thiamine (VTM),20150228
259826,bisacodyl (VTM),20130805
279556,bisacodyl + docusate sodium (VTM),20130805
361710,bisacodyl + phenolphthalein (VTM),20130805
929405,bismuth carbonate + compound cardamom tincture + sodium bicarbonate (VTM),20150404
490666,bismuth oxide + bismuth subgallate + zinc oxide (VTM),20130830
832285,bismuth subgallate + bufexamac + lidocaine + titanium dioxide (VTM),20140803
220670,bismuth subsalicylate (VTM),20130627
294158,bisoprolol fumarate (VTM),20130805
361192,bisoprolol fumarate + hydrochlorothiazide (VTM),20130805
1157484,bleomycin hydrochloride (VTM),20200815
220689,bleomycin sulfate (VTM),20200815
1118397,blinatumomab (VTM),20190628
798028,blood group antibody D (VTM),20140519
694181,boceprevir (VTM),20140118
915292,borax (VTM),20150314
798593,borax + calcium carbonate + colecalciferol + copper sulfate anhydrous + magnesium sulfate + manganese sulfate monohydrate + zinc sulfate (VTM),20140519
1000776,borax + citric acid + resorcinol + salicylic acid + talc + zinc oxide (VTM),20161215
1185596,borax + citric acid + sulfur + zinc oxide + zinc sulfate (VTM),20210331
504273,borax + glycerol (VTM),20141012
935238,borax + glycerol + lidocaine + lidocaine hydrochloride (VTM),20150503
979676,borax + glycerol + lidocaine hydrochloride (VTM),20160404
980596,borax + resorcinol + salicylic acid (VTM),20160404
1040022,borax + resorcinol + salicylic acid + talc + triamcinolone acetonide + zinc oxide (VTM),20180926
914941,borax + resorcinol + salicylic acid + zinc oxide (VTM),20150314
1205436,borax + salicylic acid + talc + zinc oxide (VTM),20211029
896582,borax + salicylic acid + zinc oxide (VTM),20150218
932317,borax + sulfur + zinc oxide + zinc sulfate (VTM),20150418
879665,boric acid (VTM),20150105
988526,boric acid + chlorhexidine gluconate (VTM),20160618
848152,boric acid + chlorobutanol + salicylic acid + sodium borate (VTM),20140914
953330,boric acid + ethyl alcohol (VTM),20150716
912337,boric acid + eucalyptus oil + menthol + methyl salicylate + thymol (VTM),20150314
958291,boric acid + glycerol (VTM),20150906
946669,boric acid + phenol + resorcinol (VTM),20150601
530342,boric acid + phenylephrine hydrochloride (VTM),20130914
843397,boric acid + salicylic acid (VTM),20140901
920432,boric acid + sodium bicarbonate + sodium hypochlorite (VTM),20150404
813502,boric acid + sodium borate (VTM),20140616
820498,boric acid + sodium borate + sodium chloride (VTM),20140705
854959,borneol + camphene + cineole + menthol + menthone + pinene alpha + pinene beta (VTM),20141014
338398,boron + calcium + colecalciferol (VTM),20130805
795638,boron + calcium carbonate + colecalciferol + copper + magnesium + manganese + zinc (VTM),20140519
759033,boron + calcium carbonate + copper + magnesium + manganese + vitamin D3 + zinc (VTM),20140407
220691,bortezomib (VTM),20130627
461459,bosentan (VTM),20130805
729689,botulinum antitoxin type A + botulinum antitoxin type B + botulinum antitoxin type E (VTM),20140118
719926,botulinum toxin type A (VTM),20140118
1294328,brachiaria mutica allergen extract (VTM),20240328
1010110,brentuximab vedotin (VTM),20170616
1320508,bretovameran (VTM),20250118
1155642,brexpiprazole (VTM),20200801
1141534,brigatinib (VTM),20200404
895007,brilliant green + ethyl alcohol + gentian violet (VTM),20150202
951966,brilliant green + gentian violet + proflavine hemisulfate (VTM),20150614
1023072,brimonidine tartrate (VTM),20180202
1002263,brimonidine tartrate + brinzolamide (VTM),20170114
1023086,brimonidine tartrate + timolol (VTM),20180202
525651,brinzolamide (VTM),20130914
522789,brinzolamide + timolol (VTM),20130914
1106020,brodalumab (VTM),20190411
1190105,brolucizumab (VTM),20210513
533385,bromazepam (VTM),20130914
813616,bromfenac sodium hydrate (VTM),20140616
251179,bromhexine hydrochloride (VTM),20130805
965747,bromhexine hydrochloride + brompheniramine maleate + guaifenesin + paracetamol + phenylephrine hydrochloride (VTM),20151222
965752,bromhexine hydrochloride + brompheniramine maleate + guaifenesin + phenylephrine hydrochloride (VTM),20151222
251228,bromhexine hydrochloride + brompheniramine maleate + pseudoephedrine hydrochloride (VTM),20130805
748086,bromhexine hydrochloride + dextromethorphan hydrobromide (VTM),20140324
307001,bromhexine hydrochloride + dextromethorphan hydrobromide + guaifenesin (VTM),20130805
614066,bromhexine hydrochloride + diphenhydramine hydrochloride + guaifenesin (VTM),20131005
794618,bromhexine hydrochloride + guaifenesin (VTM),20140519
591195,bromhexine hydrochloride + potassium guaiacolsulfonate (VTM),20131005
906141,bromocriptine (VTM),20150228
955097,brompheniramine maleate (VTM),20150805
265182,brompheniramine maleate + codeine phosphate + pseudoephedrine hydrochloride (VTM),20130805
593506,brompheniramine maleate + dextromethorphan hydrobromide (VTM),20131005
304054,brompheniramine maleate + dextromethorphan hydrobromide + guaifenesin (VTM),20130805
622311,brompheniramine maleate + dextromethorphan hydrobromide + guaifenesin + paracetamol (VTM),20131005
811563,brompheniramine maleate + dextromethorphan hydrobromide + guaifenesin + terpin hydrate (VTM),20140616
228325,brompheniramine maleate + dextromethorphan hydrobromide + paracetamol (VTM),20130805
596129,brompheniramine maleate + dextromethorphan hydrobromide + pseudoephedrine hydrochloride (VTM),20131005
306815,brompheniramine maleate + dextromethorphan hydrobromide + terpin hydrate (VTM),20130805
965768,brompheniramine maleate + guaifenesin + paracetamol + phenylephrine hydrochloride (VTM),20151222
964091,brompheniramine maleate + guaifenesin + phenylephrine hydrochloride (VTM),20151207
970545,brompheniramine maleate + paracetamol (VTM),20160117
965775,brompheniramine maleate + paracetamol + phenylephrine hydrochloride (VTM),20151222
328550,brompheniramine maleate + paracetamol + phenylephrine hydrochloride + salicylamide (VTM),20130805
261141,brompheniramine maleate + paracetamol + pseudoephedrine hydrochloride (VTM),20130805
864984,brompheniramine maleate + phenylephrine hydrochloride (VTM),20141123
965706,brompheniramine maleate + phenylephrine hydrochloride + phenylpropanolamine (VTM),20151222
267161,brompheniramine maleate + pseudoephedrine hydrochloride (VTM),20130805
269710,budesonide (VTM),20130805
779353,budesonide + formoterol fumarate dihydrate (VTM),20140420
1304117,budesonide + formoterol fumarate dihydrate + glycopyrronium (VTM),20240817
519647,bupivacaine hydrochloride (VTM),20130914
858095,bupivacaine hydrochloride + chlorphenamine maleate (VTM),20141019
1242374,bupivacaine hydrochloride + dextrose (VTM),20220915
1135777,bupivacaine hydrochloride + fentanyl (VTM),20200118
1237085,buprenorphine (VTM),20220602
649143,bupropion hydrochloride (VTM),20131005
1245964,burosumab (VTM),20221104
220708,buserelin acetate (VTM),20130627
220712,busulfan (VTM),20130627
718851,butamirate (VTM),20140118
542687,cabazitaxel (VTM),20131005
1293366,cabergoline (VTM),20240313
1197392,cabozantinib (VTM),20210813
825515,cadexomer iodine (VTM),20140721
934864,caffeine (VTM),20150503
292279,caffeine + chlorphenamine maleate + paracetamol (VTM),20130805
255298,caffeine + ergotamine tartrate (VTM),20130805
469932,caffeine + ergotamine tartrate + paracetamol + prochlorperazine (VTM),20130805
278009,caffeine + metamizole + paracetamol (VTM),20130805
932449,cajuput oil + camphor + eucalyptus oil + eugenol + menthol + methyl salicylate (VTM),20150418
872504,cajuput oil + eucalyptus oil + menthol + methyl salicylate + thymol + zinc oxide (VTM),20141214
879105,calamine (VTM),20150105
500540,calamine + camphor + diphenhydramine hydrochloride (VTM),20130830
1042808,calamine + camphor + diphenhydramine hydrochloride + ethyl alcohol (VTM),20181115
500913,calamine + camphor + diphenhydramine hydrochloride + menthol (VTM),20130830
501560,calamine + camphor + diphenhydramine hydrochloride + menthol + zinc oxide (VTM),20130830
490771,calamine + camphor + menthol (VTM),20130830
491575,calamine + camphor + menthol + phenol + zinc oxide (VTM),20130830
494004,calamine + chlorphenamine maleate + zinc oxide (VTM),20130830
748443,calamine + diphenhydramine hydrochloride (VTM),20140324
500966,calamine + diphenhydramine hydrochloride + zinc oxide (VTM),20130830
985101,calamine + menthol + zinc oxide (VTM),20160515
490860,calamine + phenol + zinc oxide (VTM),20130830
490962,calamine + salicylic acid (VTM),20130830
491631,calamine + salicylic acid + zinc oxide (VTM),20130830
946431,calamine + sulfur (VTM),20150601
491030,calamine + zinc oxide (VTM),20130830
851055,calciferol + calcium pantothenate + cyanocobalamin + nicotinamide + pyridoxine + retinol + riboflavin + thiamine (VTM),20141004
491704,calcipotriol (VTM),20130830
220720,calcitonin (VTM),20130627
265406,calcitriol (VTM),20130805
542884,calcium (VTM),20131005
1025264,calcium + chloride + magnesium + potassium + sodium (VTM),20180302
270999,calcium + colecalciferol (VTM),20130805
700588,calcium + colecalciferol + phosphorus (VTM),20140118
399794,calcium + ergocalciferol (VTM),20130805
887293,calcium + folic acid + multivitamins (VTM),20150202
1126198,calcium + folic acid + multivitamins + zinc (VTM),20191004
316535,calcium + magnesium (VTM),20130805
935361,calcium + magnesium + phosphate + sodium (VTM),20150503
675570,calcium + multivitamins (VTM),20140104
746629,calcium acetate (VTM),20140324
787427,calcium ascorbate (VTM),20140504
678853,calcium carbonate (VTM),20140104
795463,calcium carbonate + calcium citrate + calcium gluconate + colecalciferol (VTM),20140519
744101,calcium carbonate + calcium gluconate + calcium lactate (VTM),20140304
678933,calcium carbonate + calcium lactate gluconate (VTM),20140104
679124,calcium carbonate + calcium lactate gluconate + colecalciferol (VTM),20140104
776021,calcium carbonate + calcium phosphate + magnesium hydroxide (VTM),20140420
984461,calcium carbonate + calcium phosphate + magnesium oxide (VTM),20160515
678750,calcium carbonate + colecalciferol (VTM),20140104
820936,calcium carbonate + colecalciferol + copper + magnesium + manganese + zinc (VTM),20140705
758968,calcium carbonate + copper + magnesium + manganese + vitamin D3 + zinc (VTM),20140407
981595,calcium carbonate + copper + magnesium + manganese + zinc (VTM),20160417
1100189,calcium carbonate + magnesium hydroxide (VTM),20190302
271222,calcium carbonate + simeticone (VTM),20130805
220749,calcium carbonate + sodium alginate + sodium bicarbonate (VTM),20130627
759080,calcium carbonate + vitamin D3 (VTM),20140407
750410,calcium chloride (VTM),20140324
1031420,calcium chloride + dextrose + magnesium chloride + potassium acetate + sodium chloride + sodium citrate + sodium metabisulfite + zinc sulfate (VTM),20180518
763061,calcium chloride + dextrose + magnesium chloride + sodium acetate + sodium chloride (VTM),20140407
895114,calcium chloride + dextrose + magnesium chloride + sodium acetate trihydrate + sodium bisulfite + sodium chloride (VTM),20150202
863270,calcium chloride + dextrose + magnesium chloride + sodium bisulfite + sodium chloride + sodium lactate (VTM),20141123
785985,calcium chloride + dextrose + magnesium chloride + sodium chloride + sodium lactate (VTM),20190531
975662,calcium chloride + dextrose + potassium chloride + sodium acetate + sodium chloride (VTM),20160305
975670,calcium chloride + dextrose + potassium chloride + sodium acetate trihydrate + sodium chloride (VTM),20160305
558141,calcium chloride + dextrose + potassium chloride + sodium chloride + sodium lactate (VTM),20131005
813404,calcium chloride + icodextrin + magnesium chloride + sodium chloride + sodium lactate (VTM),20140616
738536,calcium chloride + magnesium chloride + potassium chloride + sodium acetate + sodium chloride + sodium citrate (VTM),20140214
578008,calcium chloride + potassium chloride + sodium chloride + sodium lactate (VTM),20131005
814523,calcium chloride dihydrate + carmellose sodium + dibasic potassium phosphate + magnesium chloride hexahydrate + potassium chloride + sodium chloride + sorbitol (VTM),20140616
1134671,calcium chloride dihydrate + dexamethasone + magnesium chloride hexahydrate + potassium chloride + sodium acetate trihydrate + sodium chloride + sodium citrate dihydrate (VTM),20200104
1118996,calcium chloride dihydrate + dextrose + glutathione disulfide + magnesium chloride hexahydrate (VTM),20190629
839116,calcium chloride dihydrate + dextrose + magnesium chloride hexahydrate (VTM),20140817
858758,calcium chloride dihydrate + dextrose + magnesium chloride hexahydrate + potassium chloride + sodium chloride + sodium citrate dihydrate (VTM),20141019
799147,calcium chloride dihydrate + dextrose + magnesium chloride hexahydrate + sodium acetate trihydrate + sodium bisulfite + sodium chloride (VTM),20140519
967579,calcium chloride dihydrate + dextrose + magnesium chloride hexahydrate + sodium chloride + sodium lactate (VTM),20160104
995987,calcium chloride dihydrate + dextrose + potassium chloride + sodium acetate trihydrate + sodium chloride (VTM),20161106
1022068,calcium chloride dihydrate + dextrose hydrous + magnesium chloride hexahydrate + sodium chloride + sodium lactate (VTM),20171213
853850,calcium chloride dihydrate + dextrose monohydrate + glacial acetic acid + magnesium chloride hexahydrate + potassium chloride + sodium chloride (VTM),20141004
804233,calcium chloride dihydrate + histidine + histidine hydrochloride monohydrate + magnesium chloride hexahydrate + mannitol + potassium chloride + potassium hydrogen 2-oxopentandioate + sodium chloride + tryptophan (VTM),20140602
1118015,calcium chloride dihydrate + lactic acid + magnesium chloride hexahydrate + sodium bicarbonate + sodium chloride (VTM),20190628
1163884,calcium chloride dihydrate + lidocaine + magnesium sulfate + mannitol + potassium chloride + sodium bicarbonate + sodium chloride + sodium lactate (VTM),20201016
763660,calcium chloride dihydrate + magnesium chloride hexahydrate + potassium chloride + sodium acetate trihydrate + sodium chloride + sodium citrate dihydrate (VTM),20140407
956261,calcium chloride dihydrate + magnesium chloride hexahydrate + potassium chloride + sodium acetate trihydrate + sodium chloride + sodium citrate dihydrate + trypan blue stain (VTM),20150805
792027,calcium chloride dihydrate + magnesium chloride hexahydrate + sodium bicarbonate + sodium chloride (VTM),20140519
970476,calcium chloride dihydrate + potassium chloride + sodium acetate trihydrate + sodium chloride (VTM),20160117
1244130,calcium chloride dihydrate + potassium chloride + sodium chloride + sodium lactate (VTM),20221014
756969,calcium citrate (VTM),20140407
220754,calcium citrate + calcium gluconate + glutamine (VTM),20130627
1135834,calcium citrate + colecalciferol (VTM),20200130
883484,calcium edetic acid (VTM),20150119
767002,calcium gluconate (VTM),20140407
860764,calcium glycerophosphate + cobaltous chloride + cupric sulphate + ferric glycerophosphate + nicotinamide + potassium glycerophosphate + pyridoxine hydrochloride + riboflavin + sodium glycerophosphate + thiamine hydrochloride (VTM),20141102
949931,calcium hypochlorite (VTM),20150614
738312,calcium lactate (VTM),20140214
845551,calcium levulinate (VTM),20140914
844938,calcium levulinate + chlorphenamine maleate (VTM),20140914
700693,calcium pantothenate (VTM),20140118
847159,calcium pantothenate + choline + cyanocobalamin + inositol + methionine + nicotinamide + pyridoxine + riboflavin + thiamine (VTM),20140914
913194,calcium pantothenate + cyanocobalamin + doxercalciferol + lysine hydrochloride + nicotinamide + pyridoxine hydrochloride + retinol + riboflavin + thiamine hydrochloride (VTM),20150314
1209961,calcium pantothenate + cyanocobalamin + dried yeast + nicotinamide + pyridoxine hydrochloride + riboflavin + thiamine mononitrate (VTM),20211110
783588,calcium pantothenate + cyanocobalamin + ferric ammonium citrate + liver extract + nicotinamide + sodium glycerophosphate + thiamine (VTM),20140504
756144,calcium pantothenate + cyanocobalamin + folic acid + nicotinamide + pyridoxine + riboflavin + thiamine (VTM),20140407
792822,calcium pantothenate + cyanocobalamin + fursultiamine + pyridoxine + tocopherol (VTM),20140519
743337,calcium pantothenate + cyanocobalamin + nicotinamide + pyridoxine + riboflavin + thiamine (VTM),20140304
1206810,calcium pantothenate + cyanocobalamin + nicotinamide + pyridoxine hydrochloride + riboflavin + thiamine hydrochloride (VTM),20211029
748797,calcium pantothenate + cyanocobalamin + nicotinamide + pyridoxine hydrochloride + riboflavin + thiamine mononitrate (VTM),20140324
220765,calcium pantothenate + ibuprofen (VTM),20130627
803900,calcium pantothenate + nicotinamide + pyridoxine + riboflavin + thiamine (VTM),20140602
1111067,calcium pantothenate + nicotinamide + pyridoxine hydrochloride + riboflavin + thiamine hydrochloride (VTM),20190504
673154,calcium polystyrene sulfonate (VTM),20131215
695565,calcium sennosides + docusate sodium (VTM),20140118
1177720,calendula extract + chamomile extract + d-alpha tocopherol + jojoba oil + pennywort extract (VTM),20210211
1263165,calfactant (VTM),20230522
866246,camphor (VTM),20141123
940380,camphor + capsicum tincture + compound cardamom tincture + ethyl alcohol + strong ginger tincture (VTM),20150515
795746,camphor + capsicum tincture + compound cardamom tincture + ginger tincture (VTM),20141012
742351,camphor + capsicum tincture + compound cardamom tincture + strong ginger tincture (VTM),20140304
820785,camphor + capsicum tincture + eucalyptus oil + eugenol + menthol + methyl salicylate + thymol (VTM),20140705
694110,camphor + clove oil + eucalyptus oil + menthol + methyl salicylate (VTM),20140118
953923,camphor + compound rhubarb tincture + peppermint oil + sodium bicarbonate (VTM),20150716
1027670,camphor + eucalyptus oil (VTM),20180412
798749,camphor + eucalyptus oil + eugenol + menthol + methyl salicylate (VTM),20140519
941334,camphor + eucalyptus oil + menthol (VTM),20150515
779968,camphor + eucalyptus oil + menthol + methyl salicylate (VTM),20140420
1034493,camphor + eucalyptus oil + menthol + methyl salicylate + peppermint oil (VTM),20180702
961445,camphor + eugenol + menthol + methyl salicylate (VTM),20151018
1018876,camphor + lidocaine hydrochloride (VTM),20171116
789558,camphor + menthol + methyl salicylate (VTM),20140504
859234,camphor + menthol + methyl salicylate + nonivamide (VTM),20141019
739761,camphor + menthol + phenol (VTM),20140304
932364,camphor + menthol + resorcinol (VTM),20150418
917397,camphor + peppermint oil + rhubarb + sodium bicarbonate (VTM),20150404
1036594,camphor + turpentine oil + wintergreen oil (VTM),20180805
812166,camphor spirit + capsicum tincture + compound cardamom tincture + weak ginger tincture (VTM),20140616
845624,camphor spirit + capsicum tincture + compound gentian tincture + strong ginger tincture (VTM),20140914
952612,camphorated opium tincture (VTM),20150703
532092,camphorated opium tincture + glycyrrhiza (VTM),20130914
936202,camphorated opium tincture + liquorice (VTM),20150503
709998,camphorated parachlorophenol solution (VTM),20140118
710068,camphorated phenol solution (VTM),20140118
939733,canagliflozin (VTM),20150515
720208,canakinumab (VTM),20140118
220777,candesartan cilexetil (VTM),20130627
220783,candesartan cilexetil + hydrochlorothiazide (VTM),20130627
1129615,cannabidiol-cannabis extract (VTM),20191102
1129538,cannabidiol-cannabis extract + delta-9-tetrahydrocannabinol-cannabis extract (VTM),20191102
220796,capecitabine (VTM),20130627
1234829,capmatinib (VTM),20220514
717202,capreomycin (VTM),20140118
933556,capric acid + caprylic acid (VTM),20150502
714526,capsaicin (VTM),20140118
936130,capsicum + compound cardamom tincture + strong ginger tincture (VTM),20150503
759154,capsicum oleoresin (VTM),20140407
847438,capsicum tincture + cardamom tincture + sodium bicarbonate + strong ginger tincture (VTM),20140914
1205853,capsicum tincture + compound cardamom tincture + weak ginger tincture (VTM),20211029
220806,captopril (VTM),20130627
1118782,captropril (VTM),20190628
777351,carbachol (VTM),20140420
246876,carbamazepine (VTM),20130805
1141263,carbaril (VTM),20200404
820666,carbetapentane + dextromethorphan hydrobromide + guaifenesin (VTM),20140705
806055,carbetocin (VTM),20140602
476476,carbidopa (VTM),20130805
446878,carbidopa + entacapone + levodopa (VTM),20130805
272741,carbidopa + levodopa (VTM),20130805
975689,carbocisteine (VTM),20160305
975691,carbocisteine lysine (VTM),20160305
677533,carbohydrates (VTM),20140104
677703,carbohydrates + electrolytes (VTM),20140104
510097,carbolic acid + menthol + salicylic acid (VTM),20130830
786453,carbomer (VTM),20140504
662924,carbomer + cetrimide (VTM),20131102
1319185,carbomer + glycerol (VTM),20241225
946828,carbomer + propylene glycol (VTM),20150601
220810,carboplatin (VTM),20130627
982334,carbopol + propylene glycol + sodium hydroxide (VTM),20160418
974745,carfilzomib (VTM),20160214
1223013,carglumic acid (VTM),20220217
1137123,cariprazine (VTM),20200213
1024770,carmellose (VTM),20180302
985062,carmellose + glycerol (VTM),20160515
1024076,carmellose + glycerol + methylparaben + propylparaben + sorbitol (VTM),20180215
1024069,carmellose + methylparaben + propylparaben + sorbitol + syrup (VTM),20180215
1024762,carmellose sodium (VTM),20180302
691823,carmellose sodium + glycerol (VTM),20141012
1043840,carmellose sodium + glycerol + hyaluronate sodium (VTM),20181129
1174082,carmellose sodium + glycerol + lidocaine hydrochloride (VTM),20210130
1002179,carmellose sodium + glycerol + polysorbate 80 (VTM),20170114
918959,carmellose sodium + glycerol + potassium chloride (VTM),20150404
220823,carmustine (VTM),20130627
975063,carnitine (VTM),20160214
710132,carnoy's solution (VTM),20141007
793520,carteolol hydrochloride (VTM),20140519
272242,carvedilol (VTM),20130805
1211687,casirivimab (VTM),20211202
655575,caspofungin (VTM),20131102
836725,castor oil (VTM),20140817
1296581,cat (felis catus) hair allergen extract (VTM),20240412
756251,catnep + sodium bicarbonate (VTM),20140407
274774,cefaclor (VTM),20130805
661448,cefalexin (VTM),20131102
845695,cefamandole (VTM),20140914
1144795,cefazidime (VTM),20200517
542976,cefazolin (VTM),20131005
543958,cefazolin + lidocaine (VTM),20131005
916479,cefazolin sodium (VTM),20150316
398250,cefdinir (VTM),20130805
659212,cefditoren (VTM),20131102
1101251,cefditoren pivoxil (VTM),20190314
544143,cefepime (VTM),20131005
275387,cefixime (VTM),20130805
659334,cefminox (VTM),20131102
544693,cefoperazone (VTM),20131005
545064,cefoperazone + sulbactam (VTM),20131005
545659,cefotaxime (VTM),20131005
547021,cefoxitin (VTM),20131005
720310,cefpirome (VTM),20140118
1028972,ceftaroline fosamil (VTM),20180518
547256,ceftazidime (VTM),20131005
655789,ceftibuten (VTM),20131102
1020383,ceftolozane + tazobactam (VTM),20171202
548378,ceftriaxone (VTM),20131005
1001950,ceftriaxone + lidocaine hydrochloride (VTM),20170114
249569,cefuroxime (VTM),20130805
220834,celecoxib (VTM),20130627
996030,ceritinib (VTM),20161106
794821,cetalkonium chloride + choline salicylate (VTM),20140519
861479,cetirizine hydrochloride (VTM),20141102
484370,cetirizine hydrochloride + pseudoephedrine hydrochloride (VTM),20130805
1122971,cetomacrogol + cetyl alcohol + edetic acid + methylparaben + mineral oil + propylene glycol + strearyl alcohol + white petrolatum (VTM),20190815
953189,cetomacrogol + cetyl alcohol + methylparaben + mineral oil + propylene glycol + propylparaben + stearyl alcohol + white petrolatum (VTM),20150703
899628,cetostearyl alcohol + macrogol 1000 + mineral oil + monobasic sodium phosphate + white petrolatum (VTM),20150218
492000,cetrimide (VTM),20130830
934167,cetrimide + chlorhexidine + ethyl alcohol (VTM),20150503
492398,cetrimide + chlorhexidine gluconate (VTM),20130830
493290,cetrimide + edetate disodium (VTM),20130830
1022340,cetrimide + lidocaine (VTM),20171228
803362,cetrorelix (VTM),20140602
220847,cetuximab (VTM),20130627
1140860,cetyl alcohol + glycerol + methylparaben + mineral oil + propylparaben + sodium lauryl sulfate + stearyl alcohol + white petrolatum (VTM),20200314
1165787,cetyl alcohol + glycerol + methylparaben + mineral oil + propylparaben + stearyl alcohol + white petrolatum (VTM),20201030
942326,cetyl alcohol + glycerol + mineral oil + sodium lauryl sulfate + stearyl alcohol + white petrolatum (VTM),20150515
894301,cetyl alcohol + glycerol + mineral oil + stearyl alcohol + white petrolatum (VTM),20150202
989014,cetyl alcohol + glyceryl monostearate + mineral oil + stearyl alcohol (VTM),20160703
982212,cetyl alcohol + mineral oil + propylene glycol + sodium lauryl sulfate + stearyl alcohol (VTM),20160418
894408,cetyl alcohol + mineral oil + propylene glycol + stearyl alcohol (VTM),20150202
1178739,cetyl alcohol + mineral oil + stearic acid + stearyl alcohol (VTM),20210226
896357,cetyl alcohol + mineral oil + stearyl alcohol (VTM),20150218
949795,cetyl alcohol + mineral oil + stearyl alcohol + white petrolatum (VTM),20150614
958075,cetyl alcohol + mineral oil + white petrolatum (VTM),20150817
1208140,cetyl alcohol + propylene glycol + stearyl alcohol (VTM),20211110
924953,cetyl alcohol + salicylic acid + stearyl alcohol (VTM),20150404
932496,cetyl alcohol + stearyl alcohol (VTM),20150418
923294,cetyl alcohol + stearyl alcohol + white petrolatum (VTM),20150404
745907,cetylpyridinium chloride (VTM),20140304
1172408,chadox1-s recombinant (azd1222) (VTM),20210126
699570,chamazulene + chamomile extract + essential oil (VTM),20140118
1044040,chamomile (VTM),20181129
831540,chamomile flower tincture + lidocaine + thymol (VTM),20140803
767779,chamomile flower tincture + lidocaine hydrochloride (VTM),20140407
272652,charcoal + magnesium carbonate + pectin (VTM),20130805
707833,chloral hydrate (VTM),20140118
220852,chlorambucil (VTM),20130627
237649,chloramphenicol (VTM),20130805
995956,chloramphenicol + chlortetracycline + neomycin sulfate (VTM),20161106
523831,chloramphenicol + dexamethasone (VTM),20130914
523923,chloramphenicol + dexamethasone + tetryzoline hydrochloride (VTM),20130914
469765,chloramphenicol + diiodohydroxyquinoline + nystatin (VTM),20130805
1157450,chloramphenicol + hydrocortisone acetate (VTM),20200814
1114073,chloramphenicol + lidocaine (VTM),20190531
1114087,chloramphenicol + lidocaine hydrochloride (VTM),20190531
524134,chloramphenicol + naphazoline + prednisolone (VTM),20130914
493940,chloramphenicol + prednisolone (VTM),20130830
279967,chloramphenicol + streptomycin (VTM),20130805
260724,chlordiazepoxide (VTM),20130805
533509,chlordiazepoxide + clidinium bromide (VTM),20130914
771172,chlorhexidine (VTM),20140407
934271,chlorhexidine + ethyl alcohol (VTM),20150503
934122,chlorhexidine + lidocaine hydrochloride (VTM),20150503
957017,chlorhexidine + sodium fluoride (VTM),20150816
941750,chlorhexidine + sodium nitrate (VTM),20150515
780537,chlorhexidine acetate (VTM),20140420
793928,chlorhexidine dihydrochloride + dexpanthenol (VTM),20140519
812227,chlorhexidine dihydrochloride + lidocaine (VTM),20140616
757506,chlorhexidine gluconate (VTM),20140407
757990,chlorhexidine gluconate + ethyl alcohol (VTM),20140407
941709,chlorhexidine gluconate + ethyl alcohol + glycerol (VTM),20150515
956668,chlorhexidine gluconate + gentian violet (VTM),20150805
812364,chlorhexidine gluconate + isopropyl alcohol (VTM),20140616
795039,chlorhexidine gluconate + polihexanide (VTM),20140519
915665,chlorhexidine gluconate + sodium nitrite (VTM),20150314
905249,chloride + citrate + dextrose + potassium + sodium (VTM),20150228
679520,chlormadinone + ethinylestradiol (VTM),20140104
961095,chloroform + ethyl alcohol + ferric chloride + glacial acetic acid (VTM),20151005
239610,chloroquine phosphate (VTM),20130805
552473,chloroquine phosphate + lidocaine (VTM),20131005
771635,chloroxylenol (VTM),20140407
805041,chloroxylenol + edetic acid + triclosan (VTM),20140602
949070,chloroxylenol + ethyl alcohol + menthol + peppermint oil (VTM),20150614
920534,chloroxylenol + ethyl alcohol + menthol + peppermint oil + saccharin (VTM),20150404
956566,chloroxylenol + ethyl alcohol + menthol + saccharin sodium + sodium chloride (VTM),20150805
891171,chloroxylenol + menthol (VTM),20150202
1251367,chloroxylenol + menthol + sodium chloride (VTM),20221231
897983,chloroxylenol + phenol (VTM),20150218
926306,chloroxylenol + sodium chloride (VTM),20150404
773539,chloroxylenol + special mouthwash (VTM),20140407
1112884,chlorphenamine maleate (VTM),20190516
266773,chlorphenamine maleate + dextromethorphan hydrobromide (VTM),20130805
748539,chlorphenamine maleate + dextromethorphan hydrobromide + guaifenesin (VTM),20140324
624064,chlorphenamine maleate + dextromethorphan hydrobromide + guaifenesin + paracetamol (VTM),20131005
957381,chlorphenamine maleate + dextromethorphan hydrobromide + guaifenesin + phenylephrine hydrochloride (VTM),20150817
967420,chlorphenamine maleate + dextromethorphan hydrobromide + guaifenesin + phenylephrine hydrochloride + phenylpropanolamine (VTM),20160104
605846,chlorphenamine maleate + dextromethorphan hydrobromide + guaifenesin + phenylpropanolamine (VTM),20131005
606591,chlorphenamine maleate + dextromethorphan hydrobromide + guaifenesin + pseudoephedrine hydrochloride (VTM),20131005
604868,chlorphenamine maleate + dextromethorphan hydrobromide + guaifenesin + sodium citrate (VTM),20131005
824117,chlorphenamine maleate + dextromethorphan hydrobromide + guaifenesin + terpin hydrate (VTM),20140721
552563,chlorphenamine maleate + dextromethorphan hydrobromide + methylephedrine (VTM),20131005
297389,chlorphenamine maleate + dextromethorphan hydrobromide + paracetamol (VTM),20130805
964117,chlorphenamine maleate + dextromethorphan hydrobromide + paracetamol + phenylephrine hydrochloride (VTM),20151207
623704,chlorphenamine maleate + dextromethorphan hydrobromide + paracetamol + phenylpropanolamine (VTM),20131005
379748,chlorphenamine maleate + dextromethorphan hydrobromide + paracetamol + pseudoephedrine hydrochloride (VTM),20130805
361660,chlorphenamine maleate + dextromethorphan hydrobromide + paracetamol + terpin hydrate (VTM),20130805
605275,chlorphenamine maleate + dextromethorphan hydrobromide + phenylephrine hydrochloride (VTM),20131005
605908,chlorphenamine maleate + dextromethorphan hydrobromide + phenylpropanolamine (VTM),20131005
326729,chlorphenamine maleate + dextromethorphan hydrobromide + potassium guaiacolsulfonate (VTM),20130805
304498,chlorphenamine maleate + dextromethorphan hydrobromide + pseudoephedrine hydrochloride (VTM),20130805
247509,chlorphenamine maleate + dextromethorphan hydrobromide + terpin hydrate (VTM),20130805
605223,chlorphenamine maleate + guaifenesin (VTM),20131005
967431,chlorphenamine maleate + guaifenesin + paracetamol + phenylephrine hydrochloride (VTM),20160104
494172,chlorphenamine maleate + hexachlorophene + lidocaine + menthol + methyl salicylate (VTM),20130830
1199548,chlorphenamine maleate + naphazoline hydrochloride (VTM),20210813
955717,chlorphenamine maleate + paracetamol (VTM),20150805
302762,chlorphenamine maleate + paracetamol + phenazopyridine (VTM),20130805
1158981,chlorphenamine maleate + paracetamol + phenylephrine (VTM),20200904
964062,chlorphenamine maleate + paracetamol + phenylephrine + phenylephrine hydrochloride (VTM),20151207
748231,chlorphenamine maleate + paracetamol + phenylephrine hydrochloride (VTM),20140324
967449,chlorphenamine maleate + paracetamol + phenylephrine hydrochloride + phenylpropanolamine (VTM),20160104
967454,chlorphenamine maleate + paracetamol + phenylephrine hydrochloride + potassium citrate (VTM),20160104
967465,chlorphenamine maleate + paracetamol + phenylephrine hydrochloride + pseudoephedrine hydrochloride (VTM),20160104
965710,chlorphenamine maleate + paracetamol + phenylephrine hydrochloride + salicylamide (VTM),20151222
435436,chlorphenamine maleate + paracetamol + phenylpropanolamine (VTM),20131103
240228,chlorphenamine maleate + paracetamol + pseudoephedrine hydrochloride (VTM),20130805
642653,chlorphenamine maleate + paracetamol + pseudoephedrine hydrochloride + salicylamide (VTM),20131005
234211,chlorphenamine maleate + paracetamol + salicylamide (VTM),20130805
965723,chlorphenamine maleate + phenylephrine hydrochloride (VTM),20151222
967477,chlorphenamine maleate + phenylephrine hydrochloride + potassium citrate (VTM),20160104
967355,chlorphenamine maleate + phenylephrine hydrochloride + theophylline (VTM),20160104
606320,chlorphenamine maleate + potassium guaiacolsulfonate (VTM),20131005
294463,chlorphenamine maleate + pseudoephedrine hydrochloride (VTM),20130805
290551,chlorphenamine maleate + salicylamide (VTM),20130805
250096,chlorphenamine maleate + terpin hydrate (VTM),20130805
800575,chlorphenoxamine hydrochloride (VTM),20140519
239699,chlorpromazine hydrochloride (VTM),20130805
262360,chlorpropamide (VTM),20130805
1021494,chlortalidone (VTM),20171213
684504,chlortetracycline (VTM),20140104
858302,choline + dexpanthenol + inositol + nicotinamide + pyridoxine + riboflavin + thiamine (VTM),20141019
220881,chondroitin sulfate + glucosamine sulfate (VTM),20130627
745799,chondroitin sulfate sodium + glucosamine sulfate (VTM),20140304
682487,choriogonadotropin alfa (VTM),20140104
679596,chorionic gonadotrophin (VTM),20140104
982038,chromium + cobalt + copper + iodine + manganese + molybdenum + zinc (VTM),20160418
931983,chromium + copper + iodine + manganese + molybdenum (VTM),20150418
931879,chromium + copper + iodine + zinc (VTM),20150418
1294288,chromium chloride hexahydrate + copper sulfate pentahydrate + l-alanine + manganese sulfate monohydrate + selenium dioxide + sodium iodide + sodium molybdate (VTM),20240328
834008,ciclesonide (VTM),20140803
684570,ciclonium bromide (VTM),20140104
740405,ciclopirox olamine (VTM),20140304
220899,ciclosporin (VTM),20131103
984160,cidofovir (VTM),20160515
563306,cilastatin + imipenem (VTM),20131005
220909,cilazapril (VTM),20130627
1241161,cilgavimab (VTM),20220810
1111430,cilnidipine (VTM),20190504
220913,cilostazol (VTM),20130627
220921,cimetidine (VTM),20130627
778870,cimicifuga racemosa (VTM),20140420
666457,cinacalcet (VTM),20131116
517122,cinchocaine + framycetin sulfate + hydrocortisone (VTM),20130830
769674,cinchocaine + hydrocortisone (VTM),20140407
269589,cinnarizine (VTM),20130805
461209,cinnarizine + domperidone (VTM),20130805
266359,ciprofloxacin (VTM),20130805
803605,ciprofloxacin + hydrocortisone (VTM),20140602
283594,cisapride (VTM),20130805
764362,cisatracurium (VTM),20140407
220932,cisplatin (VTM),20130627
974933,citic acid + sodium citrate (VTM),20160214
553475,citicoline (VTM),20131005
929511,citric acid (VTM),20150407
971499,citric acid + glycerol (VTM),20160117
835013,citric acid + magnesium oxide + sodium picosulfate (VTM),20140803
924019,citric acid + potassium citrate (VTM),20150404
923698,citric acid + potassium citrate + sodium citrate (VTM),20150404
734323,citric acid + sodium bicarbonate + sodium carbonate (VTM),20140202
818219,citric acid + sodium bicarbonate + sodium citrate + tartaric acid (VTM),20140705
1155949,citric acid + sodium chloride + sodium citrate (VTM),20200801
880623,citric acid + sodium citrate (VTM),20150119
903293,citric acid + sucrose (VTM),20150228
749078,citric acid anhydrous + sodium bicarbonate coarse + sodium bicarbonate fine + sodium carbonate (VTM),20140324
1031291,citric acid dihydrate + dextrose + trisodium citrate dihydrate (VTM),20180518
1221236,citric acid monohydrate + glycerol + methylparaben + propylparaben + saccharin sodium + sodium citric dihydrate + sorbitol + xanthan gum (VTM),20220113
1174654,citronella oil (VTM),20210211
1230137,citrulline (VTM),20220330
839813,citrus unshiu peel + creosote + gambir + glycyrrhiza + phellodendron bark (VTM),20140817
220945,cladribine (VTM),20130627
263115,clarithromycin (VTM),20130805
965734,clemizole + paracetamol + phenylephrine hydrochloride + salicylamide (VTM),20151222
694839,clevudine (VTM),20140118
229769,clindamycin (VTM),20130805
495298,clindamycin + metronidazole (VTM),20130830
971294,clindamycin hydrochloride (VTM),20160117
758278,clindamycin phosphate (VTM),20140407
927889,clioquinol + triamcinolone acetonide (VTM),20150404
331289,clobazam (VTM),20130805
495365,clobetasol (VTM),20130830
751792,clobetasol + coal tar (VTM),20140324
704454,clobetasol + salicylic acid (VTM),20140118
702359,clobetasol + urea (VTM),20140118
644677,clobetasol propionate (VTM),20131005
895762,clobetasol propionate + salicylic acid (VTM),20150202
653380,clofarabine (VTM),20131018
287333,clofazimine (VTM),20130805
358402,clofazimine + dapsone + rifampicin (VTM),20130805
679928,clomifene citrate (VTM),20140104
788236,clomiphene citrate (VTM),20140504
642859,clomipramine hydrochloride (VTM),20131005
245798,clonazepam (VTM),20130805
715882,clonidine hydrochloride (VTM),20140118
643869,clopamide + dihydroergocristine + reserpine (VTM),20131005
220950,clopidogrel (VTM),20130627
692631,clostridiopeptidase a (VTM),20140104
266203,clotrimazole (VTM),20130805
916825,clotrimazole + fluocinolone acetonide (VTM),20150316
499195,clotrimazole + hydrocortisone (VTM),20130830
341195,clotrimazole + urea (VTM),20130805
1014460,clove oil + menthol + methyl salicylate (VTM),20170916
255832,cloxacillin (VTM),20130805
861632,cloxacillin sodium (VTM),20141102
995960,cloxiquine + fluprednidene + neomycin sulfate (VTM),20161106
287712,clozapine (VTM),20130805
1258166,coagulation factor II + coagulation factor IX + coagulation factor VII + coagulation factor X + protein c (VTM),20230316
725682,coagulation factor II + coagulation factor VII + coagulation factor X + nonacog alfa (VTM),20140118
705704,coal tar (VTM),20140118
976635,coal tar + ethyl alcohol + propylene glycol (VTM),20160307
921800,coal tar + glycerol (VTM),20150404
992577,coal tar + hydrocortisone acetate (VTM),20160812
937868,coal tar + resorcinol + salicylic acid (VTM),20150503
922268,coal tar + salicylic acid (VTM),20150404
978591,coal tar + salicylic acid + triamcinolone acetonide (VTM),20160321
892804,coal tar + triamcinolone acetonide (VTM),20150202
1230706,cobicistat + darunavir (VTM),20220330
1036745,cobicistat + elvitegravir + emtricitabine + tenofovir alafenamide (VTM),20180805
966041,cobicistat + elvitegravir + emtricitabine + tenofovir disoproxil fumarate (VTM),20151222
762255,cobra antivenin (VTM),20140407
777529,cobra antivenin + banded krait antivenin + king cobra antivenin + malayan krait antivenin (VTM),20140420
902233,cocaine + cocaine hydrochloride (VTM),20150228
837126,cocaine + epinephrine (VTM),20140817
962379,cocaine hydrochloride (VTM),20151102
982427,cocamide diethanolamine + sodium chloride + sodium laureth sulfate (VTM),20160418
677987,cod liver oil (VTM),20140104
849085,cod liver oil + multivitamins (VTM),20140914
952988,codeine (VTM),20150703
268533,codeine + codeine phosphate + guaifenesin (VTM),20130805
291203,codeine + phenyltoloxamine (VTM),20130805
535128,codeine phosphate (VTM),20130914
531957,codeine phosphate + guaifenesin (VTM),20130914
531263,codeine phosphate + guaifenesin + terpin hydrate (VTM),20130914
531151,codeine phosphate + paracetamol (VTM),20170413
531762,codeine phosphate + promethazine hydrochloride (VTM),20130914
640205,codeine phosphate + pseudoephedrine hydrochloride + triprolidine hydrochloride (VTM),20131005
1034878,co-dergocrine mesylate (VTM),20180713
974525,coenzyme Q10 (VTM),20160214
279277,colchicine (VTM),20130805
679176,colecalciferol (VTM),20190604
873264,colecalciferol + cyanocobalamin + d-panthenol + lysine + nicotinamide + pyridoxine hydrochloride + retinol + riboflavin + thiamine hydrochloride (VTM),20141214
957807,colecalciferol + nicotinamide + pyridoxine hydrochloride + retinol + riboflavin + thiamine hydrochloride (VTM),20150817
220868,colestyramine (VTM),20130627
982628,colestyramine + olive oil + sucralfate + zinc oxide (VTM),20160418
787017,colistimethate sodium (VTM),20140504
257184,colistin (VTM),20130805
711566,colonic lavage (VTM),20140118
223057,compound cardamom tincture (VTM),20131103
849540,compound cardamom tincture + compound rhubarb tincture + compound tinospora tincture + peppermint spirit + sodium bicarbonate (VTM),20140914
873433,compound cardamom tincture + compound rhubarb tincture + compound tinospora tincture + sodium bicarbonate (VTM),20141214
880610,compound cardamom tincture + ginger tincture + sodium bicarbonate (VTM),20150119
929319,compound cardamom tincture + mineral oil (VTM),20150404
985313,compound cardamom tincture + mineral oil + strong ginger tincture (VTM),20160605
933869,compound cardamom tincture + sodium bicarbonate (VTM),20150503
893913,compound cardamom tincture + sodium bicarbonate + strong ginger tincture (VTM),20150202
666806,compound cardamom tincture + strong capsicum tincture + strong ginger tincture (VTM),20131130
771062,compound gentian tincture + compound rhubarb tincture + ipecacuanha + peppermint spirit + sodium bicarbonate (VTM),20140407
929498,compound gentian tincture + potassium bromide (VTM),20150404
932178,compound gentian tincture + rhubarb tincture + sodium bicarbonate (VTM),20150418
663201,compound insulin zinc suspension (VTM),20131116
985234,compound rhubarb tincture + compound tinospora tincture + ipecacuanha + sodium bicarbonate (VTM),20160605
985494,compound rhubarb tincture + sodium bicarbonate + weak ginger tincture (VTM),20160605
682688,conjugated estrogens (VTM),20140104
1283522,copper + iodine + manganese + molybdenum + selenium + zinc (VTM),20230915
707898,copper sulfate (VTM),20140118
1042617,copper sulfate + cyanocobalamin + ferrous sulfate + folic acid + pyridoxine hydrochloride (VTM),20181115
680244,corifollitropin alfa (VTM),20140104
1179444,corn starch + white petrolatum + zinc oxide (VTM),20210226
1179353,corn strach + white petrolatum + zinc oxide (VTM),20210226
693519,corticorelin (VTM),20140118
1208027,covid-19 mrna vaccine (nucleoside modified) (VTM),20211110
710669,cream base (VTM),20140118
733053,creosote + geranium herb + phellodendron bark (VTM),20140202
1279496,crisaborole (VTM),20230805
653868,crizotinib (VTM),20131018
1321576,CRM 197 carrier protein + pneumococcal polysaccharide serotype 1 + pneumococcal polysaccharide serotype 10A + pneumococcal polysaccharide serotype 11A + pneumococcal polysaccharide serotype 12F + pneumococcal polysaccharide serotype 14 + pneumococcal polysaccharide serotype 15B + pneumococcal polysaccharide serotype 18C + pneumococcal polysaccharide serotype 19A + pneumococcal polysaccharide serotype 19F + pneumococcal polysaccharide serotype 22F + pneumococcal polysaccharide serotype 23F + pneumococcal polysaccharide serotype 3 + pneumococcal polysaccharide serotype 33F + pneumococcal polysaccharide serotype 4 + pneumococcal polysaccharide serotype 5 + pneumococcal polysaccharide serotype 6A + pneumococcal polysaccharide serotype 6B + pneumococcal polysaccharide serotype 7F + pneumococcal polysaccharide serotype 8 + pneumococcal polysaccharide serotype 9V (VTM),20250118
1279145,CRM197 carrier protein + pneumococcal polysaccharide serotype 1 + pneumococcal polysaccharide serotype 14 + pneumococcal polysaccharide serotype 18C + pneumococcal polysaccharide serotype 19A + pneumococcal polysaccharide serotype 19F + pneumococcal polysaccharide serotype 22F + pneumococcal polysaccharide serotype 23F + pneumococcal polysaccharide serotype 3 + pneumococcal polysaccharide serotype 33F + pneumococcal polysaccharide serotype 4 + pneumococcal polysaccharide serotype 5 + pneumococcal polysaccharide serotype 6A + pneumococcal polysaccharide serotype 6B + pneumococcal polysaccharide serotype 7F + pneumococcal polysaccharide serotype 9V (VTM),20230805
1280944,CRM197 carrier protein + pneumococcal polysaccharide serotype 1 + pneumococcal polysaccharide serotype 14 + pneumococcal polysaccharide serotype 19A + pneumococcal polysaccharide serotype 19F + pneumococcal polysaccharide serotype 23F + pneumococcal polysaccharide serotype 5 + pneumococcal polysaccharide serotype 6A + pneumococcal polysaccharide serotype 6B + pneumococcal polysaccharide serotype 7F + pneumococcal polysaccharide serotype 9V (VTM),20230819
1001978,cromoglicic acid (VTM),20170114
687407,cromoglicic acid + sodium cromoglicate (VTM),20140104
804660,cross linked sodium hyaluronate (VTM),20140602
825781,cross-linked hyaluronic acid (VTM),20140721
825706,cross-linked hyaluronic acid + lidocaine hydrochloride (VTM),20140721
915076,cross-linked polyacrylate polymer + hyetellose (VTM),20150314
505079,crotamiton + hydrocortisone (VTM),20130830
772023,crude coal tar (VTM),20140407
1112090,curcuminoids (VTM),20190504
256519,cyanocobalamin (VTM),20130805
220604,cyanocobalamin + dexamethasone + indometacin + pyridoxine + thiamine (VTM),20130627
1205644,cyanocobalamin + dexpanthenol + niacinamide + pyridoxine hydrochloride + thiamine hydrochloride (VTM),20211029
966307,cyanocobalamin + dextrose + nicotinamide + pyridoxine hydrochloride + riboflavin + sodium chloride + thiamine hydrochloride (VTM),20151222
755129,cyanocobalamin + essential phospholipids + nicotinamide + pyridoxine + riboflavin + thiamine + vitamin E (VTM),20140407
825159,cyanocobalamin + ferric ammonium citrate + nicotinamide + pyridoxine + riboflavin + thiamine (VTM),20140721
695874,cyanocobalamin + ferrous fumarate (VTM),20140118
745205,cyanocobalamin + ferrous fumarate + pyridoxine + thiamine (VTM),20140304
1018600,cyanocobalamin + folic acid + niacinamide + pantothenic acid + pyridoxine hydrochloride + riboflavin + thiamine mononitrate (VTM),20171116
782506,cyanocobalamin + folic acid + nicotinamide + pyridoxine + riboflavin + thiamine (VTM),20140504
909683,cyanocobalamin + iron + liver extract + pyridoxine + thiamine (VTM),20150228
1018518,cyanocobalamin + nicotinamide + pyridoxine hydrochloride + riboflavin + thiamine mononitrate (VTM),20171116
947297,cyanocobalamin + pyridoxine + riboflavin + thiamine (VTM),20150614
760586,cyanocobalamin + pyridoxine + thiamine (VTM),20141012
975909,cyanocobalamin + pyridoxine + thiamine disulfide (VTM),20160306
967514,cyanocobalamin + pyridoxine hydrochloride + thiamine (VTM),20160104
975712,cyanocobalamin + pyridoxine hydrochloride + thiamine disulfide (VTM),20160305
993091,cyanocobalamin + pyridoxine hydrochloride + thiamine hydrochloride (VTM),20161003
955336,cyanocobalamin + pyridoxine hydrochloride + thiamine mononitrate (VTM),20150805
1161539,cyanthillium cinereum extract (VTM),20200920
781457,cyclopentolate hydrochloride (VTM),20140420
1222805,cyclopentolate hydrochloride + phenylephrine hydrochloride + tetracaine hydrochloride + tropicamide (VTM),20220203
220966,cyclophosphamide (VTM),20130627
220978,cycloserine (VTM),20130627
248586,cyproheptadine (VTM),20130805
695009,cyproheptadine + lysine (VTM),20140118
245266,cyproheptadine + metandienone (VTM),20130805
642925,cyproterone (VTM),20131005
679835,cyproterone + estradiol (VTM),20140104
680151,cyproterone + ethinylestradiol (VTM),20140104
861943,cyproterone acetate (VTM),20141102
766514,cyproterone acetate + ethinylestradiol (VTM),20140407
221001,cytarabine (VTM),20130627
1297061,cytisinicline (VTM),20240501
832466,cytomegalovirus immunoglobulin (VTM),20140803
648424,dabigatran etexilate (VTM),20131005
1019260,dabrafenib (VTM),20171116
221017,dacarbazine (VTM),20130627
959878,daclatasvir (VTM),20150922
221029,daclizumab (VTM),20130627
1201606,dacomitinib (VTM),20210901
221038,dactinomycin (VTM),20131103
994787,d-alpha tocopherol (VTM),20161003
1051606,d-alpha tocopherol + ergocalciferol + phytomenadione + retinol (VTM),20190203
1174244,d-alpha tocopherol + jojoba oil + mineral oil + olive oil (VTM),20210211
1051610,d-alpha tocopherol + phytomenadione + retinol + ergocalciferol (VTM),20190203
1143051,d-alpha tocopheryl acetate (VTM),20200415
1156558,d-alpha tocopheryl acetate + macrogol 40 + sorbitol (VTM),20200801
772291,d-alpha tocopheryl acetate + tocopherol (VTM),20140407
221040,dalteparin sodium (VTM),20130627
245330,danazol (VTM),20130805
717554,dantrolene (VTM),20190805
994046,dantrolene sodium (VTM),20160904
851807,dapagliflozin (VTM),20141004
991073,dapagliflozin + metformin hydrochloride (VTM),20160713
788828,dapoxetine (VTM),20140504
317301,dapsone (VTM),20130805
358456,dapsone + rifampicin (VTM),20130805
720436,daptomycin (VTM),20140118
1017236,daratumumab (VTM),20171103
666282,darbepoetin alfa (VTM),20131116
684660,darifenacin (VTM),20140104
1310384,darolutamide (VTM),20241005
648668,darunavir (VTM),20131005
1288213,darunavir + ritonavir (VTM),20231118
221055,dasatinib (VTM),20130627
221064,decitabine (VTM),20130627
323882,deferasirox (VTM),20130805
326793,deferiprone (VTM),20130805
720502,degarelix (VTM),20140118
1317086,delamanid (VTM),20241215
1124014,delta-9-tetrahydrocannabinol-cannabis extract (VTM),20190829
831720,demeclocycline calcium + triamcinolone acetonide (VTM),20140803
1009088,"dengue tetravalent vaccine, live attenuated (VTM)",20170602
1283215,"dengue virus serotype 1, live attenuated + dengue virus serotype 2, live attenuated + dengue virus serotype 3, live attenuated + dengue virus serotype 4, live attenuated (VTM)",20230915
739648,denosumab (VTM),20140214
792281,deproteinised dialysate of calf blood (VTM),20140519
646021,dequalinium chloride (VTM),20131005
869972,dequalinium chloride + tyrothricin (VTM),20141129
1295960,dermatophagoides farinae allergen extract (VTM),20240412
1296478,dermatophagoides pteronyssinus allergen extract (VTM),20240412
1012852,desferrioxamine (VTM),20170819
1023055,desferrioxamine mesilate (VTM),20180115
692421,desflurane (VTM),20140104
231553,desloratadine (VTM),20130805
231645,desloratadine + pseudoephedrine hydrochloride (VTM),20130805
378263,desmopressin (VTM),20210222
985402,desmopressin acetate (VTM),20160605
277657,desogestrel (VTM),20130805
681788,desogestrel + ethinylestradiol (VTM),20140104
499362,desoximetasone (VTM),20130830
499717,desoximetasone + framycetin sulfate + gramicidin (VTM),20130830
417725,desvenlafaxine (VTM),20130805
221072,Devil's claw root (VTM),20130627
256574,dexamethasone (VTM),20171202
1272056,dexamethasone + diphenhydramine hydrochloride + lidocaine hydrochloride + nystatin (VTM),20230701
691322,dexamethasone + framycetin sulfate + gramicidin (VTM),20140104
524825,dexamethasone + gentamicin (VTM),20130914
910162,dexamethasone + haletazole tartrate + neomycin sulfate + polymyxin b sulfate + tyrothricin (VTM),20150228
1039873,dexamethasone + hydroquinone + vitamin A (VTM),20180926
1285776,dexamethasone + levofloxacin (VTM),20231013
784697,dexamethasone + neomycin (VTM),20140504
760950,dexamethasone + neomycin sulfate (VTM),20140407
692302,dexamethasone + neomycin sulfate + polymyxin b sulfate (VTM),20140104
1294610,dexamethasone + ondansetron (VTM),20240328
803985,dexamethasone + parachlorophenol + thymol (VTM),20140602
523056,dexamethasone + tobramycin (VTM),20130914
1020035,dexamethasone phosphate (VTM),20171202
995941,dexamethasone phosphate + moxifloxacin (VTM),20161106
1137841,dexamethasone phosphate + neomycin (VTM),20200227
842992,dexamethasone sodium phosphate + neomycin sulfate (VTM),20140901
958483,dexamethasone sodium phosphate + tobramycin (VTM),20150910
877327,dexchlorphenamine maleate (VTM),20150105
1220893,dexketoprofen (VTM),20220113
1161853,dexketoprofen + tramadol hydrochloride (VTM),20200920
520058,dexlansoprazole (VTM),20130914
809229,dexmedetomidine (VTM),20140602
523459,dexpanthenol (VTM),20130914
757935,dexpanthenol + sodium chloride (VTM),20140407
761029,dextran 40 + sodium chloride (VTM),20140407
840573,dextran 70 + glycerol + hypromellose (VTM),20141012
692082,dextran 70 + hypromellose (VTM),20141013
955622,dextromethorphan hydrobromide (VTM),20150805
614287,dextromethorphan hydrobromide + diphenhydramine hydrochloride (VTM),20131005
247424,dextromethorphan hydrobromide + diphenhydramine hydrochloride + guaifenesin + pseudoephedrine hydrochloride (VTM),20130805
614614,dextromethorphan hydrobromide + diphenhydramine hydrochloride + pseudoephedrine hydrochloride (VTM),20131005
614124,dextromethorphan hydrobromide + diphenhydramine hydrochloride + sodium citrate (VTM),20131005
626015,dextromethorphan hydrobromide + doxylamine succinate + paracetamol + pseudoephedrine hydrochloride (VTM),20131005
609993,dextromethorphan hydrobromide + glycyrrhiza + ipecacuanha (VTM),20141013
268624,dextromethorphan hydrobromide + guaifenesin (VTM),20130805
967483,dextromethorphan hydrobromide + guaifenesin + phenylephrine hydrochloride (VTM),20160104
306681,dextromethorphan hydrobromide + guaifenesin + pseudoephedrine hydrochloride (VTM),20130805
954480,dextromethorphan hydrobromide + guaifenesin + terpin hydrate (VTM),20150805
967372,dextromethorphan hydrobromide + paracetamol + phenylephrine hydrochloride (VTM),20160104
625823,dextromethorphan hydrobromide + paracetamol + pseudoephedrine hydrochloride (VTM),20131005
962501,dextromethorphan hydrobromide + phenylephrine hydrochloride (VTM),20151115
610139,dextromethorphan hydrobromide + pseudoephedrine hydrochloride (VTM),20131005
640251,dextromethorphan hydrobromide + pseudoephedrine hydrochloride + triprolidine hydrochloride (VTM),20131005
610211,dextromethorphan hydrobromide + sodium citrate (VTM),20131005
455063,dextromethorphan hydrobromide + terpin hydrate (VTM),20130805
302394,dextropropoxyphene + paracetamol (VTM),20130805
528522,dextrose (VTM),20130914
805330,dextrose + dobutamine (VTM),20140602
963986,dextrose + dopamine hydrochloride (VTM),20151206
677918,dextrose + glycerol + sodium chloride (VTM),20140104
571947,dextrose + glyceryl trinitrate (VTM),20131005
566565,dextrose + lidocaine (VTM),20131005
910535,dextrose + nicotinamide + pyridoxine + riboflavin + thiamine (VTM),20150228
1294411,dextrose + norepinephrine (VTM),20240328
674281,dextrose + potassium chloride (VTM),20140104
779535,dextrose + potassium chloride + sodium chloride + sodium citrate (VTM),20230604
857574,dextrose + potassium chloride + sodium chloride + sodium citrate dihydrate (VTM),20141019
825026,dextrose + potassium chloride + sodium chloride + trisodium citrate dihydrate (VTM),20140721
521749,dextrose + sodium chloride (VTM),20130914
521059,dextrose monohydrate (VTM),20130914
746039,diacerein (VTM),20140304
255976,diazepam (VTM),20130805
560589,diazepam + lidocaine (VTM),20131005
693588,diazoxide (VTM),20140118
938891,dibasic potassium phosphate (VTM),20150503
775335,dibasic potassium phosphate + dibasic sodium phosphate + monobasic potassium phosphate + monobasic sodium phosphate (VTM),20140407
950674,dibasic potassium phosphate + dibasic sodium phosphate + monobasic potassium phosphate + sodium dihydrogen phosphate monohydrate (VTM),20150614
954446,dibasic potassium phosphate + dibasic sodium phosphate anhydrous + monobasic potassium phosphate + monobasic sodium phosphate (VTM),20150716
923434,dibasic potassium phosphate + monobasic potassium phosphate (VTM),20150404
863412,dibasic potassium phosphate + monobasic potassium phosphate + potassium chloride + sodium bicarbonate (VTM),20141123
1005370,dibasic sodium phosphate (VTM),20170329
950571,dibasic sodium phosphate + macrogol 4000 + potassium chloride + sodium bicarbonate + sodium chloride (VTM),20150614
998927,dibasic sodium phosphate + monobasic potassium phosphate (VTM),20161203
992078,dibasic sodium phosphate + monobasic potassium phosphate + monobasic sodium phosphate (VTM),20160731
485359,dibasic sodium phosphate + monobasic sodium phosphate (VTM),20130826
1122651,dibasic sodium phosphate + monobasic sodium phosphate + phenylephrine hydrochloride (VTM),20190815
923614,dibasic sodium phosphate + phosphoric acid (VTM),20150404
1118898,dibasic sodium phosphate + potassium chloride + sodium bicarbonate + sodium chloride (VTM),20190629
923512,dibasic sodium phosphate anhydrous + phosphoric acid (VTM),20150404
943144,diclofenac + phenylephrine + tropicamide (VTM),20150515
917117,diclofenac potassium (VTM),20150404
226034,diclofenac sodium (VTM),20130713
523526,diclofenac sodium + gentamicin (VTM),20130914
959279,diclofenac sodium + lidocaine hydrochloride (VTM),20150920
238104,dicloxacillin (VTM),20130805
259565,dicyclomine hydrochloride + diphenhydramine hydrochloride (VTM),20130805
310970,dicycloverine hydrochloride (VTM),20130805
246489,dicycloverine hydrochloride + mefenamic acid (VTM),20130805
261403,dicycloverine hydrochloride + simeticone (VTM),20130805
472704,didanosine (VTM),20130805
790903,dienogest (VTM),20140504
683260,dienogest + estradiol valerate (VTM),20140104
657234,diethylcarbamazine citrate (VTM),20131102
841087,diflucortolone valerate + isoconazole nitrate (VTM),20140817
684781,diflunisal (VTM),20140104
717622,digoxin (specific antibody fragments) (VTM),20140118
273044,digoxin (VTM),20130805
994509,dihydroartemisinin + piperaquine tetraphosphate (VTM),20161117
903887,dihydroergocornine mesilate + dihydroergocristine mesilate + dihydroergocryptine mesilate (VTM),20150228
312689,dihydroergocristine (VTM),20130805
754749,dihydroergotoxine mesilate (VTM),20140407
737031,dihydroergotoxine mesilate + ergoloid mesylates (VTM),20140214
319944,diiodohydroxyquinoline (VTM),20130805
695336,diiodohydroxyquinoline + furazolidone + kaolin + neomycin + phthalylsulfathiazole (VTM),20140118
796502,diiodohydroxyquinoline + furazolidone + neomycin sulfate + phthalylsulfathiazole (VTM),20140519
422606,diiodohydroxyquinoline + nystatin (VTM),20130805
819820,dill oil + sodium bicarbonate (VTM),20140705
221119,diltiazem hydrochloride (VTM),20130627
266482,dimenhydrinate (VTM),20130805
1266877,dimenhydrinate + lidocaine hydrochloride (VTM),20230617
975731,dimenhydrinate + pyridoxine (VTM),20160305
967522,dimenhydrinate + pyridoxine hydrochloride (VTM),20160104
876875,dimercaprol (VTM),20150105
980549,dimercaptopropanesulfonate (VTM),20160404
813778,dimethindene maleate (VTM),20140616
1163144,dimethyl fumarate (VTM),20201002
891280,dimethyl sulfoxide (VTM),20150202
221126,dimethyl sulfoxide + fluorouracil + salicylic acid (VTM),20130627
891331,dimethyl sulfoxide + triamcinolone acetonide (VTM),20150202
993402,dimeticone + dried aluminium hydroxide gel + magnesium hydroxide + mannitol (VTM),20160904
964164,dimetindene + phenylephrine hydrochloride (VTM),20151207
1278570,dinalbuphine sebacate (VTM),20230805
649056,dinoprostone (VTM),20131005
720628,diosmectite (VTM),20140118
312754,diosmin (VTM),20141012
737524,diosmin + hesperidin (VTM),20140214
955772,diphenhydramine hydrochloride (VTM),20150805
625899,diphenhydramine hydrochloride + guaifenesin + paracetamol + pseudoephedrine hydrochloride (VTM),20131005
614343,diphenhydramine hydrochloride + guaifenesin + sodium citrate (VTM),20131005
975749,diphenhydramine hydrochloride + paracetamol (VTM),20160305
961285,diphenhydramine hydrochloride + paracetamol + pseudoephedrine hydrochloride (VTM),20151018
614565,diphenhydramine hydrochloride + pseudoephedrine hydrochloride (VTM),20131005
843089,diphenidol hydrochloride (VTM),20140901
1049197,diphenylcyclopropenone (VTM),20190103
877391,diphenylpyraline-8-chlorotheophyllinate (VTM),20150105
717481,diphtheria antitoxin (VTM),20140118
1004962,diphtheria toxoid + filamentous haemagglutinin (FHA) + recombinant pertussis toxin (rPT) + tetanus toxoid (VTM),20170316
980992,diphtheria toxoid + haemophilus influenzae type b vaccine + hepatitis B virus vaccine + pertussis + tetanus toxoid (VTM),20160417
669133,"diphtheria toxoid + haemophilus influenzae type b vaccine + hepatitis B virus vaccine + pertussis vaccine, acellular + poliomyelitis, inactived type 1 (vero cell) + poliomyelitis, inactived type 2 (vero cell) + poliomyelitis, inactived type 3 (vero cell) + tetanus toxoid (VTM)",20131130
1119409,"diphtheria toxoid + haemophilus influenzae type b vaccine + hepatitis B virus vaccine + pertussis vaccine, whole cell + tetanus toxoid (VTM)",20190714
669069,"diphtheria toxoid + haemophilus influenzae type b vaccine + pertussis vaccine, acellular + poliomyelitis, inactived type 1 (vero cell) + poliomyelitis, inactived type 2 (vero cell) + poliomyelitis, inactived type 3 (vero cell) + tetanus toxoid (VTM)",20131130
673448,"diphtheria toxoid + haemophilus influenzae type b vaccine + pertussis vaccine, acellular + tetanus toxoid (VTM)",20131215
669893,"diphtheria toxoid + haemophilus influenzae type b vaccine + pertussis vaccine, whole cell + poliomyelitis, inactived type 1 (vero cell) + poliomyelitis, inactived type 2 (vero cell) + poliomyelitis, inactived type 3 (vero cell) + tetanus toxoid (VTM)",20131130
792140,"diphtheria toxoid + haemophilus influenzae type b vaccine + pertussis vaccine, whole cell + tetanus toxoid (VTM)",20140519
673597,"diphtheria toxoid + hepatitis B virus vaccine + pertussis vaccine, acellular + tetanus toxoid (VTM)",20131215
672932,"diphtheria toxoid + hepatitis B virus vaccine + pertussis vaccine, whole cell + tetanus toxoid (VTM)",20131215
846133,"diphtheria toxoid + hepatitis B virus vaccine + pertussis, inactived + tetanus toxoid (VTM)",20140914
668321,"diphtheria toxoid + pertussis vaccine, acellular + poliomyelitis, inactived type 1 (vero cell) + poliomyelitis, inactived type 2 (vero cell) + poliomyelitis, inactived type 3 (vero cell) + tetanus toxoid (VTM)",20131130
560948,"diphtheria toxoid + pertussis vaccine, acellular + tetanus toxoid (VTM)",20190617
741608,"diphtheria toxoid + pertussis vaccine, inactivated bordetella + tetanus toxoid (VTM)",20140304
669599,"diphtheria toxoid + pertussis vaccine, whole cell + tetanus toxoid (VTM)",20131130
673940,diphtheria toxoid + pneumococcal polysaccharide serotype 1 + pneumococcal polysaccharide serotype 14 + pneumococcal polysaccharide serotype 18C + pneumococcal polysaccharide serotype 19F + pneumococcal polysaccharide serotype 23F + pneumococcal polysaccharide serotype 4 + pneumococcal polysaccharide serotype 5 + pneumococcal polysaccharide serotype 6B + pneumococcal polysaccharide serotype 7F + pneumococcal polysaccharide serotype 9V + protein D + tetanus toxoid (VTM),20131215
668460,diphtheria toxoid + tetanus toxoid (VTM),20131130
532615,dipotassium clorazepate (VTM),20190531
221135,dipyridamole (VTM),20130627
954576,diquafosol sodium (VTM),20150805
221142,disodium clodronate (VTM),20130627
233258,disulfiram (VTM),20130805
705872,dithranol (VTM),20140118
953297,dithranol + salicylic acid (VTM),20150703
763246,dl-alpha-tocopheryl acetate (VTM),20140407
519578,dobutamine (VTM),20130914
221157,docetaxel (VTM),20130627
731304,docusate sodium (VTM),20140202
1293920,dog (Canis familiaris) hair allergen extract (VTM),20240328
1002339,dolutegravir (VTM),20170114
1193963,dolutegravir + emtricitabine + tenofovir alafenamide (VTM),20210715
1232355,dolutegravir + lamivudine (VTM),20220428
1160435,dolutegravir + lamivudine + tenofovir disoproxil fumarate (VTM),20200920
255159,domperidone (VTM),20130805
249077,donepezil hydrochloride (VTM),20130805
963972,dopamine (VTM),20151206
970550,dopamine hydrochloride (VTM),20160117
656825,doripenem (VTM),20131102
521868,dorzolamide (VTM),20130914
522838,dorzolamide + timolol (VTM),20130914
273211,doxazosin (VTM),20130805
443215,doxepin (VTM),20130805
255723,doxofylline (VTM),20130805
221161,doxorubicin hydrochloride (VTM),20130627
226393,doxycycline (VTM),20130805
984572,doxycycline hyclate (VTM),20160515
840126,doxylamine succinate (VTM),20140817
1298390,doxylamine succinate + pyridoxine hydrochloride (VTM),20240516
766800,d-panthenol + nicotinamide + pyridoxine + riboflavin + thiamine (VTM),20140407
763850,dried aluminium hydroxide gel (VTM),20140407
1126024,dried aluminium hydroxide gel + magnesium hydroxide (VTM),20190913
859015,dried aluminium hydroxide gel + magnesium hydroxide + simeticone (VTM),20141019
1139145,dried aluminium hydroxide gel + magnesium trisilicate + menthol (VTM),20200227
1161188,dried aluminium hydroxide gel + magnesium trisilicate + peppermint oil (VTM),20200920
383776,dronedarone (VTM),20130805
1194440,drospirenone (VTM),20210715
1259354,drospirenone + estetrol (VTM),20230401
679434,drospirenone + estradiol (VTM),20140104
683481,drospirenone + ethinylestradiol (VTM),20140104
944327,drospirenone + ethinylestradiol + levomefolate calcium (VTM),20150601
964585,drotaverine hydrochloride (VTM),20151207
1017653,dulaglutide (VTM),20171103
299325,duloxetine (VTM),20130805
1128609,dupilumab (VTM),20191019
1115556,durvalumab (VTM),20190614
255536,dutasteride (VTM),20130805
1001712,dutasteride + tamsulosin hydrochloride (VTM),20161231
319176,dydrogesterone (VTM),20130805
680575,dydrogesterone + estradiol (VTM),20140104
840220,echinaceae angustifoliae + sabal serrulatiaguosum siccum + trospium chloride (VTM),20140817
501637,econazole nitrate (VTM),20130830
501721,econazole nitrate + triamcinolone acetonide (VTM),20130830
1312387,eculizumab (VTM),20241102
1203697,edaravone (VTM),20210930
961926,edetate disodium (VTM),20151018
931516,edetic acid (VTM),20150418
1007001,edoxaban (VTM),20170414
710204,EDTA (VTM),20141012
255429,efavirenz (VTM),20130805
765067,efavirenz + emtricitabine + tenofovir disoproxil fumarate (VTM),20140407
1294469,efavirenz + lamivudine + tenofovir disoproxil fumarate (VTM),20240328
1016865,elbasvir + grazoprevir (VTM),20171012
677197,electrolytes (VTM),20140104
424420,eletriptan (VTM),20130805
1196525,elobixibat (VTM),20210731
1021384,elosulfase alfa (VTM),20171213
426096,eltrombopag (VTM),20130805
1141445,emicizumab (VTM),20200404
965137,empagliflozin (VTM),20151207
1013917,empagliflozin + linagliptin (VTM),20170916
996292,empagliflozin + metformin hydrochloride (VTM),20161106
1159274,emtricitabine + tenofovir alafenamide (VTM),20200904
661993,emtricitabine + tenofovir disoproxil fumarate (VTM),20131102
934011,emulsifying wax + white petrolatum (VTM),20150503
746428,enalapril maleate (VTM),20140324
1283630,enfortumab vedotin (VTM),20230915
720692,enfuvirtide (VTM),20140118
221188,enoxaparin sodium (VTM),20130627
293553,entacapone (VTM),20130805
258188,entecavir (VTM),20130805
1244256,"enterovirus type 71 vaccine, inactivated (human diploid cell) (VTM)",20221014
1167444,entrectinib (VTM),20201202
997163,enzalutamide (VTM),20161117
714416,enzyme extract + herbs (VTM),20140118
644318,enzyme extract from aspergillusoryzae + pancreatin (VTM),20131005
1131468,enzyme extract from n*zimes + ginger rhizome powder extract + peppermint leaf powder extract (VTM),20191115
322648,eperisone hydrochloride (VTM),20130805
705360,ephedrine hydrochloride (VTM),20140118
928966,ephedrine hydrochloride + lidocaine hydrochloride (VTM),20150404
963597,ephedrine hydrochloride + sodium chloride (VTM),20151116
526300,epinastine hydrochloride (VTM),20130914
537006,epinephrine (VTM),20131005
1114060,epinephrine + lidocaine hydrochloride (VTM),20190531
568219,epinephrine + mepivacaine hydrochloride (VTM),20131005
221190,epirubicin hydrochloride (VTM),20130627
877963,epoetin alfa (VTM),20150105
689991,epoetin beta (VTM),20140104
1226103,epoetin theta (VTM),20220316
991542,eprosartan (VTM),20160731
221208,eprosartan + hydrochlorothiazide (VTM),20130627
725340,eptacog alfa (activated) (VTM),20140118
221220,eptifibatide (VTM),20130627
1290352,eptinezumab (VTM),20240111
1177248,erdafitinib (VTM),20210211
684924,erdosteine (VTM),20140104
1127401,erenumab (VTM),20191004
476411,ergocalciferol (VTM),20130805
871804,ergocalciferol + retinyl acetate (VTM),20141129
254402,ergometrine maleate + ergotamine tartrate (VTM),20130805
851587,ergotamine tartrate (VTM),20141004
1002838,eribulin mesilate (VTM),20170205
221231,erlotinib (VTM),20130627
561418,ertapenem (VTM),20131005
322420,erythromycin (VTM),20130805
654449,erythromycin + isotretinoin (VTM),20131102
616023,erythromycin + sulfafurazole (VTM),20131005
875671,erythrosine (VTM),20141214
359484,escitalopram (VTM),20130805
1189995,esflurbiprofen (VTM),20210513
1292434,esketamine (VTM),20240301
989242,esmolol hydrochloride (VTM),20160703
221249,esomeprazole (VTM),20130627
221254,esomeprazole + naproxen (VTM),20130627
740991,essential keto acids (VTM),20140304
686188,essential phospholipids (VTM),20140104
983075,estradiol (VTM),20160430
882459,estradiol + nomegestrol acetate (VTM),20150119
679362,estradiol + norethisterone acetate (VTM),20140104
1105263,estradiol benzoate (VTM),20190331
561642,estradiol benzoate + progesterone (VTM),20131005
680095,estradiol cypionate + medroxyprogesterone acetate (VTM),20140104
682805,estradiol valerate (VTM),20140104
974283,estradiol valerate + medroxyprogesterone acetate (VTM),20160213
980971,estradiol valerate + norgestrel (VTM),20170329
682366,estriol (VTM),20140104
646336,estriol + lactobacillus acidophilus agent (VTM),20131005
268338,etafedrine hydrochloride + guaifenesin + theophylline (VTM),20130805
221265,etanercept (VTM),20130627
1112383,etelcalcetide (VTM),20190504
226994,ethambutol hydrochloride (VTM),20130805
330285,ethambutol hydrochloride + isoniazid + pyrazinamide + rifampicin (VTM),20130805
975777,ethambutol hydrochloride + isoniazid + pyridoxine hydrochloride (VTM),20160305
385611,ethambutol hydrochloride + isoniazid + rifampicin (VTM),20130805
682234,ethinylestradiol + etonogestrel (VTM),20140104
755252,ethinylestradiol + ferrous fumarate + levonorgestrel (VTM),20140407
680988,ethinylestradiol + gestodene (VTM),20140104
681653,ethinylestradiol + levonorgestrel (VTM),20140104
680523,ethinylestradiol + norelgestromin (VTM),20140104
679679,ethinylestradiol + norgestimate (VTM),20140104
776362,ethinylestradiol + norgestrel (VTM),20140420
808044,ethiodized oil (131I) (VTM),20140602
322987,ethionamide (VTM),20130805
707965,ethyl alcohol (VTM),20140118
956699,ethyl alcohol + gentian violet (VTM),20150805
960645,ethyl alcohol + glycerol (VTM),20150922
885636,ethyl alcohol + glycerol + propylene glycol (VTM),20150119
1148933,ethyl alcohol + glycerol + sodium chloride (VTM),20200614
976690,ethyl alcohol + methoxsalen (VTM),20160307
976345,ethyl alcohol + methoxsalen + propylene glycol (VTM),20160307
934237,ethyl alcohol + orange oil (VTM),20150503
918260,ethyl alcohol + orange oil + propylene glycol (VTM),20150404
934510,ethyl alcohol + peppermint oil (VTM),20150503
977031,ethyl alcohol + propylene glycol (VTM),20160307
806778,ethyl chloride (VTM),20140602
685056,ethyl esters of iodized fatty acids of poppy seed oil (VTM),20140104
877256,ethyl p-piperidylacetylaminobenzoate + magcerin (VTM),20150105
968212,ethyladrianol hydrochloride (VTM),20160104
221277,etidronate disodium (VTM),20130627
996957,etifoxine hydrochloride (VTM),20161117
968142,etilefrine hydrochloride (VTM),20160104
221283,etodolac (VTM),20130627
561711,etomidate (VTM),20131005
680445,etonogestrel (VTM),20140104
221296,etoposide (VTM),20130627
221306,etoricoxib (VTM),20130627
349184,etravirine (VTM),20130805
797131,eucalyptus oil (VTM),20140519
1031669,eucalyptus oil + eugenol + menthol + methyl salicylate (VTM),20180601
844889,eucalyptus oil + menthol + methyl salicylate (VTM),20140901
1040668,eucalyptus oil + menthol + methyl salicylate + peppermint oil (VTM),20181010
1285384,eucalyptus oil + menthol + turpentine oil (VTM),20231013
518158,euflavine + thymol (VTM),20130830
780172,eugenol + mannitol + methyl salicylate (VTM),20140420
715212,eugenol + menthol + methyl salicylate (VTM),20140118
964516,eugenol + menthol + methyl salicylate + peppermint oil + turpentine oil (VTM),20151207
739075,eugenol + menthol + methyl salicylate + piroxicam (VTM),20140214
808125,eugenol + menthol + methyl salicylate + thymol (VTM),20140602
221310,everolimus (VTM),20130627
1260238,evogliptin (VTM),20230401
1024360,evolocumab (VTM),20180215
221323,exemestane (VTM),20130627
735118,exenatide (VTM),20140214
221334,ezetimibe (VTM),20130627
1324457,ezetimibe + rosuvastatin (VTM),20250301
221347,ezetimibe + simvastatin (VTM),20130627
867568,factor ix complex (VTM),20141123
724495,factor VIII inhibitor bypassing activity (VTM),20140118
324942,famciclovir (VTM),20130805
221352,famotidine (VTM),20130627
943641,fampridine (VTM),20150601
1245051,faricimab (VTM),20221014
1140904,favipiravir (VTM),20200314
958669,febuxostat (VTM),20150910
1295859,fedratinib (VTM),20240412
221368,felodipine (VTM),20130627
1001346,felodipine + metoprolol succinate (VTM),20161231
221375,fenbufen (VTM),20130627
221381,fenofibrate (VTM),20130627
1026202,fenofibrate + pravastatin sodium (VTM),20180315
822253,fenofibric acid (VTM),20140705
911280,fenoterol hydrobromide + ipratropium bromide (VTM),20150228
824378,fenpiverinium bromide + pitofenone hydrochloride (VTM),20140721
535246,fentanyl (VTM),20130914
952082,ferric ammonium citrate (VTM),20150614
1166994,ferric carboxymaltose (VTM),20201115
1309287,ferric citrate (VTM),20241005
944861,ferric hydroxide polymaltose complex (VTM),20150601
689650,ferrous fumarate (VTM),20140104
1142852,ferrous fumarate + folic acid (VTM),20200404
737374,ferrous fumarate + folic acid + potassium iodide (VTM),20140214
715637,ferrous fumarate + folic acid + pyridoxine (VTM),20140118
940282,ferrous fumarate + multivitamins (VTM),20150515
695944,ferrous sulfate (VTM),20140118
980698,ferrous sulfate + nitric acid + sulfuric acid (VTM),20160404
837933,ferrous sulfate + thiamine (VTM),20140817
718920,fesoterodine fumarate (VTM),20140118
974368,fexofenadine hydrochloride (VTM),20160214
453677,fexofenadine hydrochloride + pseudoephedrine hydrochloride (VTM),20130805
1025927,filamentous haemagglutinin (FHA) + recombinant pertussis toxin (rPT) (VTM),20180315
221399,filgrastim (VTM),20131103
1048752,fimasartan (VTM),20190103
1125258,fimasartan potassium (VTM),20190913
260954,finasteride (VTM),20130805
1285268,finerenone (VTM),20231013
646241,fingolimod (VTM),20131005
1034775,fish oil + medium chain triglycerides + olive oil + soya oil (VTM),20180713
904492,flavoxate hydrochloride (VTM),20150228
650557,flecainide acetate (VTM),20131005
347927,floctafenine (VTM),20130805
263849,fluconazole (VTM),20130805
717273,flucytosine (VTM),20140118
769275,fludarabine phosphate (VTM),20140407
327643,fludrocortisone acetate (VTM),20130805
992406,fludrocortisone acetate + furaltadone hydrochloride + lidocaine hydrochloride + neomycin + polymyxin b sulfate (VTM),20160811
782011,flumazenil (VTM),20140504
832007,flumetasone pivalate + salicylic acid (VTM),20140803
264989,flunarizine (VTM),20130805
534544,flunitrazepam (VTM),20130914
710270,fluocinolone acetonide (VTM),20140118
502319,fluocinolone acetonide + gentamicin (VTM),20130830
992410,fluocinolone acetonide + hydroquinone + tretinoin (VTM),20161016
929020,fluocinolone acetonide + lidocaine hydrochloride (VTM),20150404
502507,fluocinolone acetonide + neomycin sulfate (VTM),20130830
928627,fluocinonide (VTM),20150404
438402,fluocortolone pivalate + lidocaine hydrochloride (VTM),20130805
975796,fluorescein sodium (VTM),20160305
1032397,fluorescein sodium + lidocaine hydrochloride (VTM),20180601
985332,fluorometholone (VTM),20160605
521950,fluorometholone acetate (VTM),20170929
220295,fluorouracil (VTM),20141012
230362,fluoxetine (VTM),20130805
992819,flupentixol (VTM),20160815
905692,flupentixol + melitracen (VTM),20150228
992447,flupentixol decanoate (VTM),20160815
278241,fluphenazine + nortriptyline (VTM),20130805
764452,fluphenazine decanoate (VTM),20140407
221427,flurbiprofen (VTM),20130627
221436,flutamide (VTM),20130627
692497,fluticasone furoate (VTM),20140104
1221477,fluticasone furoate + umeclidinium + vilanterol (VTM),20220203
996743,fluticasone furoate + vilanterol (VTM),20161106
692568,fluticasone propionate (VTM),20140104
1028288,fluticasone propionate + formoterol fumarate dihydrate (VTM),20180505
1151553,fluticasone propionate + salmeterol (VTM),20200718
221443,fluvastatin (VTM),20130627
738192,fluvoxamine (VTM),20140214
645839,fluvoxamine maleate (VTM),20131005
975806,folic acid (VTM),20160305
323254,folic acid + iron (VTM),20130805
849615,folic acid + multivitamins + zinc (VTM),20140914
1262712,folic acid + potassium iodide (VTM),20230513
974231,folinic acid (VTM),20160129
680696,follitropin alfa (VTM),20140104
682544,follitropin alfa + lutropin alfa (VTM),20140104
682996,follitropin beta (VTM),20140104
1220302,follitropin delta (VTM),20211230
221458,fondaparinux sodium (VTM),20130627
503308,formaldehyde (VTM),20130830
956597,formaldehyde + sodium chloride (VTM),20150805
822604,formoterol fumarate dihydrate + mometasone furoate (VTM),20140705
696014,fosaprepitant (VTM),20140118
717343,foscarnet sodium (VTM),20140118
330770,fosfomycin (VTM),20130805
721158,fosfructose trisodium (VTM),20140118
803260,fosphenytoin sodium (VTM),20140602
221462,fotemustine (VTM),20130627
740650,framycetin sulfate (VTM),20140304
1190318,fremanezumab (VTM),20210604
734663,fructose + glycerol + sodium chloride (VTM),20141012
854032,fuller's earth (VTM),20141004
221470,fulvestrant (VTM),20130627
955153,furazolidone (VTM),20150805
621452,furazolidone + kaolin + neomycin (VTM),20131005
621549,furazolidone + kaolin + neomycin + pectin (VTM),20131005
694335,furazolidone + kaolin + pectin (VTM),20140118
818668,furazolidone + metronidazole + phthalylsulfathiazole (VTM),20140705
303999,furosemide (VTM),20130805
580297,fursultiamine (VTM),20131005
1010936,fursultiamine + hydroxocobalamin + mepivacaine hydrochloride + pyridoxine hydrochloride (VTM),20170629
699090,fursultiamine + riboflavin (VTM),20140118
646097,fusidic acid (VTM),20190714
797407,fusidic acid + hydrocortisone acetate (VTM),20140519
322150,gabapentin (VTM),20130805
815915,gadobenate dimeglumine (VTM),20140616
814216,gadobutrol (VTM),20140616
834077,gadodiamide (VTM),20140803
876749,gadopentetic acid (VTM),20150105
805849,gadoteric acid (VTM),20140602
777731,gadoversetamide (VTM),20140420
835260,gadoxetate disodium (VTM),20140803
424837,galantamine (VTM),20130805
1206966,galcanezumab (VTM),20211029
785729,gamma benzene hexachloride (VTM),20140504
782360,gamma-aminobutyric acid (VTM),20140504
221489,gamma-oryzanol (VTM),20130627
299445,ganciclovir (VTM),20130805
834240,ganirelix (VTM),20140803
454905,gatifloxacin (VTM),20130805
221491,gefitinib (VTM),20130627
221502,gemcitabine (VTM),20130627
221518,gemfibrozil (VTM),20130627
1100686,gemifloxacin mesilate (VTM),20190302
1003170,gemigliptin (VTM),20170205
1245290,gemigliptin + metformin hydrochloride (VTM),20221014
503591,gentamicin (VTM),20130830
1001966,gentamicin + hypromellose (VTM),20170114
971066,gentamicin + moxifloxacin (VTM),20160117
524388,gentamicin + prednisolone (VTM),20130914
1144460,gentamicin sulfate + hypromellose (VTM),20200429
883413,gentian violet (VTM),20150119
1256862,gilteritinib (VTM),20230304
221525,gimeracil + oteracil potassium + tegafur (VTM),20130627
675320,ginger tincture + povidone iodine (VTM),20141013
685162,ginkgo biloba extract (VTM),20140104
730566,ginkgo biloba extract + heptaminol + troxerutin (VTM),20140202
685284,ginseng extract (VTM),20140104
835786,ginseng extract + minerals + multivitamins (VTM),20140803
1006290,glacial acetic acid (VTM),20170329
979761,glacial acetic acid + sodium chloride (VTM),20160404
1138144,glatiramer acetate (VTM),20200227
246980,glibenclamide (VTM),20130805
337584,glibenclamide + metformin hydrochloride (VTM),20130805
232135,gliclazide (VTM),20130805
336368,gliclazide + metformin hydrochloride (VTM),20130805
237053,glimepiride (VTM),20130805
237341,glimepiride + metformin hydrochloride (VTM),20130805
733200,glimepiride + rosiglitazone (VTM),20140202
248295,glipizide (VTM),20130805
337891,gliquidone (VTM),20130805
696183,glucosamine sulfate (VTM),20140118
221541,glucosamine sulfate + lidocaine hydrochloride (VTM),20130627
956827,glutamic acid (VTM),20150805
961677,glutaral (VTM),20151018
843516,glutaraldehyde (VTM),20140901
956794,glutaraldehyde + sodium barbiturate (VTM),20150805
710941,glycerine borax (VTM),20140118
265050,glycerol (VTM),20130805
1124219,glycerol + hydrogen peroxide (VTM),20190829
922418,glycerol + lidocaine hydrochloride (VTM),20150404
934612,glycerol + octadecanoic acid + olive oil + potassium hydroxide (VTM),20150503
691615,glycerol + polysorbate 80 (VTM),20141012
1015035,glycerol + quinine sulfate (VTM),20170916
1052504,glycerol + salicylic acid + trichloroacetic acid (VTM),20190203
989773,glycerol + sodium bicarbonate (VTM),20160703
896936,glycerol + sodium borate (VTM),20150218
952114,glycerol + sodium chloride (VTM),20150614
880566,glycerol + sorbitol (VTM),20150105
880495,glycerol + sorbitol + syrup (VTM),20150105
899458,glycerol monostearate (VTM),20150218
1027875,glyceryl trinitrate (VTM),20180504
529602,glycine (VTM),20130914
711226,glycolic acid (VTM),20140118
971857,glycolic acid + tretinoin + triamcinolone acetonide (VTM),20160117
672749,glycopyrronium (VTM),20131215
968347,glycopyrronium + indacaterol (VTM),20160104
1199303,glycopyrronium bromide (VTM),20210813
950456,glycyrrhiza (VTM),20150614
1303242,glycyrrhiza + potassium guaiacolsulfonate + sodium citrate dihydrate (VTM),20240802
779221,golimumab (VTM),20140420
221556,goserelin (VTM),20130627
504391,gramicidin + neomycin + nystatin + triamcinolone acetonide (VTM),20130830
1317368,gramicidin + neomycin + polymyxin B (VTM),20241215
718070,gramicidin + neomycin + polymyxin b sulfate (VTM),20140118
700245,gramicidin + neomycin sulfate + polymyxin b sulfate (VTM),20140118
685353,granisetron (VTM),20140104
762181,green pit viper antivenin (VTM),20140407
776729,green pit viper antivenin + malayan pit viper antivenin + russell's viper antivenin (VTM),20140420
247929,griseofulvin (VTM),20130805
616132,guaifenesin (VTM),20131005
967496,guaifenesin + phenylephrine hydrochloride (VTM),20160104
371381,guaifenesin + pseudoephedrine hydrochloride (VTM),20130805
456879,guaifenesin + pseudoephedrine hydrochloride + theophylline (VTM),20130805
400850,guaifenesin + pseudoephedrine hydrochloride + triprolidine hydrochloride (VTM),20130805
697905,guaifenesin + salbutamol (VTM),20140118
859563,guaifenesin + terbutaline sulfate (VTM),20141019
929553,guaifenesin + theophylline (VTM),20150418
1114437,guselkumab (VTM),20190531
699911,haemodialysate (VTM),20140118
699850,haemodialysate + lauromacrogol 400 (VTM),20140118
792210,haemophilus influenzae type b vaccine (VTM),20140519
672555,haemophilus influenzae type b vaccine + tetanus toxoid (VTM),20131215
331145,haloperidol (VTM),20130805
834175,hamamelis water (VTM),20140803
690528,heparin sodium (VTM),20140104
672211,hepatitis A virus vaccine (VTM),20131215
673652,hepatitis A virus vaccine + hepatitis B virus vaccine (VTM),20131215
1023399,"hepatitis A virus vaccine, live attenuated (VTM)",20180203
975810,hepatitis B surface antigen immunoglobulin (VTM),20160305
975823,hepatitis B virus vaccine (VTM),20160305
939382,hexachlorophene + resorcinol + salicylic acid + zinc oxide (VTM),20150503
936565,hexachlorophene + salicylic acid (VTM),20150503
718559,hexylresorcinol (VTM),20140118
1289794,highly purified human menopausal gonadotropin (VTM),20231228
1296696,histamine (VTM),20240412
867095,histidine (VTM),20141123
764772,histidine + isoleucine + leucine + lysine hydrochloride + methionine + phenylalanine + threonine + tryptophan + valine (VTM),20170903
841428,histrelin acetate (VTM),20140817
1304528,human anti-d immunoglobulin (VTM),20240817
1003831,human coagulation factor VIII (VTM),20170218
724699,human fibrinogen (VTM),20140118
724634,human fibrinogen + thrombin (VTM),20140118
1025096,human glucagon (VTM),20180302
1200483,human hepatitis B immunoglobulin (VTM),20210813
1003952,human immunoglobulin G (VTM),20170218
681215,human menopausal gonadotropin (VTM),20140720
721503,human normal immunoglobulin (VTM),20140118
842890,human normal immunoglobulin + human serum albumin + immunoglobulin A + immunoglobulin M (VTM),20140901
844219,human normal immunoglobulin + immunoglobulin A + immunoglobulin M (VTM),20140901
672125,"human rotavirus, live attenuated (VTM)",20131215
741114,human serum albumin (VTM),20140304
1317933,"human-bovine rotavirus type G1 (live, attenuated) + human-bovine rotavirus type G2 (live, attenuated) + human-bovine rotavirus type G3 (live, attenuated) + human-bovine rotavirus type G4 (live, attenuated) + human-bovine rotavirus type G9 (live, attenuated) (VTM)",20241215
670303,hyaluronate sodium (VTM),20131130
784238,hyaluronate sodium + sodium chondroitin sulfate (VTM),20140504
721311,hyaluronic acid (VTM),20140118
799915,hyaluronic acid + lidocaine (VTM),20140519
1027253,hyaluronic acid + lidocaine hydrochloride (VTM),20180412
733394,hydralazine hydrochloride (VTM),20140202
345720,hydralazine hydrochloride + hydrochlorothiazide + reserpine (VTM),20130805
297835,hydrochlorothiazide (VTM),20130805
221587,hydrochlorothiazide + irbesartan (VTM),20130627
221594,hydrochlorothiazide + losartan potassium (VTM),20130627
221600,hydrochlorothiazide + olmesartan medoxomil (VTM),20130627
221616,hydrochlorothiazide + quinapril (VTM),20130627
221628,hydrochlorothiazide + ramipril (VTM),20130627
370636,hydrochlorothiazide + reserpine (VTM),20130805
221637,hydrochlorothiazide + telmisartan (VTM),20130627
736281,hydrochlorothiazide + triamterene (VTM),20140214
221644,hydrochlorothiazide + valsartan (VTM),20130627
295980,hydrocortisone (VTM),20130805
992857,hydrocortisone + miconazole nitrate (VTM),20161016
505154,hydrocortisone + neomycin sulfate (VTM),20130830
701233,hydrocortisone acetate (VTM),20140118
793195,hydrocortisone acetate + mepyramine maleate (VTM),20140519
992202,hydrocortisone acetate + urea (VTM),20160731
791918,hydrofluoric acid + sodium fluoride (VTM),20140519
731531,hydrogen peroxide (VTM),20140202
895237,hydrogen peroxide + sodium chloride (VTM),20150202
505257,hydroquinone (VTM),20130830
987228,hydroquinone + tretinoin (VTM),20160605
972854,hydroquinone + tretinoin + triamcinolone acetonide (VTM),20160128
1039943,hydroquinone + triamcinolone acetate (VTM),20180926
892411,hydroquinone + triamcinolone acetonide (VTM),20150202
1121934,hydrosulfite (VTM),20190803
1136313,hydroxocobalamin (VTM),20200130
1273325,hydroxocobalamine (VTM),20230701
221659,hydroxycarbamide (VTM),20130627
343506,hydroxychloroquine sulfate (VTM),20130805
730634,hydroxyethyl starch (VTM),20140202
1010839,hydroxyethyl starch + magnesium chloride hexahydrate + potassium chloride + sodium acetate trihydrate + sodium chloride (VTM),20170629
863465,hydroxyethyl starch + sodium chloride (VTM),20141123
994328,hydroxyprogesterone (VTM),20160917
1013787,hydroxyprogesterone caproate (VTM),20170916
733466,hydroxyzine hydrochloride (VTM),20140202
643967,hyoscine butylbromide (VTM),20141013
238266,hyoscine butylbromide + paracetamol (VTM),20141013
689335,hypromellose (VTM),20141013
1049941,hypromellose + phenylephrine hydrochloride (VTM),20190103
976516,hypromellose + sodium fluoride (VTM),20160307
1049960,hypromellose + tropicamide (VTM),20190103
221663,ibandronic acid (VTM),20130627
1022412,ibrutinib (VTM),20171228
221671,ibuprofen (VTM),20130627
697174,ibuprofen + orphenadrine citrate (VTM),20140118
221685,ibuprofen + paracetamol (VTM),20130627
1219967,icatibant (VTM),20211230
1188145,icosapent ethyl (VTM),20210429
221692,idarubicin hydrochloride (VTM),20130627
1016416,idarucizumab (VTM),20170929
806249,idursulfase (VTM),20140602
221709,ifosfamide (VTM),20130627
221713,iloprost (VTM),20130627
221721,imatinib (VTM),20130627
1211799,imdevimab (VTM),20211202
964321,imidafenacin (VTM),20151207
221732,imidapril hydrochloride (VTM),20130627
721382,imiglucerase (VTM),20140118
650722,imipramine hydrochloride (VTM),20131005
642788,imiquimod (VTM),20131005
1260342,inclisiran (VTM),20230401
398471,indacaterol (VTM),20130805
331546,indapamide (VTM),20130805
963993,indapamide + perindopril arginine (VTM),20151206
975834,indapamide + perindopril erbumine (VTM),20160305
888878,indigo carmine (VTM),20150202
658391,indinavir (VTM),20131102
221750,indobufen (VTM),20130627
717992,indocyanine green (VTM),20140118
999852,indometacin (VTM),20161203
839694,indometacin + levomenthol (VTM),20140817
292562,indometacin + metamizole (VTM),20130805
437343,indometacin + methocarbamol (VTM),20130805
352641,indometacin + phenylbutazone (VTM),20130805
221778,infliximab (VTM),20130627
1130545,"influenza type A virus vaccine, A/Brisbane/02/2018 (H1N1)pdm09-like virus + influenza type A virus vaccine, A/Kansas/14/2017 (H3N2)-like virus + influenza type B virus vaccine, B/Colorado/06/2017-like virus (VTM)",20191115
1130316,"influenza type A virus vaccine, A/Brisbane/02/2018 (H1N1)pdm09-like virus + influenza type A virus vaccine, A/Kansas/14/2017 (H3N2)-like virus + influenza type B virus vaccine, B/Colorado/06/2017-like virus + influenza type B virus vaccine, B/Phuket/3073/2013-like virus (VTM)",20191102
1138298,"influenza type A virus vaccine, A/Brisbane/02/2018 (H1N1)pdm09-like virus + influenza type A virus vaccine, A/South Australia/34/2019 (H3N2)-like virus + influenza type B virus vaccine, B/Phuket/3073/2013-like virus + influenza type B virus vaccine, B/Washington/02/2019-like virus (VTM)",20200227
1141356,"influenza type A virus vaccine, A/Brisbane/02/2018 (H1N1)pdm09-like virus + influenza type A virus vaccine, A/South Australia/34/2019 (H3N2)-like virus + influenza type B virus vaccine, B/Washington/02/2019-like virus (VTM)",20200404
1134157,"influenza type A virus vaccine, A/Brisbane/02/2018 IVR-190 (H1N1) + influenza type A virus vaccine, A/Kansas/14/2017 NYMC X-327 (H3N2) + influenza type B virus vaccine, B/Maryland/15/2016 NYMC BX-69A (VTM)",20191212
1121245,"influenza type A virus vaccine, A/Brisbane/02/2018(H1N1)pdm09-like virus + influenza type A virus vaccine, A/Kansas/14/2017(H3N2)-like virus + influenza type B virus vaccine, B/Colorado/06/2017-like virus + influenza type B virus vaccine, B/Phuket/3073/2013-like virus (VTM)",20190803
1128272,"influenza type A virus vaccine, A/Brisbane/02/2018, IVR-190(H1N1)-like virus + influenza type A virus vaccine, A/Kansas/14/2017, IVR-195(H3N2)-like virus + influenza type B virus vaccine, B/Maryland/15/2016-like virus + influenza type B virus vaccine, B/Phuket/3073/2013-like virus (VTM)",20191019
960759,"influenza type A virus vaccine, A/California/7/2009 (H1N1)pdm09-like virus + influenza type A virus vaccine, A/Switzerland/9715293/2013 (H3N2)-like virus + influenza type B virus vaccine, B/Brisbane/60/2008-like virus + influenza type B virus vaccine, B/Phuket/3073/2013-like virus (VTM)",20151005
668571,"influenza type A virus vaccine, A/California/7/2009 (H1N1)pdm09-like virus + influenza type A virus vaccine, A/Switzerland/9715293/2013 (H3N2)-like virus + influenza type B virus vaccine, B/Phuket/3073/2013-like virus (VTM)",20131130
1208544,"influenza type A virus vaccine, A/Cambodia/e0826360/2020 (H3N2)-like virus + influenza type A virus vaccine, A/Victoria/2570/2019 (H1N1)pdm09-like virus + influenza type B virus vaccine, B/Phuket/3073/2013-like virus + influenza type B virus vaccine, B/Washington/02/2019-like virus (VTM)",20211110
1327048,"influenza type A virus vaccine, A/Croatia/10136RV/2023 (H3N2)-like virus + influenza type A virus vaccine, A/Victoria/4897/2022 (H1N1)pdm09-like virus + influenza type B virus vaccine, B/Michigan/01/2021 + influenza type B virus vaccine, B/Phuket/3073/2013 (B/Yamagata lineage)-like virus (VTM)",20250313
1261082,"influenza type A virus vaccine, A/Darwin/9/2021 (H3N2)-like virus + influenza type A virus vaccine, A/Sydney/5/2021 (H1N1)pdm09-like virus + influenza type B virus vaccine, B/Austria/1359417/2021 (B/Victoria lineage)-like virus (VTM)",20230412
1261665,"influenza type A virus vaccine, A/Darwin/9/2021 (H3N2)-like virus + influenza type A virus vaccine, A/Sydney/5/2021 (H1N1)pdm09-like virus + influenza type B virus vaccine, B/Austria/1359417/2021 (B/Victoria lineage)-like virus + influenza type B virus vaccine, B/Phuket/3073/2013 (B/Yamagata lineage)-like virus (VTM)",20230412
1236452,"influenza type A virus vaccine, A/Darwin/9/2021 (H3N2)-like virus + influenza type A virus vaccine, A/Victoria/2570/2019 (H1N1)pdm09-like virus + influenza type B virus vaccine, B/Austria/1359417/2021 (B/Victoria lineage)-like virus (VTM)",20220514
1237749,"influenza type A virus vaccine, A/Darwin/9/2021 (H3N2)-like virus + influenza type A virus vaccine, A/Victoria/2570/2019 (H1N1)pdm09-like virus + influenza type B virus vaccine, B/Austria/1359417/2021 (B/Victoria lineage)-like virus + influenza type B virus vaccine, B/Austria/1359417/2021-like virus + influenza type B virus vaccine, B/Phuket/3073/2013 (B/Yamagata lineage)-like virus (VTM)",20220602
1234534,"influenza type A virus vaccine, A/Darwin/9/2021 (H3N2)-like virus + influenza type A virus vaccine, A/Victoria/2570/2019 (H1N1)pdm09-like virus + influenza type B virus vaccine, B/Austria/1359417/2021 (B/Victoria lineage)-like virus + influenza type B virus vaccine, B/Phuket/3073/2013 (B/Yamagata lineage)-like virus (VTM)",20220514
1286019,"influenza type A virus vaccine, A/Darwin/9/2021 (H3N2)-like virus + influenza type A virus vaccine, A/Victoria/4897/2022 (H1N1)pdm09-like virus + influenza type B virus vaccine, B/Austria/1359417/2021 (B/Victoria lineage)-like virus (VTM)",20231013
1286493,"influenza type A virus vaccine, A/Darwin/9/2021 (H3N2)-like virus + influenza type A virus vaccine, A/Victoria/4897/2022 (H1N1)pdm09-like virus + influenza type B virus vaccine, B/Austria/1359417/2021 (B/Victoria lineage)-like virus + influenza type B virus vaccine, B/Phuket/3073/2013 (B/Yamagata lineage)-like virus (VTM)",20231013
1278866,"influenza type A virus vaccine, A/Darwin/9/2021 (H3N2)-like virus + influenza type A virus vaccine, A/Victoria/4897/2022 (H1N1)pdm09-like virus + influenza type B virus vaccine, B/Michigan/01/2021 + influenza type B virus vaccine, B/Phuket/3073/2013 (B/Yamagata lineage)-like virus (VTM)",20230805
1158590,"influenza type A virus vaccine, A/Guangdong-Maonan/SWL1536/2019 (H1N1)pdm09-like virus + influenza type A virus vaccine, A/Hong Kong/2671/2019 (H3N2)-like virus + influenza type B virus vaccine, B/Phuket/3073/2013-like virus + influenza type B virus vaccine, B/Washington/02/2019-like virus (VTM)",20200815
1162595,"influenza type A virus vaccine, A/Guangdong-Maonan/SWL1536/2019 (H1N1)pdm09-like virus + influenza type A virus vaccine, A/Hong Kong/2671/2019 (H3N2)-like virus + influenza type B virus vaccine, B/Washington/02/2019-like virus (VTM)",20201002
1160125,"influenza type A virus vaccine, A/Guangdong-Maonan/SWL1536/2019 CNIC-1909 (H1N1)pdm09-like virus + influenza type A virus vaccine, A/Hong Kong/2671/2019 NIB-121 (H3N2)-like virus + influenza type B virus vaccine, B/Phuket/3073/2013-like virus + influenza type B virus vaccine, B/Washington/02/2019-like virus (VTM)",20200904
1182957,"influenza type A virus vaccine, A/Hong Kong/2671/2019 (H3N2)-like virus + influenza type A virus vaccine, A/Victoria/2570/2019 (H1N1)pdm09-like virus + influenza type B virus vaccine, B/Phuket/3073/2013-like virus + influenza type B virus vaccine, B/Washington/02/2019-like virus (VTM)",20210331
1183284,"influenza type A virus vaccine, A/Hong Kong/2671/2019 (H3N2)-like virus + influenza type A virus vaccine, A/Victoria/2570/2019 (H1N1)pdm09-like virus + influenza type B virus vaccine, B/Washington/02/2019-like virus (VTM)",20210331
1188317,"influenza type A virus vaccine, A/Hong Kong/2671/2019 IVR-208 (H3N2)-like virus + influenza type A virus vaccine, A/Victoria/2570/2019 IVR-215 (H1N1)-like virus + influenza type B virus vaccine, B/Phuket/3073/2013(B linaje Yamagata)-like virus + influenza type B virus vaccine, B/Washington/02/2019(B (VTM)",20210429
1001899,"influenza type A virus vaccine, A/Hong Kong/4801/2014 (H3N2)-like virus + influenza type A virus vaccine, A/Michigan/45/2015 (H1N1)pdm09 -like virus + influenza type B virus vaccine, B/Brisbane/60/2008-like virus + influenza type B virus vaccine, B/Phuket/3073/2013-like virus (VTM)",20161231
1007946,"influenza type A virus vaccine, A/Hong Kong/4801/2014 (H3N2)-like virus + influenza type A virus vaccine, A/Michigan/45/2015 (H1N1)pdm09-like virus + influenza type B virus vaccine, B/Brisbane/60/2008-like virus (VTM)",20170514
1009799,"influenza type A virus vaccine, A/Hong Kong/4801/2014 (H3N2)-like virus + influenza type A virus vaccine, A/Michigan/45/2015 (H1N1)pdm09-like virus + influenza type B virus vaccine, B/Brisbane/60/2008-like virus + influenza type B virus vaccine, B/Phuket/3073/2013-like virus (VTM)",20170616
1196375,"influenza type A virus vaccine, A/Hongkong/2671/2019 NIB-121 (H3N2) + influenza type A virus vaccine, A/Victoria/2570/2019 IVR-215 (H1N1) + influenza type B virus vaccine, B/Phuket/3073/2013 + influenza type B virus vaccine, B/Washington/02/2019 (VTM)",20210731
1196265,"influenza type A virus vaccine, A/Hongkong/2671/2019 NIB-121 (H3N2) + influenza type A virus vaccine, A/Victoria/2570/2019 IVR-215 (H1N1) + influenza type B virus vaccine, B/Washington/02/2019 (VTM)",20210731
1102108,"influenza type A virus vaccine, A/Michigan/45/2015 (H1N1) pdm09-like strain + influenza type A virus vaccine, A/Switzerland/8060/2017 (H3N2)-like strain + influenza type B virus vaccine, B/Colorado/6/2017-like strain + influenza type B virus vaccine, B/Phuket/3073/2013-like strain (VTM)",20190315
1039684,"influenza type A virus vaccine, A/Michigan/45/2015 (H1N1)pdm09-like virus + influenza type A virus vaccine, A/Singapore/INFIMH-16-0019/2016 (H3N2)-like virus + influenza type A virus vaccine, B/Colorado/6/2017-like virus + influenza type B virus vaccine, B/Phuket/3073/2013-like virus (VTM)",20180926
1025873,"influenza type A virus vaccine, A/Michigan/45/2015 (H1N1)pdm09-like virus + influenza type A virus vaccine, A/Singapore/INFIMH-16-0019/2016 (H3N2)-like virus + influenza type B virus vaccine, B/Brisbane/60/2008-like virus + influenza type B virus vaccine, B/Phuket/3073/2013-like virus (VTM)",20180315
1027141,"influenza type A virus vaccine, A/Michigan/45/2015 (H1N1)pdm09-like virus + influenza type A virus vaccine, A/Singapore/INFIMH-16-0019/2016 (H3N2)-like virus + influenza type B virus vaccine,B/Phuket/3073/2013-like virus (VTM)",20180412
1106498,"influenza type A virus vaccine, A/Michigan/45/2015 (H1N1)pdm09-like virus + influenza type A virus vaccine, A/Switzerland/8060/2017 (H3N2)-like virus + influenza type B virus vaccine, B/Colorado/06/2017-like virus + influenza type B virus vaccine, B/Phuket/3073/2013-like virus (VTM)",20190411
1113240,"influenza type A virus vaccine, A/Michigan/45/2015 (H1N1)pdm09-like virus + influenza type A virus vaccine, A/Switzerland/8060/2017 (H3N2)-like virus + influenza type B virus vaccine,B/Colorado/06/2017-like virus (VTM)",20190516
1104329,"influenza type A virus vaccine, A/Michigan/45/2015 X-275 (H1N1)-like virus + influenza type A virus vaccine, A/Singapore/INFIMH-16-0019/2016 IVR 186 (H3N2)-like virus + influenza type B virus vaccine, B/Maryland/15/2016-like virus + influenza type B virus vaccine, B/Phuket/3073/2013-like virus (VTM)",20190331
1026890,"influenza type A virus vaccine, A/Michigan/45/2015 X-275 (H1N1)-like virus + influenza type A virus vaccine, A/Singapore/INFIMH-16-0019/2016 NIB-104 (H3N2)-like virus + influenza type B virus vaccine, B/Brisbane/60/2008(Victoria lineage)-like virus + influenza type B virus vaccine, B/Phuket/3073/2013(Yamagata lineage)-like virus (VTM)",20180329
1040424,"influenza type A virus vaccine, A/Michigan/45/2015 X-275 (H1N1)-like virus + influenza type A virus vaccine, A/Singapore/INFIMH-16-0019/2016 NIB-104 (H3N2)-like virus + influenza type B virus vaccine, B/Maryland/15/2016 BX-69A (a B/Colorado/6/2017-virus, B Victoria lineage)-like virus + influenza type B virus vaccine, B/Phuket/3073/2013(Yamagata lineage)-like virus (VTM)",20181010
1119665,"influenza type A virus vaccine, A/Michigan/45/2015 X-275 (H1N1)-like virus + influenza type A virus vaccine, A/Switzerland/8060/2017 (H3N2) + influenza type B virus vaccine, B/Maryland/15/2016 BX-69A (a B/Colorado/6/2017-virus, B Victoria lineage)-like virus + influenza type B virus vaccine, B/Phuket/3073/2013(Yamagata lineage)-like virus (VTM)",20190714
1105886,"influenza type A virus vaccine, A/Michigan/45/2015(H1N1)pdm09-like strain (A/Singapore/GP1908/2015, IVR-180) + influenza type A virus vaccine, A/Switzerland/8060/2017 (H3N2)-like strain (A/Brisbane/1/2018, X-311) + influenza type B virus vaccine, B/Colorado/06/2017-like strain (B/Victoria/2/87 lineage) (B/Maryland/15/2016, wild type) (VTM)",20190411
1117729,"influenza type A virus vaccine, A/Michigan/45/2015(H1N1)pdm09-like strain + influenza type A virus vaccine, A/Switzerland/8060/2017 (H3N2)-like strain + influenza type B virus vaccine, B/Colorado/6/2017-like strain (VTM)",20190628
1110902,"influenza type A virus vaccine, A/Singapore/GP1908/2015, IVR-180 (H1N1)-like virus + influenza type A virus vaccine, A/Switzerland/8060/2017 NIB-112 (H3N2)-like virus + influenza type B virus vaccine, B/Maryland/15/2016 NYMC BX-69A-like virus (VTM)",20190504
1297656,"influenza type A virus vaccine, A/Thailand/8/2022 (H3N2)-like virus + influenza type A virus vaccine, A/Victoria/4897/2022 (H1N1)pdm09-like virus + influenza type B virus vaccine, B/Austria/1359417/2021 (B/Victoria lineage)-like virus (VTM)",20240501
1295653,"influenza type A virus vaccine, A/Thailand/8/2022 (H3N2)-like virus + influenza type A virus vaccine, A/Victoria/4897/2022 (H1N1)pdm09-like virus + influenza type B virus vaccine, B/Austria/1359417/2021 (B/Victoria lineage)-like virus + influenza type B virus vaccine, B/Phuket/3073/2013 (B/Yamagata lineage)-like virus (VTM)",20240412
1297930,"influenza type A virus vaccine, A/Thailand/8/2022 (H3N2)-like virus + influenza type A virus vaccine, A/Victoria/4897/2022 (H1N1)pdm09-like virus + influenza type B virus vaccine, B/Michigan/01/2021 + influenza type B virus vaccine, B/Phuket/3073/2013 (B/Yamagata lineage)-like virus (VTM)",20240501
696453,"influenza type A, H5N1 (chicken embryo cell) (VTM)",20140118
868854,"influenza, inactivated, whole virus (VTM)",20141123
685428,inosine pranobex (VTM),20140104
660236,insulin aspart (VTM),20131102
660132,insulin aspart + insulin aspart protamine (VTM),20131102
1022790,insulin aspart + insulin degludec (VTM),20180113
997026,insulin degludec (VTM),20161117
1125816,insulin degludec + liraglutide (VTM),20190913
659040,insulin detemir (VTM),20131102
658916,insulin glargine (VTM),20131102
1100865,insulin glargine + lixisenatide (VTM),20190302
655318,insulin glulisine (VTM),20131102
654774,insulin human (VTM),20131102
657724,insulin human + isophane insulin (VTM),20131102
658148,insulin lispro (VTM),20131102
658225,insulin lispro + insulin lispro protamine (VTM),20131102
221784,interferon alpha (VTM),20130627
221807,interferon alpha-2a (VTM),20130627
221811,interferon alpha-2b (VTM),20130627
221830,interferon beta-1a (VTM),20130627
221848,interferon beta-1b (VTM),20130627
829050,iobitridol (VTM),20140721
505843,iodine (VTM),20130830
906950,iodine + isopropyl alcohol (VTM),20150228
506047,iodine + potassium iodide (VTM),20210211
1176738,iodine + potassium iodide + sodium zinc chloride (VTM),20210211
506579,iodine + sodium iodide (VTM),20130830
915903,iodine + zinc iodide (VTM),20150314
810396,iodixanol (VTM),20140602
563560,iohexol (VTM),20131005
814990,iomeprol (VTM),20140616
786112,iopamidol (VTM),20140504
563721,iopromide (VTM),20131005
777662,ioversol (VTM),20140420
825246,ioxaglate meglumine + ioxaglate sodium (VTM),20140721
828265,ioxitalamate meglumine + sodium ioxitalamate (VTM),20140721
710800,ipecacuanha (VTM),20140118
959995,ipilimumab (VTM),20150922
721629,ipratropium bromide (VTM),20140118
522200,ipratropium bromide + salbutamol (VTM),20130914
221853,irbesartan (VTM),20130627
1304814,irinotecan (VTM),20240817
878309,irinotecan hydrochloride trihydrate (VTM),20150105
616735,iron (VTM),20240502
676073,iron + lysine + minerals + multivitamins (VTM),20140104
877111,iron + minerals + multivitamins (VTM),20150105
675656,iron + multivitamins (VTM),20140104
837190,iron dextran (VTM),20140817
841590,iron sucrose (VTM),20140817
1232624,irsogladine maleate (VTM),20220428
1150992,isavuconazole (VTM),20200705
841136,isoconazole nitrate (VTM),20140817
767526,isoflurane (VTM),20140407
983800,isoleucine (VTM),20160430
1028112,isoleucine + leucine + valine (VTM),20201001
247051,isoniazid (VTM),20130805
429265,isoniazid + pyrazinamide + rifampicin (VTM),20130805
967533,isoniazid + pyridoxine hydrochloride (VTM),20160104
349956,isoniazid + rifampicin (VTM),20130805
1275248,isonizid + rifapentine (VTM),20230715
657822,isophane insulin (VTM),20131102
807513,isoprenaline hydrochloride (VTM),20140602
881078,isopropyl alcohol (VTM),20150119
564024,isosorbide dinitrate (VTM),20131005
245952,isosorbide dinitrate + isosorbide mononitrate (VTM),20130805
647187,isosorbide mononitrate (VTM),20131005
751621,isosulfan blue (VTM),20140324
229418,isotretinoin (VTM),20130805
739902,ispaghula husk (VTM),20140304
804768,ispaghula husk + plantago ovata seeds (VTM),20140602
734824,ispaghula husk + psyllium seed (VTM),20141013
734922,ispaghula husk + psyllium seed + sennoside (VTM),20141013
221876,isradipine (VTM),20130627
519718,itopride hydrochloride (VTM),20130914
341327,itraconazole (VTM),20130805
295296,ivabradine (VTM),20130805
471712,ivermectin (VTM),20130805
1167330,ivy leaves dry extract (VTM),20201202
221882,ixabepilone (VTM),20130627
1111815,ixazomib (VTM),20190504
1033755,ixekizumab (VTM),20180702
762887,japanese encephalitis virus inactivated vaccine (VTM),20140407
672333,japanese encephalitis virus live vaccine (VTM),20131215
352995,kanamycin (VTM),20130805
506735,kanamycin + triamcinolone acetonide (VTM),20130830
929433,kaolin (VTM),20150404
621605,kaolin + neomycin + pectin (VTM),20131005
616863,kaolin + pectin (VTM),20131005
756832,keratin + potassium bitartrate + senna + sulfur (VTM),20140407
533787,ketamine (VTM),20130914
262612,ketoconazole (VTM),20130805
221895,ketoprofen (VTM),20130627
221905,ketorolac tromethamine (VTM),20130627
234490,ketotifen (VTM),20130805
769867,king cobra antivenin (VTM),20140407
1035664,labetalol hydrochloride (VTM),20180805
671200,lacosamide (VTM),20131215
892513,lactic acid (VTM),20150202
783865,lactic acid + lauromacrogol 400 + salicylic acid (VTM),20140504
654340,lactic acid + salicylic acid (VTM),20131102
739837,lactic acid + sodium pyrrolidone carboxylate (VTM),20140304
935684,lactic acid + triamcinolone acetonide (VTM),20150503
701723,lactic acid + urea (VTM),20140118
721693,lactobacillus acidophilus agent (VTM),20140118
721767,lactobacillus casei (VTM),20140118
618151,lactulose (VTM),20131005
812546,l-alanyl-l-glutamine (VTM),20140616
322034,lamivudine (VTM),20130805
339498,lamivudine + nevirapine + stavudine (VTM),20130805
657977,lamivudine + nevirapine + zidovudine (VTM),20131102
357097,lamivudine + stavudine (VTM),20130805
293077,lamivudine + zidovudine (VTM),20130805
356689,lamotrigine (VTM),20130805
1254083,lanadelumab (VTM),20230203
1114812,lanolin (VTM),20190531
946788,lanolin + mineral oil (VTM),20150601
970005,lanolin + mineral oil + white petrolatum (VTM),20160104
821974,lanreotide (VTM),20140705
221914,lansoprazole (VTM),20130627
519290,lanthanum (VTM),20130914
221922,lapatinib (VTM),20130627
792748,laronidase (VTM),20140519
526862,latanoprost (VTM),20130914
526917,latanoprost + timolol (VTM),20130914
1243061,latanoprostene bunod (VTM),20220915
576076,lauromacrogol 400 (VTM),20131005
700812,lavender oil (VTM),20140118
811138,lavender oil + lemon oil + nutmeg oil + strong ammonia solution (VTM),20140616
996886,ledipasvir + sofosbuvir (VTM),20161117
221933,leflunomide (VTM),20130627
1250164,lemborexant (VTM),20221216
221946,lenalidomide (VTM),20130627
221951,lenograstim (VTM),20130627
983258,lenvatinib (VTM),20160430
221967,lercanidipine hydrochloride (VTM),20130627
1245448,letermovir (VTM),20221104
221979,letrozole (VTM),20130627
221980,leuprorelin acetate (VTM),20130627
1020472,levamlodipine (VTM),20171202
354041,levetiracetam (VTM),20130805
794192,levobunolol hydrochloride (VTM),20140519
803434,levobupivacaine (VTM),20140602
847907,levocetirizine dihydrochloride (VTM),20141004
728856,levodropropizine (VTM),20140118
297963,levofloxacin (VTM),20130805
345529,levonorgestrel (VTM),20130805
996497,levosimendan (VTM),20161106
645650,levothyroxine sodium (VTM),20131005
897070,lidocaine (VTM),20190714
541344,lidocaine + lidocaine hydrochloride + paracetamol (VTM),20131005
569557,lidocaine + methylprednisolone (VTM),20131005
572294,lidocaine + norepinephrine + vasopressin (VTM),20131005
573460,lidocaine + oxytetracycline (VTM),20131005
509846,lidocaine + prilocaine (VTM),20130830
764148,lidocaine hydrochloride (VTM),20140407
951555,lidocaine hydrochloride + magnesium + potassium (VTM),20150614
1144397,lidocaine hydrochloride + magnesium chloride + potassium chloride (VTM),20211029
517030,lidocaine hydrochloride + nitrofural + prednisolone (VTM),20130830
1021879,lidocaine hydrochloride + oxytetracycline (VTM),20171213
574337,lidocaine hydrochloride + paracetamol (VTM),20131005
1052953,limaprost (VTM),20190216
650798,linagliptin (VTM),20131005
888543,linagliptin + metformin hydrochloride (VTM),20150202
360266,lincomycin (VTM),20130805
652407,linezolid (VTM),20131005
1222642,lipegfilgrastim (VTM),20220203
648359,lipidosterolic extract of serenoa repens (VTM),20131005
677408,lipids (VTM),20140104
1030683,liquorice (VTM),20180518
1014782,liquorice + opium tincture (VTM),20170916
567442,liraglutide (VTM),20131005
221998,lisinopril (VTM),20130627
737927,lithium carbonate (VTM),20140214
764520,lodoxamide tromethamine (VTM),20140407
1271304,lonoctocog alfa (VTM),20230617
262683,loperamide (VTM),20130805
348185,loperamide + simeticone (VTM),20130805
236591,lopinavir + ritonavir (VTM),20130805
233790,loratadine (VTM),20130805
285716,loratadine + paracetamol + pseudoephedrine hydrochloride (VTM),20130805
285792,loratadine + pseudoephedrine hydrochloride (VTM),20130805
246685,lorazepam (VTM),20130805
1166420,lorlatinib (VTM),20201114
755193,l-ornithine-l-aspartate (VTM),20140407
222008,lornoxicam (VTM),20130627
958329,losartan potassium (VTM),20150909
652870,loteprednol + tobramycin (VTM),20131005
749764,loteprednol etabonate (VTM),20140324
222020,loxoprofen (VTM),20130627
1038868,lubiprostone (VTM),20180831
670511,lubricating agent (VTM),20131130
1008828,lurasidone hydrochloride (VTM),20170602
1010446,luseogliflozin (VTM),20170616
1252325,luspatercept (VTM),20230113
681726,lutropin alfa (VTM),20140104
685557,lymecycline (VTM),20140104
301194,lynestrenol (VTM),20130805
676127,lysine + minerals + multivitamins (VTM),20140104
675747,lysine + multivitamins (VTM),20140104
843776,lysozyme (VTM),20140901
1008941,macitentan (VTM),20170602
923755,macrogol (VTM),20150404
707487,macrogol + macrogol 4000 (VTM),20140118
1054808,macrogol + potassium chloride + sodium bicarbonate + sodium chloride (VTM),20190216
920180,macrogol + potassium chloride + sodium bicarbonate + sodium chloride + sodium sulfate anhydrous (VTM),20150404
939002,macrogol 400 (VTM),20150503
923009,macrogol 400 + potassium chloride + sodium bicarbonate + sodium chloride + sodium sulfate (VTM),20150404
691984,macrogol 400 + propylene glycol (VTM),20140104
657528,macrogol 4000 (VTM),20131102
988039,macrogol 4000 + potassium chloride + sodium bicarbonate + sodium chloride (VTM),20160618
972588,macrogol 4000 + potassium chloride + sodium bicarbonate + sodium chloride + sodium sulfate (VTM),20160117
1315066,macrogol 4000 + potassium chloride + sodium bicarbonate + sodium chloride + sodium sulfate anhydrous (VTM),20241129
884525,magnesium (VTM),20150119
986185,magnesium carbonate + magnesium sulfate (VTM),20160605
946735,magnesium carbonate + magnesium sulfate + peppermint oil (VTM),20150601
752323,magnesium chloride (VTM),20140324
979960,magnesium chloride + potassium acetate + procaine hydrochloride (VTM),20160404
804455,magnesium chloride + potassium chloride + procaine hydrochloride (VTM),20140602
1303843,magnesium chloride hexahydrate + potassium chloride + sodium acetate trihydrate + sodium chloride + sodium gluconate (VTM),20240802
689405,magnesium hydroxide (VTM),20140104
863837,magnesium hydroxide + mineral oil (VTM),20141123
786815,magnesium oxide (VTM),20140504
705151,magnesium sulfate (VTM),20140118
406857,magnesium sulfate + niclosamide (VTM),20130805
775744,malayan krait antivenin (VTM),20140407
769931,malayan pit viper antivenin (VTM),20140407
222031,manidipine hydrochloride (VTM),20130627
974306,mannitol (VTM),20160214
644030,maraviroc (VTM),20131005
570797,measle + mumps + rubella (VTM),20131005
571025,"measle + mumps + rubella + varicella zoster, live attenuated (VTM)",20131005
567921,measle + rubella (VTM),20131005
979317,"measle virus, live attenuated (CAM-70) (VTM)",20160404
838514,"measle virus, live attenuated (schwarz strain) (VTM)",20140817
236660,mebendazole (VTM),20130805
1013196,mebeverine hydrochloride (VTM),20170902
1013177,mebhydrolin (VTM),20170902
257790,mecobalamin (VTM),20130805
276152,medazepam (VTM),20130805
711495,medium chain triglycerides (VTM),20140118
807972,medium chain triglycerides + omega-3 acid triglycerides + soya oil (VTM),20140602
1040080,medium chain triglycerides + soya oil (VTM),20181010
222049,medroxyprogesterone acetate (VTM),20130627
222054,mefenamic acid (VTM),20130627
697220,mefenamic acid + orphenadrine citrate (VTM),20140118
659404,mefloquine (VTM),20131102
222065,megestrol acetate (VTM),20130627
832179,meglumine gadopentetate (VTM),20140803
285077,melatonin (VTM),20130805
222077,meloxicam (VTM),20130627
222083,melphalan (VTM),20130627
1009723,memantine hydrochloride (VTM),20170616
1017994,menadione sodium bisulfite (VTM),20171103
335143,menatetrenone (VTM),20130805
1299810,meningococcal group A polysaccharide + meningococcal group C polysaccharide + meningococcal group W polysaccharide + meningococcal group Y polysaccharide + tetanus toxoid carrier protein (VTM),20240615
673344,meningococcal polysaccharide group A + meningococcal polysaccharide group C + meningococcal polysaccharide group W135 + meningococcal polysaccharide group Y (VTM),20131215
908635,"meningococcus, tetravalent purified polysaccharides antigen conjugated (VTM)",20150228
510009,menthol (VTM),20130830
510176,menthol + methyl salicylate (VTM),20130830
620371,menthol + phenyl salicylate (VTM),20131005
1115427,menthol + salol (VTM),20190614
914465,menthol + sodium chloride (VTM),20150314
568067,mepivacaine hydrochloride (VTM),20131005
1322040,mepolizumab (VTM),20250201
953831,merbromin (VTM),20150716
976908,merbromin + thiomersal (VTM),20160307
1272143,mercaptamine (VTM),20230701
222096,mercaptopurine (VTM),20130627
568328,meropenem (VTM),20131005
249958,mesalazine (VTM),20130805
568986,mesna (VTM),20131005
373948,mesterolone (VTM),20130805
792977,mestranol + norethisterone (VTM),20140519
374050,metadoxine (VTM),20130805
696836,metformin hydrochloride (VTM),20140118
230667,metformin hydrochloride + pioglitazone (VTM),20130805
733696,metformin hydrochloride + rosiglitazone (VTM),20140202
647426,metformin hydrochloride + saxagliptin (VTM),20131005
351891,metformin hydrochloride + sitagliptin (VTM),20130805
333819,metformin hydrochloride + vildagliptin (VTM),20130805
535781,methadone hydrochloride (VTM),20130914
743901,methenamine + methylthioninium chloride + potassium nitrate (VTM),20140304
239545,methocarbamol (VTM),20130805
370211,methocarbamol + phenylbutazone (VTM),20130805
222106,methotrexate (VTM),20130627
372759,methoxsalen (VTM),20130805
815645,methoxy polyethylene glycol-epoetin beta (VTM),20140616
1167865,methoxyflurane (VTM),20201202
701298,methyl salicylate (VTM),20140118
956385,methylcellulose (VTM),20150805
231238,methyldopa (VTM),20130805
761306,methylergometrine maleate (VTM),20140407
746191,methylnaltrexone bromide (VTM),20140324
934478,methylparaben + propylparaben (VTM),20150503
959570,methylparaben + propylparaben + sorbitol (VTM),20150922
294087,methylphenidate hydrochloride (VTM),20131103
382434,methylprednisolone (VTM),20130805
987736,methylprednisolone acetate (VTM),20160605
297577,methyltestosterone (VTM),20130805
752709,methylthioninium chloride (VTM),20140324
786891,methylthioninium chloride + potassium nitrate (VTM),20140504
525032,metipranolol + pilocarpine (VTM),20130914
321234,metoclopramide hydrochloride (VTM),20130805
1154540,metoprolol succinate (VTM),20200801
261806,metoprolol tartrate (VTM),20130805
250553,metronidazole (VTM),20130805
733840,metronidazole + miconazole nitrate (VTM),20140202
367494,mianserin (VTM),20130805
659616,micafungin (VTM),20131102
510520,miconazole (VTM),20130830
880165,miconazole nitrate (VTM),20150105
756694,miconazole nitrate + triamcinolone acetonide (VTM),20140407
533929,midazolam (VTM),20130914
370490,midecamycin (VTM),20130805
1005793,midodrine hydrochloride (VTM),20170329
1037972,midostaurin (VTM),20180820
944554,mifamurtide (VTM),20150601
1289033,mifepristone (VTM),20231203
1011608,mifepristone + misoprostol (VTM),20170715
685780,miglitol (VTM),20140104
685906,miglustat (VTM),20140104
351359,milnacipran (VTM),20130805
816362,milrinone (VTM),20140616
844411,mineral oil (VTM),20140901
515880,mineral oil + polytar (VTM),20130830
980890,mineral oil + sodium bicarbonate (VTM),20160404
876517,mineral oil + white petrolatum (VTM),20150105
675911,minerals + multivitamins (VTM),20140104
855756,minocycline (VTM),20141019
361907,minoxidil (VTM),20130805
948302,mirabegron (VTM),20150614
1281678,mirogabalin (VTM),20230902
424607,mirtazapine (VTM),20130805
222110,misoprostol (VTM),20130627
685975,mitiglinide (VTM),20140104
222123,mitomycin (VTM),20130627
1145057,mitotane (VTM),20200517
222147,mitoxantrone (VTM),20130627
643249,moclobemide (VTM),20131005
730773,modified fluid gelatin (VTM),20140202
1231350,molnupiravir (VTM),20220413
645479,mometasone furoate (VTM),20131005
380347,montelukast (VTM),20130805
1221580,moroctocog alfa (VTM),20220203
1119151,morphine (VTM),20190713
535504,morphine sulfate (VTM),20130914
334396,mosapride (VTM),20130805
1148470,mosapride citrate (VTM),20200614
255365,moxifloxacin (VTM),20130805
646583,mucopolysaccharide polysulfate (VTM),20131005
833353,mucopolysaccharide polysulfate + salicylic acid + suprarenal extract (VTM),20140803
734573,multivitamins (VTM),20140202
676535,multivitamins + trace elements (VTM),20140104
1000350,multivitamins + zinc (VTM),20161215
513431,mupirocin (VTM),20130830
222152,muromonab-cd3 (VTM),20130627
222168,mycophenolate mofetil (VTM),20130627
647945,mycophenolic acid (VTM),20131005
222175,nabumetone (VTM),20130627
222181,nadroparin calcium (VTM),20130627
686040,naftidrofuryl (VTM),20140104
1143513,nalbuphine hydrochloride (VTM),20200415
1301552,nalfurafine hydrochloride (VTM),20240629
520983,naloxone (VTM),20130914
768198,naloxone hydrochloride (VTM),20140407
1016519,naloxone hydrochloride + oxycodone hydrochloride (VTM),20170929
804543,nandrolone (VTM),20140602
792441,naphazoline (VTM),20140519
691765,naphazoline + pheniramine (VTM),20140104
1199632,naphazoline hydrochloride (VTM),20210813
798932,naphazoline nitrate + zinc sulfate (VTM),20140519
222199,naproxen (VTM),20130627
990922,natalizumab (VTM),20160713
525304,natamycin (VTM),20130914
1132779,natural betacarotene (VTM),20191127
387298,nebivolol (VTM),20130805
998433,nefopam hydrochloride (VTM),20161203
1296105,negative control of skin-prick tests (VTM),20240412
1326527,neisseria meningitidis serogroup B adhesin A protein + neisseria meningitidis serogroup B factor H binding protein fusion protein + neisseria meningitidis serogroup B heparin binding antigen fusion protein + neisseria meningitidis serogroup B outer membrane vesicles (VTM),20250313
686119,nelfinavir mesilate (VTM),20140104
385121,neomycin (VTM),20130805
885419,neomycin sulfate (VTM),20150119
516354,neomycin sulfate + prednisolone (VTM),20130830
975852,neostigmine bromide (VTM),20160305
958317,neostigmine methylsulfate (VTM),20150909
525370,nepafenac (VTM),20130914
571444,netilmicin (VTM),20131005
1043791,netupitant + palonosetron (VTM),20181129
708391,neutral phosphate oral solution (VTM),20140118
388927,nevirapine (VTM),20130805
984230,nicardipine hydrochloride (VTM),20160515
281711,nicergoline (VTM),20130805
246119,niclosamide (VTM),20130805
246616,niclosamide + phenolphthalein (VTM),20130805
1145570,nicotinamide (VTM),20200517
832715,nicotinamide + pantothenol + pyridoxine + riboflavin + thiamine (VTM),20140803
742564,nicotinamide + pyridoxine + riboflavin + thiamine (VTM),20140304
748375,nicotinamide + pyridoxine hydrochloride + riboflavin + thiamine hydrochloride (VTM),20140324
769206,nicotinamide + pyridoxine hydrochloride + riboflavin + thiamine mononitrate (VTM),20140407
993585,nicotinamide + riboflavin + thiamine hydrochloride (VTM),20161016
389777,nicotine (VTM),20130805
222217,nicotinic acid (VTM),20130627
222229,nifedipine (VTM),20130627
364956,nifuratel + nystatin (VTM),20130805
824559,nifuroxazide (VTM),20140721
865867,nikethamide (VTM),20141123
222238,nilotinib (VTM),20130627
222240,nimesulide (VTM),20130627
222255,nimodipine (VTM),20130627
222264,nimotuzumab (VTM),20130627
996122,nintedanib (VTM),20161106
1233103,nirmatrelvir (VTM),20220428
1202515,nitisinone (VTM),20210915
929272,nitrate (VTM),20150404
534473,nitrazepam (VTM),20130914
222272,nitrendipine (VTM),20130627
706569,nitrofural (VTM),20140118
516924,nitrofural + prednisolone (VTM),20130830
390565,nitrofurantoin (VTM),20130805
1003686,nivolumab (VTM),20170218
724080,nonacog alfa (VTM),20140118
572111,norepinephrine (VTM),20131005
391927,norethisterone (VTM),20130805
245601,norfloxacin (VTM),20130805
393925,nortriptyline (VTM),20130805
293645,nystatin (VTM),20130805
1002048,obinutuzumab (VTM),20170114
1300785,ocrelizumab (VTM),20240615
862556,ocriplasmin (VTM),20141123
891562,octinoxate + oxybenzone (VTM),20150202
961727,octinoxate + sulisobenzone (VTM),20151018
926600,octinoxate + titanium dioxide + zinc oxide (VTM),20150404
724154,octocog alfa (VTM),20140118
725774,octocog alfa + von willebrand factor (VTM),20140118
484772,octreotide (VTM),20130816
868617,ofatumumab (VTM),20141123
232732,ofloxacin (VTM),20130805
526022,ofloxacin + prednisolone (VTM),20130914
398094,olanzapine (VTM),20130805
1015116,olaparib (VTM),20170929
1043082,olaratumab (VTM),20181119
761556,olive oil (VTM),20140407
931724,olive oil + phenol (VTM),20150418
1005531,olmesartan medoxomil (VTM),20170329
996421,olodaterol + tiotropium (VTM),20220203
691899,olopatadine (VTM),20140104
572963,omalizumab (VTM),20131005
222293,omega-3-acid ethyl esters (VTM),20130627
222303,omeprazole (VTM),20130627
1208439,omidenepag isopropyl (VTM),20211110
1279726,onasemnogene abeparvovec (VTM),20230805
301783,ondansetron (VTM),20130805
531339,opium tincture (VTM),20190531
707559,oral rehydration salts (VTM),20140118
234777,orlistat (VTM),20130805
964043,orphenadrine citrate (VTM),20151206
973506,orphenadrine citrate + paracetamol (VTM),20160129
339286,oseltamivir (VTM),20130805
1016189,osimertinib (VTM),20170929
788166,ossein mineral complex + vitamin D (VTM),20140504
222319,ossein-hydroxyapatite compound (VTM),20130627
222335,oxaliplatin (VTM),20130627
397105,oxatomide (VTM),20130805
463473,oxcarbazepine (VTM),20130805
647627,oxybutynin (VTM),20131005
1299253,oxybutynin hydrochloride (VTM),20240530
947947,oxycodone (VTM),20150614
1013203,oxymetazoline hydrochloride (VTM),20170902
245136,oxymetholone (VTM),20130805
423670,oxyphencyclimine + paracetamol (VTM),20130805
316353,oxytetracycline (VTM),20130805
515089,oxytetracycline + polymyxin b sulfate (VTM),20130830
520867,oxytocin (VTM),20130914
222342,paclitaxel (VTM),20130627
1019554,palbociclib (VTM),20171116
349329,paliperidone (VTM),20130805
1300621,palivizumab (VTM),20240615
573920,palonosetron (VTM),20131005
222357,pamidronate disodium (VTM),20130627
298155,pancreatin (VTM),20130805
418276,pancreatin + proctase (VTM),20130805
321965,pancreatin + simeticone (VTM),20130805
762958,pancuronium bromide (VTM),20140407
1004700,panitumumab (VTM),20170302
222361,pantoprazole (VTM),20130627
1145377,pantothenic acid (VTM),20200517
753178,papaverine (VTM),20140324
897418,para-aminobenzoic acid (VTM),20150218
660551,para-aminosalicylate sodium (VTM),20131102
747121,paracetamol (VTM),20140324
967364,paracetamol + phenylephrine hydrochloride (VTM),20160104
626164,paracetamol + potassium citrate (VTM),20131005
665848,paracetamol + tramadol hydrochloride (VTM),20131116
222374,parecoxib (VTM),20130627
440287,paroxetine (VTM),20130805
868686,pasireotide (VTM),20141123
826780,patent blue v sodium (VTM),20140721
662349,pazopanib (VTM),20131102
832105,pegaptanib (VTM),20140803
222388,pegfilgrastim (VTM),20130627
222390,peginterferon alfa-2a (VTM),20130627
222405,peginterferon alfa-2b (VTM),20130627
1257980,pemafibrate (VTM),20230316
1002990,pembrolizumab (VTM),20170205
222414,pemetrexed (VTM),20130627
670374,pemirolast potassium (VTM),20131130
222422,penicillamine (VTM),20130627
778718,pentaerithrityl tetranitrate (VTM),20140420
660939,pentamidine isethionate (VTM),20131102
453105,pentazocine (VTM),20130805
530970,pentobarbital sodium (VTM),20130914
232029,pentoxifylline (VTM),20130805
644237,peppermint oil (VTM),20131005
907182,perampanel (VTM),20150228
881021,perfluoro-n-octane (VTM),20150119
222446,perindopril arginine (VTM),20130627
222433,perindopril erbumine (VTM),20130627
717410,permethrin (VTM),20140118
293744,perphenazine (VTM),20130805
848479,pertuzumab (VTM),20140914
1189026,pertuzumab + trastuzumab (VTM),20210429
535953,pethidine hydrochloride (VTM),20130914
881148,petrolatum (VTM),20150119
227947,phenazopyridine (VTM),20130805
279443,phenazopyridine + sulfamethizole + tetracycline (VTM),20130805
373214,phenobarbital (VTM),20130805
533242,phenobarbital sodium (VTM),20130914
827075,phenobarbitone (VTM),20140721
515281,phenol (VTM),20130830
515402,phenol + salicylic acid (VTM),20130830
935083,phenol + sodium bicarbonate (VTM),20150503
876346,phenol in oil (VTM),20141214
901495,phenolic compound (VTM),20150228
660695,phenoxymethylpenicillin (VTM),20190803
1120560,phenoxymethylpenicillin potassium (VTM),20190803
534234,phentermine hydrochloride (VTM),20130914
534350,phentermine resinate (VTM),20130914
824711,phentolamine mesilate (VTM),20140721
222451,phenylbutazone (VTM),20130627
763171,phenylephrine hydrochloride (VTM),20140407
753227,phenylephrine hydrochloride + tropicamide (VTM),20140324
975868,phenytoin (VTM),20160305
301712,phenytoin + phenytoin sodium (VTM),20130805
769603,phenytoin sodium (VTM),20140407
879789,phosphate (VTM),20150105
886345,phosphate + potassium + sodium (VTM),20150119
895302,phosphate + sodium (VTM),20150202
574964,phytomenadione (VTM),20131005
436085,pilocarpine (VTM),20130805
1025553,pilocarpine hydrochloride (VTM),20180302
515603,pimecrolimus (VTM),20130830
398934,pimozide (VTM),20130805
686254,pinaverium bromide (VTM),20140104
316629,pinazepam (VTM),20130805
230452,pioglitazone (VTM),20130805
810267,pipemidic acid (VTM),20140602
575166,piperacillin (VTM),20131005
575386,piperacillin + tazobactam (VTM),20131005
278153,piracetam (VTM),20130805
524498,pirenoxine (VTM),20130914
222467,pirenzepine dihydrochloride (VTM),20130627
464972,piribedil (VTM),20130805
1030893,piroctone (VTM),20180518
222479,piroxicam (VTM),20130627
1124476,piroxicam betadex (VTM),20190913
222480,pitavastatin calcium (VTM),20130627
686399,pivampicillin (VTM),20140104
238561,pizotifen (VTM),20130805
755833,plerixafor (VTM),20140407
854861,pneumococcal polysaccharide serotype 1 + pneumococcal polysaccharide serotype 14 + pneumococcal polysaccharide serotype 18C + pneumococcal polysaccharide serotype 19A + pneumococcal polysaccharide serotype 19F + pneumococcal polysaccharide serotype 2 + pneumococcal polysaccharide serotype 23F + pneumococcal polysaccharide serotype 4 + pneumococcal polysaccharide serotype 5 + pneumococcal polysaccharide serotype 6A + pneumococcal polysaccharide serotype 7F + pneumococcal polysaccharide serotype 9V + saccharide for serotype 6B (VTM),20141004
1002677,pneumococcal polysaccharide serotype 1 + pneumococcal polysaccharide serotype 14 + pneumococcal polysaccharide serotype 18C + pneumococcal polysaccharide serotype 19A + pneumococcal polysaccharide serotype 19F + pneumococcal polysaccharide serotype 23F + pneumococcal polysaccharide serotype 3 + pneumococcal polysaccharide serotype 4 + pneumococcal polysaccharide serotype 5 + pneumococcal polysaccharide serotype 6A + pneumococcal polysaccharide serotype 6B + pneumococcal polysaccharide serotype 7F + pneumococcal polysaccharide serotype 9V (VTM),20170205
835084,"pneumococcus, purified polysaccharides antigen (VTM)",20140803
707138,podophyllum resin (VTM),20140118
1152745,polatuzumab vedotin (VTM),20200719
835327,polihexanide (VTM),20140803
1299063,"poliomyelitis, inactivated type 1 (vero cell) + poliomyelitis, inactivated type 2 (vero cell) + poliomyelitis, inactivated type 3 (vero cell) (VTM)",20240530
1298175,"poliomyelitis, inactivated type 1, Sabin (vero cell) + poliomyelitis, inactivated type 2, Sabin (vero cell) + poliomyelitis, inactivated type 3, Sabin (vero cell) (VTM)",20240516
668880,"poliomyelitis, inactived type 1 (vero cell) + poliomyelitis, inactived type 2 (vero cell) + poliomyelitis, inactived type 3 (vero cell) (VTM)",20131130
669743,"poliomyelitis, live attenuated type 1 + poliomyelitis, live attenuated type 2 + poliomyelitis, live attenuated type 3 (VTM)",20131130
983960,"poliomyelitis, live attenuated type 1 + poliomyelitis, live attenuated type 3 (VTM)",20160515
769397,poly (o-2-hydroxyethyl) starch + sodium chloride (VTM),20140407
934341,polyethylene glycol 4000 + potassium chloride + sodium bicarbonate + sodium chloride + sodium sulfate (VTM),20150503
1269531,polyethylene glycol 4000 + potassium chloride + sodium bicarbonate + sodium chloride + sodium sulfate anhydrous (VTM),20230617
776614,polygeline (VTM),20140420
1322980,polymyxin B (VTM),20250215
816928,polysaccharide of salmonella typhi (VTM),20140616
515674,polytar (VTM),20130830
831932,polyvinyl alcohol (VTM),20140803
835651,polyvinyl alcohol + povidone (VTM),20140803
1003463,pomalidomide (VTM),20170218
1115713,ponatinib (VTM),20190614
804057,poractant alfa (VTM),20140602
660301,posaconazole (VTM),20131102
708468,potassium acetate (VTM),20140118
976456,potassium acetate + potassium chloride + sodium chloride (VTM),20160307
222498,potassium bicarbonate + sodium alginate (VTM),20130627
519509,potassium chloride (VTM),20130914
674384,potassium chloride + sodium chloride (VTM),20140104
686502,potassium citrate (VTM),20140104
670744,potassium citrate + sodium citrate (VTM),20131215
1032234,potassium guaiacolsulfonate + sodium citrate (VTM),20180601
952829,potassium hydroxide (VTM),20150703
916759,potassium iodide (VTM),20150316
902504,potassium iodide + sodium thiosulfate (VTM),20150228
771753,potassium permanganate (VTM),20140407
759226,potassium sodium hydrogen citrate complex (VTM),20140407
898066,povidone (VTM),20150218
901929,povidone iodine (VTM),20150228
988353,pralatrexate (VTM),20160618
697745,pralidoxime (VTM),20140118
1253213,pralsetinib (VTM),20230203
1019195,pramipexole dihydrochloride monohydrate (VTM),20171116
686637,prasugrel (VTM),20140104
222507,pravastatin sodium (VTM),20130627
532708,prazepam (VTM),20130914
262957,praziquantel (VTM),20130805
254210,prazosin (VTM),20130805
515954,prednicarbate (VTM),20130830
236982,prednisolone (VTM),20130805
364355,pregabalin (VTM),20130805
1244740,pretomanid (VTM),20221014
417411,primaquine (VTM),20130805
259959,probenecid (VTM),20130805
866185,procaine hydrochloride (VTM),20141123
945741,procarbazine hydrochloride (VTM),20150601
274034,procaterol (VTM),20130805
269472,prochlorperazine (VTM),20130805
686750,procyanidolic oligomers (VTM),20140104
298920,progesterone (VTM),20130805
222511,proglumetacin (VTM),20130627
222524,proglumide (VTM),20130627
519787,propafenone hydrochloride (VTM),20130914
792635,proparacaine (VTM),20140519
718711,propiverine (VTM),20140118
523640,propofol (VTM),20130914
1326026,propolis extract + terminalia chebula extract (VTM),20250313
235776,propranolol hydrochloride (VTM),20130805
923358,propylene glycol (VTM),20150404
400562,propylthiouracil (VTM),20130805
788960,prostigmin (VTM),20140504
576840,protamine (VTM),20131005
576935,protein (VTM),20131005
803153,protein hydrolysates (VTM),20140602
970787,protionamide (VTM),20160117
425665,prucalopride (VTM),20130805
302244,prulifloxacin (VTM),20130805
673993,pseudoephedrine hydrochloride (VTM),20140104
229015,pseudoephedrine hydrochloride + triprolidine hydrochloride (VTM),20130805
749218,purified duck embryo rabies vaccine (VTM),20140324
853558,purified tetanus toxoid (VTM),20141004
686824,pygeum africanum (VTM),20140104
881327,pyrantel pamoate (VTM),20150119
269144,pyrazinamide (VTM),20130805
519986,pyridostigmine bromide (VTM),20130914
975875,pyridoxine (VTM),20160306
871870,pyridoxine + riboflavin + thiamine (VTM),20141129
865795,pyridoxine hydrochloride (VTM),20141123
1200648,pyridoxine hydrochloride + riboflavin + thiamine hydrochloride (VTM),20210813
227733,pyrimethamine (VTM),20130805
330373,pyrimethamine + sulfadoxine (VTM),20130805
321487,pyritinol (VTM),20130805
1039771,pyritinol hydrochloride (VTM),20180926
422014,quetiapine (VTM),20130805
222530,quinapril (VTM),20130627
1205190,quinidine sulfate (VTM),20211014
865931,quinine dihydrochloride (VTM),20141123
236440,quinine sulfate (VTM),20170916
222548,rabbit anti-human thymocyte immunoglobulin (VTM),20130627
856338,rabeprazole sodium (VTM),20141019
762645,rabies immunoglobulin (horse) (VTM),20140407
977414,rabies immunoglobulin (human) (VTM),20160320
673046,rabies vaccine (human diploid cell) (VTM),20131215
669484,rabies vaccine (purified chick embryo cell) (VTM),20131130
1013794,rabies vaccine (vero cell) (VTM),20170916
344347,racecadotril (VTM),20130805
1029060,radium-223 dichloride (VTM),20180518
655855,raloxifene hydrochloride (VTM),20131102
647092,raltegravir (VTM),20141004
686895,ramelteon (VTM),20140104
222553,ramipril (VTM),20130627
349790,ramosetron (VTM),20130805
1004083,ramucirumab (VTM),20170218
577775,ranibizumab (VTM),20131005
222569,ranitidine (VTM),20130627
996568,ranolazine (VTM),20161106
256191,rasagiline (VTM),20130805
1309764,raxtozinameran (VTM),20241005
222576,rebamipide (VTM),20130627
645405,reboxetine (VTM),20131005
1005078,recombinant cholera toxin B subunit + vibrio cholerae O1 inactivated antigen (VTM),20170316
776793,recombinant hepatitis B virus vaccine (VTM),20140901
740217,recombinant human epidermal growth factor (VTM),20140304
744822,recombinant human erythropoietin alfa (VTM),20140304
1041874,recombinant human thrombopoietin (VTM),20181103
1305298,recombinant respiratory syncytial virus (RSV) vaccine (VTM),20240817
785605,recombinant surface antigen hepatitis B (VTM),20140901
1286768,recombinant varicella zoster glycoprotein E vaccine (VTM),20231104
729754,regorafenib (VTM),20140202
1164826,remdesivir (VTM),20201016
1295317,remifentanil (VTM),20240412
395101,repaglinide (VTM),20130805
935744,resorcinol (VTM),20150503
896632,resorcinol + salicylic acid (VTM),20150218
986543,resorcinol + salicylic acid + sulfur + zinc oxide (VTM),20160605
935303,resorcinol + salicylic acid + talc + zinc oxide (VTM),20150503
774903,resorcinol + salicylic acid + zinc oxide (VTM),20140407
1322882,respiratory syncytial virus (RSV) subgroup A vaccine (recombinant) + respiratory syncytial virus (RSV) subgroup B vaccine (recombinant) (VTM),20250215
792898,retapamulin (VTM),20140519
222582,reteplase (reteplase protein) (VTM),20130627
822501,retinol (VTM),20140705
1312612,revefenacin (VTM),20241102
295040,ribavirin (VTM),20130805
1032027,ribociclib (VTM),20180601
263714,riboflavin (VTM),20130805
282828,rifampicin (VTM),20130805
1136795,rifapentine (VTM),20200213
1305035,rifaximin (VTM),20240817
346711,rilmenidine (VTM),20130805
674494,rilpivirine (VTM),20140104
429933,riluzole (VTM),20130805
1306158,rimegepant (VTM),20240831
1193755,ripasudil hydrochloride hydrate (VTM),20210715
1226277,risdiplam (VTM),20220316
222595,risedronate sodium (VTM),20130627
388405,risperidone (VTM),20130805
394754,ritonavir (VTM),20130805
222609,rituximab (VTM),20130627
651850,rivaroxaban (VTM),20131005
323368,rivastigmine (VTM),20130805
764294,rocuronium bromide (VTM),20140407
652681,roflumilast (VTM),20131005
1012194,romiplostim (VTM),20170806
1168581,romosozumab (VTM),20201202
425394,ropinirole (VTM),20130805
1259845,ropivacaine hydrochloride (VTM),20230401
643310,rosiglitazone (VTM),20131005
222613,rosuvastatin (VTM),20130627
722803,rotigotine (VTM),20140118
234000,roxithromycin (VTM),20130805
1002762,rufinamide (VTM),20170205
686967,rufloxacin (VTM),20140104
434947,rupatadine (VTM),20130805
1189656,rurioctocog alfa pegol (VTM),20210513
762326,russell's viper antivenin (VTM),20140407
849156,"rutoside, combinations (VTM)",20140914
887621,ruxolitinib (VTM),20150202
687033,sabal extract (VTM),20140104
655497,saccharomyces boulardii (VTM),20131102
993795,sacubitril + valsartan (VTM),20161003
1248988,safinamide (VTM),20221202
247274,salbutamol (VTM),20130805
235500,salbutamol + theophylline (VTM),20130805
702972,salicylic acid (VTM),20140118
1014299,salicylic acid + talc + zinc oxide (VTM),20170916
892964,salicylic acid + triamcinolone acetonide (VTM),20150202
939485,salicylic acid + urea (VTM),20150503
723027,salmeterol (VTM),20140118
1272297,sapropterin dihydrochloride (VTM),20230701
330704,saquinavir (VTM),20130805
1239968,sars-cov-2 spike protein (VTM),20220730
1192140,"sars-cov-2 vaccine (vero cell), inactivated (19nCoV-CDC-Tan-HB02) (VTM)",20210621
1177997,"sars-cov-2 vaccine (vero cell), inactivated (VTM)",20210223
1234271,satralizumab (VTM),20220514
708633,saturated solution of potassium iodide oral solution (VTM),20140118
816512,saw palmetto berries viscous extract + stinging nettle roots dry extract (VTM),20140616
855448,saw palmetto extract (VTM),20141019
648203,saxagliptin (VTM),20131005
1017355,secukinumab (VTM),20171103
231390,selegiline hydrochloride (VTM),20130805
765940,selenium sulfide (VTM),20140407
1050197,selexipag (VTM),20190120
1327198,selinexor (VTM),20250313
1313471,selpercatinib (VTM),20241117
1305687,selumetinib (VTM),20240831
1148709,semaglutide (VTM),20200614
687108,senna glycosides (VTM),20140104
870047,sennosides B (VTM),20141129
1322157,serplulimab (VTM),20250201
248847,serratiopeptidase (VTM),20130805
652098,sertaconazole nitrate (VTM),20131005
652219,sertraline (VTM),20131005
687177,sevelamer carbonate (VTM),20140104
524700,sevoflurane (VTM),20130914
649348,sildenafil (VTM),20131005
864016,silibinin (VTM),20141123
687242,silodosin (VTM),20140104
753431,silver nitrate (VTM),20140324
731370,silver sulfadiazine (VTM),20140202
933017,silver sulfadiazine + zinc oxide (VTM),20150418
753551,silver zinc sulfadiazine (VTM),20140324
357971,silymarin (VTM),20130805
1307533,simethicone (VTM),20240913
232323,simeticone (VTM),20130805
222621,simvastatin (VTM),20130627
222632,sirolimus (VTM),20130627
222645,sirolimus nanosystems dispersion (VTM),20130627
339621,sitafloxacin (VTM),20130805
647269,sitagliptin (VTM),20131005
692704,sitosterol (VTM),20140104
687316,sobrerol (VTM),20140104
708701,sodium acetate (VTM),20140118
888995,sodium acetate trihydrate (VTM),20150202
222650,sodium alginate + sodium bicarbonate (VTM),20130627
222666,sodium aurothiomalate (VTM),20130627
977152,sodium benzoate (VTM),20160307
702578,sodium bicarbonate (VTM),20140118
935422,sodium bicarbonate + sodium chloride (VTM),20150503
951670,sodium bicarbonate + strong ginger tincture (VTM),20150614
1027044,sodium bicarbonate + weak ginger tincture (VTM),20180411
750481,sodium calcium edetate (VTM),20140324
909216,sodium camphorsulfonate (VTM),20150228
521118,sodium chloride (VTM),20130914
977217,sodium chloride + sodium hypochlorite (VTM),20160307
972143,sodium chloride + sucrose (VTM),20160117
975881,sodium citrate (VTM),20160306
1001945,sodium cromoglicate (VTM),20170114
821356,sodium dihydroazapentacene polysulfonate (VTM),20140705
687476,sodium fluoride (VTM),20140104
734399,sodium fusidate (VTM),20140202
814770,sodium glycerophosphate (VTM),20140616
1324777,sodium hyaluronate + sodium hyaluronate crosslinked (VTM),20250301
837399,sodium hypochlorite (VTM),20140817
1002608,sodium iodide (VTM),20170114
880337,sodium nitrate (VTM),20150105
717803,sodium nitrite (VTM),20140118
520313,sodium nitroprusside (VTM),20130914
952450,sodium polystyrene sulfonate (VTM),20150703
708900,sodium thiosulfate (VTM),20140118
1316739,sodium zirconium cyclosilicate (VTM),20241215
965354,sofosbuvir (VTM),20151207
1036811,sofosbuvir + velpatasvir (VTM),20180805
471984,solifenacin succinate (VTM),20130805
723091,somatostatin acetate (VTM),20140118
578569,somatropin (VTM),20131005
659882,sorafenib (VTM),20131102
898520,sorbitol (VTM),20150218
1264027,sotorasib (VTM),20230604
730165,soya oil (VTM),20140202
975899,special mouthwash (VTM),20160306
687597,spiramycin (VTM),20140104
233386,spironolactone (VTM),20130805
705292,squill and ammonia mixture (VTM),20140118
916390,squill tincture (VTM),20150316
1029136,standardised allergen extract from the house dust mites (VTM),20180518
814285,stannous fluoride (VTM),20140616
800409,stanozolol (VTM),20140519
255602,stavudine (VTM),20130805
1293172,sterile water for injection (VTM),20240313
222697,streptokinase (VTM),20130627
579037,streptomycin (VTM),20131005
222700,strontium ranelate (VTM),20130627
867216,strychnine sulfate (VTM),20141123
717928,succimer (VTM),20140118
222716,sucralfate (VTM),20130627
1298020,sucroferric oxyhydroxide (VTM),20240502
880407,sucrose (VTM),20150105
795104,sugammadex (VTM),20140519
579314,sulbactam (VTM),20131005
678462,sulbutiamine (VTM),20140104
526610,sulfacetamide sodium (VTM),20130914
301085,sulfadiazine (VTM),20130805
449836,sulfadiazine + sulfadimidine + sulfamerazine (VTM),20130805
464827,sulfadiazine + sulfamerazine + sulfathiazole (VTM),20130805
257871,sulfadiazine + trimethoprim (VTM),20130805
746883,sulfaguanidine (VTM),20140324
230273,sulfamethoxazole + trimethoprim (VTM),20130805
436156,sulfasalazine (VTM),20130805
449986,sulfinpyrazone (VTM),20130805
706825,sulfur (VTM),20140118
517216,sulfur + triclosan (VTM),20130830
222728,sulindac (VTM),20130627
222737,sulodexide (VTM),20130627
723332,sulprostone (VTM),20140118
292995,sultamicillin (VTM),20130805
646928,sumatriptan (VTM),20131005
222744,sunitinib (VTM),20130627
723425,suxamethonium chloride (VTM),20140118
222759,tacrolimus (VTM),20130627
281846,tadalafil (VTM),20130805
1245203,tafamidis (VTM),20221014
1308876,tafenoquine (VTM),20240913
670446,tafluprost (VTM),20131130
995496,tafluprost + timolol (VTM),20161117
710454,talbot's solution (VTM),20140118
1101057,talc (VTM),20190302
895935,talc + zinc oxide (VTM),20150202
222763,tamoxifen (VTM),20130627
867696,tamoxifen citrate (VTM),20141123
956108,tamsulosin hydrochloride (VTM),20150805
1323533,teclistamab (VTM),20250215
1286280,tecovirimat (VTM),20231013
222771,tegafur (VTM),20130627
222785,tegafur + uracil (VTM),20130627
723516,teicoplanin (VTM),20140118
438711,telbivudine (VTM),20130805
687739,telithromycin (VTM),20140104
222792,telmisartan (VTM),20130627
222802,temozolomide (VTM),20130627
653796,temsirolimus (VTM),20131018
222818,tenecteplase (VTM),20130627
1156171,teneligliptin (VTM),20200801
1043263,tenofovir alafenamide (VTM),20181129
779629,tenofovir disoproxil fumarate (VTM),20140420
222825,tenoxicam (VTM),20130627
222839,teprenone (VTM),20130627
347106,terazosin (VTM),20130805
1287612,terbinafine  hydrochloride (VTM),20231104
1288382,terbinafine (VTM),20231202
1288395,terbinafine hydrochloride (VTM),20231202
910952,terbutaline sulfate (VTM),20150228
1012538,teriflunomide (VTM),20170806
579380,teriparatide (VTM),20131005
1029561,terlipressin acetate (VTM),20180518
791408,terpeneless dill seed oil (VTM),20140504
345276,testosterone (VTM),20180713
1032846,testosterone cypionate (VTM),20180616
1032867,testosterone enantate (VTM),20180616
1032822,testosterone propionate (VTM),20180616
1031859,testosterone undecanoate (VTM),20180616
857348,tetanus antitoxin (VTM),20141019
761713,tetanus immunoglobulin of equine origin (VTM),20140407
741200,tetanus immunoglobulin of human origin (VTM),20140304
672670,tetanus toxoid (VTM),20131215
763781,tetracaine hydrochloride (VTM),20140407
222841,tetrachlordecaoxide (VTM),20200720
1282277,tetrachlorodecaoxide (VTM),20230902
723707,tetracosactide (VTM),20140118
226607,tetracycline (VTM),20130805
747197,tetracycline hydrochloride (VTM),20140324
222860,thalidomide (VTM),20130627
231792,theophylline (VTM),20130805
375098,thiamazole (VTM),20130805
245865,thiamine (VTM),20130805
867030,thiamine hydrochloride (VTM),20141123
236100,thiamphenicol (VTM),20130805
517620,thimerosal (VTM),20130830
1105122,thioctic acid (VTM),20190331
222873,thioguanine (VTM),20130627
709853,thiomersal (VTM),20140118
766607,thiopental sodium (VTM),20140407
255003,thioridazine (VTM),20130805
1278088,thiotepa (VTM),20230804
222887,thymalfasin (VTM),20130627
518073,thymol (VTM),20130830
451937,thyroid extract (VTM),20130805
723776,thyrotropin (VTM),20140118
446706,tianeptine (VTM),20130805
222894,tiaprofenic acid (VTM),20130627
360722,tibolone (VTM),20130805
226291,ticagrelor (VTM),20130713
746284,ticlopidine hydrochloride (VTM),20140324
662061,tigecycline (VTM),20131102
1301409,tildrakizumab (VTM),20240629
522677,timolol (VTM),20130914
522903,timolol + travoprost (VTM),20130914
1265267,timolol maleate (VTM),20230604
250666,tinidazole (VTM),20130805
222915,tinzaparin sodium (VTM),20200612
518297,tioconazole (VTM),20130830
867450,tioguanine (VTM),20141123
1013804,tiotropium (VTM),20170916
1111606,tipiracil + trifluridine (VTM),20190504
222927,tirofiban (VTM),20130627
687804,tiropramide (VTM),20140104
969835,titanium dioxide + zinc oxide (VTM),20160104
1241055,tixagevimab (VTM),20220810
444346,tizanidine (VTM),20130805
522974,tobramycin (VTM),20130914
222936,tocilizumab (VTM),20130627
1143067,tocopherol (VTM),20200415
943775,tofacitinib (VTM),20150601
533316,tofisopam (VTM),20130914
765675,tolnaftate (VTM),20140407
765584,tolnaftate + triacetin (VTM),20140407
643692,tolperisone (VTM),20210331
1126919,tolperisone hydrochloride (VTM),20191004
957249,tolterodine tartrate (VTM),20150817
698496,tolvaptan (VTM),20140118
460470,topiramate (VTM),20130805
222943,topotecan (VTM),20130627
467137,torasemide (VTM),20130805
222958,toremifene citrate (VTM),20130627
1196922,tozinameran (VTM),20210806
222962,trabectedin (VTM),20130627
676865,trace elements (VTM),20140104
864643,tramadol hydrochloride (VTM),20141123
1019389,trametinib (VTM),20171116
222970,trandolapril (VTM),20130627
650865,tranexamic acid (VTM),20131005
1004887,trastuzumab (VTM),20170303
1304657,trastuzumab deruxtecan (VTM),20240817
1004894,trastuzumab emtansine (VTM),20170303
525512,travoprost (VTM),20130914
644840,trazodone (VTM),20131005
1051681,trelagliptin (VTM),20190203
1301886,tremelimumab (VTM),20240629
650060,tretinoin (VTM),20131005
1309050,triamcinolone acetate (VTM),20241005
878833,triamcinolone acetate + triamcinolone acetonide (VTM),20150105
643093,triamcinolone acetonide (VTM),20131005
893269,triamcinolone acetonide + urea (VTM),20150202
783437,tricalcium citrate (VTM),20140504
754139,trichloroacetic acid (VTM),20140324
1324643,trifarotene (VTM),20250301
325335,trifluoperazine (VTM),20130805
222991,triflusal (VTM),20130627
716156,trihexyphenidyl hydrochloride (VTM),20140118
734502,trimebutine (VTM),20140202
690912,trimetazidine dihydrochloride (VTM),20140104
375290,trimethoprim (VTM),20130805
855149,trimipramine (VTM),20141019
687986,tripamide (VTM),20140104
223003,triptorelin (VTM),20130627
1029492,triptorelin acetate (VTM),20180518
829835,trisodium citrate (VTM),20140803
963843,trisodium citrate dihydrate (VTM),20151116
982491,troclosene sodium (VTM),20160418
523127,tropicamide (VTM),20130914
649820,trospium chloride (VTM),20131005
688059,troxerutin (VTM),20140104
902438,trypan blue stain (VTM),20150228
840797,tuberculin purified protein derivative (VTM),20140817
668661,"tuberculosis, live attenuated (VTM)",20131130
1034625,turoctocog alfa (VTM),20180702
1246075,turoctocog alfa pegol (VTM),20221104
841209,"typhoid, purified polysaccharide antigen (VTM)",20140817
688125,ubidecarenone (VTM),20140104
1053507,ulipristal acetate (VTM),20190216
1020995,umeclidinium (VTM),20171202
1020948,umeclidinium + vilanterol (VTM),20171202
343581,urea (VTM),20130805
830456,urofollitropin (VTM),20140803
223019,urokinase (VTM),20130627
651205,ursodeoxycholic acid (VTM),20131005
223026,ustekinumab (VTM),20130627
651438,valaciclovir (VTM),20131005
1286128,valbenazine (VTM),20231013
651365,valganciclovir (VTM),20131005
983837,valine (VTM),20160430
521540,valproate sodium (VTM),20130914
223035,valsartan (VTM),20130627
470313,vancomycin (VTM),20130805
765131,vancomycin hydrochloride (VTM),20140407
358776,vardenafil (VTM),20130805
278971,varenicline (VTM),20130805
672627,"varicella zoster, live attenuated (VTM)",20131215
723898,vecuronium bromide (VTM),20140118
1023249,vedolizumab (VTM),20180203
1261770,velaglucerase alfa (VTM),20230412
791522,vemurafenib (VTM),20140504
320349,venlafaxine (VTM),20130805
990811,verapamil hydrochloride (VTM),20160703
1255336,vericiguat (VTM),20230217
724014,verteporfin (VTM),20140118
435807,vigabatrin (VTM),20130805
333755,vildagliptin (VTM),20130805
954467,vinblastine sulfate (VTM),20150805
223061,vincristine sulfate (VTM),20130627
223074,vinorelbine (VTM),20130627
274227,vinpocetine (VTM),20130805
701042,vitamin B complex (VTM),20140118
700638,vitamin E (VTM),20140118
258443,voglibose (VTM),20130805
1041434,vonoprazan (VTM),20181103
651558,voriconazole (VTM),20131005
962540,vortioxetine (VTM),20151116
223088,warfarin sodium (VTM),20130627
779883,water (VTM),20140420
836067,white petrolatum (VTM),20140803
998839,white petrolatum + zinc oxide (VTM),20161203
710522,whitehead's varnish (VTM),20140118
711773,whitfields ointment (VTM),20140118
834319,xylometazoline hydrochloride (VTM),20140803
998123,"yellow fever virus, live attenuated (VTM)",20161203
698918,yohimbine (VTM),20140118
661149,zanamivir (VTM),20131102
1313693,zanubrutinib (VTM),20241117
264065,zidovudine (VTM),20130805
338636,zinc (VTM),20130805
710598,zinc acetate (VTM),20140118
791598,zinc gluconate (VTM),20140504
874590,zinc hyaluronate (VTM),20141214
648051,zinc oxide (VTM),20131005
704742,zinc sulfate (VTM),20160307
480305,ziprasidone (VTM),20130805
1033239,zofenopril calcium (VTM),20180616
223090,zoledronic acid (VTM),20130627
652337,zolmitriptan (VTM),20131005
534619,zolpidem tartrate (VTM),20130914
482728,zonisamide (VTM),20130805
287834,zuclopenthixol (VTM),20130805
714714,ขมิ้นชัน (VTM),20140118
822187,เถาวัลย์เปรียง (VTM),20140705
714780,น้ำมันไพล (VTM),20140118
714923,ผงใบฟ้าทะลายโจร (VTM),20140118
714854,ผงผลมะแว้ง (VTM),20140118
819324,สารสกัดกระชายดำ (VTM),20140705
714999,สารสกัดจากใบพญายอ (VTM),20140118
