GPPID,TPPID
1050774,1103806
1113802,1113818
1207596,1207605
1261216,1171138
1325223,1325234
1287421,1287432
1070909,1166338
1151818,1151825
1317135,1317142
1065114,1276487
1092778,1092807
1134518,1134525
1185701,1185717
1216621,1216632
1229390,1229405
1264559,1264563
1045796,1045806
1057468,1247947
1154978,1154984
1208193,1208206
1236391,1236406
1276004,1276015
1081087,1081094
1103248,1226462
1111901,1111917
1048866,1182302
1296030,1296048
1302978,1302984
1304880,1304898
1186453,1186469
1312180,1312198
1316940,1316955
1047785,1193531
1088264,1088272
1088388,1212482
1095418,1095425
1184480,1184498
1070868,1108680
1044732,1244423
1055381,1055399
1052455,1189536
1071830,1119387
1114115,1114127
1278515,1278527
1151666,1229008
1045997,1068583
1063398,1063403
1119715,1119727
1084993,1085006
1156267,1156279
1174445,1189349
1188546,1188551
1230185,1230192
1053728,1259953
1194948,1206564
1249954,1249965
1276571,1276585
1325661,1325674
1227165,1227177
1053728,1053737
1079058,1079062
1119893,1119903
1102226,1261466
1084337,1108389
1045173,1045187
1171983,1226072
1288820,1288831
1076145,1091548
1144268,1205093
1222397,1222402
1067164,1166023
1102862,1240276
1147726,1181834
1288170,1288189
1079210,1079223
1048515,1080017
1168237,1168244
1180155,1274375
1197862,1197870
1225437,1225444
1070435,1169920
1096472,1096486
1077189,1263794
1260286,1260293
1057389,1108520
1062014,1062022
1063037,1079769
1074013,1074021
1074857,1198921
1076607,1218819
1152637,1152644
1325795,1325805
1070118,1210136
1087866,1087878
1130363,1130532
1045419,1045426
1280680,1280698
1238584,1238597
1055594,1055600
1077751,1077767
1072479,1072480
1126581,1126599
1115671,1115685
1172454,1190271
1107537,1107544
1071830,1199110
1068130,1068148
1063978,1133095
1070670,1252237
1154529,1154538
1244971,1244985
1070419,1122605
1130203,1198932
1101775,1101781
1086581,1086599
1311806,1318262
1311823,1318270
1227773,1227787
1133620,1133631
1094063,1094071
1105523,1105534
1232761,1232774
1050150,1050166
1058983,1058996
1089282,1089295
1254678,1254684
1236565,1318703
1046996,1152126
1067559,1067563
1083138,1083140
1164890,1164944
1288947,1109103
1053785,1229181
1277650,1277666
1311966,1311978
1077798,1235645
1077910,1077923
1085598,1323184
1094731,1094749
1094875,1094881
1055824,1136223
1130363,1130371
1224625,1324398
1055502,1055518
1068857,1068861
1184841,1184856
1094367,1094379
1078179,1276155
1273903,1273919
1238964,1242841
1312893,1320793
1248151,1248167
1050735,1141961
1097200,1277319
1108992,1109001
1058402,1058418
1066168,1303154
1076483,1133864
1068273,1068287
1099014,1223565
1171965,1294033
1197938,1197940
1243639,1243641
1308671,1308685
1060444,1060459
1087144,1087159
1095753,1095769
1171234,1171247
1179311,1179324
1044616,1212288
1077952,1091335
1158640,1165242
1292009,1292013
1287095,1287105
1044895,1044905
1063712,1063720
1085505,1085514
1327263,1327271
1292084,1292097
1079138,1079140
1057021,1058559
1158746,1231912
1065478,1132664
1082260,1082273
1127455,1127464
1102005,1102014
1204981,1204999
1231206,1231210
1099917,1216293
1082389,1082391
1182341,1182356
1259090,1259100
1129662,1204535
1143566,1143578
1173254,1173265
1227699,1227702
1238033,1238120
1060947,1168547
1074273,1074287
1077714,1077722
1280218,1280273
1181586,1181593
1217619,1261654
1219190,1219208
1070636,1070643
1219119,1227794
1293996,1294005
1062675,1064393
1093075,1093081
1086838,1086840
1191420,1191431
1204883,1268811
1224504,1224515
1320260,1320273
1045834,1045847
1094852,1094950
1118571,1118585
1217101,1217117
1055283,1055296
1081693,1081705
1134277,1134283
1087144,1166703
1157356,1157360
1048251,1048267
1053785,1267892
1256787,1256794
1055807,1107879
1057583,1108410
1064695,1064703
1102889,1102891
1159033,1194734
1181997,1182007
1284691,1284708
1187231,1265320
1095879,1095880
1242049,1242054
1187283,1187296
1092404,1092415
1132865,1150045
1100542,1110006
1087349,1248838
1301237,1301244
1160875,1316149
1234325,1234339
1189768,1189775
1178495,1271050
1050844,1050859
1060808,1060812
1083155,1114369
1070538,1070540
1148600,1246844
1067332,1067345
1072716,1072728
1195471,1258682
1087982,1087995
1097053,1097069
1122078,1122084
1101438,1266127
1167629,1167638
1168069,1227513
1253115,1253127
1217418,1217425
1220200,1220216
1264814,1297377
1055381,1232837
1058661,1058674
1065770,1284333
1092220,1092231
1294725,1294739
1069157,1097011
1083674,1083748
1067977,1093719
1081617,1081629
1127660,1129139
1139648,1139653
1160501,1251810
1206276,1206282
1150729,1150738
1044556,1229077
1050774,1120600
1063139,1063141
1061710,1061723
1095070,1095089
1093607,1179877
1143702,1143718
1215840,1215855
1259090,1297504
1068111,1251731
1175553,1238760
1204780,1204798
1264949,1293058
1131633,1131646
1310908,1310912
1172477,1172483
1287727,1287736
1198141,1198156
1275689,1275691
1208898,1208908
1227067,1227079
1275092,1320078
1079070,1079089
1168840,1168855
1195981,1195999
1235576,1235582
1046494,1046500
1052845,1228564
1092072,1303067
1285626,1285635
1190237,1190244
1294371,1294385
1044174,1044188
1226600,1226616
1250210,1250223
1056984,1171366
1099300,1099316
1071778,1071784
1073116,1216433
1131651,1131667
1283703,1283719
1070615,1261179
1326924,1326930
1044470,1082045
1056269,1223434
1071310,1071323
1091894,1164021
1149481,1175958
1048884,1254989
1311000,1311016
1073035,1073042
1092876,1092882
1094997,1307939
1082520,1082531
1111344,1111359
1047479,1047480
1199152,1199168
1224687,1224694
1142426,1217206
1213457,1308038
1213457,1269508
1092174,1268750
1110178,1110184
1217043,1217058
1071659,1071663
1084067,1084079
1171516,1181921
1298229,1298238
1077209,1263862
1077330,1136172
1177615,1177627
1088020,1253640
1185565,1185577
1059466,1084177
1062756,1062760
1242650,1242666
1046537,1194694
1266849,1266854
1048128,1113152
1071157,1071161
1076227,1090241
1079036,1079043
1094810,1094823
1086421,1086432
1053785,1185009
1054638,1092663
1153355,1153364
1186177,1186183
1085113,1142314
1130033,1130046
1306557,1306561
1062938,1239297
1061251,1061267
1083657,1083661
1092573,1092587
1099288,1099290
1164148,1223701
1187231,1187249
1060906,1060910
1164717,1164729
1057633,1078872
1062274,1322573
1070071,1070085
1088904,1088915
1207389,1207391
1241933,1241946
1059387,1059394
1149963,1149971
1268436,1268443
1188726,1188735
1191262,1191270
1247503,1247519
1226443,1226458
1263725,1263739
1073493,1073504
1088405,1088414
1148368,1148375
1084316,1084328
1155234,1229264
1156042,1156057
1244009,1244013
1052809,1105654
1079949,1079954
1296631,1296649
1298446,1298451
1192782,1192795
1152470,1152489
1076703,1076719
1222487,1222494
1153956,1153960
1066031,1084597
1046776,1046782
1158746,1213806
1046234,1046247
1053008,1053012
1083058,1083062
1068596,1068605
1097957,1097961
1098395,1182421
1150577,1231563
1073673,1073687
1087486,1223786
1081910,1254613
1285043,1285058
1223793,1223803
1239865,1239877
1044732,1275044
1071933,1071946
1075760,1075773
1172844,1206615
1280107,1280169
1125522,1125533
1091873,1163982
1164890,1164900
1288369,1288376
1235595,1235609
1202781,1202799
1071415,1071427
1072894,1072904
1296547,1296552
1187766,1187778
1316804,1316815
1146854,1146865
1147892,1304473
1048639,1048641
1185874,1191761
1234581,1234665
1260390,1260405
1046456,1046460
1315481,1315499
1050047,1050052
1051120,1051131
1052116,1322323
1060601,1297775
1080518,1212407
1087948,1087953
1047530,1047548
1236565,1267243
1210039,1210041
1315111,1315124
1071692,1071709
1074410,1074423
1097758,1097762
1089501,1089517
1167143,1167158
1255389,1255391
1224396,1224401
1098094,1098104
1197843,1219462
1211035,1211042
1056346,1274594
1074391,1074406
1104551,1323648
1113737,1113744
1285332,1285345
1060981,1060999
1109142,1109157
1167693,1167705
1325753,1325769
1085099,1142305
1072716,1270359
1082343,1082358
1168216,1245165
1281744,1281759
1282732,1282745
1184217,1240966
1225395,1225400
1074793,1317824
1171494,1181913
1070712,1181783
1314388,1314390
1213435,1213442
1047989,1192707
1136711,1136724
1201154,1247746
1066229,1302643
1048953,1048969
1125197,1125204
1129586,1129593
1206253,1206269
1062550,1307682
1077831,1106887
1123384,1123397
1077557,1214329
1193315,1228720
1247831,1247849
1249657,1249661
1046537,1157011
1047943,1266968
1062513,1100640
1078076,1303337
1070419,1169912
1092119,1168133
1084756,1174919
1170429,1170438
1099889,1248271
1174007,1274296
1047943,1269343
1086608,1086612
1108738,1150963
1107321,1107332
1324139,1324141
1147204,1147215
1300678,1300684
1044732,1310674
1322119,1322126
1060209,1060213
1084550,1275398
1157677,1270862
1171155,1171164
1286878,1286884
1314700,1314716
1063796,1063806
1274352,1274368
1064052,1140678
1067473,1067487
1072374,1072388
1093099,1093109
1104579,1261935
1146266,1146278
1211377,1211383
1107769,1107776
1226518,1226525
1095592,1095603
1188580,1188598
1228322,1228333
1231795,1231805
1187415,1187427
1066201,1184467
1123711,1123724
1228658,1228662
1186371,1186385
1129207,1216744
1053744,1259969
1277152,1277168
1314841,1314856
1183060,1319845
1271701,1271717
1276089,1276091
1082148,1247094
1143257,1264425
1155299,1155309
1113632,1113645
1188607,1188611
1299564,1299572
1229744,1229759
1259312,1259320
1077798,1299490
1103102,1103118
1101396,1101401
1086271,1086356
1088621,1308489
1164315,1164327
1282951,1282967
1283994,1284000
1061128,1061137
1066904,1066915
1094834,1094847
1170625,1170639
1078373,1078387
1219064,1280803
1076902,1185066
1082468,1082475
1169164,1169172
1305233,1305246
1182011,1182024
1063333,1063346
1070139,1127280
1227610,1227623
1091632,1091645
1090633,1090646
1140264,1187895
1088621,1088632
1109797,1109807
1160269,1160276
1152692,1197226
1243137,1243144
1276619,1276626
1050393,1050408
1140264,1140272
1167601,1167617
1044732,1294080
1215216,1215228
1053684,1053697
1071732,1071745
1138734,1138747
1158664,1165257
1095350,1095366
1178495,1178509
1207577,1207583
1224349,1224354
1237457,1237461
1074916,1273228
1048128,1187967
1097957,1099005
1162335,1162342
1212316,1212328
1075337,1077307
1047825,1047839
1067101,1067117
1065758,1237604
1120188,1120190
1160501,1278057
1194536,1194543
1285062,1285070
1236241,1236256
1082959,1152001
1096799,1096809
1183561,1183574
1261840,1261855
1123268,1123275
1197550,1197566
1311868,1311875
1087706,1226778
1288693,1288705
1184123,1263120
1149985,1150078
1160501,1160517
1048866,1147761
1295598,1310281
1051794,1234387
1067004,1311282
1085449,1085454
1205399,1289756
1228224,1228230
1237000,1237016
1307863,1307871
1045852,1045868
1076648,1076653
1123321,1123332
1094139,1214204
1243656,1324984
1245566,1245578
1226905,1326233
1074256,1074260
1086076,1086082
1122202,1218764
1150304,1150315
1243383,1243396
1295420,1295431
1096558,1142488
1102154,1102165
1104611,1104624
1177141,1177156
1190360,1190373
1074916,1211455
1076902,1172669
1132733,1132746
1106582,1262085
1147859,1147863
1045139,1045141
1285004,1285015
1181194,1181207
1190151,1190167
1230003,1230019
1152979,1152980
1219086,1219093
1105612,1105620
1047240,1047255
1239039,1239041
1057045,1171397
1157151,1157167
1117045,1117050
1075051,1075067
1273840,1273855
1062836,1062843
1102901,1102917
1189267,1189279
1222268,1222275
1064790,1064800
1073710,1124675
1184422,1184433
1046537,1119302
1087527,1087536
1097146,1097151
1167910,1167923
1279956,1280021
1195526,1219415
1196979,1196980
1074772,1186815
1159407,1159411
1183189,1183191
1280874,1291025
1234341,1234356
1048995,1049006
1078373,1317539
1066181,1303165
1047943,1123058
1158094,1158104
1152811,1152824
1130203,1306115
1149531,1171101
1252466,1252478
1322368,1322375
1138417,1138429
1144619,1144626
1240403,1240419
1272883,1272896
1098056,1098060
1095996,1151548
1226644,1226659
1065133,1065146
1069190,1193078
1077975,1077981
1077162,1263787
1094875,1094966
1160754,1160765
1256098,1256108
1322525,1322539
1264711,1264724
1054348,1054353
1194656,1194660
1216684,1216697
1231223,1231234
1051815,1234394
1159870,1164013
1045670,1084940
1062513,1062521
1067043,1067058
1074755,1245022
1047361,1047374
1253376,1253382
1214624,1214630
1099448,1099453
1115784,1115797
1223287,1223294
1057549,1228555
1096558,1096562
1111363,1111371
1091894,1159891
1078715,1249378
1108124,1108130
1057565,1224246
1128744,1128759
1072077,1184049
1187491,1289196
1306311,1306324
1046996,1151915
1094461,1094474
1095397,1095402
1185389,1185391
1298645,1298650
1152637,1155418
1097167,1274721
1099424,1323816
1147262,1147270
1084316,1266087
1259214,1259222
1220942,1220957
1062739,1232871
1071174,1155487
1146018,1287547
1183087,1183094
1284282,1284295
1207362,1207370
1246121,1246132
1059024,1059030
1074819,1074826
1093648,1093653
1143257,1194222
1045295,1181847
1290671,1311490
1281446,1281548
1201545,1201550
1206881,1206899
1065990,1066008
1065271,1065285
1074755,1252620
1198442,1198457
1061995,1062005
1092518,1092525
1129173,1129187
1088927,1088936
1214393,1214408
1072134,1072147
1067690,1067707
1212196,1212203
1074857,1181932
1246703,1246719
1062196,1062203
1073976,1073982
1125742,1125757
1093925,1093939
1177125,1224775
1055869,1055876
1083559,1083563
1091873,1303972
1172454,1195213
1182450,1309475
1046350,1046366
1055946,1122358
1073137,1088697
1077492,1125034
1272348,1272353
1217690,1257671
1061570,1061589
1088860,1088873
1112775,1112781
1236358,1236362
1276867,1276879
1046456,1058015
1098981,1247780
1052159,1052163
1063253,1063269
1085243,1085258
1092470,1214546
1097715,1098722
1136642,1136657
1088802,1088818
1059581,1266073
1272232,1272245
1072096,1141872
1104630,1159681
1048884,1182318
1211116,1211128
1059263,1059271
1187283,1229168
1044491,1044502
1073536,1073562
1120882,1120895
1141762,1141770
1156515,1156527
1201051,1201067
1222164,1222172
1235240,1235255
1050863,1050871
1082764,1082772
1114025,1114039
1211214,1211222
1236013,1236021
1203818,1214215
1219381,1219399
1122315,1122327
1086620,1287990
1084424,1084430
1108241,1108256
1326570,1326589
1068475,1068481
1110505,1110514
1206658,1206662
1239330,1239348
1217350,1237380
1046833,1141926
1060245,1210854
1194128,1194137
1206295,1206305
1058268,1058275
1082124,1202639
1188010,1188023
1066181,1066199
1046592,1046603
1058642,1058657
1078011,1078024
1133758,1133762
1080415,1080427
1204444,1248743
1223985,1223992
1253284,1253297
1060746,1060751
1093340,1093355
1287114,1287122
1194924,1206555
1066181,1173659
1127026,1127035
1129997,1130005
1104630,1183278
1078271,1078285
1065817,1065829
1118062,1118070
1163832,1163845
1175684,1175697
1306672,1306686
1050735,1092310
1077779,1297171
1164717,1232197
1194752,1194768
1211354,1313158
1261715,1262658
1072077,1228207
1052602,1052618
1065654,1065665
1086649,1190704
1230486,1230493
1059466,1228538
1321825,1321839
1045490,1248339
1187231,1250626
1045474,1240085
1073591,1073602
1092895,1092905
1102288,1133935
1112911,1112924
1066785,1231626
1126620,1310036
1165407,1165411
1169345,1231657
1100780,1100798
1181796,1181806
1316647,1316652
1079378,1079384
1110630,1110648
1044470,1145486
1229147,1229152
1066728,1066737
1080399,1109489
1079155,1079164
1089868,1089875
1144281,1144299
1062858,1062862
1064317,1310707
1097497,1133547
1123473,1123487
1251899,1251909
1133048,1240490
1077492,1283006
1151873,1151887
1261715,1268103
1072096,1191816
1064338,1064340
1081519,1081526
1088744,1088759
1236622,1236633
1044732,1312581
1057423,1135314
1111972,1111986
1088609,1308470
1116092,1116102
1191215,1191227
1091054,1091065
1059180,1059198
1059568,1107920
1245257,1245261
1069951,1069967
1122520,1122531
1282811,1282824
1291767,1291779
1315772,1315786
1064010,1325117
1123172,1123186
1159131,1159149
1045314,1074900
1145878,1145884
1256827,1256836
1081278,1081284
1103643,1103658
1297137,1297144
1078534,1078547
1240538,1240540
1183733,1183746
1052214,1052222
1074614,1074622
1072991,1073003
1093522,1093533
1055659,1159509
1083494,1083500
1279871,1279885
1091134,1091147
1150861,1150874
1258052,1258068
1053303,1053319
1092914,1092922
1143870,1143889
1295703,1298054
1200742,1200757
1208091,1208101
1216825,1216839
1213540,1213555
1089689,1217724
1143235,1160044
1063593,1096251
1081693,1135403
1045691,1045708
1064653,1064669
1063490,1063501
1097631,1097649
1133791,1218531
1284555,1284564
1224641,1224656
1055713,1055721
1063092,1063102
1122130,1256597
1133024,1240488
1096019,1096026
1238257,1238261
1153023,1229927
1273736,1273743
1197079,1197080
1075337,1261620
1306535,1306542
1066388,1252770
1048128,1048137
1056403,1273450
1088744,1107275
1281936,1281943
1267081,1267099
1162012,1162020
1052845,1238149
1068835,1182829
1075584,1107313
1290784,1319706
1047632,1047645
1046252,1140433
1062610,1095822
1098535,1204617
1133318,1133325
1101878,1101884
1105244,1105259
1112694,1112706
1113576,1113582
1177777,1177783
1249563,1249571
1048003,1048019
1138192,1138205
1095920,1237615
1212337,1212344
1075448,1075453
1211163,1266115
1091697,1091700
1083350,1083366
1087486,1087515
1137759,1137763
1268458,1268462
1201219,1201226
1071895,1184303
1049099,1049109
1057565,1140390
1141789,1141791
1287893,1288590
1078612,1078620
1215961,1304626
1233998,1234007
1074959,1211438
1217908,1236273
1084794,1084804
1194251,1225968
1047785,1047792
1095117,1095129
1111242,1111257
1086649,1203175
1171822,1171833
1182237,1182244
1283844,1283859
1312432,1312445
1308766,1308778
1046559,1107619
1051647,1152283
1056564,1138723
1057066,1301791
1087723,1087734
1075033,1280764
1066123,1066134
1159870,1307329
1095920,1095954
1154156,1154160
1214258,1214262
1103997,1104068
1158664,1158672
1215942,1267757
1055347,1055352
1075681,1138813
1200099,1200109
1216077,1216083
1225471,1225485
1153113,1153121
1312665,1312677
1072498,1072507
1082241,1082256
1295816,1295828
1152979,1185764
1324823,1324834
1177141,1276366
1075219,1075226
1085386,1085393
1097105,1235152
1108447,1108452
1290029,1290038
1057772,1057786
1225041,1225056
1069334,1106962
1109637,1109644
1175293,1175303
1229904,1229915
1202706,1202710
1226980,1226998
1051647,1051652
1057614,1253002
1065432,1065445
1108577,1108583
1267994,1268001
1313526,1313535
1060127,1313018
1076184,1076197
1089627,1089636
1090294,1090304
1068614,1068622
1084955,1084964
1047181,1047199
1195330,1195348
1151818,1192418
1044659,1061312
1186219,1186226
1162802,1162818
1198305,1198314
1206118,1206125
1063997,1323454
1068890,1068900
1065413,1200364
1282489,1282491
1194639,1237501
1236032,1236045
1187334,1187347
1084046,1138907
1176260,1176273
1288266,1288278
1224660,1302322
1237435,1237442
1314802,1314818
1203422,1203433
1089881,1089899
1134296,1134306
1106414,1184238
1236842,1236857
1087907,1087911
1048694,1280729
1288428,1288437
1235374,1235388
1136138,1136140
1236202,1236218
1044933,1044946
1187491,1250027
1062550,1187001
1121459,1121463
1047168,1047175
1091524,1249193
1154643,1154658
1258546,1258551
1074738,1317778
1112504,1112515
1197889,1197891
1076546,1109830
1086216,1086228
1311037,1311044
1314524,1314530
1078030,1078048
1101618,1322628
1105339,1105341
1072678,1072684
1139579,1139580
1303290,1303300
1263623,1263634
1058603,1254181
1073694,1073706
1089708,1089712
1077437,1077444
1077492,1214338
1204094,1204104
1210519,1210526
1134436,1134443
1200243,1200258
1228092,1228102
1251572,1251586
1254238,1254240
1153150,1169879
1077896,1081324
1087320,1290188
1045435,1090111
1114561,1114574
1257556,1257560
1074793,1074803
1045071,1316290
1201359,1313245
1261024,1261030
1099827,1235548
1193406,1193410
1284945,1284950
1057148,1057153
1158705,1158714
1048639,1309583
1054877,1054883
1069616,1191145
1047744,1126387
1056426,1056435
1167073,1167087
1236078,1236084
1075014,1075022
1065893,1065903
1095036,1118309
1269406,1269410
1185874,1250350
1212371,1228457
1107965,1107977
1235480,1235498
1209341,1209356
1090336,1090343
1099668,1099702
1088943,1088958
1143371,1224536
1095711,1095724
1181708,1181712
1078394,1317663
1074512,1171193
1134055,1229255
1225535,1225542
1271916,1271928
1086568,1086575
1307262,1307270
1061911,1061924
1083537,1083544
1072958,1072962
1077638,1077640
1254530,1254548
1078677,1078683
1205807,1205811
1062532,1247002
1068111,1255107
1102756,1102760
1175467,1175479
1284945,1293138
1247060,1247073
1212652,1212668
1317040,1317055
1047031,1151970
1058603,1058619
1062652,1062668
1091873,1298991
1246034,1246047
1250846,1250851
1274784,1274797
1077127,1077136
1168167,1291056
1047390,1310247
1212411,1212424
1229700,1265377
1229020,1229031
1044951,1079635
1045658,1045662
1050973,1050987
1166227,1166236
1238940,1238955
1273649,1273654
1140609,1140613
1204947,1204952
1243656,1295132
1104579,1104580
1286543,1286982
1225714,1225722
1292153,1292169
1104496,1104505
1054617,1059801
1272617,1272629
1098136,1098143
1098266,1098278
1116016,1194279
1169425,1169439
1301840,1301855
1194821,1194832
1206351,1206367
1321134,1321147
1322663,1322671
1097450,1204751
1127706,1251044
1299868,1299875
1107822,1107833
1218481,1218499
1046833,1306459
1061515,1061527
1066763,1066771
1095996,1303022
1326656,1326660
1079559,1079563
1295611,1307034
1177474,1177488
1206037,1206044
1071998,1072008
1119620,1119631
1172454,1179780
1198063,1198071
1215373,1215387
1210686,1210693
1097677,1097683
1143476,1143482
1309481,1309499
1187692,1187709
1168727,1168736
1059445,1084165
1075219,1097285
1138687,1138694
1077519,1283010
1099112,1250036
1135194,1135207
1102430,1102448
1181501,1181517
1241334,1289274
1121039,1121041
1230320,1230331
1187283,1226560
1052349,1052354
1060463,1171898
1076941,1176937
1097534,1097547
1295726,1306369
1161029,1161038
1311085,1311092
1059302,1059318
1276027,1276036
1220263,1318393
1055807,1061280
1168829,1168838
1169487,1232010
1047201,1047217
1057793,1057803
1044979,1044980
1069072,1097007
1089322,1089333
1111993,1112003
1077221,1263870
1069296,1161491
1076505,1076514
1132503,1169528
1300168,1321936
1203744,1203759
1128841,1128856
1117032,1117084
1168114,1168122
1311457,1311461
1055443,1055458
1071616,1071628
1077934,1077947
1092055,1092064
1095036,1095043
1135615,1135627
1137645,1222537
1170192,1175049
1238901,1238917
1048995,1253369
1063351,1226824
1081459,1081463
1131985,1311777
1164315,1268778
1064197,1064204
1070230,1070248
1099889,1216217
1133048,1133053
1147892,1151446
1290161,1290174
1047763,1326144
1095494,1095500
1168926,1233869
1246551,1246567
1071470,1071489
1097497,1251253
1121297,1121307
1235264,1235272
1152692,1243331
1128217,1128229
1130203,1276920
1095776,1095782
1184763,1184771
1239820,1239831
1074959,1144089
1202090,1202100
1181253,1181269
1235841,1235856
1321326,1321335
1053096,1236900
1066989,1311276
1073930,1073948
1065552,1065568
1132981,1132999
1290086,1290093
1229728,1229737
1046537,1046544
1061251,1211088
1071876,1127365
1074772,1317811
1072576,1072582
1053915,1053927
1256337,1256344
1232052,1232068
1187283,1318653
1071797,1291820
1081672,1135398
1104579,1254507
1196594,1196600
1276846,1276851
1081025,1200291
1164554,1164565
1044616,1277096
1051756,1051760
1059665,1059677
1069853,1069869
1072134,1158060
1121143,1121158
1261736,1262708
1072110,1215903
1073515,1073527
1104774,1142627
1070777,1304439
1228403,1228419
1150009,1150097
1117239,1117241
1155234,1155247
1297233,1297246
1054638,1059817
1225574,1225588
1214465,1214477
1060705,1060714
1062513,1273413
1066645,1066650
1067516,1067528
1171846,1171851
1305100,1305116
1277020,1277031
1265090,1265100
1170192,1299173
1085289,1085291
1295611,1312864
1309241,1309256
1125145,1237230
1134807,1134811
1073734,1090148
1067954,1067965
1269225,1269239
1202222,1202233
1103488,1312547
1157069,1157076
1298008,1298012
1059568,1261886
1217674,1257663
1096775,1096781
1125483,1125496
1077557,1278396
1181346,1181351
1057971,1057985
1247896,1247906
1214816,1214828
1062550,1218985
1073331,1073349
1129333,1129346
1217397,1217402
1217456,1217460
1292481,1292499
1055368,1232828
1076546,1076551
1201940,1201955
1218336,1218343
1048192,1103834
1067977,1120933
1225018,1310748
1275564,1275572
1169089,1169091
1289476,1289482
1162374,1182432
1077284,1134368
1262000,1262016
1179266,1179278
1046851,1141935
1051972,1051986
1055404,1055415
1090651,1090667
1087308,1290190
1109713,1109721
1077492,1238843
1200624,1200630
1224438,1224440
1220011,1220024
1059069,1085197
1082622,1082633
1117176,1117182
1127246,1127251
1054369,1054376
1162446,1202953
1310626,1310635
1211251,1211267
1243845,1313400
1063810,1063823
1068013,1093790
1099668,1099675
1048377,1048383
1066123,1244888
1064994,1065007
1117153,1117169
1141318,1141325
1171516,1260446
1170214,1313854
1290126,1290135
1253934,1253947
1245120,1245131
1045777,1045783
1089160,1089173
1168961,1168974
1193549,1277609
1320391,1320406
1046996,1047008
1071190,1071208
1117667,1117679
1222563,1222571
1243821,1243832
1048354,1048365
1201411,1201424
1227550,1227566
1233334,1233347
1044556,1326706
1062718,1112280
1053802,1211308
1261259,1261263
1067206,1067210
1097432,1097445
1215484,1215510
1056322,1056333
1060947,1085551
1140110,1140123
1174552,1174568
1145995,1287534
1240403,1304402
1151684,1195705
1075521,1257212
1247266,1247278
1046592,1229785
1118528,1126413
1310544,1310559
1216609,1216613
1059445,1084226
1306798,1306808
1055692,1055709
1094555,1094564
1098590,1101813
1098831,1235763
1170660,1170673
1225018,1253629
1062257,1062261
1098395,1162123
1100232,1100245
1045295,1240398
1113374,1113388
1067089,1067091
1097974,1253041
1104611,1238545
1282489,1213796
1213314,1213322
1067299,1067309
1129810,1130929
1095657,1095661
1259267,1259279
1075131,1075149
1214145,1214150
1137716,1249309
1241212,1241220
1277524,1277530
1064236,1064243
1061417,1061429
1083571,1083619
1070092,1070102
1087589,1087591
1095275,1095281
1242106,1242110
1044594,1195934
1051647,1298511
1084046,1084051
1176633,1176646
1078450,1078466
1086237,1086244
1173310,1272018
1289154,1289165
1153150,1153166
1089044,1089059
1165938,1165940
1044713,1244410
1308040,1308055
1214412,1214420
1213823,1213834
1085611,1148001
1072650,1255078
1103028,1103037
1268368,1268375
1162152,1162168
1189618,1189625
1236605,1236614
1076420,1076431
1194673,1194687
1228984,1228997
1045037,1045044
1069310,1161502
1077779,1077780
1065770,1291400
1109659,1109663
1060968,1085567
1080778,1080784
1077437,1217537
1224100,1224116
1233055,1233064
1272812,1272820
1321621,1321632
1213909,1213913
1265003,1265019
1053553,1053569
1088388,1088390
1104630,1255304
1269874,1269888
1303545,1303550
1160852,1316131
1193315,1193327
1235894,1235904
1053405,1053414
1075986,1181754
1229802,1229818
1305948,1305953
1319464,1319472
1048088,1284224
1100039,1263453
1123954,1123965
1211866,1211878
1106609,1210213
1044853,1098416
1227108,1227112
1062634,1062647
1064579,1307505
1202878,1202884
1066887,1313039
1067223,1067268
1209318,1209325
1055732,1055745
1065450,1132655
1097599,1097608
1149294,1149304
1169223,1169234
1305171,1305185
1057468,1057475
1103731,1103749
1093828,1093837
1054189,1054191
1161086,1161093
1206689,1206691
1212108,1212112
1091293,1091303
1072152,1210779
1092323,1092334
1057874,1057888
1191546,1191551
1225459,1225463
1075964,1227955
1079965,1079977
1096438,1096440
1204353,1204369
1187824,1313444
1313041,1313056
1317713,1317721
1048100,1168791
1060025,1060039
1060369,1256131
1060640,1253463
1140152,1140168
1189543,1218358
1274103,1274119
1066388,1066390
1064010,1085580
1081002,1200289
1116211,1116224
1167519,1167526
1077519,1125052
1300737,1300744
1275295,1275305
1064551,1064567
1064676,1108786
1094085,1313087
1048694,1292772
1302194,1302207
1046657,1046661
1067378,1067384
1267197,1267204
1218857,1218861
1044174,1099469
1056367,1056379
1085653,1085669
1097552,1097568
1083920,1083931
1288923,1109086
1047414,1047422
1186257,1236698
1099681,1099699
1115381,1239094
1144977,1219174
1190743,1190758
1243781,1243799
1066480,1066498
1056627,1056636
1229763,1265144
1230417,1230429
1240658,1240662
1247191,1247209
1087019,1087026
1222089,1222091
1046833,1068793
1080470,1080489
1174394,1298943
1309680,1309698
1150009,1150013
1325776,1325782
1055980,1240156
1052768,1052775
1074793,1261360
1118528,1118537
1101832,1101845
1104010,1104023
1088700,1088716
1167143,1212858
1304571,1304585
1185406,1185410
1217544,1217559
1060629,1253459
1081104,1304275
1300697,1300700
1078151,1078167
1075940,1075955
1174445,1174450
1257296,1257306
1259618,1259625
1185971,1185985
1076121,1076132
1079814,1079822
1166567,1166579
1201359,1201363
1314576,1314582
1067456,1067460
1206783,1206796
1242548,1242553
1066054,1123585
1061003,1084290
1129586,1174466
1048639,1292928
1244992,1245005
1225798,1225808
1044306,1044310
1074195,1219502
1106927,1106936
1071895,1127377
1069190,1069231
1046592,1270274
1069616,1069628
1131985,1169544
1139236,1139243
1239617,1239629
1066229,1290848
1088728,1107268
1144268,1176111
1112438,1112440
1116016,1116028
1170035,1170042
1077519,1243706
1228909,1228913
1247213,1247221
1154442,1154457
1056806,1056810
1060640,1297850
1061222,1061233
1087641,1087656
1095058,1095062
1057225,1057239
1197623,1197634
1151342,1151357
1085956,1085960
1087706,1158025
1093034,1093047
1104372,1104386
1163562,1163570
1278775,1278781
1051815,1051827
1106414,1106422
1089187,1089194
1044853,1044869
1075647,1075652
1131124,1131130
1159739,1214844
1162152,1226190
1078356,1221465
1211312,1311322
1107015,1107027
1220114,1220122
1055713,1210906
1080375,1080381
1062610,1062623
1078053,1303597
1101396,1299932
1310563,1310571
1241462,1241470
1060686,1254887
1071830,1148086
1087365,1248840
1089966,1089978
1189417,1189429
1190497,1190506
1276252,1276268
1064034,1064047
1193698,1193701
1104551,1183221
1142754,1142765
1109616,1229697
1158934,1308086
1057651,1078886
1094000,1094016
1281217,1281229
1198643,1198658
1061396,1061401
1073090,1239127
1092951,1092967
1099917,1312007
1105394,1105409
1149084,1149097
1088507,1088511
1216728,1216737
1312919,1312926
1086974,1086988
1158395,1158400
1291115,1291127
1076465,1076477
1068819,1182817
1130827,1130836
1054492,1059840
1178597,1178606
1251517,1251529
1083172,1083186
1083571,1083585
1125166,1125178
1131066,1131078
1200790,1200800
1247638,1247640
1066763,1193667
1094282,1251932
1097817,1247934
1089529,1089538
1164124,1164130
1238014,1238112
1213474,1213488
1068256,1171748
1121018,1121025
1140621,1140632
1086484,1086497
1304776,1304782
1047390,1134967
1198810,1198823
1196161,1196174
1091569,1091576
1066123,1184414
1066927,1066936
1076364,1079460
1123912,1123920
1287167,1287179
1235229,1235238
1149835,1149842
1048639,1284457
1310186,1310193
1187055,1187064
1106374,1122391
1088480,1088498
1165578,1165584
1297706,1297710
1059523,1083711
1149916,1149928
1049150,1111154
1071072,1265429
1129207,1251028
1184650,1197154
1055188,1055190
1117549,1117554
1111862,1111870
1183002,1187399
1071951,1071967
1080458,1080462
1287665,1287677
1263699,1263702
1046155,1046164
1230308,1230312
1056643,1056658
1286562,1286618
1215961,1215974
1187190,1187208
1064034,1140666
1072134,1147081
1082565,1082577
1084337,1140357
1294993,1295006
1118210,1290807
1189438,1189440
1323607,1323611
1088446,1088451
1130203,1187560
1078151,1276140
1234608,1253428
1065919,1065926
1149434,1149447
1307178,1307184
1067350,1067366
1067439,1067441
1090738,1090740
1175666,1175678
1283863,1283871
1257869,1257876
1316079,1316080
1099242,1099257
1087163,1209677
1160488,1285571
1296339,1296341
1193315,1207260
1211543,1248654
1229548,1229553
1072096,1228211
1313746,1313751
1056282,1274541
1073694,1269985
1075482,1075495
1092038,1092040
1109310,1109323
1048866,1123091
1283774,1283788
1064611,1317628
1077733,1077746
1085994,1086007
1243639,1324978
1275529,1275538
1202455,1202464
1092933,1092946
1081981,1081999
1087163,1087171
1087308,1248919
1084739,1133122
1174762,1174770
1299139,1299141
1180544,1180559
1148381,1148399
1232338,1232340
1225492,1225503
1273942,1273957
1046378,1224383
1048710,1143203
1077266,1140479
1246215,1246227
1220053,1220069
1135253,1135269
1157608,1157612
1066147,1066152
1060104,1060115
1090066,1090078
1115265,1115277
1200761,1200774
1062337,1095965
1066744,1235818
1300856,1300860
1098221,1098232
1254792,1254802
1065373,1065387
1083592,1083603
1086053,1086069
1132503,1132519
1070572,1184255
1056248,1223410
1060664,1060672
1075862,1075870
1084773,1084787
1159718,1214837
1198016,1198028
1201371,1201385
1212051,1212067
1046851,1196135
1048171,1048185
1079172,1079186
1083015,1083027
1162374,1162388
1064291,1064301
1097654,1244499
1098557,1098561
1103488,1250724
1155603,1155619
1054492,1312497
1047433,1212509
1320468,1320475
1307800,1307816
1143938,1143940
1235744,1235759
1201964,1201972
1045517,1319493
1080142,1080157
1048866,1254970
1070691,1223468
1215292,1215302
1062098,1062108
1122202,1122218
1156137,1156144
1156734,1156747
1229728,1265383
1151873,1152103
1045517,1045529
1055064,1055072
1057583,1140405
1122050,1122066
1059122,1245668
1066054,1066065
1060428,1060437
1169487,1169494
1058247,1058252
1142426,1228783
1077535,1214317
1198627,1198636
1090916,1194116
1238014,1238079
1320169,1320176
1273758,1273762
1064010,1065325
1067977,1067983
1048694,1160000
1291330,1291348
1059360,1059373
1210601,1210617
1044594,1107880
1193032,1193045
1254414,1254422
1276275,1276281
1085598,1147994
1159870,1302852
1164499,1164508
1047650,1084938
1281255,1281264
1191682,1191695
1205157,1205161
1060245,1060250
1085859,1085863
1087969,1087976
1073116,1088595
1071853,1071869
1075901,1075917
1113825,1113839
1056783,1056796
1065011,1065024
1078030,1120265
1081127,1304281
1070419,1070426
1072134,1166109
1087349,1087354
1279987,1280050
1231879,1231880
1151264,1151272
1097696,1097704
1104630,1327167
1064075,1064081
1077025,1240572
1082786,1082793
1291780,1291798
1215581,1215599
1060629,1060638
1080750,1080766
1092830,1092848
1086649,1284932
1156884,1156897
1096074,1183519
1053744,1053759
1286088,1286090
1044539,1044541
1075606,1075610
1123795,1244225
1149481,1245938
1290462,1290470
1301146,1301151
1242008,1242012
1186257,1186261
1082937,1082944
1106147,1106152
1278137,1278144
1070909,1070913
1215942,1215957
1241404,1241415
1316566,1316578
1147892,1147902
1195376,1195382
1324913,1324921
1297639,1297641
1185729,1185738
1150499,1150508
1104454,1295289
1162422,1162433
1235524,1235530
1233663,1233671
1242524,1242530
1071998,1184008
1288056,1288060
1047553,1047569
1193475,1209649
1238509,1238513
1252840,1252855
1076863,1076871
1070419,1289532
1094282,1094295
1102815,1102827
1111482,1111495
1184106,1184110
1211618,1211625
1048088,1268157
1057520,1182919
1163003,1163019
1163192,1163205
1047054,1151962
1078478,1078484
1061799,1061809
1096639,1322404
1193861,1193874
1205489,1205491
1243472,1243486
1044556,1276748
1053096,1098428
1176679,1176680
1217252,1289891
1236565,1286734
1294972,1305570
1076669,1218803
1070379,1212079
1239574,1239588
1306854,1306865
1157736,1157743
1095920,1291416
1061930,1061948
1149434,1288471
1183968,1183975
1194163,1194171
1247981,1247999
1264635,1264642
1044491,1302442
1083091,1083101
1086620,1237913
1048656,1166892
1281199,1281201
1159870,1303668
1189515,1301095
1272705,1272714
1294120,1294131
1084634,1084647
1084756,1084760
1146127,1146136
1197469,1197476
1206194,1206207
1058164,1058172
1047943,1170159
1062371,1062385
1065011,1214052
1103662,1103689
1296069,1296076
1077266,1133237
1210883,1210896
1201843,1223679
1046091,1046101
1145163,1145171
1201804,1201815
1224320,1224331
1322824,1322830
1083822,1083833
1223066,1223078
1323393,1323408
1066326,1066335
1065114,1065122
1076828,1224090
1272975,1272981
1076145,1076150
1096331,1096349
1201843,1232132
1315937,1315944
1317489,1317491
1046851,1189911
1058688,1081348
1066841,1066856
1269605,1269614
1146127,1263566
1205001,1284501
1056000,1107912
1059048,1059053
1085364,1105770
1166364,1305799
1161713,1161721
1047943,1231487
1173190,1173208
1282462,1282470
1070777,1322458
1254326,1254335
1060808,1302282
1080086,1080093
1095473,1095487
1237276,1237282
1065394,1065409
1097612,1248957
1195561,1195574
1229569,1229576
1262379,1262380
1187573,1187587
1092491,1092502
1099033,1099046
1149130,1149148
1086259,1086263
1174801,1174817
1090772,1090786
1044594,1057362
1074857,1238407
1139844,1139859
1089269,1089380
1297911,1297924
1053422,1053433
1119829,1119838
1278641,1278656
1310776,1310782
1078599,1078608
1218583,1250688
1102675,1102681
1227022,1287961
1083635,1083642
1073137,1073144
1130203,1130219
1086387,1086394
1171965,1239751
1282040,1282055
1209829,1209838
1149481,1246885
1086620,1123015
1071914,1119341
1055807,1325977
1070156,1269169
1121638,1121640
1086409,1107661
1083753,1083769
1164667,1164679
1169206,1169210
1194251,1259515
1198322,1198333
1220534,1220547
1065758,1095949
1093113,1093121
1236294,1236304
1276062,1276070
1212623,1212634
1250418,1291209
1059105,1142351
1065935,1065942
1053802,1185013
1077492,1300096
1072031,1184020
1276559,1276563
1067129,1193169
1077162,1077170
1114041,1114056
1178827,1178836
1253798,1253808
1047943,1232465
1069811,1069824
1065935,1165476
1072152,1225672
1113530,1113548
1240720,1240731
1213615,1213627
1046619,1158906
1062411,1062424
1081672,1081686
1296339,1312244
1240909,1240913
1314020,1314031
1058846,1138562
1090021,1090032
1054437,1054444
1198403,1198419
1166386,1305809
1080594,1080600
1136954,1234704
1057857,1057861
1248466,1248478
1294972,1302810
1045474,1228276
1116059,1116063
1064052,1064068
1081041,1081056
1095674,1095688
1257415,1257427
1309835,1309842
1324932,1324945
1055967,1115352
1077025,1101747
1159154,1159165
1282525,1282539
1078373,1293332
1068857,1182552
1074819,1277357
1158640,1163710
1161254,1161265
1281374,1281621
1200551,1200567
1217027,1217036
1066524,1066530
1265907,1265911
1082803,1323859
1239369,1239376
1117605,1326878
1088825,1088839
1206016,1206028
1052884,1052897
1080869,1080876
1065478,1065484
1085113,1085121
1172844,1312053
1181796,1285661
1088405,1212495
1105432,1248285
1304996,1305003
1256316,1256328
1216361,1216374
1056125,1056139
1119237,1119244
1133360,1171456
1193900,1193916
1045615,1045627
1062578,1062584
1122508,1190736
1128422,1128433
1104454,1104465
1141409,1141413
1285441,1285456
1227495,1227509
1263316,1263328
1098492,1098503
1118350,1118366
1160658,1160662
1218256,1218260
1218740,1218755
1057583,1144210
1261445,1302712
1074874,1276912
1208724,1208730
1076243,1076258
1148644,1314785
1300958,1300962
1075359,1075363
1099363,1099371
1160913,1191844
1298728,1298737
1236549,1236554
1231851,1231867
1092637,1092644
1109967,1109979
1289623,1289634
1217234,1307364
1225353,1225369
1260825,1260839
1074239,1074241
1102226,1102235
1143675,1166178
1207499,1207508
1321894,1321904
1323580,1323598
1065030,1213102
1226905,1320124
1062718,1232863
1095456,1095460
1072031,1228187
1323034,1323047
1274220,1274231
1072511,1072524
1103572,1230233
1170602,1170618
1269050,1269066
1078339,1078341
1217186,1217193
1249460,1249473
1305349,1305354
1074857,1268628
1080659,1080663
1103712,1103720
1093624,1179883
1044491,1055784
1052116,1243349
1056442,1105727
1096591,1096602
1113181,1113199
1164084,1164097
1179018,1179025
1196443,1196458
1224976,1224982
1214648,1214653
1064010,1323465
1045194,1045207
1168864,1168872
1170813,1170821
1072012,1184012
1056984,1056997
1161001,1161017
1072319,1214431
1174394,1174409
1300181,1315888
1300569,1300576
1092637,1296829
1281728,1281737
1072012,1072020
1212901,1212917
1066548,1066553
1056529,1056538
1136912,1136920
1086409,1086413
1159827,1159836
1077353,1077369
1213063,1213071
1221726,1221735
1055848,1142593
1064892,1064902
1212359,1228442
1186862,1186870
1063997,1065318
1067753,1067769
1118186,1275586
1114733,1114746
1095920,1145026
1166386,1166393
1070712,1258735
1289131,1289149
1229609,1229613
1069352,1152415
1094852,1094868
1183330,1183348
1204278,1274489
1074959,1164772
1075986,1139546
1162446,1247143
1183854,1183865
1247311,1247324
1091970,1091989
1098923,1191522
1047286,1137548
1077779,1210831
1166204,1166215
1144657,1144661
1194536,1308797
1212033,1212046
1044671,1061320
1074793,1252704
1072335,1214449
1164717,1198490
1165725,1165739
1298569,1298576
1151152,1151168
1045636,1142102
1060686,1060693
1063978,1066083
1061185,1061192
1118210,1319710
1132232,1132245
1147726,1147735
1160488,1251806
1047511,1047524
1245725,1245739
1213490,1219807
1052455,1238316
1060400,1060416
1109946,1109951
1176124,1205103
1300240,1300255
1224953,1224969
1152064,1152072
1046058,1046062
1099385,1099392
1045230,1045248
1267034,1267047
1184480,1231996
1183143,1183158
1153150,1318301
1091991,1092001
1095015,1095027
1093227,1093236
1171516,1263917
1077519,1077526
1183041,1319832
1278308,1278312
1153522,1153533
1275379,1288444
1057468,1187616
1062476,1142810
1054574,1059838
1194948,1323892
1319527,1319536
1045538,1045540
1073377,1073383
1100039,1137839
1097838,1098910
1187876,1187882
1198708,1198712
1215801,1215817
1044616,1195947
1077104,1077115
1120979,1120980
1188941,1215122
1298326,1298335
1187491,1299658
1074857,1130196
1065935,1096137
1088609,1088645
1089540,1089555
1084610,1084623
1095795,1095805
1165702,1165718
1152208,1152212
1201862,1232145
1064774,1064788
1082327,1136460
1165836,1165843
1169268,1182903
1166289,1253686
1229414,1229422
1185959,1185963
1067898,1067908
1175553,1175569
1288923,1288934
1319660,1319673
1117256,1117260
1108738,1108740
1047201,1086552
1285822,1285833
1091650,1091666
1226001,1226017
1045731,1045749
1161587,1161594
1078715,1078727
1265074,1265088
1046795,1046805
1071671,1087602
1097817,1276345
1166648,1166653
1199498,1199507
1063517,1063529
1069671,1069685
1067931,1067949
1117667,1182758
1131389,1131391
1095619,1095626
1285753,1285769
1055103,1055119
1060947,1060952
1088388,1212453
1067879,1067880
1146087,1146094
1300031,1300049
1154731,1154749
1088763,1134882
1200113,1200121
1106609,1106613
1093010,1093023
1098617,1251282
1143257,1194602
1174180,1174198
1325814,1325822
1090577,1183672
1104790,1104800
1175357,1311731
1245513,1245521
1246145,1246150
1273568,1273575
1320861,1320874
1065974,1084584
1052723,1168082
1059007,1059011
1184199,1235650
1215961,1267761
1305752,1305768
1076420,1108755
1119497,1119506
1111261,1111274
1114395,1114400
1285954,1285965
1286543,1286602
1242697,1242700
1044470,1044489
1063139,1258774
1095299,1095309
1183025,1187404
1046559,1119318
1080732,1080745
1102964,1102972
1245407,1245411
1072650,1072666
1084815,1084827
1047479,1086762
1068565,1232121
1110081,1292241
1282142,1282157
1050546,1050551
1081590,1081601
1087308,1087312
1284834,1284847
1057916,1057928
1247655,1247664
1073233,1073246
1075986,1075993
1094691,1094708
1103978,1103984
1168903,1168919
1048884,1182523
1308922,1308933
1097654,1175632
1161064,1161072
1181305,1181314
1235507,1235511
1231402,1241998
1227080,1227098
1048656,1292944
1238606,1238610
1236549,1250062
1319159,1319163
1074772,1252696
1090358,1090362
1110420,1110431
1086649,1182292
1295598,1312855
1077590,1077601
1078095,1303344
1161368,1161375
1196869,1196876
1199744,1199759
1230570,1230589
1324037,1324044
1080352,1080368
1083592,1083626
1053405,1208378
1064551,1307496
1072319,1072326
1172477,1190285
1297982,1297995
1279859,1279863
1254818,1254825
1311538,1311540
1071998,1163752
1055368,1107402
1062513,1246994
1066609,1066613
1077854,1077865
1077896,1077906
1092017,1092029
1089248,1089253
1157789,1157791
1255826,1255835
1078216,1078228
1206457,1206461
1245108,1245112
1062316,1062328
1065552,1152946
1093885,1093892
1105497,1105506
1185362,1185370
1201051,1239767
1059325,1108819
1217880,1217898
1074195,1216553
1165424,1165430
1215151,1215167
1219310,1219323
1227344,1227359
1070379,1145331
1103868,1103875
1256938,1256940
1244971,1252654
1321759,1321763
1221113,1221121
1079920,1079931
1070572,1249313
1068434,1068447
1149176,1149182
1113927,1113936
1169281,1169299
1077330,1077348
1072110,1226807
1047802,1047818
1058748,1058753
1117447,1117452
1140175,1170536
1167664,1167672
1279317,1279329
1275593,1275604
1088240,1088255
1068032,1068045
1097356,1097360
1310949,1310954
1067140,1144129
1154868,1154875
1053785,1101472
1189591,1189602
1218195,1218202
1319088,1319090
1067164,1267420
1098877,1098883
1131577,1131583
1094028,1094037
1181380,1181398
1045314,1045322
1054574,1092685
1078179,1078180
1258449,1258454
1055848,1064863
1062359,1069135
1078770,1223512
1230752,1230768
1051203,1051219
1082826,1082861
1047414,1134587
1152692,1264299
1293500,1293516
1050774,1103796
1052723,1227521
1103921,1103932
1193176,1193182
1274824,1274830
1062597,1184860
1070398,1070403
1180091,1180101
1137357,1137361
1048710,1048723
1171965,1226064
1077284,1133244
1195471,1314123
1064150,1064166
1236549,1318695
1050800,1199272
1086421,1271755
1223633,1223646
1306395,1306400
1060722,1060733
1183002,1183463
1096976,1096982
1045295,1304397
1048866,1279258
1287893,1287903
1265205,1265214
1090410,1090423
1091894,1244651
1302913,1302921
1184217,1184229
1076227,1076236
1128326,1128335
1192043,1217949
1325585,1325592
1055980,1107908
1255021,1255032
1204330,1204348
1224660,1224673
1066201,1173685
1064598,1064607
1077025,1077039
1107724,1107730
1244066,1244078
1047989,1266975
1069415,1069427
1193614,1193622
1236549,1280916
1150531,1150549
1047989,1123062
1103572,1206627
1279393,1279408
1239849,1288865
1087723,1226721
1067730,1067748
1123730,1123748
1132883,1132896
1304350,1304366
1077519,1117512
1300054,1300065
1195471,1250711
1219064,1219072
1076902,1229217
1194558,1251224
1204136,1204143
1318757,1318761
1085522,1085533
1282462,1273263
1259057,1259061
1313094,1313104
1076329,1076338
1077025,1251071
1072697,1072700
1095138,1095140
1116118,1116125
1047229,1047238
1070731,1086727
1201290,1201300
1233502,1233518
1151065,1151077
1063593,1063604
1061775,1302367
1084756,1133133
1281451,1281553
1059523,1059534
1075033,1075046
1096752,1096768
1104579,1309554
1173489,1173491
1274709,1274713
1074857,1234743
1092174,1092188
1132820,1132831
1142540,1142555
1113110,1113123
1044876,1044882
1210324,1210330
1061813,1302403
1074315,1074327
1130154,1130165
1161600,1161616
1060348,1060353
1061438,1061440
1065957,1084578
1097534,1123210
1132981,1243214
1159773,1232902
1175357,1212120
1300229,1300238
1237194,1237207
1074874,1212154
1046592,1216927
1064258,1064262
1091894,1302868
1191941,1191956
1230976,1230982
1064215,1064227
1048354,1270033
1195638,1195640
1055922,1055933
1164738,1198501
1295703,1301228
1205415,1205427
1090959,1090963
1186964,1186972
1057447,1057512
1158722,1158733
1216582,1299517
1044616,1132975
1210561,1210574
1074153,1074169
1099344,1099359
1197261,1197274
1306463,1306471
1213984,1213997
1046473,1046487
1078076,1200408
1082680,1082698
1281342,1281357
1232150,1232166
1065758,1095912
1175096,1175106
1058223,1058234
1063276,1063282
1073832,1073845
1102794,1102836
1295598,1309874
1070796,1304441
1209484,1209497
1074738,1252612
1157677,1182180
1170192,1242582
1235716,1235728
1160403,1199792
1207241,1228731
1073515,1073558
1086957,1086961
1088744,1134853
1205368,1205375
1187017,1218992
1326308,1326312
1227261,1227274
1047031,1047049
1104034,1104047
1066467,1066479
1067275,1067281
1150577,1150583
1259734,1259747
1313209,1313213
1076925,1172676
1070173,1070187
1087383,1087396
1086649,1142000
1054492,1145205
1228615,1228627
1214184,1214197
1047943,1047958
1069951,1316407
1268732,1301180
1215886,1215893
1271260,1271273
1308064,1308072
1202562,1202570
1219254,1219265
1070379,1070380
1102597,1102606
1170192,1313849
1178699,1178702
1191408,1191412
1214166,1214178
1318355,1318364
1319982,1319995
1060041,1060056
1097919,1110109
1291672,1291686
1285494,1285500
1070691,1258726
1275708,1275712
1061144,1061159
1066582,1066595
1104551,1292971
1059409,1081798
1085676,1085682
1068755,1155456
1144931,1144949
1091357,1091361
1074738,1245014
1131717,1131729
1144268,1144275
1159827,1303964
1168069,1168076
1311555,1311564
1056160,1221844
1139215,1139227
1295598,1305536
1149963,1150084
1314168,1314422
1142207,1142211
1199962,1199970
1227597,1227606
1249931,1249949
1266444,1266459
1315614,1315622
1072613,1072621
1097413,1097421
1117239,1173560
1288601,1288617
1194280,1194298
1074772,1306638
1077798,1210849
1080231,1080249
1098395,1098400
1129037,1129044
1165509,1165513
1107366,1107378
1215466,1303371
1046537,1155397
1093505,1093514
1070810,1070823
1198426,1198435
1250397,1291191
1169954,1169965
1220552,1220568
1062513,1081143
1076902,1076918
1093329,1093338
1216405,1216414
1149857,1149861
1215484,1303385
1142426,1142435
1223614,1223622
1253588,1253590
1151451,1151467
1315596,1315605
1078974,1078988
1079193,1079206
1070398,1212080
1092556,1092560
1098136,1100330
1146640,1146655
1225590,1225601
1235915,1235927
1044914,1044922
1274980,1274998
1117622,1326884
1171494,1263901
1047433,1086770
1195376,1236148
1091390,1091405
1219157,1227858
1156602,1156618
1218256,1223900
1250418,1250425
1046378,1260697
1092072,1102196
1103063,1103071
1234053,1234076
1152692,1305493
1215133,1215146
1097122,1097133
1103305,1103314
1149481,1287791
1266557,1266561
1292508,1292512
1064355,1064364
1066684,1243884
1069352,1175856
1095138,1095172
1158221,1275966
1284461,1284474
1078394,1078409
1095234,1095247
1054557,1092671
1185182,1185195
1189706,1189710
1181529,1181538
1230687,1230694
1151728,1151737
1073171,1088666
1125166,1169117
1199595,1199609
1208879,1208880
1274458,1274462
1159827,1298989
1159870,1276657
1290208,1290212
1226882,1326222
1051274,1051288
1098947,1098952
1103488,1279364
1135978,1135984
1169460,1169473
1066031,1220762
1064676,1064682
1268064,1268072
1044659,1044663
1186702,1298374
1250867,1250879
1060542,1060557
1136954,1170562
1181457,1181461
1223481,1223499
1090755,1090764
1313767,1313779
1314825,1314839
1069659,1191184
1075545,1265570
1080064,1080072
1045253,1045269
1070731,1070749
1198555,1277569
1208635,1208642
1297003,1304004
1058867,1138570
1071157,1209665
1073214,1073222
1304867,1304879
1280667,1280679
1090391,1090406
1104514,1104522
1198016,1199217
1059228,1059237
1060002,1060018
1066684,1066697
1075964,1221788
1048570,1140255
1047326,1047335
1247812,1247820
1072031,1072049
1065855,1217155
1295726,1295735
1234581,1241399
1325730,1325748
1066168,1066175
1046851,1068786
1057565,1057577
1074050,1074066
1076546,1108565
1096694,1096706
1103488,1124634
1094160,1094173
1150928,1198765
1315294,1315304
1076844,1076859
1103881,1103899
1283682,1283695
1217089,1217091
1070253,1070269
1087747,1087752
1089643,1089658
1092072,1092086
1158535,1158542
1242927,1242936
1063314,1063322
1069174,1097024
1078053,1200454
1076761,1076774
1093364,1093372
1173086,1173093
1229962,1229970
1162054,1162077
1182360,1220736
1313127,1313136
1097791,1299643
1058089,1058091
1052845,1199480
1062079,1062080
1097497,1097506
1104611,1104941
1089586,1089593
1279412,1279420
1142442,1142457
1162255,1226212
1177125,1276350
1198230,1198248
1055208,1055212
1081221,1081232
1097872,1191607
1282462,1213777
1104611,1327151
1086893,1086903
1095313,1095321
1047595,1047609
1180247,1180252
1087687,1087694
1089141,1089156
1257518,1257525
1238964,1238972
1080882,1080895
1068819,1068826
1146444,1146459
1144268,1300286
1047181,1215356
1234581,1248048
1046977,1046983
1056305,1056314
1059105,1059114
1096656,1096660
1112019,1112026
1164531,1283902
1204923,1204934
1233766,1233778
1275852,1275868
1044539,1135000
1058528,1058537
1079418,1079425
1072915,1072927
1162446,1218475
1199684,1199697
1253136,1253143
1051917,1051929
1057520,1108651
1231402,1231418
1187306,1226573
1077492,1186741
1046036,1046043
1054934,1054947
1071436,1071443
1078053,1307113
1065919,1165469
1093052,1093068
1189280,1189298
1057021,1301373
1097654,1097665
1295703,1306353
1226404,1226415
1056000,1174957
1057423,1160615
1062917,1239284
1097373,1097387
1110465,1110477
1084858,1084862
1159424,1159430
1282637,1282644
1264516,1264528
1069352,1069368
1070139,1235335
1072991,1300480
1090717,1090729
1104676,1104682
1139081,1139099
1282616,1282628
1211591,1211602
1275501,1275517
1313617,1313629
1066054,1084606
1229744,1231058
1072096,1072106
1275403,1275419
1059727,1059736
1088065,1088077
1077395,1077400
1189953,1189969
1070691,1325487
1078510,1078523
1229286,1229293
1214735,1214742
1217730,1217748
1085816,1256424
1290427,1290436
1238476,1238482
1072096,1163809
1108900,1297429
1231164,1231172
1059421,1059432
1292819,1292826
1057468,1108549
1108343,1108358
1082842,1082857
1138383,1138396
1143675,1171070
1280857,1280861
1251125,1251139
1099112,1299662
1099328,1099337
1281479,1281576
1162422,1247136
1209608,1209612
1081968,1254666
1153047,1229936
1053238,1064546
1072632,1072802
1092055,1128065
1092616,1092628
1143917,1262806
1282404,1282415
1047286,1047293
1047390,1047405
1076145,1271520
1106414,1240978
1138995,1139006
1144619,1227929
1050006,1050010
1052116,1152713
1066744,1066759
1081104,1102476
1087687,1226766
1089604,1089615
1295386,1295393
1098617,1098629
1103572,1312069
1270098,1270108
1047414,1134979
1277958,1277962
1281361,1281613
1055824,1142586
1201652,1201668
1074916,1074928
1044778,1092745
1217690,1217707
1248484,1248497
1169500,1169516
1047511,1108928
1078318,1078325
1044470,1061246
1104774,1244452
1283340,1283355
1204640,1204655
1091229,1091238
1153703,1266714
1064514,1064522
1082729,1082738
1097974,1097988
1093301,1093317
1142442,1228796
1291865,1291877
1324333,1324346
1046418,1046425
1044594,1082021
1046592,1158896
1056689,1056691
1073734,1073747
1091759,1091763
1048100,1268161
1077877,1077883
1095977,1095983
1173064,1173072
1270532,1270545
1071491,1071502
1118186,1118193
1171473,1171487
1145440,1145455
1298609,1298613
1215198,1215200
1066201,1302636
1075725,1075739
1070435,1182727
1089806,1089810
1091168,1139533
1257573,1257587
1090857,1090861
1083846,1083851
1310965,1310977
1233933,1233946
1087562,1087570
1098376,1111033
1169603,1169619
1255583,1255596
1215259,1215263
1248198,1248200
1175008,1175012
1062112,1062120
1068679,1068680
1102794,1102804
1152368,1152375
1065758,1291395
1171983,1213899
1162106,1226208
1185304,1185315
1254511,1254524
1214006,1214010
1045490,1130469
1079275,1079281
1185169,1185176
1279682,1279695
1190216,1190228
1232034,1232047
1243401,1243417
1259809,1259813
1064132,1064145
1222378,1222384
1326280,1326298
1218963,1218971
1083983,1083996
1281958,1281962
1290933,1290946
1197843,1197858
1044732,1044745
1064630,1064648
1048639,1051858
1208313,1208321
1229199,1229201
1297723,1316337
1051385,1075430
1280239,1280294
1071914,1184319
1173732,1173745
1224930,1224948
1063658,1063662
1069778,1241637
1094978,1094984
1168926,1168935
1224562,1224570
1204191,1204209
1264983,1264996
1318006,1318010
1055306,1055310
1080518,1248620
1069998,1070000
1159610,1159623
1175134,1175147
1218549,1236937
1140152,1299442
1046313,1046321
1085611,1085624
1167382,1167395
1271148,1271153
1250585,1250592
1056248,1254650
1064099,1064109
1087747,1292287
1045092,1045102
1252133,1252146
1254390,1254405
1151201,1151217
1226443,1230061
1081655,1135367
1103207,1296237
1137771,1137785
1268040,1268055
1199943,1199958
1097654,1209146
1110081,1251461
1157373,1320764
1195041,1195056
1313923,1313934
1238940,1242839
1251187,1251194
1056102,1229134
1057182,1135909
1076624,1076630
1136626,1136635
1086620,1170074
1159739,1159741
1281433,1281530
1211570,1211589
1058441,1058456
1252263,1252271
1209228,1209237
1050648,1050653
1053802,1053818
1107036,1107043
1247854,1247865
1260936,1260943
1213847,1213852
1264879,1292596
1098519,1144015
1100910,1100923
1154777,1212889
1082343,1136473
1255406,1255410
1108021,1108032
1061673,1061687
1080713,1249805
1088106,1088110
1223549,1223554
1252285,1252292
1074937,1074944
1057447,1080541
1068874,1182568
1068153,1068169
1087035,1087042
1164124,1223698
1059122,1241310
1159328,1159337
1151763,1192313
1305734,1305747
1294993,1306999
1060127,1176176
1076828,1076837
1093987,1093994
1142063,1142071
1165203,1165219
1172844,1292391
1254744,1254759
1108202,1108218
1223153,1223169
1186392,1186407
1065259,1065263
1080103,1080119
1120188,1192321
1179535,1179542
1063538,1063540
1065612,1123619
1070139,1070141
1098812,1098820
1136281,1136299
1084316,1140326
1143566,1321342
1047110,1317310
1227836,1227843
1265486,1265493
1314887,1314446
1060629,1297845
1085611,1272416
1267393,1267408
1309176,1309182
1090819,1107996
1071573,1071587
1096214,1096222
1168413,1237691
1297026,1297035
1281272,1281286
1210808,1210812
1321065,1321077
1274644,1274659
1056945,1108195
1129909,1129913
1090874,1090888
1213379,1213380
1046015,1046027
1117406,1270699
1163930,1163948
1066744,1193651
1078114,1078122
1153150,1219882
1056085,1056092
1062739,1062741
1072632,1072645
1110598,1227675
1137083,1137096
1158115,1158127
1195526,1195535
1077751,1237322
1143972,1143986
1180439,1180441
1227972,1227986
1239923,1289647
1050844,1055587
1070276,1070282
1270634,1270647
1197120,1197131
1252935,1252942
1045474,1172918
1181643,1181658
1046851,1182864
1057045,1058563
1130203,1244549
1137645,1263578
1236520,1236531
1263606,1263610
1076987,1076994
1118571,1212597
1132041,1132056
1296942,1296957
1191364,1191372
1153301,1153317
1154777,1160398
1212469,1212476
1209373,1209387
1072553,1072569
1110611,1227681
1096354,1096365
1304223,1304234
1279902,1279918
1078237,1078244
1057406,1108531
1067140,1238725
1187093,1187103
1099634,1162582
1217920,1236287
1045670,1045689
1098733,1098746
1103044,1103059
1093960,1093973
1159033,1170850
1211163,1211171
1107247,1107252
1072031,1149577
1094712,1094720
1082169,1100002
1282064,1282072
1195311,1195324
1271358,1271362
1046753,1121073
1059743,1059758
1060369,1100503
1059048,1064757
1061591,1061602
1287198,1287200
1135670,1135689
1087246,1087251
1165022,1165033
1168325,1168339
1183104,1183115
1190612,1190620
1316675,1316681
1046753,1149452
1060444,1171880
1060526,1060535
1123795,1123805
1163543,1163558
1225311,1225324
1320842,1320857
1128405,1128414
1172844,1172859
1301030,1301048
1191960,1191973
1090512,1090520
1164239,1164241
1046252,1109518
1289938,1289940
1161692,1161709
1271423,1271434
1226470,1226489
1044594,1243205
1096144,1096159
1091319,1091326
1237435,1314077
1065552,1324572
1047650,1047666
1179923,1179934
1062675,1307454
1172047,1172052
1269679,1269680
1177403,1177419
1261829,1261838
1326734,1326747
1245495,1245509
1047031,1159469
1087809,1087813
1282853,1282869
1072096,1184054
1277272,1277286
1081751,1081767
1117819,1117826
1084917,1084929
1169140,1169155
1283364,1283372
1108148,1108153
1216134,1216147
1217275,1217281
1077416,1077428
1047943,1182325
1083210,1083223
1131842,1261961
1101438,1211185
1156775,1156781
1166496,1166505
1206071,1206085
1215318,1215325
1098519,1204601
1064871,1064885
1067140,1267412
1098798,1098808
1131985,1131992
1135932,1135945
1172236,1172243
1243003,1243019
1194639,1248608
1197760,1232236
1196807,1196811
1239849,1239854
1154490,1154501
1151839,1192425
1056248,1313143
1062652,1220237
1075566,1107309
1123912,1323505
1237139,1237141
1044539,1302071
1060127,1307653
1065237,1065244
1071072,1071103
1160488,1160490
1144268,1280389
1214994,1215007
1097612,1204693
1062675,1084149
1230504,1230515
1066168,1243251
1109922,1109933
1169642,1169657
1054278,1054284
1058585,1254175
1210808,1311211
1091168,1091175
1154796,1212891
1265589,1313369
1295262,1295270
1073074,1216479
1083690,1083707
1186623,1186634
1090679,1090680
1187807,1187811
1188863,1247714
1044671,1044685
1062359,1062363
1095378,1095384
1183526,1183535
1056403,1056419
1065935,1133285
1162904,1162915
1090937,1090944
1047962,1047970
1223370,1223389
1238344,1256610
1247542,1247557
1046378,1306746
1046619,1073464
1097855,1228398
1110197,1110204
1159610,1240269
1167297,1167307
1323121,1323132
1213435,1269512
1097715,1097727
1104611,1159675
1106582,1106595
1143235,1264397
1188703,1188719
1180585,1180592
1180753,1180769
1226231,1226249
1132189,1132191
1290692,1311501
1222140,1318546
1246465,1246477
1048694,1291297
1047433,1047446
1200533,1200546
1046753,1046769
1072991,1280358
1084955,1158266
1144559,1310753
1234608,1239170
1241126,1241135
1210297,1210307
1123977,1123983
1084005,1084014
1175576,1175582
1297723,1297734
1078292,1078302
1044876,1196055
1159870,1299211
1304592,1304603
1077557,1238815
1058949,1058954
1110408,1110412
1095851,1095867
1070834,1070847
1192062,1305995
1215758,1215762
1327114,1327122
1215421,1215432
1046592,1073455
1234581,1250313
1122423,1122434
1109212,1109220
1269738,1269740
1284269,1284276
1231730,1302156
1213658,1263300
1069190,1069208
1076925,1134404
1084495,1084509
1048866,1170116
1146245,1146250
1261024,1327007
1114601,1114617
1188800,1208309
1154269,1154276
1073618,1073625
1048866,1231441
1290040,1290055
1099196,1136544
1136867,1136879
1086649,1269315
1168302,1237643
1144321,1301704
1188034,1188047
1300582,1300595
1201430,1201448
1216873,1216887
1237517,1237529
1060561,1096163
1099154,1099165
1094160,1214227
1289385,1289392
1072054,1072065
1045834,1103564
1188863,1232941
1206333,1206346
1063731,1063749
1100297,1100307
1113595,1113609
1136626,1303938
1137012,1137020
1086534,1086547
1114311,1114324
1070966,1251984
1217674,1217688
1079571,1079585
1129731,1129749
1093243,1093258
1143235,1288519
1049150,1298553
1067140,1166010
1082992,1083004
1110551,1110567
1193475,1193481
1046833,1094754
1069778,1069784
1084316,1261893
1177028,1244111
1228691,1228708
1203049,1203054
1050113,1050121
1135978,1219029
1088609,1088613
1208619,1208690
1090971,1090985
1091181,1091199
1091524,1194144
1293814,1293822
1073878,1073884
1186112,1186120
1203763,1203771
1059048,1085184
1074633,1074646
1072771,1270328
1097677,1209133
1045351,1045367
1164622,1164633
1063156,1063160
1073090,1227120
1193294,1246546
1228593,1228604
1231402,1241525
1254020,1254031
1059325,1059339
1203507,1203511
1063691,1063708
1069055,1096995
1074679,1074680
1097631,1204705
1127660,1127673
1104735,1104742
1114170,1114189
1161784,1161797
1062131,1062149
1076800,1076816
1068256,1068260
1103139,1103141
1129586,1189354
1195471,1312534
1248318,1248325
1160488,1278042
1157263,1157271
1146162,1146170
1286472,1286486
1206156,1206160
1079091,1079101
1143371,1265349
1159718,1212532
1179999,1180004
1215568,1215575
1055824,1055830
1098073,1098087
1081968,1081975
1053802,1101486
1194752,1195952
1204170,1204189
1068336,1068343
1172719,1172726
1163214,1163222
1295364,1301271
1069190,1097030
1135211,1135224
1130257,1271605
1094139,1255111
1106433,1184240
1161323,1161334
1254049,1254054
1314860,1314873
1069296,1240529
1083949,1083954
1206139,1206141
1057651,1057667
1059421,1081808
1044732,1056037
1065990,1194982
1055671,1055685
1098170,1098189
1169186,1169193
1163088,1163090
1077535,1278383
1310983,1310996
1044876,1182445
1251102,1251118
1066405,1252789
1057406,1228435
1077910,1162759
1213211,1213224
1209864,1209872
1319558,1319562
1110611,1138618
1148347,1148352
1183640,1228253
1091374,1091388
1048710,1292786
1253519,1253526
1187628,1187637
1044135,1044142
1236508,1252053
1233824,1233830
1318892,1318902
1044616,1107898
1046851,1323735
1085774,1085788
1087625,1087639
1081574,1081588
1141151,1141167
1109539,1109541
1091201,1091217
1320225,1320239
1072255,1072264
1093567,1158213
1093902,1093918
1148323,1148334
1229763,1231062
1091414,1091422
1221034,1221047
1165183,1165196
1059466,1108646
1074971,1074985
1055732,1142276
1103572,1292406
1288127,1288136
1195376,1318624
1075316,1075328
1050863,1182151
1072759,1072763
1114250,1114266
1167820,1167831
1063899,1311881
1087088,1087090
1096035,1096042
1169833,1169846
1182360,1182373
1204376,1204382
1238453,1242264
1258496,1258505
1057343,1057358
1300181,1321943
1181102,1181118
1154604,1154615
1203894,1203904
1060025,1212647
1089823,1089834
1267676,1267682
1253266,1253278
1044853,1162175
1074358,1074362
1254134,1254147
1044323,1044334
1047031,1152174
1080573,1080587
1085204,1085215
1064338,1310711
1065838,1217140
1099067,1099079
1234478,1234484
1214372,1214386
1096897,1096907
1195877,1195883
1212359,1212363
1186929,1186938
1057389,1159929
1259930,1259948
1316513,1316521
1095439,1095441
1091569,1249210
1239519,1239526
1243116,1243128
1062597,1095814
1169247,1182893
1166145,1166150
1255937,1255944
1201131,1201149
1098981,1098999
1126770,1126789
1047650,1066422
1057819,1057826
1217908,1217912
1068294,1068304
1142442,1213346
1071998,1162480
1263741,1263756
1051794,1166844
1063173,1063187
1082107,1202625
1102862,1102870
1193097,1193107
1070754,1107487
1213658,1213662
1097200,1097216
1310345,1310350
1058206,1058210
1044750,1044766
1048233,1152600
1105432,1105445
1227385,1227392
1057009,1301360
1093150,1093197
1189515,1232109
1237796,1237806
1074531,1074549
1074738,1186858
1092220,1112878
1100039,1100041
1274436,1274443
1044616,1082097
1073354,1073365
1068358,1235771
1124513,1182677
1047962,1277576
1050844,1081297
1113530,1198037
1185260,1185273
1222908,1222912
1217456,1228139
1066303,1066319
1089305,1089314
1113530,1117362
1044732,1219933
1093178,1093184
1084652,1084668
1108287,1144769
1075290,1217603
1048331,1048349
1191477,1191483
1125902,1235860
1179400,1179416
1044539,1082066
1059864,1148539
1077189,1081849
1083193,1083206
1098981,1225733
1077221,1081820
1180795,1180805
1239923,1239934
1072110,1166099
1214669,1214676
1064010,1064023
1067129,1067138
1054638,1054640
1196489,1196491
1260511,1260524
1044174,1243562
1125703,1125719
1135852,1135868
1184785,1184792
1058027,1058036
1271406,1271410
1227476,1227482
1136846,1136851
1096417,1096429
1220961,1220974
1314991,1315009
1318837,1318844
1148663,1148671
1112320,1112331
1175894,1175904
1087687,1201098
1094305,1094314
1082327,1082336
1103426,1321422
1168829,1237269
1213118,1213125
1250397,1250402
1056909,1056913
1076227,1273704
1098705,1204686
1130257,1316550
1229433,1229446
1044306,1213586
1095058,1209048
1302950,1302966
1078076,1306025
1312791,1312801
1250563,1250571
1293707,1293711
1071713,1071721
1077266,1185916
1286192,1286205
1234581,1234599
1164358,1244554
1234608,1234612
1214939,1214941
1080946,1080951
1079674,1079688
1055980,1174942
1061088,1061090
1072970,1072989
1140700,1276164
1160333,1160346
1238363,1238371
1072293,1072303
1103269,1202192
1057066,1058571
1084108,1084112
1175255,1175264
1144977,1277728
1056488,1105683
1083473,1083487
1146714,1146722
1225416,1225428
1312200,1312216
1115306,1169004
1048884,1190791
1290525,1290539
1189723,1189734
1200010,1200023
1227718,1227725
1243924,1243930
1073074,1073088
1140958,1140962
1048710,1160016
1058043,1058058
1239444,1239459
1236764,1236772
1272999,1273007
1059069,1059076
1268980,1268998
1206720,1206731
1162152,1257017
1179221,1179232
1234069,1234082
1044556,1145536
1055142,1055157
1079748,1079753
1165359,1165363
1149985,1149992
1326171,1326185
1056224,1056230
1103488,1258695
1094160,1203839
1046776,1047388
1103367,1103379
1086466,1283956
1175217,1175229
1228615,1323790
1239849,1271633
1057481,1057499
1056564,1056572
1088785,1134895
1045295,1263986
1184609,1184613
1178288,1178290
1322208,1322212
1062550,1062566
1086855,1086864
1088609,1227149
1188420,1188431
1230026,1230035
1227578,1227584
1048159,1048163
1094978,1292315
1096536,1096543
1130495,1130509
1147340,1147355
1197337,1197344
1258788,1258790
1063419,1063426
1081002,1081018
1082406,1082410
1142921,1142932
1045071,1180707
1048656,1134029
1183601,1183617
1278246,1278251
1198720,1198731
1242467,1242479
1060189,1060191
1134922,1176512
1090499,1090508
1088763,1088771
1143917,1143929
1269481,1269499
1297618,1297625
1078770,1078789
1065413,1065421
1065631,1123642
1094658,1094662
1125607,1235286
1160403,1160419
1107559,1107563
1071914,1148161
1094615,1094627
1141696,1141704
1162152,1323682
1210353,1210369
1065534,1152933
1160852,1191892
1195060,1195073
1187231,1224527
1292622,1292633
1065855,1065864
1092093,1092103
1131963,1131971
1158746,1212098
1284966,1287341
1309667,1309679
1273053,1273069
1221546,1221551
1047763,1193565
1047943,1284777
1069518,1069525
1110023,1110034
1110408,1162229
1047054,1047065
1183162,1183170
1187306,1195444
1055946,1153204
1052809,1249366
1226882,1226895
1066123,1173600
1064270,1152853
1063670,1063689
1086791,1086801
1169402,1169418
1170214,1170222
1077574,1077588
1059167,1059179
1074874,1130226
1149481,1149499
1282381,1282399
1078373,1221364
1058460,1117874
1151286,1151293
1274064,1274072
1075964,1207890
1133198,1133200
1115946,1115951
1100143,1100158
1096019,1112057
1187458,1187462
1219157,1219161
1047744,1275000
1076682,1076695
1095015,1118299
1141339,1141341
1167056,1167060
1194924,1323885
1268824,1268830
1211019,1211026
1228868,1228875
1044713,1219922
1057169,1135899
1177636,1177643
1061061,1061074
1087267,1087279
1145128,1145137
1223358,1223362
1224625,1224639
1266923,1266934
1044381,1044399
1055220,1055231
1076483,1076496
1087924,1087930
1297706,1301318
1188052,1188068
1071876,1180949
1089367,1089379
1216841,1216856
1214892,1214902
1092616,1296817
1124578,1124584
1110068,1223195
1290750,1290766
1309819,1309826
1071998,1253854
1070881,1070899
1065114,1217635
1095537,1095544
1277792,1277802
1091792,1091802
1306831,1306849
1064291,1194976
1083036,1083043
1092692,1092709
1048656,1148254
1295703,1296263
1178411,1178424
1051972,1077471
1063572,1063586
1075509,1075513
1082701,1082717
1109616,1109628
1066181,1244928
1294532,1294545
1077127,1263827
1159870,1159889
1048570,1048589
1058321,1058332
1257946,1257951
1051993,1077485
1079439,1079441
1129059,1129063
1177295,1177305
1191301,1191317
1229083,1229096
1046635,1214505
1046833,1323726
1056442,1056457
1072632,1255066
1297401,1297417
1234893,1234903
1063474,1063488
1063978,1063984
1067164,1067172
1091856,1091860
1046912,1046920
1071692,1087618
1117667,1326349
1084316,1107931
1159033,1159046
1052641,1319618
1058724,1081376
1085719,1085726
1073090,1073100
1099300,1290980
1143257,1288526
1048884,1070461
1053802,1140524
1214393,1314678
1214514,1214522
1045932,1228921
1060382,1066293
1074755,1074764
1087440,1087455
1274126,1274135
1046879,1193447
1065030,1065048
1061536,1233721
1048298,1060143
1177540,1177555
1044470,1107846
1057468,1197972
1057045,1057050
1089426,1089435
1232081,1232099
1186964,1215413
1312011,1312024
1294993,1305589
1095193,1095206
1103139,1103156
1109869,1109876
1315916,1315928
1110329,1110338
1073472,1073486
1074097,1074107
1074835,1277361
1068738,1155441
1117406,1117410
1194673,1212014
1240834,1240847
1153150,1237044
1274040,1274055
1264920,1264931
1315717,1315729
1046954,1194799
1085010,1085023
1072175,1072181
1129037,1230897
1131260,1131273
1196882,1196895
1186235,1186242
1060382,1134659
1066700,1243897
1072737,1270363
1185241,1218835
1066181,1243267
1088168,1109853
1112625,1112639
1090916,1090928
1075681,1308518
1099014,1099022
1114640,1114655
1169058,1169062
1171776,1249350
1046619,1216936
1047728,1047737
1077416,1175962
1279567,1279579
1154777,1154783
1307695,1307703
1298621,1298632
1210162,1210170
1057614,1080443
1064514,1260008
1070615,1236097
1216989,1216991
1261715,1262691
1044594,1044600
1053326,1053335
1093726,1093735
1157302,1157318
1289862,1289870
1246682,1246695
1047414,1295178
1226368,1226375
1067494,1191109
1178226,1178235
1197804,1197815
1200068,1300293
1260175,1260181
1046516,1046528
1061734,1061747
1103461,1103474
1157677,1157683
1095635,1095642
1069692,1069709
1081245,1081250
1077266,1184989
1192043,1192058
1224280,1224298
1228823,1228834
1059903,1059919
1058867,1058879
1069334,1069347
1073116,1073128
1131531,1131549
1086620,1284921
1301478,1301484
1280124,1280182
1237474,1237488
1045156,1045160
1290671,1290685
1101706,1101710
1088728,1088737
1158952,1308093
1156222,1156233
1220608,1220612
1058688,1058690
1063615,1096267
1085262,1085270
1103269,1103276
1192851,1192867
1194656,1248612
1192473,1192487
1321152,1321168
1149434,1275875
1166477,1166483
1282188,1282190
1194035,1194042
1293867,1293879
1048866,1190789
1210018,1210025
1052074,1052088
1058585,1058592
1124532,1124545
1102288,1102290
1113989,1113991
1077459,1080188
1323941,1323956
1069055,1069064
1137894,1137904
1261608,1261612
1262474,1262488
1074857,1276908
1059285,1059292
1258420,1258431
1275834,1275847
1046833,1196126
1046851,1046867
1057406,1057410
1058724,1108963
1071174,1071188
1076204,1076215
1069914,1069922
1110113,1110121
1102385,1102392
1169384,1169397
1210952,1210968
1044539,1326694
1045997,1046004
1050956,1050960
1094207,1094211
1083795,1083805
1290882,1290895
1297706,1316328
1301450,1301466
1200150,1249418
1204485,1204492
1044594,1277083
1045457,1045461
1178108,1178112
1234608,1234677
1094670,1094689
1070658,1070662
1092470,1092489
1117835,1117842
1188828,1212739
1272722,1272733
1126285,1126292
1214068,1214075
1217920,1217931
1050243,1050258
1069594,1069600
1164370,1244565
1261506,1261510
1316787,1316794
1053342,1053357
1075964,1075972
1110289,1110291
1087035,1109436
1281818,1281825
1189192,1189205
1280097,1280153
1091771,1091785
1094899,1094932
1129997,1260737
1138660,1138673
1087747,1215935
1168801,1237253
1074717,1074729
1085790,1085800
1233685,1233692
1273926,1273935
1047943,1138057
1087706,1117304
1068531,1068549
1130718,1207900
1113530,1199229
1177141,1224781
1249619,1249626
1092174,1301198
1160403,1239416
1078413,1078421
1196334,1196347
1216388,1216390
1217439,1217441
1248216,1248228
1086620,1172580
1159033,1159257
1302777,1302783
1222563,1228932
1071914,1071922
1275899,1275909
1118487,1118494
1110579,1110580
1225143,1225158
1097510,1097523
1070615,1178889
1058384,1247751
1238647,1238652
1221653,1221669
1063295,1063305
1210808,1255667
1138866,1138878
1045419,1090107
1248082,1248095
1326429,1326438
1063754,1063765
1097228,1097237
1091759,1141893
1226491,1226502
1227005,1287957
1079571,1213538
1132025,1132039
1132923,1132934
1312961,1312974
1213351,1213367
1083155,1083164
1096570,1096589
1224911,1224924
1070253,1206517
1101308,1101312
1183428,1183437
1199613,1199621
1209704,1209715
1072217,1072229
1103572,1172863
1181564,1181572
1136977,1234715
1145832,1145845
1224641,1302314
1091096,1091106
1092072,1261413
1068315,1068327
1195542,1195557
1239463,1239471
1237435,1294940
1295364,1295372
1064735,1064742
1076047,1076052
1133318,1294889
1087100,1087116
1317323,1317334
1045490,1045501
1109381,1109399
1143235,1292680
1297003,1297019
1078095,1078105
1062773,1062787
1104551,1208912
1149434,1289424
1183798,1183808
1188386,1188393
1107345,1107350
1242008,1242802
1242613,1242621
1102699,1102702
1169321,1222753
1172454,1195170
1044713,1044721
1187491,1243515
1045712,1083129
1157216,1157228
1257470,1257489
1284966,1293140
1202472,1202486
1132348,1132353
1137645,1146143
1089000,1089016
1109231,1109249
1142777,1142783
1168216,1168228
1150260,1150273
1071933,1178940
1122111,1256584
1091873,1101948
1191567,1191579
1325456,1325460
1068992,1069001
1076648,1218793
1110068,1292239
1172892,1240071
1057835,1080797
1218218,1218225
1076109,1076113
1103000,1261271
1188800,1188816
1205415,1289760
1113201,1113217
1183041,1242716
1060324,1060330
1087706,1201108
1086620,1182285
1201154,1201165
1060127,1122577
1060503,1171931
1089823,1249769
1127660,1129230
1253733,1253746
1270964,1270972
1062274,1062288
1097180,1274732
1104611,1183266
1153150,1255740
1319687,1319694
1073057,1233375
1155494,1155500
1289702,1289718
1287758,1287762
1179087,1179094
1228059,1228063
1056749,1056754
1067619,1157935
1082362,1082370
1283598,1283607
1110483,1110496
1089102,1089118
1233905,1233914
1070555,1070564
1068452,1236793
1110386,1110393
1135978,1279465
1112504,1242894
1163673,1163687
1174599,1174608
1195395,1195400
1074916,1262044
1292646,1292651
1067592,1067603
1065758,1065762
1085132,1085145
1047989,1047991
1093567,1275950
1172477,1195189
1183060,1242728
1239330,1322616
1187436,1187443
1054896,1054906
1215581,1314771
1251658,1251662
1187283,1195437
1213490,1213501
1044539,1055797
1056426,1081170
1085611,1192015
1097736,1097743
1082107,1321684
1273961,1273974
1318483,1318496
1061694,1061706
1109594,1229684
1184374,1184388
1241017,1241029
1076607,1076611
1082959,1082963
1087768,1087775
1081471,1146382
1071334,1071347
1297570,1297589
1077266,1077278
1216962,1216970
1242123,1242134
1125902,1260771
1301620,1301631
1079707,1079711
1088422,1223916
1099843,1211074
1146189,1146191
1078696,1078704
1057045,1235020
1099407,1099411
1164256,1164260
1091272,1091286
1072110,1072123
1215466,1215478
1109692,1109709
1053802,1196190
1189472,1189486
1254915,1254927
1257824,1257830
1058500,1079879
1078990,1079004
1083908,1083912
1310206,1310210
1311125,1311139
1190942,1190957
1210999,1211003
1229645,1229650
1214081,1214099
1217753,1217769
1061752,1061768
1081638,1135351
1164890,1190466
1070691,1070708
1121590,1121601
1201371,1313250
1062578,1307719
1098751,1098767
1254697,1254700
1230660,1230673
1187017,1187029
1159578,1159584
1096455,1096464
1077672,1211159
1064178,1064184
1093742,1093774
1169441,1169456
1077672,1077686
1154777,1224088
1062718,1062725
1082549,1082554
1103063,1244389
1184422,1303634
1057890,1057900
1073775,1073781
1165917,1165929
1146018,1148296
1177380,1177398
1046537,1060087
1044594,1325186
1060127,1288746
1123516,1123528
1125145,1324380
1096074,1096088
1048656,1309596
1106771,1106785
1209024,1209030
1068434,1236786
1162272,1226220
1047201,1070037
1044811,1044824
1187174,1187188
1063059,1063063
1215942,1304619
1150900,1150916
1072077,1162524
1275488,1275490
1075827,1075836
1065736,1065743
1089207,1089211
1172477,1179798
1194809,1194813
1153742,1153757
1243455,1243464
1323301,1323317
1203970,1203989
1051815,1301677
1060104,1313002
1077025,1091553
1143257,1292698
1225297,1225307
1232420,1232431
1242480,1242498
1276674,1276688
1264657,1264661
1294972,1294986
1090531,1090549
1094305,1251945
1196573,1196587
1151326,1197149
1066361,1252743
1050800,1050816
1086649,1125420
1158722,1213810
1172477,1195221
1162049,1162065
1195561,1219427
1215864,1215872
1228141,1228156
1154777,1199785
1055616,1055628
1070435,1070442
1127504,1127515
1123345,1123350
1108717,1108729
1109594,1310140
1143870,1262852
1176596,1176605
1059360,1108793
1059506,1059510
1047989,1232477
1060767,1060779
1120188,1151785
1162666,1162678
1057698,1057701
1229303,1229319
1233249,1233254
1048214,1048222
1071811,1293101
1090554,1183664
1092174,1092190
1142141,1142156
1138349,1138354
1175357,1175361
1054617,1092659
1074755,1251604
1083949,1138850
1268914,1268922
1054557,1054561
1045834,1135435
1057614,1129102
1058724,1058730
1073694,1124668
1091991,1315793
1144559,1253638
1259660,1259673
1055946,1115347
1075964,1130699
1097497,1204722
1101438,1101440
1146999,1147006
1086919,1086926
1146018,1196093
1239672,1314229
1292835,1292842
1081437,1146348
1129810,1129945
1159424,1277201
1222015,1222027
1186079,1186080
1085420,1085431
1068755,1068764
1101618,1101625
1143371,1187254
1048396,1048401
1284398,1284403
1151498,1151507
1244819,1244826
1086620,1086631
1064010,1140802
1075725,1138775
1164874,1164937
1161905,1161914
1305641,1305656
1319747,1319752
1074294,1074304
1087057,1109458
1171516,1275063
1287919,1287926
1272191,1272209
1226157,1226161
1098245,1098250
1127821,1127832
1168506,1264769
1145995,1146002
1184904,1184915
1046711,1046724
1084870,1084889
1286897,1286907
1200859,1200863
1206230,1206248
1235467,1235479
1208782,1208795
1046537,1288115
1055824,1193130
1207651,1207667
1235991,1236009
1044616,1044628
1100444,1100459
1105599,1105608
1148980,1148998
1146127,1325500
1225018,1309916
1110695,1110703
1235390,1235405
1067494,1067500
1084183,1084196
1109616,1310155
1216569,1216576
1131963,1169571
1084337,1144164
1113357,1113361
1047201,1108835
1209450,1209466
1050800,1132535
1211396,1211401
1099112,1192117
1057389,1228426
1062371,1069142
1087562,1299367
1117256,1173573
1110340,1110355
1086620,1141990
1077693,1237351
1189090,1189100
1292857,1231920
1102578,1102584
1139010,1139023
1181037,1181044
1076465,1133838
1070572,1070586
1102929,1102938
1240207,1240211
1044713,1275037
1296961,1296974
1265832,1265845
1184123,1230930
1185937,1185944
1318816,1318828
1087706,1087710
1068391,1285537
1103488,1277240
1109404,1109415
1271937,1271944
1065216,1065228
1048809,1048813
1172844,1228305
1088020,1088031
1126961,1126974
1170192,1170205
1070881,1166329
1294972,1298860
1109980,1109998
1060382,1060395
1066943,1066958
1167191,1167209
1162106,1162110
1192210,1192223
1324847,1324852
1209506,1209510
1065919,1133271
1083138,1311295
1257399,1257404
1258742,1258757
1219157,1277716
1047943,1172624
1064291,1095748
1090698,1090701
1082148,1099993
1115306,1115310
1174704,1174715
1180814,1180822
1180996,1181000
1226980,1287506
1255565,1255577
1107321,1187869
1086649,1086654
1090793,1107983
1243639,1295121
1046559,1194878
1050338,1050340
1048100,1170493
1067537,1067544
1072152,1072168
1093863,1093871
1295726,1314621
1201843,1201858
1131900,1131916
1171494,1275059
1145429,1145438
1145641,1145656
1295611,1310299
1273200,1273216
1059864,1059872
1109882,1109895
1250129,1250138
1071296,1263033
1082169,1247104
1089367,1089457
1054073,1054087
1047613,1047621
1191859,1191863
1204767,1204779
1312285,1312292
1320315,1320327
1319641,1319656
1212235,1212242
1235697,1235700
1059122,1223239
1069296,1106915
1071671,1071685
1065575,1065581
1277894,1277904
1048088,1162700
1074857,1212149
1255202,1255218
1191669,1191676
1249879,1249880
1075469,1075476
1053744,1202924
1303739,1303741
1185107,1185111
1241713,1241721
1248133,1248146
1063875,1063881
1087589,1299379
1088123,1088134
1098348,1098353
1127042,1127057
1103921,1213754
1258355,1258364
1071853,1184286
1139669,1139676
1172892,1314569
1207874,1207888
1225232,1225245
1056207,1221902
1056966,1171350
1057021,1057032
1150050,1150066
1151763,1151771
1046851,1189878
1056187,1056194
1067164,1238739
1069876,1069882
1099112,1262426
1169223,1231004
1290489,1290491
1072077,1127320
1322277,1322283
1202850,1202866
1046332,1046345
1316482,1316495
1075964,1108468
1076726,1183947
1090315,1090327
1068370,1068389
1082148,1321374
1131928,1131937
1084359,1144172
1115922,1115933
1096192,1096233
1146018,1146025
1081127,1102482
1134518,1206538
1155129,1155138
1075274,1075288
1313808,1313812
1051794,1301665
1096850,1096866
1083867,1083879
1193294,1228712
1078736,1078743
1190413,1190421
1070194,1070207
1096591,1140553
1084371,1084385
1054877,1307598
1194515,1194527
1284572,1284586
1057406,1159938
1125567,1125579
1045295,1207861
1319504,1319515
1150764,1150772
1214719,1214726
1055659,1055663
1064197,1130972
1071157,1173126
1077189,1077191
1085034,1085047
1095559,1095563
1077311,1261631
1199860,1199873
1250908,1250912
1066054,1220770
1318735,1318742
1079657,1079661
1048710,1276965
1077330,1202137
1195471,1279355
1245385,1254576
1083234,1083247
1278536,1278543
1058129,1058138
1059926,1059935
1072970,1300479
1279774,1279788
1227739,1227741
1202308,1202312
1070295,1070305
1082169,1283081
1124513,1124521
1238196,1238203
1262765,1262777
1213085,1213092
1315679,1315680
1065356,1065360
1188885,1247722
1315406,1315410
1077535,1238804
1187231,1217563
1079117,1079129
1132428,1132437
1162645,1162650
1044713,1261990
1213691,1213708
1201051,1294046
1252552,1252568
1228282,1228295
1244992,1252665
1307828,1307837
1294760,1294773
1309391,1309406
1091678,1091684
1087222,1087233
1109190,1109208
1046210,1046223
1098617,1244857
1164531,1164549
1144898,1144908
1077557,1194088
1263080,1263098
1213398,1213403
1080310,1080323
1081127,1081136
1068410,1068423
1099300,1211562
1109573,1109587
1047264,1047272
1316623,1316634
1096813,1096821
1215696,1215704
1074971,1144091
1314744,1314759
1318068,1318075
1063997,1325101
1074111,1074124
1078053,1078069
1175175,1175181
1108066,1108078
1047943,1190829
1103000,1290323
1106147,1168180
1086620,1125412
1152692,1232075
1069038,1069040
1299305,1299314
1247910,1276332
1308732,1308745
1218273,1218287
1082169,1321201
1112144,1112159
1048656,1048660
1182198,1182200
1059146,1245675
1245827,1245836
1044998,1071093
1067101,1193153
1071637,1071644
1072737,1072744
1166735,1169585
1153483,1153496
1046378,1046384
1066106,1066110
1050150,1298958
1077812,1106873
1092135,1092142
1094501,1094517
1097510,1204714
1084476,1316891
1077311,1077324
1057481,1159972
1061003,1061019
1092208,1092212
1173882,1173895
1223819,1240442
1058425,1058439
1235264,1325846
1235553,1235569
1263235,1263242
1132250,1134458
1194233,1194246
1279925,1279939
1229621,1229632
1045875,1045881
1060664,1254873
1068239,1171730
1093624,1093630
1184217,1228351
1190961,1190974
1194924,1234789
1199175,1199181
1257732,1257745
1259982,1259995
1273736,1274685
1045691,1083252
1053467,1257882
1072759,1270316
1098590,1251314
1252069,1252076
1261394,1261409
1072077,1149614
1092443,1092458
1089720,1089731
1164124,1269260
1286543,1286558
1195094,1195104
1201675,1201681
1246301,1246317
1060588,1060590
1083674,1083688
1206435,1206442
1068971,1068985
1099550,1099566
1111112,1111120
1078575,1078581
1106818,1106825
1270917,1270929
1044876,1098369
1079592,1079603
1089028,1089037
1109055,1109064
1171015,1171027
1255842,1255857
1047989,1271475
1116139,1116141
1281012,1281020
1225557,1225561
1151326,1184645
1320410,1320423
1209151,1209167
1057520,1228540
1168024,1168030
1172892,1206593
1207944,1207959
1072110,1158056
1306779,1306780
1063118,1063125
1132348,1219541
1132865,1149959
1143938,1262810
1195471,1277238
1074874,1238411
1076483,1189562
1098557,1104081
1132444,1132459
1133893,1133903
1160852,1198194
1195395,1236153
1318871,1318885
1081437,1081444
1296893,1296903
1053785,1181881
1070868,1209122
1191496,1191505
1044594,1082084
1057084,1057097
1097893,1097903
1145953,1145969
1182237,1203326
1044853,1323695
1062597,1062606
1065599,1065608
1247158,1247162
1196732,1196745
1208965,1208977
1100561,1100574
1102773,1102787
1173310,1173323
1211233,1211246
1225162,1225170
1058782,1058795
1165521,1165532
1061558,1061562
1074452,1074468
1126696,1126704
1169814,1240351
1287855,1287864
1226905,1226914
1062815,1062827
1098519,1098526
1094224,1094230
1167601,1298096
1237810,1237823
1175374,1256509
1282659,1282663
1303098,1303108
1226323,1226334
1227407,1227411
1060746,1302230
1059244,1059259
1044713,1056028
1215076,1215082
1056248,1056253
1057614,1109525
1173905,1173914
1074176,1219491
1072357,1214454
1048279,1048280
1048694,1048706
1070615,1245917
1217062,1217070
1044713,1312575
1293795,1293805
1071518,1071525
1072936,1072943
1102862,1159647
1148869,1148876
1171252,1171268
1162569,1162576
1214412,1314684
1267121,1267132
1177921,1177966
1236549,1267236
1218605,1218614
1077060,1077073
1207729,1207738
1055848,1136234
1056966,1056978
1079299,1079309
1045071,1045085
1114191,1114209
1169321,1169332
1291883,1291896
1185890,1250366
1195395,1318630
1216152,1216168
1047943,1166960
1087706,1166068
1094044,1094059
1094139,1094141
1113507,1113511
1172892,1172902
1285730,1285748
1222977,1222983
1250234,1250247
1053785,1053792
1182450,1182466
1223819,1229361
1229374,1240457
1236107,1236111
1059445,1108633
1075411,1075424
1308573,1308587
1221393,1235433
1289337,1289344
1044750,1092732
1066201,1243298
1293439,1293441
1103488,1103490
1169707,1169711
1168302,1168318
1241778,1241784
1059146,1251501
1302517,1302529
1078394,1221412
1198253,1198269
1211464,1273237
1107456,1107460
1234581,1239162
1046776,1263495
1082646,1082651
1067954,1093703
1291981,1291999
1078552,1078568
1044713,1310661
1078030,1200449
1132087,1132094
1170897,1170907
1288947,1288952
1312919,1320803
1066031,1066049
1068410,1235802
1088785,1107299
1177187,1308541
1200695,1200703
1048192,1048205
1074738,1203361
1279837,1279844
1107585,1107592
1044323,1213593
1081353,1081369
1048570,1185667
1162319,1257135
1071040,1071055
1230850,1230866
1051938,1063868
1055541,1055556
1099495,1099521
1131596,1131605
1084261,1084274
1096298,1096308
1196713,1196721
1107439,1107441
1221800,1221816
1061251,1082050
1096734,1096747
1081535,1081542
1148600,1186827
1086318,1086325
1169129,1169138
1091737,1091744
1232262,1248770
1251754,1251765
1090614,1090622
1295483,1295496
1097612,1251346
1139372,1139386
1158485,1158492
1307742,1307757
1046494,1083814
1079724,1079730
1088201,1088217
1173946,1173951
1172844,1230222
1199255,1199264
1236410,1236423
1082169,1321388
1149315,1149362
1215829,1215838
1225751,1225767
1044594,1136015
1046619,1046626
1057066,1235031
1073396,1073401
1224850,1224866
1074738,1074740
1132382,1132395
1146923,1146934
1275984,1275997
1064918,1064925
1101026,1101035
1160173,1160187
1156246,1156251
1216031,1216049
1326401,1326417
1203936,1203943
1221393,1317659
1051385,1051392
1059048,1142380
1076340,1076355
1074698,1074701
1102718,1102725
1046299,1246505
1069212,1097048
1308001,1308017
1083439,1083441
1174394,1223717
1161306,1161310
1209903,1209919
1086649,1237921
1251419,1251426
1151595,1099203
1321286,1321293
1108738,1240875
1109462,1109470
1045156,1164195
1047054,1195025
1285313,1285321
1190575,1190581
1241848,1241853
1044876,1257188
1186014,1186022
1186606,1186610
1314507,1314511
1325626,1325635
1147034,1147047
1230396,1230401
1047989,1138074
1291526,1291535
1231753,1302160
1274600,1274616
1058487,1058494
1099112,1243527
1131963,1169559
1185447,1185452
1091110,1091123
1044556,1044560
1055368,1055375
1284118,1284125
1180091,1286625
1180223,1180234
1059122,1251490
1320554,1320565
1217782,1217795
1076023,1076034
1065497,1065506
1225693,1225705
1235168,1235175
1238014,1238022
1203958,1203962
1062699,1062702
1188364,1188372
1117565,1117577
1169309,1169313
1270183,1270196
1182599,1182608
1066989,1066991
1096911,1096924
1077535,1292358
1279197,1279204
1206379,1206380
1152310,1152323
1315176,1315182
1067619,1067626
1073694,1090124
1089945,1089950
1131985,1169563
1284810,1284823
1204981,1284490
1047744,1047759
1138911,1138924
1154333,1154346
1260152,1260168
1062917,1062929
1125145,1169101
1294993,1309633
1282830,1282848
1296523,1296534
1246408,1246412
1187491,1192101
1320646,1320651
1214236,1214243
1045978,1045984
1058880,1058898
1099112,1289203
1298700,1298716
1215736,1215743
1273030,1273048
1072054,1228194
1295386,1301285
1052116,1305504
1182237,1319486
1233310,1233323
1066168,1173644
1047943,1192690
1056224,1221939
1132981,1230042
1163850,1163866
1058186,1058193
1240593,1240604
1251875,1251881
1271786,1271793
1186430,1186448
1098831,1098849
1101907,1101911
1102550,1102566
1062337,1062344
1080190,1080208
1141581,1141599
1286396,1286401
1180058,1180062
1072110,1117336
1323145,1323150
1225947,1225952
1075929,1075938
1267010,1267023
1185890,1185900
1066229,1244963
1064291,1152869
1109905,1109914
1188863,1188871
1314650,1314666
1138349,1143411
1165634,1165647
1168631,1168649
1047451,1047467
1256033,1256046
1065151,1065167
1118252,1118268
1048639,1253094
1167820,1216238
1184199,1228346
1195471,1219518
1122239,1122241
1048884,1170128
1242181,1242199
1075668,1075675
1078817,1078829
1118186,1290644
1129997,1212022
1104579,1104918
1152797,1152807
1058688,1108944
1065292,1065302
1133758,1218508
1235873,1235887
1236985,1236992
1324351,1324367
1203065,1203077
1316532,1316545
1080807,1080811
1301122,1301133
1229498,1229507
1238363,1256623
1065696,1065704
1148644,1148659
1242595,1242609
1320032,1320045
1163100,1163116
1077416,1091451
1071556,1071560
1098018,1098025
1081934,1081947
1136186,1236130
1089488,1089490
1160777,1160783
1298582,1298595
1205055,1205064
1075371,1075385
1062794,1062804
1085598,1192004
1207679,1207680
1211137,1211144
1229744,1265137
1047989,1170163
1055946,1055951
1080040,1080055
1142997,1143005
1047342,1047357
1183002,1183018
1199700,1199716
1239883,1239896
1096396,1096401
1171563,1171571
1184927,1184936
1189515,1238300
1070712,1070720
1078654,1078665
1075964,1181749
1080126,1080135
1092119,1291162
1088989,1088991
1164717,1189948
1194924,1194930
1048192,1103810
1099532,1300759
1168926,1318420
1077519,1186756
1308415,1308427
1061639,1061641
1097791,1098896
1104987,1104994
1086736,1086743
1182631,1182649
1052455,1301105
1088361,1088374
1197359,1197363
1052417,1052429
1106319,1106326
1164738,1164740
1275118,1320084
1065011,1096280
1169089,1215360
1263513,1263521
1218239,1218241
1218646,1218651
1082874,1082888
1085735,1085742
1098115,1098127
1282692,1282709
1161231,1161249
1069399,1105053
1096639,1096641
1175915,1175927
1224897,1263274
1252180,1252198
1273506,1273510
1045276,1045282
1050774,1050788
1082803,1082819
1098437,1098444
1081492,1081503
1179209,1179213
1198125,1198139
1206765,1206777
1057481,1108554
1073192,1073205
1094380,1094398
1178891,1178901
1280256,1280315
1072697,1072841
1141581,1316177
1175374,1212131
1277507,1277511
1077002,1176900
1065919,1096128
1178337,1178344
1284966,1284978
1191726,1191735
1261394,1303051
1314181,1314199
1044539,1276730
1064496,1259976
1073417,1073429
1075964,1091152
1082124,1282979
1117153,1173296
1258703,1258719
1117888,1117890
1110364,1110372
1102578,1326192
1143634,1143647
1165972,1165986
1054002,1054018
1155782,1155795
1295598,1302670
1207032,1207045
1264537,1264544
1071876,1071882
1075889,1075891
1070211,1070224
1099843,1099858
1109556,1248886
1281414,1281511
1201787,1201794
1064412,1064420
1305088,1305090
1193826,1193835
1227891,1227901
1261259,1290310
1303469,1303476
1249711,1249730
1085790,1256411
1123851,1123867
1048639,1166885
1184507,1184511
1058140,1215552
1220872,1220886
1071231,1071249
1125902,1125918
1129810,1129823
1171036,1171043
1200068,1200075
1048026,1048035
1069119,1069126
1090370,1090389
1168743,1168758
1070636,1261180
1277293,1277303
1125166,1237248
1113008,1113012
1288073,1288087
1203123,1203134
1066031,1247115
1089662,1217711
1155193,1155206
1244701,1244717
1061042,1061057
1100463,1100471
1173824,1173830
1297026,1304015
1311615,1311627
1191941,1314697
1055882,1055895
1080491,1080502
1080713,1080721
1141829,1141838
1247463,1247471
1048061,1215770
1045314,1263993
1101660,1101673
1142187,1142194
1095332,1095345
1210780,1210798
1184123,1263448
1044713,1288557
1046172,1046186
1056540,1056555
1125941,1125956
1291503,1291519
1215373,1325707
1213474,1235839
1214109,1214113
1055525,1055539
1071876,1184293
1075702,1308525
1070156,1235342
1067851,1067867
1160913,1180642
1240305,1240314
1154529,1211656
1258648,1258653
1085695,1085703
1149021,1149032
1269111,1269124
1257458,1257462
1057959,1057963
1293880,1293898
1057520,1084257
1056765,1056777
1076227,1223577
1138976,1138982
1061591,1203293
1098705,1098714
1084891,1084901
1059341,1059356
1048884,1048897
1300168,1315874
1326591,1326602
1052455,1200204
1110132,1110145
1174007,1174011
1256226,1256235
1211137,1274415
1152220,1180487
1264814,1264822
1059903,1258844
1155313,1155321
1070984,1070997
1180281,1180299
1151943,1152157
1044778,1044784
1090225,1090239
1193218,1193225
1223819,1223826
1263407,1263411
1186257,1280423
1045474,1103593
1048128,1318317
1060104,1095516
1075584,1075597
1081189,1081191
1070333,1070346
1097552,1204638
1059961,1059974
1066802,1066818
1085611,1323197
1072335,1072342
1067814,1067822
1098617,1177211
1278280,1278298
1244362,1244370
1075290,1075300
1049010,1049023
1076941,1076956
1233979,1233980
1213037,1213044
1066405,1066414
1110081,1110099
1306693,1306705
1214871,1214885
1095155,1095164
1177834,1177847
1077896,1162744
1127639,1127641
1137645,1325516
1160810,1160823
1077519,1300106
1059146,1244182
1086114,1086122
1047576,1325155
1246329,1246338
1044713,1108009
1046252,1129092
1062972,1062986
1082124,1082130
1047054,1159476
1091168,1181765
1239714,1239722
1264965,1264977
1066621,1198295
1099610,1304247
1223963,1223971
1224734,1224747
1260569,1260576
1271842,1271857
1053728,1202911
1081209,1081213
1130203,1181945
1311823,1311834
1197316,1197328
1092347,1092352
1117680,1182762
1102739,1102741
1086649,1192661
1086665,1086677
1267567,1267579
1059484,1059497
1130098,1130108
1136977,1170570
1084235,1084242
1158798,1158808
1206173,1206187
1227532,1249332
1148541,1148556
1047077,1047083
1176857,1176861
1179127,1179136
1152692,1322310
1273095,1273105
1276027,1277887
1274161,1274174
1265673,1265687
1052116,1264309
1092853,1092869
1068078,1203802
1097791,1097801
1156464,1156472
1239557,1239561
1261216,1261228
1268732,1268745
1053873,1053887
1153800,1153816
1275540,1275555
1218512,1218520
1317980,1317998
1160351,1160367
1146127,1291947
1054519,1312506
1224185,1224192
1294513,1294521
1064956,1064960
1095252,1095268
1137716,1137728
1109296,1109306
1228636,1228643
1150225,1150239
1314303,1314319
1046879,1047134
1079592,1216020
1084359,1084363
1175771,1175785
1172081,1172099
1290882,1311662
1224995,1225002
1060369,1134745
1063950,1133082
1094593,1094604
1100542,1100557
1169977,1169983
1089224,1089230
1245804,1245815
1071895,1071905
1071375,1071381
1074032,1074045
1108169,1108176
1217164,1217172
1154118,1154125
1046833,1182855
1082009,1082013
1286673,1286687
1211734,1211747
1249281,1249299
1075681,1229524
1068391,1068406
1106548,1106553
1115824,1115830
1311593,1311604
1149764,1149772
1075177,1182789
1118592,1118603
1136977,1136983
1166788,1166790
1213658,1230267
1217332,1237379
1175374,1175388
1249138,1249140
1087723,1292273
1291250,1291266
1278222,1278233
1218565,1218577
1056501,1105696
1184152,1184168
1280481,1280499
1213945,1213950
1056765,1309169
1109254,1109265
1302538,1302540
1237564,1237572
1187306,1187310
1319280,1319298
1046833,1068772
1085871,1085885
1139109,1139113
1086620,1306060
1162201,1326969
1205721,1205560
1217004,1217015
1252151,1252167
1274502,1274518
1061953,1215620
1282778,1282784
1197827,1219458
1228966,1228978
1055637,1055644
1063435,1063442
1137609,1137613
1084453,1084469
1296743,1296758
1078259,1282249
1198796,1198806
1241951,1241967
1044998,1087074
1202396,1202401
1221393,1292549
1066446,1066451
1058707,1058711
1099261,1099274
1149740,1149755
1154796,1154806
1115853,1115869
1282541,1282556
1193803,1193819
1193928,1193937
1059466,1059478
1143235,1171626
1163486,1163493
1207842,1207857
1227652,1227668
1139800,1139816
1173967,1173979
1160932,1160945
1077655,1091240
1280202,1280260
1078736,1249384
1075545,1075550
1094978,1289371
1131772,1131786
1110408,1257064
1165316,1165328
1205399,1205404
1239865,1288877
1275461,1275474
1066264,1066272
1098073,1099051
1098638,1195087
1081557,1081561
1180345,1180350
1091569,1194159
1060025,1238891
1280225,1280287
1242168,1242175
1258598,1258607
1273373,1273387
1069659,1069663
1168926,1324379
1180117,1286639
1186647,1186652
1065974,1220696
1048128,1219895
1055905,1055914
1090084,1090097
1286246,1286251
1151405,1151414
1243982,1243995
1203255,1203264
1051385,1210877
1087543,1087558
1126076,1126082
1135490,1135501
1193499,1209654
1194673,1298825
1058805,1058814
1081416,1146311
1082107,1247087
1044249,1044254
1065510,1065523
1099424,1099430
1107384,1107397
1243768,1243775
1057583,1057596
1132143,1132158
1268848,1268853
1144268,1300511
1076364,1076372
1077798,1297185
1085329,1085338
1084261,1162031
1158221,1158232
1225617,1225629
1151666,1151678
1045670,1066433
1056282,1313115
1056488,1056490
1299604,1299615
1103426,1103435
1289219,1289226
1256725,1256739
1058140,1058155
1186154,1186165
1208851,1208867
1217846,1217851
1060561,1060574
1078838,1132693
1135276,1135282
1299978,1299984
1231089,1231091
1322220,1322231
1218315,1218327
1048298,1048308
1193717,1193729
1322347,1322352
1079795,1079805
1067776,1067782
1117680,1326354
1174024,1174030
1260414,1260422
1075079,1075080
1323412,1323420
1221630,1221648
1061878,1061884
1162887,1162894
1108225,1108239
1049150,1049166
1093800,1093816
1140175,1299457
1192043,1305982
1107805,1107814
1262224,1262230
1048061,1048074
1169661,1169674
1190179,1190180
1236549,1249091
1060865,1060877
1111545,1111550
1180366,1180378
1058384,1058397
1124597,1124606
1111545,1134086
1157568,1157575
1295598,1295607
1067313,1324615
1103322,1103333
1301608,1301612
1078259,1078263
1057679,1057680
1073639,1073641
1069979,1316411
1098471,1098485
1081471,1081485
1109732,1109745
1153150,1226539
1227300,1227316
1089346,1089442
1183127,1183136
1192062,1217954
1107418,1107425
1254217,1254229
1151684,1151697
1203873,1203887
1103662,1103670
1070615,1070627
1264795,1297365
1088286,1088293
1081395,1081400
1183910,1183923
1177314,1177322
1180880,1180898
1217494,1217500
1047841,1047856
1134055,1134064
1109778,1239213
1185045,1185050
1077376,1077382
1225018,1225025
1247526,1247535
1152491,1152502
1320336,1320343
1326752,1326768
1202026,1202035
1273581,1273599
1051647,1232551
1068195,1172364
1206016,1207111
1263067,1263079
1226663,1226671
1087365,1087377
1086466,1086478
1109797,1239245
1185646,1185651
1185890,1191774
1106335,1106342
1246742,1246757
1218549,1250661
1086649,1172598
1188941,1188956
1217965,1217977
1275194,1275207
1046070,1046089
1046559,1194706
1086620,1190696
1143371,1250635
1183779,1183780
1189515,1189527
1186760,1212718
1218294,1218304
1161458,1161462
1279973,1280045
1072054,1184031
1326832,1326845
1274980,1309729
1193294,1207273
1191023,1191034
1208592,1210640
1065076,1213139
1063379,1063380
1068097,1068107
1120807,1120811
1106293,1106303
1169321,1231642
1325378,1325384
1278625,1278639
1286171,1286185
1108362,1108370
1149890,1304769
1151818,1302118
1259911,1259924
1061752,1302351
1070156,1070160
1172023,1172034
1319809,1319813
1046795,1263532
1083418,1083425
1219190,1227917
1062177,1062183
1140264,1185679
1189543,1264592
1197242,1197257
1075337,1075344
1055347,1122475
1075787,1080824
1079880,1079898
1126341,1126356
1167115,1284658
1311160,1311173
1204883,1204896
1271481,1271499
1068050,1068066
1053989,1053991
1185260,1218842
1079657,1235684
1070593,1070604
1071458,1071462
1140958,1250275
1096100,1096116
1304724,1304730
1213658,1215534
1045118,1045125
1194019,1319349
1233594,1233600
1046851,1094765
1073536,1073543
1123833,1324248
1091873,1091887
1159033,1191514
1177529,1177538
1058528,1079912
1074176,1216548
1324305,1324314
1048710,1280738
1181102,1192776
1249036,1249043
1057565,1108406
1076669,1076676
1073057,1216467
1110243,1110258
1088524,1088530
1181720,1181731
1274086,1274093
1235181,1235199
1203894,1237538
1083275,1083281
1066229,1066238
1055323,1055334
1076742,1076757
1085408,1085412
1098307,1098311
1132981,1277106
1131698,1131701
1148600,1148616
1045139,1164182
1290103,1290119
1309336,1309343
1058425,1214580
1110956,1110960
1195297,1195307
1196310,1196323
1212371,1212385
1046252,1046268
1061251,1135160
1045295,1074890
1145995,1148283
1279291,1279301
1150803,1150819
1090182,1090195
1140569,1140576
1095920,1284346
1212545,1212550
1044539,1107867
1143760,1144234
1048884,1123101
1091168,1130702
1246340,1246355
1046559,1157007
1085757,1255888
1050412,1050420
1103627,1103636
1102513,1102521
1077492,1278349
1151894,1208345
1261581,1261599
1201862,1223680
1213435,1308029
1076289,1076291
1071979,1071980
1320729,1320738
1264879,1264880
1264949,1264954
1044556,1302085
1070351,1070367
1104431,1104449
1158664,1163723
1224163,1224171
1247877,1247883
1135063,1135071
1077779,1235632
1126179,1126180
1104454,1262461
1048710,1194205
1286813,1286821
1248387,1248394
1046559,1155402
1073057,1088569
1096710,1096723
1159773,1159787
1058129,1215547
1052723,1125227
1075545,1257220
1159827,1163976
1077284,1140480
1262490,1262501
1062532,1062545
1071296,1276206
1178046,1178051
1233220,1233231
1056102,1056118
1065053,1065069
1065510,1143344
1072357,1072361
1094102,1094118
1149651,1149667
1295227,1295236
1045691,1185225
1093483,1093496
1086568,1108842
1290277,1290283
1290594,1290600
1230775,1230781
1214956,1214960
1316699,1316702
1047989,1269358
1074772,1074786
1168926,1210115
1256453,1256469
1059146,1241323
1264795,1264805
1256634,1256647
1256917,1256929
1310500,1310516
1206092,1206102
1074651,1074667
1117772,1117786
1175433,1175446
1208384,1208397
1221393,1221408
1073897,1073907
1089643,1140728
1190069,1190076
1247330,1247348
1055427,1055436
1071797,1293091
1071853,1148093
1096930,1096948
1110150,1110166
1058309,1058313
1232788,1232790
1220445,1220450
1082826,1109352
1091936,1091943
1175576,1238773
1078356,1078360
1044797,1044807
1218021,1249537
1066860,1313025
1087706,1283121
1190903,1190919
1201566,1201578
1265222,1265233
1315130,1315148
1055848,1193148
1097450,1097466
1175737,1175744
1291588,1291590
1144619,1219212
1183162,1213059
1194280,1321414
1228749,1228754
1059200,1059216
1217350,1218786
1290254,1290265
1180688,1316288
1244680,1244698
1263476,1263482
1046036,1232113
1068239,1068241
1198160,1198173
1207078,1207084
1258956,1258960
1320241,1320256
1325528,1325537
1071830,1184272
1076068,1076075
1169345,1169350
1236803,1236819
1218729,1218738
1069491,1069502
1118350,1324085
1143675,1143681
1268190,1268208
1145298,1145308
1188987,1188994
1056000,1240173
1058769,1058776
1086466,1287030
1048493,1080001
1275379,1275380
1087723,1215926
1164786,1164793
1205692,1205709
1187807,1313437
1048710,1287581
1299997,1300008
1071895,1148135
1312450,1312466
1225981,1225999
1062938,1062940
1231138,1231140
1050735,1050742
1050844,1123460
1056346,1056351
1182122,1182133
1067473,1191099
1088229,1088238
1114002,1114018
1115470,1115489
1253324,1253330
1130862,1130870
1078432,1078445
1207169,1207176
1153567,1153579
1319233,1319246
1074755,1317784
1158746,1158751
1242595,1299187
1246788,1246790
1153902,1153918
1100601,1100617
1151264,1197112
1106433,1240984
1109539,1248872
1295726,1307973
1192977,1192983
1231402,1262932
1186257,1243558
1048515,1048527
1280084,1280148
1107494,1107500
1046439,1046441
1075623,1075634
1166364,1166372
1167934,1167947
1245274,1245288
1046117,1115980
1047943,1070474
1126285,1137962
1144268,1200052
1276378,1276384
1066147,1173616
1094426,1094435
1098459,1098463
1141762,1316219
1283449,1283454
1077519,1118155
1108327,1108336
1223447,1223452
1251555,1251564
1315826,1315835
1104551,1104567
1229451,1229467
1172800,1172816
1255499,1255508
1081459,1146353
1174534,1174547
1307761,1307774
1202267,1202279
1046252,1055750
1132485,1169537
1162335,1257142
1209840,1209855
1089847,1089852
1097612,1133727
1216621,1290922
1236565,1258987
1273114,1273122
1275777,1275783
1045810,1045823
1082583,1082596
1105988,1105990
1077266,1134352
1107140,1107155
1225104,1225115
1154712,1154720
1186566,1186578
1112813,1112821
1162255,1162264
1284984,1284997
1199077,1199083
1207447,1207452
1065133,1217642
1088008,1088012
1098590,1098601
1077311,1217592
1076960,1176944
1070419,1182715
1135538,1135540
1181689,1181691
1060968,1168552
1077209,1081812
1093567,1093579
1200918,1200925
1216507,1216511
1249711,1249724
1062513,1211417
1071157,1311426
1086620,1203168
1267695,1267703
1194090,1304043
1070796,1254467
1059704,1318941
1069212,1263955
1180528,1180537
1294993,1302823
1068195,1068202
1084316,1121191
1234961,1234974
1207202,1207218
1151388,1151390
1133665,1133677
1164874,1201901
1168413,1168421
1058384,1079690
1046753,1275881
1071254,1071265
1076047,1293027
1080491,1212392
1141677,1141683
1168216,1222898
1227870,1227889
1321264,1321272
1050735,1282208
1215789,1215791
1044556,1135016
1057202,1057218
1281467,1281569
1188483,1188496
1057481,1247952
1047530,1108937
1125669,1125676
1148663,1314792
1154403,1154419
1073734,1270022
1157523,1157534
1070593,1249321
1247672,1247686
1071797,1071807
1073656,1073660
1070253,1188648
1045295,1222309
1193256,1235123
1206419,1206426
1261024,1273285
1052809,1171795
1067299,1324604
1068499,1068508
1119758,1119762
1121382,1121395
1123674,1123688
1274208,1274212
1162106,1317470
1047576,1214703
1298467,1298479
1070593,1237211
1091374,1273817
1259429,1259438
1060968,1060975
1069399,1069404
1270430,1270448
1286562,1286570
1057738,1057740
1224897,1242319
1046332,1066096
1078076,1078082
1094538,1094540
1205905,1205914
1066229,1173692
1293528,1293537
1096673,1096687
1110068,1245623
1147837,1147844
1289495,1289509
1184083,1184096
1272250,1272266
1186760,1186773
1203106,1203110
1225883,1225896
1052845,1231724
1099300,1248665
1172204,1172215
1295611,1302689
1207423,1207434
1056248,1081952
1069375,1069381
1192350,1192366
1151894,1152119
1060503,1060519
1074772,1261356
1087660,1087673
1159870,1244646
1162272,1257103
1309508,1309512
1224589,1224591
1069334,1152404
1100039,1230948
1229049,1229054
1234988,1234990
1237156,1237160
1321645,1321650
1092951,1140839
1156312,1156320
1115946,1257797
1050863,1140229
1081060,1081073
1057633,1057646
1241489,1241491
1056380,1056398
1170687,1170694
1293592,1293603
1092157,1092161
1088763,1107281
1054519,1054526
1279669,1279676
1070777,1254451
1201131,1247733
1235414,1235422
1232408,1232412
1082287,1082294
1280857,1311691
1055671,1159513
1089269,1110676
1077535,1118101
1046571,1046585
1064837,1064844
1084337,1084344
1255475,1255481
1311248,1311253
1099760,1099773
1103754,1103765
1133791,1133801
1084359,1140361
1091582,1091595
1060485,1171920
1072134,1215919
1301053,1301069
1078758,1078762
1211192,1211205
1211969,1211976
1261318,1261325
1060369,1060376
1168961,1168990
1298744,1298759
1248007,1248011
1316606,1316610
1050150,1174413
1151134,1151147
1226967,1226979
1073710,1073723
1077714,1237367
1135932,1307420
1214023,1214034
1047989,1172630
1113678,1113684
1322001,1322017
1077143,1263836
1093227,1170734
1094085,1251691
1188925,1215114
1059105,1085150
1132981,1211100
1093150,1093166
1109277,1109283
1279215,1279227
1187306,1229175
1221289,1221291
1226381,1226399
1051815,1166859
1059789,1059791
1129207,1167798
1104630,1104648
1086360,1086373
1184548,1184553
1238858,1238862
1318215,1318227
1057447,1135322
1060127,1060136
1115381,1115399
1175374,1311749
1315468,1315475
1055489,1055491
1124843,1124858
1101438,1213282
1161436,1161443
1192559,1192563
1153047,1153052
1312817,1312829
1218680,1218698
1057066,1057078
1069415,1105082
1106433,1239910
1093289,1208657
1166757,1169592
1192898,1192908
1193239,1193241
1070881,1070921
1107642,1107657
1059387,1108803
1151666,1152352
1273620,1273631
1058603,1058635
1080161,1080174
1085973,1085987
1149434,1209789
1153994,1154000
1209743,1209758
1046879,1107571
1047031,1060060
1051938,1051940
1087464,1087472
1068218,1068225
1081896,1081906
1103207,1103211
1231402,1242792
1248069,1248076
1057447,1057452
1072390,1072405
1091873,1121779
1246386,1246393
1044713,1294079
1046833,1189866
1236391,1264186
1318505,1318514
1046730,1046748
1123268,1325833
1077492,1117508
1319723,1319734
1048233,1048246
1090554,1163602
1131985,1313968
1132382,1258099
1174339,1174341
1296179,1296180
1314632,1314645
1055692,1147719
1075702,1075718
1131755,1131764
1289235,1289242
1229666,1229678
1286832,1286845
1059285,1061026
1266376,1266382
1319570,1319589
1068874,1068888
1080922,1080933
1103085,1103092
1104630,1104956
1199841,1199856
1062532,1081158
1072451,1072467
1070572,1237224
1212177,1212183
1324501,1324517
1078791,1078801
1068370,1262139
1120352,1120368
1095898,1095908
1164596,1164605
1238033,1238080
1233489,1233491
1154777,1251777
1072096,1253906
1050355,1050364
1057423,1057434
1060104,1122565
1195590,1195601
1196462,1196470
1086011,1086024
1130889,1130891
1086817,1086829
1269755,1269764
1144321,1200006
1278752,1278768
1229700,1229716
1064270,1194969
1073911,1073924
1153150,1216008
1322778,1322784
1059988,1059990
1141228,1141237
1171965,1171977
1071001,1071017
1319768,1319775
1115922,1138401
1048884,1279262
1217965,1249585
1226174,1226188
1294972,1312727
1046657,1311230
1282671,1282685
1235970,1235989
1227005,1227014
1085483,1085496
1092265,1092277
1195655,1195664
1057937,1057944
1099681,1300342
1124756,1124760
1108888,1108890
1144977,1227862
1276234,1276247
1217619,1217626
1076902,1134399
1067711,1067724
1207512,1207520
1075235,1075242
1082148,1321199
1234216,1234228
1220373,1220387
1107070,1107089
1320971,1320985
1076682,1099955
1073057,1073061
1099532,1099545
1144559,1309928
1062955,1062964
1064236,1131013
1080254,1080265
1079234,1079247
1092594,1092600
1149241,1149256
1216904,1216915
1225854,1225865
1102940,1102955
1125863,1125871
1184962,1184970
1188099,1188109
1044174,1280434
1060382,1134750
1076301,1076317
1097339,1097341
1110150,1186787
1146574,1146588
1054557,1059829
1187038,1187040
1305924,1305930
1056403,1081162
1059620,1059631
1080905,1080914
1098854,1098865
1140958,1195250
1108508,1108512
1305251,1305267
1160913,1160921
1077557,1292362
1209095,1209105
1265558,1265562
1090577,1090583
1197532,1197545
1077492,1243694
1196142,1196157
1211907,1211911
1312341,1312356
1056708,1056712
1076703,1099964
1087687,1158018
1067674,1067688
1067833,1067846
1068452,1068468
1168942,1233876
1194493,1194504
1237419,1237426
1219001,1285996
1068358,1262125
1048472,1079456
1163280,1163298
1208814,1208822
1053666,1053678
1080399,1080404
1104863,1104871
1086421,1107674
1267522,1267533
1260199,1260201
1204073,1204087
1046537,1193468
1069212,1069249
1092283,1092296
1182341,1220727
1279941,1280013
1226869,1226876
1274306,1274310
1319401,1319417
1136117,1136129
1148587,1148594
1171494,1181950
1181627,1181636
1190510,1190523
1197647,1197652
1231776,1231782
1218701,1218717
1092750,1092766
1099014,1110047
1280596,1280605
1215394,1215409
1118332,1118345
1103173,1103187
1134922,1134933
1104010,1104052
1106582,1155089
1301957,1301961
1070731,1107473
1204297,1274491
1242422,1242433
1076006,1076010
1123776,1244218
1111509,1111513
1296654,1296665
1224417,1255717
1066666,1066678
1048417,1048429
1184123,1300433
1227815,1227827
1051647,1121672
1128991,1129000
1284419,1284426
1078696,1249402
1234872,1234886
1325880,1325898
1046275,1055766
1096570,1142517
1104579,1132629
1171822,1264912
1235065,1235077
1136186,1287743
1168886,1168893
1224365,1306733
1058206,1108985
1186257,1292195
1274142,1274157
1068698,1068701
1097935,1170866
1277422,1277433
1209801,1209817
1110533,1110546
1178067,1178079
1203991,1204002
1056847,1144690
1069157,1069161
1092368,1092375
1146127,1209683
1206419,1215677
1276782,1276795
1148663,1215612
1156383,1156396
1180908,1180912
1051647,1139994
1125372,1125386
1189515,1200197
1277970,1277989
1259752,1259768
1071072,1071086
1119608,1119612
1077492,1297455
1298303,1298319
1058366,1058378
1307607,1307611
1067247,1067252
1131861,1131874
1231268,1231275
1072012,1158444
1051647,1111183
1053728,1216802
1064431,1064449
1103997,1104006
1239808,1239812
1272213,1272221
1046619,1229792
1092381,1092399
1159739,1232317
1169321,1204250
1191703,1191719
1227532,1319850
1045950,1045966
1078030,1307109
1079015,1079027
1089643,1276172
1211845,1211850
1257628,1257637
1165870,1165889
1162422,1218468
1098039,1098041
1082605,1082614
1317157,1317161
1077535,1288812
1179492,1179503
1320959,1320963
1077733,1237314
1132250,1152905
1222711,1222724
1238453,1238469
1075804,1080830
1171983,1239779
1097855,1097864
1204561,1204574
1082916,1082928
1128792,1128802
1100561,1110010
1116059,1259486
1174534,1191533
1177852,1177868
1237708,1237712
1265639,1265641
1085099,1085109
1167664,1260650
1145214,1145222
1193549,1326137
1048100,1048116
1075545,1313353
1100039,1119271
1132865,1135059
1169814,1169822
1077492,1077503
1281422,1281524
1219119,1219126
1063351,1063367
1120220,1120231
1093262,1093270
1045059,1045063
1171299,1171309
1188449,1188454
1058500,1058516
1064551,1084120
1090358,1229479
1075257,1075261
1276592,1276603
1305625,1305639
1057423,1080539
1056921,1108182
1060849,1060854
1070139,1269153
1137374,1137388
1149531,1149549
1109778,1109784
1055980,1055998
1174069,1231592
1153150,1291923
1093289,1093291
1057874,1101349
1218447,1218452
1055161,1055174
1057447,1160627
1069539,1069541
1097292,1097302
1095571,1095585
1216524,1308352
1245407,1254582
1076243,1273727
1083070,1083089
1083299,1083309
1068256,1311269
1148427,1148436
1169366,1169378
1047181,1169070
1186316,1186328
1063211,1063224
1078855,1078864
1099344,1148055
1120375,1120381
1127781,1127799
1083724,1083730
1143739,1143741
1095690,1095707
1065872,1080334
1081307,1081311
1078394,1292554
1058460,1058473
1221522,1221533
1059649,1059654
1103173,1103194
1305192,1305205
1194354,1194365
1280130,1280195
1150900,1198754
1065715,1065727
1087747,1226732
1082169,1082176
1167278,1167284
1297116,1297128
1303521,1303532
1284881,1284899
1045295,1045305
1096312,1096320
1211639,1211641
1224486,1224493
1214973,1214987
1129207,1175511
1100751,1100767
1096515,1096527
1192193,1192206
1197760,1197773
1247693,1247705
1069310,1069462
1071277,1071283
1075741,1138781
1053785,1196188
1057835,1057842
1071594,1071600
1075521,1313348
1074857,1306104
1086133,1086146
1116016,1259527
1291250,1322713
1276313,1276321
1326074,1326088
1266672,1266686
1062033,1062046
1099080,1099108
1117622,1117633
1108764,1108772
1048570,1055560
1295611,1309888
1088609,1231528
1275754,1275765
1249690,1249707
1052116,1052128
1048128,1242357
1060382,1256149
1060640,1060655
1061832,1061845
1080692,1080709
1298666,1298678
1075196,1075203
1213419,1213426
1176124,1176130
1204485,1248801
1316858,1316862
1057389,1084411
1078893,1078903
1083880,1083898
1084392,1084407
1227550,1249345
1276690,1276707
1109556,1109560
1162152,1182394
1059082,1142346
1067062,1067070
1094852,1146485
1111652,1111668
1296432,1296445
1183629,1228248
1064994,1214047
1190654,1190665
1062392,1062407
1086095,1086105
1120142,1120157
1159219,1159226
1299322,1299333
1091012,1091020
1258034,1258047
1314970,1314989
1056868,1144707
1227756,1227760
1261133,1261146
1056586,1299708
1128175,1128181
1058062,1058070
1228572,1228586
1090992,1091008
1046753,1209791
1062033,1182612
1143290,1143300
1066361,1066374
1065497,1143337
1098686,1098693
1125607,1125611
1287935,1287942
1123129,1123138
1047595,1055038
1108304,1108315
1272638,1272640
1083313,1083321
1147329,1147338
1164890,1171674
1077041,1077056
1154913,1154921
1290692,1290709
1297308,1297312
1054250,1054266
1162785,1162792
1104551,1132617
1091031,1091049
1327244,1327259
1249674,1249688
1104611,1255294
1141179,1141180
1045314,1128374
1174292,1174302
1198380,1198398
1053576,1053582
1125145,1125150
1142691,1142708
1256545,1256550
1191580,1191598
1064579,1064580
1193549,1193554
1194035,1319365
1241334,1241347
1221340,1235446
1099495,1099509
1121638,1140020
1126506,1126510
1086620,1269304
1116156,1116160
1065095,1065105
1105007,1280549
1169500,1232023
1167751,1167767
1257277,1257283
1235841,1260763
1236508,1236512
1323052,1323068
1072433,1072446
1090554,1090565
1089461,1089474
1143938,1299419
1074857,1119534
1128446,1128451
1168506,1168510
1223874,1223888
1129852,1130940
1087057,1087061
1184357,1184361
1188505,1188514
1176549,1176554
1193596,1193605
1091524,1091530
1272798,1272808
1203524,1203530
1067164,1144138
1098574,1098588
1139735,1139742
1137645,1291952
1165371,1165385
1186862,1246800
1074195,1074202
1177796,1177806
1067931,1192544
1162422,1202948
1260096,1260106
1316005,1316014
1064270,1095730
1080671,1080685
1126466,1126478
1181689,1248122
1206398,1206403
1106970,1106989
1237173,1237187
1277697,1277700
1060601,1060617
1175319,1175326
1172522,1172533
1233807,1233811
1150928,1150937
1187283,1236169
1300524,1300530
1103540,1103555
1132250,1132266
1045435,1045442
1239865,1271646
1219848,1219853
1274525,1274539
1070419,1303196
1148882,1148895
1300168,1300175
1044436,1044443
1059665,1217210
1120038,1120040
1123898,1123908
1105801,1105817
1096035,1112061
1162374,1196040
1181063,1181071
1187491,1262419
1062359,1245862
1076885,1076892
1132311,1132324
1179143,1179158
1051993,1052003
1059704,1059715
1110719,1110726
1185343,1185358
1059683,1059696
1076788,1076790
1110449,1110454
1288348,1288353
1194558,1194562
1278464,1278472
1072856,1072860
1086683,1086696
1170953,1170969
1291094,1291104
1056984,1301758
1066785,1066792
1097478,1097484
1140970,1140989
1077557,1135118
1183025,1183039
1298240,1298255
1208384,1231281
1227046,1227051
1086935,1086942
1190387,1190394
1223928,1223937
1323258,1323262
1274807,1274811
1085075,1085081
1098324,1098330
1288191,1288209
1228670,1228689
1217332,1217345
1164452,1164468
1291353,1291369
1077376,1090890
1178545,1178550
1243845,1273990
1110081,1241283
1215715,1215727
1292066,1292078
1045555,1045564
1057107,1057111
1071296,1071306
1073116,1227131
1120637,1120644
1088621,1227154
1223084,1223097
1236565,1236577
1070016,1070028
1067879,1093682
1105007,1105011
1095977,1303014
1078133,1078146
1231898,1231908
1151666,1195693
1066123,1233415
1316098,1316108
1045932,1045945
1056868,1056875
1077779,1318580
1087781,1087799
1157373,1157387
1164874,1171661
1208619,1220654
1266330,1266348
1076580,1076598
1079559,1213529
1122130,1122148
1088728,1134848
1214757,1214761
1052280,1052298
1065179,1065180
1088621,1216451
1145100,1145116
1229887,1229894
1209179,1303787
1068078,1094156
1113716,1113728
1172258,1172262
1277839,1277841
1278536,1278723
1274869,1274876
1052845,1052850
1062699,1307465
1144043,1287484
1157926,1274979
1291232,1291245
1261736,1262662
1047989,1182339
1099634,1099652
1127706,1127710
1045211,1045224
1164890,1201917
1054492,1054503
1262615,1262627
1122614,1289545
1309971,1309985
1143257,1160059
1296216,1296228
1314008,1314012
1217782,1249500
1067898,1093695
1102843,1240322
1282914,1282922
1256359,1256363
1322415,1322427
1065770,1065789
1143235,1194591
1144043,1217223
1269793,1269803
1190552,1190568
1106678,1106684
1077831,1123439
1068078,1068084
1097394,1097409
1104551,1261926
1084203,1084219
1291601,1291617
1190872,1190886
1209421,1209432
1218239,1223890
1066201,1244959
1163429,1163438
1172301,1172317
1071029,1071038
1319897,1319907
1064372,1064386
1069296,1069458
1096832,1096845
1103085,1103125
1130079,1130080
1164738,1232204
1075196,1101298
1187306,1236176
1226587,1226594
1077025,1194185
1044594,1212274
1057327,1057336
1094978,1307925
1159827,1307068
1045593,1045604
1071352,1071368
1175414,1175422
1197165,1197177
1200010,1301715
1205980,1205998
1044998,1045000
1317415,1317427
1059762,1059770
1067313,1067321
1122176,1122182
1090835,1090842
1325544,1325559
1073279,1073280
1126736,1126743
1084972,1158278
1113433,1113446
1096057,1183503
1248704,1248715
1060664,1297809
1115212,1115220
1268296,1268306
1302572,1302586
1236370,1236389
1241352,1289288
1046397,1046402
1048128,1237059
1055824,1064859
1168942,1318431
1296762,1296770
1075154,1182770
1110653,1110669
1173368,1173375
1185819,1185826
1195115,1195127
1201862,1201870
1100039,1300446
1127144,1127159
1046851,1253189
1046879,1110522
1062051,1062067
1157677,1252817
1171313,1171321
1287237,1287244
1189455,1189464
1189809,1189813
1070796,1322462
1226967,1287497
1137936,1137943
1172892,1228269
1144281,1280391
1300390,1300405
1247297,1247307
1272444,1272459
1249592,1249603
1072134,1117343
1137684,1137697
1288018,1288025
1154777,1239400
1307408,1307412
1214567,1214579
1048128,1099741
1093408,1093412
1225060,1225073
1059484,1240921
1084718,1084725
1165993,1166006
1298763,1298771
1196427,1196436
1308436,1308443
1051794,1051804
1184697,1184700
1217299,1217309
1128134,1128147
1093132,1093145
1164294,1164304
1098158,1098162
1204923,1284731
1225376,1225382
1057520,1127995
1162201,1162217
1163349,1163354
1277771,1277785
1262276,1262282
1050682,1050695
1082740,1082755
1045295,1128361
1201235,1201242
1214859,1216860
1208983,1208996
1076262,1076270
1117605,1117614
1153522,1271084
1092778,1092784
1158640,1158655
1045059,1159794
1310920,1310931
1265752,1265768
1064477,1064483
1063932,1084681
1085757,1085761
1096618,1096625
1140700,1140716
1044404,1044415
1074336,1074343
1083516,1083528
1098779,1210820
1270495,1270509
1208234,1208247
1046690,1046707
1057241,1057256
1086649,1306073
1169268,1169275
1199374,1199388
1266025,1266039
1045796,1052019
1126285,1185772
1197702,1197718
1220608,1230907
1099597,1099606
1143760,1178453
1166227,1169027
1295611,1295624
1249748,1249753
1059082,1059095
1071778,1287302
1097612,1097620
1311380,1311398
1242737,1242744
1045754,1287180
1047860,1047873
1062453,1062469
1084972,1084986
1208592,1208603
1044491,1229065
1056085,1229123
1062337,1210056
1060883,1060896
1078030,1303584
1134539,1206540
1110081,1310117
1102634,1102647
1290784,1290797
1250983,1250996
1273665,1273677
1066123,1303623
1088621,1088650
1171585,1171592
1065791,1065801
1099112,1187518
1097919,1097926
1126133,1126146
1086271,1086285
1048884,1287840
1223583,1223596
1235936,1235943
1064973,1064987
1068391,1262160
1082287,1136500
1106147,1291060
1234608,1248053
1071933,1119356
1056160,1311314
1059069,1064761
1064372,1249164
1242632,1242645
1202003,1202019
1057549,1108667
1070517,1070529
1096493,1096504
1192753,1192769
1186051,1186067
1273791,1273801
1078935,1078942
1169345,1204266
1091467,1091479
1294993,1306601
1063457,1063461
1061953,1061969
1099476,1099513
1192378,1301523
1152637,1156995
1243948,1243953
1276186,1276193
1048088,1190864
1082481,1082499
1086339,1086341
1087320,1248926
1190048,1190053
1194570,1194589
1105466,1105478
1137264,1137272
1289843,1289858
1208070,1208089
1104579,1183232
1088609,1216446
1096057,1096061
1174069,1233922
1246598,1246607
1098574,1212843
1115600,1115616
1197005,1197014
1325563,1325571
1076166,1123164
1122273,1122287
1229825,1229839
1065450,1065466
1067776,1179865
1110068,1310101
1086649,1170088
1173017,1173029
1077535,1194074
1189543,1189558
1256371,1256385
1179638,1179640
1231101,1231117
1202723,1202734
1209886,1209893
1103488,1195492
1147918,1147925
1200150,1200166
1215271,1215285
1065957,1220683
1143235,1143242
1108107,1108111
1244045,1244050
1187306,1318669
1062290,1062300
1077162,1081831
1183400,1183416
1272485,1272492
1083332,1083345
1094670,1214483
1197203,1197219
1061799,1302398
1120745,1120750
1298785,1298792
1312095,1312105
1213731,1213749
1061775,1061781
1126244,1126259
1282126,1282135
1296872,1296886
1102610,1102623
1297251,1297267
1260989,1260991
1248179,1248180
1066229,1184479
1072238,1072240
1092713,1092721
1087205,1087214
1070670,1070689
1198555,1325920
1204297,1204307
1067912,1067920
1234237,1234244
1071174,1322600
1122614,1122622
1111756,1111760
1244327,1244336
1072012,1162498
1048214,1152556
1168942,1168957
1170019,1170026
1075154,1075165
1217805,1249516
1076925,1076939
1082107,1082111
1281390,1281645
1091077,1217776
1055967,1122362
1065957,1065961
1088168,1088175
1051407,1051411
1071399,1071404
1168654,1168665
1174840,1174855
1152692,1152709
1065974,1065988
1106414,1208402
1149890,1149900
1260479,1260480
1316584,1316597
1109017,1109029
1199904,1199915
1241352,1241368
1258902,1258918
1317587,1317594
1083378,1083384
1072199,1072201
1282560,1282573
1228282,1294827
1060686,1297813
1311102,1311118
1243163,1243171
1318081,1318099
1318178,1318184
1062051,1182620
1098191,1098209
1110408,1326976
1089346,1089351
1295703,1314613
1304332,1304345
1236336,1236343
1202377,1202383
1097817,1098906
1118210,1118223
1103881,1103945
1230074,1230088
1214918,1214925
1055946,1217313
1060722,1302000
1103282,1103295
1177028,1177037
1206490,1206501
1223874,1238699
1229841,1229856
1100812,1100820
1210910,1210923
1254303,1254319
1071231,1290587
1079332,1079345
1068391,1235792
1111675,1111681
1173946,1249996
1244596,1244605
1293223,1293234
1078053,1120277
1085774,1255890
1087320,1087331
1227363,1227371
1294993,1298873
1316448,1316453
1058748,1081382
1072650,1072825
1217129,1217138
1091613,1091621
1242873,1242887
1167714,1167722
1256242,1256257
1204733,1204746
1044470,1302435
1044539,1325965
1082124,1321020
1109594,1109600
1156953,1266158
1169833,1240367
1053744,1216818
1056305,1274556
1059608,1059612
1184802,1184818
1194570,1240765
1234581,1253416
1066201,1290830
1091915,1091927
1221859,1221863
1324207,1324211
1226922,1226933
1069797,1069807
1080277,1080283
1070777,1070783
1275615,1275627
1139956,1139960
1224365,1260684
1204018,1204025
1209727,1209736
1044174,1292202
1056501,1056517
1068633,1068646
1130407,1130411
1291693,1291705
1192912,1192920
1271013,1271021
1074874,1306127
1185992,1186005
1306947,1306952
1051046,1051051
1099889,1129806
1296011,1296024
1091569,1249252
1065534,1324564
1254936,1254943
1179588,1179590
1222210,1222223
1046193,1046206
1078919,1078926
1230953,1230969
1077143,1081865
1072134,1226811
1122315,1247561
1231833,1231846
1071876,1148126
1057583,1224251
1045712,1045720
1045899,1045909
1079252,1079268
1300970,1300989
1229106,1229110
1240224,1240230
1236549,1291444
1062219,1062226
1073090,1088582
1098535,1098542
1059146,1258837
1273394,1136378
1064454,1064465
1087845,1087850
1267956,1267960
1260613,1260621
1055967,1217321
1057549,1128008
1062675,1062681
1087821,1087832
1188465,1188477
1239820,1243602
1080029,1080038
1117468,1117475
1135555,1135564
1155996,1156003
1048710,1291307
1108260,1144753
1227938,1227940
1046117,1046129
1065339,1065341
1113020,1113031
1058441,1214598
1153150,1242342
1203915,1203927
1082971,1152017
1097180,1097198
1054617,1054629
1192350,1301510
1204820,1204831
1294993,1305845
1045691,1083117
1069190,1263940
1199054,1199065
1225087,1225094
1050477,1050483
1087687,1283113
1167492,1167503
1228806,1228810
1246364,1246372
1245344,1245359
1045474,1045488
1066621,1066632
1082304,1136516
1253952,1253968
1227022,1227033
1133506,1133510
1242507,1242511
1249544,1249559
1060369,1066286
1140175,1140181
1160540,1160555
1077459,1077463
1224026,1224035
1312893,1312903
1249441,1249456
1066168,1244916
1044539,1145527
1081395,1146307
1283262,1283270
1288672,1288686
1298904,1298915
1158854,1158865
1057468,1120876
1059069,1085178
1069750,1241628
1099787,1238274
1136058,1136062
1189591,1195588
1312325,1312339
1066031,1123571
1091873,1125454
1105198,1105200
1268692,1268709
1060705,1301990
1063636,1063643
1065758,1145019
1100250,1100266
1189308,1189312
1310015,1310027
1224308,1224312
1074874,1244531
1082971,1082985
1159344,1159359
1235201,1235217
1250460,1250473
1047763,1277613
1077492,1118140
1153630,1266485
1094636,1094643
1245870,1245889
1044998,1071064
1277446,1277451
1293688,1293690
1047763,1047771
1167213,1167221
1090793,1090803
1252484,1252497
1046559,1060094
1045636,1045643
1073752,1073768
1270165,1270177
1179693,1179705
1231661,1231674
1324016,1324028
1324118,1324125
1083155,1311305
1141677,1316257
1149508,1287801
1310456,1310460
1074793,1271819
1173784,1173797
1056720,1056731
1069415,1325366
1076262,1289098
1103248,1103253
1108596,1108605
1144321,1144332
1069212,1193084
1163618,1163625
1247574,1247588
1152310,1232505
1075196,1097244
1044853,1257029
1213966,1213978
1070658,1252228
1070868,1070875
1226628,1226637
1064355,1249155
1074738,1251593
1089398,1110682
1077519,1297464
1252200,1252216
1076081,1076099
1080778,1246270
1100039,1129777
1091894,1121808
1177063,1177071
1281405,1281507
1047989,1166973
1063932,1063945
1198555,1198564
1072894,1208931
1082107,1176202
1118441,1118456
1169724,1169730
1288981,1288999
1213670,1213689
1082826,1082835
1073116,1239136
1094269,1094276
1159033,1174497
1048312,1060158
1212219,1212226
1213295,1213305
1044594,1061298
1077798,1136769
1065872,1065886
1091818,1091825
1236565,1291459
1251636,1251643
1153630,1153648
1308709,1308713
1069637,1191178
1126872,1126886
1154932,1154945
1144345,1144350
1296151,1296167
1070945,1070950
1153099,1153109
1046753,1289430
1067753,1179854
1097935,1097942
1082202,1082218
1109161,1109174
1274628,1274637
1156845,1265799
1048493,1048504
1185327,1185336
1176452,1176468
1150928,1274778
1212862,1212870
1051067,1051079
1061850,1061866
1194417,1255013
1213000,1213016
1048088,1168789
1060485,1060492
1054492,1139431
1293619,1293626
1117176,1173306
1286562,1286995
1078677,1249397
1186337,1186344
1067592,1213028
1074577,1074583
1092979,1092980
1140065,1140077
1084739,1084741
1156845,1156850
1326813,1326821
1061618,1061625
1184175,1184181
1077557,1118117
1051794,1148208
1056000,1056016
1053134,1053147
1097105,1097114
1103380,1183934
1103604,1103615
1273683,1273696
1045913,1250782
1048192,1148443
1057520,1057531
1072272,1072286
1129966,1129978
1138019,1138026
1089063,1089071
1089564,1089572
1194417,1194429
1107626,1107635
1245385,1245392
1089689,1089691
1098812,1235737
1155898,1155908
1208619,1208626
1221449,1235451
1226882,1229989
1316424,1316430
1064939,1064941
1063194,1063207
1075986,1108475
1129662,1223764
1091894,1299224
1094139,1251749
1083724,1224455
1246010,1246023
1087128,1087137
1168801,1168817
1217234,1217247
1261547,1261552
1067332,1115254
1085611,1267465
1103488,1314134
1086198,1086200
1188925,1284689
1048100,1284230
1089749,1089754
1148038,1148040
1168484,1264753
1078237,1282231
1077779,1281856
1108577,1109848
1091524,1091609
1313542,1313557
1060104,1288733
1080637,1080644
1090045,1090050
1100039,1263131
1081877,1081883
1103529,1103538
1150130,1150148
1266278,1266284
1134539,1134541
1114170,1175818
1162319,1162326
1211486,1211493
1230591,1230602
1152587,1152594
1046635,1046642
1059886,1320916
1075681,1075699
1065612,1065620
1098590,1098672
1103139,1103160
1104579,1208920
1066342,1252736
1265589,1265591
1196784,1196797
1075051,1280772
1055265,1055277
1064215,1130986
1068565,1068577
1091894,1307338
1114664,1114672
1183629,1183638
1278440,1278455
1224144,1224159
1097990,1098002
1081638,1081640
1123851,1324253
1048821,1048832
1171965,1213881
1161142,1161157
1259163,1259171
1273608,1273612
1047927,1047936
1069093,1069103
1074857,1244520
1092427,1092436
1094572,1094586
1299118,1299125
1046537,1194866
1147145,1147150
1314326,1314335
1064113,1064121
1161922,1161933
1070754,1070765
1206474,1206488
1065534,1065547
1092017,1315842
1082107,1321012
1141497,1141506
1160691,1160708
1220263,1220271
1100104,1100115
1100733,1100746
1108698,1108701
1108045,1108050
1283068,1283075
1207013,1207021
1294149,1294154
1073995,1074009
1079350,1079366
1085837,1085844
1072958,1138246
1054094,1054104
1044876,1162390
1203446,1203451
1055824,1120709
1056461,1056474
1067635,1067642
1082447,1082452
1166580,1166598
1072077,1163799
1046299,1046309
1234146,1234151
1242446,1242451
1075337,1217585
1203632,1203645
1047927,1143165
1065893,1080347
1087687,1166052
1171516,1171528
1195136,1195143
1236549,1258973
1057614,1140446
1079397,1079402
1047054,1060073
1205038,1205040
1272369,1272376
1071174,1101602
1085939,1085941
1047390,1134573
1231954,1231965
1320577,1320583
1217332,1218772
1219709,1219713
1076145,1249234
1096953,1096969
1093546,1093551
1311141,1311156
1061455,1061464
1083350,1083397
1092174,1111407
1097770,1097789
1164370,1164389
1220030,1220048
1045810,1097095
1060780,1060798
1085630,1085648
1115853,1175480
1234608,1250321
1295081,1295099
1123626,1123635
1280577,1280583
1050567,1050579
1064258,1131021
1089921,1089932
1086506,1086510
1160731,1160749
1223583,1273715
1052116,1197235
1089984,1089997
1120518,1120525
1082225,1082239
1313060,1313073
1056141,1056156
1074755,1203374
1130718,1130725
1224897,1224907
1044594,1132968
1067004,1067015
1171776,1171782
1053785,1140511
1194377,1194383
1046252,1080436
1056881,1248696
1133360,1133373
1233848,1233853
1315738,1315740
1145625,1145639
1295703,1307960
1047054,1152161
1047433,1070852
1284016,1284028
1319911,1319924
1049099,1264138
1216096,1216106
1068959,1068963
1080296,1080306
1079776,1079782
1077221,1077232
1247798,1247808
1153420,1153431
1150679,1150680
1089662,1089670
1123223,1123234
1083138,1114353
1289316,1289328
1059568,1059575
1112185,1112192
1268518,1268525
1230090,1230100
1253812,1253820
1311945,1311950
1076184,1252179
1108900,1108916
1164596,1257895
1193512,1193520
1107748,1107753
1210471,1210485
1067954,1149391
1118500,1118516
1281388,1281632
1204865,1268807
1231753,1231769
1308296,1308306
1226848,1226853
1085364,1085372
1091077,1091083
1148644,1171707
1143858,1143862
1045379,1045380
1047498,1047507
1205001,1205017
1266601,1266617
1046814,1046822
1058707,1108959
1071174,1239324
1075566,1075578
1091873,1159843
1181810,1285674
1196979,1203609
1235613,1235621
1153150,1187951
1272526,1272535
1186033,1186046
1109119,1109126
1168394,1237689
1212290,1212300
1215484,1215497
1059864,1320900
1075668,1164985
1141608,1141612
1229238,1229240
1045016,1045028
1265504,1265515
1094875,1146492
1095833,1095846
1241869,1241876
1073090,1216422
1086620,1192657
1194019,1194026
1078095,1200412
1139885,1139892
1230832,1230845
1249898,1249908
1273758,1274692
1319003,1319019
1157082,1157095
1297320,1297331
1192252,1192268
1062891,1224821
1088326,1088335
1090452,1090468
1106077,1106083
1208592,1208688
1052308,1052312
1089141,1109135
1096019,1096090
1044830,1044848
1088467,1088479
1147956,1147960
1086292,1086302
1086649,1123027
1084359,1108391
1301829,1301838
1233745,1233750
1153258,1153262
1209263,1209271
1053467,1053479
1085598,1267454
1048543,1046908
1309032,1309045
1044470,1135141
1056426,1113873
1099917,1129847
1048438,1048440
1264851,1292583
1145349,1145354
1181978,1181984
1194924,1200329
1315531,1315549
1102652,1102668
1157356,1320755
1264402,1264418
1103691,1103708
1078095,1306039
1251538,1251540
1263014,1263022
1135253,1200236
1168394,1168409
1184335,1184342
1077395,1090900
1183542,1183557
1236225,1236239
1246925,1246939
1306416,1306428
1077812,1123425
1082481,1188006
1137645,1137650
1216582,1216595
1217516,1217528
1075521,1075532
1073074,1088576
1115518,1115525
1192234,1192247
1208619,1210655
1216785,1216792
1306923,1325268
1079516,1079528
1281498,1281595
1144977,1144983
1185423,1185434
1181810,1181823
1246611,1246624
1046851,1068803
1195767,1195779
1205249,1205254
1250920,1250931
1070314,1070322
1084476,1188567
1169688,1169690
1238858,1278354
1151684,1229012
1071933,1148174
1074130,1074148
1126547,1126552
1207985,1207992
1325439,1325441
1248568,1248575
1317029,1317038
1047684,1047697
1067418,1067425
1131842,1131857
1164294,1268766
1048884,1166939
1185793,1185803
1057614,1304091
1097935,1174506
1087144,1236260
1197448,1197453
1275118,1275125
1055692,1157864
1058585,1058626
1097817,1097829
1103572,1228314
1155690,1155707
1300181,1300199
1069470,1069489
1094442,1094457
1166757,1166761
1216303,1216319
1128199,1128201
1282895,1284749
1162106,1182413
1275314,1275322
1208487,1208494
1270827,1270836
1325867,1325879
1068512,1068520
1110598,1110607
1058281,1058299
1214291,1214301
1053361,1053374
1062532,1273421
1088181,1088199
1110068,1110075
1109334,1109347
1045314,1222313
1239672,1239686
1072077,1072083
1124532,1182683
1144559,1144563
1203238,1203240
1235319,1235326
1084532,1084545
1239883,1316183
1213230,1213248
1066763,1235825
1098376,1098382
1276101,1276117
1214607,1214611
1264234,1264247
1073752,1090153
1079707,1247767
1079833,1079846
1104551,1104902
1277991,1278003
1228016,1228028
1240997,1241001
1045796,1224723
1056160,1056173
1065758,1284322
1126817,1126829
1109038,1109040
1180309,1180313
1100278,1100284
1155563,1155571
1161126,1161135
1184199,1240950
1309358,1309362
1200871,1200885
1066860,1066873
1077087,1077094
1086409,1271740
1184199,1184201
1184650,1184666
1252394,1252409
1072077,1141864
1059942,1059957
1094913,1094921
1093726,1093761
1267859,1267863
1301325,1301339
1236410,1264193
1066802,1231635
1157903,1274967
1096192,1096205
1172956,1172960
1325043,1325058
1293977,1293983
1059122,1059133
1120745,1310494
1045314,1181852
1303891,1303901
1057717,1057729
1251852,1281860
1143858,1262847
1304164,1304172
1160932,1180657
1216645,1216650
1239808,1243591
1073710,1284627
1110301,1110317
1172546,1172551
1047201,1086523
1279790,1279800
1221075,1221081
1227328,1227337
1044470,1055778
1077999,1078007
1079313,1079321
1093580,1093598
1117013,1117078
1211354,1211365
1107210,1107223
1154224,1154230
1218078,1218084
1116194,1116207
1228847,1228852
1186702,1186718
1218565,1247284
1087486,1087493
1088303,1088319
1169642,1290876
1295726,1298065
1194995,1195002
1218423,1218434
1149508,1149512
1216524,1216530
1219721,1219732
1318150,1318166
1069017,1187323
1074554,1074565
1074857,1074861
1090202,1223605
1099668,1309410
1084699,1084702
1255256,1255260
1224128,1224137
1247910,1247923
1274848,1274853
1073171,1073185
1155252,1155268
1195780,1195798
1066569,1066576
1055713,1157872
1067657,1067661
1102986,1102993
1308644,1308659
1215053,1215069
1218549,1218554
1138100,1244614
1177913,1177950
1217983,1217996
1056282,1056295
1068738,1068740
1094085,1094092
1088621,1231537
1144043,1144058
1045398,1045403
1305455,1305377
1182216,1182228
1246726,1246735
1152265,1232546
1044616,1136027
1316469,1316476
1098284,1098297
1044732,1288561
1048128,1216012
1062495,1062509
1092998,1093006
1099889,1099891
1099917,1216264
1060127,1095528
1110611,1110624
1270235,1270242
1184943,1184958
1059568,1266060
1066240,1066255
1090475,1090481
1068370,1235785
1045059,1232918
1047110,1047123
1047433,1209114
1094899,1094909
1081968,1223423
1178634,1178647
1280992,1281008
1222908,1245177
1059285,1142662
1283420,1283431
1295703,1295719
1239693,1239705
1047031,1181868
1080980,1080998
1178787,1178794
1275173,1275187
1045754,1045765
1056564,1299691
1070118,1070125
1122508,1122512
1093669,1093676
1048591,1055573
1294993,1310846
1046619,1270288
1067027,1067036
1069072,1069086
1191902,1191918
1091168,1228517
1056847,1056852
1092347,1318236
1097654,1250753
1157715,1157727
1166262,1166270
1047433,1086758
1178183,1178196
1234167,1234179
1072077,1253896
1319440,1319455
1081934,1254621
1280520,1280531
1207803,1207819
1072110,1147075
1103000,1103016
1132162,1132170
1047390,1295166
1311187,1311194
1214859,1214863
1218916,1218928
1241103,1241119
1058345,1212804
1059581,1140319
1160282,1160295
1280468,1280475
1066201,1066217
1277759,1277763
1194845,1194850
1239849,1288779
1236740,1236755
1044265,1044277
1074078,1074084
1084080,1084098
1168007,1168011
1292021,1292032
1176406,1176410
1107439,1127493
1051917,1063847
1083456,1083460
1111773,1111787
1112246,1112251
1172329,1172338
1162152,1182387
1047744,1309738
1060767,1302248
1069334,1262881
1093941,1093956
1246973,1246987
1323925,1323939
1226029,1226038
1053175,1053181
1098638,1098640
1284063,1284071
1260802,1260818
1116016,1225975
1074772,1271803
1104579,1292985
1299670,1299689
1179746,1179751
1046537,1107603
1294972,1305832
1277818,1277825
1157829,1157838
1145163,1219135
1053217,1053229
1159718,1159725
1170440,1170455
1188408,1188412
1233573,1233587
1044616,1082032
1132485,1132492
1133484,1133497
1044208,1044212
1069375,1105048
1090256,1090260
1110227,1110236
1052185,1052192
1080142,1237555
1047479,1086789
1187721,1187732
1140970,1195266
1099718,1099725
1173135,1173142
1119961,1119974
1089398,1089403
1163365,1163377
1121526,1121535
1082508,1082512
1108423,1108434
1289606,1289610
1077519,1214340
1225655,1225664
1065715,1102424
1070398,1228379
1097228,1277326
1128110,1128123
1282323,1282334
1210975,1210981
1223130,1223148
1063037,1063044
1077952,1077968
1097167,1097179
1098655,1098664
1123776,1123782
1110598,1138602
1174988,1174990
1059445,1059450
1263675,1263681
1313284,1313297
1045517,1203335
1064496,1064505
1067977,1149406
1086445,1086450
1107516,1107528
1212566,1212578
1209581,1209599
1046138,1046140
1045712,1140763
1047744,1052924
1077910,1081330
1082148,1082153
1129852,1129868
1070712,1223475
1099385,1233072
1222164,1318551
1216507,1308334
1270756,1270760
1226946,1226951
1065076,1065082
1069174,1069188
1164554,1283918
1240037,1240044
1261151,1261167
1061558,1233732
1076624,1218826
1247444,1247459
1259897,1259907
1219628,1219637
1052723,1052734
1139301,1139317
1165112,1165120
1282713,1282721
1256675,1256681
1311435,1311442
1196663,1196671
1254152,1254168
1048214,1104075
1052809,1052813
1071119,1071126
1243821,1273988
1047700,1047716
1057468,1159964
1058965,1058977
1069933,1069946
1153859,1268231
1047927,1048144
1064579,1084131
1076289,1289108
1210428,1210437
1058748,1108971
1075741,1075756
1167115,1167127
1053785,1211298
1177000,1244107
1292130,1292148
1045691,1140759
1175357,1256495
1224042,1224057
1202171,1202185
1056426,1273466
1073074,1088553
1094488,1094490
1113096,1113106
1166624,1166630
1278159,1278163
1211543,1290979
1075964,1228501
1081779,1081780
1183981,1183999
1207755,1207764
1044853,1182409
1187119,1187126
1046674,1046688
1055807,1211090
1100162,1100170
1048639,1148249
1285164,1285172
1198966,1198978
1297558,1297562
1163308,1163312
1188828,1188837
1279546,1279551
1215631,1215649
1320667,1320679
1088147,1088152
1140152,1170527
1247485,1247492
1187157,1187161
1314915,1314927
1046954,1046965
1117944,1117959
1103403,1103419
1127205,1127214
1173310,1187998
1283579,1283580
1075196,1097271
1063899,1063909
1075702,1138821
1068195,1271959
1278930,1278948
1299586,1299593
1294972,1306981
1304707,1304711
1233784,1233797
1071998,1158437
1065198,1065200
1071174,1071212
1078957,1078961
1068410,1285544
1094777,1094783
1097935,1159051
1164358,1164362
1183831,1183849
1107782,1107795
1240777,1240783
1067397,1067402
1074176,1074182
1081910,1081923
1048866,1070457
1077376,1139483
1095977,1151530
1173848,1173853
1180172,1180186
1061205,1061214
1188215,1188227
1181125,1181139
1258236,1258243
1044979,1079642
1046378,1119228
1317732,1317745
1048128,1099756
1048694,1287575
1184123,1184134
1300326,1300335
1204588,1204590
1215654,1215665
1228765,1228777
1252957,1252961
1046275,1046281
1295449,1295454
1076483,1264603
1085340,1085355
1125329,1125338
1136070,1136089
1265976,1265982
1055249,1055254
1085340,1105762
1128569,1128576
1130652,1130668
1109491,1109502
1155879,1155880
1291232,1322709
1239018,1239025
1059146,1223241
1072054,1149583
1073159,1073163
1133683,1133696
1155711,1155724
1287445,1287450
1047553,1110052
1307885,1307892
1274399,1274404
1317436,1317443
1145897,1145907
1162201,1257055
1324282,1324295
1220076,1220082
1062993,1063000
1253714,1253722
1044951,1044967
1050262,1050270
1092220,1229511
1048694,1194192
1068717,1068729
1074992,1075005
1057124,1057130
1059886,1059893
1076166,1076178
1128524,1128530
1086990,1087003
1143371,1143385
1077209,1077213
1188099,1204526
1078758,1223508
1059146,1059151
1062739,1112298
1092055,1302720
1088962,1088970
1289584,1289597
1208500,1208516
1211331,1311346
1224417,1224429
1238033,1238046
1068111,1094187
1130597,1130606
1183588,1183590
1189171,1189185
1325711,1325724
1050844,1182146
1056063,1056071
1062430,1062448
1080732,1249814
1072530,1072548
1170911,1170924
1281480,1281582
1107949,1107954
1057992,1058004
1257922,1257933
1050939,1050941
1074596,1074605
1097872,1097886
1126285,1152998
1137446,1137451
1156440,1156455
1166289,1166291
1145995,1225209
1280241,1280304
1204640,1267338
1060369,1134644
1060382,1100519
1095070,1209053
1185021,1185032
1182575,1182581
1108260,1247250
1151943,1151958
1077798,1318598
1279994,1280066
1254839,1254841
1205967,1205979
1235357,1235361
1071933,1184326
1075964,1139522
1120072,1120086
1296356,1296360
1231931,1231949
1044732,1108013
1082667,1082679
1068013,1068021
1135978,1286003
1303482,1303495
1187352,1187368
1225812,1225820
1051149,1051154
1054999,1055001
1060588,1297768
1066887,1066894
1069713,1069721
1073251,1073267
1106374,1106388
1188653,1206529
1044539,1061279
1056461,1105736
1057045,1301789
1100039,1184147
1295551,1295567
1299881,1299899
1195896,1195906
1222460,1222473
1273180,1273198
1320701,1320717
1077975,1091342
1065631,1065649
1103224,1103230
1131148,1131153
1251852,1251868
1085227,1085236
1082124,1176218
1180688,1180690
1202171,1230057
1295204,1295215
1067592,1157919
1124827,1124836
1247041,1247056
1056207,1311333
1071750,1071766
1097318,1097325
1109811,1239250
1166262,1253672
1184716,1184728
1228118,1228125
1272542,1272557
1146428,1146437
1158158,1158162
1184825,1184839
1324691,1324708
1202768,1202775
1218583,1236944
1060849,1302044
1089909,1089913
1211057,1211061
1056881,1056899
1076726,1076735
1130804,1130815
1096417,1302474
1227634,1227647
1240016,1240028
1073710,1090130
1188761,1188774
1246236,1246243
1246289,1246291
1055807,1135028
1061331,1061349
1076449,1076454
1101377,1101383
1224878,1224884
1245584,1316226
1217822,1217833
1063950,1063966
1301935,1301942
1136268,1136275
1152220,1152231
1259074,1259088
1314728,1314737
1213457,1213461
1226685,1226692
1065432,1200372
1086445,1287024
1324187,1324194
1048128,1291934
1061591,1146561
1090273,1090287
1099226,1099235
1181564,1311028
1229374,1229388
1060820,1302037
1121638,1232514
1125761,1125774
1169626,1169635
1264851,1264867
1104579,1323653
1083949,1084022
1172184,1172197
1295902,1295918
1209547,1209552
1046753,1127602
1147243,1147258
1169206,1230995
1234011,1234024
1221340,1293321
1094997,1095004
1174534,1313655
1225638,1225640
1239073,1239087
1226347,1226352
1057009,1057013
1093204,1170723
1176786,1176793
1228037,1228044
1208833,1208846
1209926,1209935
1227183,1227196
1046635,1311224
1051344,1051359
1076522,1076533
1132104,1132115
1108614,1108622
1287259,1287263
1182478,1182484
1106716,1106728
1245363,1245371
1307987,1307994
1209179,1209180
1063071,1063085
1069830,1069848
1077831,1077849
1087320,1216175
1164148,1269273
1171516,1181966
1150370,1150389
1257778,1257784
1215179,1215180
1073438,1073440
1109811,1109824
1171494,1260433
1272104,1272115
1249487,1249494
1274922,1274933
1132865,1132877
1158170,1158189
1172788,1172790
1232676,1232682
1044853,1098213
1046252,1057605
1156042,1270392
1211279,1211280
1324712,1324720
1069277,1069283
1079619,1079626
1099177,1099219
1194884,1194897
1200987,1200994
1319781,1319799
1192062,1192070
1204444,1204459
1261736,1261743
1045474,1206604
1072873,1072887
1099112,1099120
1082481,1212584
1139197,1139204
1255698,1255701
1201476,1201482
1263219,1263226
1220466,1220478
1066147,1233427
1047054,1181875
1087687,1117294
1103777,1103783
1198461,1198474
1068916,1068928
1080491,1171460
1194558,1308600
1311806,1311810
1194948,1200338
1186681,1186699
1187017,1232006
1073850,1073866
1125301,1125317
1302899,1302909
1246420,1246431
1151839,1302125
1214121,1214132
1069979,1069980
1282587,1282594
1162272,1162286
1058321,1212773
1229342,1229357
1091480,1091498
1154269,1269835
1074512,1074520
1083378,1083402
1231730,1231748
1049113,1049121
1077798,1077808
1094796,1094806
1132503,1182030
1171965,1201046
1255803,1255819
1309959,1309963
1047904,1047915
1069212,1232598
1302593,1302604
1191941,1271596
1192378,1192384
1204278,1204284
1150447,1150452
1053238,1053240
1060463,1060471
1091958,1091962
1096377,1096383
1304487,1304494
1162446,1162451
1262207,1262211
1217350,1217366
1085918,1085925
1299529,1299538
1059445,1228529
1212606,1212610
1110533,1193452
1155252,1229272
1177085,1177092
1300374,1300388
1300839,1300841
1324435,1324442
1266519,1266526
1044174,1236717
1045712,1185239
1082423,1082434
1103662,1132588
1290882,1325931
1108260,1108273
1242480,1262966
1127128,1127137
1295925,1295939
1178993,1179002
1310603,1310619
1218153,1218169
1221340,1317525
1067223,1067234
1173174,1173188
1194948,1234791
1074959,1074963
1248409,1248413
1051815,1148212
1115306,1134489
1279607,1279611
1091433,1091446
1306209,1306213
1056662,1056670
1081025,1081039
1086030,1086048
1089085,1089092
1229860,1229873
1261048,1261053
1069895,1069905
1048884,1231456
1173135,1305486
1047433,1108679
1061656,1061660
1082124,1321697
1158934,1158947
1048656,1051862
1059568,1084300
1264332,1264345
1102532,1102545
1054519,1059855
1211163,1213276
1236826,1236835
1225714,1247779
1060104,1176169
1069334,1175841
1068239,1271971
1185512,1185520
1193888,1193890
1199728,1199737
1262899,1262909
1307289,1307291
1050863,1187905
1057468,1084448
1064598,1149803
1072771,1072785
1064270,1064289
1091894,1303675
1105801,1310070
1087280,1087298
1204232,1204245
1081733,1081746
1082304,1082315
1184480,1276776
1151405,1192626
1218111,1218124
1044616,1061308
1062699,1064408
1064994,1096279
1129173,1237868
1322951,1322967
1125145,1160586
1279624,1279630
1067795,1067805
1103501,1103517
1104790,1244468
1287216,1287228
1188788,1188790
1193294,1193304
1108084,1108097
1047012,1047020
1081714,1081722
1127562,1127570
1145995,1196086
1146127,1222528
1047229,1070044
1178131,1178149
1070796,1070806
1216763,1216771
1070379,1228367
1087429,1087438
1094691,1214496
1098395,1256986
1141069,1141076
1280874,1311708
1060221,1060232
1213474,1316509
1072175,1225686
1092072,1128031
1105935,1105942
1157974,1157988
1187491,1187502
1044491,1135156
1047989,1284783
1088785,1088792
1109750,1109766
1306923,1306934
1274905,1274914
1051739,1051741
1056044,1056059
1131512,1131520
1255646,1255651
1215568,1314763
1082786,1323844
1288284,1288297
1054162,1054170
1195136,1273838
1262978,1262984
1264091,1264101
1056187,1221871
1069750,1069766
1117680,1117698
1113451,1113467
1193633,1193646
1238344,1238359
1233882,1233895
1151326,1151335
1186290,1186300
1123281,1123299
1084513,1084521
1072012,1163768
1046753,1206932
1129037,1220599
1100400,1100416
1142712,1142720
1170976,1170982
1160875,1160881
1194907,1194911
1229582,1229595
1260451,1260467
1057169,1057176
1071830,1071848
1077025,1246871
1094913,1094945
1143235,1271554
1177187,1177194
1055323,1122468
1183060,1183073
1234450,1234466
1252575,1252581
1056586,1056593
1076386,1076393
1188885,1188892
1227532,1227545
1258885,1258892
1048088,1048090
1069017,1069029
1068111,1094125
1077519,1111316
1299540,1299555
1198984,1198997
1216110,1216123
1150633,1150646
1317212,1317220
1055807,1082078
1131225,1131239
1091873,1307075
1211312,1211320
1062699,1084154
1092119,1092126
1176362,1176370
1225330,1225348
1066962,1066970
1095996,1096003
1164148,1164153
1282876,1282882
1177187,1216498
1240796,1240806
1242272,1242286
1058500,1079908
1127845,1127850
1128958,1128962
1077330,1236124
1187914,1187922
1310321,1310332
1110068,1251457
1280857,1291018
1047096,1047106
1215095,1215105
1055443,1092462
1055443,1214533
1061493,1061504
1082890,1082900
1156775,1265710
1144559,1225039
1294972,1306590
1077395,1139496
1196142,1228380
1307197,1307204
1212827,1212836
1218406,1218410
1220829,1220838
1063913,1084675
1099827,1099836
1129295,1129305
1159407,1277199
1225278,1225284
1262593,1262604
1047031,1195018
1061163,1061171
1126620,1126631
1143917,1299403
1174840,1236434
1326090,1326100
1046036,1068554
1319137,1319144
1088342,1088357
1229763,1229771
1154333,1270578
1047962,1138061
1070490,1070501
1167400,1167416
1070636,1245929
1090370,1229480
1097935,1159261
1125788,1125790
1172454,1172465
1282797,1282807
1208275,1208281
1216342,1216357
1059568,1140303
1206868,1206875
1275913,1275921
1290404,1290415
1207202,1319821
1218667,1218679
1294702,1294718
1195968,1195975
1261048,1273292
1263385,1263392
1068835,1068842
1074793,1306640
1077779,1251847
1192730,1192748
1270675,1270681
1070435,1303203
1125669,1319543
1096214,1096246
1228881,1228899
1276299,1276309
1274029,1274038
1070059,1070063
1097575,1204664
1159718,1232301
1183485,1183492
1201005,1201014
1244304,1244315
1045517,1182259
1079983,1079996
1068218,1271963
1094403,1094419
1048312,1048320
1224706,1224710
1103847,1103852
1162255,1257093
1255153,1255169
1186681,1298361
1294993,1312736
1048128,1255755
1084316,1222619
1114485,1114492
1174133,1174146
1275351,1275367
1094207,1252011
1279960,1280032
1207241,1207256
1258215,1258227
1272906,1272910
1062891,1062901
1071750,1287292
1072238,1087884
1295611,1305543
1047286,1191068
1085465,1085477
1103572,1103586
1077655,1077664
1077693,1077705
1284945,1287339
1048128,1099739
1097259,1097263
1174612,1174620
1153859,1153863
1072096,1149622
1087464,1223772
1103909,1103913
1048570,1081266
1205038,1277873
1107707,1107711
1235958,1235962
1218874,1218888
1314936,1314943
1046753,1288485
1073298,1073308
1123898,1323496
1215237,1215244
1056403,1113860
1085816,1085828
1267719,1267726
1074874,1074888
1088049,1088054
1282347,1282352
1290732,1290745
1193423,1193434
1058366,1212815
1091255,1091264
1214790,1214800
1060307,1060311
1061710,1274249
1094997,1292327
1139449,1139454
1106609,1155091
1271218,1271225
1057549,1182926
1062235,1062242
1061673,1131050
1068218,1172372
1142909,1142913
1169642,1311658
1070712,1325494
1214682,1214695
1046559,1046563
1071778,1293299
1078838,1078840
1225213,1225221
1075290,1261649
1046036,1094529
1051385,1216894
1074835,1074842
1072414,1072422
1092750,1092797
1048042,1048057
1098617,1216480
1102300,1102316
1105179,1105180
1279892,1281609
1236050,1236066
1202280,1202298
1046537,1152663
1222140,1222155
1225127,1225136
1151388,1192619
1243656,1243660
1303112,1303120
1192571,1192585
1312114,1312122
1046537,1047152
1063230,1063248
1072595,1072609
1077284,1184991
1108861,1108874
1235083,1235096
1242759,1242763
1277049,1277054
1208949,1208954
1069310,1069323
1103572,1134616
1134208,1134212
1083776,1083782
1267816,1267828
1191340,1191355
1205556,1205587
1236182,1236195
1259464,1259472
1081416,1081428
1094224,1252024
1115766,1115778
1078631,1078649
1195542,1263359
1201316,1201328
1055848,1055853
1058846,1058851
1071853,1119394
1088422,1088433
1092249,1092254
1093449,1093454
1239865,1288780
1272463,1272471
1325603,1325619
1319625,1319639
1060981,1084288
1099080,1099098
1124067,1124079
1143371,1217571
1048866,1166925
1296413,1296421
1059122,1244176
1273394,1273409
1129662,1188113
1111889,1111891
1206314,1206322
1226882,1320111
1241692,1241709
1148587,1246837
1165652,1165668
1077617,1077629
1237586,1237593
1312683,1312696
1068111,1068124
1183025,1183471
1298264,1298272
1225189,1225191
1251160,1251173
1069296,1069306
1098923,1098934
1137991,1138003
1149434,1206921
1194775,1194781
1198868,1198875
1059302,1061035
1075098,1075108
1075177,1075183
1322933,1322946
1104790,1142636
1136186,1202144
1059122,1258828
1090596,1090605
1143257,1271565
1048455,1048464
1058309,1212760
1248105,1248114
1045572,1045586
1045834,1294836
1079473,1079487
1098590,1204629
1206211,1206224
1228461,1228474
1186964,1237881
1214355,1214364
1047989,1070488
1255971,1255985
1325321,1325332
1104393,1104408
1048866,1287838
1187745,1187750
1046313,1246514
1071190,1071220
1071853,1199123
1073694,1284615
1086704,1086715
1290541,1290556
1269944,1269959
1162989,1162991
1047576,1047582
1211504,1211515
1153703,1153719
1099080,1213517
1155805,1155814
1192879,1192880
1222954,1222965
1091168,1221790
1093607,1093611
1237419,1294938
1129173,1216759
1109671,1109685
1053785,1077245
1305440,1305464
1285846,1285851
1223857,1238681
1227993,1228000
1243026,1243035
1277134,1277147
1306297,1306307
1221340,1221355
1062870,1062889
1080616,1080628
1103380,1103398
1048866,1182510
1260303,1260319
1218021,1218032
1046996,1208332
1060162,1060170
1099578,1099584
1081655,1081664
1136186,1136193
1224003,1224019
1085301,1085317
1101562,1101570
1194673,1260728
1195471,1195485
1046252,1304089
1068176,1068182
1099634,1099647
1110994,1111005
1286377,1286383
1247590,1247601
1072012,1253865
1204213,1204221
1073312,1073320
1176304,1176315
1099476,1099482
1062495,1142823
1075647,1164971
1085052,1085068
1048694,1276954
1235134,1235147
1231688,1231690
1259074,1297493
1204158,1204162
1044616,1057370
1073570,1073589
1075843,1075858
1096878,1096884
1194251,1194267
1275092,1275102
1046559,1152659
1059069,1142398
1048639,1134017
1185835,1185842
1286331,1286349
1206037,1207124
1211464,1211472
1276537,1276544
1095091,1095101
1171983,1171996
1264070,1264089
1091507,1091511
1232695,1232703
1152040,1152055
1151049,1151054
1275564,1290637
1158952,1158968
1187824,1187830
1074434,1074447
1123537,1123544
1173427,1173436
1215445,1215450
1056604,1056615
1061618,1203303
1069573,1069587
1110068,1241277
1138100,1138116
1048570,1120967
1145163,1227804
1047414,1310252
1259401,1259417
1048128,1169880
1127222,1127233
1137286,1137293
1193499,1193508
1216943,1216958
1213712,1213720
1219587,1219594
1056945,1056950
1057066,1171402
1070156,1127298
1146780,1146798
1155043,1155058
1188653,1188669
1286061,1286074
1046833,1189907
1089847,1249776
1099917,1099929
1093420,1093431
1093844,1093859
1106433,1106446
1194090,1194100
1274254,1274265
1067186,1067193
1086872,1086886
1087185,1087192
1280009,1280078
1235666,1235678
1057423,1057508
1060266,1210865
1097935,1194747
1285186,1285193
1299627,1299636
1243845,1243850
1064816,1064828
1077127,1081854
1269447,1269452
1278694,1278706
1231313,1231321
1072077,1191800
1296356,1312259
1241750,1241766
1261715,1261727
1219784,1219797
1112562,1112570
1058908,1058912
1062257,1322560
1077779,1299488
1094102,1251708
1045333,1045346
1169247,1169252
1160852,1160868
1185874,1185888
1195617,1195629
1223944,1223959
1244680,1314096
1055807,1055811
1053217,1064533
1061897,1061907
1181230,1181248
1143257,1143261
1193256,1193260
1198689,1198691
1076925,1229229
1304977,1304983
1200837,1200844
1077143,1077158
1094248,1094253
1104431,1262457
1267291,1267301
1061100,1061116
1104774,1104788
1151229,1151238
1064774,1142248
1088678,1088684
1096171,1096185
1163656,1163660
1182069,1182076
1061813,1061821
1083965,1083977
1084739,1174903
1155350,1155366
1152265,1298507
1153215,1153227
1069637,1069644
1073799,1073809
1076567,1076579
1125109,1125113
1181899,1181909
1233017,1233029
1074916,1102371
1277678,1277684
1287683,1287696
1294392,1294407
1063118,1258761
1092539,1092541
1099610,1099623
1198881,1198899
1205323,1205334
1237398,1237403
1324529,1324538
1209007,1209011
1057565,1144206
1291968,1291975
1196462,1213604
1151894,1151904
1057614,1057622
1063777,1063783
1072678,1072839
1129997,1298839
1110081,1245634
1104630,1238550
1066229,1243308
1056207,1056211
1057260,1057273
1060780,1302276
1069732,1069745
1091894,1091904
1174356,1174360
1264140,1264155
1304186,1304193
1280111,1280176
1284187,1284194
1192275,1192281
1314168,1314175
1306947,1325275
1056921,1056932
1058822,1058833
1098170,1110215
1102300,1133942
1087144,1109375
1177457,1177461
1177810,1177823
1059926,1258859
1098877,1206000
1160875,1198207
1325062,1325070
1212430,1212448
1249635,1249642
1044491,1145493
1057304,1057315
1060266,1060278
1095210,1095223
1104551,1254498
1160194,1160207
1059341,1108826
1075112,1075120
1276043,1276058
1209151,1303773
1293418,1293425
1056823,1056834
1073019,1073026
1128548,1128553
1125607,1325851
1086179,1086180
1204311,1204324
1066342,1066357
1057481,1197986
1061976,1061982
1080556,1080560
1280819,1280826
1219001,1219017
1088083,1088096
1115306,1168988
1194639,1194641
1229943,1229958
1266209,1266213
1097599,1204672
1164874,1164888
1224486,1256532
1214682,1223273
1221449,1221454
1066507,1066511
1047989,1190838
1075521,1265543
1102495,1102509
1069212,1069220
1102843,1102858
1181627,1311059
1258317,1258329
1065133,1276494
1119450,1119466
1100981,1100999
1203873,1237540
1119893,1242943
1142426,1213333
1048884,1147774
1070966,1070978
1213921,1213932
1067140,1067155
1085483,1085546
1099804,1099815
1066825,1066839
1080212,1080220
1106414,1239906
1224602,1224618
1272503,1272519
1214682,1325140
1214774,1214788
1217867,1217879
1294891,1294901
1064150,1128887
1076925,1185078
1128650,1128666
1156953,1156969
1114136,1114143
1077492,1111300
1077535,1077542
1314238,1314240
1075787,1075794
1144711,1144724
1130257,1130261
1094139,1094194
1100382,1100395
1078095,1173539
1152208,1180473
1099634,1134713
1099787,1099794
1098557,1278813
1087308,1216181
1196644,1196659
1075392,1075407
1047943,1198538
1052641,1052656
1086445,1283941
1143235,1194214
1188099,1223755
1193577,1193583
1074971,1211440
1218009,1249528
1045712,1083268
1053096,1053106
1183353,1183369
1177000,1177016
1278911,1278924
1198367,1198379
1053065,1053077
1069436,1105095
1105318,1105325
1238219,1238226
1074937,1262059
1090202,1090218
1059581,1059599
1044998,1265417
1317277,1317283
1079494,1079500
1068358,1068362
1165550,1165566
1194948,1194953
1063016,1063028
1063997,1064006
1192494,1192500
1243821,1313395
1274560,1274573
1045913,1045921
1061377,1061383
1156673,1156687
1208592,1220649
1204865,1204877
1242480,1289929
1158705,1282600
1048694,1143196
1070777,1294578
1225519,1225526
1237419,1314065
1247617,1247629
1259019,1259026
1143257,1171635
1113293,1113303
1106792,1106802
1074857,1187541
1077798,1281873
1088841,1088856
1290064,1290072
1070593,1184264
1245741,1245756
1215466,1215506
1076742,1183952
1282895,1282905
1091168,1227964
1074874,1234758
1061251,1107851
1068410,1262173
1093386,1093393
1048396,1269992
1267010,1284875
1284160,1284173
1236565,1280928
1264690,1264707
1049150,1152334
1060284,1060297
1093204,1093215
1148644,1215608
1089125,1089139
1197098,1197108
1229326,1229335
1079851,1079867
1091894,1101976
1174069,1174076
1161967,1161979
1191006,1191010
1106609,1262092
1210705,1210714
1249425,1249439
1283289,1283291
1106839,1106841
1060923,1060934
1067571,1067585
1160501,1285585
1188197,1188204
1231707,1231711
1077002,1077018
1125987,1125994
1289725,1289739
1154044,1154059
1317254,1317265
1056269,1056276
1063615,1063627
1162106,1256972
1070909,1070932
1201718,1201725
1244793,1244803
1071135,1071142
1069933,1316371
1077535,1135102
1327095,1327105
1264965,1293062
1057287,1057294
1063997,1085579
1069914,1316363
1090434,1090447
1218565,1250674
1098968,1098975
1048656,1253104
1070691,1181777
1129207,1129211
1156116,1156128
1183640,1183655
1053020,1053031
1084476,1084482
1158330,1158348
1096438,1302488
1172109,1172113
1070945,1251978
1227550,1319866
1044208,1129156
1068256,1271985
1222690,1222707
1216326,1216335
1231814,1231822
1325688,1325690
1264252,1264268
1046996,1108857
1045670,1047678
1062154,1062165
1092174,1136688
1083965,1084033
1077557,1077561
1285425,1285439
1209568,1209575
1075702,1229530
1103442,1103457
1109750,1239209
1171494,1171500
1057549,1057554
1086649,1288002
1168325,1237658
1057755,1057764
1203650,1203666
1055489,1214551
1133024,1133030
1185124,1185130
1183041,1183056
1223835,1223842
1212513,1212521
1082481,1118563
1118332,1324071
1103712,1278019
1048472,1048486
1168167,1168179
1053802,1267902
1211543,1211558
1240932,1240945
1072096,1127331
1076483,1112734
1094322,1094333
1197183,1197196
1248547,1248552
1063950,1066077
1072936,1138233
1133974,1133988
1062634,1220228
1120824,1120830
1180155,1180164
1222851,1222867
1152265,1152277
1309013,1309021
1220356,1220360
1050844,1140217
1149679,1149680
1143120,1143131
1311063,1311071
1292045,1292050
1052455,1052464
1078855,1132705
1188925,1188939
1189074,1189088
1292738,1292740
1060104,1307648
1128697,1128700
1130131,1130149
1054574,1054588
1047303,1047319
1309124,1309130
1212699,1212702
1066054,1247127
1047943,1271468
1055462,1055470
1057182,1057195
1065791,1184595
1168484,1168497
1295726,1296271
1228071,1228085
1313883,1313896
1048100,1162716
1171439,1171441
1228160,1228173
1239638,1239640
1271826,1271835
1250965,1250977
1070092,1210127
1256804,1256815
1227242,1227257
1249117,1249129
1295068,1295075
1074475,1074481
1077779,1136753
1110081,1223202
1177125,1177139
1058345,1058350
1231977,1231983
1252373,1252387
1048088,1170486
1089783,1089796
1084495,1316901
1189821,1189832
1199446,1199451
1236565,1250070
1047989,1231494
1069190,1232580
1073074,1233381
1053802,1077250
1225250,1225266
1233951,1233967
1273547,1273552
1213141,1213156
1071811,1071824
1072970,1280343
1090169,1090176
1129662,1129670
1093465,1093477
1077284,1077297
1198085,1198092
1072096,1162530
1250101,1250117
1069254,1069265
1073953,1073969
1295790,1295800
1069436,1069443
1137199,1137201
1157356,1219249
1218583,1218596
1131202,1131218
1048591,1048602
1162374,1257174
1196001,1196017
1224464,1224472
1234030,1234048
1322093,1322103
1080967,1080979
1091894,1276661
1112589,1112591
1062476,1062482
1099080,1219811
1169036,1169043
1257352,1257368
1310439,1310441
1108287,1108294
1091839,1091841
1250516,1250528
1046931,1046949
1268587,1268594
1269583,1269596
1183877,1183883
1193273,1193287
1236549,1286723
1062610,1184873
1071750,1293281
1114526,1114535
1195526,1263344
1206572,1206586
1050150,1223729
1063997,1140792
1092119,1106110
1059568,1222603
1152539,1152541
1208748,1208753
1218009,1218013
1226905,1229991
1315554,1315565
1063913,1063921
1089765,1089777
1097838,1097840
1089305,1089419
1084836,1084843
1165098,1165108
1286948,1286953
1046252,1252990
1315256,1315260
1075804,1075815
1073057,1088548
1184576,1184582
1182263,1182271
1256430,1256448
1224365,1224377
1217252,1217268
1325642,1325657
1294862,1294870
1168114,1291158
1295598,1307023
1153023,1153034
1261445,1261450
1055967,1055979
1063379,1226830
1048536,1046880
1175553,1209082
1062532,1100655
1062870,1224813
1074218,1074225
1289005,1289014
1236565,1249101
1097076,1097082
1103950,1103966
1211331,1211349
1064317,1064329
1121104,1121115
1122111,1122124
1185241,1185256
1212675,1212681
1084495,1188579
1258703,1310062
1069594,1191132
1128096,1128106
1084550,1084566
1174864,1174872
1221742,1221757
1080848,1080853
1083674,1109188
1232262,1232270
1071914,1178938
1219001,1279454
1314841,1324426
1086151,1086167
1164874,1190450
1144657,1316668
1280874,1280888
1044616,1325193
1073813,1073821
1123833,1123846
1268119,1268126
1180091,1274381
1236888,1236890
1069556,1069560
1076023,1293015
1080518,1080525
1097497,1178371
1097575,1097581
1180117,1180129
1047887,1047894
1063555,1063564
1134436,1152895
1048866,1048878
1249058,1249062
1057389,1057391
1059683,1318939
1071157,1305472
1074499,1074508
1130203,1238424
1088887,1088894
1176499,1176508
1298684,1298697
1151839,1151841
1087464,1087504
1072255,1087897
1130203,1268637
1137507,1137511
1166735,1166742
1236315,1236327
1240852,1240868
1217473,1217487
1317190,1317208
1108481,1108499
1160670,1160689
1188800,1212725
1241587,1241594
1059547,1059552
1150900,1274766
1064178,1128894
1136954,1136965
1059568,1121189
1060820,1060831
1061354,1061365
1061536,1061543
1067996,1068009
1111344,1173525
1267607,1267611
1074874,1187556
1294972,1309622
1315651,1315667
1057009,1058544
1061472,1061486
1092811,1092824
1121733,1121746
1101377,1299921
1210934,1210947
1074874,1119547
1261048,1327011
1308946,1308951
1203818,1203825
1052641,1125648
1076960,1076973
1110262,1110270
1137175,1137181
1143739,1166816
1297897,1297907
1193944,1193959
1068651,1068667
1137645,1209696
1167629,1298106
1178843,1178858
1212929,1212938
1097677,1175613
1235293,1235303
1312988,1312990
1264350,1264366
1266779,1266780
1292819,1320452
1099177,1099183
1077284,1185928
1246449,1246454
1252864,1252872
1209523,1209534
1066012,1066020
1315362,1315370
1076408,1076412
1079537,1079544
1127088,1127090
1211995,1211930
1087401,1087417
1067954,1120922
1099550,1304058
1199357,1199361
1047962,1198572
1056322,1274587
1056966,1301743
1141696,1316261
1241560,1241573
1245584,1245597
1191567,1253039
1074370,1074389
1082874,1109368
1099131,1099149
1093742,1093757
1137467,1137479
1071895,1180954
1143760,1143773
1285931,1285949
1218622,1218633
1047989,1198540
1068937,1068944
1076987,1176890
1302754,1302765
1223857,1223861
1091716,1091728
1306221,1306232
1294787,1294794
1295533,1295546
1310795,1310805
1059409,1059413
1210245,1210250
1275071,1275085
1067912,1192537
1319026,1319035
1074531,1171206
1085598,1272400
1090009,1090013
1104551,1309549
1141082,1141095
1166204,1169015
1161807,1161811
1294972,1310833
1106582,1210209
1095155,1095186
1103346,1103351
1174864,1236447
1046898,1047147
1058920,1058931
1071811,1291831
1078198,1078200
1085598,1085607
1095920,1095931
1065838,1065840
1085892,1085902
1082182,1082195
1089269,1089276
1174552,1313664
1170799,1170809
1058101,1058117
1228488,1228490
1202589,1202591
1209620,1209631
1054459,1054463
1180603,1180619
1221918,1221925
1240881,1240899
1046833,1046846
1070796,1294584
1210751,1210767
1044830,1215683
1319591,1319602
1197804,1204416
1273523,1273534
1293247,1293252
1046833,1253170
1062532,1211429
1308830,1308848
1050607,1050611
1059048,1085166
1065677,1065683
1098779,1098780
1282489,1273271
1081104,1081115
1090819,1090826
1218130,1218148
1067996,1093788
1107688,1107690
1152310,1298548
1077812,1077820
1197827,1197836
1253307,1253311
1225779,1225780
1315423,1315434
1048128,1153178
1064611,1064624
1066700,1066716
1071539,1071541
1081492,1146395
1140970,1250281
1078497,1078506
1064719,1064726
1080142,1203860
1094346,1094351
1098686,1195039
1188885,1232956
1217805,1217814
