GPID,TPID
210051,154302
210067,154318
210079,154325
216544,154341
216544,154356
216544,154360
216544,154373
216544,154387
216544,154394
216544,154409
210108,154413
216544,154432
216544,154445
965438,154450
216544,154466
210108,154478
965438,154484
965438,154497
216544,154506
216544,154510
965438,154547
210165,154552
210165,154568
210165,154575
210165,154581
210196,154608
210203,154612
210219,154620
210226,154631
210235,154649
210242,154654
210257,154665
210261,154677
210261,154683
210261,154696
210261,154704
210261,154715
210261,154727
210261,154736
210274,154743
210288,154758
210300,154770
210316,154789
210316,154791
210328,154801
210328,154817
210337,154829
210344,154838
210359,154840
210363,154855
210371,154864
210371,154872
210385,154886
210385,154893
210392,154903
210392,154919
210407,154926
210407,154935
210411,154942
210411,154957
210430,154974
210448,154988
210448,154990
210448,155012
210448,155020
210448,155031
210448,155065
210448,155077
210448,155083
764468,1024082
210448,155096
210448,155106
210448,155110
210453,155123
210469,155134
210476,155147
210476,155152
210476,155168
210476,155175
210476,155201
210476,155217
210476,155229
210476,155238
210476,155240
210476,155255
210482,155264
210482,155272
210495,155286
210495,155293
210509,155303
210509,155319
210513,155326
210513,155335
210521,155342
210521,155357
210532,155361
210532,155374
210545,155388
210545,155390
210550,155405
210550,155414
210606,155467
210610,155479
210623,155480
210634,155498
210647,155507
210652,155511
210668,155524
210675,155530
210675,155548
210702,155576
210702,155582
210718,155595
210718,155609
210725,155613
210739,155621
210741,155632
210756,155645
781796,155650
781796,155666
210773,155678
210773,155684
210773,155697
210773,155700
210794,155716
210804,155728
210815,155737
210827,155744
749857,155759
749857,155763
749857,155771
749857,155785
749857,155792
749890,155802
749890,155818
749890,155825
749890,155839
749890,155841
693910,155856
693910,155860
693910,155873
693910,155887
693910,155894
1295863,1295885
1295973,1295994
1296114,1296133
862254,1296198
1295669,1296244
1296292,1296318
1296373,1296394
1296484,1296506
1296599,1296612
1296704,1296727
351964,1296791
795115,1296855
794625,1296926
912226,1296988
1297074,1297090
231569,1297159
1297192,1297214
591651,1297280
483832,1297349
645049,1297383
354170,1297438
912226,1297472
1297515,1297536
1297660,1297687
351901,1297747
647314,1297781
647276,1297821
862368,1297878
1297948,1297969
1295669,1298031
1167561,1298077
1298181,1298201
431022,1298286
520397,1298342
1298405,1298422
767330,1298480
784894,1298524
585180,1298802
647276,1298841
821292,1298887
527103,1298927
966094,1298962
1299071,1299092
214462,1299156
966136,1299194
1299269,1299282
644547,1299346
789251,1299380
216252,1299426
231569,1299461
1299823,1299847
482106,1299909
644683,1299950
671263,1300012
354170,1300077
1300123,1300147
671216,1300201
364607,1300264
952216,1300303
320088,1300357
995761,1300414
293569,1300451
364607,1300498
255163,1300548
1300632,1300650
970610,1300716
1300792,1300818
793410,1300873
578012,1300887
731176,1300894
528301,1300904
528243,1300915
996432,1300936
1300991,1301011
662074,1301076
945290,1301167
1295669,1301200
1295329,1301259
1297660,1301292
272300,1301341
1301413,1301432
944764,1301497
1301568,1301581
213581,1301649
364364,1301683
272257,1301727
272359,1301762
281851,1301801
1301893,1301919
965144,1301974
996302,1302016
749890,1302059
720038,1302092
1013929,1302139
497607,1302173
965192,1302211
996356,1302253
1013964,1302295
219420,1302333
219431,1302379
749857,1302419
651377,1302457
214998,1302490
214980,1302555
651969,1302615
647314,1302658
653156,1302691
216275,1302731
647276,1302796
966136,1302834
997171,1302875
808367,1302932
652411,1302997
839472,1303033
431328,1303079
651911,1303131
211633,1303177
1303257,1303274
359497,1303316
398104,1303359
665587,1011030
717358,1011053
970610,1011076
755487,1011095
749294,1011114
1011146,1011167
1011198,1011216
1011237,1011259
553078,1011271
934421,1011325
651090,1011341
858552,1011373
760322,1011409
260965,1011432
1011466,1011484
219994,1011506
219987,1011523
220028,1011547
784825,1011568
1011612,1011631
690851,1011654
824846,1011677
824880,1011696
1011727,1011743
1011789,1011801
803447,1011886
656467,1011903
212437,1011926
656507,1011942
1012028,1012037
1012028,1012044
1012059,1012063
1012059,1012071
216172,1012118
216193,1012156
1012207,1012224
213510,1012269
770438,1012346
1012379,1012398
217020,1012419
1012474,1012490
1012540,1012564
870648,1012586
563573,1012604
716442,1012627
1012643,1012662
723908,1012689
1012379,1012765
1012379,1012777
1012379,1012783
847911,1012796
355375,1012810
1012868,1012881
343510,1012984
1013014,1013033
1013079,1013080
1013067,1013112
1013067,1013120
1013079,1013131
488919,1013149
573332,1013235
697135,1013257
300730,1013274
662515,1013290
526929,1013316
526870,1013337
522840,1013359
1013407,1013424
801703,1013448
764786,1013578
904094,1013634
904428,1013647
1013668,1013675
1013681,1013699
799666,1013718
1013725,1013739
1013741,1013756
799666,1013760
1013725,1013773
1012085,1013836
653194,1013843
333764,1013870
803273,1013891
1013929,1013940
1013964,1013986
681669,1014004
1014027,1014043
944225,1014155
835916,1014172
991503,1014206
1014234,1014252
1014309,1014321
1014350,1014378
1014397,1014418
1014473,1014494
915715,1014528
512628,1014544
1014563,1014585
1014603,1014626
922313,1014657
920007,1014688
921973,1014724
705817,1014753
1014795,1014814
1014833,1014851
1014880,1014908
1014880,1014931
1014977,1014996
1015042,1015061
1015128,1015144
700127,1015171
217904,1015192
304697,1015214
779162,1015251
764888,1015298
1015312,1015331
218813,1015354
218821,1015377
1015440,1015464
1015536,1015558
1015589,1015602
1015641,1015660
1015694,1015710
751700,1015752
922186,1015781
1015845,1015866
1015924,1015948
1015982,1016002
922313,1016056
705817,1016104
1016191,1016213
1016245,1016266
1016311,1016330
824846,1016353
218734,1016376
1016428,1016444
575522,1016463
1016526,1016542
858552,1016574
899306,1016590
1016638,1016640
1016655,1016664
218821,1016672
992835,992842
992890,992916
992835,992937
658928,993027
993043,993062
993101,993129
910968,993155
993172,993193
823584,993210
858105,993247
858105,993268
869014,993309
858105,993321
350941,993345
993418,993439
757122,993456
660703,993473
881389,993494
993516,993537
230287,993559
993592,993619
766047,993642
643161,993661
518798,993690
993805,993822
993867,993880
993920,993949
572124,993965
993983,994005
994051,994079
646107,994098
980755,994154
983551,994177
974190,994203
994235,994257
987432,994290
994359,994371
944225,994407
645759,994424
645666,994448
994513,994532
994566,994584
994634,994652
994699,994718
218930,994739
218781,994756
994836,994858
512347,994870
512518,994891
700127,994929
522683,995047
656031,995113
995150,995178
1282427,995227
995289,995301
824846,995338
824880,995355
850346,995372
217962,995393
917690,1003094
495953,1003115
767330,1051623
995454,995477
995505,995522
995505,995551
995580,995607
995630,995653
644547,995682
759938,995719
995761,995788
995800,995828
767213,995918
911768,995925
996302,996325
996356,996373
807196,995973
522683,995994
996048,996069
226023,996082
996133,996151
996180,996200
847911,996228
996133,996244
996180,996263
750013,155904
750013,155915
750013,155927
210870,155936
210889,155943
210889,155958
210889,155962
210891,155970
210891,155989
210891,155991
210891,156009
210891,156013
210891,156021
210891,156045
210901,156050
210917,156066
210929,156078
210938,156084
210940,156097
210955,156107
210964,156111
210972,156124
210986,156130
210993,156148
211013,156169
211013,156176
211013,156182
211013,156195
211013,156202
211013,156218
211013,156225
211013,156239
211013,156241
211013,156256
211013,156260
211021,156273
211021,156287
211032,156294
211032,156304
211032,156315
211045,156327
211045,156336
211050,156343
211050,156358
211050,156362
211050,156370
211050,156389
211050,156391
211050,156406
211066,156410
211078,156423
211078,156434
211078,156447
866320,156452
211084,156468
211084,156499
211084,156508
211084,156512
211097,156531
211107,156549
211111,156554
211111,156565
211111,156577
211111,156583
211124,156596
211130,156605
211148,156614
211148,156622
211153,156633
211169,156646
211176,156651
211182,156667
211195,156679
211195,156680
211202,156701
211225,156729
211239,156738
211256,156755
211260,156764
211273,156772
211287,156786
211287,156793
211294,156803
211304,156819
211315,156826
211327,156835
211304,156842
211343,156857
211358,156861
211362,156874
211362,156888
211370,156890
211370,156900
211389,156916
211389,156928
211391,156937
211406,156944
211410,156959
211410,156963
211434,156971
211434,156985
211452,156992
211452,157000
211452,157016
211452,157028
211452,157037
211468,157044
211475,157059
211475,157063
211475,157071
211475,157085
211475,157092
211475,157102
211475,157118
211475,157125
211475,157139
211475,157141
211475,157156
211475,157160
211481,157173
211481,157187
952216,157194
213484,157207
952216,157211
904947,157224
904947,157230
952216,157269
904947,157276
211937,158079
1023126,1023142
904947,157282
952216,157305
211520,157314
211520,157322
904947,157351
952216,157367
213484,157379
213484,157426
211577,157457
904947,157461
904947,157474
904947,157490
211596,157501
211605,157517
211605,157529
211622,157538
211622,157540
211622,157555
211622,157564
211622,157572
211622,157586
211633,157593
211646,157604
211651,157615
211667,157627
211667,157636
211679,157658
211680,157662
753653,1311367
211680,157689
211680,157691
211701,157708
211717,157712
211729,157720
211738,157731
211241,157749
211740,157754
211755,157765
211755,157777
211755,157783
211755,157796
211764,157806
212266,157810
211786,157823
211786,157834
211786,157847
211786,157852
211786,157868
211793,157875
211803,157881
211803,157899
211803,157909
211819,157913
211826,157921
211835,157932
211835,157945
211842,157950
211857,157966
211971,157978
211971,157984
211971,157997
211874,158005
211874,158014
211874,158022
211874,158033
211874,158046
211874,158051
211937,158067
211937,158080
211890,158098
211890,158108
211890,158112
211900,158120
211900,158131
211900,158149
211900,158154
211900,158165
211900,158177
211900,158183
211900,158196
211900,158203
211900,158219
211900,158226
211900,158235
211900,158242
211900,158257
211900,158261
211900,158274
211900,158288
211900,158290
211900,158300
211900,158316
211900,158328
211900,158337
211900,158344
211900,158359
211900,158363
211900,158371
211900,158385
211900,158392
211900,158407
211900,158411
211900,158424
211900,158430
211900,158448
211900,158453
211900,158469
211900,158476
211900,158482
211900,158495
211900,158509
211900,158513
211900,158521
211900,158532
211900,158545
211900,158550
211900,158566
211900,158578
211900,158584
211900,158597
211900,158606
211900,158610
211900,158623
211900,158634
211900,158647
211900,158652
211900,158668
211900,158675
211900,158681
211900,158699
211900,158702
211900,158718
211900,158725
211900,158739
211900,158741
211916,158756
211916,158760
211916,158773
211916,158787
211916,158794
211916,158804
211916,158815
211916,158827
211916,158836
211916,158843
211916,158858
211916,158862
211916,158870
211916,158889
211916,158891
211916,158901
211916,158917
211916,158929
211916,158938
211916,158940
211916,158955
211916,158964
211916,158972
211916,158986
211916,158993
211916,159002
211916,159018
211916,159025
211916,159039
211916,159041
211916,159056
211916,159060
211916,159073
211916,159087
211916,159094
211916,159104
211916,159115
211916,159127
211916,159136
211916,159143
211916,159158
211916,159162
211916,159170
211916,159189
211916,159191
211916,159209
211916,159213
211916,159221
211916,159232
211916,159245
211916,159250
211916,159266
211916,159278
211916,159284
211916,159297
211916,159307
211874,159311
211874,159324
211874,159330
211874,159348
211874,159353
211874,159369
211874,159376
211874,159382
211874,159395
211874,159400
211874,159416
211874,159428
211937,159437
211937,159444
211937,159459
211937,159463
211944,159471
211944,159485
211959,159492
211959,159503
211959,159519
211959,159526
211959,159535
211959,159542
211959,159557
211959,159561
211959,159574
211959,159588
211959,159590
211959,159601
211959,159617
211959,159629
211959,159638
211959,159640
211959,159655
211959,159664
211959,159672
211959,159686
211959,159693
211959,159705
211959,159714
211959,159722
211959,159733
211959,159746
211959,159751
211959,159767
211959,159779
211959,159780
211959,159798
211959,159808
211959,159812
211959,159820
211959,159831
211959,159849
211959,159854
211959,159865
211959,159877
211959,159883
211959,159896
211959,159906
211959,159910
211959,159923
211959,159934
211959,159947
211959,159952
211959,159968
211959,159975
211959,159981
211959,159999
211959,160007
211959,160011
211959,160024
211959,160030
211959,160048
211959,160053
211959,160069
211959,160076
211959,160082
211959,160095
211959,160105
211959,160114
211959,160122
211959,160133
211959,160146
211959,160151
211959,160167
211959,160179
211959,160180
211959,160198
211959,160200
211959,160216
211959,160228
211959,160237
211959,160244
211959,160259
211959,160263
211959,160271
211963,160285
211963,160292
211963,160302
211963,160318
211963,160325
211963,160339
211963,160341
211963,160356
211963,160360
211963,160373
211963,160387
211963,160394
211963,160409
211963,160413
211963,160421
211963,160432
211963,160445
211963,160450
211963,160466
211963,160478
211963,160484
211963,160497
211963,160506
211963,160510
211963,160523
211963,160534
211963,160547
211963,160552
211963,160568
211963,160575
211963,160581
211963,160599
211963,160608
211963,160612
211963,160620
211963,160631
211963,160649
211963,160654
211963,160665
211963,160677
211963,160683
211963,160696
211963,160704
211963,160715
211963,160727
211971,160736
211985,160743
211985,160758
211985,160762
211985,160770
211985,160789
211985,160791
211992,160801
211992,160817
211992,160829
213575,160838
948151,160840
213575,160855
213575,160872
947686,160893
947733,160903
947686,160935
947686,160942
212039,160957
948151,160961
947686,160974
947686,160990
212056,161006
212056,161010
948151,161023
947733,161034
947733,161047
947733,161052
947733,161068
212087,161075
212104,161113
212115,161121
212127,161132
212127,161145
212127,161150
212127,161166
212127,161178
212127,161184
212127,161197
212136,161204
212136,161215
212143,161227
212136,161236
212158,161243
212158,161258
212158,161262
212158,161270
212162,161289
212170,161291
212189,161301
212191,161317
212191,161329
212191,161338
212209,161340
212209,161355
212209,161364
212209,161372
212213,161386
1023064,161393
212232,161412
212232,161420
212245,161431
211755,161449
211755,161454
211755,161465
211755,161477
211755,161483
211755,161496
211755,161505
211755,161514
212266,161522
212266,161533
212266,161546
212284,161551
211786,161567
211786,161579
211786,161580
211786,161598
211786,161607
211786,161611
211786,161624
211786,161630
212307,161648
211803,161653
211803,161669
211803,161676
211803,161682
211803,161695
212266,161703
212311,161719
212376,161726
212311,161735
212311,161742
212348,161757
667225,161788
667225,161790
212376,161800
212382,161816
212395,161828
212348,161837
212416,161844
656467,161859
212437,161863
212437,161871
656507,161885
212459,161892
212459,161902
212471,161925
212471,161939
212485,161941
212492,161956
212503,161960
212519,161973
212526,161987
212535,161994
212542,162004
212557,162015
212561,162027
212574,162036
212588,162043
212590,162058
665157,162062
212617,162070
212617,162089
212617,162091
212629,162101
212629,162117
211499,162129
211499,162138
211499,162140
212655,162155
212655,162164
212655,162172
212655,162186
212655,162193
212655,162206
212655,162210
212655,162223
212664,162234
212672,162247
862323,162252
862323,162268
862323,162275
862323,162281
862323,162299
862323,162309
862323,162313
226023,162321
226023,162332
226023,162345
226023,162350
412441,1012282
226023,162366
226023,162378
226023,162384
226023,162397
226023,162402
226023,162418
226023,162425
226023,162439
226023,162441
226023,162456
226023,162460
226023,162473
226023,162487
226023,162494
226023,162500
226023,162516
226023,162528
226023,162537
226023,162544
226023,162559
226023,162776
226023,162563
226023,162571
226023,162585
226023,162592
226023,162603
226023,162619
226023,162626
226023,162635
226023,162642
226023,162657
226023,162661
226023,162674
226023,162688
226023,162690
226023,162707
226023,162711
226023,162724
226023,162730
226023,162748
226023,162753
226023,162769
226023,162782
226023,162795
226023,162805
226023,162814
226023,162822
226023,162833
226023,162846
226023,162851
226023,162867
226023,162879
226023,162880
226023,162898
226023,162908
226023,162912
226023,162920
226023,162931
226023,162949
226023,162954
226023,162965
226023,162977
226023,162983
226023,162996
226023,163009
226023,163013
226023,163021
226023,163045
226023,163050
226023,163066
226023,163078
226023,163084
226023,163097
226023,163107
226023,163111
226023,163124
226023,163130
226023,163148
226023,163153
226023,163169
226023,163176
226023,163182
226023,163195
226023,163202
226023,163218
226023,163225
210120,163239
212705,163241
212705,163256
212705,163260
226023,163273
212705,163287
212705,163294
212705,163304
212705,163315
212705,163327
212705,163336
210120,163343
210120,163358
212705,163362
212705,163370
212705,163389
212705,163391
212705,163406
212705,163410
212705,163423
212705,163434
210120,163447
212705,163452
212705,163468
212705,163475
226023,163481
212705,163499
212705,163508
212705,163512
212714,163520
212714,163531
212714,163549
212714,163554
212722,163565
212722,163577
864555,163583
864555,163596
864555,163605
864555,163614
864555,163622
864555,163633
864555,163646
864555,163667
864555,163679
864555,163680
864555,163698
864555,163701
864555,163717
864555,163729
864555,163738
864555,163740
864555,163755
864555,163764
864555,163772
864555,163786
864555,163793
864555,163803
864555,163819
864555,163826
864555,163835
864555,163842
864555,163857
864555,163861
864555,163874
864555,163888
864555,163890
864555,163900
864555,163916
864555,163928
864555,163937
864555,163944
864555,163959
864555,163963
864555,163971
864555,163985
864555,163992
864555,164003
864555,164019
864555,164026
864555,164035
864555,164042
864555,164057
864555,164061
864555,164074
864555,164088
864555,164100
864555,164116
864555,164128
864555,164137
864555,164144
864555,164159
864555,164163
864555,164171
864555,164185
864555,164192
864555,164205
864555,164214
864555,164222
212746,164233
210183,164246
212746,164251
210183,164267
212746,164279
212746,164280
212746,164298
212751,164308
212751,164312
212751,164320
862323,164331
862323,164349
862323,164354
862323,164365
862323,164377
212779,164383
212779,164396
212780,164401
212780,164417
212780,164429
862323,164438
862323,164440
862323,164455
862323,164464
862323,164472
862323,164486
862323,164493
862323,164504
862323,164515
862323,164527
862323,164536
862323,164543
862323,164558
862323,164562
862323,164570
862323,164589
212767,164591
212767,164602
212767,164618
212812,164625
212812,164639
212831,164641
212831,164656
212849,164660
212849,164673
212849,164687
212849,164694
212865,164706
212877,164710
212877,164723
212883,164734
212883,164747
212906,164752
212906,164768
212906,164775
212906,164781
212910,164799
212910,164809
212923,164813
212923,164821
212923,164832
212923,164845
212923,164850
212934,164866
212934,164878
212934,164884
212934,164897
212934,164907
212934,164911
212934,164924
212934,164930
212934,164948
212934,164953
212934,164969
212934,164976
212947,164982
212947,164995
212947,165002
212952,165018
212952,165025
212968,165039
212975,165041
212975,165056
212975,165060
212975,165073
212975,165087
212981,165094
212981,165104
212981,165127
212981,165136
212981,165143
212981,165158
212981,165162
212981,165170
212981,165189
212981,165191
212999,165209
212999,165213
212999,165221
213007,165232
213011,165245
213024,165250
213048,165278
213053,165284
213053,165297
213053,165307
213069,165311
213076,165324
213076,165330
213076,165348
213076,165353
213082,165376
213105,165382
213105,165400
213114,165416
213114,165428
213122,165437
213133,165444
796830,165503
767213,165519
796830,165526
767213,165535
796830,165542
796830,165557
213180,165561
947798,165574
212798,165588
212798,165601
212798,165617
212798,165629
212798,165638
213095,165640
1004479,1004498
213095,165655
213095,165664
213259,165672
213095,165686
212798,165693
213263,165714
212798,165733
212798,165767
213259,165779
212798,165780
212798,165798
213263,165820
213259,165831
213259,165849
213259,165854
213259,165865
213285,165877
213285,165883
213285,165896
212798,165906
213285,165910
746686,165923
746686,165934
746686,165947
746686,165952
746686,165968
746686,165975
746686,165981
746686,165999
746686,166001
746686,166017
746686,166029
746686,166038
746686,166040
746686,166055
746686,166064
746686,166072
746686,166086
746686,166093
746686,166103
746686,166119
746686,166126
746686,166135
213302,166142
213318,166157
213318,166161
213318,166174
213318,166188
746437,166190
746437,166208
746437,166212
746437,166220
746437,166231
746437,166249
746437,166254
746437,166277
746437,166283
746437,166296
746437,166306
746437,166310
746437,166323
746437,166334
746437,166347
746437,166352
746437,166368
746437,166375
746437,166381
746437,166399
746437,166404
746437,166415
746437,166427
213339,166436
213339,166443
213339,166458
746485,166462
746485,166470
746485,166489
746485,166491
746485,166502
746485,166525
746485,166539
746485,166541
746485,166556
746485,166560
746485,166573
746485,166594
746485,166600
746485,166616
746485,166628
746485,166637
746485,166644
746485,166659
746485,166663
746485,166671
746485,166685
746485,166692
746485,166709
746485,166713
746485,166721
746485,166732
746485,166745
746485,166750
746485,166766
746485,166778
746485,166784
746485,166797
213356,166807
213356,166811
213360,166824
213373,166830
213394,166853
862306,166876
862306,166882
213445,166895
965562,166914
965562,166922
965562,166933
213445,166946
213450,166951
213445,166967
213445,166980
213445,167005
213466,167014
213466,167022
213506,167046
213506,167051
213506,167067
213523,167080
213534,167098
213547,167108
213552,167112
213552,167120
939542,167154
964252,167177
964252,167183
213581,167196
213581,167203
213599,167219
213599,167226
213608,167235
213608,167242
213612,167257
213620,167261
213631,167274
862766,167288
213654,167290
213665,167300
213665,167316
213683,167328
213683,167337
213704,167344
213715,167359
213727,167363
213791,167371
213791,167385
213791,167392
213791,167407
213791,167411
213791,167430
213791,167448
213791,167453
213791,167469
213791,167476
213791,167482
213762,167513
213770,167521
213789,167532
213789,167545
213791,167550
213801,167566
213817,167578
213817,167584
213829,167597
213838,167606
213838,167610
213840,167623
213840,167634
213855,167647
213864,167652
213872,167668
213886,167675
213893,167681
213903,167699
213919,167702
685104,167741
213961,167756
213974,167760
213988,167773
213990,167787
214001,167794
214017,167804
214029,167815
214029,167827
214029,167836
214029,167843
214029,167858
214029,167862
214029,167870
214029,167889
214029,167891
214029,167901
214029,167917
214029,167929
214029,167938
214029,167940
214029,167955
214029,167964
214029,167972
214029,167986
214029,167993
214029,168000
214029,168016
214029,168028
214029,168037
214029,168044
214029,168059
214029,168063
214029,168071
214029,168085
214029,168092
214029,168102
214029,168118
214029,168125
214029,168139
214029,168141
214029,168156
214029,168160
214029,168173
214029,168187
214029,168194
214029,168207
214029,168211
214029,168224
214038,168230
214038,168248
214038,168253
214038,168269
214040,168276
214040,168282
214040,168295
214055,168305
214055,168314
214064,168322
214072,168333
214072,168346
214072,168351
214072,168367
214072,168379
214072,168380
214072,168398
214072,168403
214072,168419
214072,168426
214072,168435
214072,168442
214072,168457
214072,168461
214072,168474
214072,168488
214072,168490
214072,168501
214072,168517
214072,168529
214072,168538
214072,168540
214072,168555
214072,168564
214072,168572
214072,168586
214072,168593
214072,168604
214086,168615
214086,168627
214086,168636
214086,168643
214086,168658
214093,168662
214093,168670
214093,168689
214093,168691
214093,168708
214093,168712
214093,168720
214093,168731
214119,168749
214119,168754
214119,168765
214119,168777
214119,168783
214119,168796
214119,168806
214119,168810
214135,168834
214135,168847
214135,168852
214135,168868
214157,168875
214157,168881
214157,168899
214157,168909
214157,168913
214157,168921
214157,168932
214157,168945
214157,168950
214157,168966
214161,168978
214161,168984
214161,168997
214174,169008
214174,169012
214174,169020
214174,169031
214174,169049
214174,169054
214188,169065
214190,169077
214190,169083
214190,169096
214208,169106
214208,169110
214208,169123
214208,169134
214208,169147
214208,169152
214208,169168
214208,169175
214208,169181
214208,169199
214208,169201
690851,169217
690851,169229
690851,169238
690851,169240
690851,169255
690851,169264
690851,169272
690851,169286
690851,169293
214220,169303
214220,169319
214220,169326
214220,169335
214220,169342
214220,169357
214220,169361
214220,169374
214220,169388
668089,169405
668089,169414
959331,169433
959331,169446
668089,169451
959354,169480
214283,169498
214296,169507
214283,169524
769281,169530
769281,169548
214334,169553
214334,169569
214334,169576
214334,169582
214347,169595
214352,169609
214352,169613
214375,169632
214375,169645
214375,169650
214375,169666
214375,169678
214381,169684
214381,169697
214381,169700
214381,169716
214381,169728
214381,169737
214381,169744
214381,169759
214399,169763
214404,169771
214415,169785
214415,169792
746018,169802
746018,169818
214458,169839
214462,169841
214470,169856
214489,169860
214491,169873
824880,169894
824880,169904
824880,169915
824880,169927
824880,169936
824880,169943
824880,169958
824880,169962
214525,169970
824846,169989
824846,169991
824846,170009
824846,170013
824846,170021
824846,170032
824846,170045
824846,170050
726200,170066
726200,170078
726200,170084
726200,170097
726200,170107
726200,170111
726200,170124
726200,170130
726200,170148
726200,170153
726200,170169
726200,170176
726200,170182
726200,170195
726200,170202
726200,170218
726200,170225
726200,170239
726200,170241
726200,170256
726200,170260
726200,170273
726200,170287
726200,170294
726200,170304
726200,170315
726200,170327
726200,170336
726200,170343
726200,170358
726200,170362
726200,170370
726200,170389
726200,170391
726200,170406
726200,170423
726200,170434
726200,170447
726200,170452
726200,170468
726200,170475
726200,170481
726200,170499
726200,170508
726200,170512
726200,170520
726200,170531
726200,170549
726200,170554
726200,170565
726200,170577
726200,170583
726200,170596
726200,170605
726200,170614
726200,170622
726200,170633
726200,170646
726200,170651
726200,170667
726200,170679
726200,170680
726200,170698
726200,170701
726200,170717
726200,170729
726200,170738
726200,170740
214556,170755
214560,170764
214573,170772
214573,170786
214573,170793
214573,170803
214573,170826
214573,170835
214573,170842
214573,170857
214573,170861
214573,170874
214573,170888
214573,170890
214573,170900
214573,170916
214573,170928
214573,170937
214573,170944
214573,170959
214573,170963
214573,170971
214573,170985
214573,170992
214573,171008
214573,171012
214573,171020
214573,171031
214573,171049
214573,171054
214573,171065
214587,171077
214587,171083
214587,171096
214587,171106
214587,171110
214587,171123
214594,171134
214594,171147
214594,171152
214594,171168
214594,171175
214594,171181
214594,171199
214600,171201
214616,171217
214628,171229
214637,171238
995761,171240
995761,171255
995761,171264
995761,171272
995761,171286
995761,171293
995761,171303
995761,171319
995761,171326
995761,171335
995761,171342
995761,171357
995761,171361
995761,171374
995761,171388
995761,171390
995761,171405
995761,171414
995761,171422
995761,171433
995761,171446
995761,171451
995761,171467
995761,171479
995761,171480
995761,171498
995761,171716
995761,171507
995761,171511
995761,171524
995761,171530
995761,171548
995761,171553
995761,171569
995761,171576
995761,171582
995761,171595
995761,171609
995761,171613
995761,171621
995761,171632
995761,171645
995761,171650
995761,171666
995761,171678
995761,171684
995761,171697
995761,171700
726244,171728
726244,171737
726244,171744
726244,171759
726244,171763
726244,171771
726244,171785
726244,171792
726244,171802
726244,171818
726244,171825
726244,171839
726244,171841
726244,171856
726244,171860
726244,171873
726244,171887
726244,171894
726244,171904
726244,171915
726244,171927
726244,171936
726244,171943
726244,171958
726244,171962
726244,171970
726244,171989
726244,171991
726244,172001
726244,172017
726244,172029
726244,172038
726244,172040
726244,172055
726244,172064
726244,172072
726244,172086
726244,172093
726244,172103
726244,172119
726244,172126
726244,172135
726244,172142
726244,172157
726244,172161
214663,172174
214671,172188
214685,172190
696196,172208
696196,172212
696196,172220
696196,172231
696196,172249
696196,172254
696196,172265
696196,172277
696196,172283
696196,172296
696196,172306
696196,172310
696196,172323
696196,172334
696196,172347
696196,172352
696196,172368
696196,172375
696196,172381
696196,172399
696196,172404
696196,172415
696196,172427
696196,172436
696196,172443
696196,172458
696196,172462
696196,172470
696196,172489
696196,172491
696196,172502
1023093,172518
696196,172525
696196,172539
696196,172541
696196,172556
696196,172560
696196,172573
696196,172587
696196,172594
696196,172600
696196,172616
696196,172628
696196,172637
696196,172644
696196,172659
696196,172663
214709,172671
214713,172685
214713,172692
214713,172709
214713,172713
214721,172721
214732,172732
214732,172745
214732,172750
214732,172766
214732,172784
214745,172797
214750,172807
214766,172811
214778,172824
214778,172830
214784,172848
690537,172853
690537,172869
690537,172876
690537,172882
690537,172895
690537,172905
751511,172914
690537,172922
690537,172933
690537,172946
751511,172951
214807,172967
214811,172979
214824,172980
214830,172998
214848,173006
214853,173010
214853,173023
214869,173034
214876,173047
214882,173052
214895,173068
214905,173075
214914,173081
214922,173099
214933,173109
214946,173113
214951,173121
214967,173132
214979,173145
214979,173150
214979,173166
214980,173178
214998,173184
215000,173197
215016,173204
215016,173215
215016,173227
215028,173236
215028,173243
215028,173258
215037,173262
215037,173270
215044,173289
215044,173291
215059,173301
215059,173317
215059,173329
215063,173338
215063,173355
215071,173364
215085,173372
215092,173386
215102,173393
215118,173408
215141,173412
215141,173431
215139,173449
215139,173454
215139,173465
215139,173483
215139,173496
215139,173505
215139,173514
215141,173522
215141,173533
215141,173551
215141,173567
215141,173579
215141,173580
215141,173598
215141,173607
215141,173611
215141,173624
215141,173630
215141,173648
215141,173653
215141,173669
215141,173676
215141,173682
215141,173695
215141,173703
215141,173719
215141,173726
215141,173735
215141,173742
215141,173757
215141,173761
215141,173774
215141,173788
215141,173790
215141,173800
215141,173816
215141,173828
215141,173837
215141,173844
215141,173859
215141,173863
215141,173871
215141,173885
215141,173892
215141,173902
215141,173918
215141,173925
215141,173939
215141,173941
215141,173956
215141,173960
215141,173973
215141,173987
215141,174000
215141,174016
215141,174028
215141,174037
215141,174044
215141,174059
215141,174063
215141,174071
215141,174085
215141,174092
215141,174102
215141,174118
215141,174125
215141,174139
215141,174141
215141,174156
215141,174160
215141,174173
215141,174187
215141,174194
215141,174207
215141,174211
215141,174224
215141,174230
215141,174248
215141,174253
215141,174269
215141,174276
215141,174282
215141,174295
215141,174305
215141,174314
215141,174322
215141,174333
215141,174346
215160,174351
215160,174367
215160,174379
215160,174380
215173,174398
215173,174403
215173,174419
215187,174426
215187,174435
215187,174457
215187,174461
215187,174474
215187,174488
215187,174490
215187,174501
215187,174517
215187,174529
215187,174538
215187,174540
215187,174555
215187,174564
215187,174572
215187,174586
215187,174593
215187,174604
215187,174615
215187,174627
215187,174636
215187,174643
215187,174658
215187,174662
215187,174670
215187,174689
215187,174691
215187,174708
215187,174712
215187,174720
215187,174731
215187,174749
215187,174754
215187,174765
215187,174777
215187,174783
215187,174796
215187,174806
215187,174810
215187,174823
215187,174834
215187,174847
215187,174852
215187,174868
215187,174875
215187,174881
215187,174899
215187,174909
215187,174913
215187,174932
215187,174945
215187,174950
215187,174966
215187,174978
215187,174984
215187,174997
215187,175004
215187,175015
215187,175027
215187,175036
215187,175043
215187,175058
215187,175062
215187,175070
215187,175089
215187,175091
215187,175101
215187,175129
215187,175138
215187,175140
215187,175155
215187,175164
215187,175172
215187,175186
215187,175193
215187,175206
215187,175210
215187,175223
215187,175234
215187,175247
215187,175252
215187,175268
215187,175275
215187,175281
215187,175299
215187,175309
215187,175313
215187,175321
215187,175332
215187,175345
215187,175350
215187,175366
215187,175378
215187,175384
215187,175397
215187,175402
215187,175418
215187,175425
215187,175439
215187,175441
215187,175456
215187,175460
215187,175473
215187,175487
215187,175494
215187,175500
215187,175516
215187,175528
215187,175537
215187,175544
215187,175559
215187,175563
215187,175571
215187,175585
215187,175592
215187,175603
215187,175619
215187,175626
215187,175635
215187,175642
215187,175657
215187,175661
215187,175674
215187,175688
215194,175690
215194,175707
215194,175711
215207,175724
215211,175730
215211,175748
215211,175753
215211,175769
215224,175776
215224,175782
215224,175795
215230,175805
215248,175814
215253,175822
215253,175833
215253,175846
215253,175867
215253,175879
215253,175880
215253,175898
215253,175908
215253,175912
215253,175920
215253,175931
215253,175949
215253,175954
215253,175965
215253,175977
215253,175983
215253,175996
215253,176003
215253,176019
215253,176026
215253,176035
215253,176042
215253,176057
215253,176061
215253,176074
215253,176088
215253,176090
215253,176100
215253,176116
215253,176128
215253,176137
215253,176144
215253,176159
215253,176163
215253,176171
215253,176185
215253,176192
215253,176205
215253,176214
215253,176222
215253,176233
215253,176246
215253,176251
215253,176267
215253,176279
215253,176280
215253,176298
215253,176308
215253,176312
215253,176320
215253,176331
215253,176349
215253,176354
215253,176365
215253,176377
215253,176383
215253,176396
215253,176401
215253,176438
215253,176440
215253,176464
215253,176472
215253,176486
215253,176493
215253,176504
215253,176515
215253,176527
215253,176536
215253,176543
215253,176558
215253,176562
215253,176570
215253,176589
215253,176591
215253,176602
215253,176618
215253,176625
215253,176639
215253,176641
215253,176656
215253,176660
215253,176673
215253,176687
215253,176694
215253,176706
215253,176710
215253,176723
215253,176734
215253,176747
215253,176752
215253,176768
215253,176775
215253,176781
215253,176799
215253,176809
215253,176813
215253,176821
215253,176832
215253,176845
215253,176850
215253,176866
215253,176878
215253,176884
215253,176897
215253,176907
215253,176911
215253,176924
215253,176930
215253,176948
215253,176953
215253,176969
215253,176976
215253,176982
215253,176995
215253,177007
215253,177011
215253,177024
215253,177048
215253,177053
215253,177069
215253,177076
215253,177082
215253,177095
215253,177105
215253,177114
215253,177122
215253,177133
215253,177146
215253,177151
215253,177167
215253,177179
215253,177180
215253,177198
215253,177200
215253,177216
215253,177228
215253,177237
215253,177244
215253,177259
215253,177263
215253,177271
215253,177285
215253,177292
215253,177302
215253,177318
215253,177325
215253,177339
215253,177341
215253,177356
215253,177360
215253,177373
215253,177387
215253,177394
215253,177409
215253,177413
215253,177421
215253,177432
215253,177445
215253,177450
215253,177466
215253,177478
215253,177484
215253,177497
215269,177506
215269,177510
215276,177523
215276,177534
215282,177547
215295,177552
215295,177568
215295,177575
215295,177581
215295,177599
215295,177608
215295,177612
215295,177620
215295,177631
215295,177649
215295,177654
215295,177665
215295,177677
215295,177683
215295,177696
215295,177704
215295,177715
215295,177727
215295,177736
215295,177743
215295,177762
215295,177770
215295,177789
215295,177791
215295,177801
215295,177817
215295,177829
215295,177838
215295,177840
215305,177855
215314,177864
215314,177872
215314,177886
215314,177893
215314,177903
215314,177919
215322,177926
215333,177935
215333,177942
215333,177957
215333,177961
215333,177974
215333,177988
215333,177990
215333,178002
215333,178018
215346,178025
215346,178039
215346,178041
215351,178056
215351,178060
215351,178073
215351,178087
215351,178094
215351,178104
215351,178115
215367,178127
215367,178136
215379,178143
215380,178158
215398,178162
215398,178170
215403,178189
215419,178191
215426,178209
215426,178213
215435,178221
215442,178232
215442,178245
215442,178250
215442,178266
215457,178278
215461,178284
215474,178297
215474,178307
215474,178311
215488,178324
868232,178330
868278,178348
215517,178353
215529,178369
215529,178376
215538,178382
215538,178395
215540,178400
215540,178416
215555,178428
215564,178437
215572,178444
215586,178459
215593,178463
215604,178471
215615,178485
215627,178492
215636,178503
348687,178519
348687,178526
348687,178535
348687,178542
348687,178557
348687,178561
348687,178574
348687,178588
348687,178590
348687,178601
348687,178617
348687,178629
348687,178638
348687,178640
348687,178655
348687,178664
348687,178672
348687,178686
348687,178693
348687,178705
348687,178714
348687,178722
348687,178733
348687,178746
348687,178751
348687,178767
348687,178779
348687,178780
348687,178798
348687,178808
348687,178812
348687,178831
348687,178849
348687,178854
348687,178865
348687,178877
348687,178883
348687,178896
348687,178906
348687,178910
348687,178923
348687,178934
348687,178947
348687,178952
348687,178968
348687,178975
348687,178981
348687,178999
348687,179005
348687,179014
348687,179022
348687,179033
348687,179046
348687,179051
348687,179067
348687,179079
348687,179080
348687,179098
348687,179108
348687,179112
348687,179120
348687,179131
348687,179149
348687,179154
348687,179165
348687,179177
348687,179183
348687,179196
348687,179203
348687,179219
348687,179226
348687,179235
348687,179242
348687,179257
348687,179261
348687,179274
348687,179288
348687,179290
348687,179300
348687,179316
348687,179328
348687,179337
348687,179344
215658,179359
215658,179363
215658,179371
215658,179385
215658,179392
215658,179407
215658,179411
215658,179424
215658,179430
215658,179448
215662,179453
215662,179469
215662,179476
215662,179482
215662,179495
215662,179509
215662,179513
215662,179521
215670,179532
215670,179545
215670,179550
215670,179566
215670,179578
215670,179584
215670,179597
215670,179606
999868,179610
653333,179623
215712,179647
522840,1000281
460637,1024105
215712,179652
736846,179668
215731,179675
736898,179681
215754,179699
215765,179702
215777,179718
215783,179725
215796,179739
215796,179741
215806,179756
215806,179760
215810,179773
215823,179787
215823,179794
215823,179804
215834,179815
216117,180388
839472,1004374
215847,179827
215852,179836
215852,179843
215852,179858
215868,179862
215806,179870
215823,179889
215823,179891
215852,179901
215852,179917
215913,179929
215913,179938
215913,179940
794747,179955
794747,179964
850643,179986
850643,179993
850643,180008
215966,180012
215978,180020
215978,180031
215978,180049
215984,180054
215984,180065
215984,180077
215997,180083
216004,180096
216027,180110
216027,180123
216027,180134
211928,180147
211928,180152
211928,180168
211928,180181
211928,180199
343510,1313376
216027,180201
211928,180217
211928,180229
211928,180238
216027,180240
211928,180255
216027,180272
211928,180286
211928,180293
211928,180303
216062,180319
216070,180326
216089,180335
216091,180342
216101,180361
216117,180374
216117,180390
216129,180405
216129,180414
216138,180422
216138,180433
216140,180446
989300,180451
216164,180467
216164,180479
216164,180480
216172,180498
216186,180507
216186,180511
216186,180524
216193,180530
216206,180548
216210,180569
216223,180576
216234,180582
216247,180595
216252,180609
789251,180613
216275,180621
216281,180632
216299,180645
216309,180650
216313,180666
216321,180684
216332,180697
216332,180700
216332,180716
216332,180728
216350,180737
959417,180771
520879,1314894
216384,180785
216384,180792
216384,180802
216384,180818
216384,180825
216384,180839
216384,180841
216384,180856
216397,180860
216397,180873
216402,180887
216402,180894
216402,180904
216402,180915
216402,180927
216402,180936
216418,180943
216418,180958
216418,180962
216418,180970
216418,180989
216418,180991
216418,181007
216418,181011
216418,181024
216418,181030
216425,181048
216439,181053
216441,181069
216456,181076
216456,181082
216456,181095
216456,181105
216460,181114
216460,181122
216460,181133
216460,181146
216460,181151
216460,181167
216460,181179
216460,181180
216473,181198
216487,181200
216487,181216
216494,181228
216494,181237
216494,181244
216516,181259
216516,181263
216516,181271
216528,181285
216528,181292
216528,181302
216537,181318
216537,181325
216537,181339
216537,181341
216537,181356
216537,181373
216571,181387
216571,181394
216571,181409
216571,181413
696773,181817
216571,181421
216559,181432
216559,181445
216563,181450
216563,181466
216563,181478
216571,181484
216571,181497
216571,181506
216571,181510
216571,181523
216571,181534
216571,181547
216571,181552
216571,181568
216571,181575
216571,181581
216571,181599
216571,181608
216571,181612
216571,181620
216571,181631
216571,181649
216571,181654
216571,181665
216571,181677
216585,181683
216585,181696
216585,181704
216603,181715
216603,181727
696773,181736
696773,181743
696773,181758
696773,181762
696773,181770
696773,181789
696773,181791
696773,181801
696773,181829
696773,181838
696773,181840
696773,181855
696773,181864
696773,181872
696773,181886
696773,181893
696773,181903
696773,181919
696773,181926
696773,181935
696773,181942
696773,181957
696773,181961
696773,181974
696773,181988
696773,181990
696773,182000
696773,182016
696773,182028
696773,182037
696773,182044
696773,182059
696773,182063
696773,182071
696773,182085
696773,182092
696773,182102
696773,182118
696773,182125
696773,182139
696773,182141
696773,182156
696773,182160
696773,182173
696773,182187
696773,182194
696773,182207
696773,182211
696773,182224
696773,182230
696773,182248
696773,182253
696773,182269
696773,182276
696773,182282
696773,182295
696773,182305
696773,182314
696773,182322
696773,182346
696773,182351
696773,182367
696773,182379
696773,182380
696773,182398
696773,182403
696773,182419
696773,182426
696773,182435
696773,182442
696773,182457
696773,182461
696773,182474
696773,182488
696773,182490
696773,182501
696773,182517
696773,182529
696773,182538
696773,182540
696773,182555
696773,182564
696773,182586
696773,182593
696773,182604
696773,182627
696773,182636
696773,182643
696773,182658
696773,182662
696773,182670
216626,182689
216626,182691
216626,182708
216626,182712
216626,182720
216626,182731
216626,182749
216626,182754
216626,182765
216626,182777
216626,182783
216635,182796
216635,182806
216635,182810
216635,182823
216635,182834
216635,182847
216642,182852
216642,182868
216657,182875
216661,182881
216661,182899
216661,182909
216661,182913
216661,182921
216661,182932
216661,182945
216661,182950
216661,182966
216661,182978
216661,182984
216661,182997
216661,183005
216661,183014
216661,183022
216661,183033
216661,183046
216661,183051
216661,183067
216661,183079
216661,183080
216661,183098
216661,183108
216661,183112
216661,183120
216661,183131
216661,183149
216661,183154
216661,183165
216661,183177
216661,183183
216661,183196
216661,183203
216661,183219
216661,183226
216661,183235
216661,183242
216661,183257
216661,183261
216661,183274
216661,183288
216661,183290
216661,183300
216661,183316
216661,183328
216661,183337
216661,183344
216661,183359
216661,183363
216661,183385
216661,183392
216661,183407
216661,183411
216661,183424
216661,183430
216661,183448
216661,183453
216661,183469
216661,183476
216661,183482
216661,183495
216661,183509
216661,183513
216661,183521
216661,183532
216661,183545
216661,183550
216661,183566
216661,183578
216661,183597
216661,183606
216661,183610
216661,183623
216661,183634
216661,183652
216661,183668
216661,183675
216661,183681
216661,183699
216661,183702
216661,183718
216661,183725
216674,183739
216674,183741
216674,183756
216674,183760
216674,183773
216674,183787
216674,183794
216674,183804
216674,183815
216674,183827
216674,183836
216674,183843
216674,183858
216688,183862
216688,183870
216688,183889
216688,183891
216688,183901
216688,183917
216690,183929
216690,183938
216707,183940
216707,183955
216707,183964
216707,183972
216707,183986
216711,183993
216724,184004
216724,184015
216724,184027
216724,184036
216724,184043
216724,184058
216724,184062
216724,184070
216730,184089
216730,184091
216730,184101
216730,184117
216730,184129
216730,184138
216730,184140
216748,184155
216748,184164
216769,184186
216769,184193
216776,184206
216776,184210
216776,184223
216776,184247
216776,184252
216782,184268
216782,184275
216795,184281
216795,184299
216782,184309
216782,184313
216782,184321
216822,184350
216822,184366
216822,184378
862347,184384
216822,184397
216822,184402
216822,184418
216822,184425
216822,184439
216822,184441
216822,184456
216879,184460
216879,184473
216879,184487
216879,184494
216846,184500
216846,184516
216851,184528
216879,184537
216879,184559
216879,184563
216879,184571
216879,184585
216879,184592
216879,184603
216879,184619
216880,184626
216898,184635
217012,184822
216908,184657
216912,184661
972638,184674
216931,184688
216931,184690
972638,184707
972638,184711
216931,184730
216965,184748
216977,184753
216996,184769
216977,184776
216996,184782
217008,184795
217012,184805
217012,184814
217020,184833
217049,184851
217054,184867
217054,184879
217054,184880
217054,184898
217054,184908
217054,184912
217054,184920
217054,184931
217054,184949
217054,184954
217054,184965
217054,184977
217054,184983
217054,184996
217054,185003
217054,185019
217054,185026
217054,185035
217054,185042
217054,185057
217054,185061
217054,185074
217054,185088
217054,185090
217054,185100
217054,185116
217054,185128
217054,185137
217054,185144
217054,185159
217054,185163
217054,185171
217054,185185
217054,185192
217065,185205
217065,185214
217065,185222
217077,185233
945067,185246
217096,185251
217106,185267
790394,1005327
217110,185279
217110,185280
217123,185298
217123,185308
217123,185312
217123,185320
217134,185331
217134,185349
217134,185354
217134,185365
217134,185377
217134,185383
217134,185396
217134,185401
217134,185417
217134,185429
217134,185438
217134,185440
217134,185455
217134,185464
217134,185472
217134,185486
217134,185493
217134,185504
217134,185515
217134,185527
217134,185536
217134,185543
217134,185558
217134,185562
217134,185570
217134,185589
217134,185591
217134,185602
217134,185618
217134,185625
217134,185639
217134,185641
217134,185656
217134,185660
217134,185673
217134,185687
217134,185694
217134,185706
217134,185710
217134,185723
217134,185734
217134,185747
217134,185752
217134,185768
217134,185775
217134,185781
217110,185799
217110,185809
217123,185813
217123,185821
217123,185832
217123,185845
217123,185850
217123,185866
217123,185878
217123,185884
217123,185897
217123,185907
217168,185911
217168,185924
217175,185930
217181,185948
217199,185953
217199,185969
770438,185976
217217,185982
217217,185995
217229,186002
217238,186018
217255,186039
217255,186041
217264,186060
217264,186073
217264,186087
217272,186094
217272,186104
217286,186127
217286,186136
217293,186143
217303,186158
217303,186162
217319,186189
217319,186191
217319,186209
217326,186221
217326,186232
217326,186245
217342,186250
217342,186266
217342,186278
217342,186284
217342,186297
217342,186307
217342,186311
217342,186324
217342,186330
217342,186348
217342,186353
217342,186369
217342,186376
217342,186382
217342,186395
217342,186400
217342,186416
217342,186428
217342,186437
217342,186444
217374,186459
217361,186463
217361,186471
217374,186485
217388,186503
217390,186519
217390,186526
217390,186535
217405,186542
217433,186557
217433,186574
217433,186588
217433,186590
217433,186601
217433,186617
217433,186629
217433,186638
217433,186640
217433,186655
217433,186664
217433,186686
217446,186693
217467,186705
217467,186714
217467,186722
217467,186733
217480,186746
217480,186751
217480,186767
217480,186779
217480,186780
217480,186798
217480,186808
217480,186812
217480,186820
217480,186831
217480,186849
217480,186854
217480,186865
217480,186877
217480,186883
217480,186896
217480,186906
217498,186910
217507,186923
217524,186934
217524,186947
217530,186952
217548,186968
217613,186975
217569,186981
217576,186999
217576,187006
217576,187010
217576,187023
217576,187034
217576,187047
217576,187052
217576,187068
217576,187075
217576,187081
217576,187099
217576,187109
217576,187113
217576,187121
217576,187132
217576,187145
217576,187150
217576,187166
217576,187178
217576,187184
217576,187197
217576,187204
217576,187215
217576,187227
217576,187236
217576,187243
217576,187258
217576,187262
217576,187270
217595,187289
217595,187291
217595,187301
217609,187317
217613,187329
217613,187338
217613,187340
217621,187355
217632,187364
217632,187372
217632,187386
217632,187393
217632,187408
217645,187412
217650,187420
217650,187431
217650,187449
217650,187454
217666,187465
217678,187477
217678,187483
217684,187496
1005549,187505
1005596,187514
217737,187546
727251,187551
727251,187567
727251,187579
727251,187580
727251,187598
727251,187607
727251,187611
727251,187624
727251,187630
727251,187648
727251,187653
727251,187669
727251,187676
727251,187682
727251,187695
727251,187703
727251,187719
727251,187726
727251,187735
727251,187742
727251,187757
727251,187761
727251,187774
727251,187788
727251,187790
727251,187800
727251,187816
727251,187828
727251,187837
727251,187844
727251,187859
727251,187863
727251,187871
727251,187885
727251,187892
727251,187902
727251,187918
727251,187925
727251,187939
727251,187941
727251,187960
727251,187973
727251,187987
727251,187994
727251,188017
727251,188029
727251,188038
727251,188040
727251,188055
727251,188064
727251,188072
727251,188086
727251,188093
727251,188103
727251,188119
727251,188126
727251,188135
727251,188142
727251,188157
727251,188161
727251,188174
727251,188188
727251,188190
727251,188208
727251,188212
727251,188220
727251,188231
727251,188249
727251,188254
727251,188265
727251,188277
727251,188283
727251,188296
727251,188306
727251,188310
727251,188323
727251,188334
727251,188347
727251,188352
727251,188368
727251,188375
727251,188381
727251,188399
727251,188404
727251,188415
727251,188427
727251,188436
727251,188443
727251,188458
727251,188462
727251,188470
727251,188489
727251,188491
727251,188502
727251,188518
727251,188525
217771,188539
217785,188541
217792,188556
217802,188560
217802,188573
217802,188587
217802,188594
217802,188600
217802,188616
217802,188628
217802,188637
217802,188644
217802,188659
217802,188663
217802,188671
217802,188685
217802,188692
217802,188709
217802,188713
217802,188721
217802,188732
217802,188745
217802,188750
217802,188766
217802,188778
217802,188784
217802,188797
217818,188811
217825,188824
217818,188830
962419,188848
962419,188853
962419,188869
962419,188876
962419,188882
962419,188895
962419,188905
962419,188914
962419,188922
962419,188933
878494,188946
217887,188951
868311,188980
217894,189009
217894,189013
217894,189021
217894,189032
217894,189045
217894,189050
217894,189066
217894,189078
217894,189084
217894,189097
217894,189107
217894,189111
217894,189124
217894,189130
217904,189148
862254,189153
862254,189169
217943,189176
217962,189195
217962,189202
850346,189239
217962,189241
862254,189256
217962,189260
862254,189294
862254,189304
217962,189315
217962,189327
217962,189336
862254,189343
217962,189358
217962,189370
862254,189391
217962,189406
862254,189410
862254,189423
217962,189447
850346,189452
862254,189468
217970,189475
972617,189481
972617,189499
218233,190059
972617,189508
656264,189520
656229,189531
656229,189549
656229,189554
218026,189565
218026,189577
218026,189583
218026,189596
218026,189605
218026,189614
218026,189622
218026,189633
218035,189646
218042,189667
218057,189679
218057,189680
945290,189698
218061,189701
945290,189717
838925,189740
838925,189755
218128,189764
218128,189772
218137,189786
218137,189793
218137,189803
218137,189819
218144,189835
218159,189857
218429,1099938
218163,189861
218163,189874
218163,189888
218163,189890
218171,189900
218171,189916
218171,189928
218171,189937
966094,189944
966136,189959
966136,189963
966136,189971
665587,189985
665587,189992
665587,190000
218214,190016
218222,190028
218222,190037
218222,190044
218233,190063
218233,190071
218246,190085
218251,190092
218267,190102
218267,190118
218279,190125
218279,190139
218279,190141
218279,190156
218279,190160
218279,190173
218279,190187
218279,190194
218279,190207
218279,190211
218279,190224
218279,190230
218279,190248
218279,190253
218279,190269
218279,190276
218279,190282
218279,190295
218279,190305
218279,190314
218279,190322
218279,190333
218279,190346
218279,190351
218279,190367
218279,190379
218279,190380
218279,190398
218279,190403
218279,190419
218279,190426
218280,190442
218280,190457
218280,190461
218280,190474
218280,190488
218280,190490
218280,190501
218280,190517
218280,190529
218280,190538
218280,190540
218280,190555
218280,190564
218280,190572
218280,190586
860391,190593
860391,190604
860391,190615
860391,190627
860391,190636
860391,190643
860391,190658
860391,190662
860391,190670
860391,190689
860391,190691
860391,190712
860391,190720
860391,190731
860391,190749
860391,190754
218308,190765
218308,190777
218312,190783
485080,190796
485080,190806
485080,190810
485080,190823
485080,190834
485080,190847
485080,190852
485080,190868
485080,190875
485080,190881
485080,190899
485080,190909
485080,190913
485080,190921
485080,190932
485080,190945
485080,190950
485080,190966
485080,190978
485080,190984
485080,190997
485080,191001
485080,191017
485080,191029
485080,191038
485080,191040
485080,191055
485080,191064
485080,191072
485080,191086
485080,191093
485080,191103
485080,191119
485080,191126
485080,191135
485080,191142
485080,191157
485080,191161
485080,191174
485080,191188
485080,191190
485080,191208
485080,191212
485080,191220
485080,191231
485080,191249
485080,191254
485080,191265
485080,191277
485080,191283
485080,191296
485080,191306
485080,191323
485080,191334
485080,191347
485080,191352
485080,191368
485080,191375
485080,191381
485080,191399
485080,191404
485080,191415
485080,191427
485080,191436
485080,191443
485080,191458
485080,191462
485080,191470
485080,191489
485080,191491
485080,191502
485080,191518
485080,191525
485080,191539
485080,191541
485080,191556
485080,191560
485080,191573
485080,191587
485080,191594
485080,191600
485080,191616
485080,191628
485080,191637
485080,191644
485080,191659
485080,191663
485080,191671
485080,191685
485080,191692
485080,191709
485080,191713
485080,191732
485080,191745
218331,191750
218331,191766
218331,191778
218331,191784
218331,191797
218331,191807
218349,191811
218349,191824
218354,191830
218354,191848
218354,191853
218354,191869
218354,191876
218354,191882
218354,191895
218354,191905
218354,191914
218354,191922
218354,191933
218354,191946
218354,191951
218354,191967
218354,191979
218349,191980
218354,191998
218354,192008
218354,192012
218354,192020
726506,192031
726506,192049
726506,192054
726506,192065
726506,192077
726506,192083
726506,192096
726506,192106
726506,192110
726506,192123
726506,192134
726506,192147
726506,192152
726506,192168
726506,192175
726506,192181
726506,192199
726506,192201
726506,192217
726506,192229
726506,192238
726506,192240
726506,192255
726506,192264
726506,192272
726506,192286
726506,192293
726506,192303
726506,192319
726506,192326
726506,192335
726506,192342
726506,192357
726506,192361
726506,192374
726506,192388
726506,192390
726506,192405
726506,192414
726506,192422
726506,192433
726506,192446
726506,192451
726506,192467
726506,192479
726506,192480
726506,192498
726506,192507
726506,192511
726506,192524
726506,192530
726506,192548
726506,192553
726506,192569
726506,192576
726506,192582
726506,192595
726506,192609
726506,192613
726506,192621
726506,192632
726506,192645
726506,192650
726506,192666
726506,192678
726506,192684
726506,192697
726506,192700
726506,192716
726506,192728
726506,192737
726506,192744
726506,192759
726506,192763
726506,192771
726506,192785
726506,192792
726506,192802
726506,192818
726506,192825
218377,192839
218383,192841
218383,192856
218383,192860
218383,192873
218383,192887
218383,192894
218383,192904
218383,192915
218383,192927
218383,192936
218383,192943
218383,192958
218383,192962
218383,192989
218383,192991
218383,193003
218396,193019
218401,193026
218401,193035
1124469,193042
218401,193057
218401,193061
218401,193074
218401,193088
218401,193090
218401,193100
218401,193116
985140,193128
218401,193137
218401,193144
218401,193159
218401,193163
218401,193171
218401,193185
218401,193192
218401,193205
218401,193214
218401,193222
218331,193233
218401,193246
218401,193251
218401,193267
218401,193279
218401,193280
218401,193298
218401,193308
218401,193312
218401,193320
218401,193331
218401,193349
218401,193354
218401,193365
218401,193377
218401,193383
218401,193396
218401,193401
218401,193417
218401,193429
218383,193438
218401,193440
218401,193455
218401,193464
218401,193472
218401,193486
218401,193493
218401,193504
218401,193515
218401,193527
218401,193536
218401,193543
218401,193558
218401,193562
218401,193570
218401,193589
218401,193591
218401,193602
218401,193618
218401,193625
218401,193639
218417,193641
218429,193656
218438,193660
218440,193673
218455,193687
218455,193694
218464,193706
218464,193710
218472,193723
733988,193734
218493,193747
218504,193752
218515,193768
218515,193775
218527,193781
218527,193799
218527,193809
218527,193813
218527,193821
218536,193832
218536,193845
218543,193850
218543,193866
218543,193878
218543,193884
218543,193897
218558,193907
218570,193911
218570,193924
218570,193930
218589,193948
218589,193953
218589,193969
218589,193976
218591,193982
218591,193995
218591,194009
218602,194013
218602,194021
218602,194032
218618,194045
218618,194050
218618,194066
218618,194078
218618,194084
218618,194097
218618,194107
218618,194111
218625,194124
218625,194130
218625,194148
218625,194153
218625,194169
218625,194176
218625,194182
218625,194195
218639,194202
218639,194218
218639,194225
218639,194239
218639,194241
218639,194256
218639,194260
218639,194273
218639,194287
218639,194294
218639,194304
218641,194315
218641,194327
218641,194336
218641,194343
218641,194358
218641,194362
218641,194370
218656,194389
218656,194391
218656,194406
218656,194410
218656,194423
218656,194434
218656,194447
218656,194452
218656,194468
218656,194475
218656,194481
218660,194499
218660,194508
218660,194512
218660,194520
218660,194531
218660,194549
218660,194554
218660,194565
218660,194577
218660,194583
218660,194596
218660,194605
218660,194614
218660,194622
218660,194633
218660,194646
218660,194651
218660,194667
218660,194679
218660,194680
218660,194698
218660,194701
218660,194717
218660,194729
218660,194738
218660,194740
218660,194755
218660,194764
218660,194772
218660,194786
218660,194793
218660,194803
218660,194819
218660,194826
218660,194835
218660,194842
218660,194857
218660,194861
218660,194874
218660,194888
218660,194890
218660,194900
218673,194916
218673,194928
218673,194937
218673,194944
862381,194959
862381,194963
862381,194971
862381,194985
862381,194992
862381,195005
862381,195014
862381,195022
862381,195033
862381,195046
862381,195051
862381,195067
862381,195079
218706,195080
218706,195098
218706,195108
218706,195112
218706,195120
218706,195131
218706,195149
218706,195154
218706,195165
218706,195177
218706,195183
218706,195196
218706,195203
218706,195219
218706,195226
218706,195235
218706,195242
218706,195257
218706,195261
218706,195274
218706,195288
218706,195290
218706,195300
218706,195316
218706,195328
218706,195337
218706,195344
218706,195359
218706,195363
218710,195371
218710,195385
862381,195392
862381,195407
862381,195411
862381,195424
862381,195430
862381,195448
862381,195453
862381,195469
218734,195476
218747,195495
218752,195509
218768,195513
218775,195521
218781,195532
218781,195545
218799,195550
839472,195566
218813,195584
218821,195597
218832,195606
218845,195610
218850,195623
218850,195634
218850,195647
218850,195652
218850,195668
218850,195681
218850,195699
218850,195702
218850,195718
218850,195725
218850,195739
218850,195741
218850,195756
218850,195760
218850,195773
218866,195787
218884,195804
218884,195815
218884,195827
218884,195836
218884,195843
218884,195858
218884,195862
218884,195870
218884,195889
218884,195891
218884,195901
218884,195917
218884,195929
218884,195938
218897,195940
218897,195955
218897,195964
218897,195972
218897,195986
218897,195993
218897,196006
218897,196010
218897,196023
218897,196034
218897,196047
218897,196052
218907,196068
218911,196075
218911,196081
218911,196099
218924,196109
218930,196113
218948,196121
218930,196145
218982,196178
218995,196184
218995,196197
218995,196204
856454,196215
856340,196227
659895,196236
219068,196258
219068,196262
219075,196270
219081,196289
219099,196291
219109,196301
219109,196317
219109,196329
219109,196338
219109,196340
219109,196355
219113,196364
219113,196372
219113,196386
219113,196393
219121,196408
219121,196412
219132,196420
219132,196431
219132,196449
219145,196454
219150,196465
219150,196477
219184,196505
219197,196514
219204,196522
219215,196533
219227,196546
661033,196567
661033,196579
219243,196580
219243,196598
219243,196607
219258,196611
219258,196624
219262,196630
219270,196648
219270,196653
219289,196669
219291,196676
219291,196682
219301,196695
219317,196703
219317,196719
219338,196726
219338,196735
219340,196742
219340,196757
219340,196761
219340,196774
219340,196788
219340,196790
219340,196800
219340,196816
219340,196828
219340,196837
219340,196844
219340,196863
219340,196871
219340,196885
219340,196892
219355,196902
219355,196918
219364,196925
219364,196939
219364,196941
219364,196956
219364,196960
219364,196973
219364,196987
219364,196994
219364,197002
219364,197018
219364,197025
219364,197039
219364,197041
219364,197056
219364,197060
219364,197073
219364,197087
219372,197094
219386,197104
219386,197115
219393,197127
219408,197136
219408,197143
219408,197158
219408,197162
219408,197170
219412,197189
219420,197191
219420,197209
219431,197213
219431,197221
766329,197232
766329,197245
766329,197250
219454,197266
219465,197278
219477,197284
766289,197297
766289,197307
766289,197311
219496,197324
219496,197330
219496,197348
219496,197353
219496,197369
219505,197376
219505,197382
219505,197395
219514,197400
219522,197416
219533,197428
219546,197437
219551,197444
219567,197459
219567,197463
219567,197471
219567,197485
219567,197492
219567,197503
219567,197519
219567,197526
219567,197535
219567,197542
219567,197557
219567,197561
219567,197574
219567,197588
219567,197590
219567,197601
219567,197617
219567,197629
219567,197638
219567,197640
219567,197655
219567,197664
219567,197672
219567,197686
219567,197693
219567,197705
219567,197714
219567,197722
219567,197733
219567,197746
219567,197751
219567,197767
219567,197779
219579,197780
219579,197798
219579,197808
219579,197820
219580,197831
219598,197849
219607,197854
219624,197877
219624,197883
867466,197896
867466,197906
219653,197910
219653,197923
219669,197947
219669,197952
219676,197968
219676,197975
219676,197981
219676,197999
219682,198007
219682,198011
746297,198024
746297,198048
746297,198053
746297,198069
746297,198076
746297,198082
746297,198095
746297,198105
746297,198114
746297,198122
746297,198133
746297,198146
746297,198151
746297,198167
746297,198179
746297,198180
746297,198198
746297,198200
746297,198216
219703,198228
219703,198237
219719,198244
219726,198259
219742,198271
219757,198285
219757,198292
219774,198318
219788,198325
212324,198339
212324,198341
219800,198356
219800,198360
219816,198373
219828,198387
219837,198394
219844,198409
219863,198421
219863,198432
219871,198445
219885,198450
219892,198466
522840,1313981
829406,1314958
219902,198478
219918,198497
219925,198506
219925,198510
219941,198523
219956,198534
219960,198547
219973,198552
219987,198568
219987,198575
219987,198581
219987,198599
219987,198608
219987,198612
219987,198620
219994,198631
219994,198649
219994,198654
220000,198665
220000,198677
220016,198683
220028,198696
220028,198704
220028,198715
220028,198727
220028,198736
220028,198743
220028,198758
220037,198762
220044,198770
220044,198789
220059,198791
220063,198801
220063,198817
220063,198829
220063,198838
220063,198840
220063,198855
220063,198864
220071,198872
220071,198886
220071,198893
220071,198903
220071,198919
220071,198926
220071,198935
220071,198942
220044,198957
952394,198961
220092,198974
220092,198988
220102,198990
220102,199004
220118,199015
220125,199027
220125,199036
1012085,199043
1012085,199058
653194,199062
653194,199070
653194,199089
220141,199091
220156,199117
220156,199129
220160,199138
220160,199140
791761,199155
791761,199172
791761,199186
791761,199193
791761,199206
791761,199210
220187,199223
220194,199234
220211,199268
220211,199275
220211,199281
220211,199299
220211,199309
220224,199313
220224,199321
220224,199332
220224,199345
220224,199350
220224,199366
220224,199378
220230,199384
220230,199397
220230,199402
220230,199418
220230,199425
220230,199439
220230,199441
220230,199456
220230,199460
220230,199473
220248,199487
220248,199494
220248,199500
220248,199516
220248,199528
220253,199537
220253,199544
220253,199559
220253,199563
220253,199571
220253,199585
220253,199592
220253,199603
220253,199619
220253,199626
220253,199635
220253,199642
220253,199657
220269,199661
862368,199674
862368,199688
862368,199690
862368,199707
220282,199711
216487,225986
665587,226006
226023,226052
766047,226121
768450,226184
810734,226236
210476,226258
226289,226317
226338,226355
226408,226420
226477,226496
226546,226567
226611,226630
226611,226653
226682,226703
226477,226726
226757,226774
226790,226816
226844,226863
226892,226918
226939,226956
227002,227025
227056,227073
227094,227115
227136,227158
227189,227209
227250,227278
227250,227297
227348,227369
227395,227416
227437,227459
227503,227526
227503,227542
227574,227590
227574,227617
227638,227655
227672,227693
227746,227767
227348,227780
227831,227854
227883,227906
227952,227975
228024,228048
228076,228095
973510,228146
747132,228198
228259,228271
228339,228356
228409,228421
228445,228466
747132,228484
227883,228506
228547,228568
228076,228581
228445,228608
228445,228620
747132,228649
228696,228715
869741,228789
228838,228855
228886,228903
228935,228957
229027,229043
226844,229062
229117,229138
229155,229172
998181,998201
229193,229210
229234,229252
229117,229275
229155,229313
229193,229350
229234,229378
229425,229441
229473,229494
229516,229537
226611,229559
226611,229571
226611,229592
226611,229619
226611,229635
226611,229657
229688,229707
229516,229724
229776,229795
229822,229846
229425,229867
229473,229880
229912,229931
229425,229954
229473,229977
226546,229996
227250,230013
226757,230032
226682,230050
226477,230078
229027,230097
229027,230111
229027,230130
229027,230153
229234,230176
229027,230195
230287,230304
229027,230327
230370,230391
226757,230410
230468,230481
230468,230508
230531,230554
230531,230577
230605,230622
230679,230698
230679,230717
230287,230738
230755,230772
230819,230835
226546,230857
226546,230874
230900,230928
230959,230971
226546,230992
230900,231012
230959,231031
226546,231054
230900,231077
230959,231096
231110,231134
231152,231175
230287,231199
231240,231264
231286,231303
231335,231357
231405,231422
231479,231498
229027,231511
231569,231582
231569,231609
231650,231678
231697,231716
231737,231759
231802,231825
229027,231841
213926,231860
213935,231887
231927,231943
231962,231989
232038,232055
232142,232161
230287,232188
230287,232208
232249,232265
232249,232283
232375,232352
232375,232399
232375,232415
232375,232436
232375,232458
232375,232470
232375,232491
232525,232541
232375,232560
232375,232587
232375,232600
315057,232659
315057,232671
232525,232692
232745,232766
973510,232784
227348,232807
231152,232824
231152,232848
227348,232869
231152,232882
231152,232905
231152,232922
231110,232946
231110,232967
231152,232980
231152,233006
231152,233023
231152,233047
233099,233113
233145,233166
233197,233215
233262,233289
233262,233301
227348,233329
227395,233340
233393,233412
233449,233465
227348,233483
227348,233505
227348,233522
231240,233546
233567,233580
233567,233607
233567,233669
227250,233682
865657,233757
233800,233828
233885,233902
229234,233925
227348,233941
747132,233960
234016,234037
234085,234102
233197,234125
233099,234141
233145,234160
234224,234248
233800,234269
227250,234282
733478,234333
733478,234351
227437,234379
865657,234398
229027,234457
234501,234529
234540,234564
234615,234636
865657,234658
233800,234670
233800,234691
865657,234712
233800,234731
234783,234806
234852,234875
661453,234921
234085,234945
234997,235015
234085,235036
234085,235058
235089,235101
234085,235129
234085,235140
234085,235164
234085,235186
234085,235206
235089,235223
235089,235247
235268,235281
235309,235321
234085,235345
234085,235366
233800,235384
234085,235402
235439,235456
235516,235537
233099,235559
233099,235571
233145,235592
233197,235619
234085,235635
233800,235657
234085,235674
233099,235690
233145,235711
233197,235730
235782,235805
235833,235851
235908,235920
235954,235977
236003,236026
235908,236042
236003,236061
236116,236137
236163,236185
233099,236205
233145,236222
233099,236246
233145,236267
233197,236280
233145,236308
233197,236320
233099,236349
233145,236365
233145,236383
234085,236401
236455,236472
234085,236493
233449,236515
233393,236536
236602,236625
236673,236694
227437,236710
231152,236734
236752,236775
236845,236866
226682,236884
226477,236907
227094,236924
227136,236948
236995,237011
237069,237082
237114,237133
237167,237180
237216,237237
237216,237259
237069,237271
237114,237292
237167,237318
237356,237373
237394,237413
237432,237450
237069,237478
237114,237497
237167,237510
237568,237581
237568,237608
237654,237677
226611,237696
237568,237715
237568,237736
237568,237758
237568,237770
237568,237791
237568,237817
237568,237838
237568,237855
237568,237872
237568,237893
237568,237919
237568,237935
237568,237957
237988,238002
227002,238025
227002,238060
238115,238136
238162,238189
233262,238209
236116,238221
238278,238297
226408,238311
226682,238330
226477,238353
238400,238428
238485,238503
238485,238526
238574,238590
238485,238617
238664,238686
238664,238705
238664,238722
238746,238767
238746,238780
238664,238808
238664,238820
238664,238849
238485,238865
263170,1127976
238910,238934
238968,238981
234501,239005
238910,239022
238968,239046
239067,239080
226682,239108
226477,239120
229117,239149
229155,239165
229193,239183
238400,239203
237568,239226
226844,239242
226757,239261
696843,239300
227952,239344
239363,239385
239407,239424
239448,239469
226682,239482
226477,239509
239550,239578
239623,239647
227250,239668
239702,239725
733478,239741
239760,239787
864658,239858
229155,239870
229193,239891
229155,239917
229193,239938
229155,239955
229193,239993
229193,240011
229155,240030
229193,240076
229193,240095
229117,240114
229117,240133
229155,240151
229193,240179
747132,240198
240237,240259
226477,240271
226682,240292
226477,240318
229155,240339
229193,240356
226682,240373
226477,240394
226682,240413
226477,240432
227136,240478
226682,240534
226477,240552
226477,240575
226477,240599
226682,240612
226477,240631
226682,240654
226477,240677
226682,240696
226682,240715
226477,240736
226477,240758
226682,240770
226477,240791
226477,240817
226682,240838
226477,240855
227094,240872
240903,240926
226682,240942
226477,240961
226477,240988
226682,241006
226477,241023
227094,241047
226682,241068
226682,241081
226682,241109
226477,241121
226682,241145
226682,241166
226682,241184
226477,241204
226477,241227
226477,241243
226477,241262
226682,241289
226477,241301
226477,241329
226477,241340
226682,241364
226477,241386
226682,241408
226477,241420
226477,241449
226682,241465
226682,241483
226477,241505
226477,241522
226477,241546
226682,241567
226477,241580
226477,241607
226477,241624
226682,241648
226682,241669
226682,241682
226682,241703
226477,241726
226477,241742
226477,241761
226477,241788
226477,241800
226682,241828
226682,241844
226477,241863
226477,241885
226477,241902
226477,241925
226477,241941
226682,241960
226477,241987
226477,242004
229193,242027
229117,242043
226682,242062
226477,242089
226682,242101
226477,242129
226682,242140
226477,242164
226477,242186
226477,242206
227094,242247
227136,242268
227189,242281
242223,242309
226477,242321
226477,242345
238400,242366
242397,242418
242441,242460
238400,242487
242537,242559
238400,242571
242603,242626
242397,242642
242397,242661
238400,242688
238400,242707
242397,242724
242397,242748
242397,242769
238400,242782
238400,242805
238400,242822
238400,242846
238400,242867
238400,242880
238400,242908
238400,242920
238400,242949
238400,242965
238400,242983
238400,243009
238400,243021
238400,243045
238400,243066
238400,243084
238400,243107
238400,243124
242397,243148
242397,243169
242397,243182
242397,243202
242397,243225
242397,243241
242397,243260
242397,243287
242397,243304
242397,243327
242397,243343
242397,243362
242397,243389
242397,243406
242397,243423
242397,243447
242397,243468
242397,243481
238400,243508
242397,243520
242397,243549
242397,243565
242397,243583
243605,243622
242397,243667
242441,243680
238400,243701
242537,243729
238400,243740
242397,243764
242397,243786
238400,243803
242397,243826
238400,243842
242397,243861
242397,243888
238400,243900
242397,243928
238400,243944
242397,243963
243985,244003
238400,244026
242397,244042
242397,244061
238400,244088
242397,244100
238400,244128
238400,244144
242397,244163
242397,244185
244205,244222
238400,244246
238400,244267
242397,244280
238400,244308
242397,244320
238400,244349
242397,244365
747132,244383
238400,244401
242397,244429
238400,244440
242397,244464
238400,244486
242397,244504
242397,244527
238400,244543
242397,244562
237568,244589
238400,244602
242397,244625
226611,244641
244660,244687
237568,244706
244723,244747
244768,244781
237568,244809
226477,244821
231152,244845
864658,244866
244884,244907
244884,244924
747132,244948
244995,245018
864658,245039
747132,245056
747132,245073
864658,245094
245143,245162
245189,245209
245278,245297
245348,245369
245395,245416
245437,245459
245437,245471
245503,245526
233099,245542
233145,245561
245617,245638
239407,245655
238400,245672
229155,245693
229193,245714
226682,245733
226477,245751
245808,245820
245877,245896
231962,245910
762077,245981
350579,246038
246055,246072
246126,246142
246161,246188
246208,246220
228547,246249
246296,246310
246347,246368
238574,246381
233099,246404
233145,246427
233197,246443
246491,246518
246541,246560
246628,246644
246692,246713
246745,246766
246797,246811
233262,246830
246882,246905
227437,246922
231152,246946
246998,247014
247067,247080
247112,247131
233262,247154
227437,247177
236995,247196
238278,247219
247112,247235
227250,247257
247288,247300
247337,247359
247371,247392
247430,247453
247513,247532
234852,247550
661453,247578
661453,247597
230370,247610
247668,247681
246692,247741
246745,247760
230370,247787
247804,247827
233099,247843
233145,247862
233197,247889
247938,247955
247986,248000
227883,248044
747132,248063
228445,248085
248102,248125
248141,248160
248194,248211
248230,248253
248305,248322
226939,248346
248367,248380
234085,248403
235089,248426
248474,248490
762077,248540
232072,248564
248593,248615
248643,248662
227883,248689
246055,248708
234085,248720
235089,248749
234085,248765
235089,248783
234085,248806
248852,248875
248909,248921
227250,248945
733478,248966
248997,249012
249083,249106
249083,249123
249083,249147
249175,249199
249175,249217
249175,249238
249255,249272
249293,249319
249335,249357
249374,249390
233800,249414
234085,249433
249467,249480
246296,249507
226611,249524
249576,249595
249621,249645
249678,249697
249716,249737
248997,249759
249802,249825
230287,249841
249873,249894
245437,249915
647720,249989
647720,250020
247337,250049
227952,250065
250106,250123
250147,250168
250181,250201
226757,250229
250240,250264
226757,250286
250303,250326
245503,250342
768450,250361
250414,250433
227002,250451
250498,250511
250569,250582
250609,250621
250678,250697
250303,250716
252118,250759
250792,250818
234501,250839
234501,250856
235439,250873
235439,250894
247288,250915
250303,250936
234501,250958
251030,251053
247288,251076
251114,251133
251180,251200
251237,251259
251180,251271
251292,251318
226790,251339
249716,251356
226757,251373
747132,251394
226338,251413
810734,251432
251466,251484
768450,251506
250303,251523
251552,251575
250303,251599
250303,251612
226939,251631
810734,251677
250303,251696
249716,251715
249716,251736
249716,251758
249716,251770
249716,251791
249716,251817
249716,251838
249716,251855
249716,251872
226757,251893
226757,251919
226757,251935
226757,251957
251974,251990
226844,252016
250737,252037
248997,252059
248997,252071
248997,252092
252118,252139
245437,252156
250147,252173
248997,252194
251974,252211
226844,252230
252253,252276
226757,252295
252118,252314
252118,252333
252367,252380
226757,252403
226757,252426
245437,252442
249716,252461
249716,252488
250147,252501
251292,252529
226844,252540
252572,252593
250147,252615
250303,252636
226338,252658
245503,252670
250147,252691
250303,252712
252118,252731
252754,252777
252806,252823
226844,252847
226757,252868
250303,252881
252909,252921
226338,252945
226757,252966
747132,252984
226757,253005
245437,253022
250303,253046
252253,253067
234501,253108
247288,253120
234501,253149
235439,253165
247288,253183
253203,253226
228445,253242
227250,253261
227250,253288
253300,253328
227437,253344
227437,253363
227437,253385
253300,253424
227250,253448
253300,253469
227437,253482
246296,253509
246347,253521
230370,253545
246296,253566
253584,253606
246347,253623
253647,253668
246296,253681
246347,253702
246296,253725
246347,253741
246296,253760
246296,253787
246347,253804
253647,253827
253584,253843
253647,253862
253584,253889
253647,253901
246296,253929
253955,253972
246347,253993
246161,254015
246208,254036
246745,254058
246797,254070
233800,254091
246296,254117
229155,254138
229193,254155
229117,254172
254223,254247
254275,254299
254321,254345
254418,254439
765079,254544
227250,254563
955633,254603
247371,254626
247337,254642
248852,254661
229117,254688
229155,254707
229193,254724
229155,254748
229193,254769
229117,254782
254822,254846
254822,254867
254822,254880
229155,254908
229193,254920
226477,254949
226477,254965
255019,255035
255057,255074
255090,255116
255163,255185
229117,255205
229155,255222
229193,255246
255308,255320
255377,255396
255438,255455
226546,255472
230900,255493
255543,255562
255618,255639
255660,255687
255734,255752
690920,255799
251180,255813
255845,255866
255897,255911
249621,255930
255982,256002
256039,256056
256073,256094
256115,256136
231152,256158
256209,256221
256278,256297
256278,256311
256278,256330
256278,256353
256376,256395
256278,256416
239760,256437
230287,256459
232249,256471
259701,256542
256588,256601
256588,256629
256655,256672
256705,256722
245617,256746
256798,256812
256849,256865
256896,256910
256934,256952
256981,257006
257023,257047
257023,257068
252118,257081
257121,257145
257197,257215
230819,257236
230287,257258
232249,257270
248474,257291
248474,257317
232249,257338
257372,257393
257412,257431
230287,257454
230287,257477
257514,257533
232249,257551
230287,257598
230287,257611
230287,257630
230287,257653
230287,257676
229234,257695
248474,257719
227883,257735
747132,257757
369415,257828
257885,257902
257956,257973
747132,257994
973510,258017
226477,258038
258064,258086
246296,258103
246347,258126
246998,258142
258190,258212
258283,258306
239550,258368
230287,258381
232249,258404
258458,258470
258458,258491
258458,258518
258541,258560
258541,258587
258541,258600
258458,258628
258458,258644
258541,258663
258541,258685
258713,258732
258750,258778
245503,258811
258830,258853
239760,258895
252253,258914
226844,258933
258951,258979
259009,259021
231927,259045
309074,259097
748093,259148
233567,259169
231240,259182
259239,259256
259287,259304
256849,259327
251180,259343
259391,259410
259447,259468
251180,259481
230370,259508
235782,259520
235833,259549
955786,259596
227250,259614
230755,259633
230287,259651
230819,259679
259701,259729
259740,259764
747132,259786
259835,259857
237654,259874
226682,259890
226477,259916
259963,259985
260015,260036
955786,260058
260091,260117
260138,260155
246998,260172
246998,260193
260210,260234
236673,260252
259009,260275
236673,260299
236673,260313
236673,260332
259963,260350
260384,260402
259009,260425
259009,260441
230287,260460
246998,260487
231152,260500
246998,260528
246998,260544
247288,260563
260585,260603
260626,260642
260661,260688
260730,260753
260782,260805
260833,260851
236673,260912
260965,260983
227348,261044
227348,261063
259009,261085
231152,261102
248230,261125
261156,261173
869741,261194
239760,261211
747132,261230
747132,261253
261282,261305
228445,261322
259287,261346
256849,261367
261419,261435
233393,261457
233449,261474
261501,261529
261540,261564
259287,261586
261604,261627
229027,261643
230287,261662
232249,261689
232375,261708
232375,261720
235782,261749
235833,261765
261810,261834
246296,261852
253955,261875
253647,261899
259447,261913
259391,261932
521125,998229
259447,261950
256526,261978
262007,262024
261810,262048
262069,262082
262114,262133
235782,262151
262200,262228
235833,262285
230287,262302
232249,262325
262373,262394
246296,262413
235782,262432
235833,262450
259391,262478
259391,262497
233885,262510
259287,262534
251180,262552
248852,262575
262620,262649
262696,262715
259009,262736
229117,262758
259835,262770
259009,262838
231152,262855
227395,262872
251180,262893
238485,262919
262961,262988
262961,263002
263039,263056
251180,263073
263127,263143
263170,263191
256278,263213
869741,263232
239760,263250
263278,263297
747132,263311
229516,263330
263382,263400
263437,263459
263471,263492
263519,263535
263519,263557
230755,263574
230287,263590
232249,263617
263655,263672
263722,263746
261604,263767
257023,263780
251180,263808
263854,263877
263906,263923
263952,263975
264008,264020
264077,264096
264110,264134
973510,264152
259835,264199
264229,264240
259835,264264
259835,264286
259835,264303
259835,264326
259835,264342
262791,264361
262791,264388
959618,264405
264422,264446
262791,264480
262791,264507
264524,264548
262791,264569
259835,264582
259835,264609
262696,264621
264645,264666
259835,264684
259835,264700
251180,264728
251180,264744
251180,264763
251180,264785
251180,264802
251180,264825
251180,264841
251180,264860
251180,264887
251180,264904
259835,264927
251180,264943
264991,265013
265066,265084
747132,265107
315057,265124
232375,265148
265195,265218
265239,265256
246998,265315
257023,265336
246998,265358
246998,265370
265410,265434
255845,265452
255897,265475
247288,265499
265512,265531
265565,265583
265605,265622
226611,265646
265667,265680
251180,265701
226757,265729
226682,265740
226477,265764
246126,265786
265842,265861
265888,265900
265944,265963
266005,266022
266005,266046
226546,266067
230900,266080
237568,266108
226682,266120
226477,266149
226477,266165
266219,266235
226844,266257
256278,266274
263471,266290
865657,266316
266363,266385
247337,266407
262696,266424
238115,266448
266495,266513
255163,266532
226408,266550
227250,266578
264645,266597
233800,266610
245617,266634
973510,266652
747132,266675
747132,266699
239760,266718
315057,266739
229027,266756
266787,266804
226611,266827
233800,266843
246998,266862
226408,266889
247938,266901
266938,266955
247986,266972
230370,267017
237568,267038
906156,267103
239550,267126
235439,267142
267174,267190
267212,267231
267174,267254
267277,267296
251180,267310
251180,267334
906156,267352
251180,267375
237568,267399
229027,267415
251180,267436
251180,267458
251180,267470
251180,267491
251180,267518
251180,267539
251180,267556
251180,267573
267594,267616
248141,267637
267174,267659
251180,267671
251180,267692
251180,267713
251180,267732
251180,267750
251180,267778
251180,267797
251180,267811
267853,267876
251180,267895
267933,267951
251180,267979
268006,268023
251180,268047
251180,268068
251180,268081
247288,268109
247288,268121
268145,268166
257956,268184
268215,268236
251180,268258
257956,268270
237568,268291
268340,268364
251180,268386
268408,268420
251180,268449
226408,268465
268496,268514
268546,268567
268630,268653
251180,268676
251180,268695
268719,268735
237568,268757
237568,268774
237568,268790
226682,268816
226477,268837
239702,268859
268871,268892
268918,268939
268956,268973
269003,269026
226757,269042
269061,269088
262961,269100
269159,269171
269246,269267
269280,269308
260384,269320
247288,269349
269377,269396
230900,269417
747132,269438
269486,269504
266363,269527
696843,269543
269591,269618
865657,269639
269656,269673
269723,269747
269775,269799
226757,269813
269845,269866
269884,269907
251180,269924
247288,269948
227883,269969
269884,269982
238485,270002
234085,270025
235089,270041
269884,270060
264991,270087
228445,270104
247288,270127
234501,270143
227437,270162
251180,270189
254223,270209
254275,270221
246882,270245
270266,270284
262961,270307
270324,270348
235782,270369
235833,270382
239550,270400
246296,270428
246347,270444
270471,270492
236673,270519
232142,270535
236163,270557
270574,270590
270574,270617
270574,270638
270574,270655
270574,270672
270574,270693
270722,270746
270722,270767
266219,270780
235833,270808
262791,270820
265410,270849
265410,270865
270906,270923
744172,270968
744172,271026
227437,271042
271061,271088
747132,271100
747132,271128
271144,271163
747132,271185
271233,271251
265410,271279
261540,271298
271320,271349
271377,271396
226477,271417
226477,271438
271472,271493
230287,271515
270722,271536
271562,271589
266219,271602
269591,271625
270471,271641
270722,271660
270722,271687
266219,271706
237568,271723
270722,271747
266219,271768
270722,271781
270722,271809
266219,271821
266219,271845
245617,271866
250240,271884
270722,271907
234852,271924
661453,271948
248852,271969
264991,271982
865657,272005
229027,272022
230287,272046
232249,272067
247337,272080
252754,272108
245503,272120
864658,272149
864658,272165
230755,272183
266219,272203
272257,272274
272300,272328
272359,272371
246882,272392
246882,272411
246882,272430
239550,272453
246882,272476
246882,272495
246882,272513
272532,272550
869741,272578
869741,272597
272668,272681
272756,272773
272804,272827
869741,272843
869741,272862
261810,272889
261810,272901
235782,272929
235833,272940
235833,272964
235782,272986
235782,273000
273059,273071
252754,273092
253584,273118
273139,273156
253647,273173
273224,273248
273276,273295
273224,273314
273346,273367
273398,273419
273276,273435
273224,273457
273346,273474
273490,273517
273490,273538
273564,273586
233800,273604
246882,273627
235782,273643
262200,273662
235833,273689
246882,273708
272756,273783
272804,273834
273224,273852
273346,273875
246882,273899
254223,273913
254275,273932
273139,273950
253584,273978
253647,273997
274047,274068
274099,274113
259701,274132
274166,274184
274236,274258
274289,274301
229155,274329
229193,274340
229117,274364
273224,274386
273346,274408
236752,274420
246126,274449
238115,274465
238162,274483
255845,274505
274533,274551
232249,274579
264991,274598
259835,274611
227883,274630
264991,274653
262696,274676
228445,274695
234852,274719
661453,274735
274788,274800
661453,274828
274859,274871
274788,274892
234852,274918
661453,274939
266363,274994
274859,275011
274788,275030
274859,275053
274788,275076
274859,275095
274788,275114
274859,275133
274788,275151
234852,275179
661453,275198
234852,275216
661453,275237
661453,275259
275285,275302
234852,275325
661453,275341
275394,275413
275394,275432
234852,275450
661453,275478
249621,275497
249678,275510
230370,275534
230370,275552
275575,275599
275612,275631
249576,275654
249621,275677
249678,275696
249621,275715
249678,275736
249621,275758
249678,275770
234852,275791
661453,275817
238574,275838
234419,275855
274859,275872
274859,275893
274788,275919
274788,275935
269591,275957
234852,275974
234852,275990
661453,276012
276031,276054
276077,276096
226477,276110
276168,276181
247337,276201
234852,276229
661453,276240
267594,276264
747132,276286
228445,276303
747132,276326
271061,276342
747132,276361
747132,276388
747132,276405
747132,276422
250240,276446
531167,276507
227883,276524
269591,276548
269591,276569
276582,276609
973510,276621
276650,276678
227883,276697
270722,276716
235782,276737
235833,276759
276771,276792
245617,276818
245617,276839
359341,276873
276915,276936
276958,276970
234852,276991
661453,277015
234852,277036
661453,277058
234852,277070
276031,277091
661453,277117
277138,277155
234852,277172
234852,277193
234852,277210
661453,277234
661453,277252
661453,277275
234852,277299
661453,277313
234852,277332
276031,277350
661453,277378
277138,277397
234852,277418
661453,277439
262696,277456
266363,277473
234852,277494
661453,277516
277537,277559
227437,277571
227437,277592
253300,277619
277661,277688
264991,277707
264991,277724
264991,277748
269591,277769
277782,277805
269591,277822
269591,277846
277879,277898
277912,277931
234085,277954
278013,278032
228445,278050
747132,278078
228445,278097
747132,278111
278169,278182
278256,278273
865657,278294
865657,278315
865657,278336
865657,278358
865657,278370
234419,278391
234419,278410
865657,278434
865657,278452
865657,278475
865657,278499
865657,278512
865657,278531
865657,278554
228445,278577
747132,278596
865657,278614
230287,278633
865657,278651
865657,278679
865657,278698
865657,278717
865657,278738
865657,278755
247337,278772
233800,278793
865657,278819
865657,278835
248852,278857
232142,278874
227883,278890
278916,278937
278985,279001
279038,279055
279072,279093
227831,279119
230287,279135
226757,279157
279174,279190
279212,279231
279283,279306
270722,279323
266219,279347
234085,279368
246208,279381
279458,279470
279491,279518
279560,279587
279600,279628
262620,279644
237654,279663
279692,279713
279745,279766
237654,279784
279811,279830
237654,279853
279811,279876
237654,279895
237654,279914
279979,279998
280019,280035
280019,280057
280019,280074
237654,280090
280019,280116
279811,280137
279811,280159
237654,280171
237654,280192
237654,280214
237654,280233
237654,280251
237654,280279
237654,280298
237654,280312
237654,280331
237654,280377
237654,280396
237654,280417
237654,280438
280019,280455
280019,280472
280493,280515
237654,280536
280558,280570
280591,280618
280639,280656
280673,280694
260730,280710
280639,280734
260833,280752
280799,280813
280832,280850
280878,280897
280911,280930
279174,280953
279174,280976
279212,280995
279212,281015
279212,281036
279174,281058
239623,281070
239623,281091
239623,281117
239623,281138
281155,281172
279212,281193
279212,281210
279212,281234
279212,281252
281155,281275
280832,281299
955729,281332
281378,281397
279745,281418
281439,281456
279745,281473
268956,281494
279692,281516
279745,281537
262373,281559
262373,281571
262373,281592
262373,281619
236995,281635
281657,281674
281724,281748
276077,281769
233262,281782
233262,281805
281851,281879
281851,281898
281965,281983
281965,282006
282075,282099
266363,282113
266363,282132
275285,282150
266363,282178
275285,282197
266363,282215
266363,282236
275285,282258
266363,282270
266363,282291
266363,282317
275285,282338
266363,282355
275285,282372
278916,282431
282465,282483
282505,282522
266363,282546
226682,282567
227094,282580
226477,282607
227136,282624
227189,282648
269591,282669
269591,282682
226408,282703
282726,282742
266363,282761
275285,282788
282837,282859
269591,282871
269591,282892
282726,282918
269591,282939
269591,282956
282726,282973
269591,282994
269591,283017
269591,283038
269591,283055
269591,283072
269591,283093
269591,283119
269591,283135
269591,283157
269591,283174
269591,283190
269591,283212
269591,283231
269591,283254
269591,283277
269591,283296
269591,283310
282726,283334
269591,283352
269591,283375
269591,283399
269591,283415
247288,283436
865657,283458
865657,283470
234419,283491
269591,283518
269591,283539
266363,283556
283600,283628
266363,283644
275285,283663
266363,283685
275285,283709
266363,283721
275285,283745
266363,283766
283600,283784
266363,283807
266363,283824
275285,283848
266363,283869
266363,283882
283914,283933
283914,283951
275285,283998
275285,284011
266363,284030
275285,284053
266363,284076
266363,284095
275285,284114
266363,284133
266363,284151
266363,284179
266363,284198
275285,284216
275285,284237
266363,284259
266363,284271
275285,284292
266363,284318
275285,284339
275285,284356
266363,284373
266363,284394
275285,284413
266363,284432
266363,284450
278916,284478
275285,284497
282393,284510
275285,284534
266363,284552
275285,284575
266363,284599
266363,284612
275285,284631
275285,284654
278916,284677
282393,284696
266363,284715
266363,284736
278916,284758
284770,284791
266363,284817
266363,284838
266363,284855
266363,284872
275285,284893
266363,284919
275285,284935
275285,284957
266363,284974
266363,284990
275285,285012
266363,285031
285083,285106
285123,285147
283600,285168
283600,285181
283600,285201
285238,285255
283600,285272
283600,285293
283600,285319
865657,285335
869741,285357
211857,285374
865657,285390
275285,285414
285446,285467
266363,285480
263127,285507
263170,285524
233800,285548
229193,285569
229117,285582
229193,285609
229155,285621
229193,285645
233800,285666
233800,285684
285728,285744
233800,285763
285802,285825
285856,285873
233800,285894
263127,285915
263170,285936
233800,285958
233800,285970
233800,285991
286013,286032
233800,286050
263127,286078
263170,286097
286111,286130
233800,286153
233800,286176
263170,286195
229117,286218
229155,286239
229193,286256
229155,286273
229193,286294
229117,286315
229155,286336
229193,286358
229155,286370
229193,286391
229776,286835
229155,286410
229193,286434
229155,286452
229193,286475
229117,286499
232142,286512
286531,286554
229776,286577
229822,286596
229776,286614
229822,286633
229776,286651
229822,286679
229776,286698
229822,286717
229776,286738
229822,286755
229776,286772
229822,286793
229822,286819
229822,286857
229776,286874
229822,286890
229776,286916
229822,286937
229776,286959
229822,286971
286992,287016
286992,287037
286992,287059
264110,287071
229234,287092
226477,287118
264110,287139
268580,287156
229776,287173
229776,287194
229822,287211
229822,287230
226546,287253
230900,287276
230959,287295
287346,287367
287398,287419
248474,287435
270722,287457
266219,287474
270722,287490
266219,287517
226546,287538
287564,287586
287615,287636
255845,287658
255897,287670
287720,287749
287777,287796
287847,287868
287899,287913
279212,287932
274859,287950
274788,287978
233800,287997
287720,288014
287777,288033
274859,288051
274859,288079
274788,288098
255845,288112
255897,288131
270722,288154
270722,288177
270722,288196
266219,288219
270471,288235
270722,288257
226546,288274
226546,288290
230900,288316
230959,288337
226546,288359
230900,288371
226546,288392
226546,288411
255845,288430
255845,288453
255845,288476
255845,288495
255897,288513
255897,288532
255897,288550
255845,288578
255897,288597
255897,288610
255897,288634
255897,288652
255897,288675
255845,288699
255845,288739
255897,288756
255845,288773
255897,288794
255845,288815
255897,288836
255845,288858
255845,288870
255845,288891
255845,288917
255845,288938
255897,288955
255897,288972
255897,288993
255845,289018
255897,289039
255897,289056
255897,289073
255897,289094
255845,289115
255897,289136
255845,289158
255897,289170
255845,289191
255897,289213
255845,289232
255897,289250
255845,289278
255897,289297
255845,289311
255897,289330
255845,289353
255897,289376
255897,289395
255897,289416
255845,289437
255897,289459
255845,289471
255897,289492
255845,289519
255897,289535
255845,289557
289574,289590
255897,289617
255845,289638
255897,289655
234852,289672
255845,289693
255897,289714
255845,289733
255897,289751
255845,289779
255845,289798
255897,289812
255897,289831
255845,289854
255897,289877
255845,289896
255897,289910
238162,289934
255845,289952
255897,289975
255845,289999
255897,290010
255845,290034
255897,290052
255897,290075
255845,290099
238115,290113
238162,290132
287720,290150
287720,290178
287777,290197
287720,290215
287777,290236
255845,290258
255897,290270
226682,290291
226477,290317
269591,290355
269591,290372
226682,290393
226477,290412
266363,290431
275285,290454
279283,290477
531167,290496
279283,290514
290567,290580
279283,290607
255845,290624
255897,290648
276958,290669
230819,290703
230287,290726
747132,290742
290761,290788
955729,290800
290828,290844
259009,290863
670065,290902
670065,290925
670106,290960
276958,290987
291022,291046
531167,291067
291022,291080
531167,291108
291131,291154
291219,291235
291257,291274
291290,291316
265605,291337
291359,291371
227883,291392
237568,291411
291430,291453
251180,291476
244884,291495
291521,291545
227831,291566
291584,291606
259835,291623
234852,291647
244884,291668
291699,291718
279283,291739
279283,291756
279283,291773
279283,291794
279283,291815
279283,291836
279283,291858
279283,291870
279283,291891
279283,291917
279283,291938
279283,291955
240237,291972
227883,291993
244884,292019
292042,292061
228547,292088
292100,292128
229234,292144
292163,292185
292205,292222
244884,292246
292280,292308
227831,292320
281657,292349
227883,292365
228547,292383
292163,292401
229027,292429
229234,292440
292472,292493
257197,292515
226844,292536
925311,998678
292570,292591
227250,292618
279283,292639
292687,292706
292687,292723
292747,292768
292799,292813
292799,292832
227883,292850
240237,292878
256376,292897
279283,292911
292163,292930
270722,292953
293008,293020
293083,293106
293083,293123
293083,293147
293168,293181
293238,293255
247337,293272
260730,293293
260833,293319
226844,293357
230755,293374
230287,293390
230287,293414
230819,293433
230755,293451
230287,293479
232249,293498
271472,293511
293569,293582
747132,293609
293650,293678
250240,293697
262620,293716
293759,293771
293802,293825
293856,293873
293894,293915
293936,293958
262620,293970
294002,294025
227002,294041
294094,294115
294162,294189
294162,294209
294232,294250
294284,294307
294232,294324
294284,294348
247337,294369
226611,294382
226611,294400
294428,294444
294471,294492
294519,294535
238910,294557
238968,294574
294601,294629
246296,294640
230287,294664
232249,294686
294471,294705
229234,294722
294471,294746
294471,294767
246126,294780
227883,294808
240237,294820
246882,294849
246882,294865
226611,294883
287615,294906
229027,294923
270266,294947
269884,294968
254223,294981
254275,295001
295055,295072
295055,295093
264645,295157
869741,295174
232249,295190
295212,295231
280019,295254
295306,295323
295352,295375
253584,295399
273139,295415
253647,295436
255897,295458
955729,295470
295491,295518
250240,295539
280832,295556
295573,295594
295616,295637
973510,295659
973510,295671
292163,295692
227883,295713
295750,295778
227883,295797
239760,295811
295848,295869
762077,295882
762077,295905
239760,295922
295848,295946
295998,296016
296044,296063
296092,296118
955633,296139
240237,296156
296187,296207
291359,296224
228076,296248
230287,296269
232249,296282
227883,296305
230287,296322
296346,296367
747132,296380
228445,296403
747132,296426
747132,296442
291022,296461
270722,296488
266219,296501
226611,296529
232249,296540
230287,296564
232249,296586
230755,296604
230287,296627
230287,296643
230287,296662
232249,296689
230287,296708
230287,296720
232249,296749
230755,296765
230755,296783
230819,296806
230287,296823
230287,296847
230287,296868
230287,296881
230287,296909
230287,296921
230287,296945
230287,296966
230287,296984
230287,297009
230287,297021
230287,297045
230287,297066
232249,297084
232249,297107
232249,297124
230287,297148
230755,297169
230287,297182
232249,297202
230287,297225
230287,297241
232249,297260
230287,297287
232249,297304
230287,297327
297343,297362
297391,297410
955729,297434
238485,297452
226546,297475
230900,297499
239550,297512
266495,297531
297583,297605
297633,297651
232249,297679
230287,297698
227250,297717
733478,297738
297755,297772
297793,297819
297842,297861
269591,297888
297900,297928
297971,297992
297971,298015
298043,298062
298091,298117
298164,298186
298164,298206
298234,298252
298234,298275
269591,298299
864658,298313
263170,298332
263127,298350
256655,298378
245617,298397
256705,298418
249621,298439
249678,298456
229155,298473
229155,298494
229193,298516
229193,298537
229117,298559
229117,298571
229332,298592
298619,298635
236995,298657
259701,298674
298707,298724
259701,298748
274166,298769
259701,298782
298805,298822
274166,298846
274166,298867
226546,298880
298931,298954
298983,299007
226546,299024
226546,299048
226546,299069
226546,299082
248643,299105
298805,299122
269775,299146
259701,299167
298805,299180
274166,299200
274166,299228
248643,299285
299339,299356
299387,299409
299450,299478
299450,299497
261419,299510
299534,299552
248643,299575
270324,299599
270324,299612
266363,299631
275285,299654
248643,299677
248643,299696
248643,299715
266363,299736
275285,299758
299534,299770
299534,299791
299817,299838
299817,299855
248643,299872
248643,299893
248643,299935
248643,299957
248643,299974
248643,299990
248643,300015
248643,300036
248643,300058
248643,300070
248643,300091
248643,300117
248643,300138
248643,300155
248643,300172
248643,300193
248643,300234
248643,300252
299534,300275
248643,300299
248643,300313
248643,300332
248643,300350
299534,300378
248643,300397
248643,300418
248643,300439
248643,300456
248643,300473
248643,300494
248643,300516
248643,300537
248643,300559
248643,300571
248643,300592
248643,300619
248643,300635
248643,300657
248643,300674
248643,300690
270324,300711
300730,300753
246998,300776
226546,300795
865657,300814
300833,300851
229776,300879
229822,300898
246998,300912
229822,300931
226611,300954
226611,300977
747132,300996
228445,301016
260626,301037
747132,301059
301092,301118
246998,301139
248852,301156
301207,301224
259009,301248
262696,301269
264645,301282
248852,301305
229776,301322
229822,301346
229776,301367
229822,301380
229822,301403
235782,301426
266495,301442
250678,301461
266495,301488
259009,301501
301538,301555
227831,301572
228445,301593
245395,301615
301636,301658
248852,301670
301720,301749
301796,301810
301847,301868
255163,301881
248852,301909
248852,301921
248852,301945
248909,301966
789768,302007
246998,302024
246998,302048
246998,302069
246998,302082
246998,302105
246998,302122
262696,302146
227746,302167
227746,302180
227250,302200
302259,302271
302259,302292
315057,302318
247938,302339
247986,302356
302409,302421
230370,302445
747132,302466
246296,302484
246347,302506
233800,302523
302552,302575
302599,302612
302649,302665
302696,302715
259287,302736
302770,302791
302855,302872
232375,302893
232375,302919
246998,302935
955633,302957
256588,302974
256588,302990
256588,303018
247337,303039
297842,303056
955633,303073
303094,303115
229234,303136
227883,303158
303189,303209
240237,303221
961523,303266
961523,303284
280591,303307
303324,303348
303369,303382
227883,303400
267174,303428
227883,303444
262373,303463
262373,303485
265410,303503
297842,303526
230468,303542
230531,303561
303590,303617
303640,303664
303693,303714
270722,303733
266219,303751
227883,303779
696843,303798
303812,303831
255308,303854
303877,303896
262791,303910
263437,303934
236995,303952
304008,304020
304065,304083
266495,304106
304123,304147
246998,304168
251180,304181
304201,304229
234615,304240
261810,304264
266495,304286
246296,304303
301720,304326
248852,304342
238115,304361
238162,304388
246998,304405
247337,304422
247371,304446
955633,304467
304507,304524
248305,304548
248305,304569
230370,304582
292163,304609
227831,304621
304697,304716
235782,304737
235833,304759
262620,304771
270722,304792
266219,304818
696843,304839
303812,304856
228445,304873
747132,304894
265667,304915
303094,304936
256588,304958
256588,304970
256588,304991
256588,305013
256588,305032
305050,305078
256588,305097
256588,305111
256588,305130
256588,305153
256588,305176
305202,305225
256588,305241
305273,305294
305327,305343
305362,305389
305362,305406
305362,305423
305447,305468
256588,305481
256588,305508
256588,305520
256588,305549
256588,305565
256588,305583
256588,305605
256588,305622
256588,305646
256588,305667
256588,305680
256588,305701
256588,305729
256588,305740
256588,305764
256588,305786
256588,305803
256588,305826
256588,305842
256588,305861
256588,305888
256588,305900
256588,305928
256588,305944
256588,305963
256588,305985
256588,306005
256588,306022
256588,306046
256588,306067
256588,306080
256588,306108
256588,306120
256588,306149
256588,306165
256588,306183
256588,306203
256588,306226
256588,306242
256588,306261
256588,306288
305202,306300
256588,306328
305447,306344
256588,306363
256588,306385
256588,306407
256588,306424
256588,306448
748093,306469
748093,306482
247337,306509
247337,306521
293168,306545
955633,306566
955633,306584
306606,306623
256588,306647
256588,306668
306699,306718
256588,306739
256588,306756
247337,306773
306827,306843
306862,306889
306901,306929
748093,306940
256588,306964
256588,306986
307017,307038
256588,307055
955633,307072
322994,1297591
955633,307093
247337,307119
955633,307135
247337,307157
306862,307174
955633,307190
955633,307212
955633,307231
247337,307254
247337,307277
247337,307296
247337,307310
247337,307334
955633,307375
955633,307399
247337,307415
955633,307436
955633,307458
955633,307470
955633,307491
955633,307518
955633,307539
955633,307556
955633,307573
955633,307594
955633,307616
247371,307637
247371,307659
247371,307671
247337,307692
247337,307713
247337,307732
247337,307750
247337,307778
247337,307811
247337,307830
247337,307853
307882,307905
955633,307922
247337,307946
955633,307967
955633,307980
303094,308006
247337,308023
308047,308068
955633,308081
247371,308109
303094,308121
955633,308145
955633,308166
955633,308184
247337,308204
955633,308227
955633,308243
306901,308262
256588,308289
273276,308301
273224,308329
273346,308340
308372,308393
234501,308412
246998,308431
262373,308454
262373,308477
248305,308496
232142,308514
246998,308533
262373,308551
232142,308579
232142,308598
262373,308611
262373,308630
262373,308653
232142,308676
256039,308695
236995,308719
696843,308735
237069,308757
237114,308774
237167,308790
232142,308816
232142,308837
256073,308871
255982,308892
256115,308918
256039,308939
696843,308956
696843,308973
696843,308994
303812,309019
232142,309035
232142,309057
309074,309090
309116,309137
309163,309185
747132,309246
228696,309267
226682,309280
226477,309308
232142,309320
255982,309349
256039,309365
232142,309383
264645,309401
255982,309429
256039,309440
309472,309493
256073,309515
255982,309536
256115,309558
256039,309570
262696,309591
264645,309618
262696,309639
262696,309656
264645,309673
264645,309694
248305,309710
696843,309734
232142,309752
309472,309775
255982,309799
256039,309813
255982,309832
256039,309850
309472,309878
309472,309897
256073,309911
309930,309953
255982,309976
255982,309995
255982,310012
255982,310031
255982,310054
255982,310077
256039,310096
256039,310110
256039,310134
256039,310152
256039,310175
256039,310199
309472,310217
255982,310238
255982,310255
256039,310272
256039,310293
256073,310319
256115,310335
262620,310357
232142,310374
262373,310390
246998,310414
262373,310433
310451,310479
246998,310498
246998,310511
237114,310530
237167,310553
262373,310576
248305,310595
238115,310613
238162,310632
227250,310650
234085,310678
232142,310697
297842,310716
238115,310737
238162,310759
246998,310771
238115,310792
238115,310818
238162,310839
238115,310856
238162,310873
238115,310894
238162,310915
238162,310936
238115,310958
310989,311007
238115,311024
238162,311048
238115,311069
238162,311082
238115,311105
238162,311122
238115,311146
238162,311167
238115,311180
238162,311200
238115,311228
238162,311244
238115,311263
238115,311285
238162,311302
238162,311325
238115,311341
238162,311360
238115,311387
238115,311409
238115,311421
238115,311445
238115,311466
238162,311484
238162,311506
238162,311523
238162,311547
238162,311568
238115,311581
238162,311608
238162,311620
238115,311649
238162,311665
238162,311683
238162,311704
238162,311727
238115,311743
238162,311762
238115,311789
238162,311801
238115,311829
238162,311840
238115,311864
238162,311886
238115,311903
238115,311926
238115,311942
238115,311961
238162,311988
238115,312000
238162,312028
312044,312063
238115,312085
238115,312102
238115,312125
238115,312141
238162,312160
238115,312187
238115,312207
238162,312224
238115,312248
238162,312269
238115,312282
238162,312305
238115,312322
238162,312346
238115,312367
238162,312380
238115,312403
238162,312426
238115,312442
238162,312461
312488,312501
238115,312529
238162,312540
264645,312564
232249,312586
232142,312604
312488,312627
262373,312643
312691,312712
312691,312731
312765,312783
312806,312823
233262,312847
245617,312868
263854,312881
312909,312921
263906,312945
312966,312984
263952,313005
313022,313046
264008,313067
313080,313108
304008,313120
232142,313149
273059,313165
273059,313183
238115,313203
301720,313226
313242,313261
313242,313288
313316,313337
272257,313359
272300,313371
272359,313392
272257,313411
272300,313430
313469,313482
272359,313509
255982,313521
256039,313545
238485,313566
238115,313584
238162,313606
234016,313623
304008,313647
313699,313718
266495,313739
266495,313756
313787,313804
266495,313827
266495,313843
266495,313862
266495,313889
266495,313901
266495,313929
266495,313940
266495,313964
266495,313986
266495,314004
266495,314027
266495,314043
266495,314062
266495,314089
266495,314101
266495,314129
266495,314140
266495,314164
266495,314186
266495,314206
266495,314223
266495,314247
266495,314268
266495,314281
696843,314309
232142,314321
266495,314345
238115,314366
238162,314384
227883,314402
238162,314425
266495,314441
266495,314460
314487,314500
747132,314528
295491,314544
312765,314563
232375,314585
255163,314603
248305,314626
314642,314661
955786,314688
955786,314707
314724,314748
233262,314769
233262,314782
314805,314822
297842,314846
304008,314867
314898,314912
314949,314965
314996,315019
281155,315035
315057,315074
232375,315090
251180,315116
267174,315137
238115,315159
238162,315171
315205,315222
240903,315246
249716,315267
249716,315280
274859,315308
274859,315320
274788,315349
274788,315365
315438,315455
315515,315536
315562,315589
257372,315602
315625,315641
301720,315660
315694,315710
301720,315734
747132,315752
256073,315775
255982,315799
256115,315813
247337,315832
238115,315850
238162,315878
297842,315897
255982,315911
256039,315930
238115,315953
238162,315976
238115,315995
238162,316018
304008,316039
256073,316056
256115,316073
232142,316094
266495,316115
255982,316136
256039,316158
255982,316170
256039,316191
233197,316213
233099,316232
233145,316250
266495,316278
226408,316297
226408,316311
316369,316382
255163,316400
747132,316428
864658,316444
226408,316463
226408,316485
316542,316561
864658,316588
316638,316655
316638,316672
255163,316693
233567,316714
255163,316733
255163,316751
255163,316779
300833,316798
255163,316812
255163,316831
255163,316854
255163,316877
255163,316896
255163,316910
300833,316934
255163,316952
300833,316975
249175,316999
233567,317010
255163,317034
231240,317052
233567,317075
231286,317099
233567,317113
233567,317132
255163,317150
255163,317178
317243,317262
317317,317338
317317,317355
317386,317408
236116,317420
236163,317449
227437,317465
253300,317483
238115,317505
238162,317522
973510,317546
232249,317567
273224,317580
273346,317607
273276,317624
273224,317648
273346,317669
317682,317703
317726,317742
317761,317788
226408,317800
317828,317844
226408,317863
226408,317885
317828,317902
226408,317925
226408,317941
226408,317960
226408,317987
226408,318001
226408,318029
226408,318040
226408,318064
226408,318086
226408,318103
226408,318126
226408,318142
226408,318161
226408,318188
226408,318208
226408,318220
226408,318249
226408,318265
226408,318283
226408,318306
226408,318323
226408,318347
226408,318399
317828,318436
273224,318458
273346,318470
273224,318491
273346,318518
303812,318539
297842,318556
266495,318573
266495,318594
266495,318616
266495,318637
266495,318659
236673,318671
259009,318692
318713,318732
245189,318750
733478,318778
227250,318797
227250,318811
733478,318830
229155,318853
318876,318895
264524,318914
259835,318933
259835,318951
959618,318979
259835,318998
294428,319013
233262,319032
279692,319050
259835,319078
256705,319097
255163,319111
300833,319130
319182,319202
319182,319225
319182,319241
319260,319287
273276,319304
273224,319327
273346,319343
231802,319362
319389,319406
319434,319452
319475,319499
319520,319549
319565,319583
251180,319605
748093,319622
747132,319646
290828,319667
237568,319680
319701,319729
266495,319740
226682,319764
226477,319786
226682,319803
248909,319826
747132,319842
231152,319861
230287,319888
297842,319900
319959,319971
228076,319992
227437,320019
227002,320035
320088,320100
245395,320128
255438,320144
320163,320185
320205,320222
320205,320246
320205,320267
320205,320280
320205,320308
320417,320396
320417,320438
320417,320455
320417,320472
320504,320527
320504,320543
320639,320618
320639,320656
320639,320673
320639,320694
320710,320734
293802,320752
293856,320775
955633,320799
247337,320813
320832,320850
247337,320878
276650,320897
276650,320911
231405,320930
696843,320953
291521,320976
291521,320995
226408,321015
227002,321036
321089,321101
321089,321129
321155,321172
321155,321193
321247,321268
246161,321281
235782,321309
246208,321321
235833,321345
252118,321366
959618,321384
262791,321402
321425,321441
321494,321516
321494,321537
321563,321585
321563,321603
321635,321657
227348,321674
246296,321690
246296,321711
246347,321730
266363,321753
245437,321795
250147,321814
264645,321833
226546,321851
230900,321879
230959,321898
250303,321912
248852,321931
321977,321996
246882,322010
322047,322068
322099,322113
322166,322184
280639,322204
322227,322243
238400,322262
242397,322289
227348,322301
270574,322329
239760,322340
236116,322364
236163,322386
322431,322454
322483,322505
322483,322522
322483,322567
273139,322580
285238,322607
431328,322676
322761,322788
322761,322800
237988,322828
294002,322844
227002,322863
227002,322885
227056,322902
227002,322925
227002,322941
322994,323017
322994,323038
322994,323055
246998,323072
275285,323093
246998,323119
747132,323135
246998,323157
246998,323174
304008,323190
323265,323283
246296,323306
246347,323323
323375,323399
323375,323415
323443,323462
323443,323489
323518,323539
323518,323556
323587,323600
323587,323628
232375,323644
869741,323663
210681,323709
210699,323721
210566,323784
210578,323807
210584,323824
210597,323848
323895,323914
323980,324007
324076,324095
301207,324151
301207,324179
301207,324198
301207,324216
251180,324237
869741,324259
226757,324271
257372,324292
267933,324339
251180,324356
304065,324373
324394,324413
252572,324432
265667,324450
264991,324478
237568,324497
247288,324510
270722,324534
266219,324552
262696,324575
226408,324599
229234,324612
229027,324631
324665,324683
324704,324727
228076,324743
301720,324762
226546,324789
230900,324801
234852,324829
661453,324840
300833,324864
864658,324886
282837,324903
324957,324974
324957,324990
325020,325049
325020,325065
325096,325110
325096,325134
270722,325152
266219,325175
250678,325199
262620,325217
747132,325238
747132,325255
233800,325272
869741,325293
325342,325361
325390,325414
325446,325467
319565,325480
249576,325507
249621,325524
249678,325548
234852,325569
661453,325582
226477,325609
245617,325621
747132,325645
230370,325666
325684,325700
747132,325728
747132,325744
239760,325763
282393,325785
230370,325802
263127,325825
263170,325841
250678,325860
250678,325887
325904,325927
234852,325943
661453,325962
237568,325989
248852,326009
865657,326021
231152,326045
270722,326066
230755,326084
230287,326107
233800,326124
251180,326148
232375,326169
248852,326182
326218,326239
748249,326273
748283,326315
326343,326362
229234,326389
229027,326406
234852,326423
661453,326447
235439,326468
270722,326481
314898,326508
270722,326520
228445,326549
226682,326565
226682,326583
226477,326605
226477,326622
248474,326646
238574,326667
228445,326680
326738,326755
326803,326826
248643,326842
267277,326861
238664,326888
264991,326900
264991,326928
264991,326944
326971,326992
260965,327016
250609,327037
327063,327085
327118,327139
248852,327156
260015,327173
232375,327194
232375,327211
869741,327230
869741,327253
300730,327276
229155,327295
229117,327314
229193,327333
327351,327379
275285,327398
256278,327419
324665,327435
327461,327488
327517,327538
327564,327586
234419,327604
327658,327670
327658,327691
230370,327712
324665,327731
282726,327754
269591,327777
266363,327796
282393,327810
245617,327834
256655,327852
256705,327875
327899,327913
327932,327950
275285,327978
266363,327997
275285,328014
256655,328033
256705,328051
245617,328079
264991,328098
256655,328112
245617,328131
324665,328154
232745,328177
327517,328196
264991,328219
264991,328235
264991,328257
285123,328274
280591,328290
263952,328316
263854,328337
263906,328359
263952,328371
264008,328392
264991,328411
263952,328430
264008,328453
304008,328476
314898,328495
300730,328513
328566,328584
285123,328606
230370,328647
230370,328668
247804,328681
230370,328702
264991,328725
230370,328741
230370,328760
285123,328787
264991,328804
264991,328827
264991,328843
264991,328862
264991,328889
264991,328901
264991,328929
264991,328964
264991,328986
264991,329002
961523,329025
264991,329041
264991,329060
263854,329087
263906,329104
263952,329127
264008,329143
263854,329162
263906,329189
263952,329209
264008,329221
230370,329245
230370,329266
230370,329284
230370,329307
230370,329324
230370,329348
247804,329369
230370,329382
230370,329400
230370,329428
264991,329444
329463,329485
264991,329503
264991,329526
230370,329542
264991,329561
230370,329588
247804,329601
230370,329629
247986,329640
230370,329664
230370,329686
247804,329705
230370,329722
230370,329746
230370,329767
263952,329780
263952,329808
329820,329849
239550,329865
329883,329906
236673,329923
747132,329947
266495,329968
226757,329981
250181,330007
262696,330024
264645,330048
303590,330069
290828,330082
696843,330105
696843,330122
747132,330146
747132,330167
279600,330180
226611,330200
226611,330228
330292,330318
245617,330339
330387,330409
266363,330421
275285,330445
292205,330466
696843,330484
696843,330506
303812,330523
696843,330547
231927,330568
256655,330581
245617,330608
256705,330620
239760,330649
236995,330665
330715,330736
330789,330801
330789,330829
955729,330840
256705,330864
245617,330886
230370,330903
247804,330926
256705,330942
245617,330961
256705,330988
245617,331006
256655,331023
245617,331047
235439,331068
235439,331081
236995,331109
331150,331178
331204,331227
238485,331243
331291,331317
331291,331338
331364,331386
331364,331408
331364,331420
331449,331465
246055,331483
331505,331522
331551,331579
331598,331611
304008,331630
314898,331653
304008,331676
236673,331695
259009,331719
259009,331735
236673,331757
264991,331774
331800,331828
259009,331844
304008,331863
247938,331885
247986,331902
331925,331941
259009,331960
259009,331987
262620,332004
247938,332027
247986,332043
321635,332062
244884,332089
247804,332101
247938,332129
247986,332140
247986,332164
304008,332186
264991,332206
263952,332223
262620,332247
262620,332268
270722,332281
271562,332309
270471,332321
270722,332345
266219,332366
262620,332402
262620,332425
262620,332441
262620,332460
247938,332487
247986,332500
271562,332528
262620,332544
325904,332563
262620,332585
266938,332603
247938,332626
228076,332642
304008,332661
314898,332688
304008,332707
314898,332724
304008,332748
228445,332769
228445,332782
747132,332805
747132,332822
747132,332846
234085,332867
235089,332880
264645,332908
304008,332920
304008,332949
314898,332965
332996,333013
304008,333032
304008,333050
304008,333078
304008,333097
249621,333111
249678,333130
249621,333153
249678,333182
304008,333202
304008,333225
304008,333241
304008,333260
247938,333287
266938,333304
247986,333327
333343,333362
230370,333389
247986,333406
236673,333423
333447,333468
259009,333481
230370,333508
247938,333520
247986,333549
322166,333565
322166,333583
322166,333605
237568,333622
333651,333679
322166,333698
238485,333717
333764,333786
333826,333842
333826,333861
333888,333900
333928,333944
333928,333963
265667,333985
747132,334003
248305,334026
254223,334042
254275,334061
230287,334088
233800,334100
334128,334144
747132,334163
270722,334185
266495,334205
334233,334251
324704,334279
315057,334298
232375,334312
315057,334331
232375,334354
1148489,334429
334440,334464
315057,334486
232375,334504
232375,334527
315057,334543
232375,334562
315057,334589
232375,334602
232375,334625
232375,334641
232375,334660
635885,334687
864658,334706
248305,334723
232375,334747
226408,334768
248305,334781
259835,334809
227348,334821
334845,334866
321247,334884
273224,334907
273346,334924
262696,334948
248305,334969
230468,334982
230531,335002
341078,335087
246998,335104
335158,335170
246998,335191
246998,335213
269591,335232
246998,335250
246998,335278
232142,335297
246998,335311
246998,335330
246998,335353
335382,335400
246998,335428
246998,335444
246998,335463
246998,335485
246998,335503
246998,335526
246998,335542
246998,335561
246998,335588
246998,335601
246998,335629
248305,335640
246998,335686
232142,335705
232142,335722
232142,335746
232142,335767
232142,335780
232142,335808
232142,335820
246998,335849
232142,335865
232142,335883
232142,335906
232142,335923
248305,335947
246998,335968
232142,335981
248305,336001
246998,336029
246998,336040
248305,336064
248305,336086
248305,336126
248305,336142
336161,336188
248305,336208
248305,336220
248305,336249
248305,336265
246998,336283
248305,336306
232142,336323
248305,336347
336375,336399
279212,336415
264991,336436
246998,336458
232142,336470
230468,336491
230531,336518
232142,336539
231962,336556
696843,336573
303812,336594
336644,336663
336644,336685
336644,336709
336750,336778
336750,336797
336750,336811
232142,336830
248305,336853
696843,336876
303812,336895
231927,336914
231962,336933
696843,336951
696843,336979
231962,336998
696843,337014
246998,337033
696843,337051
696843,337079
246998,337098
696843,337112
246998,337131
232142,337154
696843,337177
262373,337196
232142,337219
337235,337257
696843,337274
696843,337290
303812,337316
303812,337337
337359,337371
337407,337424
231927,337448
248305,337469
337495,337513
337532,337550
337597,337610
337634,337652
337675,337699
232142,337718
696843,337739
696843,337756
696843,337773
696843,337794
231927,337815
246998,337836
337901,337929
230468,337940
230531,337964
696843,337986
303812,338000
696843,338028
696843,338044
246998,338063
696843,338085
696843,338102
248305,338125
262373,338141
232142,338160
232142,338187
232142,338207
309074,338224
233567,338248
248305,338269
338295,338314
263519,338333
338403,338426
338442,338461
338490,338517
263722,338538
338555,338572
257023,338593
338643,338662
279283,338689
747132,338708
291699,338720
334233,338749
260585,338765
245617,338783
238400,338806
231152,338823
227250,338847
226611,338868
264991,338881
235439,338909
299534,338921
227883,338945
230287,338966
266495,338984
279283,339008
747132,339020
279283,339049
279283,339065
279283,339083
747132,339106
255845,339123
255897,339147
238115,339168
238162,339181
226682,339201
226477,339229
230287,339240
339293,339319
339342,339361
339390,339414
973510,339433
326803,339451
339507,339524
230287,339548
232249,339569
248305,339582
339632,339650
247938,339678
247986,339697
247938,339716
339737,339759
247986,339771
339792,339818
339841,339860
864658,339887
242397,339904
226408,339927
747132,339943
747132,339962
255897,339989
230287,340005
282837,340022
247986,340046
273059,340067
247938,340080
247986,340108
247938,340120
247986,340149
247986,340165
247986,340183
247986,340203
247986,340226
247938,340242
247938,340261
247938,340288
247938,340300
247938,340328
247938,340344
247938,340363
247938,340385
247938,340407
247938,340424
247938,340448
247986,340469
247986,340482
247986,340509
247986,340521
247986,340545
247986,340566
247986,340584
339737,340606
247986,340623
247938,340647
247986,340668
247938,340681
247986,340702
247986,340725
247938,340741
339737,340760
247938,340787
247986,340804
247986,340827
247986,340843
247938,340862
247986,340889
247938,340901
247986,340929
247938,340940
247986,340964
230370,340986
254418,341009
270722,341021
341078,341045
341078,341097
341111,341130
270722,341153
341202,341225
271562,341241
341078,341260
270722,341287
341336,341358
270722,341370
341078,341391
341078,341410
266363,341434
275285,341452
250678,341475
270722,341499
266219,341512
341078,341531
230900,341554
270722,341577
266219,341596
341078,341614
256705,341633
245617,341651
341078,341679
302855,341698
297842,341717
341740,341764
227250,341786
341740,341803
331150,341826
331204,341842
341874,341890
227437,341916
227437,341937
331150,341959
331150,341971
331204,341992
331204,342018
341874,342039
341874,342056
233800,342073
341874,342094
341740,342115
331150,342136
342162,342189
331204,342209
341740,342221
331150,342245
331204,342266
341874,342284
341740,342307
341874,342324
331150,342348
331204,342369
341874,342382
341740,342400
331150,342428
331204,342444
341874,342463
331150,342485
341740,342503
342526,342542
331204,342561
341874,342588
341874,342601
342638,342655
341740,342672
331150,342693
331204,342714
226477,342733
341740,342751
331150,342779
331204,342798
341874,342812
331150,342831
331204,342854
341874,342877
230370,342896
341740,342910
331150,342934
331204,342952
341874,342975
341740,342999
331150,343011
331204,343030
341874,343053
326971,343076
260965,343095
341874,343114
341740,343133
331204,343151
762077,343179
343200,343228
350579,343244
236673,343263
259009,343285
246745,343302
246692,343325
304008,343341
226611,343360
321247,343387
264645,343409
343421,343445
247288,343466
343510,343534
302855,343552
343599,343612
304697,343631
299817,343654
262961,343677
283600,343696
276650,343715
260210,343736
260210,343758
259009,343770
259009,343791
230755,343817
230755,343838
343855,343872
343855,343893
226611,343919
226611,343935
265667,343957
265667,343974
226546,343990
230959,344017
226546,344038
226546,344055
230900,344072
230959,344093
344126,344142
251180,344161
251180,344188
251180,344208
264991,344220
329463,344249
285123,344265
260384,344283
244884,344306
344352,344375
344352,344399
264991,344415
232142,344436
246296,344458
262696,344470
864658,344491
226477,344518
229234,344539
226757,344556
266363,344573
275285,344594
238485,344616
229027,344637
228547,344659
292163,344671
227883,344692
233800,344713
865657,344732
244884,344750
747132,344778
233800,344797
267594,344811
227250,344830
227437,344853
227437,344876
865657,344895
865657,344914
955786,344933
344951,344979
227437,344998
294471,345016
345037,345059
227437,345071
230900,345092
227250,345118
733478,345139
274859,345156
274788,345173
255308,345194
341336,345211
270722,345230
1031863,345305
227250,345322
733478,345346
345367,345380
280591,345403
240237,345426
227883,345442
250678,345461
238485,345488
345538,345555
297842,345572
297842,345593
733478,345615
297842,345636
227437,345658
345731,345754
297842,345777
304008,345796
304008,345810
297842,345834
297842,345852
297842,345875
297842,345899
297842,345913
297842,345932
297842,345950
297842,345978
297842,345997
297842,346015
236995,346036
296044,346058
297842,346070
297842,346091
229516,346117
343510,346138
227437,346155
733478,346172
227437,346193
733478,346210
733478,346234
227250,346252
227250,346275
227437,346299
227437,346313
227437,346332
227250,346350
227250,346397
227250,346418
227437,346439
297842,346456
297842,346473
238485,346494
227250,346516
324665,346537
233393,346559
233449,346571
261501,346592
266495,346619
238278,346635
238278,346657
294284,346674
346724,346748
261810,346769
238485,346782
345731,346805
254223,346822
254275,346846
254321,346867
254223,346880
254275,346908
747132,346920
227437,346949
297842,346965
297842,346983
297842,347008
297842,347020
236673,347049
259009,347065
347110,347134
347110,347152
347110,347175
347201,347229
347201,347240
347201,347264
347293,347319
347293,347335
347293,347357
347388,347405
347388,347422
347388,347446
227437,347467
869741,347480
247337,347507
247067,347524
247067,347548
247067,347569
226682,347582
226477,347609
234852,347621
661453,347645
234501,347666
272532,347684
247371,347700
306862,347728
304123,347744
304123,347763
304123,347785
304123,347802
341336,347825
341336,347841
341336,347860
251180,347887
347936,347958
347936,347970
325904,347991
235782,348019
691125,348061
973510,348088
264645,348100
262696,348128
262696,348144
262696,348163
348192,348214
262696,348233
226682,348251
226477,348279
262696,348298
264645,348312
264645,348331
229822,348354
348377,348396
269591,348417
348438,348455
331551,348472
229193,348493
235782,348515
235833,348536
348562,348589
238400,348602
242397,348625
235782,348641
235833,348660
348687,348706
747132,348723
274859,348747
274788,348768
234852,348781
661453,348809
250303,348821
245503,348845
252118,348866
696843,348884
973510,348907
973510,348924
235833,348948
235782,348969
275285,348982
249621,349006
235782,349023
235833,349047
295848,349068
235782,349081
235833,349109
331551,349121
264991,349145
349197,349215
234501,349236
349262,349289
349338,349355
349386,349408
349386,349420
349454,349477
349454,349496
349522,349546
349522,349567
349580,349607
349630,349653
228445,349676
747132,349695
233197,349719
233099,349735
233145,349757
349800,349828
762077,349844
762077,349863
762077,349885
229425,349902
229473,349925
349960,349987
762077,350006
350034,350052
350075,350099
350579,350145
231240,350166
233567,350184
236995,350204
247067,350227
247067,350243
247067,350262
247067,350289
247067,350301
247067,350329
247067,350340
350364,350386
247112,350408
229425,350420
350454,350477
350454,350496
762077,350514
762077,350533
343200,350551
350579,350598
762077,350611
350579,350630
762077,350653
247112,350676
762077,350726
762077,350742
229425,350761
762077,350788
350800,350828
229473,350844
229912,350863
229425,350885
251180,350902
341336,350925
350941,350960
239760,350987
341336,351005
341336,351022
341336,351046
341336,351067
341336,351080
341336,351108
226682,351120
256705,351149
245617,351165
351226,351242
351290,351316
351363,351385
351411,351430
250181,351453
304123,351476
247337,351495
237568,351513
341336,351532
762077,351550
351578,351597
864658,351610
256705,351634
259835,351652
262620,351675
239760,351699
304008,351718
233800,351739
232249,351756
248852,351773
865657,351794
245617,351815
260585,351836
245617,351858
351901,351929
351901,351940
351964,351986
351964,352003
352026,352042
237568,352061
266495,352088
352100,352128
251180,352144
226844,352163
352192,352214
231405,352233
231405,352251
352279,352298
352279,352312
864658,352331
352365,352383
277782,352401
352429,352440
259835,352464
955633,352486
352504,352527
266495,352543
230287,352562
321247,352589
262696,352602
295573,352625
352656,352673
229027,352694
266938,352710
246126,352734
269061,352752
259009,352775
259835,352799
352832,352850
352832,352878
233800,352897
345037,352911
747132,352930
226682,352953
353008,353020
262620,353049
227883,353065
270722,353083
353106,353123
353175,353199
353229,353240
353272,353293
234501,353319
227250,353335
353106,353357
262620,353374
255845,353390
262620,353414
262620,353433
262620,353451
274859,353479
262620,353498
234852,353511
234852,353530
661453,353553
661453,353576
353609,353621
353645,353666
246745,353684
246692,353700
242397,353728
353106,353744
262620,353763
262620,353785
262620,353802
234501,353825
270722,353841
266219,353860
234501,353887
262620,353904
747132,353927
248643,353943
265667,353962
314487,353989
226477,354002
354056,354073
354104,354143
354170,354213
354266,354284
354266,354307
262620,354324
234501,354348
262620,354369
262620,354382
234501,354400
234501,354428
234501,354444
234501,354463
262620,354485
262620,354503
262620,354526
262620,354542
354561,354588
262620,354601
262620,354629
262620,354640
262620,354664
234501,354686
234501,354705
262620,354722
354561,354746
262620,354767
353106,354780
262620,354808
262620,354820
353106,354849
262620,354865
234501,354883
262620,354906
262620,354923
262620,354947
262620,354968
262620,354981
234501,355001
234501,355029
234501,355040
355064,355086
262620,355103
262620,355126
262620,355142
262620,355161
262620,355188
262620,355208
268006,355220
226546,355249
230900,355265
231405,355283
262620,355306
244660,355323
355375,355399
263127,355458
263127,355491
263170,355518
355539,355556
270722,355573
271562,355594
229193,355616
226477,355637
233800,355659
229776,355671
229822,355692
229776,355713
229822,355732
229776,355750
229822,355778
291521,355797
278169,355811
229117,355830
229155,355853
229193,355876
355895,355914
230755,355933
279283,355951
230287,355979
232249,355998
262620,356016
324665,356037
324665,356059
232745,356071
232745,356092
356118,356139
302649,356156
234501,356173
234501,356194
267933,356211
263854,356230
263952,356253
231152,356276
238400,356295
229776,356314
291257,356333
245348,356351
245395,356379
304008,356398
276077,356419
237988,356435
294002,356457
227002,356474
227056,356490
356540,356564
356586,356604
287398,356627
287398,356643
356691,356712
356691,356731
356765,356783
356810,356834
356810,356852
356881,356909
356881,356921
356978,356997
322047,357013
322047,357032
322047,357050
322099,357078
293083,357148
356691,357169
234997,357182
273059,357202
273059,357225
273059,357241
357273,357294
357273,357315
357273,357336
304008,357358
321247,357370
304008,357391
304008,357410
314898,357434
314898,357452
314898,357475
230819,357499
230755,357512
230287,357531
331598,357554
259835,357577
239550,357596
262791,357614
262791,357633
228024,357651
262791,357679
217134,357698
291257,357717
229516,357738
291257,357755
244660,357772
229516,357793
244660,357819
262696,357835
291257,357857
291257,357874
236995,357890
297971,357916
298091,357937
357985,358004
358036,358058
358070,358091
973510,358117
358164,358186
358210,358234
273346,358252
226611,358275
961523,358299
236752,358313
246126,358332
264645,358350
264645,358378
358418,358439
358460,358487
233800,358500
226546,358528
230959,358544
233800,358563
230287,358585
250678,358603
684455,358674
684455,358690
358711,358730
358782,358805
358822,358846
358879,358898
358912,358931
358965,358983
359007,359024
298091,359048
272756,359069
273810,359082
272756,359105
272804,359122
359146,359167
237654,359180
359200,359228
359244,359263
359292,359318
359341,359360
359409,359421
246126,359445
359497,359510
359581,359608
359631,359654
359683,359704
256655,359727
256705,359743
245617,359762
234852,359789
661453,359801
256705,359829
245617,359840
256705,359864
245617,359886
661453,359903
260585,359926
256705,359942
325684,359961
234852,359988
661453,360002
234852,360025
661453,360041
264991,360060
237654,360087
250569,360104
255845,360127
255897,360143
255845,360162
264645,360189
306862,360209
269591,360221
360278,360297
360324,360348
360278,360369
360278,360382
255845,360400
255897,360428
233800,360444
762077,360463
233800,360485
360324,360503
360278,360526
248474,360542
248474,360561
358711,360588
357985,360601
358036,360629
360640,360664
358711,360686
360733,360751
360733,360779
360808,360820
246692,360849
246745,360865
747132,360883
226682,360906
226477,360923
232142,360947
270722,360968
360981,361003
246998,361026
255845,361042
255897,361061
331551,361088
331551,361100
226757,361128
248305,361144
264645,361163
361205,361222
361205,361246
361267,361280
361267,361308
361320,361349
361320,361365
233800,361383
232375,361401
232375,361429
361464,361486
361515,361536
361558,361570
234085,361591
235089,361618
227831,361639
361673,361694
361723,361747
264645,361768
262696,361781
264645,361809
262696,361821
262696,361845
262696,361866
361911,361930
361969,361982
361911,362005
361969,362022
264645,362067
246692,362080
246692,362120
246745,362149
246745,362183
233567,362203
262696,362226
264645,362242
262696,362261
262696,362288
262696,362300
262696,362328
262696,362344
262696,362363
262696,362385
262696,362407
262696,362424
262696,362448
262696,362469
262696,362482
236602,362509
362545,362566
362545,362584
233800,363085
246692,363102
246745,363125
246797,363141
362545,362606
234085,362623
235089,362647
262696,362668
254223,362681
254275,362702
234085,362725
233800,362741
246745,362760
246797,362787
246692,362804
233800,362827
233800,362843
233800,362862
234540,362889
233800,362901
233800,362929
246745,362940
246797,362964
246692,362986
233800,363000
233800,363028
262696,363044
264645,363063
233800,363160
246692,363187
262696,363207
233800,363224
233800,363248
233800,363282
233800,363305
233800,363322
234540,363346
246692,363367
246745,363380
246745,363403
246745,363426
246797,363442
246692,363461
246745,363488
246797,363501
246692,363529
246745,363540
246745,363564
246692,363586
246745,363604
246797,363627
246692,363643
233800,363662
233800,363689
233800,363708
238485,363720
233800,363749
233800,363765
233800,363783
233800,363806
233800,363823
233800,363847
233800,363868
233800,363881
233800,363909
233800,363921
304008,363945
747132,363966
233800,363984
235089,364006
364034,364052
245617,364075
230370,364099
361969,364113
361911,364132
245617,364150
255845,364178
255897,364197
264645,364215
230287,364236
233800,364258
264645,364270
661453,364291
301207,364317
364364,364386
364364,364408
364431,364454
364483,364505
364483,364522
364551,364579
364607,364624
364607,364648
293650,364669
364695,364719
248852,364735
227883,364757
364788,364800
361911,364828
361969,364844
246998,364863
864658,364885
747132,364902
364960,364987
265667,365007
230287,365024
228024,365048
365076,365095
230287,365114
263170,365133
263127,365151
303812,365179
262620,365198
271061,365216
238115,365237
262620,365259
256655,365271
230287,365292
232249,365318
864658,365339
864658,365356
864658,365373
864658,365394
864658,365413
330387,365432
365466,365484
365506,365523
359409,365547
359409,365568
1027810,365581
1027810,365608
226408,365620
249576,365649
249621,365665
230370,365683
246491,365704
279212,365727
279212,365743
227437,365762
227250,365789
281155,365801
364483,1027881
279212,365829
239760,365840
226682,365864
226477,365886
255845,365903
255897,365926
365942,365961
365942,365988
255163,366008
228076,366020
291521,366049
229117,366065
229155,366083
229193,366106
233099,366123
233145,366147
233197,366168
226477,366181
226477,366201
226477,366229
239550,366240
226757,366264
366286,366303
366326,366342
345731,366361
239550,366388
366405,366422
226611,366446
265667,366467
248643,366480
366507,366524
341111,366548
247337,366569
309472,366582
256073,366609
256115,366621
266495,366645
366678,366697
262696,366716
264645,366737
226408,366759
247337,366771
260585,366792
276771,366818
325684,366839
228547,366856
228547,366873
246998,366894
341078,366915
262620,366936
266219,366958
226682,366970
226477,366991
367015,367036
282837,367058
269591,367070
315057,367091
232375,367117
321247,367138
304008,367155
747132,367172
299534,367193
230755,367210
230287,367234
232249,367252
246126,367275
251180,367299
361911,367313
361969,367332
231152,367350
239702,367378
268871,367397
248305,367418
239760,367439
295848,367456
367500,367528
234419,367544
264645,367563
238574,367585
365466,367603
279212,367626
864658,367642
279692,367661
321247,367688
358711,367707
226546,367724
365466,367748
365466,367769
365466,367782
233099,367805
233145,367822
233197,367846
226757,367867
226611,367880
226611,367908
264645,367920
747132,367949
747132,367965
747132,367983
279212,368009
227250,368021
367500,368045
368078,368097
262620,368111
239760,368130
236673,368153
259009,368176
747132,368195
263854,368218
263952,368239
264008,368256
279692,368273
280878,368294
268918,368315
268956,368336
368358,368370
280911,368391
690920,368410
368447,368468
233567,368481
864658,368508
864658,368520
237568,368549
230287,368565
257412,368583
291257,368605
232249,368622
232249,368646
256588,368667
973510,368680
237568,368701
266219,368729
237568,368740
279283,368764
227883,368786
280591,368803
747132,368826
747132,368842
318713,368861
280591,368888
318713,368900
240237,368928
367500,368944
368078,368963
236673,368985
369017,369038
355895,369055
239550,369072
239550,369093
236673,369119
236673,369135
259009,369157
236673,369174
324394,369190
236673,369212
236673,369231
236673,369254
236673,369277
259009,369296
236673,369310
259009,369334
259009,369352
355895,369375
355895,369399
369415,369436
257800,369458
355895,369470
262696,369491
264645,369518
355895,369539
236673,369556
321247,369573
229234,369594
226611,369616
238400,369637
242397,369659
228445,369671
747132,369692
228445,369713
747132,369732
747132,369750
369778,369797
226682,369811
226477,369830
310989,369853
369876,369895
226757,369914
252118,369933
231152,369951
369980,370000
370028,370044
236673,370063
366507,370085
259287,370102
256849,370125
352192,370141
251180,370160
239550,370187
370224,370248
280019,370269
237654,370282
237654,370305
280019,370322
227883,370346
277782,370367
248643,370380
238115,370435
973510,370457
370501,370529
228696,370540
244723,370564
244768,370586
246161,370604
370643,370662
256588,370689
247938,370708
973510,370720
246998,370749
251180,370765
297842,370783
266495,370806
236003,370823
235908,370847
235954,370868
245617,370881
265410,370909
238400,370921
242397,370945
229155,370966
229193,370984
226611,371001
256655,371029
366326,371040
371064,371086
227883,371103
371126,371142
229234,371161
264991,371188
234615,371208
371220,371249
236995,371265
263278,371283
238485,371306
265410,371323
371347,371368
371399,371415
371064,371436
304008,371458
366507,371470
327118,371491
248852,371518
234501,371539
228024,371556
228024,371573
232142,371594
229234,371616
233624,371637
233567,371659
226408,371671
231286,371692
233567,371713
234085,371732
247337,371750
234501,371778
237568,371797
237568,371811
226408,371830
316369,371853
269591,371876
239363,371895
235439,371914
262373,371933
269591,371951
269591,371979
236995,371998
230287,372012
230370,372031
303877,372054
230370,372077
250609,372096
262961,372110
230287,372134
273346,372152
227437,372175
259009,372199
255982,372217
256039,372238
280639,372255
372272,372293
264645,372319
227883,372335
696843,372357
341111,372374
696843,372390
233567,372414
286531,372433
257023,372451
271233,372479
232249,372498
255845,372511
255845,372530
255897,372553
255897,372576
255897,372595
226682,372613
226682,372632
226682,372650
226477,372678
226477,372697
226477,372716
372763,372785
372763,372802
255163,372825
248305,372841
696843,372860
261810,372904
372927,372943
372927,372962
321494,372989
321494,373003
291521,373026
291521,373061
278169,373088
373116,373137
266495,373159
236673,373171
373222,373246
319565,373267
236673,373280
259009,373308
327063,373320
327118,373349
321247,373365
321247,373383
246882,373401
234085,373429
235089,373440
372927,373464
274099,373486
274099,373504
274099,373527
274047,373543
274047,373562
274047,373589
228076,373602
228076,373625
345037,373641
321247,373660
250240,373687
318713,373706
373723,373747
318713,373768
259447,373781
259391,373809
259391,373821
259391,373845
259447,373866
259391,373884
227348,373907
373953,373976
259391,373995
696843,374013
374066,374084
690920,374107
260730,374124
250569,374148
250609,374169
239550,374182
261810,374202
369415,374225
374256,374273
231927,374294
696843,374315
696843,374336
696843,374358
303812,374391
696843,374410
303812,374434
696843,374452
231927,374475
696843,374499
696843,374512
696843,374531
696843,374554
303812,374577
696843,374596
303812,374614
303812,374633
696843,374651
696843,374679
303812,374698
696843,374717
696843,374738
696843,374755
696843,374772
696843,374793
696843,374819
303812,374835
303812,374857
303812,374874
337235,374890
696843,374916
303812,374937
231927,374959
231927,374971
231927,374992
696843,375014
239550,375033
256588,375051
375108,375120
375108,375149
239550,375165
239550,375183
239550,375203
239550,375226
239550,375242
239550,375261
375300,375328
247371,375344
239550,375363
369415,375385
369415,375407
233567,375424
696843,375448
303812,375469
283600,375482
261810,375509
321247,375521
372927,375545
372927,375566
321247,375584
261810,375606
261810,375623
321247,375647
375668,375681
261810,375702
273398,375741
239550,375760
231240,375787
233567,375804
375108,375827
372927,375843
341111,375862
327063,375889
327118,375901
230755,375929
230287,375940
232249,375964
341111,375986
376006,376023
238400,376047
341111,376068
341111,376081
376006,376109
341111,376121
250569,376145
250569,376166
341111,376184
327063,376204
341111,376227
341111,376243
341111,376262
341111,376289
341111,376301
341111,376329
341111,376340
341111,376364
341111,376386
341111,376408
376420,376449
250569,376465
376483,376505
250609,376522
327118,376546
376579,376598
376006,376611
341111,376630
341111,376653
366507,376676
341111,376695
696843,376719
231962,376735
230287,376757
232249,376774
230755,376790
230287,376816
232249,376837
306862,376859
232142,376871
226477,376892
280591,376918
227883,376939
230287,376956
232249,376973
250569,376994
377025,377041
377060,377087
245617,377104
245617,377127
973510,377143
367500,377162
368078,377189
367500,377209
226611,377221
227883,377245
266363,377266
282393,377284
230287,377307
370501,377324
314805,377348
361911,377369
361969,377382
264991,377400
269591,377428
238485,377444
324665,377463
696843,377503
303812,377526
261540,377542
255308,377561
238574,377588
251180,377601
377629,377640
229027,377664
229234,377686
377705,377722
226682,377746
226477,377767
236163,377780
366507,377808
226682,377820
229776,377849
229776,377865
229822,377883
229822,377906
377923,377947
238485,377968
238485,377981
360640,378007
358711,378024
254223,378048
378069,378082
261810,378105
248305,378122
248305,378146
248305,378167
254223,378180
254275,378200
254321,378228
378271,378292
378271,378318
378341,378360
378341,378387
236995,378506
238485,378523
231927,378547
303812,378568
378599,378612
260730,378631
361911,378654
361969,378677
378704,378727
361911,378743
361969,378762
361969,378789
361969,378801
361969,378829
378840,378864
255163,378886
238485,378903
259835,378926
378942,378961
237568,378988
237568,379004
237568,379027
226682,379043
233099,379062
233145,379089
233197,379101
378942,379129
379140,379164
238574,379186
262620,379206
236673,379223
266219,379247
262620,379268
303094,379281
955633,379309
230287,379321
227002,379345
294002,379366
255163,379384
226611,379402
236995,379425
361969,379441
262696,379460
255163,379487
237568,379500
227250,379528
227437,379544
864658,379563
379626,379642
238485,379661
238485,379688
238485,379707
238485,379724
379753,379776
245617,379795
245617,379814
262620,379833
301720,379851
315694,379879
255163,379898
227250,379912
227437,379931
255163,379954
300833,379977
255163,379996
226477,380017
262696,380038
293894,380055
320710,380072
293802,380093
293856,380119
226546,380135
259835,380157
380174,380190
348042,380212
380249,380265
262696,380283
747132,380306
380352,380375
361969,380399
228076,380415
233800,380436
973510,380458
255163,380470
264991,380491
361911,380518
361969,380539
238574,380556
238574,380573
380594,380616
238574,380637
304008,380659
269884,380671
255163,380692
255163,380713
255163,380732
238574,380750
255163,380778
865657,380797
283600,380811
230287,380830
232249,380853
238485,380876
238485,380895
237568,380914
226682,380933
230287,380951
230287,380979
226682,380998
226682,381018
226477,381039
230287,381056
230287,381073
232249,381094
226682,381115
226682,381136
226682,381158
226682,381170
226477,381191
226477,381213
226682,381232
226477,381250
226682,381278
226477,381297
232249,381311
226477,381330
229155,381353
229117,381376
229193,381395
229155,381416
229193,381437
381459,381471
226682,381492
226477,381519
226682,381535
226682,381557
226477,381574
226477,381590
226682,381617
226477,381638
226682,381655
226477,381672
233099,381693
233145,381714
226682,381733
226477,381751
226477,381779
242223,381798
240450,381812
226477,381831
226682,381854
226477,381877
226682,381896
226477,381910
227136,381934
227189,381952
230287,381975
226682,381999
226477,382013
227094,382032
227136,382050
227189,382078
226682,382097
226477,382111
226477,382130
226682,382153
226682,382176
226477,382195
226682,382218
226477,382239
226682,382256
226477,382273
248909,382294
248852,382315
266495,382336
238574,382358
238574,382370
361969,382391
382447,382468
230755,382481
230287,382508
232249,382520
237568,382549
237568,382565
237568,382583
300730,382605
251180,382622
237568,382646
237568,382667
251180,382680
237568,382701
237568,382729
869741,382740
869741,382764
237568,382786
306862,382803
265512,382826
267174,382842
267594,382861
251180,382888
382900,382928
237568,382944
251180,382963
869741,382985
869741,383004
237568,383043
869741,383062
237568,383089
237568,383101
237568,383129
251180,383140
237568,383164
237568,383186
869741,383206
383223,383247
237568,383268
237568,383281
251180,383309
237568,383321
237568,383345
237568,383366
237568,383384
869741,383402
237568,383425
237568,383441
237568,383460
268215,383487
268215,383500
383537,383559
237568,383571
237568,383592
237568,383619
251180,383635
237568,383657
237568,383674
237568,383690
251180,383711
869741,383730
383782,383805
383822,383846
869741,383867
248474,383880
228024,383908
973510,383920
228076,383949
228076,383965
237568,383983
384005,384022
251180,384046
228024,384067
239550,384080
384108,384120
384149,384165
247668,384183
384203,384226
237568,384242
237568,384261
237988,384288
227002,384300
262620,384328
237568,384344
234852,384363
661453,384385
237654,384407
236116,384424
270722,384448
262620,384469
227883,384482
227831,384509
240237,384521
280591,384545
262620,384566
266219,384584
384606,384623
230755,384647
231152,384668
384699,384718
269061,384739
247986,384756
247938,384773
247986,384794
366507,384815
384843,384862
256705,384889
245617,384901
973510,384929
232375,384940
747132,384964
228445,384986
747132,385006
747132,385023
747132,385047
226682,385068
226477,385081
239550,385178
228076,385197
248474,385215
228076,385236
973510,385258
973510,385270
239550,385291
239550,385317
384005,385338
385372,385393
973510,385412
973510,385431
973510,385454
228076,385477
973510,385496
385514,385533
228076,385598
385624,385648
385703,385726
330292,385742
239760,385761
265667,385788
226611,385800
869741,385828
226408,385844
226611,385863
226611,385885
265667,385902
317828,385925
226682,385941
226477,385960
269591,385987
385514,386007
228076,386024
353106,386069
262620,386082
238400,386105
242397,386122
226408,386146
341078,386167
248305,386180
229234,386200
386228,386244
320710,386263
293802,386285
293856,386302
291430,386325
228076,386341
973510,386360
226611,386387
269591,386409
269591,386421
269591,386445
296346,386466
747132,386484
747132,386506
747132,386523
386552,386575
386552,386599
386552,386612
267594,386631
267853,386677
229234,386696
240237,386715
229027,386736
234615,386758
247288,386770
229027,386791
297900,386817
229027,386838
267594,386855
248141,386872
270722,386893
266219,386919
331551,386935
262620,386957
386228,386974
349262,386990
230287,387019
321247,387035
266495,387057
321247,387074
321247,387090
266495,387116
234501,387171
230370,387192
227883,387214
269591,387233
353106,387251
387308,387320
245617,387349
385132,387365
268580,387383
268580,387401
303094,387429
303094,387440
387464,387486
248305,387504
256705,387527
245617,387543
696843,387562
247938,387589
247986,387602
246998,387625
234852,387641
661453,387660
239760,387687
387734,387752
268546,387775
269591,387813
260384,387832
276582,387850
973510,387878
236995,387897
387924,387948
387995,388012
387995,388031
388065,388083
388065,388106
227883,388123
227883,388147
388168,388181
262620,388201
239760,388229
295848,388240
239760,388264
230370,388286
230370,388303
233800,388326
384149,388342
247668,388361
388414,388433
388451,388479
369415,388498
333651,388511
333651,388530
322166,388553
322166,388576
388609,388621
388609,388645
388716,388737
388763,388785
249621,388825
229027,388841
291521,388860
278169,388887
388716,388904
388936,388958
388936,388970
388936,388991
388936,389016
388936,389037
388936,389059
246126,389071
247938,389092
247986,389118
955633,389139
747132,389156
747132,389173
227831,389194
747132,389211
226682,389230
226477,389253
226477,389276
226682,389295
226682,389314
226477,389333
747132,389351
256655,389379
256705,389398
245617,389419
246126,389435
246126,389457
246126,389474
246126,389490
246126,389517
246126,389538
246126,389555
246126,389572
246126,389593
246126,389615
260384,389636
246126,389658
389670,389691
352365,389712
237654,389731
648120,389875
648165,389899
246126,389913
389945,389966
648120,389984
390009,390021
262620,390084
325904,390107
226611,390124
265667,390148
366507,390169
341111,390182
250569,390202
250609,390225
229425,390241
262620,390260
262620,390287
255163,390304
390009,390327
236995,390343
236995,390362
279212,390389
239623,390406
390423,390447
390468,390481
390468,390508
762077,390520
390577,390596
390577,390614
270722,390633
262620,390651
262620,390679
262620,390698
262620,390717
390740,390764
864658,390786
256705,390803
245617,390826
256655,390842
245617,390861
276771,390888
325684,390900
256705,390928
245617,390944
280591,390963
256655,390985
245617,391008
256705,391020
227883,391049
246296,391065
256705,391083
245617,391106
973510,391123
291521,391147
391168,391181
278169,391201
227883,391229
321247,391240
230755,391264
230287,391286
230287,391303
391335,391357
291521,391433
291521,391451
278169,391479
278169,391498
973510,391553
262696,391576
262620,391595
260585,391613
748249,391632
391666,391684
391700,391728
391666,391744
262620,391763
228076,391785
246161,391802
246208,391825
228076,391841
325684,391860
245617,391887
391936,391958
256655,391970
256705,391991
245617,392017
245617,392038
256655,392055
256705,392072
247337,392093
247337,392119
260585,392135
260384,392157
245617,392174
256655,392190
256705,392212
256705,392231
245617,392254
256655,392277
245617,392296
256655,392310
256705,392334
325684,392352
260585,392375
256705,392399
245617,392415
315625,392436
256655,392458
256705,392470
245617,392491
256705,392518
245617,392539
964036,392594
964036,392616
260585,392637
276771,392659
325684,392671
256655,392692
256705,392713
245617,392732
245617,392750
256655,392778
276771,392797
325684,392811
245617,392830
245617,392853
325684,392876
256655,392895
256705,392933
256705,392951
245617,392998
245617,393010
325684,393034
256655,393052
256705,393099
245617,393113
245617,393132
325684,393150
256655,393178
256705,393197
245617,393215
256655,393236
256655,393258
256705,393270
256705,393291
245617,393317
245617,393338
260585,393355
256705,393372
245617,393393
260585,393412
256705,393431
256655,393454
256705,393477
245617,393496
256655,393514
256705,393533
245617,393551
366326,393579
245617,393598
245617,393611
260585,393630
260626,393653
973510,393676
973510,393695
973510,393719
973510,393735
973510,393757
228076,393774
256705,393790
245617,393816
325684,393859
245617,393871
246882,393892
393939,393956
393973,393994
304697,394016
256655,394037
256705,394059
245617,394071
245617,394092
235833,394118
973510,394139
973510,394156
228076,394173
228076,394194
973510,394211
256705,394230
228076,394253
228076,394276
245617,394295
973510,394314
245617,394333
260585,394351
245617,394379
341336,394398
973510,394419
246296,394435
246347,394457
391936,394474
393973,394490
394517,394538
394564,394586
306901,394604
394627,394643
393939,394662
393973,394689
394517,394708
226546,394720
394765,394783
256655,394806
256705,394823
245617,394847
256655,394868
366326,394881
245617,394909
227883,394921
229027,394945
264645,394966
747132,394984
294284,395004
391936,395027
747132,395043
747132,395062
395117,395138
395164,395186
395210,395234
321635,395252
361969,395275
361969,395299
361969,395313
361911,395332
361911,395350
361911,395378
260384,395397
256655,395418
256705,395439
245617,395456
366326,395473
260626,395494
245617,395516
256705,395537
256705,395559
245617,395571
361911,395592
361969,395619
324394,395635
236673,395657
352429,395674
259009,395690
264645,395711
247288,395730
393973,395753
394517,395776
237568,395795
231286,395814
233567,395833
395851,395879
395851,395898
395920,395949
395977,395996
396019,396035
239760,396057
973510,396074
973510,396090
228076,396116
973510,396137
973510,396159
228076,396171
227883,396192
240237,396214
393973,396233
394517,396251
291521,396279
264991,396298
262696,396312
264645,396331
261810,396354
227250,396377
733478,396396
253584,396417
246347,396438
266363,396455
275285,396472
228076,396493
230370,396515
264991,396536
279283,396558
234085,396570
232142,396591
230287,396618
237568,396639
266495,396656
684455,396673
293650,396694
384699,396710
341078,396734
234419,396752
864658,396775
247986,396799
396813,396832
324665,396850
232745,396878
327517,396897
232745,396911
396930,396953
396982,397007
279283,397024
747132,397048
327461,397069
397114,397133
397114,397151
301092,397179
324665,397198
232745,397216
964036,397237
324665,397259
232745,397271
397292,397318
324665,397339
232745,397356
327461,397373
232745,397432
327517,397450
324665,397478
324665,397497
232745,397510
232745,397534
327517,397552
232745,397575
324665,397599
324665,397612
324665,397677
324665,397696
397715,397736
397758,397770
324665,397791
324665,397817
232745,397838
324665,397855
397631,397872
397631,397893
324665,397919
232745,397935
324665,397957
232745,397974
251180,397990
398039,398056
398104,398127
398158,398170
297971,398191
298091,398213
398266,398284
398266,398307
226477,398324
964036,398348
398376,398395
228076,398416
228076,398437
228445,398574
235908,398590
235954,398617
236003,398638
865657,398655
301796,398672
301847,398693
262696,398714
262696,398733
371220,398751
269061,398779
246692,398798
246745,398812
246998,398831
246296,398854
747132,398877
228076,398896
398947,398968
398999,399014
973510,399033
229425,399051
229473,399079
324665,399098
232745,399112
327517,399131
255845,399154
255897,399177
747132,399196
398376,399219
228024,399235
228076,399257
226682,399274
226477,399290
324665,399316
232745,399337
228076,399359
865657,399371
973510,399392
964036,399411
367500,399430
368078,399453
399482,399509
228024,399521
228076,399545
964036,399566
973510,399584
228076,399606
228076,399623
973510,399647
228076,399668
393973,399681
394517,399702
399739,399756
399804,399827
304697,399843
265410,399862
371347,399889
238400,399901
315057,399929
276771,399940
247804,399964
230370,399986
324665,400003
230370,400026
230370,400042
230370,400061
400088,400100
230370,400128
316369,400144
226844,400163
400185,400205
316369,400222
245189,400246
245189,400267
316369,400280
316369,400308
316369,400320
316369,400349
316369,400365
316369,400383
316369,400401
316369,400429
316369,400440
245189,400464
245189,400486
316369,400504
279072,400527
400570,400591
400570,400618
269159,400639
279072,400656
371220,400673
281155,400694
747132,400710
400734,400752
279072,400775
279072,400799
226611,400813
748093,400832
400866,400884
400907,400924
244884,400948
747132,400969
269061,400982
229027,401004
864658,401027
401043,401062
401089,401101
401138,401155
231240,401172
228445,401193
238278,401210
269884,401234
229234,401252
747132,401275
250678,401299
864658,401313
748283,401332
973510,401350
325684,401378
276771,401397
228445,401418
747132,401439
283600,401456
246161,401473
246208,401494
401516,401537
747132,401559
955786,401571
401592,401619
314642,401635
291131,401657
228445,401674
747132,401690
747132,401711
747132,401730
747132,401753
271061,401776
271061,401795
401814,401833
401867,401880
250240,401908
401920,401949
747132,401965
230755,401983
230287,402006
227883,402023
747132,402047
227883,402068
973510,402081
246882,402109
226611,402121
235782,402145
235833,402166
235833,402184
255845,402204
255897,402227
248852,402243
230287,402262
226611,402289
955729,402301
227883,402329
246882,402340
747132,402364
228445,402386
747132,402408
228445,402420
228445,402449
747132,402465
228445,402483
228445,402505
228445,402522
228445,402546
228445,402567
747132,402580
747132,402607
747132,402624
747132,402648
747132,402669
747132,402682
747132,402703
747132,402726
228445,402742
747132,402761
747132,402788
747132,402800
254223,402828
254275,402844
254321,402863
747132,402885
747132,402902
747132,402925
747132,402941
228445,402960
747132,402987
747132,403001
747132,403029
747132,403040
747132,403064
253203,403086
228445,403103
228445,403126
228445,403142
228445,403161
228445,403188
228445,403208
228445,403220
228445,403249
228445,403265
403283,403306
747132,403323
747132,403347
747132,403368
747132,403381
747132,403404
747132,403427
747132,403443
747132,403462
747132,403489
747132,403502
747132,403525
747132,403541
747132,403560
747132,403587
747132,403600
747132,403628
747132,403644
747132,403663
747132,403685
747132,403709
747132,403721
747132,403745
747132,403766
747132,403784
747132,403807
747132,403824
747132,403848
747132,403869
747132,403882
747132,403905
747132,403922
747132,403946
747132,403967
747132,403980
747132,404007
747132,404024
747132,404048
747132,404069
747132,404082
747132,404105
747132,404122
747132,404146
747132,404167
747132,404180
747132,404200
747132,404228
747132,404244
747132,404263
747132,404285
747132,404302
747132,404325
747132,404341
747132,404360
747132,404387
747132,404409
747132,404421
747132,404445
747132,404466
747132,404484
747132,404506
228445,404523
228445,404547
747132,404568
747132,404581
747132,404608
747132,404620
747132,404649
253203,404665
747132,404683
747132,404704
228445,404727
228445,404743
747132,404762
747132,404789
747132,404801
531167,404829
747132,404840
747132,404864
531167,404886
228445,404903
228445,404926
228445,404942
228076,404961
228076,404988
747132,405008
747132,405020
228445,405049
747132,405065
747132,405083
228445,405106
531167,405123
747132,405147
747132,405168
747132,405181
747132,405201
747132,405229
747132,405240
747132,405264
747132,405286
747132,405326
747132,405342
228445,405361
747132,405388
228445,405405
747132,405422
747132,405446
747132,405467
747132,405480
747132,405507
747132,405524
228445,405548
747132,405569
973510,405582
747132,405609
747132,405621
747132,405645
228445,405666
279212,405684
747132,405700
747132,405728
405759,405771
747132,405792
228445,405818
747132,405839
747132,405856
747132,405873
747132,405894
747132,405915
228445,405936
747132,405958
747132,405970
291022,405991
531167,406013
401138,406032
747132,406050
276582,406078
385514,406097
228076,406111
747132,406130
406169,406182
906156,406202
906156,406225
906156,406241
228445,406260
747132,406287
747132,406304
747132,406327
747132,406343
747132,406362
747132,406389
228076,406406
238278,406423
973510,406447
228445,406468
747132,406481
747132,406508
262620,406520
747132,406549
747132,406565
406596,406614
257023,406633
297343,406651
262696,406679
264645,406698
228076,406717
747132,406738
255163,406755
226546,406772
230900,406793
230959,406819
406861,406888
406916,406937
228076,406959
406985,407000
352365,407028
226611,407044
228445,407063
227250,407085
228547,407102
329820,407125
260965,407141
279212,407160
235516,407187
228076,407207
407224,407248
242397,407269
273276,407282
273224,407305
273346,407322
238400,407346
276650,407367
270722,407403
407435,407457
407435,407474
407435,407490
407529,407540
407529,407564
276650,407586
407604,407627
276650,407643
327351,407662
232072,407689
242397,407708
262696,407720
264645,407749
301720,407765
301720,407783
300833,407806
293894,407823
293936,407847
407868,407881
407913,407932
262696,407950
407913,407978
262696,407997
255163,408014
293802,408033
293856,408051
248643,408079
255163,408098
255163,408112
248643,408131
235782,408154
235833,408177
269591,408196
293759,408219
293802,408235
293856,408257
293894,408274
293936,408290
407868,408316
293759,408337
320710,408359
408371,408392
293802,408411
293936,408430
293856,408453
407868,408476
299534,408495
283600,408513
320710,408532
293802,408550
293856,408578
400570,408597
277537,408610
248305,408634
226611,408652
270722,408675
295212,408699
228445,408718
339792,408739
266495,408756
231152,408773
255845,408794
255897,408815
255845,408836
255897,408858
259835,408870
261156,408891
250678,408917
256588,408938
248305,408955
238162,408972
238115,408993
238115,409018
238115,409039
238162,409056
248852,409073
267594,409094
264991,409115
661453,409136
864658,409158
238115,409170
409191,409213
865657,409232
248305,409250
246296,409278
246347,409297
246347,409311
360640,409369
358711,409382
226477,409400
226477,409428
226477,409444
973510,409463
233197,409485
233099,409503
233145,409526
239760,409542
266363,409561
236995,409588
228445,409601
255163,409629
409655,409672
409693,409714
227952,409733
409751,409779
239363,409798
239407,409812
409831,409854
239363,409877
973510,409896
973510,409910
955786,409934
409968,409981
410011,410030
410069,410082
410114,410133
410167,410180
373222,410200
410237,410259
301720,410271
747132,410292
259009,410318
259009,410339
265512,410356
238400,410373
238400,410394
242397,410413
242397,410432
410484,410506
264645,410523
366326,410547
366326,410568
226682,410581
226477,410608
230755,410620
230287,410649
230287,410665
407913,410683
291257,410704
226611,410727
391335,410743
238400,410762
242397,410789
248305,410801
264645,410829
246998,410840
255897,410864
226408,410886
312691,410903
276771,410926
245617,410942
231927,410961
747132,410988
228024,411006
248305,411023
255845,411047
232142,411068
238162,411081
864658,411109
226682,411121
226477,411145
262620,411166
228076,411184
234085,411204
397631,411227
269591,411243
391936,411262
234016,411289
228076,411301
236995,411329
973510,411340
234501,411364
230287,411386
229516,411408
232142,411420
230468,411449
230531,411465
231152,411483
234085,411505
246998,411522
279283,411546
269591,411567
696843,411580
353106,411607
361911,411624
361969,411648
865657,411669
230370,411682
235782,411703
235833,411726
247288,411742
233800,411761
227437,411788
257121,411800
230287,411828
226546,411844
230900,411863
291521,411885
278169,411902
246126,411925
250147,411941
250303,411960
398947,411987
398999,412004
238574,412027
238574,412043
262620,412062
321247,412089
321247,412101
321247,412129
235782,412140
343510,412164
343510,412186
321247,412206
321247,412223
330387,412247
412268,412281
412313,412332
412350,412378
268918,412418
412441,412460
412441,412487
211857,412500
211857,412528
264991,412544
230287,412563
322166,412585
226757,412603
303812,412626
696843,412642
280878,412661
412688,412707
268956,412724
280911,412748
413195,413239
413256,413273
413294,413315
267174,412769
229027,412782
229027,412805
237568,412822
266363,412846
275285,412867
229027,412880
317828,412908
226408,412920
264991,412949
696843,412965
303812,412983
261540,413009
747132,413021
973510,413045
239760,413066
234501,413084
238485,413107
227437,413124
413153,413176
413195,413218
413336,413358
247371,413370
247337,413391
247371,413410
247371,413434
228024,413452
413475,413499
228024,413512
413475,413531
413475,413554
413475,413577
229234,413596
245348,413614
245395,413633
413667,413680
261540,413701
270574,413729
331150,413740
341874,413764
341740,413786
331204,413803
413826,413842
254223,413861
254275,413888
248643,413900
244723,413928
244768,413944
239550,413963
229027,413985
233449,414003
301092,414026
234852,414042
661453,414061
259963,414088
248643,414100
297633,414128
414144,414163
265667,414185
280639,414205
260833,414222
923944,998650
226682,414267
226477,414280
226408,414308
228445,414320
255163,414349
279212,414365
227952,414383
239407,414401
330387,414429
269061,414440
228445,414464
747132,414486
227883,414504
318713,414527
414558,414570
246692,414591
246745,414618
246797,414639
408371,414656
293936,414673
407868,414694
240237,414710
385514,414734
228076,414752
226682,414775
315625,414799
227437,414813
365466,414832
299534,414850
230287,414878
232249,414897
245808,414911
287615,414930
414953,414976
235782,414995
235833,415018
246161,415039
246208,415056
254223,415073
254275,415094
269061,415115
269061,415136
262961,415158
254223,415170
254275,415191
254223,415213
269061,415232
262961,415250
415278,415297
415311,415330
415353,415376
233145,415395
254223,415416
254223,415437
254275,415459
254223,415471
254223,415492
254275,415519
254275,415535
254223,415557
254275,415574
229425,415590
236995,415617
371220,415638
236995,415655
236995,415672
236995,415693
236995,415714
236995,415733
415751,415779
371220,415798
236995,415812
236995,415831
371220,415854
236995,415877
236995,415896
236995,415910
236995,415934
415751,415952
415751,415975
415751,415999
415751,416017
416038,416055
236995,416072
236995,416093
236995,416119
236995,416135
236995,416157
236995,416174
236995,416190
236995,416212
236995,416231
236995,416254
236995,416277
236995,416296
236995,416310
236995,416334
236995,416352
236995,416375
236995,416399
236995,416415
236995,416436
236995,416458
236995,416470
236995,416491
236995,416518
236995,416539
236995,416556
236995,416573
236995,416594
236995,416616
236995,416637
236995,416659
236995,416671
236995,416692
236995,416713
236995,416732
236995,416750
236995,416778
236995,416797
236995,416811
236995,416830
236995,416853
236995,416876
236995,416895
236995,416914
236995,416933
236995,416951
246296,416979
246347,416998
251180,417014
247337,417033
226477,417051
287564,417079
287615,417098
245808,417112
236995,417131
246296,417154
253955,417177
246347,417196
246347,417219
283600,417235
283600,417257
748093,417274
236995,417290
254223,417316
254275,417337
331551,417359
283600,417371
417424,417448
279811,417469
280019,417482
417513,417532
417424,417550
417584,417606
248367,417623
391936,417647
391936,417668
391936,417681
417739,417756
417787,417804
254223,417827
254275,417843
229425,417862
230370,417889
747132,417901
229425,417929
248643,417940
233800,417964
266363,417986
266363,418000
275285,418028
275285,418044
260138,418063
262373,418085
279283,418102
407913,418125
407913,418141
266363,418160
327351,418187
407913,418207
255897,418224
418282,418305
317243,418322
231152,418346
267594,418367
230370,418380
248305,418403
229234,418426
229027,418442
266363,418461
266363,418488
275285,418501
266363,418529
275285,418540
283600,418564
235782,418586
235833,418604
229776,418627
235782,418643
235833,418662
418689,418708
247804,418720
407913,418749
262373,418765
270324,418783
226477,418806
418823,418847
418868,418881
228076,418909
235782,418921
235833,418945
230370,418966
235782,418984
246161,419008
235833,419020
246208,419049
235782,419065
262373,419083
235833,419106
326971,419123
326971,419147
407913,419168
419199,419217
696843,419255
235833,419272
235782,419293
229234,419319
229027,419335
246161,419357
400570,419374
400570,419390
400570,419414
235782,419433
260965,419451
260965,419479
260965,419498
304008,419511
228076,419530
273224,419553
273346,419576
260965,419595
246161,419613
246208,419632
230370,419650
230370,419678
230370,419697
373953,419716
373953,419737
373953,419759
245617,419771
230370,419792
230370,419818
275285,419839
256705,419856
276771,419873
366286,419894
256655,419915
245617,419936
419958,419970
247804,419991
230370,420018
230370,420039
279692,420056
279745,420073
325684,420094
227250,420115
733478,420136
229234,420158
302552,420170
302649,420191
325390,420213
406169,420232
865657,420250
226682,420278
226477,420297
230755,420311
747132,420330
234085,420353
235089,420376
234085,420395
234085,420416
235089,420437
255734,420459
955633,420471
247371,420492
420526,420542
226477,420561
747132,420588
264645,420601
747132,420629
420655,420672
274859,420693
226682,420714
226477,420733
239407,420751
269884,420779
747132,420798
228445,420812
280832,420831
269159,420854
747132,420877
747132,420896
227883,420910
226477,420934
747132,420952
747132,420975
747132,420999
747132,421019
269159,421035
747132,421057
269159,421074
269159,421090
269159,421116
318713,421137
257023,421159
257023,421171
257023,421192
257023,421214
352192,421233
352192,421251
256798,421279
257023,421298
352192,421312
352192,421331
955273,421377
955273,421396
257023,421417
257023,421438
257023,421455
955273,421472
271061,421493
747132,421515
747132,421536
227883,421558
321494,421570
352192,421591
955273,421618
257023,421639
400570,421656
239363,421673
230370,421694
269159,421710
421734,421752
278916,421775
226408,421799
264991,421813
232745,421832
397631,421850
236455,421878
255163,421897
747132,421911
747132,421930
747132,421953
226477,421976
422022,422046
259009,422067
422080,422108
422131,422154
422080,422177
236455,422196
334845,422219
422080,422235
236455,422257
236455,422274
236455,422290
236455,422316
422344,422363
422080,422385
422080,422407
422080,422424
422080,422448
422080,422469
334845,422482
334845,422509
422080,422521
334845,422545
236455,422566
327564,422584
422610,422634
236455,422652
262961,422675
234419,422699
227348,422718
227348,422739
246126,422756
229516,422773
226611,422794
227883,422815
240237,422836
259835,422858
227250,422870
255163,422891
246126,422917
384005,422938
237654,422955
864658,422972
423000,423028
423044,423063
227883,423085
282837,423102
423139,423156
747132,423173
282837,423194
226682,423211
226682,423230
226477,423253
226477,423276
229193,423295
229117,423314
229155,423333
309074,423351
270471,423379
226682,423398
226682,423419
226682,423435
226477,423457
226477,423474
226477,423490
226546,423517
230900,423538
230959,423555
229155,423572
229193,423593
255377,423615
341336,423636
423689,423708
279212,423749
279212,423765
227437,423783
227437,423806
248852,423823
246692,423847
246745,423868
246797,423881
423909,423921
423945,423966
226546,423984
230900,424006
230959,424023
228445,424047
424075,424099
973510,424113
228076,424132
239550,424150
228076,424178
239550,424197
535515,424243
424262,424289
535562,424338
535618,424386
424431,424454
424483,424505
239550,424522
291699,424546
269591,424567
868492,424630
868459,424682
868492,424726
424757,424774
233800,424790
424844,424863
424892,424918
424941,424960
424994,425011
425030,425053
226477,425076
251180,425095
292163,425114
264645,425133
973510,425151
259963,425179
238485,425198
239760,425216
295848,425237
245617,425259
865657,425271
425318,425339
425409,425421
425450,425478
425506,425523
345731,425547
330387,425568
361911,425581
964036,425608
398376,425620
425677,425696
425727,425743
395851,425762
395851,425789
395920,425801
395920,425829
425840,425864
264077,425886
264077,425903
425935,425957
425935,425974
425990,426012
425990,426031
247337,426054
426106,426123
366326,426147
276771,426168
260626,426181
245617,426201
246882,426229
973510,426240
973510,426264
227250,426286
733478,426303
426357,426374
426357,426390
426422,426446
426422,426467
426498,426511
426498,426530
426569,426582
865657,426609
267174,426621
267594,426645
426666,426684
869741,426737
229027,426759
229234,426771
267853,426792
267594,426818
234615,426839
865657,426856
365076,426873
426894,426915
330292,426936
423909,426958
426989,427004
427036,427058
427089,427101
265565,427129
427155,427172
427155,427193
427155,427210
427155,427234
427155,427252
427155,427275
427155,427299
427155,427313
427155,427332
263722,427350
427384,427402
263722,427425
263722,427441
427460,427487
282837,427500
427528,427544
427563,427585
423139,427603
427626,427642
427661,427688
427707,427724
427748,427769
248474,427782
662003,427833
282837,427851
427563,427879
233800,427898
302696,427912
302552,427931
302552,427954
427977,427996
428021,428045
255019,428066
255019,428084
428107,428124
302649,428148
302649,428169
428182,428202
259009,428225
282837,428241
282837,428260
282837,428287
428304,428327
282837,428343
282837,428362
427661,428389
428406,428423
330292,428447
282837,428468
282837,428481
282837,428508
428520,428549
428565,428583
423139,428605
282837,428622
427563,428646
427626,428667
428304,428680
428304,428701
282837,428729
427528,428740
282837,428764
282837,428786
427528,428803
427563,428826
427563,428842
423139,428861
427626,428888
427661,428900
427661,428928
427563,428944
282837,428963
427563,428985
427661,429001
282837,429029
282837,429040
282837,429064
282837,429086
282837,429103
427563,429126
427528,429142
423139,429161
427661,429188
282837,429208
427563,429220
429277,429296
429277,429310
282837,429334
282837,429352
282837,429375
282837,429399
428304,429415
282837,429436
429277,429458
429277,429470
282837,429491
429518,429539
429573,429594
282837,429616
429637,429659
349960,429671
429692,429713
429732,429750
429778,429797
427707,429811
282837,429830
282837,429853
282837,429876
428520,429895
429946,429967
429946,429980
282837,430006
282837,430023
427563,430047
428304,430068
282837,430081
428520,430109
428520,430121
428565,430145
428565,430166
429518,430184
430204,430227
430204,430243
430262,430289
430301,430329
430355,430372
282837,430393
427563,430412
330292,430431
430454,430477
247337,430496
330292,430514
282837,430533
282837,430551
428520,430579
428565,430598
388414,430611
430630,430653
430676,430695
430726,430742
430726,430761
388414,430788
388414,430800
430837,430859
430885,430902
430726,430925
388414,430941
430973,430994
431022,431046
233800,431067
282837,431080
323375,431108
323443,431120
323518,431149
323587,431165
287615,431183
245808,431203
245808,431226
287615,431242
264991,431261
865657,431288
429277,431300
431328,431344
321247,431363
229425,431385
229473,431407
229425,431424
291257,431448
239550,431469
239550,431482
251180,431509
265410,431521
371347,431545
239550,431566
239760,431584
234016,431606
295848,431623
228076,431647
239760,431668
295848,431681
239760,431702
295848,431725
248852,431741
306862,431760
431787,431804
247337,431827
282837,431843
427563,431862
864658,431889
251180,431901
239760,431929
670106,431940
233800,431964
864658,431986
237568,432003
239760,432026
295848,432042
302696,432061
255019,432088
373723,432144
432163,432185
955633,432205
955633,432222
748093,432246
239760,432267
251180,432280
239760,432308
322166,432320
388716,432349
264645,432365
228076,432383
256039,432401
670106,432429
262696,432440
264645,432464
314898,432486
314898,432504
229776,432527
229822,432543
233262,432562
432589,432602
234419,432625
269591,432641
246296,432660
246347,432687
229516,432706
239760,432723
295848,432747
432775,432799
670106,432813
955633,432832
432850,432878
234016,432897
239760,432911
295848,432930
234016,432953
239760,432976
239760,432995
239760,433012
239760,433031
239760,433054
295848,433077
239760,433096
239760,433110
239760,433134
239760,433152
239760,433175
239760,433199
433229,433240
433264,433286
239760,433303
239760,433326
239760,433342
433361,433388
239760,433405
239760,433422
239760,433446
295848,433467
239760,433480
239760,433507
239760,433524
239760,433548
432775,433569
432775,433582
239760,433609
295848,433621
239760,433645
239760,433666
239760,433684
295848,433700
432775,433728
239760,433744
295848,433763
239760,433785
295848,433802
239760,433825
239760,433841
295848,433860
234016,433887
234016,433904
239760,433927
432775,433943
432775,433962
239760,433989
295848,434002
234016,434025
239760,434041
239760,434060
239760,434087
432775,434104
239760,434127
239760,434143
239760,434162
295848,434189
432775,434209
239760,434221
295848,434245
239760,434266
239760,434284
239760,434307
239760,434324
239760,434348
239760,434369
295848,434382
239760,434400
432775,434428
239760,434444
295848,434463
239760,434485
433361,434503
239760,434526
239760,434542
295848,434561
239760,434588
416038,434601
416038,434629
227437,434664
253300,434686
264645,434705
239760,434722
432775,434746
239760,434767
239760,434780
239760,434808
295848,434820
295848,434849
295848,434865
234016,434883
234016,434906
434952,434975
239760,434999
239760,435017
295848,435055
433361,435072
239760,435093
226844,435119
226844,435135
239760,435157
435174,435190
435212,435231
435254,435277
246126,435296
747132,435310
228024,435334
228076,435352
256588,435375
231152,435399
435443,435462
435489,435502
264645,435525
236995,435541
236995,435560
247337,435587
230287,435600
299534,435628
226682,435644
226477,435663
249716,435685
747132,435709
366507,435721
230287,435745
247288,435766
435811,435830
247288,435853
229117,435876
229155,435895
229193,435914
435946,435967
226892,435980
226790,436000
264991,436028
436092,436118
988056,436187
988056,436207
247288,436224
247288,436248
247288,436269
247288,436282
247288,436305
247288,436322
247288,436346
247288,436367
247288,436380
247288,436403
247288,436426
247288,436442
747132,436461
250147,436488
280832,436501
250303,436529
247288,436540
269377,436564
247288,436586
247288,436604
247288,436627
436691,436712
436731,436754
436810,436834
436852,436875
301092,436899
247288,436913
247288,436932
247288,436950
247288,436978
237568,436997
360640,437013
437045,437066
358711,437084
398266,437107
226682,437124
226477,437148
226682,437169
226477,437182
226682,437202
226477,437225
231152,437241
264991,437260
270722,437287
341078,437304
269591,437327
437358,437370
242441,437391
238400,437410
242397,437434
266363,437452
275285,437475
285446,437499
255897,437512
226477,437531
226477,437554
226477,437577
226477,437596
245617,437614
234016,437633
233800,437651
232375,437679
747132,437698
247337,437717
228445,437738
747132,437755
227883,437772
303324,437793
240237,437819
228445,437835
747132,437857
269280,437874
988056,437916
988056,437937
747132,437959
747132,437971
264991,437992
438015,438036
438058,438070
234016,438091
259009,438117
247288,438138
747132,438155
270722,438172
271562,438210
266219,438252
262696,438275
264645,438299
747132,438313
291521,438332
278169,438350
438418,438439
438418,438456
341874,438473
331150,438494
255845,438516
255897,438537
264991,438559
321247,438571
247986,438592
247938,438619
228445,438635
747132,438657
353106,438674
438724,438748
237568,438769
747132,438782
955786,438805
326738,438822
314642,438846
253300,438867
733478,438880
438912,438931
238485,438954
234852,438977
234852,438996
661453,439011
661453,439030
372927,439053
864658,439076
246296,439095
246347,439114
231405,439133
256705,439151
245617,439179
231405,439198
231405,439216
231405,439237
315057,439259
232375,439271
335382,439292
335382,439318
230468,439339
230531,439356
407913,439373
232249,439394
230287,439413
230287,439432
324665,439450
324665,439478
232745,439497
232745,439510
345731,439534
248909,439552
248852,439575
248909,439599
248852,439612
301636,439631
912986,439683
912986,439704
962194,439758
962194,439770
912938,439829
912938,439840
912938,439864
912938,439886
248852,439903
248909,439926
248852,439942
231405,439961
696843,439988
281724,440009
378942,440021
379140,440045
440078,440097
281724,440111
232142,440130
248305,440153
696843,440176
246998,440195
952356,440241
440294,440315
440294,440336
440294,440358
440389,440406
440423,440447
440475,440499
440512,440531
248852,440554
248852,440577
248852,440596
440614,440633
248852,440651
248852,440698
248852,440717
440738,440755
248852,440772
248852,440793
248852,440819
248852,440835
248852,440857
248909,440890
248852,440916
227002,440937
226682,440959
226682,440971
226477,440992
226477,441012
232142,441031
255845,441054
255897,441077
317317,441096
238115,441110
238162,441134
233567,441152
226408,441175
226408,441199
367500,441217
368078,441238
865657,441255
325684,441272
231152,441293
282837,441319
441335,441357
269591,441374
264645,441390
230287,441414
237568,441433
247938,441451
237568,441479
236995,441498
301092,441511
226408,441530
317828,441553
234852,441576
231240,441595
233567,441613
696843,441632
303812,441650
226682,441678
226477,441697
238400,441716
242397,441737
233099,441759
233145,441771
269591,441792
264991,441818
264991,441839
285123,441856
264991,441873
315057,441894
232375,441915
229027,441936
274859,441958
274788,441970
869741,441991
264991,442017
1019202,442086
442135,442157
442208,442220
442277,442296
442323,442347
442375,442399
232375,442415
442443,442462
359146,442489
280019,442502
226611,442525
269591,442541
442560,442587
232375,442600
232375,442628
232375,442644
315057,442663
324704,442709
334233,442721
232375,442745
232375,442784
269591,442807
264991,442824
254223,442848
254275,442869
442882,442905
238485,442922
237568,442946
264991,442967
264991,442980
246126,443006
443023,443047
272756,443068
272804,443081
272804,443109
272756,443121
443150,443178
443227,443243
443227,443262
270266,443289
747132,443301
380352,443329
380352,443364
443393,443412
443449,443465
443449,443483
246998,443505
443522,443546
279212,443567
227250,443580
733478,443607
255845,443624
255897,443648
331204,443669
229027,443682
227883,443703
973510,443726
227250,443742
227250,443761
235439,443788
255163,443800
246208,443828
246161,443844
244768,443863
443885,443902
415751,443925
227250,443941
234085,443960
443987,444000
229027,444028
230370,444044
264991,444063
246126,444085
955729,444102
267174,444125
234615,444141
229027,444160
251180,444187
290828,444207
264991,444224
309472,444248
255982,444269
256039,444282
277912,444305
444351,444379
444351,444398
444426,444442
444426,444461
264991,444488
238400,444501
242397,444529
226682,444540
226477,444564
232375,444586
231479,444604
357985,444627
358036,444643
275394,444662
229425,444689
262620,444708
266219,444720
291131,444749
361969,444765
361911,444783
256705,444806
245617,444823
264991,444847
285123,444868
264991,444881
255845,444909
255897,444921
427707,444945
236673,444966
228696,444984
256705,445004
245617,445027
247288,445043
364034,445062
364034,445089
229027,445101
229027,445129
864658,445140
269591,445164
233800,445186
226546,445206
762077,445223
248852,445247
269591,445268
762077,445281
762077,445309
762077,445321
230370,445345
229425,445384
229473,445402
230287,445425
264991,445441
228076,445460
269884,445487
269884,445500
310989,445528
445544,445563
341336,445585
226682,445603
255897,445626
869741,445642
230287,445661
230287,445688
230287,445707
232249,445724
232249,445748
232249,445769
226408,445782
341336,445805
227883,445822
235439,445846
233449,445867
233393,445880
233449,445908
445920,445949
314724,445965
262620,445983
341336,446003
341336,446026
341336,446042
341336,446061
234852,446088
234852,446100
661453,446128
661453,446144
234852,446163
234852,446185
661453,446205
661453,446222
234852,446246
661453,446267
446298,446312
446349,446365
325904,446383
341336,446401
341336,446429
262620,446440
353106,446464
446486,446504
230287,446527
232249,446543
230287,446562
227952,446589
230287,446602
407913,446625
407913,446641
407913,446660
446710,446734
747132,446752
255660,446775
263854,446799
263906,446813
263952,446832
264008,446850
446884,446907
446982,447007
447069,447082
447114,447133
251180,447198
230755,447216
230287,447237
247337,447259
226546,447271
230959,447292
238115,447318
238162,447339
299534,447356
226682,447373
226477,447394
229117,447413
229155,447432
229193,447450
226546,447478
230900,447497
270722,447510
266219,447534
238485,447552
229234,447575
228076,447599
234852,447612
661453,447631
246296,447654
864658,447677
747132,447696
747132,447715
747132,447736
747132,447758
228445,447770
747132,447791
747132,447817
228076,447838
228076,447855
747132,447872
747132,447893
226682,447919
226477,447935
227094,447957
227136,447974
227189,447990
226611,448018
226611,448039
230370,448056
236995,448073
266363,448094
275285,448115
865657,448136
231152,448158
234501,448170
233800,448191
247288,448213
269591,448232
448266,448284
448311,448330
255618,448353
255618,448376
255660,448395
259009,448416
912986,448437
912938,448459
407913,448471
300730,448492
260965,448519
391936,448535
239550,448557
957853,448629
231927,448640
226682,448664
448693,448714
448693,448733
255438,448751
255438,448779
320163,448798
448820,448849
448820,448865
448883,448906
320205,448923
320205,448947
320205,448968
448981,449005
304123,449022
449046,449067
449080,449108
448981,449120
449149,449165
269591,449183
269591,449203
269591,449226
269591,449242
269591,449261
269591,449288
269591,449300
269591,449344
269591,449363
269591,449385
865657,449407
236673,449424
229027,449448
229027,449469
246998,449482
234501,449509
293008,449521
247288,449545
250240,449566
449584,449606
301092,449623
301092,449647
301092,449668
301092,449681
301092,449702
301092,449725
301092,449741
301092,449760
449843,449862
230287,449889
232249,449901
230287,449929
301092,449940
449993,450014
230287,450033
230819,450051
230287,450079
229027,450098
297900,450112
450149,450165
301092,450183
301092,450203
301092,450226
301092,450242
301092,450261
230287,450288
232249,450300
230755,450328
230755,450344
230287,450363
230287,450385
230287,450407
230287,450424
232249,450448
230287,450469
230287,450482
238400,450509
242397,450521
262696,450545
227952,450566
248909,450584
248852,450606
262696,450623
226682,450647
226477,450668
226682,450681
233099,450702
233145,450725
391936,450741
260384,450760
231152,450787
236752,450804
747132,450827
230287,450843
232249,450862
231927,450889
303812,450901
234852,450929
234852,450940
661453,450964
661453,450986
229234,451009
227883,451021
292163,451045
230287,451066
906156,451084
278916,451107
275285,451124
865657,451148
229027,451169
230287,451182
747132,451202
226611,451225
451241,451260
451241,451287
451304,451327
228445,451343
272804,451362
255845,451389
246161,451406
246208,451423
354561,451447
865657,451468
280019,451481
255897,451508
226477,451520
255897,451549
234501,451565
250678,451583
747132,451605
265667,451622
228445,451646
451667,451680
226611,451701
226682,451729
226477,451740
246998,451764
257121,451786
264077,451803
425935,451826
451857,451874
274859,451890
451944,451963
235439,451985
235439,452002
226682,452025
226477,452041
865657,452104
747132,452127
227883,452143
452162,452189
341336,452209
232249,452221
864658,452245
452266,452284
249716,452307
216164,452348
339293,452369
339342,452382
339390,452400
339390,452428
339390,452444
226757,452463
226844,452485
747132,452503
747132,452526
864658,452542
247288,452561
452588,452601
248852,452629
308372,452640
375108,452664
375108,452686
375108,452705
375108,452722
260384,452746
747132,452767
227437,452780
227437,452808
253300,452820
228076,452849
234540,452865
324665,452883
324665,452906
324665,452923
324665,452947
232745,452968
327461,452981
327517,453007
864658,453024
267933,453048
246882,453069
453114,453133
453167,453180
226611,453200
227002,453228
275285,453244
226611,453263
226611,453285
265667,453302
245617,453325
359200,453341
427384,453360
232142,453387
262696,453409
226611,453421
274859,453445
274859,453466
234852,453484
661453,453506
246882,453523
246882,453547
453568,453581
453612,453631
453683,453704
231152,453727
246126,453743
300730,453762
235439,453789
235439,453801
864658,453829
747132,453840
747132,453864
250569,453886
747132,453903
747132,453926
747132,453942
228445,453961
246296,453988
246347,454001
266219,454029
230370,454040
230370,454064
230370,454086
246126,454103
341740,454126
246296,454142
246347,454161
253647,454188
246296,454208
246347,454220
246296,454249
246347,454265
454310,454334
454368,454381
454310,454404
246296,454427
246296,454443
246347,454462
246347,454489
246296,454502
246347,454525
246296,454541
253955,454560
246347,454587
341740,454600
331150,454628
331204,454644
341874,454663
235439,454685
235439,454709
246126,454721
255163,454745
226611,454766
276031,454784
277138,454807
234852,454824
661453,454848
246126,454869
454914,454933
454967,454980
455000,455028
455071,455092
955633,455118
226611,455139
244660,455156
864658,455173
865657,455194
1031863,455211
246296,455230
246347,455253
226611,455276
226611,455295
226611,455314
229516,455333
226611,455351
226611,455379
226611,455398
226611,455419
226611,455435
226611,455457
229516,455474
226611,455490
226611,455517
226611,455538
226611,455555
226611,455572
226611,455593
226611,455615
226611,455636
226611,455658
226611,455670
455691,455712
229516,455731
229516,455754
244660,455777
244660,455796
265667,455810
265667,455834
229688,455852
265667,455875
226611,455899
226611,455913
226611,455932
226611,455950
226611,455978
229516,455997
226611,456015
226611,456036
226611,456058
226611,456070
226611,456091
226611,456117
226611,456138
226611,456155
226611,456172
226611,456193
226611,456210
226611,456234
226611,456252
226611,456275
226611,456299
226611,456313
229516,456332
229516,456350
226611,456378
317828,456397
244660,456418
226611,456439
244660,456456
229688,456473
226611,456494
226611,456516
226611,456537
226611,456559
265667,456571
229516,456592
456619,456635
226611,456657
413195,456674
236673,456690
268408,456711
443522,456730
303877,456753
303877,456776
456795,456814
235439,456833
413826,456851
456880,456908
235439,456920
303877,456949
303877,456965
456996,457012
457031,457054
395851,457077
303877,457096
395920,457110
457134,457152
395851,457175
303877,457199
395851,457217
255897,457238
253647,457255
253647,457272
255845,457293
747132,457319
236116,457335
238485,457357
245877,457374
259287,457390
256849,457414
259287,457433
259287,457451
259287,457479
259287,457498
256849,457511
435212,457530
435174,457553
435174,457576
259287,457595
259287,457613
259287,457632
259287,457650
259287,457678
259287,457697
259287,457716
259287,457737
435212,457759
256849,457771
256849,457792
256849,457818
256849,457839
256849,457856
256849,457873
256849,457894
256849,457915
256849,457936
256849,457958
256849,457970
259287,457991
256849,458019
236163,458035
373116,458057
297842,458074
226844,458090
226757,458116
458137,458159
302552,458171
255019,458192
302649,458214
302552,458233
302649,458251
280493,458279
302696,458298
255019,458312
458331,458354
236116,458377
253203,458396
230287,458417
232249,458438
304123,458455
869741,458472
235439,458493
458515,458536
400570,458558
227002,458570
324665,458591
234852,458618
661453,458639
747132,458656
226682,458673
226477,458694
262620,458710
226611,458734
341111,458752
444351,458775
444426,458799
302696,458813
302552,458832
458850,458878
255019,458897
302649,458911
250678,458930
272756,458953
272804,458976
227883,458995
227883,459010
227883,459034
961523,459052
961523,459075
240237,459099
459121,459145
459121,459166
265667,459184
375108,459204
250678,459227
864658,459243
273276,459262
273224,459289
273346,459301
250678,459329
250678,459340
229425,459364
229473,459386
246296,459408
253647,459420
397114,459449
250678,459465
255019,459483
302649,459505
229027,459522
233800,459546
233800,459567
211916,459580
250678,459607
444351,459624
444426,459648
444351,459669
444426,459682
865657,459703
375300,459726
227002,459742
272300,459774
229776,459790
229822,459816
234501,459837
270574,459859
324665,459871
397715,459892
234501,459918
359146,459939
234852,459956
234852,459973
661453,459994
661453,460017
973510,460038
269061,460055
279283,460072
279283,460093
367500,460119
368078,460135
255163,460157
246296,460174
246347,460190
273059,460212
273059,460231
367500,460254
378942,460277
368078,460296
321247,460334
229822,460352
256705,460375
325904,460399
351226,460415
351290,460436
460489,460502
460539,460556
460587,460600
460637,460659
460671,460692
460721,460745
234615,460766
226682,460807
226477,460824
226477,460848
747132,460869
246126,460882
248305,460905
230287,460922
230287,460946
232249,460967
230755,460980
230755,461002
230755,461025
230755,461041
230755,461060
230755,461087
226611,461104
973510,461127
226408,461143
304697,461162
461213,461232
238574,461250
248305,461278
248852,461297
248909,461311
864658,461947
330292,461330
864658,461353
249716,461376
249716,461395
864658,461416
461463,461485
461519,461535
864658,461557
864658,461574
461590,461617
461638,461655
864658,461672
461722,461746
864658,461767
423044,461780
864658,461808
864658,461820
864658,461849
864658,461865
864658,461883
864658,461906
864658,461923
461968,461981
864658,462009
864658,462021
461968,462045
864658,462066
462084,462107
423044,462124
864658,462148
864658,462169
864658,462182
864658,462202
864658,462225
864658,462241
316369,462260
246692,462287
246745,462304
462327,462343
462389,462406
864658,462447
864658,462468
864658,462481
864658,462508
864658,462520
266495,462549
324665,462565
864658,462583
229516,462605
277537,462622
277537,462646
407604,462667
277537,462680
277912,462701
236163,462729
327351,462740
291257,462764
229516,462786
462803,462826
229234,462842
250678,462861
325904,462888
270471,462900
341111,462928
250678,462944
341111,462963
250678,462985
327118,463004
463027,463043
341111,463062
463117,463138
463164,463186
463210,463234
230755,463252
230287,463275
229027,463299
406169,463313
406169,463332
325390,463350
250678,463378
257885,463397
250678,463418
227883,463439
463487,463500
463487,463528
463559,463571
463559,463592
463626,463642
463626,463661
375300,463688
375300,463707
230287,463724
230287,463748
232249,463769
864658,463782
230287,463805
230287,463822
463846,463867
230287,463880
232249,463908
320710,463920
293802,463949
293856,463965
291290,463983
229234,464005
464022,464046
464067,464080
449843,464108
325342,464120
406169,464149
238910,464165
244723,464183
244768,464203
238968,464226
244723,464242
291290,464261
229027,464288
229234,464300
229027,464328
230287,464344
230287,464363
232249,464385
229234,464407
229234,464424
244723,464448
244768,464469
238910,464482
244723,464509
238968,464521
244768,464545
294601,464566
464584,464606
244723,464623
244768,464647
238910,464668
238968,464681
294601,464702
244723,464725
244768,464741
229027,464760
229027,464787
464836,464858
449843,464891
247938,464917
247986,464938
464986,465006
690920,465023
230287,465047
865657,465068
690920,465081
406169,465109
465145,465166
325684,465184
465215,465236
465262,465289
864658,465301
251180,465329
247337,465340
269246,465364
246126,465386
303590,465408
864658,465420
229027,465449
245617,465465
662003,465483
244723,465505
244723,465522
244768,465546
244768,465567
226757,465607
227002,465624
238041,465648
227002,465669
282837,465682
275285,465703
747132,465726
247337,465742
465761,465788
465800,465828
465844,465863
465800,465885
955633,465902
303094,465925
268630,465941
304123,465960
955786,465987
247513,466007
747132,466024
466048,466069
466048,466082
378069,466105
747132,466122
228445,466146
747132,466167
269246,466180
351226,466200
466228,466244
466228,466263
264077,466285
425935,466302
269159,466325
234085,466341
235089,466360
226682,466387
226477,466409
226682,466421
226682,466445
466466,466484
229234,466523
238162,466547
359409,466568
236163,466581
236116,466608
274859,466620
274788,466649
256705,466665
245617,466683
229776,466704
229822,466727
661453,466743
234852,466762
262696,466789
665853,466840
665853,466864
665853,466886
266363,466903
275285,466942
283600,466961
245617,466988
227437,467003
293008,467026
293008,467042
467074,467090
467144,467163
467192,467214
467246,467267
467192,467280
467246,467308
747132,467320
865657,467349
246126,467383
467401,467429
238278,467440
341111,467464
246998,467486
228445,467504
747132,467527
242223,467543
240450,467562
226682,467589
226477,467602
227437,467625
733478,467641
227437,467660
227437,467687
747132,467706
248852,467723
248909,467768
230370,467781
239760,467809
432775,467821
433361,467845
467878,467897
246998,467911
238278,467930
696843,467953
237568,467976
864658,467995
238485,468012
468031,468054
269591,468077
230370,468096
865657,468110
234501,468134
232249,468152
238400,468175
242397,468199
455071,468217
400570,468238
226477,468255
270722,468272
234085,468293
297842,468319
236163,468335
238485,468357
238485,468374
304008,468390
238485,468414
236163,468433
236116,468451
236163,468479
234085,468498
235089,468511
304008,468530
256705,468553
245617,468576
234085,468595
256705,468613
245617,468632
468650,468678
375300,468697
269591,468716
245617,468737
239363,468759
279458,468771
279458,468792
304008,468818
266363,468839
275285,468856
227250,468873
227250,468894
973510,468915
239448,468936
251180,468958
747132,468970
297842,468991
369876,469016
229234,469037
865657,469059
230468,469071
230531,469092
238400,469118
242603,469139
239760,469156
226611,469173
246126,469194
469224,469248
469224,469269
469224,469282
469305,469322
306901,469346
297633,469367
227952,469380
279458,469403
269061,469426
352365,469442
341078,469461
259009,469488
245348,469501
245395,469529
242397,469540
255845,469564
255897,469586
267277,469604
236673,469627
321635,469643
469662,469689
259009,469708
384699,469720
266219,469749
469777,469796
250609,469810
341111,469834
270722,469852
266219,469875
270722,469899
270722,469913
469945,469966
341111,469984
470036,470058
470036,470070
234085,470091
256039,470117
320639,470138
270722,470210
266219,470234
226477,470252
696843,470275
470321,470345
470321,470366
470397,470418
270722,470439
266219,470456
264991,470473
246296,470494
246347,470516
245437,470537
246296,470559
246347,470571
250678,470592
321247,470619
255982,470635
218639,470657
690920,470674
368447,470690
690920,470753
690920,470776
234852,470795
661453,470814
261810,470833
264991,470851
262620,470879
470908,470920
470949,470965
256073,470983
256115,471000
317828,471028
283600,471044
229234,471063
230370,471085
246296,471102
747132,471125
228445,471141
246161,471160
262620,471187
247288,471207
247288,471224
227883,471248
471276,471295
247288,471314
247288,471333
313787,471351
247288,471379
247288,471398
237568,471419
247288,471435
247288,471457
247288,471474
312765,471490
226408,471517
240237,471538
961523,471555
274859,471572
274859,471593
315438,471615
270722,471636
236673,471658
259009,471670
471720,471749
226546,471765
227348,471783
269591,471806
433229,471823
269591,471847
269591,471868
264991,471881
955729,471909
226611,471921
696843,471945
471997,472011
472048,472069
324665,472082
232745,472105
327461,472122
237568,472146
300833,472167
266363,472180
275285,472200
229234,472228
267594,472244
227250,472263
239760,472285
259391,472302
229425,472325
245617,472341
231152,472360
242397,472387
226408,472409
317828,472421
317828,472445
238400,472466
238400,472484
242397,472506
242397,472523
242537,472547
226546,472568
230900,472581
255845,472608
255897,472620
237568,472649
256849,472665
472715,472736
472762,472789
472817,472838
472864,472886
472974,472990
473073,473094
473189,473209
473311,473330
226408,473353
226408,473376
226408,473395
226408,473416
234852,473437
661453,473459
229425,473471
256705,473492
245617,473519
747132,473535
226408,473557
226546,473574
230900,473590
230959,473617
233800,473638
973510,473655
232375,473672
229117,473693
229155,473714
229193,473733
262696,473751
226477,473779
227094,473798
227136,473812
227189,473831
226477,473854
869741,473877
274236,473896
274236,473910
330387,473934
377629,473952
259835,473975
247288,473999
247288,474012
247288,474031
324665,474054
232745,474077
226408,474096
388936,474110
388936,474134
865657,474152
226546,474175
226546,474199
226546,474217
230900,474238
226546,474255
293083,474272
226546,474293
226546,474319
226546,474335
230900,474357
230900,474374
230959,474390
230959,474414
322047,474433
226546,474451
226546,474479
226546,474498
230900,474511
226546,474530
226546,474553
230959,474576
230900,474595
255618,474613
255660,474632
226546,474650
239760,474678
425990,474697
259391,474716
251180,474737
267933,474759
246126,474771
303590,474792
309472,474818
255982,474839
256039,474856
259287,474873
427384,474894
291290,474915
259701,474936
274166,474958
352192,474970
259701,474991
298805,475013
352192,475032
259287,475050
259287,475078
259287,475097
259287,475111
259287,475130
259287,475153
259287,475176
259287,475195
259287,475218
259287,475239
259287,475256
259287,475273
435212,475294
435212,475315
475336,475358
256849,475370
256849,475391
256849,475410
256849,475434
256849,475452
256849,475475
256849,475499
256849,475512
256849,475531
256849,475554
475583,475605
256849,475622
256849,475646
259701,475667
259701,475680
259701,475701
259701,475729
259701,475740
298805,475764
298805,475786
298805,475803
274166,475826
274166,475842
274166,475861
475888,475900
259701,475928
427155,475944
427155,475963
427155,475985
427155,476005
427155,476022
427384,476046
427384,476067
427384,476080
263722,476108
352192,476149
352192,476165
352192,476183
352192,476203
476226,476242
257023,476261
257023,476288
257023,476300
476328,476344
257023,476363
257023,476385
476424,476448
256849,476521
256849,476545
747132,476566
263722,476584
330387,476606
226546,476623
230900,476647
230959,476668
226546,476681
230900,476702
230959,476725
696843,476741
303812,476760
864658,476787
423044,476804
476827,476843
476862,476889
266495,476929
321247,476940
259009,476964
321247,476986
266495,477001
301796,477040
301847,477064
321247,477086
246126,477103
231152,477126
247288,477142
359341,477161
359409,477188
747132,477208
321247,477220
747132,477249
228445,477265
255982,477283
256039,477306
321247,477323
226408,477347
345731,477368
239760,477381
295848,477404
333651,477427
322166,477443
388609,477462
229027,477489
226477,477502
236673,477525
259009,477541
269591,477560
747132,477587
747132,477600
477628,477644
226682,477663
255982,477685
256039,477709
230287,477721
236673,477745
236673,477766
236673,477784
259009,477807
259009,477824
236673,477848
269061,477869
246126,477882
324394,477905
259009,477922
236673,477946
259009,477967
303590,477980
267174,478006
256655,478023
256705,478047
245617,478068
273276,478081
273224,478109
273346,478121
255845,478145
255897,478166
256705,478184
245617,478204
233099,478227
233099,478243
233145,478262
233145,478289
233197,478301
233197,478329
233197,478340
233197,478364
233099,478386
233099,478408
233145,478420
233145,478449
478465,478483
478514,478533
478551,478579
235089,478598
395851,478611
478630,478653
227437,478676
324665,478695
227437,478719
733478,478735
747132,478757
228445,478774
274859,478790
274788,478816
230370,478871
246998,478892
478925,478941
478925,478960
230370,478987
230370,479003
973510,479026
233099,479042
233145,479061
233197,479088
333764,479100
255057,479128
266363,479144
275285,479163
847911,479214
227250,479233
226757,479251
269845,479279
269845,479298
747132,479312
246126,479331
246126,479354
246126,479377
246126,479396
226682,479417
226477,479438
226757,479455
230370,479472
479493,479515
230370,479536
234501,479558
234501,479570
234501,479591
733478,479618
234501,479639
236752,479656
234085,479673
256039,479694
237568,479710
479734,479752
238400,479775
242397,479799
242537,479813
395851,479832
234085,479850
250303,479878
250147,479897
234501,479911
865657,479930
234501,479953
234501,479976
865657,479995
865657,480016
231152,480037
227348,480059
247288,480071
269377,480092
274859,480118
274788,480139
246692,480156
246745,480173
480207,480224
264991,480248
227348,480269
480314,480333
480367,480380
480419,480435
480461,480488
264991,480501
264991,480529
229425,480540
389670,480564
352365,480586
227250,480604
865657,480627
865657,480658
227348,480670
231152,480691
236752,480712
227348,480731
231152,480754
227395,480777
236752,480796
269061,480810
246126,480834
231152,480852
256073,480875
256115,480899
256073,480913
256115,480932
234852,480950
661453,480978
280639,480997
260730,481017
372272,481038
230287,481055
481072,481093
481119,481135
448266,481174
448311,481190
448311,481212
255618,481231
255618,481254
255660,481277
255660,481296
865657,481334
747132,481352
865657,481375
865657,481399
234501,481415
234501,481436
865657,481458
301796,481470
301847,481491
226546,481518
230900,481539
230959,481556
230370,481573
264991,481594
246998,481616
264077,481637
425990,481659
264077,481671
275285,481692
236673,481713
481745,481766
246161,481784
481807,481824
253300,481848
269591,481869
249576,481882
249621,481905
249621,481922
249678,481946
249678,481967
256705,481980
245617,482008
865657,482020
256278,482049
256278,482065
256278,482083
482106,482123
482152,482175
865657,482199
283600,482217
249621,482238
249678,482255
226546,482272
226546,482293
230900,482319
230959,482335
380594,482357
482374,482390
482374,482414
482433,482451
482433,482479
233099,482498
233145,482511
233197,482530
230287,482553
230819,482576
226546,482595
482613,482632
249621,482684
482737,482759
234501,482771
309472,482792
255982,482818
256039,482839
482856,482873
955633,482894
254223,482915
254275,482936
257121,482958
230287,482970
246692,482991
246692,483019
246797,483035
483057,483074
279283,483090
238574,483116
234501,483137
234501,483159
226546,483171
293083,483192
226546,483214
226546,483233
226546,483251
226546,483279
230900,483298
230900,483312
230959,483331
230959,483354
230959,483377
661453,483396
269061,483417
238574,483438
234085,483455
234419,483472
234085,483493
235089,483515
234085,483536
235089,483558
234085,483570
234085,483591
234085,483618
234085,483639
234085,483656
235089,483673
235089,483694
229425,483710
865657,483734
398104,483752
398104,483775
398158,483799
398158,483813
483832,483850
483878,483897
234085,483911
865657,483930
865657,483953
865657,483976
865657,483995
234419,484013
865657,484032
865657,484050
865657,484078
865657,484097
234085,484111
865657,484130
865657,484153
865657,484176
865657,484195
865657,484218
239760,484239
865657,484256
865657,484273
865657,484294
865657,484315
865657,484336
484389,484406
865657,484468
234419,484481
234419,484508
865657,484520
234501,484549
865657,484565
226546,484583
226546,484605
484651,484679
484701,484729
484786,484803
484835,484857
484888,484900
867466,484928
220125,484992
1002840,485067
485080,485108
218354,485120
212471,485196
485363,485385
485476,485495
872641,485545
872641,485597
872641,485610
872641,485647
872641,485675
872641,485699
872641,485718
872641,485739
872641,485756
872641,485787
872641,485827
872641,485858
872641,485870
872641,485891
872641,485938
872641,485955
872641,486006
872641,486047
872641,486068
872641,486099
872641,486113
872641,486132
872641,486166
872641,486184
872641,486204
872641,486236
872641,486262
872641,486301
872641,486338
872641,486355
872641,486372
872641,486393
872641,486412
872641,486431
872641,486454
872641,486477
872641,486496
872641,486522
872641,486551
872641,486579
872641,486598
872641,486611
872641,486630
872641,486653
872641,486695
872641,486719
872641,486735
872641,486757
872641,486774
872641,486790
872641,486816
872641,486837
872641,486863
872641,486885
872641,486925
872641,486960
872641,486987
872641,487002
872641,487025
487136,487158
487170,487191
487245,487266
487395,487330
487395,487353
487395,487376
487395,487416
487395,487437
487395,487519
487590,487617
487664,487686
487664,487714
487664,487733
487808,487820
487808,487910
487808,487975
487808,487999
487808,488030
487808,488069
487808,488095
487808,488122
487808,488146
487808,488180
487808,488200
488292,488318
488292,488341
488292,488373
488409,488421
488445,488466
488445,488497
488510,488534
488445,488568
488445,488612
488292,488696
488292,488736
488292,488758
488292,488770
488292,488791
488919,488886
488919,488935
488919,488957
489015,489036
488919,489058
488919,489070
488919,489091
488919,489117
488919,489164
489206,489223
488919,489247
488919,489275
488919,489299
488919,489321
489015,489345
488919,489366
488919,489402
488919,489516
488919,489585
488919,489635
488919,489657
488919,489690
488919,489711
488919,489730
488919,489769
488919,489782
488919,489805
488919,489908
489015,489920
489015,489949
488919,489977
488919,489996
488919,490031
488919,490054
488919,490096
488919,490134
488919,490152
488919,490181
488919,490201
488919,490229
488919,490240
488919,490272
488919,490319
490357,490374
488919,490390
488919,490414
488919,490433
489206,490467
488919,490480
489015,490507
488919,490569
489015,490595
490678,490697
490785,490802
490873,490894
490873,490927
490970,490991
491048,491069
491048,491095
491122,491146
491180,491200
491048,491228
491048,491244
491048,491263
491048,491285
491302,491325
491048,491341
491048,491360
491048,491387
491048,491409
491432,491450
491432,491478
491180,491506
491180,491523
491581,491608
491649,491665
491715,491736
491758,491770
491801,491829
491758,491840
1008289,491919
491942,491961
492016,492037
492063,492085
492016,492118
492016,492139
492160,492187
492016,492207
492230,492253
492403,492333
492403,492351
492403,492426
492403,492442
492488,492501
492403,492529
492403,492586
492403,492604
492403,492636
492403,492670
492403,492708
492403,492720
492403,492749
492488,492765
492403,492783
492403,492806
492403,492823
492403,492847
492403,492868
492403,492881
492403,492909
492403,492945
492403,492966
492403,492984
492403,493005
492403,493022
492403,493051
492403,493080
492488,493108
492403,493120
492403,493154
492403,493183
492403,493203
492403,493226
492403,493242
493300,493328
493359,493371
493407,493424
493407,493448
493407,493469
493407,493482
493407,493509
493359,493532
493407,493550
493407,493578
493407,493606
493407,493634
493739,493756
493794,493815
493836,493858
493794,493901
493955,493972
494015,494036
494015,494089
494186,494206
494275,494299
494313,494332
494275,494366
494275,494397
494313,494418
494313,494439
494313,494456
494313,494487
494275,494500
494313,494537
494275,494563
494313,494619
494313,494635
494661,494688
494313,494707
494661,494748
494275,494769
494275,494782
494313,494805
494822,494846
494313,494867
494313,494880
494313,494908
494313,494920
494313,494996
494313,495019
494313,495035
494313,495074
494275,495090
494313,495116
495137,495159
494275,495185
494275,495205
494275,495222
494313,495246
494313,495267
495308,495320
495377,495396
495429,495440
495429,495472
495429,495493
495429,495515
495429,495543
495429,495591
495429,495625
495953,495687
495429,495706
495429,495752
495953,495781
495845,495821
495845,495866
495429,495884
495429,495911
495953,495930
495953,495976
495429,495995
495429,496018
495429,496039
496060,496087
495953,496104
495429,496127
496143,496162
495953,496191
495429,496213
495429,496232
495429,496250
495429,496284
495429,496311
495429,496330
495429,496353
495429,496382
495953,496416
495429,496437
495429,496459
495429,496471
495429,496492
495429,496526
495429,496557
495429,496574
495429,496590
495429,496617
495429,496640
495429,496664
495429,496686
495953,496705
495429,496722
495429,496746
495429,496767
495429,496808
495429,496831
495429,496854
495429,496883
495429,496906
495429,496923
495429,496947
495429,496968
495429,496999
495429,497023
495429,497047
495429,497068
495429,497081
497121,497145
495429,497166
495429,497184
270722,497215
495429,497236
495429,497262
495429,497291
495429,497317
495429,497338
495429,497355
495953,497386
495429,497408
495953,497420
495429,497449
495953,497483
495429,497505
495429,497533
495429,497551
497607,497624
497607,497676
497607,497695
497607,497761
497607,497788
497607,497828
497607,497844
497607,497863
497607,497885
497607,497902
497607,497925
497607,497941
497607,497960
497607,497987
497607,498001
497607,498029
497607,498040
498064,498086
497607,498103
497607,498135
497607,498161
497607,498212
497607,498231
497607,498254
497607,498334
497607,498352
497607,498375
497607,498399
497607,498415
497607,498436
497607,498462
497607,498491
497607,498556
497607,498573
498064,498628
497607,498644
497607,498663
497607,498685
498064,498709
497607,498721
497607,498745
497607,498766
497607,498797
498064,498811
497607,498876
498853,498914
498951,498979
498951,498998
498951,499013
498951,499045
498853,499078
498853,499097
498853,499111
498951,499153
498951,499176
499202,499225
499202,499273
499304,499327
499370,499391
499370,499423
499370,499447
499370,499468
499481,499508
499370,499549
499370,499577
499370,499633
499729,499740
499729,499793
499826,499842
499874,499890
499944,499963
500016,500037
500059,500071
500059,500092
500059,500118
500059,500139
500016,500160
500059,500187
500211,500230
500059,500253
500059,500295
500059,500314
748458,500333
500016,500351
500059,500379
500059,500398
500059,500419
500442,500461
500059,500488
500016,500517
500555,500572
500604,500627
500555,500658
500555,500689
500555,500712
500555,500749
500765,500783
500765,500810
500847,500868
500555,500881
500921,500945
500978,500997
501029,501040
500978,501064
500978,501086
500978,501103
500978,501135
501029,501161
501188,501208
500978,501231
500978,501254
500978,501277
500978,501296
501323,501347
501375,501399
501323,501427
500978,501458
500978,501489
501502,501525
501573,501594
501644,501663
501644,501685
501732,501750
501732,501807
501732,501876
501732,501946
501732,501967
501732,501980
501732,502008
501732,502020
501732,502049
657036,502096
502123,502147
502199,502217
502240,502264
502326,502342
502446,502467
727953,502530
727953,502553
727953,502576
727953,502595
502621,502645
727953,502666
727953,502684
727953,502716
727953,502744
727953,502763
727953,502802
727953,502825
727953,502856
502621,502904
502621,502927
727953,502943
727953,502962
502621,502989
727953,503003
727953,503026
502621,503042
727953,503061
727953,503090
727953,503116
727953,503144
727953,503163
727953,503185
503222,503246
503222,503267
503312,503331
503312,503354
503312,503377
503312,503429
503515,503536
503515,503558
503515,503570
503602,503625
503641,503660
503641,503706
503641,503723
503641,503747
503641,503768
503641,503781
503641,503809
503641,503845
503641,503866
503641,503911
503641,503930
503641,503969
503641,503982
503641,504009
503641,504032
503641,504050
504084,504107
503641,504124
503641,504148
503641,504195
504287,504304
504406,504423
504406,504468
504481,504508
504481,504520
504481,504549
504577,504596
504577,504614
504481,504646
504481,504679
504857,504738
504481,504772
504481,504793
504481,504819
504481,504835
504857,504874
504890,504916
504963,504985
504577,505022
505080,505108
505080,505120
505165,505183
505219,505235
505261,505288
505316,505337
505261,505359
505261,505371
505261,505392
505261,505411
505261,505430
505261,505453
505316,505476
505261,505495
505316,505513
505532,505550
505261,505578
505597,505610
505316,505634
505261,505652
505261,505675
505261,505699
505261,505718
505261,505739
505316,505756
505787,505804
505858,505870
505901,505929
505901,505940
708959,505993
506052,506075
506099,506113
506150,506178
506204,506227
506204,506243
506052,506262
506099,506289
506099,506301
506329,506340
506099,506364
506204,506393
506204,506449
506465,506483
506580,506607
506630,506653
506682,506703
506742,506761
506790,506816
506790,506863
507395,506902
506939,506956
506939,506973
506790,506994
506790,507018
506790,507039
506939,507056
506790,507073
506939,507143
506790,507162
506939,507209
506939,507221
506790,507245
506790,507278
506939,507330
506790,507376
507395,507416
506790,507437
506939,507459
506939,507471
506939,507492
506790,507519
506939,507535
506790,507557
506790,507574
506939,507590
506790,507617
506790,507638
506790,507655
506939,507672
506790,507693
506790,507714
507733,507751
506790,507779
506790,507798
506790,507812
506939,507849
506790,507865
506939,507883
506790,507923
506790,507947
506790,507968
506790,507981
506790,508007
506939,508024
506790,508048
506790,508069
506790,508082
506790,508105
506790,508122
506790,508244
506790,508271
506790,508292
507733,508325
506790,508341
506939,508360
506790,508387
506790,508413
506790,508432
506790,508450
506939,508478
506790,508497
506939,508510
506790,508575
507733,508608
506790,508654
508677,508696
506939,508715
506939,508770
506790,508791
506790,508829
506939,508855
506790,508926
506790,508942
506939,508961
506790,508988
506790,509004
506939,509036
506790,509058
506790,509070
506790,509117
506939,509138
506939,509155
506790,509210
506790,509234
506939,509268
509313,509332
506939,509350
506790,509378
506939,509397
506790,509418
506790,509439
506790,509516
506790,509537
506939,509559
506790,509571
506939,509603
506939,509626
506790,509642
506939,509661
506790,509688
509711,509730
509776,509795
509851,509879
509851,509898
509851,509912
509851,509931
509851,509954
509851,509977
510013,510032
510107,510124
510182,510202
510239,510256
510294,510315
510294,510336
510362,510389
510410,510434
510468,510481
880177,510554
880177,510583
880177,510622
880177,510646
880177,510667
880177,510680
880177,510717
880177,510740
880177,510764
880177,510786
880177,510819
880177,510835
880177,510857
880177,510874
880177,510900
880177,510937
880177,510959
880177,510971
880177,511020
880177,511049
880177,511065
880177,511083
880177,511106
880177,511123
880177,511147
880177,511168
880177,511181
880177,511201
880177,511229
880177,511272
880177,511293
880177,511319
880177,511335
880177,511361
880177,511388
880177,511451
880177,511479
511511,511530
497607,511582
511511,511609
511632,511650
511632,511700
511632,511728
511632,511744
511632,511785
511632,511802
756706,511860
756706,511894
756706,511915
756706,511943
756706,511991
756706,512017
756706,512064
756706,512086
512103,512126
512103,512142
756706,512161
512103,512190
756706,512231
512347,512368
512347,512381
512347,512404
512347,512427
512347,512443
512462,512489
512518,512539
512347,512560
512347,512594
512628,512644
512628,512671
512518,512709
512518,512732
512347,512750
512347,512778
512628,512807
512518,512824
512347,512848
512347,512876
512347,512895
512347,512914
512347,512933
512347,512951
512462,512980
512628,513006
512518,513023
513052,513075
512347,513099
512347,513113
512518,513132
512518,513150
512462,513184
513227,513243
512347,513262
512462,513289
512347,513301
512347,513338
512518,513355
512518,513372
512518,513393
513449,513465
513483,513505
513449,513522
513449,513551
513449,513579
513449,513598
513449,513611
513449,513630
513449,513653
513449,513676
513449,513695
513483,513726
513483,513742
513449,513790
513449,513816
513449,513837
513449,513859
513449,513902
513449,513925
513449,513941
513449,513960
513449,513987
513449,514000
513449,514028
514092,514118
514173,514194
514224,514248
514282,514305
905914,514379
514457,514474
706576,514564
706576,514636
514658,514670
706576,514691
706576,514712
706576,514731
514658,514777
706576,514796
706576,514823
514852,514875
514909,514921
514978,514997
515027,515043
515091,515117
625517,515206
515234,515252
515299,515313
515345,515366
515418,515439
515473,515494
515473,515516
515544,515563
515619,515635
515688,515707
515688,515730
515782,515805
515782,515833
515898,515912
515965,515983
515965,516019
516057,516074
516057,516116
516057,516137
516057,516159
516057,516171
516057,516192
516057,516222
516057,516246
516057,516280
516057,516308
516057,516320
516365,516383
516365,516401
516438,516455
516515,516536
516591,516618
516641,516660
516734,516752
516515,516775
516515,516799
516515,516813
516365,516845
516734,516878
516930,516953
516976,516995
517048,517069
517133,517151
517228,517244
517271,517292
517271,517341
517271,517360
517387,517409
517271,517450
517484,517506
517484,517534
517484,517568
517484,517581
517631,517654
517631,517677
517631,517696
517631,517715
517631,517736
517631,517758
517631,517770
517631,517791
517631,517817
517631,517838
517631,517855
517631,517872
517631,517893
517631,517926
517631,517957
517631,518018
517631,518039
518087,518104
518162,518189
518213,518232
518307,518324
518307,518353
790649,518437
643161,518471
786407,518561
786407,518588
704682,518601
643161,518638
643161,518722
643161,518751
518798,518812
518896,518910
518947,518968
519046,519067
518798,519080
518896,519108
518798,519120
518947,519149
518798,519177
519196,519219
518798,519235
518947,519257
519300,519328
519371,519392
519448,519469
519513,519532
653572,519606
542222,519675
519725,519741
519794,519815
294284,519836
294232,519858
519929,519940
519993,520015
520062,520089
520117,520138
520164,520186
520206,520223
520252,520275
520321,520345
520397,520418
520441,520460
849282,520537
571780,520585
520619,520635
520711,520730
520782,520805
520879,520898
767896,520949
520996,521016
962028,521085
521125,521141
521194,521211
963120,521282
1036824,1122097
865690,521419
521442,521461
521555,521572
521627,521643
765235,521691
521875,521899
521875,521913
521966,521984
526407,522007
522030,522053
522146,522167
522216,522237
522263,522285
522263,522302
912226,522341
522373,522394
522421,522445
522478,522497
522547,522568
522547,522599
522620,522649
522683,522704
522683,522727
522683,522743
522791,522817
522840,522864
522919,522935
522988,523002
522988,523025
523060,523087
523136,523158
523189,523209
523245,523266
523307,523324
523395,523416
523463,523485
523535,523557
523588,523601
1005336,523672
528902,523808
523849,523865
523849,523883
523934,523952
523981,524008
524031,524054
524031,524077
524147,524168
524199,524217
524238,524255
665157,524272
524293,524319
524335,524357
524390,524414
524433,524451
524507,524524
524553,524576
690977,524645
522988,524666
524716,524737
524335,524759
524785,524802
524839,524856
524927,524943
524970,524991
525045,525066
1006610,525111
1006610,525153
763185,525225
525241,525260
525315,525336
525389,525406
524716,525423
524716,525447
522988,525468
523060,525481
525520,525549
523189,525565
525614,525633
780384,525680
524199,525701
822978,525755
522030,525772
525803,525826
525874,525890
522146,525959
522216,525971
524433,525992
526033,526051
526079,526098
524716,526131
525803,526154
523136,526177
526196,526219
848856,526261
526316,526337
521966,526359
526476,526495
991437,526550
526623,526647
526675,526699
526741,526760
524335,526787
525520,526804
524199,526827
526870,526891
526929,526940
526972,526993
522683,527029
747676,527072
527103,527126
848856,527161
522620,527188
522683,527208
747624,527254
747676,527277
757581,527323
666141,527375
690977,527399
690977,527415
747624,527436
747676,527458
527103,527470
524927,527502
522146,527525
912226,527560
527587,527600
912226,527628
527685,527709
991437,527721
522620,527745
526972,527766
522683,527784
527811,527830
527905,527922
525803,527946
525803,527967
525803,527980
690977,528010
690977,528047
528081,528109
528132,528150
911298,528215
528243,528262
528301,528329
528364,528386
528408,528420
528465,528483
528533,528580
528648,528669
528682,528703
528682,528726
528682,528742
523934,528788
528800,528828
528800,528844
528902,528925
521754,528956
529003,529026
528364,529320
529003,529061
529100,529128
528243,529163
528243,529192
525803,529354
528301,529383
528301,529417
665157,529486
524293,529504
529527,529543
524335,529562
529618,529639
529660,529687
529660,529706
529723,529747
529660,529768
911298,529781
911298,529809
911298,529821
522146,529845
522146,529866
529982,530008
527587,530020
530049,530065
530049,530083
912226,530134
530152,530175
912226,530201
912226,530229
530255,530272
530357,530374
522620,530390
848856,530467
848856,530480
522620,530507
522620,530548
530576,530595
522683,530613
522683,530632
522683,530650
522683,530678
522683,530697
528902,530716
528902,530737
528902,530763
528902,530792
212094,530841
528364,530860
528364,530887
530915,530936
530989,531007
531076,531095
531167,531180
531271,531292
531341,531360
531478,531497
531271,531547
531076,531612
531696,531715
531770,531791
531838,531855
531838,531886
531961,531988
531167,532044
532102,532125
531167,532269
531167,532314
531167,532333
531167,532380
532419,532435
531838,532457
532517,532538
532627,532643
255982,532662
532712,532731
532765,532783
532810,532834
532627,532909
532932,532950
532932,532978
532932,532997
532932,533014
532932,533033
287564,533051
532627,533079
532932,533098
532627,533165
532627,533183
532627,533203
533257,533274
533328,533344
533392,533411
533448,533469
533513,533532
533513,533550
533647,533668
533513,533681
995412,533702
533725,533741
533794,533815
533862,533889
533938,533955
533986,534004
534036,534058
534036,534070
536459,536714
534129,534140
534172,534193
534247,534268
534299,534313
534366,534384
534418,534439
534487,534500
534559,534571
534626,534642
534626,534661
533986,534688
534366,534707
534418,534724
534626,534748
431022,534814
431022,534833
233099,534851
233145,534908
233197,534920
533986,534949
767330,535019
767330,535035
784894,535088
767330,535100
535137,535159
535185,535205
535251,535279
535308,535320
535354,535377
535251,535401
535308,535438
535354,535464
535515,535536
535562,535589
535618,535639
535562,535656
535618,535673
535723,535747
535799,535813
916077,535866
535897,535911
535969,535982
535251,536018
535515,536039
535969,536056
535308,536087
536115,536136
536162,536189
536213,536232
536213,536250
536213,536278
536307,536324
536353,536376
536400,536428
536459,536471
536400,536526
536557,536574
536601,536629
536655,536672
536459,536693
536459,536733
536459,536751
536459,536779
536459,536798
520252,536854
536906,536923
536906,536947
536906,536968
537010,537034
1013827,537081
810845,537113
810845,537132
810845,537150
810845,537178
810845,537197
810845,537215
537243,537262
537243,537289
537338,537355
537386,537408
537386,537420
537386,537449
537338,537465
537338,537483
537514,537533
537338,537580
750260,537611
750260,537630
537386,537653
537338,537676
537386,537695
537338,537719
537386,537735
537386,537757
537386,537774
537800,537828
537338,537844
537338,537863
537338,537885
537338,537902
537338,537925
537338,537941
537338,537960
537338,537987
537338,538001
537386,538029
537338,538040
538072,538119
538072,538135
538161,538188
538212,538231
538277,538296
538277,538310
538334,538352
538334,538375
538404,538427
538518,538539
538404,538594
538404,538616
538404,538637
538404,538659
538404,538671
538404,538692
538518,538713
538404,538732
538404,538750
538404,538778
538404,538797
538404,538811
538404,538830
538404,538853
538404,538876
538404,538895
538404,538914
538404,538933
538404,538951
538980,539009
538980,539021
538518,539050
538518,539078
538518,539097
538518,539124
538518,539148
538518,539169
538518,539182
538404,539202
538404,539225
538404,539241
538404,539260
538404,539287
538404,539304
538404,539327
538404,539343
538518,539362
538404,539423
539447,539468
539481,539508
539531,539554
539577,539596
539531,539614
539577,539633
539531,539651
539679,539698
539577,539717
539531,539738
539577,539755
539531,539772
539679,539793
539577,539819
539679,539835
539577,539857
539531,539874
539679,539890
539577,539916
539531,539937
539531,539959
539531,539971
539679,539992
539577,540010
539679,540034
539577,540052
539531,540075
539531,540099
539577,540113
539577,540132
970610,542710
542747,542768
539679,540150
539577,540178
539531,540197
539679,540215
539577,540236
539577,540258
540289,540301
540340,540364
540289,540386
540289,540408
540340,540420
540289,540449
540289,540465
540289,540483
540340,540505
540289,540522
540289,540546
540289,540567
540289,540580
540340,540607
540289,540624
540289,540648
540340,540669
540340,540682
540703,540726
540703,540742
540761,540788
540761,540800
540837,540859
540885,540902
540885,540925
540987,541005
541033,541051
541080,541108
541131,541154
541183,541203
541235,541257
541288,541300
574344,541371
574344,541392
541424,541448
541424,541469
541513,541532
662515,541584
662515,541606
662515,541623
541668,541681
985350,541756
985350,541773
985350,541794
541827,541843
541827,541891
541827,541917
541827,541938
541827,541964
1104121,542019
541993,542042
1104132,542088
1104132,542100
541993,542128
542222,542246
542222,542267
1104132,542298
1104197,542320
542222,542349
542222,542365
542222,542383
542222,542401
1104197,542429
542222,542464
1104227,542493
542589,542602
542589,542625
542747,542781
542813,542832
542813,542850
542897,542911
542897,542930
543020,543008
543020,543049
543020,543065
543020,543083
543020,543106
543020,543123
543020,543147
543020,543168
543020,543181
543020,543201
543020,543229
543020,543240
543020,543264
543020,543286
543020,543303
543020,543326
543020,543342
543020,543361
543020,543388
543020,543405
543020,543422
543020,543446
543020,543467
543020,543480
543511,543530
543020,543553
543020,543576
543020,543595
543621,543645
543678,543697
543678,543716
543678,543737
543678,543759
543678,543771
543621,543792
543621,543818
543621,543839
543621,543856
543621,543873
543621,543894
543621,543915
543962,543989
544018,544039
544018,544056
544087,544104
544158,544170
544158,544191
544158,544213
544158,544232
544158,544250
544158,544278
544158,544297
544158,544311
544158,544330
544158,544376
544158,544395
544158,544416
544444,544463
544444,544485
544444,544503
544444,544526
544444,544542
544574,544590
544574,544617
544574,544638
544574,544655
544705,544722
544705,544746
544705,544767
544705,544780
544705,544808
544705,544820
544705,544849
544705,544865
544705,544883
544705,544906
544705,544923
544952,544975
544705,544999
545029,545040
545072,545093
545119,545135
545072,545157
545119,545174
545072,545190
545072,545212
545119,545231
545072,545254
545072,545277
545072,545296
545072,545310
545072,545334
545119,545352
545119,545375
545119,545399
545119,545415
545119,545436
545119,545458
545119,545470
545119,545491
545119,545518
545119,545539
545119,545556
545072,545573
545119,545594
545119,545616
906564,545685
906564,545709
906564,545721
906564,545745
906564,545766
906564,545784
906564,545807
906564,545824
906564,545848
906564,545869
906564,545882
906564,545905
906564,545922
906564,545946
906564,545967
906564,545980
546016,546037
906564,546059
546016,546071
906564,546092
906564,546118
906564,546139
906564,546156
906564,546173
906564,546194
906564,546211
992826,546269
906564,546282
992826,546305
992826,546322
992826,546346
992826,546367
992826,546380
992826,546403
546435,546457
546435,546474
546435,546490
546016,546517
546540,546564
546016,546586
906564,546604
906564,546627
992826,546643
546016,546662
906564,546689
992826,546708
546435,546720
546016,546749
906564,546765
546016,546783
546016,546806
546016,546823
546016,546847
546016,546868
546016,546881
546016,546909
546016,546921
546016,546945
546016,546966
546016,546984
547032,547050
547032,547078
547032,547097
547032,547111
547032,547130
547032,547153
547032,547176
547032,547195
547032,547218
547260,547287
547304,547327
547304,547343
547304,547362
547304,547389
547304,547406
547304,547423
547452,547475
547304,547499
547304,547512
547304,547531
547304,547554
547304,547577
547304,547596
547304,547614
547304,547633
547667,547680
547304,547701
547304,547729
547452,547740
547304,547764
547304,547786
547452,547803
547304,547826
547667,547842
547667,547861
547667,547888
547916,547937
547916,547959
547452,547971
547452,547992
547452,548015
547452,548036
547304,548058
547667,548070
547452,548091
547452,548117
547304,548138
547304,548155
547667,548172
547452,548193
547304,548210
547667,548234
547452,548252
547452,548275
547452,548299
547452,548313
547452,548332
694507,548402
548439,548456
548487,548500
548439,548528
548487,548544
694507,548563
694507,548585
694507,548603
694507,548626
694507,548642
694507,548690
694507,548711
694507,548730
694507,548753
694507,548776
694507,548795
694507,548814
694507,548833
694507,548851
694507,548879
694507,548898
694507,548912
694507,548931
694507,548954
694507,548977
694507,548996
694507,549011
694507,549030
694507,549053
694507,549076
694507,549095
694507,549114
694507,549133
694507,549151
694507,549179
694507,549198
694507,549216
694507,549237
694507,549259
694507,549271
694507,549292
694507,549360
694548,549413
694548,549432
694548,549450
694548,549478
694548,549497
694548,549510
694548,549534
548439,549552
548439,549575
548439,549599
548439,549612
548439,549631
548439,549654
548439,549677
548439,549696
548439,549715
548439,549736
548439,549758
548439,549770
548439,549791
548439,549817
548439,549838
548439,549855
548439,549872
548439,549893
548439,549919
549942,549961
548487,549988
548487,550007
548487,550024
548487,550048
548487,550069
548487,550082
548487,550105
548487,550122
548487,550146
548487,550167
548487,550180
548487,550200
548487,550228
548487,550244
548487,550263
548487,550285
548487,550302
550341,550360
550466,550421
550466,550445
550466,550484
550466,550506
550534,550552
550631,550654
550631,550677
550631,550696
550631,550736
550631,550758
550789,550801
550789,550829
550789,550864
550789,550886
550466,550903
550631,550926
550631,550942
550631,550961
550990,551010
550990,551034
550990,551052
1004147,1004168
212746,1004181
550990,551075
550990,551099
550990,551113
551132,551150
551132,551178
551132,551197
551132,551215
551243,551262
551243,551289
551243,551301
551243,551329
551243,551340
551243,551364
551243,551386
551243,551408
551243,551420
551243,551449
551243,551465
551243,551483
551243,551505
551243,551522
551243,551546
551243,551567
551243,551580
551243,551607
551243,551624
551243,551648
551243,551669
211651,551703
551735,551757
551788,551800
551828,551844
551828,551863
551828,551885
551828,551902
551828,551939
551828,551956
551828,551973
552004,552027
552058,552070
552058,552091
552058,552117
552140,552164
552140,552186
552140,552206
552425,552252
552425,552275
552425,552299
552425,552313
552425,552332
552425,552350
552378,552397
552378,552441
552487,552500
552571,552592
552657,552674
552707,552724
552707,552748
552707,552769
552707,552782
553078,552833
553078,552880
553078,552996
552867,553021
553078,553050
553078,553097
552867,553111
553078,553176
553078,553195
553078,553218
553078,553239
553078,553256
553078,553273
553078,553294
553078,553315
553078,553336
553078,553358
553078,553370
553078,553391
553078,553410
553078,553434
553481,553508
553583,553554
553531,553651
520206,553698
553764,553738
553764,553786
553764,553819
553764,553842
553900,553928
553764,553944
553764,553985
553764,554003
553764,554026
553764,554074
553764,554137
553764,554159
553900,554171
553764,554222
553764,554246
553900,554308
554349,554365
554396,554417
554396,554438
554396,554455
554396,554472
554396,554493
554396,554515
554396,554536
554396,554558
554396,554570
554396,554591
554618,554639
554618,554656
554618,554673
554694,554710
554694,554734
554694,554752
520441,554781
554813,554832
554866,554884
554924,554948
554924,554969
554924,554982
555018,555039
555018,555056
555018,555073
555018,555094
555018,555115
555018,555136
555018,555158
555018,555170
555018,555191
555018,555213
555018,555232
555018,555250
555018,555278
555307,555324
555353,555376
555353,555395
555353,555416
555353,555437
555353,555459
555485,555503
555535,555557
555535,555574
555601,555629
555601,555640
555672,555693
555722,555746
555722,555767
555798,555812
555722,555831
555722,555854
555722,555877
555722,555896
555798,555910
555722,555999
555722,556072
555722,556093
555722,556119
556017,556135
555722,556161
555798,556190
555722,556212
556017,556231
555722,556265
555722,556283
555722,556310
555722,556334
555722,556352
555722,556381
555722,556404
555722,556427
555798,556443
555722,556489
555722,556502
555722,556525
555722,556541
555722,556560
555722,556587
555798,556600
555798,556628
555798,556644
555798,556663
836177,556750
836177,556778
836177,556811
943251,556895
556922,556946
556979,556998
557022,557046
557067,557080
557067,557112
557149,557165
557196,557219
962028,557300
962028,557359
963120,557453
963120,557482
963120,557545
963120,557597
962028,557610
962028,557699
962028,557773
528533,557794
557578,557827
557578,557862
963120,557889
963120,557901
557929,557940
963120,557964
557929,557993
963120,558028
963120,558044
963120,558063
558156,558173
801607,558194
856816,558276
558211,558314
558211,558351
767896,560687
232375,1307567
1019667,1307788
558211,558403
558211,558435
528648,558461
558490,558517
558538,558555
528682,558572
528682,558593
528800,558708
528800,558720
560710,560734
1024665,1024683
558796,558810
558834,558852
558881,558909
558881,558921
558950,558978
559008,559020
559054,559077
559106,559123
521754,559201
521754,559240
521754,559264
521754,559293
559335,559357
529003,559414
529003,559446
529003,559480
529003,559507
529100,559595
529100,559613
529100,559645
529100,559684
529100,559700
529100,559728
559771,559792
559771,559825
560710,560752
980755,1024736
528243,559887
528243,559958
528243,559991
528243,560019
528243,560035
528243,560057
528243,560074
528243,560090
528243,560116
528301,560159
528301,560205
528301,560246
528301,560279
528301,560312
528301,560331
528301,560354
528301,560377
532932,560401
532932,560429
532932,560464
532932,560493
532932,560527
532932,560543
560591,560618
532932,560641
533120,560660
560710,560845
560710,560866
560953,560976
561027,561043
653572,561091
653572,561140
653572,561172
653572,561193
653572,561210
653572,561234
561070,561281
561350,561378
561425,561441
561494,561516
561657,561585
561657,561603
998031,561674
561724,561748
868353,561795
561867,561833
868353,561880
958761,561977
562006,562023
562006,562047
562075,562099
562075,562113
562145,562166
562355,562215
562355,562236
562262,562289
562355,562301
562262,562329
562355,562372
562262,562393
562262,562420
562355,562449
562262,562465
562355,562483
562262,562505
562355,562522
562355,562546
656422,562598
562676,562648
562676,562695
562726,562742
562726,562761
524335,562816
524335,562844
562726,562863
562726,562918
562726,562960
562726,562987
562726,563001
562726,563029
562726,563064
562726,563086
563119,563135
563119,563157
563119,563174
563119,563190
563220,563249
835916,563334
835916,563352
835916,563375
835916,563404
835916,563427
563470,563491
563573,563594
563644,563663
1028889,563750
1028901,563784
1028889,563807
1028901,563824
1028929,563848
1028929,563895
563876,563922
563876,563946
563876,563967
564030,564053
564082,564105
564133,564151
564180,564200
564082,564228
564082,564244
564082,564263
564082,564285
564387,564356
564387,564409
904906,564450
564506,564523
564387,564547
905072,564649
564387,564665
564696,564715
564743,564762
564919,564817
564919,564855
564919,564872
564919,564893
564919,564935
564919,564974
564919,564990
564919,565012
564743,565054
564919,565077
565147,565123
565147,565168
1136439,565217
1147624,565264
1147624,565303
943558,565357
1147624,565374
565414,565433
1147624,565451
764202,565507
565613,565632
1147648,565700
1147648,565728
916595,565763
1147648,565785
1147648,565802
1147648,565860
764153,565904
929240,565962
952665,566050
772816,566107
566130,566153
566130,566182
566130,566202
566130,566239
566130,566260
933254,566327
933254,566370
933254,566406
933254,566434
933750,566475
933254,566508
933254,566520
566577,566596
1119048,566667
1119048,566680
1119048,566701
1020090,566740
1020090,566764
1119048,566786
1119048,566819
566646,566842
1119048,566874
1119048,566916
1119048,566959
1020090,566971
1119048,566992
1119048,567016
1119048,567037
1119048,567059
1119048,567071
1119048,567092
1119048,567125
1119048,567141
1119048,567160
1119048,567187
1119048,567207
1119048,567230
1119048,567253
567282,567305
1119048,567322
1119048,567351
1119048,567379
1119048,567403
567457,567474
567501,567529
520782,567564
520782,567586
520782,567604
520782,567636
520782,567658
520782,567712
520782,567754
520782,567777
520782,567810
567847,567868
567932,567950
1132542,567978
568005,568022
568079,568098
568079,568112
568079,568131
568079,568183
961612,568242
568226,568261
568226,568288
944225,568359
944225,568371
944225,568392
944225,568411
944225,568430
944225,568453
944225,568476
944225,568495
944225,568513
944225,568532
944225,568550
944225,568578
944225,568597
944225,568610
944225,568634
944260,568681
944260,568702
944260,568725
944260,568741
944260,568760
944260,568787
944260,568804
944260,568827
944260,568843
944260,568862
944260,568889
944260,568901
944260,568929
944260,568940
569041,569018
569041,569060
569041,569087
569115,569136
1042127,569189
696964,569209
696964,569221
988094,569278
569250,569297
569324,569348
569369,569382
697017,569437
697017,569459
569519,569535
569561,569588
569617,569638
569617,569655
569617,569672
569617,569693
569617,569714
569617,569733
569617,569751
569617,569779
569617,569812
569617,569865
569617,569883
569617,569906
569617,569923
569617,569947
569617,569968
569999,570017
520619,570055
520619,570103
520619,570126
520619,570142
520619,570161
520619,570188
520619,570208
520619,570220
520619,570249
1154564,1154586
520619,570265
520619,570283
520619,570306
520619,570323
520619,570347
520619,570368
520619,570381
520619,570404
520619,570427
520619,570443
520619,570462
520619,570489
520619,570502
520619,570525
520619,570541
520619,570560
520619,570587
520619,570600
520619,570628
534036,570663
533986,570713
1029189,570750
570807,570848
570807,570869
570807,570882
1231015,570905
570807,570922
570807,570946
570807,570967
570807,570980
571039,571056
571087,571104
571087,571127
571209,571170
571324,571221
571209,571245
571324,571297
571324,571369
571324,571382
571324,571400
571459,571471
571459,571526
571459,571542
571459,571561
571590,571617
571459,571638
571590,571686
571714,571733
571590,571751
571780,571808
571780,571854
571831,571896
571831,571910
571952,571975
572009,572021
572050,572078
572124,572148
572124,572176
572124,572195
572124,572241
572304,572327
572358,572370
572406,572423
572406,572447
572406,572468
484888,572481
484888,572508
1028940,572554
572583,572605
572651,572679
572698,572717
572738,572772
572803,572826
572803,572842
572861,572888
572900,572928
573015,573036
573058,573070
697135,573129
697135,573164
573332,573193
697135,573210
573332,573247
697135,573268
573332,573281
573332,573309
697135,573350
899306,1014070
1022338,1147533
573384,573402
573384,573425
573473,573494
573473,573516
573473,573559
573473,573571
573473,573592
573635,573657
573635,573674
573635,573690
520879,573711
520879,573730
573769,573782
573814,573833
573867,573880
1039286,573954
573977,573996
573977,574014
573977,574033
528243,1101799
573977,574051
573977,574080
573977,574108
573977,574120
573977,574165
573977,574183
573977,574203
573977,574226
573977,574242
573977,574261
573977,574288
573977,574300
574344,574363
574344,574385
574344,574407
574344,574424
574453,574476
574509,574521
574509,574545
530915,574566
530915,574584
574610,574634
574739,574681
574739,574702
530989,574756
574787,574804
865690,574858
865690,574870
865690,574929
574972,574993
574972,575010
575047,575068
575081,575109
575081,575121
575178,575197
575178,575215
575178,575236
575178,575258
575289,575301
575289,575329
575289,575340
575393,575412
575393,575431
575393,575454
575393,575477
575393,575496
575522,575546
575522,575567
575522,575580
575522,575607
575522,575624
575522,575648
575522,575669
575522,575682
575522,575703
575522,575726
575522,575742
575522,575761
575522,575788
575918,575837
575863,575885
575918,575939
576011,576030
576082,576105
576133,576151
526532,576179
526532,576228
576259,576271
576259,576292
576259,576318
576259,576339
576259,576356
576259,576373
656388,576421
1005336,576478
1005336,576497
1005336,576510
576534,576552
1005336,576612
526079,576665
1005336,576683
1005336,576715
1005336,576743
864749,576789
576855,576872
576855,576893
576942,576961
577074,577090
577074,577116
577074,577137
577074,577159
577074,577171
577074,577192
577074,577214
577074,577233
577074,577251
577074,577279
577308,577320
577308,577349
577377,577396
577429,577440
577504,577472
577504,577527
577504,577543
577504,577562
577504,577589
932607,577602
577504,577625
577504,577641
577673,577694
577673,577710
577673,577734
577781,577809
577878,577897
577878,577911
577878,577930
577969,577982
578012,578031
578054,578077
578106,578123
578106,578147
578175,578199
578175,578217
578240,578264
578240,578286
211239,578335
211239,578374
211239,578390
211239,578414
659462,578467
659462,578480
659462,578507
659462,578524
578576,578595
651969,1244937
578576,578621
578576,578645
578678,578697
578678,578728
578678,578744
578771,578792
578771,578818
578841,578860
578894,578915
988073,578936
578962,578989
578962,579000
579044,579063
579092,579118
579044,579139
579092,579156
579044,579173
579092,579194
579276,579295
579322,579346
579398,579419
579442,579461
579490,579517
579540,579564
579593,579615
579712,579662
579712,579689
579712,579731
579765,579783
579765,579806
579765,579823
1032879,579847
978948,579875
978948,579899
579921,579945
579966,579984
579966,580002
580039,580056
580039,580073
580039,580094
580039,580115
580039,580136
580039,580158
580039,580170
580039,580191
580039,580213
580039,580232
580039,580250
580307,580324
580307,580348
580369,580382
580416,580437
580463,580485
992890,580526
992890,580574
992890,580590
992890,580617
580640,580664
992890,580686
992890,580705
992890,580722
992890,580746
992890,580779
992890,580798
992890,580812
992890,580831
992890,580854
580640,580896
580640,580910
992890,580934
992890,580952
580640,580975
580640,580999
992890,581035
580640,581057
580640,581074
992890,581090
580640,581116
580640,581137
580640,581159
580640,581171
580640,581205
580640,581222
580640,581246
580640,581267
779162,581365
581417,581438
961216,581486
961216,581504
961216,581527
961216,581543
961216,581562
961216,581589
581618,581639
581660,581687
581660,581706
581660,581723
581660,581747
581660,581768
581660,581781
581660,581809
581660,581821
581660,581845
581660,581866
581660,581884
581660,581907
581660,581924
581660,581948
581969,581982
582014,582033
582067,582080
582112,582131
582067,582154
582067,582177
582067,582196
582112,582219
582112,582235
582112,582274
582112,582290
582067,582316
582112,582337
582112,582359
582067,582371
582067,582392
582067,582411
582067,582430
582067,582453
582067,582476
582067,582495
582067,582513
582067,582532
582067,582550
582578,582597
582067,582610
582112,582634
582112,582652
582067,582675
582112,582699
582067,582718
582112,582739
582112,582756
582112,582773
582112,582794
582067,582815
582067,582836
582112,582858
582889,582901
582889,582929
582889,582940
582889,582964
582889,582986
582889,583000
582889,583028
582889,583044
583071,583092
582889,583118
582889,583139
582889,583156
582889,583173
582889,583194
582889,583211
583071,583230
582889,583253
582889,583276
582889,583295
582889,583314
582889,583333
582889,583351
582889,583379
583071,583398
582889,583419
582889,583435
583071,583457
582889,583474
583490,583517
582889,583538
582889,583564
582889,583593
582889,583615
582889,583636
582889,583658
582889,583670
582889,583691
583071,583712
582889,583731
582889,583765
582889,583783
582889,583806
582889,583875
582889,583899
582889,583913
583071,583932
582889,583950
582889,583978
582889,583997
582889,584010
582889,584034
582889,584052
582889,584075
583490,584099
582889,584113
582889,584132
582889,584150
582889,584184
582889,584204
582889,584227
582889,584243
582889,584262
582889,584289
582889,584301
582889,584329
582889,584340
582889,584364
582889,584386
584420,584449
584483,584505
584695,584567
584607,584624
584420,584648
584483,584669
584695,584719
584607,584742
584420,584774
584607,584790
584695,584828
584607,584844
584420,584863
584420,584885
584695,584902
584420,584925
584420,584941
584420,584960
584994,585011
584695,585030
584607,585053
584695,585076
584607,585095
584420,585114
584483,585133
585180,585200
585180,585244
585180,585271
584420,585302
584420,585325
584483,585341
584420,585360
584420,585387
584483,585409
584607,585421
585180,585445
584483,585478
584420,585497
584420,585510
584420,585534
584483,585552
585575,585599
584607,585612
584420,585631
584695,585654
584420,585677
584695,585696
584420,585715
584695,585736
584420,585758
584420,585770
584695,585791
584607,585817
584695,585840
584420,585864
584483,585886
584420,585903
584483,585926
584607,585942
584607,585961
584695,585988
584695,586008
584420,586020
584420,586049
584695,586065
584420,586083
584483,586106
584695,586123
584420,586147
584420,586168
584695,586181
584483,586201
584420,586229
584420,586240
585180,586264
584483,586286
584607,586303
584420,586326
584695,586342
584420,586361
584483,586388
584607,586405
584420,586422
584483,586446
584607,586467
584420,586480
584483,586507
584607,586524
584420,586548
586576,586595
586621,586645
587460,586684
914270,586728
587460,586744
587460,586763
914270,586785
914270,586802
587460,586825
914270,586841
587460,586860
914270,586887
587460,586904
914270,586927
914270,586943
914270,586962
587460,586989
914270,587004
587460,587027
914270,587043
914270,587062
914270,587089
914270,587101
587460,587129
914270,587140
914270,587164
587460,587186
587460,587206
914270,587223
914270,587247
914270,587268
587460,587281
914270,587309
587460,587321
914270,587345
587460,587366
587460,587384
914270,587402
914270,587425
587460,587487
914270,587500
587460,587528
914270,587544
914270,587585
587460,587603
914270,587626
914270,587642
914270,587661
587460,587688
914270,587707
587460,587724
914270,587748
914270,588169
587460,587769
914270,587782
914270,587805
914270,587822
587460,587846
587460,587867
914270,587880
914270,587908
587460,587920
587460,587949
914270,587965
587460,587983
914270,588009
587460,588021
914270,588045
914270,588066
914270,588084
587460,588107
914270,588124
587460,588148
587460,588182
587460,588202
914270,588225
587460,588241
914270,588260
914270,588287
914270,588304
914270,588327
587460,588343
914270,588362
914270,588389
914270,588406
587460,588423
587460,588447
914270,588468
914270,588481
587460,588508
914270,588520
587460,588549
914270,588565
914270,588583
587460,588605
914270,588622
587460,588646
914270,588667
914270,588680
587460,588701
914270,588729
914270,588740
587460,588764
914270,588786
587460,588803
914270,588826
587460,588842
587460,588861
587460,588888
914270,588900
914270,588928
587460,588944
587460,588963
914270,588985
914270,589001
587460,589029
914270,589040
914270,589064
587460,589086
914270,589103
914270,589126
587460,589142
587460,589161
914270,589188
589212,589231
587460,589254
587460,589277
587460,589296
914270,589310
914270,589334
914270,589352
587460,589375
914270,589399
914270,589415
914270,589436
914270,589458
914270,589470
914270,589491
587460,589518
914270,589539
587460,589556
914270,589573
587460,589594
914270,589616
587460,589637
914270,589659
587460,589671
914270,589692
914270,589713
914270,589732
587460,589750
587460,589778
914270,589797
914270,589811
914270,589830
587460,589853
914270,589876
914270,589895
587460,589914
914270,589933
587460,589951
589998,590014
589998,590033
590051,590079
590051,590098
590051,590112
590051,590131
590051,590154
590177,590196
590051,590219
590051,590235
590051,590257
590177,590274
590177,590290
590177,590316
590051,590337
590051,590359
590051,590371
590051,590392
590051,590411
590051,590430
590051,590453
590482,590509
590051,590521
590177,590545
590051,590566
590051,590584
590051,590606
590051,590623
590482,590647
590675,590699
590051,590718
590051,590739
590051,590756
590051,590773
590051,590794
590051,590815
590051,590836
590051,590858
590051,590870
590051,590891
590482,590917
590051,590938
590964,590986
865384,591032
865384,591050
865384,591078
865384,591097
591202,591225
591287,591304
794625,591327
794625,591358
591202,591370
591202,591391
591202,591410
591202,591434
591452,591475
591499,591512
591499,591531
591565,591583
591452,591614
591651,591679
591717,591738
591651,591755
591651,591772
591717,591803
591717,591835
591717,591861
591717,591890
591651,591928
591651,591944
591651,591963
591651,591985
591651,592002
592025,592041
591651,592087
591651,592104
591651,592127
591717,592143
591651,592162
591651,592189
591717,592209
591651,592221
591651,592245
591651,592266
591717,592297
591651,592324
591651,592348
592025,592369
591651,592382
591651,592400
591651,592428
591717,592459
591651,592471
591651,592492
591717,592519
591651,592535
591651,592561
591651,592590
591651,592617
591651,592638
591651,592655
591651,592672
592705,592722
592746,592767
591651,592780
592025,592812
591717,592849
591717,592877
591651,592906
591651,592975
592999,593011
591717,593030
591717,593053
591651,593076
591651,593095
591651,593114
591651,593146
591651,593167
591651,593180
591651,593200
591651,593228
591717,593244
592705,593263
591651,593285
591717,593302
591717,593325
591651,593341
591651,593360
591651,593387
591651,593409
591717,593432
591651,593466
593510,593534
593581,593608
593631,593654
864997,593696
864997,593715
593736,593758
593817,593838
593855,593872
864997,593903
772449,593957
772449,594029
594040,594064
594086,594103
594040,594126
594161,594188
594208,594220
594254,594277
772449,594296
594086,594310
596642,597238
594086,594334
772449,594352
864997,594375
772449,594399
594086,594415
772449,594436
594040,594458
594086,594470
772449,594491
593736,594525
594086,594556
594086,594573
593736,594594
772449,594637
772449,594663
594685,594709
864997,594721
595063,594745
594778,594797
594086,594811
594040,594830
864997,594853
594161,594876
594685,594895
594161,594914
594933,594951
594161,594979
594161,594998
864997,595016
593736,595037
595063,595085
594040,595102
596592,597293
594040,595125
864997,595141
595160,595187
594086,595207
864997,595224
595248,595269
593736,595282
772449,595305
864997,595322
864997,595346
594040,595367
594685,595380
772449,595403
594685,595426
595457,595474
594086,595490
772449,595517
595540,595564
595627,595643
595662,595689
593736,595708
772449,595720
594086,595749
595765,595783
594161,595847
864997,595868
595063,595881
595765,595909
594086,595921
595662,595950
595063,595978
595160,595997
596027,596043
596592,597326
596070,596091
596138,596155
596193,596210
596070,596252
596193,596275
596193,596299
596070,596313
596070,596332
596350,596378
596402,596425
596441,596460
596494,596516
596544,596563
596592,596619
596642,596661
596642,596688
596592,596707
596642,596724
596592,596748
596642,596776
596642,596805
596592,596822
596642,596846
596592,596867
596642,596880
596592,596908
596642,596931
596592,596965
596642,597008
596642,597020
596642,597049
596592,597065
596642,597083
596642,597123
596642,597147
596642,597168
596592,597181
596642,597201
596642,597357
596592,597390
596642,597414
596592,597433
597451,597479
597524,597548
596592,597576
596642,597609
596592,597621
596592,597645
596642,597666
596642,597684
596642,597700
596592,597737
596642,597759
596642,597771
596642,597792
596592,597818
596642,597839
596642,597856
596592,597873
596642,597894
596592,597915
596592,597936
596642,597958
596642,597970
596592,598003
596592,598035
596592,598057
596642,598088
596592,598100
596592,598128
596592,598159
596642,598171
598205,598222
598251,598279
598251,598298
598205,598312
596592,598331
596642,598354
596642,598377
598401,598429
598401,598440
598464,598486
598515,598536
598401,598558
598570,598591
598401,598618
598570,598639
598570,598656
598401,598673
598401,598694
598570,598710
598401,598734
598401,598752
598401,598775
598401,598799
598570,598813
598570,598832
598570,598850
598401,598878
598570,598897
598401,598911
598930,598953
598976,598995
598464,599010
598515,599034
598515,599052
598464,599075
598515,599099
598401,599113
598570,599132
598401,599150
598570,599178
598401,599197
598930,599215
598976,599236
598401,599258
598570,599270
598401,599291
598570,599317
598464,599338
598464,599355
599386,599408
598515,599420
598401,599449
598570,599465
598401,599483
957296,599533
957296,599551
599580,599607
599630,599653
599682,599703
599682,599726
599682,599761
599630,599800
599682,599828
599630,599844
599630,599863
599682,599885
599682,599902
599630,599925
599682,599941
599630,599960
599994,600013
600045,600066
997602,997625
600045,600084
600045,600107
600045,600124
599994,600148
599994,600169
600045,600182
600045,600202
599994,600225
599994,600241
600045,600260
600045,600287
600045,600304
600045,600327
754689,600362
600389,600406
754689,600423
600389,600447
754689,600468
754689,600481
600389,600508
600045,600520
599994,600549
600045,600565
600045,600583
599994,600605
600045,600622
600651,600679
600045,600698
599994,600717
600045,600738
600045,600755
600045,600772
600045,600793
600045,600819
600045,600835
600045,600857
599994,600874
600045,600890
600045,600916
600045,600937
600045,600959
754689,600971
600045,600992
600045,601012
600045,601031
600045,601054
600045,601077
600045,601096
754689,601110
600389,601134
599994,601152
600045,601175
600045,601199
600045,601217
600045,601238
861480,601286
861480,601335
861480,601357
861480,601374
861480,601390
861480,601414
861480,601433
861480,601451
861480,601507
861480,601524
861480,601548
861480,601582
861480,601609
861480,601621
861480,601645
861480,601666
861480,601684
861480,601700
861480,601728
861480,601744
861480,601763
861480,601785
861480,601802
861480,601839
861480,601873
861480,601904
861480,601927
861480,601943
861480,601970
861480,602001
861480,602029
861480,602040
861480,602064
861480,602086
602119,602135
861480,602174
861480,602190
492403,602212
492403,602231
602277,602296
602277,602310
602334,602352
602334,602375
602399,602415
602443,602462
602489,602502
602399,602525
602334,602541
602334,602560
602594,602616
602644,602663
602692,602713
602766,602784
602853,602876
602914,602933
602979,602998
603052,603075
603270,603099
603113,603132
603150,603178
603197,603215
603197,603236
603113,603258
603270,603291
603150,603317
603355,603372
602853,603393
603150,603412
955916,603454
603113,603477
603505,603522
603551,603579
955916,603598
603630,603653
603682,603703
603726,603742
955916,603761
603197,603788
603828,603844
603863,603885
603902,603925
860554,603960
602853,603987
603270,604000
955916,604028
603150,604044
602853,604063
955916,604085
604102,604125
602853,604141
603270,604160
603270,604187
603270,604207
603197,604224
604253,604276
602853,604295
604333,604351
604379,604398
604435,604457
604474,604490
604517,604538
604555,604572
604555,604593
604379,604615
604636,604658
604435,604670
604379,604691
604731,604754
604783,604806
604875,604899
604921,604945
604966,604984
604435,605004
605036,605058
605089,605101
605129,605140
604474,605164
607007,606911
605186,605206
605234,605252
605281,605309
605345,605366
605397,605418
605441,605460
605487,605500
605487,605528
605281,605544
605563,605585
605619,605635
605563,605657
605281,605674
605690,605711
605769,605782
605769,605805
694507,1159014
605769,605822
605851,605879
605912,605931
605769,605954
605977,605996
606026,606042
606061,606088
606128,606144
606163,606185
605977,606205
606222,606246
606267,606280
605769,606308
606331,606354
607007,606930
606383,606401
606429,606440
606472,606493
606515,606536
606472,606558
606472,606570
606602,606625
606641,606660
606429,606687
606472,606706
606723,606747
606768,606781
606768,606809
606821,606845
606821,606866
607007,606953
607007,606976
607007,607024
607053,607076
607095,607114
520164,607151
607179,607198
607179,607216
607179,607237
607263,607285
607179,607302
607179,607325
607179,607341
607179,607360
607179,607387
607179,607409
607179,607421
607179,607445
607179,607466
607263,607484
607179,607506
607179,607523
607179,607547
607179,607568
607179,607581
607179,607608
607179,607620
607179,607649
607179,607665
607179,607683
607179,607704
607179,607727
607179,607743
607179,607762
607179,607789
607179,607801
607179,607829
607179,607840
607179,607864
607179,607886
607179,607903
608039,608056
608094,608115
608136,608158
608136,608170
608136,608191
608136,608213
608136,608232
608136,608250
608136,608278
608136,608297
608136,608311
608136,608330
608369,608382
608136,608400
608136,608428
608136,608444
608136,608471
608136,608526
608136,608542
608136,608561
608136,608588
608136,608601
608136,608629
608136,608640
608136,608664
608686,608705
608733,608751
608780,608808
608820,608849
608820,608883
608906,608923
609005,609022
609080,609108
609120,609149
609165,609183
609203,609226
609165,609242
609203,609274
609165,609300
609165,609328
609203,609344
609385,609407
609430,609453
609430,609476
609495,609513
609495,609532
609550,609578
609550,609597
609550,609610
609495,609634
609495,609652
609675,609699
609430,609718
609495,609739
609550,609756
609773,609794
609550,609815
609836,609858
609870,609891
609550,609917
609955,609972
610000,610028
610071,610092
610071,610118
610141,610160
610141,610187
610224,610248
610269,610282
610269,610305
610269,610322
610346,610367
610269,610380
610346,610403
610426,610442
610346,610461
610346,610488
610346,610501
610426,610529
610346,610540
610269,610564
610346,610586
610346,610604
610346,610627
610346,610643
610346,610662
610269,610689
610708,610720
610426,610749
610426,610765
610708,610783
610269,610806
610269,610823
610426,610847
610426,610868
610881,610909
610346,610921
610950,610978
610950,610997
610950,611017
611040,611064
610950,611086
610950,611103
611040,611126
610950,611142
611040,611161
610950,611188
610950,611208
610950,611220
610950,611249
611040,611265
611306,611323
610950,611347
611381,611404
611381,611436
611381,611462
611381,611489
611502,611525
611381,611541
611560,611587
611616,611637
611663,611685
611663,611709
611663,611721
611750,611778
611750,611824
611750,611882
611933,611951
611998,612012
613799,612054
612096,612110
612134,612152
613799,612175
955861,612217
613799,612238
612293,612319
698197,1023587
536906,1242240
956005,612357
612388,612405
955861,612422
613799,612446
955861,612467
613799,612498
612511,612530
955861,612553
613799,612576
612293,612595
955861,612613
955861,612632
612650,612678
613799,612697
955861,612716
955861,612737
955861,612759
612792,612818
612856,612873
955861,612894
955861,612915
613799,612936
613799,612958
613799,612970
613799,612991
955861,613019
613799,613035
955861,613057
955861,613074
613799,613090
613799,613116
955861,613137
613982,613185
613799,613205
613799,613222
955861,613246
955861,613267
955861,613280
613799,613308
613320,613349
956005,613365
613799,613383
613401,613429
613401,613440
955861,613464
955861,613486
613515,613536
613799,613558
613799,613570
614679,615177
1243723,1243747
613799,613591
955861,613618
613799,613639
955861,613656
955861,613673
613799,613694
955861,613710
613799,613734
956005,613752
613799,613775
612134,613813
613799,613832
613320,613866
613884,613907
613799,613924
955861,613948
614679,615196
343510,1243809
955861,613969
612134,614009
613799,614021
613799,614045
614078,614097
614130,614153
614202,614225
614241,614260
614294,614315
614358,614370
614406,614423
614406,614447
614406,614468
614520,614549
614577,614596
614622,614646
614679,614698
614679,614717
614679,614738
614679,614755
614679,614772
614679,614803
614857,614874
614679,614890
614679,614916
614679,614937
614679,614959
614679,614971
614679,614992
614679,615014
614679,615033
614679,615051
614679,615079
614679,615098
614679,615112
614679,615131
614679,615154
614679,615219
614679,615235
614679,615257
614679,615274
614679,615290
614679,615316
614679,615337
614679,615359
614679,615371
614679,615392
614679,615411
614679,615448
614679,615482
614679,615545
614679,615597
614679,615610
614679,615634
614679,615652
614679,615675
614679,615699
614679,615718
614679,615739
614679,615756
614679,615773
614679,615794
614679,615815
614679,615836
614679,615858
615889,615901
615889,615929
615955,615972
616034,616052
616081,616109
616197,616215
616197,616236
616197,616258
616197,616270
616301,616329
616301,616340
616301,616364
616386,616408
616301,616420
616301,616449
616301,616465
616483,616505
616301,616522
616301,616546
616301,616567
616301,616580
616301,616607
616301,616624
616301,616648
616301,616669
616301,616682
616301,616703
616742,616761
616790,616816
616871,616892
616939,616956
616939,616973
616939,617002
616939,617025
616939,617041
617087,617104
616939,617143
616939,617162
617191,617213
617191,617232
617191,617250
617191,617278
617191,617297
617191,617311
617191,617330
617191,617353
617191,617376
617191,617395
617191,617428
617191,617459
617191,617471
617191,617503
617191,617535
617191,617557
617191,617588
617191,617601
617191,617629
617191,617640
617191,617672
617191,617705
617191,617722
617191,617746
617191,617767
617191,617780
617191,617808
617191,617831
617191,617883
617191,617906
617191,617923
617191,617947
617191,617975
617191,617999
617191,618011
617191,618030
617191,618053
617191,618076
617191,618095
617191,618114
1282427,618180
1282427,618216
1282427,618285
1282427,618339
1282427,618394
1282427,618413
1282427,618445
1282427,618466
618484,618506
618484,618523
618575,618599
618612,618631
618665,618683
618727,618743
618727,618762
618789,618801
618789,618838
618789,618855
618789,618872
618789,618893
618789,618919
618789,618935
618789,618957
618789,618974
618789,618990
618789,619015
618789,619036
618789,619058
618789,619070
618789,619091
618789,619117
618789,619138
618789,619155
618789,619172
618789,619193
618789,619223
618789,619252
618789,619275
618789,619299
618789,619313
618789,619332
618789,619350
618789,619378
618789,619397
618789,619418
618789,619439
619460,619487
619460,619500
619460,619528
619460,619544
619563,619603
619460,619626
619460,619642
619460,619661
619460,619688
619460,619707
619460,619724
619460,619748
619460,619769
619460,619782
619563,619805
619460,619822
619460,619846
619460,619867
619460,619880
619460,619908
619460,619920
619460,619949
619460,619996
619460,620022
619460,620046
619460,620067
619460,620080
619460,620108
619460,620120
619460,620149
619460,620165
619563,620183
619460,620203
619563,620226
619460,620242
619460,620261
619460,620288
619460,620300
619460,620328
620385,620407
620385,620424
620453,620476
620509,620521
620509,620545
620578,620597
620578,620675
620578,620699
620578,620718
620578,620739
620578,620756
620578,620827
620578,620843
620578,620862
620578,620889
620578,620901
620578,620929
620578,620940
620578,620964
621009,621021
620578,621045
620578,621066
621009,621084
620578,621107
620578,621124
621153,621225
621153,621195
621153,621256
621294,621315
621343,621362
621343,621389
621343,621406
621468,621481
621554,621577
621614,621633
621679,621698
621738,621755
621786,621803
621835,621857
621900,621928
621900,621944
621900,621963
621900,621985
621900,622002
622039,622056
621900,622073
622039,622094
622127,622143
622127,622162
622213,622232
622278,622297
622324,622348
622382,622400
622437,622459
622471,622492
622519,622535
622557,622574
622590,622617
622686,622705
625517,622722
622746,622767
622798,622812
622854,622877
622910,622934
622975,622999
623011,623030
623076,623095
623122,623146
887785,623180
887785,623200
623228,623244
622854,623263
623011,623285
623318,623339
622854,623356
622854,623373
623394,623413
622854,623450
622854,623478
623510,623534
623552,623575
622854,623599
623620,623649
623228,623665
623620,623683
623715,623736
623762,623789
623801,623829
623855,623872
623893,623919
623942,623961
623988,624001
624029,624040
624072,624093
622557,624119
624135,624157
624174,624190
624029,624212
624231,624254
624029,624277
624296,624310
622557,624368
622557,624381
624427,624443
625517,624462
624489,624502
747533,626954
624539,624556
624573,624594
624231,624616
624644,624663
622975,624685
622746,624709
624489,624721
624750,624778
887785,624797
624811,624830
622854,624853
622854,624876
622854,624895
624174,624914
624174,624933
624951,624979
624998,625016
624998,625037
622975,625059
625085,625102
1031774,625156
625517,625173
625211,625230
622854,625253
622557,625276
625305,625322
625346,625367
887785,625380
625517,625403
624231,625426
625442,625461
625517,625490
624231,625555
624231,625572
625593,625615
625643,625662
625517,625689
625731,625754
625731,625777
625834,625852
625909,625921
625945,625966
626027,626043
626091,626117
622557,626138
626172,626193
626247,626268
626345,626366
626397,626418
626345,626439
626345,626460
626487,626500
626528,626544
626563,626585
626603,626626
626657,626674
747533,626711
747533,626748
747533,626782
747533,626814
747533,626833
626603,626851
626603,626879
747533,626898
747533,626912
747533,626931
747533,626977
747533,626996
747533,627012
627049,627065
747533,627083
747533,627106
627123,627147
626603,627168
627181,627201
626657,627229
747533,627240
747533,627264
626603,627293
626603,627326
627123,627361
626657,627390
626657,627414
626603,627433
627451,627479
627498,627511
747533,627530
626603,627553
626657,627576
747533,627595
747533,627621
747533,627666
627498,627697
626657,627716
627049,627737
627181,627759
747533,627792
627818,627839
627498,627856
627498,627873
747533,627894
747533,627915
627962,627989
747533,628003
627818,628026
627181,628042
747533,628061
747533,628088
747533,628100
626603,628128
626603,628144
626657,628163
626657,628185
747533,628214
747533,628246
628279,628298
747533,628312
747533,628331
747533,628354
747533,628377
747533,628396
628417,628438
626603,628455
627962,628472
747533,628493
747533,628515
747533,628536
747533,628558
626603,628570
747533,628591
747533,628618
627962,628639
747533,628656
747533,628673
628694,628710
747533,628734
747533,628752
747533,628775
747533,628799
747533,628813
626603,628832
627818,628850
626603,628878
626603,628897
626657,628911
747533,628930
628417,628953
747533,628976
747533,628995
747533,629034
747533,629052
627181,629075
747533,629099
747533,629113
747533,629132
747533,629150
747533,629178
747533,629197
628279,629215
626603,629236
747533,629258
747533,629270
626603,629291
628279,629329
747533,629355
747533,629372
626603,629393
747533,629412
747533,629431
747533,629454
626603,629477
747533,629496
747533,629514
747533,629533
747533,629551
626657,629579
626603,629598
626603,629611
626657,629630
747533,629653
747533,629676
747533,629695
747533,629719
628417,629735
628417,629757
628417,629774
628417,629800
629837,629859
747533,629871
747533,629892
747533,629918
747533,629939
747533,629956
747533,629973
747533,629994
747533,630017
747533,630038
747533,630055
747533,630072
747533,630103
747533,630126
747533,630142
747533,630161
627181,630208
747533,630220
747533,630249
747533,630265
747533,630283
747533,630306
627962,630323
747533,630347
747533,630368
747533,630381
747533,630404
747533,630427
626603,630443
626657,630462
626603,630489
747533,630502
747533,630525
626657,630541
627451,630560
630594,630616
627181,630637
747533,630659
626603,630671
630692,630713
626657,630732
747533,630750
747533,630778
747533,630807
747533,630830
747533,630869
747533,630895
747533,630914
626603,630946
747533,630967
747533,630980
627451,631018
747533,631041
747533,631087
747533,631104
747533,631127
627451,631158
627181,631170
747533,631191
747533,631213
626603,631245
747533,631266
747533,631284
628417,631307
747533,631324
626603,631348
747533,631369
747533,631382
747533,631416
626657,631437
627498,631459
626657,631471
627181,631492
626603,631519
627451,631535
747533,631557
747533,631588
626603,631601
626603,631629
747533,631640
747533,631664
747533,631686
747533,631705
747533,631722
626603,631746
747533,631767
747533,631780
747533,631808
747533,631820
627498,631849
626657,631865
747533,631883
747533,631906
747533,631923
627451,631947
747533,631968
747533,631981
627181,632009
747533,632021
747533,632045
747533,632066
627181,632084
747533,632107
627049,632124
632153,632176
627181,632195
627181,632218
627181,632239
627181,632256
747533,632273
747533,632294
627451,632315
626603,632336
747533,632358
626657,632370
626603,632391
747533,632410
627818,632434
747533,632452
626603,632475
626657,632499
747533,632520
627181,632554
626603,632596
747533,632614
747533,632633
747533,632667
626603,632680
626603,632701
747533,632729
627451,632740
747533,632764
747533,632786
747533,632803
747533,632826
747533,632842
632900,632928
632900,632959
632900,633004
633058,633070
633101,633129
633155,633172
633193,633210
633247,633268
633247,633321
633247,633345
633247,633366
633247,633384
633247,633402
633247,633425
633247,633441
633473,633494
633528,633544
633528,633563
633528,633585
633603,633626
633603,633642
633661,633688
633603,633711
633603,633748
633661,633776
633661,633795
633814,633833
633814,633851
633880,633908
633880,633920
633954,633977
661316,634022
634080,634108
634131,634154
634183,634203
634183,634226
634242,634261
697914,634316
697914,634359
697914,634385
697914,634411
697914,634430
697914,634453
697914,634476
697914,634495
697914,634513
697914,634532
697914,634550
697914,634578
697914,634606
697914,634634
697914,634652
697914,634675
697914,634699
697914,634725
697914,634756
697914,634773
697914,634804
634843,634862
634843,634889
634843,634901
634843,634929
634843,634940
634843,634964
634843,634986
634843,635006
634843,635023
634843,635047
634843,635068
634843,635081
634843,635109
634843,635121
634843,635150
634843,635184
634843,635227
634843,635243
634843,635262
634843,635289
634843,635301
634843,635329
634843,635340
634843,635364
634843,635386
634843,635408
634843,635431
635465,635483
634843,635522
635580,635607
635653,635676
635703,635726
661509,635774
635790,635816
635844,635863
635790,635902
635939,635956
635939,635987
636024,636048
636024,636082
636024,636114
636146,636167
636024,636200
636024,636259
636024,636271
636024,636292
636024,636325
636024,636341
636024,636360
636024,636387
636024,636409
636024,636432
636024,636450
636024,636478
636024,636497
636024,636510
636024,636534
636024,636552
636024,636575
636024,636599
636024,636620
636024,636665
636024,636715
983871,639028
636024,636736
636024,636758
636024,636770
636024,636829
636024,636840
636024,636864
636024,636903
636024,636926
636024,636942
636024,636961
636024,637003
636024,637026
636024,637042
636024,637061
637088,637100
636024,637128
636024,637144
636024,637171
636024,637192
636024,637214
636024,637233
636024,637251
636024,637279
636024,637308
636024,637331
636024,637377
636024,637396
636024,637417
636024,637438
636024,637455
636024,637472
636024,637493
636024,637515
636024,637543
636024,637562
636024,637589
636024,637602
636024,637625
636024,637641
636024,637660
636024,637687
636024,637706
636024,637723
636024,637747
636024,637768
636024,637781
636024,637809
636024,637845
636024,637884
636024,637911
636024,637930
636024,637969
636024,637995
636024,638012
1128286,1128303
233800,1128342
636024,638031
636024,638054
636024,638077
636024,638106
636024,638123
636024,638147
636024,638175
636024,638199
636024,638217
636024,638238
636024,638255
636024,638272
636024,638293
638326,638342
983871,638405
638422,638446
983871,638467
983871,638480
983871,638507
983871,638569
983871,638609
983871,638621
638524,638645
983871,638678
983871,638763
983871,638785
983871,638802
983871,638825
983871,638841
983871,638860
983871,638887
983871,638904
638524,638927
983871,638943
983871,638962
983871,638991
983871,639044
983871,639063
983871,639085
983871,639102
983871,639125
983871,639141
983871,639160
983871,639187
983871,639207
983871,639224
983871,639248
983871,639269
983871,639282
983871,639305
983871,639322
983871,639346
983871,639367
983871,639380
639403,639426
983871,639442
929569,639501
929569,639604
639749,639643
929569,639662
929569,639689
929569,639708
639749,639765
929569,639783
639806,639823
929569,639868
929569,639881
639749,639909
872042,639921
639749,639950
929569,639978
929569,639997
639749,640019
639749,640035
640061,640088
640061,640100
640128,640144
640061,640163
640061,640185
640214,640233
640267,640280
640061,640308
640061,640320
640267,640349
640061,640365
640061,640383
640061,640401
640061,640429
640061,640440
640061,640464
640061,640486
640061,640504
640061,640527
640061,640543
640061,640562
640061,640589
640061,640602
640061,640625
640061,640641
640061,640660
640061,640687
640061,640706
640061,640723
640061,640747
640061,640768
640061,640781
640061,640809
640061,640821
640061,640845
640061,640866
835916,992499
640884,640907
640884,640924
640061,640953
640061,640976
640061,640995
640061,641015
640061,641036
640061,641058
640061,641070
640061,641091
640061,641117
640061,641138
640061,641155
640061,641172
640061,641193
640061,641210
640061,641234
640061,641268
640061,641281
640061,641309
640061,641321
640061,641345
640061,641366
640214,641384
640061,641402
640061,641425
640061,641441
640061,641473
640061,641500
640061,641537
640061,641592
640061,641619
640061,641635
641661,641688
641711,641730
641711,641753
641776,641795
641822,641846
582112,641867
627451,641880
627451,641931
627451,641954
627451,641977
627451,641996
627451,642034
627451,642052
627451,642075
627451,642121
747533,642150
747533,642178
747533,642227
596592,642262
596592,642289
747533,642329
626603,642364
583071,642386
583071,642408
591717,642420
861480,642449
861480,642465
642496,642514
595765,642533
584420,642551
636024,642579
864997,642598
584695,642611
584695,642630
642669,642682
642726,642742
642790,642816
642863,642885
861958,642956
245189,642973
643040,643064
643103,643126
643103,643142
643161,643188
643161,643208
643254,643277
643323,643347
643375,643399
643427,643443
643491,643518
643491,643539
716160,643600
716211,643659
643709,643721
643778,643797
643876,643895
910968,643946
643979,643998
644048,644069
644095,644114
644179,644198
644244,644263
645480,645507
644325,644341
765235,644360
304697,644387
644409,644421
644497,644510
644547,644568
644547,644581
644612,644631
644683,644704
644762,644789
644855,644872
644926,644942
957254,644990
645049,645065
645106,645123
645175,645199
645238,645255
645326,645342
645326,645361
645414,645433
645548,645569
645480,645582
645548,645613
645666,645684
645700,645728
645759,645771
645666,645792
645841,645860
645894,645915
645943,645962
646032,646050
646107,646124
813905,646182
646256,646273
646343,646362
646343,646389
956112,646452
646508,646520
646508,646549
646596,646614
646596,646679
754754,646764
646793,646819
758127,646888
646937,646959
646937,646971
647037,647059
647102,647125
647102,647141
691059,647211
691059,647230
647276,647295
647314,647333
647367,647380
647435,647457
647488,647501
647529,647540
1147648,647564
933254,647586
647636,647658
647689,647708
801703,1052589
647720,647749
647765,647783
647765,647806
647823,647847
647868,647881
300833,647909
647950,647978
648005,648022
648067,648080
648120,648149
648219,648235
648257,648274
648290,648316
648363,648385
648430,648453
648482,648509
648532,648550
648584,648606
519371,648623
648675,648699
648725,648741
648773,648794
648827,648843
648870,648891
648940,648964
648993,649018
649060,649087
649060,649104
649158,649170
649232,649250
649232,649297
649353,649376
649400,649428
649459,649471
422022,649492
649542,649561
649590,649617
649640,649664
649693,649714
649767,649780
649831,649854
649883,649906
649934,649952
650002,650025
650073,650094
650127,650143
650170,650191
650221,650245
650297,650311
650348,650369
650395,650416
650444,650463
650492,650519
650561,650588
974375,650640
650664,650686
650733,650751
650808,650820
650877,650896
650923,650947
651090,651116
651144,651163
651214,651233
651214,651251
469305,651279
651308,651320
651377,651396
651440,651464
651493,651515
651562,651589
651618,651639
649640,651656
649693,651673
779638,651723
779638,651747
649158,651768
652804,652827
651799,651813
651866,651884
651911,651930
651969,651982
652033,652051
652108,652120
652154,652177
652226,652242
652274,652290
652344,652363
652411,652430
649400,652513
649459,652532
422022,652550
816985,652623
816985,652647
652699,652718
652699,652739
320088,652756
652889,652901
652929,652940
887229,652986
887229,653000
216027,653044
850346,653085
217962,653118
653156,653173
653248,653269
962419,653305
217962,653435
653457,653474
848856,653529
653572,653593
649400,653627
649459,653658
388716,653689
653731,653754
653806,653823
653875,653899
653921,653945
653333,653966
653398,653984
654052,654075
654145,654166
906604,654215
654258,654270
654355,654372
654393,654412
654454,654477
654522,654546
650221,654607
229473,654648
229425,654669
654719,654735
654828,654800
654828,654844
654892,654918
655007,655024
655053,655076
1011988,655146
655122,655167
655198,655216
655237,655259
264077,655271
655325,655341
655373,655394
655413,655432
645175,655450
655506,655523
655581,655608
655631,655654
257956,1004240
993172,1012305
526196,655704
270722,655727
270722,655743
655791,655817
655864,655886
601264,655919
655935,655957
596592,656008
520441,656147
293083,656168
264524,656181
218026,656201
656229,656240
656264,656286
564919,656357
656388,656405
656422,656446
656467,656480
656507,656524
911948,656613
656645,656666
656684,656700
656728,656744
656763,656785
656839,656856
656887,656904
320205,656927
656989,657004
657036,657058
322483,657070
657101,657129
657155,657172
645943,657193
657247,657268
621153,657350
657384,657402
962662,657441
1004303,657487
657537,657559
657585,657603
646107,657674
657730,657753
657833,657851
654828,657912
238162,657954
657983,658009
1282427,658050
658084,658107
658153,658176
658239,658256
657730,658273
657730,658294
657833,658315
657833,658336
654828,658358
658406,658423
658452,658475
657833,658499
657833,658512
939542,658605
247067,658622
658667,658680
1009591,658738
263170,658772
355539,658793
618484,658835
322047,658857
322099,658874
658928,658944
658928,658985
357107,659001
659055,659072
766047,659126
619460,659174
659220,659249
1146519,659296
659347,659368
659415,659436
659462,659489
657730,659502
657730,659525
808367,659573
659628,659644
496060,659671
385132,659692
962662,659713
1004303,659732
300730,659750
659778,659797
800855,659848
659895,659914
648165,659951
390577,660075
660145,660166
660145,660204
563470,660262
660317,660338
660412,660431
219598,660483
573635,660514
660567,660580
217991,660653
660703,660726
660757,660774
788514,660844
213373,1221329
666881,660892
660941,660960
660987,661005
661033,661051
219243,661108
661154,661177
661203,661226
779638,661290
661316,661337
661363,661385
432775,661407
661453,661476
661509,661521
661545,661566
255618,661584
301092,661606
661634,661652
661739,661756
746297,661773
661815,661836
661862,661889
831037,661938
648290,661972
662003,662026
662074,662090
540340,662159
662185,662205
775524,662251
775524,662279
766047,662308
662354,662377
662401,662429
293083,662440
662472,662493
662515,662536
865384,662589
662618,662639
662660,662687
662710,662734
662781,662809
214462,1313820
662850,662878
662930,662953
662976,662995
662930,663012
663065,663083
658928,663106
657730,663168
663217,663238
657833,663255
654828,663272
663319,663335
663374,663390
663433,663451
663498,663511
657730,663530
657833,663553
654828,663576
657833,663613
657730,663632
657833,663650
654828,663678
657730,663716
563470,663759
657730,663792
657833,663839
654828,663856
643778,663989
644683,664018
650170,664041
664127,664143
664191,664213
536906,664284
538072,664330
487395,664353
664376,664395
664428,664444
519448,664519
664542,664561
664588,664601
779162,664629
764888,664693
542222,664714
664746,664767
664798,664812
664588,664831
763185,664883
747676,664934
747624,664981
665001,665029
664588,665055
857428,665135
862766,1287510
665157,665174
234085,665190
235089,665212
233145,665231
238664,665254
665277,665296
665323,665347
333651,665381
322166,665404
665436,665458
665489,665502
353175,665525
353229,665541
353272,665560
665587,665600
665628,665644
651214,665663
320504,665685
665713,665732
665766,665784
665853,665876
294284,665951
965660,665998
211045,666037
255543,666059
217962,666071
666141,666160
822978,666211
664428,666248
666295,666314
666346,666367
666398,666419
666461,666488
234085,666501
661509,666540
644547,666564
831037,666615
227348,666689
333651,666708
322166,666720
666810,666834
666881,666909
216313,666950
216321,666978
237114,666997
237167,667013
237216,667032
1012868,667107
469305,667124
667148,667169
667225,667202
216544,667362
256039,670168
952216,667475
947733,667520
213575,667565
667622,667646
887229,667680
213259,667729
653282,667819
653282,667857
657833,667963
668004,668027
657730,668043
654828,668062
668089,668101
668138,668155
736898,668223
255982,670181
256039,670201
260833,670229
668332,668350
844804,668425
668473,668494
960697,668603
960697,668626
672490,668690
668748,668769
668782,668805
668846,668867
668965,668983
213791,1004388
1012945,1012966
673495,669024
669076,669095
669146,669167
960697,669180
960697,669200
960697,669228
960697,669244
260730,670240
533328,670264
960697,669263
960697,669285
960697,669318
669360,669387
844804,669445
851491,669510
851491,669534
669608,669620
844804,669649
851491,669665
671263,671285
669758,669770
669758,669791
669758,669817
669840,669864
669903,669926
669942,669961
534247,669988
534299,670008
534366,670020
534418,670049
670065,670083
670106,670123
670106,670147
1022973,670335
670388,670405
995454,670479
670524,670548
844804,670569
670609,670621
670645,670666
444351,670684
444426,670700
670759,670771
667225,670825
634843,670873
670894,670915
670943,670962
911948,670991
671048,671069
806491,671082
211050,671167
671216,671237
671318,671339
671360,671387
216879,671445
649934,671506
643979,671523
650877,671547
671568,671581
255163,671608
671631,671654
671727,671743
644683,671801
766047,671864
645943,671893
643103,671926
643161,671988
672063,672085
672139,672156
672224,672248
672276,672295
672346,672367
672403,672426
672490,672517
672564,672586
672636,672658
672689,672708
672754,672777
672823,672847
672899,672913
672945,672966
672403,673005
673051,673079
853493,673112
673165,673183
673219,673235
673359,673371
673359,673392
673453,673476
673495,673513
673550,673578
673606,673623
673668,673681
673955,673972
674004,674027
1005596,1005614
674043,674062
674004,674101
674129,674140
674004,674164
674043,674186
674129,674210
674004,674234
674043,674252
674299,674313
674345,674366
674397,674418
674439,674456
674500,674528
674544,674563
878070,674619
674642,674661
674690,674711
1008289,1008301
245617,1307669
674748,674769
674795,674814
674846,674867
877971,674912
674949,674965
674996,675019
211130,675090
650170,675128
650127,675205
675222,675246
675267,675280
858552,675354
763354,675401
901938,675455
675527,675543
675589,675602
675660,675687
675752,675775
675752,675799
675752,675850
675752,675878
675924,675948
675924,675995
676018,676039
676087,676104
676136,676158
676189,676209
676189,676221
676189,676245
676266,676284
676189,676307
676324,676348
676189,676376
676189,676395
676189,676416
676437,676459
676471,676492
676542,676561
676471,676588
676601,676629
676640,676664
716016,676705
676686,676722
676746,676767
676437,676780
676808,676820
676686,676849
676877,676896
729913,676947
729913,676975
677047,677113
699641,677166
677204,677227
981238,677364
1034768,677431
970521,677477
680450,680478
694507,1035221
1167018,1167039
1168599,1168612
677496,677514
677546,677567
730033,677580
959472,677607
729913,677624
729913,677653
959472,677682
677719,677735
677719,677757
677719,677788
729966,677800
959543,677837
959543,677859
677925,677941
677994,678017
678064,678086
678064,678103
678174,678190
678174,678212
912986,684159
678323,678347
678404,678427
678470,678491
678539,678556
678539,678573
678628,678644
678709,678721
678766,678784
678807,678824
212250,678882
678946,678967
679009,679021
679066,679084
679130,679153
679182,679202
679225,679241
679304,679327
671727,1052625
679370,679391
679447,679468
679531,679554
679605,679622
679680,679701
679738,679755
679786,679803
679842,679861
679842,679888
521627,679959
680007,680024
680007,680048
680105,680122
852293,680180
852293,680200
680259,680271
680302,680325
680341,680360
680387,680409
680534,680552
680581,680608
680631,680654
680704,680727
680758,680770
680758,680791
680829,680840
680872,680893
680926,680942
680990,681010
680990,681047
679605,681075
681109,681121
681150,681178
681227,681243
681270,681291
680450,681317
681340,681364
681393,681412
681431,681454
681270,681477
681505,681522
679605,681546
681227,681567
681598,681611
681669,681682
681735,681757
681790,681816
681790,681844
681863,681885
681863,681918
681227,681941
1225746,681960
681987,682004
681987,682027
681987,682058
682089,682101
682140,682164
682089,682193
682247,682268
660412,682281
682313,682332
682378,682397
682425,682441
682494,682516
682559,682571
682603,682626
679605,682642
991503,682711
682748,682769
682814,682833
682867,682880
682931,682954
683009,683021
683050,683078
683107,683124
683153,683176
683202,683225
683273,683294
683327,683343
679680,683370
683410,683434
683410,683452
683499,683512
683531,683554
683605,683622
646508,683646
683698,683717
683764,683786
683819,683835
683888,683900
683937,683959
683985,684003
684035,684057
426422,684074
426498,684090
426569,684116
912938,684137
962194,684171
684222,684246
684279,684298
684331,684354
684383,684401
684455,684472
684515,684536
684589,684602
677994,684625
684673,684694
684723,684747
684799,684813
964592,684884
684930,684953
685060,685087
685104,685127
685170,685191
685221,685245
685297,685311
685369,685382
685437,685459
356810,685471
356881,685492
216332,685519
685561,685588
756320,685655
659415,685672
685705,685722
382447,685746
685798,685812
685849,685865
685910,685934
685981,686001
686055,686072
686126,686142
686190,686212
686265,686283
686310,686334
230468,686352
686404,686427
686458,686470
686518,686539
1019202,686556
442135,686573
442208,686594
686644,686663
686692,686713
686766,686784
686830,686853
686905,686922
686979,686998
687046,687067
687112,687131
687183,687203
687257,687274
687328,687344
687328,687363
687411,687430
687482,687509
687532,687550
687606,687623
687652,687675
687652,687699
687741,687760
687815,687836
643709,687858
687889,687901
687929,687940
687993,688016
688063,688085
688139,688156
358965,688173
965438,688194
216544,688224
965438,688248
213484,688282
952216,688305
213484,688322
952216,688346
952216,688398
952216,688419
688457,688474
213510,688501
213259,688529
213445,688564
877971,688658
211928,688796
216996,688847
217856,688868
217904,688881
217958,688921
217915,688950
217936,689008
217962,689077
689096,689110
645666,689134
689168,689181
235833,689229
235782,689240
689272,689293
700127,689361
796979,689433
673165,689451
636024,689479
756267,689553
689595,689613
837998,689684
858105,689737
270471,689818
689873,689894
689936,689958
690004,690027
690091,690117
690140,690164
691248,691269
816605,690223
690252,690275
690309,690321
690350,690378
690402,690425
690402,690441
674690,690460
751511,690559
655413,690782
655373,690833
690851,690879
690920,690949
690977,690996
218026,691037
691059,691071
644547,691092
691125,691141
691194,691211
691333,691351
912862,691426
912862,691457
691501,691529
691501,691555
691627,691643
700127,691712
691777,691796
691834,691852
691909,691921
691997,692011
691997,692048
794570,692114
794570,692146
692228,692244
692318,692339
524716,692387
692432,692450
692506,692523
692575,692599
692649,692665
692715,692736
692762,692789
692864,692886
692935,692957
693002,693025
678766,693041
962662,693060
1004303,693087
872641,693136
226546,693158
520252,693170
955565,693221
693250,693278
693324,693348
693395,693416
519448,693437
244723,693459
244768,693471
693526,693542
693590,693617
538980,693640
538404,693672
538518,693705
655122,693722
693746,693767
693865,693883
693910,693934
693981,694008
662515,694020
694123,694147
743149,694264
694293,694319
448883,695679
694342,694361
694388,694405
673165,694422
211370,694446
211389,694467
600389,694480
694507,694524
694548,694569
783686,694678
858105,694697
694716,694737
626345,694759
266363,694771
275285,694792
694841,694860
212127,694887
694915,694936
259701,694970
695013,695032
695066,695084
256588,695107
361558,695124
226023,695182
864555,695225
864555,695241
695343,695362
613799,695389
955343,695406
255543,695423
695452,695475
695499,695512
695577,695596
964592,695614
255543,695633
320163,695651
355895,1243866
320205,695698
989257,695764
681987,695819
681987,695835
695888,695900
695959,695971
696022,696046
304008,696080
322166,696108
232142,696149
237216,696165
696196,696219
995761,696261
343510,696328
238278,696344
215253,696363
215141,696385
835916,696411
210476,1048558
696469,696482
658153,696521
658239,696566
215978,696584
354561,696606
355375,696623
264645,696647
618789,696668
696699,696718
696739,696756
696773,696794
696843,696862
216879,696891
696964,696986
697017,697038
697017,697055
246126,697072
325684,697093
394517,697119
697135,697157
697188,697208
697231,697254
697283,697306
697323,697347
697381,697404
218026,697427
747132,697443
747132,697462
747533,697489
627498,697502
239363,697525
645175,697541
955107,697594
697616,697637
594161,697659
575522,697685
910968,697709
697750,697778
236995,697797
910968,1007190
218591,697811
218639,697830
323375,697853
239760,697876
697914,697933
687112,697951
661509,697979
698006,698023
218850,698075
698109,698121
698150,698178
856973,698236
663065,698301
698338,698355
644547,698372
636024,698393
230287,698412
1031863,698431
244660,698454
698505,698522
864658,698546
219863,698567
219871,698580
698611,698630
210566,698653
210578,698676
210584,698695
210597,698719
698735,698757
698788,698800
698837,698859
671631,698871
698925,698941
482737,698960
698994,699019
661509,699057
699100,699128
689873,699144
695452,699185
677412,699233
677412,699251
699396,699417
699396,699438
1040079,699455
1040079,699472
699589,699602
945363,699660
852293,699734
699781,699809
699866,699884
699924,699948
699976,699995
700018,700039
677412,700060
845099,1040891
700127,700143
700170,700191
700250,700278
700311,700330
981388,700416
699396,700459
828470,700526
700590,700617
700640,700664
700705,700722
700751,700779
700820,700849
822517,700906
952631,700952
700981,701003
701057,701074
701057,701090
701116,701137
671727,701192
932454,701320
516057,701354
643103,701455
643161,701486
701515,701536
518798,701562
518947,701591
701673,701694
895599,702005
754333,702046
702154,702177
893207,702219
702235,702257
1024791,1024817
702787,702804
702836,702858
899306,702929
985252,702955
703269,703282
703314,703333
703367,703380
703419,703435
892972,703810
893016,703852
893059,703899
703913,703932
895677,703978
925311,704010
950724,704052
704075,704099
706134,706152
704291,704317
704338,704355
704372,704393
704412,704431
891618,704653
861524,704703
731176,1023644
705105,705122
705237,705259
705886,705903
705935,705957
705988,706008
706031,706054
706083,706106
1024840,1024864
985268,706201
706238,706255
706286,706303
706335,706357
706507,706524
706650,706678
706697,706716
706737,706759
706771,706792
707070,707091
707193,707210
707425,707441
1121975,707724
707776,707795
707977,707996
708021,708045
778183,1252244
708287,708304
708336,708358
708520,708549
708646,708667
708786,708803
708916,708937
708959,708971
775511,709040
709093,709119
709161,709188
783686,709587
709933,709951
710465,710483
935054,710695
850269,710761
710885,710902
711288,711300
920048,711453
711509,711521
711647,711668
711929,711870
879318,712019
714428,714444
714428,714463
676686,714485
714535,714557
714588,714601
650733,715040
626657,715064
715086,715103
715135,715157
715220,715249
733409,715296
715323,715347
623620,715415
671631,715436
519929,715470
715502,715525
312488,715541
312488,715560
715587,715600
715644,715663
689595,715685
715709,715721
616145,715766
858105,715784
858105,715807
858105,715824
783686,715848
715895,715914
676746,715933
676746,715951
255163,715979
676746,715998
716016,716037
716016,716059
671727,716071
716016,716092
645943,716118
716160,716187
716211,716230
266363,716253
239760,716276
643709,716295
716314,716333
904503,716380
651090,716426
716442,716461
261604,716488
955273,716529
257023,716540
716564,716586
693746,716604
766047,716670
901938,716708
716754,716777
717107,717124
989257,717169
717218,717239
717287,717304
717358,717370
717423,717447
717499,717512
994051,717583
717633,717651
717701,717729
697750,717764
717819,717835
717861,717888
717937,717959
718004,718027
665323,718043
718089,718101
648290,718129
580640,718164
718193,718210
648120,718247
648165,718268
718313,718332
718313,718350
718402,718425
718456,718473
719356,719373
718456,718494
448981,718516
718563,718585
718563,718603
718635,718657
747132,718674
718724,718748
678470,718769
718795,718814
718867,718880
718931,718954
718983,719007
719030,719053
395851,719076
395977,719095
719146,719167
826526,719180
719237,719259
719285,719302
719421,719445
719497,719510
719568,719581
719568,719608
719654,719677
719727,719743
719770,719791
719840,719864
719840,719886
944764,719957
719988,720001
720038,720055
720086,720103
944764,720126
720142,720161
720212,720231
659220,720277
720323,720347
720375,720399
720443,720462
720518,720539
720560,720587
720637,720659
720709,720721
690309,720745
720778,720797
690252,720811
720778,720830
690309,720853
690350,720876
690402,720895
720922,720946
720922,720967
720980,721002
721025,721041
680758,721060
721094,721115
721162,721189
995761,721221
721250,721278
721324,721348
721395,721416
721444,721463
721519,721535
721638,721655
721705,721722
721779,721798
721820,721849
721877,721896
721923,721947
721975,721999
722045,722066
722097,722111
722148,722169
722195,722218
722241,722260
659980,722315
660034,722362
722410,722434
218137,722508
218163,722554
218171,722605
697750,722622
722651,722679
722698,722717
722740,722764
722819,722835
722861,722888
722916,722937
722963,722985
666141,723004
723036,723058
723101,723129
1230799,723172
210226,1232178
860107,1232243
723101,723193
1230799,723223
1230799,723247
723275,723299
723345,723366
723345,723384
723439,723456
723439,723473
723528,723544
723571,723592
723642,723661
723711,723730
723782,723805
723833,723851
723908,723920
723954,723977
724022,724046
724098,724112
724165,724183
724219,724235
724261,724288
724098,724300
724165,724328
724359,724371
724219,724392
724359,724411
724165,724430
724219,724453
724509,724521
724550,724578
724647,724668
724702,724725
724165,724741
724359,724760
724165,724787
724219,724804
724219,724827
724165,724843
724359,724862
724891,724917
724165,724938
724219,724955
724359,724972
724165,724993
724219,725010
725047,725068
725113,725132
725166,725184
725215,725236
575081,725258
725289,725301
725408,725420
725454,725477
724359,725496
724165,725514
1003189,1035588
724098,725533
725567,725580
724261,725607
725695,725719
725695,725735
725788,725800
1221301,725828
725166,725844
725113,725863
725215,725885
724098,725902
725925,725941
725987,726007
726105,726122
264991,726180
726200,726228
726244,726263
671631,1035601
696196,726302
348687,726325
726356,726373
726409,726421
726409,726445
696773,726466
485080,726484
726506,726523
371220,726547
864658,726568
650877,726581
726608,726620
726683,726704
315057,726727
232375,726743
716564,726791
246296,726817
246347,726838
678766,726855
266363,726872
247371,726893
214029,726919
214573,726935
227437,726957
215187,726974
215253,726990
216661,727019
696843,727035
303812,727057
324665,727074
232745,727090
269061,727116
235833,727137
432775,727159
239760,727171
218850,727192
218897,727214
458331,727233
727251,727279
226023,727298
1004303,727312
958393,727401
958393,727429
958393,727440
958393,727464
958393,727486
958393,727504
270471,727527
718313,727543
304123,727562
304123,727589
304123,727602
304123,727625
304123,727641
304123,727660
747132,727687
596642,728991
727706,727723
237568,727747
858105,727768
266495,727781
262620,727809
872641,727821
500016,727850
671727,727878
488919,727911
727953,727976
495429,727995
728031,728054
506790,728152
728199,728217
880177,728238
516515,728272
644683,728319
643103,728335
643161,728361
648290,728405
728467,728480
613799,728507
506939,728524
728582,728609
747533,728621
215141,728645
604379,728666
609495,728684
622557,728700
985635,728744
983871,728763
728792,728818
728860,728887
494313,728904
494661,728936
582889,728958
583071,728970
582067,729028
514224,729071
690977,729125
594086,729160
729187,729207
766047,729224
747533,729248
212733,729282
729314,729333
706576,729351
591717,729380
592705,729403
527587,729426
912226,729442
645943,729461
729517,729538
634843,729604
733988,734001
729691,729712
729765,729783
944764,729806
720086,729823
536557,729868
729913,729932
729966,729984
730033,730051
730108,730120
730177,730196
730226,730242
730290,730316
730371,730392
730411,730430
730469,730482
1020090,736350
643979,736397
735823,736439
1147579,736456
730578,730597
730647,730668
730718,730739
730787,730804
730929,730940
749294,730993
731084,731107
731130,731153
731176,731195
793410,731273
1017477,731336
731389,731406
731434,731452
682089,731475
655935,731499
731549,731565
1230625,731633
523136,1255239
731701,731729
731701,731740
731701,731764
731701,731786
731701,731803
731701,731826
731701,731842
731701,731861
731701,731888
731701,731900
731701,731928
731701,731944
731701,731963
718563,731985
732039,732056
731701,732073
732104,732127
732104,732143
732104,732162
732213,732232
210675,732311
210702,732353
210718,732395
732463,732485
732503,732526
732463,732542
732617,732638
732705,732722
211066,732746
718867,732767
684383,732780
732812,732831
732865,732883
732910,732934
733069,733082
733114,733133
733167,733180
733216,733237
733259,733271
733292,733318
337901,733339
718563,733356
782114,733421
733478,733497
733523,733547
733568,733581
733612,733631
733654,733677
733704,733727
733743,733762
733789,733801
733855,733872
733893,733919
734040,734064
734093,734119
734135,734157
734174,734190
734231,734254
734334,734352
734404,734427
734443,734462
734518,734539
676437,734628
734671,734692
215102,734766
734830,734853
734830,734876
734933,734951
734933,734998
735059,735071
736299,736313
526870,1001367
735125,735141
735125,735173
905072,735224
735276,735295
735346,735367
735419,735435
735419,735474
735419,735501
698735,735586
715587,735604
735662,735689
304008,735708
862980,735777
735823,735847
652226,735868
731701,735881
731701,735909
1023671,1023692
731701,735921
731701,735945
731701,735966
731701,735984
732104,736004
732104,736027
732104,736043
731701,736062
731701,736089
731701,736101
731701,736129
731701,736140
731701,736164
731701,736186
736206,736223
270471,736247
671631,736473
1002534,736516
858552,736544
749294,736563
226682,736657
226477,736707
226682,736724
226477,736748
877971,736814
736846,736867
736898,736912
244723,736931
244768,736954
281155,736977
280878,736996
754754,737065
227002,737083
247067,737147
341111,737168
269159,737181
427563,737201
430726,737229
388414,737240
652274,737264
652226,737286
649640,737303
649693,737326
737388,737405
464067,737422
737446,737467
304697,737553
737582,737609
737621,737645
737666,737684
694240,737700
737728,737744
737763,737785
689595,737802
737825,737841
822517,737860
700981,737887
737936,737958
737936,737970
737991,738019
737936,738035
737936,738057
737936,738074
737936,738090
738137,738159
645894,738222
645841,738279
738320,738349
738377,738396
738429,738440
808810,738562
808810,738641
793819,738747
715220,738775
738850,738878
738850,738953
715220,739006
739081,739109
739081,739166
715220,739204
738850,739258
739301,739329
739372,739393
739454,739477
739372,739514
739567,739580
739653,739676
737763,739695
739774,739790
739844,739863
739918,739939
739960,739987
740031,740054
737728,740077
210261,740096
583071,740110
232375,740134
232375,740152
232375,740175
740229,740240
650877,740286
514224,740303
747132,740342
644179,740361
740414,740433
740414,740451
740498,740511
740582,740609
912226,740621
740666,740684
740666,740700
519929,740728
519929,740744
249175,740763
249083,740785
652226,740802
740839,740856
364607,740873
388609,740894
218813,740915
218821,740936
237114,740958
741007,741024
741053,741076
759938,741146
779705,741237
741302,741325
806830,741394
741421,741445
749294,741484
741612,741631
741665,741683
644683,741704
679447,741758
779638,741770
677412,741791
677412,741838
650733,741855
741886,741903
741926,741942
741961,741988
742016,742037
742059,742071
226682,742092
226477,742118
715220,742139
742194,742211
742248,742269
322047,742282
742367,742380
673219,742403
673219,742426
523395,742442
691059,742461
410011,742488
373222,742501
742572,742593
742662,742689
742708,742720
650664,742749
974375,742765
687112,742783
380352,742823
742881,742909
237114,742945
700127,742984
743005,743022
743005,743046
698109,743067
698109,743080
694240,743108
694240,743120
743149,743165
743149,743183
234085,743203
235089,743226
731434,743288
743344,743363
955107,743385
743411,743430
708021,743469
743495,743513
743550,743578
743495,743597
743550,743610
738320,743634
743681,743702
743760,743787
743815,743836
743917,743938
954498,743986
744027,744043
744027,744062
744117,744138
744117,744155
744172,744193
858105,744210
858484,744313
962662,744332
801703,744350
858484,744439
858484,744456
744494,744516
744674,744690
901938,744711
901938,744730
858552,744753
236995,744776
674642,744851
744949,744965
904094,745019
745042,745061
745090,745116
962662,745137
801703,745159
745214,745233
275285,745251
665277,745279
801703,745298
341336,745312
727251,745354
645943,745377
766047,745401
313787,745429
228076,745440
731701,745493
732104,745536
731701,745558
731701,745570
731701,745591
732104,745618
731701,745639
731701,745656
732039,745694
320088,745710
743681,745734
665323,745752
745809,745821
745850,745878
745911,745930
745911,745953
694240,745976
746209,746221
644547,746245
746297,746311
211959,746330
746369,746382
214029,746526
232375,746542
232375,746561
737621,746588
746638,746655
789850,746751
248305,746779
611306,746849
746896,746910
259009,746934
746981,747006
746896,747023
727251,747047
706576,747099
747132,747150
747204,747227
747132,747243
995761,747317
747132,747408
215187,747420
215141,747449
747483,747505
485080,747579
236995,747598
747624,747648
747676,747695
747757,747774
747816,747837
747816,747859
747757,747871
747757,747892
584994,747973
1051699,1051718
748001,748029
748093,748119
748249,748265
748283,748306
748381,748404
748458,748470
748541,748560
826655,748637
748713,748732
748807,748824
748853,748876
958393,748967
465262,748980
749084,749107
749130,749153
670759,749176
749225,749241
755487,749315
215984,749336
824846,749549
824880,749596
212127,749667
749701,749729
749772,749793
749819,749835
749857,749874
749890,749916
693910,749937
749857,749959
749890,749971
693910,749992
750013,750032
680450,750066
750148,750169
750315,750336
750423,750447
919778,750764
751361,751388
751569,751582
751632,751650
922313,751991
921973,752038
920007,752126
1132278,752157
934926,752188
752208,752220
752249,752265
752334,752352
752381,752404
1119146,752443
752470,752491
752525,752541
752573,752594
752644,752663
752713,752732
752766,752784
752811,752830
752869,752882
753184,753204
753270,753291
753329,753340
753372,753393
753496,753514
753567,753580
753757,753774
753837,753859
753885,753902
639749,754044
893276,754351
754379,754398
754419,754435
754461,754488
754517,754538
754564,754586
1230799,754604
754636,754658
754689,754708
754754,754777
754806,754823
737621,754847
684331,754899
793819,754921
664428,754945
852293,754966
681790,754984
816985,755036
755138,755155
755206,755223
755268,755281
666141,755309
524716,755345
816985,755366
730647,755384
755418,755439
755487,755500
755592,755619
755642,755661
944764,755688
691125,755707
655122,755724
755753,755776
665277,755795
755846,755867
215978,755880
215984,755908
756003,756026
756100,756128
756159,756171
756192,756214
756267,756280
756320,756349
519993,756365
458515,756438
645759,756455
904503,756472
645326,756543
738850,756562
756618,756639
645106,756656
756706,756723
756845,756866
347936,756884
756911,756930
756976,756995
858105,757011
858105,757030
757069,757082
757122,757146
660757,757167
232745,757180
527587,758087
912226,758104
757360,757387
757360,757409
740498,757432
915715,757534
527103,757608
783686,757620
757654,757677
757715,757736
757789,757801
757893,757919
757942,757961
758002,758025
758127,758143
485080,758162
758189,758209
671727,758232
758284,758307
996432,996450
645943,758376
899869,758416
758437,758459
758485,758503
742248,758526
644547,758542
758574,758590
758617,758638
758664,758686
758714,758733
758780,758808
758854,758877
758975,758999
759046,759067
759098,759112
759165,759183
759235,759257
298091,759274
995761,759359
696196,759371
650664,759392
974375,759411
964592,759430
747533,759453
255163,759476
237167,759495
652226,759513
649693,759532
649640,759550
759578,759597
736846,759647
736898,759699
646107,759718
759739,759756
766047,759773
759862,759889
974375,759901
759938,759955
521194,760037
369415,760071
760125,760141
760173,760194
760224,760248
760276,760295
760322,760346
645943,760367
746638,760380
760403,760426
760442,760461
760488,760501
644683,760540
698837,760615
651214,760636
760670,760691
760765,760783
760966,760984
761038,761055
735823,761086
831037,761103
331150,761126
331204,761142
262620,761161
761190,761212
1002534,761265
761310,761334
698197,761404
856973,761458
761491,761518
761560,761587
660757,761600
826952,761659
836154,761671
1255343,1255362
761721,761745
761778,761797
705649,761824
761895,761914
731389,762020
682089,762147
762199,762217
762264,762286
974375,974399
762335,762357
729314,762388
762548,762569
766047,762582
766047,762609
762650,762678
762700,762728
521966,762771
794090,762841
762894,762915
762962,762989
763074,763090
763185,763205
763251,763279
644683,763298
763312,763331
763354,763377
763455,763472
851951,763527
648067,1274663
757654,763723
580039,763747
763799,763813
763866,763884
763930,763953
763982,764009
764032,764050
764032,764078
764097,764111
1147579,764176
1022338,764225
730647,764256
764370,764391
673219,764410
764468,764481
764531,764554
304697,764577
764786,764803
764888,764900
749294,764985
320205,765005
320163,765022
765079,765098
581660,765165
727251,765183
765235,765257
765476,765495
952631,765513
737621,765532
765597,765610
738320,765652
765681,765702
765725,765741
715086,765815
643161,765862
827611,765972
761778,766010
766047,766068
707977,766099
838703,766150
839930,766215
766243,766262
766289,766301
766329,766340
683531,766393
683499,766449
682140,766477
766522,766546
233099,766567
766611,766630
213838,766653
213840,766676
766816,766837
671727,766859
488919,766871
737621,766892
904906,766939
564387,766956
767018,767039
869862,767087
554396,767104
255982,767136
256039,767158
266495,767191
767213,767232
322483,767250
767284,767307
767330,767353
767376,767395
759938,767428
264991,767444
689595,767463
684455,767485
801788,767557
238115,767629
767655,767672
901938,767693
216027,767722
767780,767808
578012,767820
480207,767865
767896,767910
298091,767934
233800,767952
262696,767975
216688,767999
944225,768011
768133,768151
768200,768228
655122,768244
1230625,768292
789464,768339
768387,768409
573977,768432
768450,768478
768506,768523
901938,768552
236995,768575
391936,768599
768620,768649
768677,768696
484888,768715
768736,768758
768789,768801
521194,768872
800450,768957
213599,768974
1013067,769043
807718,769164
769210,769234
769281,769309
665323,769321
575081,769345
769402,769425
769441,769460
1105356,769516
922516,769563
865690,769635
769688,769707
653572,769776
769879,769898
769949,769965
770019,770035
770061,770088
899306,770192
770246,770267
770298,770312
744299,770331
740498,770354
770383,770401
770438,770455
770472,770493
278985,770527
770558,770570
300833,770591
835916,770618
761778,770641
764097,770723
533986,770768
856973,770781
770878,770897
731549,770911
770930,770953
771070,771091
218813,771117
218821,771138
771186,771206
771234,771252
772184,772204
772243,772262
772301,772329
772496,772514
772580,772607
994235,772676
922516,772837
512347,772960
512628,772994
512518,773029
702584,773040
773188,773208
773231,773254
773427,773443
773470,773491
983052,773637
773659,773671
753449,773797
752766,773824
752811,773876
705421,774053
705478,774082
705523,774114
705575,774146
750423,774179
753939,774200
753973,774237
774263,774285
774318,774339
753236,774360
717861,774413
753653,774466
753703,774497
774534,774552
754141,774581
754194,774612
754248,774649
754295,774677
774758,774770
541739,774801
774919,774935
750499,774961
750549,774990
750596,775020
775054,775077
775106,775123
750218,775152
775199,775217
775342,775361
775390,775414
775684,775700
775759,775771
557929,775943
766047,775962
776032,776050
776148,776169
776195,776218
668206,776273
786955,776315
322483,776336
776370,776391
776410,776434
776452,776475
767376,776499
776512,776531
331364,776554
533328,776577
776622,776646
776738,776755
218026,974323
672403,776826
658084,776842
347110,776861
347293,776888
347388,776900
847911,1014091
762077,776928
533392,776985
533448,777000
777037,777059
777224,777248
754636,777269
777367,777380
691059,777403
694507,777426
777538,777555
777586,777604
777749,777765
777932,777950
778183,778203
777670,778411
843210,778652
715086,778675
778725,778741
778760,778787
778815,778836
778889,778901
425506,778929
425409,778940
425450,778964
778993,779018
431022,779039
245808,779056
287615,779073
652226,779094
652226,779115
650733,779136
779162,779189
779232,779250
521194,779307
779369,779382
1052035,1052057
779428,779444
779471,779492
779542,779561
665277,779588
736206,779601
779638,779655
779705,779722
779779,779798
779820,779849
779975,779999
780027,780043
780062,780089
780101,780129
780223,780247
780268,780281
780332,780350
780384,780402
575522,1052090
780456,780473
729314,780494
719727,780585
780635,780657
730411,780707
527103,780724
730469,780748
780880,780908
780949,780965
738320,780983
781071,781092
860013,781187
860107,781230
860195,781282
858105,781351
858105,781379
738429,781398
294232,781419
781461,781488
644547,781501
781662,781689
781749,781765
781796,781810
233145,781834
233197,781852
781899,781913
864658,781932
781950,781978
782024,782048
782076,782095
782114,782133
782237,782259
715086,782271
230287,782292
636024,782325
782373,782394
514457,782478
782510,782534
654052,782552
782620,782649
782715,782736
770171,782762
215984,782789
519929,782801
768736,782829
782872,782893
736846,782926
877971,782957
668206,783002
910968,783025
910968,783041
737621,783060
737621,783087
737666,783104
698109,783127
743149,783170
760488,783221
684331,783278
743005,783297
698109,783311
783330,783353
678766,783395
783444,783463
783590,783617
869862,783655
783686,783705
215253,783722
644683,783751
226546,783779
230900,783798
655935,783812
783877,783896
538980,783910
665277,783934
248643,783952
216027,783975
716564,783999
307882,784012
784168,784181
784240,784264
255163,784286
249374,784303
766047,784326
619460,784342
682089,784374
682089,784390
989300,1324403
216822,1324950
784414,784433
784524,784548
519371,784595
784645,784666
784700,784728
784759,784771
326218,784792
784825,784841
214208,784860
767330,784915
785045,785066
785097,785111
562262,785130
646107,785153
785182,785202
880177,785225
325904,785241
749294,785260
661509,785294
237114,785315
237167,785336
696196,785358
237114,785370
785406,785423
785452,785475
785499,785512
763930,785531
563119,785565
751511,785680
785738,785755
665277,785772
665277,785793
759938,785835
715086,785857
215426,785874
785900,785928
786120,786149
801364,786196
211928,786235
715587,786257
691059,786274
341336,786290
776370,786316
564082,786337
648290,786363
861524,786424
786469,786482
786623,786647
533448,786668
784759,786681
786718,786739
1245067,1245080
786760,786787
786827,786843
732705,786862
786901,786929
786955,786972
520441,787086
973510,787103
424611,787126
944225,787142
944260,787161
727251,787188
787212,787231
787306,787323
1126926,787368
643709,787381
787436,787458
787489,787502
356691,787525
356881,787541
356810,787560
564919,787594
520619,787628
519929,787709
716016,787721
324665,787745
232745,787766
761560,787848
525803,787869
788075,788099
729314,788113
788178,788197
521627,788262
788291,788317
738850,788338
715220,788355
747132,788372
228445,788393
760488,788412
645666,788483
788514,788533
788567,788580
660757,788607
697616,788624
215187,788648
485080,788669
788735,788757
788837,788859
788885,788902
215295,788925
858552,789019
858552,789035
715220,789100
626603,789128
789159,789171
1157413,1157432
980916,1157506
758002,1157547
512518,789192
653333,789233
789251,789279
789377,789396
786407,789429
215141,789440
789464,789486
789562,789589
1004303,789602
572531,789639
572583,789656
789673,789694
643979,789710
645943,789747
789768,789781
731389,789821
789850,789878
643161,789897
962662,789953
738429,789976
666881,789995
731176,790048
696964,790076
731701,790095
691125,790114
760173,790133
973510,790151
562726,790179
964592,790198
1005928,790237
322483,790259
521194,790325
219132,790341
1005315,790413
790445,790466
691997,790506
643103,790523
235439,790547
521125,1052137
910968,790568
522683,790581
250678,790608
643103,790620
1005336,790696
662074,790736
644547,790758
270722,790770
266219,790791
269591,790817
775524,790838
650664,790855
762650,790872
790919,790935
676746,790957
698837,790974
791034,791052
791081,791109
298805,791121
791150,791178
736206,791197
791227,791243
255163,791262
521194,791317
779896,791364
791412,791431
769441,791465
693746,791483
791533,791551
791607,791624
791648,791669
791682,791703
644855,791726
643709,791742
528800,791863
791925,791941
716160,791960
792036,792058
230959,792070
792155,792172
792223,792247
792299,792313
792345,792366
792397,792418
792456,792473
792500,792528
759938,792559
792642,792661
792642,792688
235908,792707
792753,792776
792833,792851
792908,792920
792983,793009
793066,793084
682089,793107
681863,793124
681863,793148
793202,793225
1051300,793315
793362,793389
793410,793434
793468,793481
793531,793554
793531,793577
780332,793622
736206,793646
793679,793698
793729,793740
793772,793793
793819,793835
770171,793874
793937,793959
794003,794026
794090,794116
794205,794222
794349,794365
839331,794417
794440,794464
794515,794536
794570,794591
794625,794641
215913,794710
794747,794768
794832,794850
794969,794982
795041,795060
795115,795136
795307,795324
795369,795382
270574,795400
795471,795492
795526,795542
684331,795561
678766,795601
795640,795664
795751,795779
548487,795798
548439,795812
550789,795831
729314,795854
229776,795877
229822,795896
795934,795952
795999,796017
796040,796064
682089,796616
796265,796283
796518,796539
314487,796594
682089,796637
213151,796663
796692,796713
796745,796766
735823,796811
887229,796853
236673,796876
591202,796922
255163,796946
796979,796998
797022,797046
797067,797080
264645,797108
668089,797226
904503,797242
755487,797261
214732,797290
797337,797359
797411,797430
645106,1000544
990573,1001295
797668,797681
995761,797725
694240,797741
797773,797794
754754,797815
757654,797836
665323,797858
665323,797870
216730,797891
888660,797917
759938,797938
729314,797955
643979,797986
798037,798059
798085,798102
798160,798187
816985,798248
800413,800432
957399,798314
958393,798403
731434,798426
578012,798457
216332,798474
798604,798627
676746,798643
798662,798689
798754,798777
645943,798806
798823,798847
731176,798875
798945,798966
398104,798984
648290,799012
217904,799065
800450,800478
783686,800510
799152,799175
678869,799229
747132,799240
799357,799374
799405,799422
799446,799467
901938,799498
852293,799524
215253,799548
799595,799613
576855,799632
799666,799684
644683,799700
643161,799737
236455,799759
500978,799771
799927,799943
799927,799989
800011,800030
800069,800082
323443,800105
707977,800122
901938,800167
856973,800228
229425,800263
249716,800339
643979,800356
861524,800631
643103,800654
643161,800677
861524,800704
643161,800727
754754,800762
800791,800817
694199,800838
800855,800872
800919,800935
800961,800988
801034,801052
801075,801099
644855,801150
652226,801178
861480,801197
506099,801227
705649,801301
856973,801412
793410,801624
1004802,801676
801703,801726
801742,801761
801788,801800
801863,801885
801941,801960
850346,802004
770061,802070
802101,802129
1013702,802172
793819,802247
802281,802309
802350,802378
802402,802425
901938,802441
802494,802516
901938,802559
858552,802571
564387,802592
655007,802619
802657,802674
802748,802769
767655,807300
781071,802851
802880,802908
802931,802954
860013,803009
860107,803045
860195,803084
694507,803111
803169,803182
803273,803294
676471,803327
803370,803391
803447,803468
920259,803512
212266,803554
596592,803577
803614,803633
521627,803679
803701,803729
803755,803772
803826,803842
803826,803861
803916,803937
803992,804019
804061,804088
804246,804267
781461,804308
824880,804320
211928,804365
484888,804396
804464,804486
804558,804570
804602,804625
804673,804694
804775,804799
804821,804845
804821,804878
805056,805073
805104,805127
818288,805162
818469,805209
266495,805221
805348,805369
805400,805428
805471,805492
805629,805640
805693,805714
805767,805780
805896,805877
756618,805968
805999,806017
806064,806086
806119,806135
806161,806188
680387,806208
806254,806277
529660,806323
655373,806375
655413,806404
806458,806470
806491,806518
878070,806556
674690,806600
736846,806628
736898,806644
806671,806692
806713,806732
806784,806807
672403,806853
764468,806876
806922,806946
237114,806979
237114,806998
237114,807014
237114,807033
807067,807080
807131,807154
213146,807219
807261,807288
1001380,1001403
807337,807359
731549,807371
749294,807392
856973,807424
807521,807545
789464,807610
807718,807739
578012,807760
578012,807862
668089,807891
807986,808000
808059,808071
808139,808156
1013668,808187
808253,808276
300833,808314
691059,808333
978948,808403
808435,808457
808488,808501
789464,808529
808604,808627
808689,808708
808754,808777
808810,808834
563573,808875
563644,808909
521627,809049
521627,809065
217904,809083
766047,809147
485080,809181
1053839,809255
809422,809446
809553,809576
857672,809716
789464,809744
809771,809792
809825,809841
800450,809958
779896,809991
1013652,810035
485363,810074
644683,810128
801788,810144
781796,810163
662003,810185
216822,810222
810279,810298
581660,810312
716442,810331
779638,810354
810401,810429
810455,810472
766047,810527
298091,810543
810570,810591
810639,810656
810752,810775
810799,810813
810845,810866
232375,810884
735059,810907
236602,810948
811004,811027
226477,811043
665277,811206
811140,811164
811247,811268
811281,811309
249716,811321
666141,811378
770061,811418
802223,811460
294284,811487
671727,811500
811571,811592
811642,811661
808810,811748
664376,811822
664428,811867
684331,811880
812047,812068
952216,812109
812178,812197
812236,812258
234419,812270
869862,812301
783686,812329
812372,812393
654197,812412
707977,812449
247337,812465
766047,812483
266495,812505
812551,812579
962627,812611
213259,812653
226408,812695
707977,812719
814292,814318
744299,812800
812859,812871
211755,812892
761310,812918
761310,812939
736898,812973
736846,813017
736898,813038
877971,813055
736846,813072
878070,813103
736898,813126
813157,813174
813220,813249
707977,813265
708021,813306
904094,813323
901938,814339
813415,813436
813415,813458
813518,813539
762650,813573
813628,813644
813692,813713
616145,813732
813784,813807
749294,813824
958761,813876
813905,813922
813951,813979
814011,814030
689595,814076
767376,814095
715587,814114
814228,814244
858552,814373
858552,814394
814534,814552
814534,814575
741007,814649
711022,814743
814789,814801
672403,814829
736898,814840
877971,814864
736846,814903
215731,814957
815008,815020
815077,815096
815147,815168
686265,1014117
801338,815199
801364,815240
634080,815286
794090,815319
234501,815335
262696,815357
815374,815390
815422,815446
815524,815548
696843,815569
681987,815582
681987,815609
815650,815678
815700,815728
815759,815771
815802,815825
815856,815873
815927,815943
706887,1004414
758127,816009
816032,816050
973510,816078
816107,816124
816148,816169
747533,816182
676189,816202
775199,816239
744299,816256
901938,816273
236995,816327
816370,816391
816410,816434
816520,816549
429518,816583
816605,816622
731389,816651
738429,816679
521194,816698
760488,816740
249175,816764
644855,816786
716160,816803
716211,816826
648290,816842
648290,816874
816937,816959
816985,817000
230900,817211
817269,817282
721209,817305
218383,817322
817367,817380
217054,817474
666141,817517
795115,817538
655007,817564
910968,817586
735059,817615
817643,817662
915715,817754
869862,817834
958393,817881
644683,817909
731701,817921
817950,817978
818022,818046
818067,818080
818120,818149
818226,818242
818288,818300
818288,818328
970448,818448
818469,818482
818469,818509
818521,818545
818521,818566
887175,818623
818675,818699
818739,818756
816985,818773
735059,818804
1004802,818827
562355,818843
757715,818862
562726,818891
760322,818929
757654,818993
887962,819056
676189,819136
759938,819189
819266,819284
819400,819428
861524,819459
972831,819503
216186,819588
743815,819601
681987,819640
681987,819672
780101,819693
697017,819722
616145,819746
958393,819767
643979,819780
819831,819854
761310,819910
819934,819952
819981,820008
820031,820054
820106,820123
648120,820147
648165,820168
857588,820217
217728,820238
820293,820319
528902,820374
820422,820446
1052246,1052267
820507,820524
784700,820582
526972,820609
648290,820621
820678,820697
820792,820818
632153,820841
820873,820894
671631,820915
820943,820962
852293,820989
680387,821011
671727,821030
901938,821069
901938,821105
766047,821151
821180,821200
645943,821259
821292,821318
821360,821387
800011,821413
800011,821450
821484,821506
650127,821534
869741,821552
596592,821575
596642,821612
821677,821696
821743,821762
821817,821838
821893,821919
821988,822000
822037,822059
822102,822125
643161,822141
822269,822282
822314,822333
764888,822351
226023,822379
654052,822398
661509,822435
822457,822474
822517,822538
782237,822555
822615,822636
822658,822670
822691,822712
650170,822868
650127,822921
822978,822997
655373,823022
655413,823079
780101,823112
823165,823183
823235,823257
823274,823290
803826,823363
704132,823448
671727,823509
488919,823545
823584,823606
743005,823623
823647,823668
261810,823681
235782,823702
235833,823725
765235,823741
823773,823794
783686,823827
783686,823843
554396,823862
554694,823889
762077,823901
823929,823940
212136,823964
248643,823986
212471,824036
644683,824058
824129,824140
309472,824164
824206,824223
736299,824281
645238,824313
824384,824402
824425,824441
824494,824516
824563,824585
824635,824657
645943,824674
824724,824748
731389,824769
661509,824782
824805,824822
824846,824867
824880,824908
237167,824920
825035,825057
302855,825074
825163,825185
825251,825279
754754,825349
789673,825401
215253,825429
825455,825472
825527,825543
762077,825641
823929,825660
825710,825734
825710,825752
825799,825813
825832,825850
643161,825878
861524,825911
643103,825948
648290,825982
823929,826002
823929,826025
861524,826041
298043,826073
764202,826191
214876,826213
826232,826250
826311,826330
237568,826395
255163,826416
823929,826437
715709,826459
962662,826503
1004303,826542
823929,826574
823929,826590
826617,826638
826655,826672
826722,826746
826798,826812
826952,826831
826854,826877
826896,826910
660757,826934
826952,826975
660703,826999
525803,827047
827081,827109
858552,827121
901938,827145
827227,827243
682931,827317
827372,827393
827420,827449
784759,827477
766047,827522
645943,827546
823929,827567
666141,827580
827611,827630
827611,827719
764888,827742
731389,827790
635844,827844
738429,827863
827925,827941
731176,827960
823929,828001
828055,828072
823929,828093
715220,828119
828161,828188
643103,828208
828277,828296
662003,828334
766611,828352
650664,828375
649640,828399
964592,828415
650877,828436
671568,828458
828470,828491
650877,828518
643161,828539
643103,828556
643161,828587
550631,828659
828709,828721
828797,828811
828848,828869
494313,828895
494661,828914
212705,828979
823929,828998
1019614,1307844
829066,829084
829153,829176
829218,829239
829273,829294
829336,829358
823929,829370
829406,829423
759938,829452
829481,829508
519448,829549
829577,829596
829622,829646
829679,829698
761895,829772
266219,829793
829842,829861
758617,829888
764468,829916
232745,1004264
887229,829944
829971,829992
359497,830015
878070,830036
674690,830058
674642,830070
877971,830091
816605,830138
764097,830155
764032,830172
843321,830252
830332,830350
830378,830397
689595,830418
830460,830487
643161,830500
830537,830559
981181,1008579
656467,1009246
830585,830603
806830,830642
830661,830688
645238,830711
645175,830748
800011,830795
800011,830814
800011,830833
830867,830880
1013702,830908
904143,830920
904094,830949
779705,830965
830996,831016
831037,831059
794090,831071
211434,831092
749294,831194
749294,831224
831253,831276
831305,831322
831351,831379
831305,831403
831305,831426
800011,831442
831474,831490
831555,831572
525874,831627
831658,831670
831731,831754
831783,831806
831875,831899
831945,831966
832011,832030
670524,832069
832114,832133
832180,832200
832292,832318
832360,832387
832409,832421
832478,832497
832568,832581
832620,832649
832727,832743
832893,832919
533986,832935
832961,832988
833018,833039
833060,833087
833115,833136
833162,833189
833213,833232
833266,833284
681790,1004511
833369,833382
833400,833428
833459,833471
833459,833492
661509,833519
833542,833561
833590,833617
833640,833664
833693,833714
217181,833767
822037,833780
833849,833865
833896,833910
833947,833968
834012,834031
834083,834106
691834,834134
834181,834201
944260,1014138
834255,834272
834326,834342
834361,834388
834414,834433
834451,834479
626657,834507
626603,834524
834553,834576
655373,834609
655413,834632
655373,834650
655413,834678
820873,834728
768387,834759
755487,834771
834792,834818
834841,834860
834887,834904
834887,834927
834887,834958
835021,835045
835130,835111
835130,835153
778760,835176
835202,835225
835273,835294
835336,835358
835406,835423
806671,835468
736898,835508
835531,835554
835583,835605
835667,835680
835717,835738
649232,835755
835793,835819
716564,1004286
831037,835835
766047,835874
521627,835890
835916,835937
766611,835959
835985,836005
858552,836033
836079,836098
857428,836112
836177,836196
769805,836226
707977,836257
754754,836288
590177,836300
768450,836328
1013079,836344
910968,836363
251180,836385
985635,836411
910968,836448
816985,841640
664428,836469
836482,836509
643979,836521
761895,836545
270722,836566
836610,836634
743149,836652
836675,836699
836739,836756
1132278,836773
952665,836794
783686,836815
915715,836843
783686,836889
836917,836938
269591,836955
495429,837017
766047,837038
644683,837055
689096,1119179
837208,837220
837277,837296
904094,837347
837404,837427
837458,837470
262373,837491
610269,837518
818288,837587
796265,837637
841672,841693
890751,1313865
837721,837745
304697,837766
561070,837784
769441,837824
255163,837848
720323,837895
837946,837967
837998,838010
838052,838075
757654,838109
816032,838132
782114,838197
297842,838215
1013668,838236
215187,838258
911298,838270
341336,838291
783686,838317
861524,838338
565199,838364
958393,838386
271233,838412
838454,838477
838522,838546
838607,838624
300833,838648
676746,838669
958393,838682
838703,838726
944764,838761
944764,838788
361969,838800
361911,838828
838844,838863
747533,838892
838925,838941
218128,838994
826896,839019
660757,839035
218821,1099972
1130610,1130634
955916,1131888
653333,1132561
839128,839144
901938,839163
364607,839185
661033,839205
800011,839251
800011,839279
512347,839308
839331,839354
839383,839401
839438,839455
653156,839493
616145,839515
616145,839536
839562,839589
839641,839660
839706,839723
839821,839845
839866,839884
676746,847527
839930,839953
734093,839976
733942,839995
840029,840040
728792,840064
521125,840093
840135,840157
840231,840254
840283,840306
407913,840323
539577,840352
840381,840404
790445,840427
840458,840470
840502,840525
840502,840541
840587,840600
828277,840637
676746,847543
658928,1151645
763799,840659
840685,840709
840732,840750
581417,840824
840876,840895
840914,840933
840967,840980
841094,841115
841143,841162
841213,841232
841213,841250
767655,841297
1012379,841311
841348,841369
644547,841382
841437,841459
841485,841503
841535,841557
816985,841629
841751,841779
841812,841831
841854,841877
841854,841896
247288,841910
800855,841934
671631,841952
842009,842021
842078,842097
842111,842130
842182,842202
842239,842256
842304,842327
842370,842391
842423,842447
842475,842499
761778,844079
791034,842531
823929,842583
842614,842633
842740,842764
654052,842786
842900,842928
541668,843027
684331,843043
843091,843117
783686,843138
843210,843234
213394,843281
824494,843309
843321,843345
843402,843425
862254,843441
562726,843460
843528,843544
843571,843592
562355,843626
759938,843642
823929,843690
578012,843711
843782,843805
643709,843822
216730,843846
761310,843880
843931,843954
648290,843996
645943,844014
245617,844033
648290,844051
844108,844120
844149,844165
844226,844242
660757,844300
822749,844344
616145,844385
969499,844448
844476,844495
844545,844566
652226,844584
831037,844606
643161,844623
910968,844699
487395,844725
644855,844741
767655,844773
844804,844827
671631,844843
844891,844917
836177,844955
529100,844972
716211,845023
707977,845047
765235,845068
845099,845113
213817,845132
810734,845150
252118,845178
910968,845197
845215,845236
671727,845258
215978,845270
845301,845329
246347,845340
246296,845364
915715,845454
743149,845505
684331,845522
845567,845580
845630,845653
845703,845726
845742,845761
858105,845788
858105,845800
783686,845837
858105,845859
858105,845871
229822,845892
518798,845925
534626,845941
845960,845987
846011,846030
561070,846076
846146,846167
846180,846200
322483,846228
831037,846244
758127,846263
846318,846339
650664,846356
689595,846373
846409,846421
846445,846466
648290,846484
715709,846506
846534,846552
846575,846599
768677,846612
757654,846696
846727,846743
715086,846762
846791,846817
521194,846838
846855,846872
216516,846893
846926,846942
846974,846990
578012,847019
847163,847185
676640,847205
216724,847222
216730,847246
777037,847267
1104197,847280
648290,847308
796979,847320
796979,847349
671631,847365
847440,847464
796979,847486
796979,847504
676189,847562
847602,847625
496060,847656
1115126,847694
847734,847752
1230625,847799
789464,847821
1013079,847850
725355,847930
847982,848008
848031,848054
697135,848077
848168,848181
670524,848217
808810,848255
910968,848303
826952,848342
660757,848361
1141631,1316235
660703,848388
848414,848433
848480,848507
826952,848524
848548,848569
783686,848613
848645,848666
848697,848716
761560,848744
901938,848763
890877,848802
848856,848873
848936,848958
827611,848989
531271,849000
901938,849028
248852,849059
849092,849118
849160,849187
698197,849248
849282,849305
643979,849322
849346,849367
652226,849380
861524,849403
779896,849442
849555,849572
849627,849643
485363,849662
861524,849691
899869,849754
648290,849796
1126926,849823
779638,849847
846791,849881
648290,849909
643161,849921
671631,849945
850269,849997
802657,850063
665323,850139
665277,850156
665277,850173
850224,850248
850269,850282
861480,850305
747132,850322
850380,850403
707977,850435
767655,850457
910968,850474
850538,850555
503641,850593
519929,850615
850643,850662
716564,850689
850708,850720
643979,850749
665277,850765
743149,850783
684331,850806
495429,850823
850847,850868
858105,850932
604102,850950
851064,851086
851249,851265
645175,851283
535897,852147
851352,851375
613982,851443
645175,851518
213373,851560
851594,851616
831037,851637
322483,851659
524293,851671
650877,851692
671568,851713
836079,851745
851811,851830
851869,851882
851914,851933
904143,851979
766047,852008
643103,852065
694841,852083
671631,852106
962662,852168
1004303,852201
852293,852319
819981,852335
852357,852374
901938,852390
253300,852422
669942,852530
922516,852553
645943,852576
852645,852666
671727,852700
643103,852759
861524,852785
643161,852802
506939,852839
858105,852856
783686,852873
852936,852958
853003,853026
827611,853042
853074,853090
698197,853116
682089,853137
768677,853159
643709,853171
716403,853192
861524,853214
648290,853233
324665,853267
232745,853280
795999,853308
668846,853383
955565,853455
910968,853472
853493,853515
853562,853589
643103,853639
648290,853656
671631,853694
850269,853723
853747,853768
853866,853884
853924,853948
853976,853995
854045,854066
854045,854097
854124,854148
854434,854452
854481,854508
901938,854554
917690,854583
855760,855787
854874,854890
767655,854985
855022,855046
645943,855067
784759,855108
855154,855177
855226,855242
1013668,855261
855328,855344
235908,855363
236003,855385
265410,855407
855453,855476
671631,855495
855545,855566
855597,855610
644683,855681
218429,1003250
813220,1003278
217728,1003297
590964,1004451
322483,855858
645106,855870
856006,856023
761560,856047
856068,856081
858105,856109
818288,856166
818469,856197
856270,856291
856340,856364
718795,856386
369415,856408
384005,856420
856454,856477
856340,856496
249335,856514
249255,856533
217962,856567
861480,856607
684331,856624
848856,856648
528243,856669
767655,856682
560710,856703
557578,856726
232375,856742
856816,856837
520782,856956
521125,856994
779896,857025
857056,857073
737728,857115
255163,857143
650877,857162
217433,857189
643161,857209
857232,857250
655122,857307
857353,857376
857428,857444
766047,857463
645943,857485
1004303,857519
766132,857542
708124,857601
857672,857693
690977,857767
857808,857820
857865,857883
857934,857952
992520,992549
864997,858053
858105,858122
858146,858167
858200,858228
858318,858339
215141,858356
850269,858421
535969,858445
528243,858506
858552,858575
858608,858620
858654,858677
858762,858789
1104204,858817
644683,858838
761560,858864
983364,1022355
1022420,1022449
608733,1318676
854045,858886
858919,858935
858957,858974
859027,859043
859101,859129
644683,859140
689936,859164
859247,859268
643979,859281
766047,859309
697616,859321
697616,859345
859441,859460
838844,859487
859500,859528
859571,859592
720323,859619
322483,859707
859730,859753
859846,859867
494313,859880
860013,860032
860107,860124
860195,860218
860294,860315
644855,860336
816985,860358
341336,860370
860391,860410
860447,860468
747533,860512
860554,860577
860772,860793
860861,860888
973510,860900
860963,860985
215978,861008
215984,861020
688139,861049
229425,861065
229473,861083
229425,861106
218813,861123
218821,861147
211050,861168
211045,861181
697283,861201
322166,861229
499370,861326
665323,861361
661453,861388
238115,861433
861480,861507
861524,861548
238162,861595
255897,861666
264991,861684
716016,861700
716016,861728
707977,861771
333651,861792
322166,861818
388609,861839
852293,861860
673219,861915
861958,861970
648120,862017
862038,862055
326971,862072
260965,862093
528533,862119
214208,862135
485080,862157
706181,862415
915715,862458
862470,862491
862560,862587
754754,862637
616145,862659
904143,862685
862709,862721
910968,862745
862766,862784
731389,862807
674690,862824
674748,862848
862882,862905
862933,862951
862980,863006
863023,863047
249678,863068
1119568,1119581
1119677,1119696
927067,1119736
955107,863081
863121,863145
863178,863197
863289,863301
947686,863338
863420,863449
863477,863496
863579,863598
863624,863648
863676,863695
979113,863735
665277,863790
863892,863918
863956,863973
864028,864044
322483,864085
767655,864118
868278,1255273
768450,864139
945363,864187
1022338,864207
1147579,864224
322483,864248
523353,864282
747533,864305
864333,864351
864403,864426
864442,864461
643161,864488
671727,864501
215253,864529
864555,864572
645943,864604
864658,864670
655122,864720
1005336,864765
519448,864810
864834,864852
494661,864881
494661,864913
488292,864945
864997,865015
864997,865070
864997,865138
865164,865186
865206,865223
210773,865247
213620,865281
213631,865321
767284,865366
662515,865402
212127,865456
865487,865500
227136,865544
227094,865585
661453,865603
238115,865626
865657,865674
865690,865711
865748,865769
865805,865822
865879,865898
932607,865965
865996,866019
866088,866100
866137,866159
866192,866214
866251,866279
865996,866349
562726,866438
273224,866504
273346,866558
616145,866570
227136,866591
866618,866639
866656,866673
995761,866710
995761,866734
218639,866752
218656,866775
218618,866799
229473,866813
963120,866866
557067,867007
867048,867069
867105,867122
867151,867179
867228,867244
867271,867292
867325,867341
867466,867484
766611,867523
867575,867599
643709,867612
687889,867631
373953,867654
520879,867762
676640,867838
228076,867855
973510,867872
867935,867957
867974,867990
755268,868025
680990,868056
681863,868087
868104,868127
230531,868191
210773,868213
868232,868250
868278,868297
217904,868330
868353,868376
210773,868395
362545,868416
520164,868437
868459,868471
868492,868519
364483,868535
364607,868557
364364,868574
868629,868640
868693,868714
868746,868767
868798,868812
960697,868883
868910,868934
868968,868981
869014,869033
869219,869235
645943,869274
671631,869290
528533,869328
716160,869344
716211,869363
1004802,870109
740498,869392
985635,869411
836131,869430
671631,869469
869509,869521
958393,869545
958393,869566
958393,869584
715086,869606
869623,869647
869675,869699
869741,869760
716564,869787
869014,869815
858105,869836
869862,869889
644683,869901
693746,869955
869986,870006
870052,870075
801703,870132
1147408,870184
870258,870270
754754,870386
786955,870408
870431,870454
694240,870477
796979,870496
715220,870514
944225,870546
870580,870607
870580,870624
870648,870669
870682,870703
870757,870774
671631,870828
698837,870859
785738,870885
648290,870902
870939,870956
870973,870994
300833,871014
255163,871080
871112,871131
760488,871177
871257,871274
1126926,871290
901938,871344
858552,871411
738429,871453
750596,871482
670524,871513
320205,871532
518947,871566
910968,871584
227437,871606
253300,871623
763354,871647
540761,871675
643161,871699
643161,871718
643979,871741
655935,871760
871815,871836
671631,871858
871889,871901
736206,871929
871940,871964
766047,871993
872057,872074
872100,872128
872171,872192
709869,872222
643161,872246
643161,872298
644683,872365
766047,872429
872515,872536
650170,872558
872641,872660
836177,872687
872710,872734
708021,872768
569115,872781
499370,872850
489206,872878
671727,872924
873272,873293
758127,873390
806713,873414
873446,873467
901938,873480
643161,873507
973510,873553
743149,873576
786407,873609
491180,873632
786407,873678
665277,873700
873728,873744
873785,873802
512103,873904
497607,874025
872641,874087
513449,874369
856973,874459
660757,874485
644762,874503
874535,874557
874601,874629
874746,874767
874812,874831
874883,874906
875980,876000
874952,874975
875029,875040
875093,875119
875161,875188
875231,875254
875306,875323
875375,875399
875415,875436
875415,875470
875518,875539
875560,875587
705478,875637
875685,875709
875732,875750
879318,875807
931366,875853
875882,875905
875933,875951
1036306,1172695
876037,876059
935498,876071
876102,876125
876141,876160
915715,876207
876269,876282
876351,876379
703211,876403
876457,876474
761560,876586
969499,876636
710676,876689
876754,876777
494661,876834
876881,876909
784894,876932
872710,876978
877009,877021
952631,877045
835916,877078
430726,877097
877124,877148
877176,877195
877260,877287
877336,877358
877406,877423
877124,877447
877531,877554
877124,877577
872641,877596
643103,877614
644683,877633
643103,877651
644683,877679
643161,877698
650170,877717
715220,877740
766047,877793
877819,877835
684455,877857
1168445,1168466
355375,1168523
877900,877928
877971,877992
668206,878043
878070,878091
877971,878138
965438,878172
972820,878247
216027,878332
878402,878425
564387,878473
878494,878516
217962,878563
878592,878619
876457,878657
878688,878707
878753,878776
878846,878867
651562,1020660
878898,878912
926876,878965
878996,879011
879030,879053
707425,879082
879114,879133
861524,879180
879228,879244
879318,879339
879360,879387
783686,879432
709415,879466
1122772,879510
879547,879568
879612,879631
879677,879696
879727,879743
879791,879817
708916,879886
644683,879935
879974,879990
880022,880046
503641,880098
880120,880149
880177,880196
731176,880242
731130,880290
880344,880363
880411,880430
880509,880521
880578,880597
880668,880681
905072,880804
880870,880891
880964,880986
881032,881050
881084,881107
881153,881176
881153,881202
761560,881239
744172,881260
862254,1020687
650877,881287
881336,881358
881389,881406
848548,881481
779162,881520
215984,881554
616145,881577
881605,881622
761560,881667
747132,881755
881786,881803
760322,881826
766047,881842
275285,881861
266363,881888
554694,881916
320088,881963
866320,881985
882002,882025
783686,882073
736378,882115
882143,882162
882297,882311
533794,882348
850269,882382
694342,882400
882463,882485
882798,882812
800450,882849
800450,882877
800450,882906
800450,882934
800450,882968
800450,882999
800450,883024
800450,883053
521194,883082
856973,883114
810752,883167
963120,883198
708021,883228
520321,883271
753757,883302
883339,883356
883339,883387
883421,883445
883497,883510
883497,883575
883497,883599
779896,883631
789464,883677
789464,883704
702681,883736
753653,883762
753703,883791
773188,883840
883872,883893
883926,883942
916422,883990
884029,884040
884072,884093
768736,884126
768736,884157
884188,884208
884231,884254
754141,884277
884306,884323
884352,884375
890751,884427
884458,884470
783686,884491
884539,884556
884600,884628
532765,884644
884709,884721
772034,884895
703269,885059
703314,885085
703367,885118
703419,885141
885160,885187
706576,885282
706887,885314
706887,885379
885426,885442
885474,885490
885529,885540
885572,885593
885643,885662
885868,885881
702584,885913
942763,885966
991557,886015
773310,886043
213179,886091
753611,886140
233145,886366
886402,886425
665277,886441
650127,886460
886487,886500
718313,886528
671631,886544
886592,886619
886642,886661
850708,886688
698006,886707
698006,886724
743149,886748
678869,886769
886805,886822
644683,886846
248643,886867
886908,886920
994051,886954
886996,887012
970448,887049
796265,887077
786407,888003
887175,887199
767213,887240
245617,887272
887303,887326
887388,887405
887433,887451
887480,887507
643979,887548
715086,887569
715086,887582
887632,887650
887684,887700
887737,887759
887785,887802
887825,887841
643709,887860
1126926,887887
698197,887927
887962,887989
485476,888026
761778,888057
761778,888074
888100,888128
910968,888144
985635,888163
955107,888185
850708,888205
888233,888251
888280,888308
620578,888320
485080,888349
758127,888365
858552,888401
782872,888438
904503,888455
564082,888486
858105,888504
888558,888570
888591,888618
850028,888687
547304,961318
671727,888710
522620,888747
888775,888799
736206,888832
888884,888907
752766,888969
889006,889023
889052,889075
705478,889109
705575,889132
757654,889166
758002,889197
901938,889215
889243,889262
889291,889317
889338,889355
889393,889412
889449,889465
889483,889505
643161,889551
731389,889607
901938,889630
705421,889682
875830,889719
861759,889735
879727,889757
518798,889816
889844,889863
706697,889892
889918,889939
889960,889987
890018,890039
890060,890087
890104,890127
890158,890170
890245,890266
890330,890353
890428,890444
890471,890492
890561,890588
890638,890655
890705,890722
890751,890779
890798,890812
890831,890854
890877,890896
796979,890923
890975,890999
891026,891042
891116,891137
891185,891205
891233,891251
891298,891312
891349,891365
891383,891401
891438,891455
891486,891504
891570,891591
891618,891639
891618,891673
926830,891734
891781,891809
891832,891850
891884,891907
754141,891924
891953,891976
754194,891995
892022,892046
884306,892067
892098,892112
892149,892165
892196,892219
710676,892242
504481,892288
892316,892337
892363,892385
892424,892448
892476,892495
892578,892545
892521,892597
892623,892647
892681,892702
892741,892760
892815,892836
706613,892889
706697,892917
706737,892940
892972,892993
893016,893037
893059,893071
893092,893118
893141,893160
893207,893224
893276,893295
893367,893380
927787,893426
927891,893474
893501,893529
707977,893540
893627,893643
893720,893749
893834,893852
893921,893945
900522,894047
894075,894099
894132,894150
783686,894215
894317,894338
894412,894431
894454,894477
894496,894514
894533,894551
894579,894598
894611,894630
775839,894669
894703,894726
894742,894761
894788,894800
775873,894837
894859,894871
894918,894939
895011,895030
895122,895146
895179,895198
895318,895339
895360,895387
895450,895478
895510,895534
895599,895612
895677,895696
925311,895736
895770,895791
895840,895864
705649,895893
895942,895961
896065,896083
772393,896181
772340,896217
705649,896240
772449,896272
896361,896388
896414,896433
896498,896511
898169,898182
896595,896613
896645,896666
705373,896716
705421,896759
705478,896792
896825,896841
708078,896873
896943,896962
897004,897027
890877,897101
897138,897155
897247,897268
897350,897378
897425,897441
897473,897494
897635,897657
897688,897707
897730,897753
897880,897908
897996,898013
901938,898097
1007306,1007323
898218,898239
898260,898287
898304,898327
898343,898362
898389,898406
898434,898452
898475,898499
898531,898554
898605,898622
643103,898717
643161,898755
707332,898842
518798,898874
518947,898928
898963,898985
899029,899040
891618,899093
891618,899119
747533,899142
518798,899188
707977,899212
707977,899254
701308,899283
899306,899323
901938,899347
899399,899415
899462,899489
899518,899539
899637,899659
899685,899709
886234,899750
899784,899807
643103,899824
643161,899848
899869,899882
926876,899914
705649,899933
900010,900034
900068,900081
900109,900121
710676,1145813
900150,900178
900215,900236
900262,900289
900317,900338
919778,900372
707977,900412
900449,900465
900483,900505
900522,900546
900567,900580
900607,900624
915715,900653
900682,900703
900735,900757
850269,900788
900816,900837
800450,900885
900960,900987
616145,901067
901112,901131
901165,901183
901257,901274
643103,901290
643161,901316
901371,901392
901411,901430
889006,901453
901509,901521
901578,901597
886234,901623
901675,901699
899685,901718
886234,901760
899784,901787
643103,901804
643161,901827
902832,902850
902884,902907
899685,902953
899685,902976
899869,901862
901938,901955
902003,902026
705373,902061
705421,902100
705478,902137
902185,902205
902246,902267
753703,902280
902331,902354
902377,902396
902440,902464
902515,902536
900522,902562
708078,902656
708336,902710
884709,902734
902768,902781
903031,903054
903083,903106
903152,903175
880411,903240
903152,903264
903303,903326
903390,903414
524716,903446
698837,903479
903553,903576
355895,903595
903621,903645
633473,903666
903697,903716
903744,903763
903785,903802
903894,903915
964592,903936
218781,903958
903991,904018
904041,904060
904094,904115
904143,904162
246998,904189
813905,904213
216559,904232
212127,904250
910968,904278
747533,904376
744949,904444
904503,904526
904557,904574
904590,904617
904664,904686
904705,904722
858105,904780
645943,904808
904854,904877
904947,904968
952216,905001
213484,905040
212158,905126
212191,905157
905254,905277
905306,905323
905352,905375
698197,905399
905427,905443
528533,905462
905491,905518
905541,905560
245395,905587
618789,905600
247337,905637
915715,1312942
610269,905659
905709,905721
905745,905766
210476,905784
905824,905848
696196,905869
514351,905933
905980,906000
866320,906059
906085,906102
906156,906173
906207,906224
698006,906248
497607,906269
906295,906314
217181,906367
679531,906380
603197,906442
858105,906488
233800,906501
618789,906529
233800,906540
906564,906586
906604,906627
214824,906643
214830,906662
603113,906712
906731,906754
227883,906810
673165,906834
887229,906899
906966,906984
907009,907021
878070,907078
776370,907107
974375,907124
216730,1001442
650664,907148
907195,907218
907241,907260
907294,907315
907343,907362
907391,907410
907447,907468
388609,907481
232375,907508
907531,907554
907614,907633
696843,907651
303812,907679
907698,907717
302855,907738
297842,907755
211928,907786
907835,907857
759938,907874
665277,1009775
625517,1010303
528301,1023745
694548,1313638
1313705,1313722
759938,907890
870648,907916
973510,907937
801703,908091
962662,908138
908172,908193
215978,908210
215984,908234
644683,908321
262620,908345
908366,908384
216332,908402
216332,908425
237069,908441
237114,908460
908494,908516
908544,908563
518798,908592
908642,908661
552571,908724
755268,908769
234615,908782
912226,908814
645943,908833
322166,908851
908880,908908
908931,908954
603270,908996
747132,909011
359497,909030
909053,909076
696773,909095
215253,909114
726506,909133
262696,909151
261810,909179
909228,909244
614679,909263
228076,909285
230370,909302
234085,909325
636024,909341
230287,909360
864658,909387
887229,909409
217904,909421
909445,909466
909497,909510
440294,909534
909568,909581
909608,909620
909696,909715
819981,909736
766047,909758
909789,909801
228445,909829
442135,909872
442208,909893
417787,909957
909974,909990
910039,910056
259009,910073
652226,910094
910170,910191
910266,910284
910307,910324
789464,910428
910459,910471
910542,910561
786955,910588
521194,910617
910686,910705
226023,910722
910820,910849
581660,910923
910968,910981
219567,911003
911035,911057
911100,911128
219987,911144
676189,911163
274166,911185
726608,911205
526870,911251
911298,911312
652108,911354
861480,911377
269061,911396
331925,911417
246126,911438
822749,911543
762894,911618
782198,911660
710676,911694
904906,911734
911768,911781
907985,911809
908036,911821
911850,911878
901938,911907
322483,911924
911948,911969
912014,912033
912067,912080
217962,912108
767213,912149
824846,912177
824880,912196
912226,912242
777295,912274
912344,912363
912392,912411
912469,912482
912532,912550
671727,912578
489015,912623
643161,912647
727251,912668
1126926,912681
213581,912702
233099,912725
912862,912889
912938,912955
912986,913000
711022,913071
913207,913224
913276,913295
297583,913314
955565,913379
852293,913398
636024,913419
215253,913442
747132,913461
259835,913488
259835,913501
226408,913529
789768,913540
955633,913564
230370,913586
236995,913604
236995,913627
228076,913643
228076,913662
228076,913689
696773,913708
216661,913720
227437,913749
253300,913765
264991,913783
269591,913806
226023,913823
226023,913847
864555,913868
864555,913881
864555,913909
485080,913921
218354,913945
266495,913966
747132,913984
747132,914006
747132,914023
747533,914047
747533,914068
865657,914081
905306,914109
905352,914121
256705,914145
914178,914197
1005928,914236
587460,914258
914270,914291
914329,914340
914372,914393
912226,914420
914477,914496
861524,914546
914579,914598
518798,914624
914676,914695
706887,914726
895599,914757
518947,914788
914816,914837
895450,914863
895510,914892
914956,914973
889918,915011
915082,915105
915151,915179
491048,915200
915237,915259
915302,915325
915356,915373
863892,915421
773659,915478
915497,915510
915568,915581
915612,915631
915677,915696
915715,915736
758002,915770
917528,917544
915791,915817
915791,915855
915919,915935
916645,915988
794570,916894
643103,916915
581417,916943
916991,917015
562726,917058
333888,917070
917129,917140
767330,917164
850346,917186
962419,917268
824563,917313
917402,917425
917456,917473
917592,917619
917690,917711
917748,917769
653156,917814
917867,917880
917912,917931
917965,917983
917965,918013
918045,918066
708021,918124
918176,918195
918273,918294
918327,918343
918362,918389
705886,918410
918481,918508
706083,918577
706181,918646
918717,918738
706238,918786
918835,918857
918963,918985
919017,919038
899306,919055
899306,919086
899306,919103
919126,919142
919126,919231
861759,919277
879727,919347
919427,919443
900010,919470
919491,919518
705817,919560
919637,919659
900522,919685
900522,919721
892521,921682
890751,919750
919778,919797
915715,919824
919848,919869
757789,919895
758002,919922
757654,919946
915715,919980
920007,920024
920048,920069
705817,920095
920198,920216
783686,920237
783686,920271
710676,920302
837404,920360
920445,920466
920547,920568
920599,920612
920677,920696
920758,920770
705373,920801
705421,920838
705478,920864
705421,920893
920919,920935
920961,920988
921010,921034
708078,921068
921099,921113
921145,921166
708078,921184
701246,921215
921301,921329
921412,921431
921496,921514
892578,921567
892521,921653
921757,921774
921816,921837
920007,921863
920007,921956
921973,921994
921973,922089
922101,922129
705817,922140
922186,922206
922275,922299
922313,922332
705817,922366
922425,922441
922473,922494
922516,922537
922516,922559
922592,922619
922690,922711
922730,922753
900960,922795
922851,922879
900960,922920
923013,923032
771690,923084
923130,923153
708336,923182
923218,923239
753703,923256
923304,923327
923362,923389
923447,923468
923520,923549
923622,923646
923701,923729
923764,923786
923835,923857
703419,925018
923888,923900
923944,923963
924026,924042
924074,924090
924128,924144
893059,924171
892972,924267
924349,924365
892972,924440
893016,924472
924543,924562
706771,924591
706650,924625
703314,924656
706697,924706
706737,924799
924884,924907
924969,924982
706771,925060
925158,925170
706650,925209
895677,925297
925311,925330
925376,925395
925437,925459
925526,925542
925574,925590
925629,925640
915715,925664
925714,925733
702634,925780
702584,925812
925831,925854
702634,925883
925910,925934
925968,925981
886234,926001
708916,926038
926064,926086
926119,926135
926119,926174
926190,926212
926249,926265
926310,926334
926352,926375
926404,926427
706839,926470
706887,926525
753885,926556
926616,926637
926713,926732
861524,926750
926784,926807
926830,926853
926876,926895
891884,926922
754141,926951
754194,926980
892022,927014
884306,927046
927067,927080
891618,927112
754141,927131
754194,927165
518798,927196
518798,927226
518798,927300
893141,927371
895599,927469
895599,927495
893276,927545
518947,927634
706927,927668
707004,927718
927787,927804
927891,927917
773659,928000
928037,928059
928085,928102
707425,928156
928187,928207
928276,928295
928333,928351
928403,928426
928461,928488
914579,928501
929569,929582
929632,929650
929744,929763
929785,929802
929894,929915
929943,929962
930003,930026
984173,1024903
215141,930042
215230,930061
215173,930088
930137,930159
716016,930171
930365,930383
930438,930455
766047,930472
219987,930493
932757,930543
930589,930602
930641,930660
930706,930723
705373,930747
705421,930781
705478,930821
930866,930884
930911,930930
789464,930953
528648,930982
931015,931036
923944,931070
931091,931117
931140,931164
769805,931193
927067,931223
931252,931275
518798,931299
707425,931321
889291,931345
931366,931384
758002,931425
931456,931473
931528,931544
931571,931592
931626,931642
931661,931688
931730,931753
931782,931805
931880,931908
931996,932010
902440,932068
932099,932113
933254,933277
933306,933323
830460,933347
933375,933399
933560,933587
933628,933644
933685,933709
810845,933778
518798,935511
935548,935569
895599,935595
895677,935621
705817,935650
935697,935716
935759,935771
935802,935825
935856,935873
935904,935927
935958,935970
936009,936021
936066,936084
936148,936169
936218,936239
936287,936304
936358,936370
936410,936434
936468,936481
936512,936531
936577,936596
900960,936614
894023,936646
920007,936679
922313,936717
518947,936740
754333,936772
703211,936803
643103,936857
708916,936900
936944,936963
895599,936992
937016,937037
707977,937063
702634,937139
937173,937194
923944,937211
894023,937248
925968,937276
937305,937322
705817,937351
889052,937379
937403,937426
920007,937457
937488,937501
937529,937540
932859,937572
923944,937593
891116,937643
937670,937691
937712,937731
914579,937777
937806,937823
861524,937847
937875,937899
926190,937921
923944,937945
754141,938014
754194,938046
708336,938079
932757,938120
861524,938177
754141,938196
938226,938242
938274,938290
890751,938344
938371,938392
899685,938448
938476,938495
938521,938545
938597,938610
938699,938718
938741,938760
932653,938794
932682,938827
932757,938858
938901,938929
938955,938972
939018,939039
939060,939087
933029,939115
789464,939136
926119,939191
939245,939266
939284,939307
932757,939324
939395,939416
939444,939463
939492,939519
939542,939561
649232,939588
747132,939601
820943,939640
678766,939664
594161,939693
939746,939767
939798,939812
939831,939854
848936,939877
852936,939923
844545,939947
939999,940016
700127,940037
789464,940059
485080,940071
218493,940092
789464,940118
789464,940139
940173,940194
869014,940253
940295,940314
850538,940346
940398,940419
695452,940435
695452,940488
985635,940501
940643,940662
263170,940689
494313,940708
494661,940720
665277,940783
940834,940852
488409,940881
571952,940950
521125,941064
521125,941093
779896,941142
572009,941174
572050,941208
766047,941220
941347,941368
941399,941415
941443,941462
928691,941491
884709,941525
890751,941556
875518,941594
758002,941616
941644,941663
941713,941732
941766,941784
941811,941830
941876,941895
922101,941946
708336,941998
942049,942065
942096,942110
942134,942152
758002,942181
942217,942238
942335,942357
942422,942446
892196,942479
518947,942507
893276,942530
942569,942582
900960,942609
942621,942645
942678,942697
942716,942737
942763,942785
717701,942818
942839,942856
902768,942873
800450,942894
942927,942943
705421,942991
943026,943042
943074,943090
943656,943673
818469,943694
818521,943710
818288,943734
943781,943809
519794,943821
747533,943866
575918,943897
766611,943953
973510,943976
944009,944021
321089,944045
321155,944066
649459,944084
422022,944107
649400,944124
944148,944169
944182,944202
944225,944241
944260,944287
944336,944358
944370,944391
944410,944434
210634,944452
210647,944475
210652,944499
210668,944512
944565,944583
944633,944651
944698,944717
694507,944738
944764,944786
213259,944803
212798,944826
944874,944890
862368,944937
816985,944971
945005,945022
465145,945046
945067,945080
945112,945131
657730,945226
216332,945242
766611,945261
945290,945316
646107,945337
945363,945385
1013067,945411
945448,945469
1101233,945495
1147514,945521
1147522,945550
1147505,945584
1147496,945610
426569,945681
425990,945702
945756,945773
540289,945794
523245,945836
925311,945901
945929,945940
955861,945972
946023,946047
864997,946068
946099,946113
946145,946166
946227,946243
946270,946291
946270,946329
946364,946386
947025,947041
322047,947060
388936,947087
264077,947104
947127,947143
947170,947191
910968,947213
650664,947232
974375,947250
645049,947278
947307,947324
213829,947348
680259,947382
680302,947428
685104,947444
821180,947463
947492,947519
947535,947557
519929,1020706
947574,947590
423909,947617
448883,947638
320163,947655
947686,947705
947733,947751
947798,947812
947849,947865
521627,947883
681669,947906
947952,947975
948007,948024
948069,948082
948114,948133
948151,948179
948200,948228
213466,948263
948318,948339
948360,948387
504287,948432
948466,948484
703269,948510
893016,948547
948581,948608
948631,948654
708916,948683
898531,948704
643103,948736
643161,948762
891618,948789
861524,948817
891618,948838
861524,948855
919296,948872
705478,948903
948935,948957
923944,948988
708916,949015
949089,949101
949138,949155
754194,949172
949210,949234
884709,949275
946483,949321
949350,949378
949425,949441
952007,949537
899306,949585
949603,949626
949603,949657
949603,949688
494313,949707
654197,949730
949805,949822
949879,949898
949949,949965
878996,949983
902768,950015
950070,950091
504287,950140
950210,950234
950252,950275
950299,950313
950366,950384
950460,950487
707070,950500
950585,950603
950688,950707
950724,950748
950769,950782
950805,950822
895677,950851
950879,950898
950920,950949
950977,950996
926119,951028
951059,951071
951102,951125
891618,951156
951194,951211
786407,951230
927067,951269
790649,951295
951322,951346
951367,951380
951419,951435
900960,951488
951564,951586
226477,952179
908494,952198
952216,952237
626603,952259
952271,952292
856454,952318
266219,952339
952356,952373
952394,952413
952466,952484
952466,952534
952552,952575
820873,953348
238162,953376
238115,953395
953416,953437
953463,953485
953557,953574
953601,953629
881084,953672
1126926,953722
879318,953751
512518,953779
953849,953865
953934,953952
747533,954020
954054,954077
506099,954106
954168,954181
954217,954238
964252,954272
954303,954326
853003,954342
954498,954511
954582,954609
217818,954621
217825,954645
707977,954666
707977,954684
954716,954737
954785,954802
954839,954856
954887,954904
954936,954958
831037,954970
758127,954991
736206,955013
955045,955066
955107,955124
955169,955182
304008,955202
341111,955225
390577,955241
955273,955294
671631,955362
955468,955481
248643,955508
266495,955520
266495,955549
955565,955583
244660,955605
955633,955651
297842,955679
274166,955698
955729,955740
955786,955803
747533,955826
955861,955888
955916,955937
863624,955959
783686,955985
956005,956022
955565,956046
671631,956067
956112,956131
266219,956154
533986,956177
956274,956290
705421,956328
705478,956344
956392,956411
956448,956469
753703,956482
957064,957086
957119,957135
427155,957157
957188,957208
957254,957277
957296,957310
259009,957347
957399,957415
957399,957458
626603,957489
626603,957502
626657,957525
665323,957541
665323,957560
304697,957587
215085,957659
962662,957692
801703,957732
957811,957830
957853,957876
957946,957967
958006,958023
958178,958197
232375,958338
648290,958355
958393,958412
958393,958431
1005928,958454
958496,958514
958567,958580
731701,1053388
716442,1054910
958607,958624
958676,958695
216456,958719
716403,958735
958761,958788
958816,958837
958863,958885
958918,958939
875830,958960
705421,958994
959026,959042
643161,959061
518798,959088
643103,959100
856973,959280
882798,959308
521194,959377
800450,959396
959618,959639
443522,959656
959687,959706
769441,959752
959775,959799
959813,959832
959884,959907
959930,959953
960008,960020
960054,960077
960147,960168
740498,960264
740498,960286
864997,960303
662074,960326
527103,960357
720038,960374
960467,960480
751632,960507
895599,960530
779896,960569
674690,960666
674748,960678
877971,960684
960697,960716
960763,960785
960841,960860
736898,960894
685104,960915
965660,960958
758002,960991
961105,961122
961151,961179
901938,961373
419958,961394
961450,961478
961523,961547
961736,961758
958761,961789
736494,961817
752766,961838
753703,961864
933040,961893
961935,961957
961988,962000
698197,962092
962028,962037
528533,962044
962028,962059
698197,962063
1255434,1255452
698197,962071
856973,962102
835916,962125
364607,962141
962194,962211
910968,962230
962269,962282
326971,962322
528533,962435
673165,962490
962555,962572
962627,962643
962662,962689
354104,962708
354170,962720
644612,962749
558211,962868
963120,963149
793410,963288
856816,963328
882798,963482
963550,963578
963606,963623
963647,963668
963699,963718
963741,963760
963794,963815
963858,963870
963120,963938
963940,963955
217894,964172
868311,965641
964268,964281
964332,964350
645480,964378
964397,964418
964441,964460
964528,964544
964592,964619
964674,964690
212127,964711
521125,964833
698197,964880
755418,964954
521125,965003
856973,965026
836177,965042
965074,965090
965144,965163
965192,965214
460721,965233
707977,965251
707977,965279
848548,965312
965365,965383
210051,965464
210051,965472
565147,965504
564743,965515
213497,965527
213466,965536
862231,965558
213497,965589
214539,965625
217904,965673
868311,965687
850346,965781
217962,965799
217887,965813
217904,965821
217887,965832
947733,965845
868311,965850
868311,965866
862254,965897
217962,965907
217904,965930
965660,965948
808810,965969
374066,965982
966056,966073
966094,966115
966136,966158
869862,966189
770438,966221
217181,966245
966311,966330
731549,966376
966400,966428
966459,966471
966503,966526
966557,966574
999435,966617
879612,966638
946483,966664
966693,966714
879727,966746
890018,966767
879318,966798
966820,966849
703269,966883
703314,966923
703367,966968
703419,967006
703211,967047
701515,967075
967099,967113
967145,967166
862254,967204
862254,967215
862254,967227
217936,967236
217927,967243
217958,967258
217958,967262
850346,967270
850346,967289
850346,967301
850346,967317
850346,967329
775498,967340
785992,967607
967648,967669
654828,967682
657833,967703
657730,967726
513449,967742
700127,967800
518798,967828
518947,967918
518947,968038
215085,968103
968157,968174
968220,968249
968277,968296
968352,968375
645943,968399
705886,968427
706083,968458
706181,968489
970392,968518
970411,968541
932735,968573
887962,968594
915715,968616
757789,968644
760322,968671
968692,968713
705421,968732
705478,968750
705373,968784
931366,968811
968830,968853
968882,968905
921301,968933
968967,968980
492403,969013
969066,969084
969124,969148
934180,969176
969195,969218
969241,969260
890798,969294
969315,969336
920007,969362
969391,969410
889844,969447
708287,969475
969499,969512
892521,969549
892578,969577
969605,969622
752766,969651
711509,969680
771690,969717
969740,969764
922275,969793
969842,969861
926876,969890
969944,969963
970014,970033
970067,970080
891884,970108
754141,970120
861524,970154
895599,970183
970219,970235
970261,970288
923218,970316
970344,970363
260965,970566
872641,970597
970610,970634
970681,970702
298091,970725
298043,970741
970794,970815
212209,970836
794570,970870
655864,970891
970929,970940
971009,971021
971078,971097
971124,971148
971182,971202
971239,971256
971304,971327
812372,971343
971362,971389
971406,971423
971447,971468
971508,971520
711288,971554
971583,971605
971633,971651
711235,971680
971717,971738
971764,971786
971819,971835
971861,971888
971900,971928
971959,971971
926119,972002
972039,972056
972087,972104
972158,972170
972209,972221
972250,972278
972307,972324
919126,972353
972395,972416
972444,972463
972485,972503
831141,972640
766243,972664
766243,972672
766243,972693
766243,972705
741373,972714
766243,972722
755537,972733
755487,972746
755487,972751
755487,972767
755487,972779
755487,972780
755487,972798
755487,972808
755487,972812
213484,972865
213484,972877
213484,972883
213484,972896
213484,972906
213484,972910
1023161,1023188
865384,1023208
213484,972923
211565,972934
211565,972947
952216,972952
972968,972981
757654,973007
482737,973024
834887,973069
901938,973180
901938,973237
802101,973271
858105,973325
973341,973360
210870,973394
380352,973413
649353,973432
512347,973450
512518,973478
973510,973534
973552,973575
919254,973608
973631,973654
802494,973683
711165,973736
506465,973762
973791,973817
891116,973840
973872,973893
706887,973942
973990,974017
974040,974064
974093,974119
974142,974161
974190,974212
905072,974249
905072,974254
904906,974265
673165,974415
547667,974443
974462,974489
974539,974556
974587,974600
974663,974685
974750,974778
217012,974797
974824,974848
591651,974869
783686,974895
974946,974967
975000,975028
975071,975092
975125,975141
850269,975173
879612,975248
975322,975346
919254,975398
975442,975461
891781,975538
975586,975604
786120,975913
786177,975921
571209,975932
561867,975945
364607,975950
364364,975978
796518,976015
976164,976186
749294,976206
766243,976223
245189,976247
245143,976268
245189,976281
245143,976309
976350,976378
834553,976402
976460,976487
976528,976544
976571,976592
245189,979270
976642,976661
976707,976724
976753,976776
976805,976822
976851,976879
976912,976931
976983,977008
977049,977065
977096,977110
977168,977181
977229,977240
929181,977272
902440,977303
977335,977357
668402,977422
888660,977433
562355,977446
698197,977479
698197,977480
543020,977524
776512,977548
562262,977569
789464,977582
789464,977609
210051,977645
579398,977697
977716,977737
505316,977763
505261,977792
895510,977825
977856,977873
708916,977894
927067,977927
891618,977943
707425,977991
816032,978026
978088,978100
978214,978233
978312,978331
978396,978417
978493,978515
978602,978625
915356,978723
883421,978781
978832,978850
929240,978969
573332,978982
573332,978995
573332,979006
573332,979010
979052,979075
979113,979132
979197,979215
656839,979236
245143,979258
979329,979340
902768,979372
902768,979408
974946,979431
979477,979496
979533,979551
979624,979648
979682,979703
979774,979790
979828,979844
971124,979871
979892,979918
979973,979994
980045,980066
958761,980097
980124,980148
1022338,980169
980195,980218
980241,980260
980287,980304
980336,980358
980389,980406
902440,980423
980481,980508
980554,980577
980605,980622
980701,980729
980755,980772
980793,980819
916319,980842
981272,981286
981326,981335
983262,983289
779896,1122153
981433,981446
981530,981548
981480,981498
934421,981609
552867,981621
553078,981645
934421,981650
553078,981666
553900,981678
553900,981684
553717,981697
553900,981700
553717,981716
553900,981728
553900,981737
981771,981792
644683,981839
981860,981887
981915,981936
982040,982064
982103,982126
982220,982249
982347,982368
982436,982458
982502,982525
982556,982573
982637,982659
982685,982709
982732,982750
982784,982807
982869,982882
708916,982905
391936,983081
644683,983109
507733,983145
680007,983197
861480,983215
983317,983338
983364,983386
983412,983431
962194,983454
983514,983533
983551,983579
555672,983607
980755,983630
983653,983676
983703,983726
983757,983774
674129,983902
674004,983925
674043,983941
983973,983994
984028,984044
984071,984092
653457,984125
984173,984194
217181,984269
211434,984282
249175,984305
249083,984322
648290,984346
969195,984367
984398,984419
984474,984490
984517,984538
984586,984604
984627,984643
987432,984691
984720,984749
984777,984796
984823,984847
984868,984881
984909,984921
984945,984966
555672,984984
571831,985164
861480,985425
260965,985441
985500,985528
985500,985571
673165,985592
904143,985619
985635,985657
215187,985674
249576,985690
249621,985711
249678,985730
353106,985753
881084,985776
731701,985795
945363,985814
985846,985867
985880,985908
985931,985954
751632,985977
753184,986003
518798,986042
890798,986061
986088,986100
751700,986144
986192,986214
986233,986251
946483,986298
925968,986320
986377,986396
516057,986464
861524,986486
985252,986515
986558,986570
986591,986618
643161,986656
928572,986694
751802,986734
751841,986768
704465,986799
704505,986821
704546,986850
704580,986884
702363,986911
702407,986948
702448,986976
987011,987030
494313,987053
987114,987133
987360,987387
916255,987413
987432,987450
987484,987506
987534,987552
987581,987608
987631,987654
987677,987696
752869,987762
987791,987817
971009,987840
987864,987886
702681,987903
753653,987926
987957,987974
555672,987990
904906,988115
914178,988143
210051,988162
574972,988189
793819,988209
988232,988250
835916,988278
237167,988297
645943,988311
988369,988382
964592,988400
1005928,988437
553900,988459
831037,988471
647314,988492
988535,988557
717423,988574
988601,988629
988655,988672
988733,988751
982685,988779
988798,988812
988854,988877
988906,988923
676746,989022
989051,989079
823929,989098
989165,989183
989257,989274
989300,989328
674690,989371
989469,989482
989509,989521
989545,989566
1116253,989610
989634,989652
989675,989699
989725,989741
989787,989804
989827,989843
902440,989862
989891,989917
989940,989964
989993,990017
990038,990055
990086,990103
990135,990157
990188,990208
890751,990220
951708,990254
990283,990306
990334,990352
990381,990404
990436,990458
990470,990491
990525,990541
990573,990594
990628,990644
989634,990671
989597,990709
951102,990721
990750,990778
990824,990848
990869,990882
990933,990951
358711,990979
360640,990998
800450,991025
962028,991056
991087,991104
991136,991158
991170,991191
991213,991232
991278,991297
991311,991330
991353,991376
991395,991416
991459,991471
991503,991526
991590,991617
991638,991655
824846,991672
991705,991722
991751,991779
972831,991798
741373,991812
564743,991831
564919,991854
717218,991877
973510,991906
955565,991947
653333,991999
992315,992327
857428,992336
992358,992362
992389,992391
908172,992452
908172,992468
992605,992622
992646,992667
992698,992717
992740,992764
987581,992793
1325004,1325027
662003,1325089
944225,1325129
693910,1325164
926876,1325206
1306883,1325247
1325281,1325309
648005,1325345
1325397,1325418
996506,996523
996575,996599
996620,996649
996677,996696
996758,996770
996801,996829
749294,1325473
213840,1325908
749890,1325949
1326035,1326057
646107,1326116
844226,1326159
526870,1326205
755487,1326267
249255,1326320
1326365,1326383
1326536,1326558
1326618,1326639
749890,1326673
520441,1159699
696964,1159756
966094,1159804
966136,1159858
266363,1159901
275285,1159940
218813,1159986
218821,1160028
1160139,1160156
1160224,1160248
669608,1160314
865690,1160379
469224,1326710
1326775,1326799
1160442,1160461
707977,1160529
783686,1160564
211857,1160593
681863,1160636
681863,1160712
863892,1160796
912067,1160834
912014,1160899
1160966,1160984
1028290,1161040
1028760,1161103
1161190,1161212
859247,1161283
771690,1161347
1161399,1161415
217012,1161470
1161541,1161560
1161659,1161671
1161745,1161766
1161869,1161882
775390,1161946
992032,1161998
249335,1326850
951102,1326907
674748,1326948
759938,1326982
1327053,1327076
868278,1327133
1327200,1327228
674642,1162083
674690,1162134
674748,1162181
674795,1162238
674846,1162293
877971,1162357
872641,1162405
364364,1162467
364607,1162507
947733,1162548
1162609,1162621
749701,1162684
220059,1162728
815700,1162763
1162841,1162860
1162943,1162962
1163042,1163061
1163159,1163171
1163246,1163267
645666,1163320
1163383,1163401
520619,1165681
1165794,1165815
965438,1165891
733409,1165955
364483,1166034
364607,1166075
753236,1166121
983871,1166184
912862,1166243
215085,1166301
215063,1166340
1166431,1166454
1166522,1166546
735823,1166607
228445,1166676
861480,1166719
213581,1166828
213599,1166863
213838,1166902
213840,1166941
322166,996840
996893,996919
996961,996988
997035,997057
767213,997100
887229,997128
997171,997192
727251,997222
698197,997246
528533,997280
298043,997308
298091,997320
997354,997377
915715,997438
997455,997472
705478,997493
528800,997527
528682,997570
558538,997656
943246,997706
521754,997747
836177,997775
556922,997809
956938,997832
997850,997878
557929,997907
997953,997976
997995,998012
686458,1007998
1007951,1008047
615955,1008068
218429,1008081
521627,1008109
343510,1008121
562262,1008166
1008329,1008340
916303,1008364
676923,1008386
772719,1008408
263170,1008420
572124,1008449
693590,1008465
484786,1008483
1008533,1008551
835916,1043373
944225,1043394
747132,1043413
1043432,1043450
662401,1043478
499304,1043506
1043547,1043568
575081,1043581
645943,1043608
646107,1043620
1043683,1043704
518798,1043727
518947,1043743
1043801,1043829
1043855,1043872
1039286,1043893
213840,1043919
1043988,1044001
1044064,1044086
779638,1114094
1029189,1114158
842078,1114232
1114278,1114297
649693,1114330
555601,1114376
1114444,1114463
856973,1114503
698197,1114542
856973,1114588
407529,1114629
1114693,1114714
982685,1114751
876564,1114780
1114820,1114849
1114865,1114883
1114906,1114923
1114947,1114968
707977,1115001
900068,1115038
868968,1115064
889052,1115093
1115174,1115190
304008,1115231
591651,1115283
255377,1115323
523981,1115368
1115436,1115458
1115560,1115587
1115637,1115659
1115721,1115745
875415,1115807
1115882,1115905
959331,1115967
217904,1115998
868311,1116037
259835,1116071
323980,1116173
749890,1145504
1138308,1145543
1145589,1145602
1030302,1145673
987484,1145694
992740,1145723
1145752,1145775
686644,1145850
1145911,1145930
862766,1145976
1146041,1146060
766047,1146104
1146209,1146221
212999,1146284
212831,1146324
212906,1146369
963120,1167094
683499,1167170
1167232,1167250
1167348,1167369
1167459,1167471
1167561,1167588
670106,1167640
789464,1167779
901938,1167808
1167877,1167896
1167968,1167981
643103,1168048
219863,1168095
219871,1168146
220028,1168198
1168263,1168285
1168356,1168373
460671,998049
460721,998065
460489,998083
998134,998152
988056,998255
499370,998286
494313,998319
654052,998335
245617,998357
998374,998390
998446,998467
824880,998480
998511,998530
926876,998553
900960,998582
998609,998621
998697,998716
998744,998763
998785,998802
998841,998860
705478,998887
998936,998958
998989,999000
999037,999059
999071,999092
951102,999125
999156,999173
989940,999207
999230,999253
999282,999305
999333,999351
999380,999403
999435,999457
999488,999501
999538,999555
999586,999604
999636,999658
633954,999689
989634,999712
989469,999731
999765,999783
751569,999810
999868,999881
999913,999932
999966,999984
1000015,1000036
1000062,1000089
1000101,1000129
1000140,1000164
1000193,1000210
1000247,1000268
1000313,1000332
1000366,1000384
212590,1000402
320205,1000425
779638,1000456
212437,1000487
645175,1000500
645238,1000528
1168683,1168704
749701,1168762
1169776,1169795
211148,1169851
211633,1169898
779428,1169931
779369,1169996
213817,1170057
213838,1170090
213840,1170137
214462,1170171
1170383,1170401
749701,1170464
216252,1170504
731434,1171089
665436,1171172
217962,1171210
762700,1171275
272257,1171332
272359,1171378
210226,1171418
521125,1171544
218821,1171603
1164835,1171642
697135,1171688
215984,1171711
648290,1171753
849282,1171805
939746,1171867
939798,1171908
564696,1171949
1172145,1172166
516057,1172289
1172742,1172761
216027,1172828
211928,1172871
892623,1172939
1172973,1172994
738850,1173040
747132,1173103
877009,1173157
1173212,1173231
1117111,1173277
915715,1173347
705421,1173404
705478,1173462
359497,1173502
1117195,1173541
651866,1173587
651911,1173628
651969,1173663
932514,1173713
213838,1277480
706839,1173766
643103,1173922
643161,1173980
861524,1174048
895510,1174114
895599,1174167
1174259,1174271
655053,1174318
527103,1174373
1129540,1174421
694507,1174478
694548,1174510
285083,1174575
1174665,1174683
1174727,1174743
213988,1174829
648870,1174886
255543,1174926
1178005,1178022
645238,1000563
645480,1000585
231569,1000603
1000626,1000642
1000661,1000688
1000782,1000805
1000879,1000898
927067,1000920
1000954,1000977
1001000,1001028
1000954,1001059
1001085,1001102
1001139,1001156
887962,1001187
989675,1001230
990628,1001269
585180,1001426
824846,1001461
850346,1001488
759938,1001517
210476,1001538
233800,1001555
388716,1001572
786407,1001615
488919,1001636
237167,1001662
868459,1001691
1288883,1001749
964268,1001783
1001909,1001921
536459,1003136
1003189,1003209
790919,1174961
214462,1175020
1175054,1175077
524031,1175272
845742,1175335
875415,1175390
789464,1175498
989300,1175530
578012,1175595
749294,1175645
932372,1175716
1029189,1175792
217020,1175825
1112656,1175873
218026,1175936
1176009,1176021
1176050,1176078
364607,1176097
260965,1176148
218813,1176182
1176225,1176241
1176327,1176343
932408,1176434
649767,1176475
702634,1176520
886234,1176577
1176740,1176764
1176819,1176835
246692,1176874
246745,1176916
1176963,1176985
525241,1177102
793410,1177160
1177253,1177276
1177346,1177367
770438,1177435
932522,1178165
1178242,1178261
758002,1178316
528533,1178359
708021,1178392
217181,1177501
1177572,1177593
1177731,1177754
1177875,1177881
1176009,1177932
707977,1178430
708021,1178476
816410,1178521
816410,1178578
816410,1178610
952665,1179812
916595,1179820
916595,1179831
943602,1179849
1179952,1179975
1180015,1180036
537338,1180070
537386,1180138
768736,1180206
961523,1180321
1180397,1180418
323980,1180456
1125068,1180500
912014,1180626
912067,1180661
991503,1180730
659055,1180776
1180846,1180867
260965,1307624
460671,1180920
707070,1180977
216661,1181085
1181156,1181173
563470,1181211
707193,1181282
1181419,1181435
929240,1181488
1147579,1181540
1147648,1181604
665277,1181662
984868,1182048
1182082,1182105
1157631,1182167
213838,1182497
213974,1182534
737666,1182654
211633,1182696
249255,1182736
213961,1182791
685104,1182838
618789,1182872
1182961,1182988
868232,1183209
868278,1183245
1183297,1183311
1183297,1183382
1182961,1183444
1183693,1183714
815759,1183751
815856,1183812
271562,1001984
216456,1002007
1002053,1002076
304697,1002095
526675,1002122
1002180,1002200
698197,1002228
1002271,1002292
1002341,1002360
1002394,1002413
1002432,1002450
1002478,1002497
665587,1002510
644683,1003311
972638,1183896
744299,1184065
651866,1184390
651969,1184446
881084,1184524
801703,1184621
282075,1184678
878949,1184744
743681,1184887
649158,1185084
705649,1185148
649640,1185202
536400,1185287
1185475,1185499
963550,1185549
1185605,1185622
644683,1185740
652033,1185857
1035672,1188682
802657,1188742
1042127,1188844
380352,1188902
863844,1188960
1189035,1189057
1189137,1189159
1189222,1189246
1129540,1189320
1189377,1189396
662074,1189493
266363,1189570
1189660,1189687
905709,1189781
685104,1189845
685104,1189884
210226,1189924
1190007,1190024
1190114,1190133
281965,1190198
1172412,1190259
1190325,1190341
1164835,1190432
655373,1190478
655413,1190534
213817,1190677
213829,1190715
213838,1190762
213840,1190801
749701,1190840
868232,1190926
564387,1190988
689873,1191047
261810,1191075
219262,1191113
219289,1191150
892098,1191243
968352,1191329
651799,1191386
1129627,1191454
1191624,1191648
652033,1191742
364607,1191788
912014,1191828
912067,1191871
572124,1191925
1002341,1191987
662185,1192027
775524,1192089
1192155,1192172
720086,1192299
944764,1192332
1194312,1194331
731389,1194396
1194455,1194472
661509,1194618
694507,1194710
1172412,1195158
1172412,1195191
1140915,1195232
665766,1195353
985350,1195459
211315,1195503
658928,1195672
1195722,1195746
1029189,1195854
693910,1195910
877971,1196029
862766,1196064
685104,1196103
1196277,1196296
1196381,1196404
1196539,1196556
564743,1196628
564919,1196692
565147,1196766
1196824,1196848
1196933,1196951
1197033,1197051
488919,1197290
1197407,1197424
1197495,1197513
1197584,1197606
1197668,1197681
985252,1225831
1197725,1197741
836610,1197787
1126421,1197917
275285,1197955
495429,1197993
911948,1198102
1140915,1198211
776512,1198276
335158,1198346
213840,1198517
1198586,1198604
603150,1198662
1137049,1198847
847911,1198909
1026169,1198945
1199012,1199031
460489,1199096
1002683,1002704
259447,1002727
1002770,1002791
1002840,1002864
534129,1002886
534172,1002903
1002935,1002957
1003002,1003025
711022,1003056
776370,1199134
495429,1199199
654052,1199238
1199319,1199335
1199405,1199422
495429,1199467
1199553,1199576
1199645,1199666
865690,1199763
1199802,1199825
660757,1199887
858105,1199927
364364,1199989
364607,1200034
671631,1200132
662074,1200178
215351,1200215
467144,1200262
215253,1200301
213817,1203147
1203199,1203217
1146519,1203272
380352,1203342
1203388,1203405
1203467,1203480
1196933,1203576
487664,1203613
1203700,1203728
216460,1203785
822517,1203841
917690,1204056
711022,1204115
836610,1204395
860013,1204428
860195,1204463
1129627,1204503
1225906,1225923
618575,1313416
922516,1204542
348687,1204808
659347,1204849
777932,1204906
777670,1204968
364607,1205072
1205119,1205135
1205208,1205220
1205283,1205306
878949,1205347
1205443,1205462
1205518,1205539
1205659,1205671
1205766,1205784
1205869,1205882
1205922,1205946
748853,1206059
899685,1206636
700127,1206749
1206823,1206847
700127,1206909
1206978,1206997
890330,1207050
816985,1207097
1116488,1207148
927067,1207182
864555,1207225
1207327,1207343
1039856,1207475
1207531,1207554
1207614,1207633
858552,1207701
671727,1207786
495429,1207928
1208036,1208058
1208155,1208172
731701,1208350
1208441,1208460
1208559,1208571
1208559,1208661
522146,1208707
901938,1208769
989300,1209069
889844,1209200
920007,1209292
921973,1209409
700127,1209762
1209974,1209990
215141,1210087
216247,1210189
893016,1210221
731389,1210278
1210382,1210400
643103,1210459
893276,1210492
518947,1210542
707004,1210588
1208559,1210629
662618,1210664
707425,1210733
211225,1211527
1211694,1211710
1211809,1211821
693910,1212257
520062,1212741
520117,1212787
1212964,1212986
1213173,1213194
1219277,1219296
1219347,1219368
217181,1219436
320088,1219470
901938,1219525
701673,1219560
1219663,1219685
1219745,1219766
211148,1219869
258283,1219905
1219979,1219998
687183,1220095
1220167,1220180
887962,1220244
1220318,1220339
1220409,1220421
1220497,1220510
219987,1220575
412441,1003330
337407,1003353
359497,1003376
211370,1003395
237216,1003416
1003471,1003492
1003526,1003542
1003574,1003590
1003629,1003640
1003693,1003714
1003746,1003767
541668,1003798
1003849,1003865
1003896,1003910
1003968,1003981
275285,1004020
729314,1004049
1004096,1004110
1004303,1004326
962662,1004342
1004970,1004991
388716,1005013
1005084,1005107
525241,1005124
864555,1005148
864658,1005182
1005239,1005256
384005,1005273
1002840,1005294
1005343,1005358
216281,1005406
216252,1005423
216275,1005447
683410,1005475
764370,1005499
1005549,1005565
298091,1004530
1004569,1004582
647276,1004609
955565,1004645
226477,1004666
1004716,1004737
1004763,1004785
1004802,1004825
227638,1004841
227672,1004860
1005633,1005651
1005679,1005698
1005717,1005738
256278,1005755
1005803,1005826
685104,1005842
215253,1005861
1005928,1005944
720086,1005963
673165,1005985
747533,1313947
1208559,1220620
226546,1220665
230900,1220704
230959,1220743
1220789,1220801
932522,1220855
1220903,1220926
1220990,1221010
1221243,1221262
213394,1221372
862306,1221420
1221483,1221505
1221598,1221611
1221682,1221703
865657,1221761
218850,1221828
218884,1221885
1221973,1221994
1222043,1222062
1222101,1222129
1179655,1222193
1179655,1222247
233800,1222281
1222332,1222350
1222425,1222441
766047,1222500
757654,1222544
256278,1222585
1222657,1222674
614679,1222730
1222814,1222833
220028,1222879
816985,1222931
1223021,1223045
740414,1223111
672063,1223176
829406,1223218
944225,1223256
1223315,1223336
218897,1223391
662515,1223520
211130,1223651
1129627,1223738
865690,1224061
229822,1224222
525241,1224752
958567,1224799
816107,1224832
564696,1226040
1226119,1226135
1226283,1226306
653731,1226427
665766,1226541
364364,1226709
364483,1226745
364607,1226784
530152,1227226
1227430,1227453
1230144,1230163
216027,1230205
211315,1230246
676189,1230280
1230354,1230377
1230440,1230464
1230536,1230558
1230625,1230641
1230710,1230734
1230799,1230813
219987,1230878
520441,1232289
1232364,1232386
213840,1232449
784894,1232483
767330,1232522
216332,1232567
1232630,1232653
1232726,1232742
235908,1232800
236003,1232844
696964,1232885
1042127,1232925
1232973,1232994
653398,1233038
1233119,1233135
909053,1233157
1233188,1233208
303812,1006046
1006108,1006120
915715,1006154
1006183,1006203
708520,1006235
705478,1006261
1006300,1006328
1006359,1006371
1006407,1006424
1006453,1006476
1006509,1006521
1006578,1006597
525097,1006623
525097,1006634
1005336,1006652
824494,1007212
575522,1007277
1233277,1233296
649400,1233352
651866,1233399
1233443,1233462
1233539,1233556
1233628,1233644
690920,1233709
1234105,1234122
954582,1234198
1234285,1234302
213581,1234360
1234413,1234432
1234547,1234568
1234547,1234649
216275,1234683
847911,1234727
215253,1234762
1234838,1234855
1234926,1234942
272359,1235008
249083,1235049
643709,1235106
1236468,1236481
233197,1236583
210870,1236667
964441,1236729
668206,1236861
744949,1236916
1236468,1236963
211148,1237028
1237092,1237118
425677,1237295
425727,1237333
1168263,1237627
1168356,1237662
1237754,1237777
789464,1237847
213817,1237899
1237978,1237997
1237978,1238051
1237978,1238098
1238154,1238177
218570,1238235
662074,1238288
847911,1238385
536906,1238430
868278,1238521
877971,1238566
736846,1238623
715323,1238668
733409,1238702
989300,1238741
354104,1238787
354170,1238827
337359,1238870
1231366,1238929
723345,1238993
523981,1239056
649459,1239104
1234547,1239143
683888,1239189
683937,1239221
958607,1239266
747132,1239307
865690,1239382
731130,1239780
858105,1240810
698197,1239798
1239975,1239999
211928,1240059
255543,1240125
293569,1240187
839331,1240248
672403,1240282
1169776,1240333
233800,1240379
973510,1240426
375108,1240461
217012,1240501
698197,1240555
1240615,1240636
1240689,1240708
731130,1240749
1241064,1241086
1241174,1241190
672063,1241254
829406,1241296
1234547,1241375
1241427,1241443
1231366,1241502
653572,1241541
210889,1241600
1241659,1241671
1241807,1241824
1241895,1241914
1231366,1241979
747132,1242020
1242065,1242083
1019273,1242147
658667,1242293
211148,1242326
1242388,1242405
651911,1243233
651969,1243279
575522,1243312
657585,1243365
657585,1243438
775524,1243493
210870,1243536
642790,1243570
216822,1243618
354170,1243673
281724,1006681
258283,1006702
258190,1006725
959884,1006741
959930,1006760
426422,1006787
426498,1006804
426569,1006827
212535,1006843
212542,1006862
212557,1006889
212526,1006901
473189,1006929
473311,1006940
412441,1006964
1007017,1007038
1007064,1007086
1007119,1007135
297900,1007157
1313162,1313189
1007352,1007375
1007404,1007427
1007458,1007470
999765,1007502
1007539,1007556
952801,1007587
1007616,1007637
621153,1007659
951102,1007685
1000193,1007713
1005336,1007732
1005343,1007745
618789,1007750
216661,1007778
733409,1007797
263170,1007811
864403,1007830
576762,1007853
216563,1007869
216528,1007882
800011,1007905
1007951,1007979
1009809,1009821
1010342,1010361
216210,1200340
359497,1200386
359631,1200420
1200496,1200514
1200580,1200607
1200653,1200676
1114865,1200726
255163,1200892
1200941,1200960
564696,1201022
364483,1201079
697017,1201112
1201177,1201196
1201257,1201274
578576,1201337
578678,1201392
737936,1201453
1201509,1201521
214462,1242569
613799,1242678
1231366,1242771
1231366,1242818
1112464,1242856
1119855,1242904
1242962,1242989
1243074,1243090
693910,1243185
483832,1243907
483878,1243969
216206,1244021
1176963,1244084
793410,1244124
578012,1244148
829406,1244153
218821,1244195
1244260,1244287
210051,1244343
258283,1244391
341336,1244434
578012,1244475
847911,1244508
656887,1244577
966136,1244622
747533,1244667
1244755,1244772
793410,1244835
651866,1244861
651911,1244890
220028,1245149
1245219,1245235
1245300,1245328
1245453,1245476
522547,1245545
672063,1245606
829406,1245647
1245681,1245702
1245760,1245787
219364,1245843
248474,1245891
1245972,1245993
1246081,1246109
1246178,1246197
765235,1246258
359497,1246483
864555,1246522
1248341,1248360
1248421,1248445
1248506,1248523
661509,1248581
211225,1248631
694240,1248677
860013,1248727
860107,1248758
860195,1248789
245808,1248817
287564,1248855
287615,1248893
528301,1248935
1248990,1249015
608733,1249070
856973,1249172
528902,1249268
778993,1249782
1249833,1249851
1019327,1249912
643103,1249977
775524,1250004
608733,1250043
210448,1250089
1250172,1250193
1140915,1250252
1234547,1250299
652033,1250332
561425,1250378
881084,1250441
881084,1250494
881084,1250544
522683,1250603
1034768,1008598
650808,1008648
1008695,1008719
678323,1008735
678404,1008757
214750,1008788
1008837,1008859
1008885,1008902
1008956,1008973
766047,1008994
916077,1009026
364483,1009042
1009090,1009116
564696,1009137
766611,1009159
355895,1009171
605563,1009192
862323,1009214
212437,1009267
656507,1009298
1009320,1009349
249335,1009365
1009383,1009401
1009429,1009440
322166,1009464
1009493,1009515
1009543,1009562
1009591,1009618
729913,1009639
729913,1009656
526929,1009734
364364,1009752
744949,1250642
985350,1250690
578012,1250730
901938,1250769
1250805,1250822
1155657,1250880
1155748,1250949
789464,1251000
698197,1251059
220187,1251085
220194,1251141
731176,1251207
528533,1251230
793410,1251269
528243,1251295
528301,1251322
1251379,1251398
672063,1251435
829406,1251474
489206,1251615
216460,1251670
216456,1251712
1160442,1251783
231569,1251823
214869,1251913
210288,1251950
214876,1251997
1236468,1252030
1252095,1252114
1234547,1253395
647276,1253437
1253471,1253492
1253542,1253561
522840,1253601
912862,1253655
519993,1253693
1253751,1253779
364364,1253831
364607,1253877
1155833,1253910
1253981,1254008
1254096,1254110
794570,1254199
1254264,1254286
1254357,1254374
958676,1254433
868232,1254479
218850,1254553
218884,1254595
218897,1254632
991503,1254728
1212964,1254771
647314,1254856
213817,1254894
213838,1254958
731389,1254991
442135,1255045
216456,1255084
763799,1255130
523136,1255182
1255520,1255549
1255605,1255622
229117,1255679
211148,1255729
1255764,1255786
212542,1255861
1007458,1255916
902440,1255959
1255992,1256014
1256051,1256079
211434,1256112
1256183,1256203
1256274,1256290
212557,1256392
845742,1256476
658928,1256513
1036824,1256566
858552,1256652
858552,1256702
1256741,1256760
1256870,1256891
674642,1256955
674690,1256993
674748,1257038
674795,1257072
674846,1257119
877971,1257157
954785,1257190
1257231,1257254
1257310,1257334
212542,1257375
212557,1257436
923944,1257491
726506,1257539
946099,1257600
763354,1257644
1257692,1257713
1115882,1257750
969315,1257807
1009866,1009884
1009907,1009924
248141,1009948
1009969,1009982
211084,1010008
740414,1010020
1010054,1010077
1010123,1010147
515619,1010168
824880,1010181
798754,1010201
852293,1010240
680990,1010264
680990,1010286
314724,1010388
233393,1010405
1010451,1010479
1010507,1010524
992826,1010548
546016,1010569
906564,1010582
858552,1010609
210448,1010621
651440,1010650
662074,1010684
757654,1010700
256278,1010744
731130,1010763
1010841,1010860
1010943,1010962
839331,1011011
524716,1257848
646256,1257905
1257998,1258010
858552,1258075
1258178,1258197
1258270,1258291
705649,1258338
1133581,1258408
707425,1258477
706697,1258522
950879,1258579
945929,1258624
985350,1258669
829406,1258800
424844,1258863
705817,1258939
900960,1258994
709415,1261292
443449,1261339
839472,1261373
653156,1261421
708336,1261484
1261677,1261696
1261789,1261801
256278,1261864
868232,1261903
1131803,1261942
258283,1261974
974375,1262028
216247,1262063
1005549,1262102
1005596,1262141
979052,1262187
1154187,1262253
1262333,1262351
775524,1262398
974824,1262435
1262555,1262572
1261677,1262636
1261677,1262670
1262720,1262749
789251,1262783
216281,1262823
217020,1262868
1231366,1262913
218057,1262945
646937,1262997
226289,1263046
995761,1263108
1263177,1263196
658667,1263257
211315,1263288
387308,1263363
995761,1263424
766047,1263545
644762,1263652
993867,1263760
993920,1263804
993805,1263843
248305,1263889
216332,1263929
233800,1263964
1264036,1264058
1049052,1264117
653457,1264164
573332,1264210
575522,1264275
645666,1264313
218821,1264378
1264473,1264494
581660,1264571
219546,1264619
246797,1264674
1168445,1264730
483832,1264776
483878,1264833
849282,1264898
1265035,1265057
957064,1265116
1265163,1265185
522683,1265298
957119,1265354
665853,1265396
1265440,1265464
954785,1265527
1179655,1265618
989940,1265656
999037,1265694
1118724,1265734
1156809,1265775
999156,1265813
1265866,1265884
1265930,1265953
1009591,1266002
256278,1266041
865384,1266094
1156911,1266136
1266162,1266189
1266232,1266250
1266297,1266311
990135,1266353
1266400,1266428
1153598,1266463
990188,1266492
1271874,1271890
915715,1271992
1272060,1272087
1272158,1272170
1272307,1272324
1002341,1272382
510182,1272428
1272574,1272590
1272664,1272686
1272751,1272779
1272849,1272865
1272934,1272952
939542,1273011
964252,1273076
1273146,1273167
1282427,1273244
1136321,1273356
294232,1273432
525315,1273484
520321,1273770
1273864,1273886
698505,1274001
867466,1274188
643161,1274277
916645,1274334
494661,1274745
213817,1274882
214157,1274946
258283,1275016
1275139,1275156
1275253,1275276
365466,1275333
1275426,1275442
1275643,1275662
215875,1275731
1275796,1275810
217433,1275932
218781,1276129
665277,1276210
650808,1276460
971009,1276516
966136,1276635
749890,1276711
245617,1276753
1276805,1276822
847911,1276880
218813,1276931
1276983,1277008
693910,1277065
255308,1277110
1159363,1277175
985350,1277217
276958,1277255
652699,1277335
1277388,1277405
213840,1277548
646107,1277582
1267774,1277632
298043,1277737
777670,1277856
1277915,1277936
1160442,1278026
1278090,1278116
1278185,1278205
997035,1278267
354170,1278320
354104,1278365
1278401,1278429
842078,1278493
1278589,1278602
842111,1278673
212557,1278734
528533,1278799
1278878,1278897
1279150,1279178
213838,1279236
212542,1279270
985350,1279338
816605,1279372
862368,1279431
1279505,1279522
749701,1279580
659895,1279648
1279735,1279757
293569,1280327
364607,1280362
210870,1280406
417787,1280447
683499,1280508
744949,1280554
1280622,1280646
218813,1280701
687183,1280740
848856,1280786
213817,1280835
608733,1280890
1280959,1280971
1281152,1281175
858957,1281238
1281303,1281326
1281684,1281700
1281771,1281792
231569,1281839
1281894,1281915
1282001,1282029
1282086,1282103
220282,1282161
519794,1282212
1282283,1282306
219197,1282368
1282427,1282443
1013407,1282502
644409,1282750
218813,1282933
354170,1282980
218821,1283047
364483,1283099
1283227,1283243
1283301,1283329
1283386,1283408
1279505,1283551
249255,1284593
963120,1284636
380352,1284662
777932,1284712
213840,1284754
952665,1284796
522840,1284852
213817,1284909
660412,1285027
1285129,1285140
1285275,1285299
249175,1285402
1197668,1285473
1005596,1285516
1160442,1285559
1197725,1285603
682089,1016693
1016722,1016746
355539,1016767
651562,1016780
901938,1016808
1016877,1016896
948360,1016910
822978,1016934
664428,1016975
948318,1016999
297842,1017010
302855,1017034
571209,1017109
877009,1017121
1017150,1017178
763982,1017197
1017243,1017262
1017291,1017317
1017364,1017386
249083,1285642
1285690,1285711
1285782,1285805
1285898,1285912
862368,1285977
1286026,1286042
1286137,1286159
836610,1286222
1286298,1286312
1004303,1286354
1286438,1286455
1286504,1286527
1286504,1286589
1285397,1286656
608733,1286706
1286775,1286799
443449,1286850
1252893,1286924
1286504,1286969
683605,1287007
1287053,1287076
1021281,1287146
356691,1287271
356881,1287318
1287387,1287409
800450,1287466
218813,1287552
1287620,1287649
696843,1287704
218026,1287770
213838,1287817
726409,1287872
213817,1287974
484888,1288039
226477,1288094
814228,1288158
1288221,1288245
1288307,1288324
365466,1288400
700127,1288459
218821,1288492
258283,1288535
726409,1288574
1288638,1288655
260965,1288714
655007,1288751
287615,1290142
781461,1290231
216769,1290296
1290368,1290381
806491,1290443
958761,1290502
255308,1290560
645480,1290616
213838,1290659
1118402,1290713
651969,1290811
213840,1290853
553900,1290905
211225,1290951
213817,1290998
219871,1291039
1102242,1291073
219863,1291136
561425,1291170
1050505,1291213
218813,1291278
298091,1291376
608733,1291428
1291463,1291485
1291542,1291561
1291638,1291655
1291722,1291746
356810,1291808
764097,1291849
211148,1291906
697135,1292111
210870,1292176
672063,1292218
364364,1292256
326971,1292294
354104,1292336
216027,1292370
1292447,1292468
213394,1292520
483878,1292565
908494,1292605
218821,1292667
211315,1292717
218813,1292755
764370,1292793
213599,1292890
868232,1292959
398158,1292992
647276,1293036
356810,1293070
356881,1293117
1293186,1293206
356691,1293268
213373,1293309
1293378,1293397
1293460,1293487
1293559,1293571
1293642,1293661
1293753,1293776
553078,1293846
1293931,1293954
564696,1294014
258283,1294051
934421,1294108
1294337,1294359
1294476,1294495
958676,1294550
1294668,1294681
870431,1017412
522683,1017449
1017477,1017496
333764,1017514
795999,1017533
947798,1017551
868459,1017579
868492,1017598
443449,1017611
1017669,1017682
1017719,1017735
901938,1017761
757654,1017790
875882,1017828
731549,1017892
1017918,1017939
1018001,1018029
1018055,1018072
1018103,1018126
908172,1018142
519725,1018161
220059,1018188
298164,1018208
1018220,1018249
1018277,1018296
679531,1018323
229155,1018347
229193,1018368
229117,1018381
912986,1018427
962194,1018443
944764,1018462
211050,1018489
1018525,1018541
1018616,1018637
904503,1018671
1018721,1018745
820873,1294741
216004,1294804
691909,1294843
522988,1294917
647276,1294955
1295023,1295047
216822,1295109
1043271,1295145
509851,1295184
974824,1295243
1295329,1295340
355375,1295408
899306,1295465
1053839,1295514
647314,1295579
1295669,1295682
1295757,1295774
233800,1304378
958676,1304418
364034,1304456
1304537,1304559
1304661,1304688
1128480,1304748
1304822,1304846
1304931,1304954
1305042,1305061
1305137,1305159
690140,1305214
1305308,1305320
1305396,1305417
647314,1305515
647276,1305558
1020953,1305602
1305694,1305710
215063,1305775
647276,1305813
1305884,1305907
662185,1305969
359497,1306002
213817,1306041
847911,1306087
1306162,1306189
1306250,1306278
1295669,1306330
469305,1306376
685104,1306437
1306492,1306519
647276,1306574
443449,1306617
364483,1306655
584607,1306714
996758,1306751
996801,1306812
1306883,1306906
647276,1306968
647314,1307006
966094,1307047
359631,1307081
1307132,1307150
1307227,1307243
966136,1307301
882798,1307340
527587,1307386
398266,1307431
275394,1307477
766047,1309992
834414,1310043
672063,1310089
424483,1310129
262696,1310164
1043271,1310223
647314,1310268
834361,1310309
1310397,1310418
715220,1310473
212561,1310528
1023443,1310585
258283,1310642
436810,1310688
522840,1310724
647276,1310814
1310867,1310880
747132,1311403
1296292,1312228
880411,1312263
659895,1312302
1312394,1312413
519725,1312478
985350,1312510
258283,1312552
1312620,1312649
647276,1312704
1312758,1312770
647314,1312838
770298,1312872
648290,1018766
643161,1018784
1018811,1018830
1018882,1018905
817950,1018922
651214,1018946
472048,1018967
471997,1018980
1019032,1019050
1019084,1019107
231569,1019124
211148,1019153
1019202,1019225
1019273,1019294
1019327,1019343
1019391,1019410
1019447,1019468
643103,1019481
868232,1019508
1019565,1019583
1019614,1019633
1019667,1019680
292687,1019701
1019729,1019740
213838,1311474
219420,1311517
219431,1311572
213840,1311636
213817,1311670
845742,1311712
747533,1311754
656229,1311783
425318,1311847
1311909,1311921
901938,1311984
216027,1312030
816107,1312076
1312146,1312167
1297660,1316300
1003574,1316344
1003629,1316385
1316741,1316760
705575,1316836
212209,1316870
999156,1316929
1316986,1317001
1317093,1317119
320504,1317174
320639,1317231
596592,1317296
1317375,1317399
674642,1317458
213373,1317502
1317541,1317560
760173,1317600
213394,1317637
1317671,1317692
380352,1317750
443449,1317797
1317946,1317967
1002547,1320148
1320182,1320202
1208441,1320294
1320358,1320370
764370,1320434
1320512,1320531
1320605,1320622
770298,1320772
658667,1320826
1148489,1320888
1157631,1320937
218813,1320992
1212964,1321049
1321096,1321110
218821,1321175
1321229,1321240
1143521,1321303
218821,1321357
1019888,1019900
516515,1019992
1020042,1020061
1020090,1020116
1020137,1020159
1020185,1020205
766047,1020222
791150,1020246
1020279,1020298
1020320,1020349
1020396,1020417
217319,1020438
1020486,1020504
1020536,1020558
944260,1020570
944225,1020591
1020625,1020641
1020734,1020752
1020781,1020809
1020832,1020850
1020953,1020976
1021004,1021027
1021070,1021091
1021117,1021138
1021186,1021206
1021234,1021252
1021281,1021309
845099,1021321
512628,1021345
1021397,1021418
684331,1021439
767284,1021456
294284,1021473
1021500,1021528
217856,1321390
1321582,1321609
218813,1321666
1321716,1321737
1321785,1321802
1321856,1321873
1300123,1321915
1321962,1321989
1322055,1322072
1322161,1322188
1157631,1322254
575522,1322296
339390,1322381
958676,1322436
1322489,1322502
1000313,1322541
747132,1322587
987360,1322644
1050505,1322685
1322732,1322750
1224279,1322807
1322895,1322914
1322998,1323010
1323081,1323109
1002341,1323166
1323215,1323236
895599,1323289
1323355,1323372
662003,1323431
693981,1323477
1323546,1323567
868232,1323624
674690,1323669
685104,1323703
212376,1323761
790919,1323828
215253,1323863
958607,1323902
1323973,1323994
484701,1324059
820507,1324160
484651,1324224
958567,1324269
1324461,1324488
687257,1324540
314898,1324586
1324658,1324670
1324783,1324806
1324875,1324899
226611,1033874
242397,1033890
238162,1033916
255897,1033937
226477,1033959
1033971,1033992
666141,1034019
747132,1034035
747132,1034057
747132,1034074
1034090,1034116
354170,1034137
218813,1034159
858552,1034171
1034205,1034222
1034251,1034279
592025,1034298
616145,1034331
985252,1034365
1034383,1034401
1034813,1034832
754754,1034907
881084,1034429
1034504,1034527
1034543,1034562
644683,1034589
1034639,1034656
1034687,1034706
1126926,1034924
674642,1034976
674690,1035025
877971,1035041
776410,1035060
680758,1035087
680704,1035136
954936,1035189
994836,1035209
210804,1021544
212127,1021563
246347,1021585
643979,1021603
816107,1021626
521194,1021642
700127,1021674
591651,1021690
747533,1021730
644683,1021833
1021880,1021908
608733,1021920
818469,1021965
818521,1021983
818288,1022006
796265,1022023
970448,1022047
818521,1022099
796265,1022132
970448,1022178
492403,1022197
218813,1022215
1022243,1022262
887825,1022289
485363,1022301
219624,1022372
768450,1022465
733409,1022505
485080,1022522
1022567,1022579
767213,1022580
910968,1022598
626603,1022611
1022648,1022669
649590,1022703
649542,1022726
734093,1022742
952356,1022761
1022800,1022828
1022902,1022925
213840,1022941
1022973,1022994
761560,1023017
528243,1023797
529100,1023848
529003,1023895
1023254,1023277
359497,1023296
359631,1023310
255543,1023334
210051,1023352
1023404,1023427
1023443,1023462
962028,1023489
528533,1023502
521754,1023933
1023967,1023980
1024122,1024146
697017,1024167
443393,1024180
653194,1024200
768387,1024228
944225,1024244
440294,1024263
213263,1024285
1024302,1024325
1024373,1024394
1024421,1024445
217904,1024466
791607,1024484
965365,1024506
213838,1024523
213817,1024547
1024599,1024612
983412,1024631
213840,1024942
249083,1024961
674748,1024988
1025008,1025020
707193,1025054
1025106,1025123
249255,1025147
1025272,1025293
1025342,1025361
1025390,1025414
973872,1025446
980755,1025511
1025569,1025582
974190,1025609
987631,1025632
716564,1025666
716016,1025684
716016,1025700
1025737,1025759
905709,1025792
618789,1025818
862368,1025839
1025887,1025904
1025936,1025958
218429,1025970
1026021,1026045
1026078,1026097
211622,1026111
210773,1026130
1026169,1026182
1026218,1026239
298043,1026256
298091,1026273
1026304,1026327
213840,1026343
480314,1026362
364607,1026389
364364,1026406
646937,1026423
579322,1026452
218821,1026475
255377,1026499
525241,1026512
1026577,1026596
258283,1026614
645480,1026633
726200,1026667
320088,1026680
796979,1026717
337359,1026738
765235,1026755
212127,1026772
665766,1026793
1026900,1026928
1026985,1027000
1027063,1027085
762650,1027102
1027156,1027173
1027211,1027230
1027269,1027282
800011,1027305
1027211,1027322
1027211,1027346
831037,1027367
1027398,1027419
749890,1027435
996893,1027457
303812,1027474
226477,1027490
914270,1027517
587460,1027538
211389,1027555
645943,1027572
359631,1027593
461463,1027615
1027689,1027708
1027754,1027777
862368,1027796
364607,1027909
364364,1027921
1027950,1027978
1028005,1028022
1028046,1028067
1028120,1028149
218464,1028165
337359,1028183
356691,1028203
657155,1028226
657101,1028242
1028290,1028316
616301,1028337
1028371,1028392
783686,1028411
616145,1028430
1028476,1028495
751361,1028578
747533,1028597
1028634,1028652
1028681,1028702
213817,1028725
1028760,1028787
258283,1028804
226682,1028827
213838,1028843
213840,1028862
1028889,1028917
1028929,1028938
1028986,1029002
993920,1029025
1029073,1029094
1029143,1029162
1029189,1029209
1029221,1029245
1029266,1029284
1029311,1029330
1029369,1029382
750148,1029400
1027156,1029437
1027156,1029459
1029503,1029526
1029574,1029590
1029629,1029640
1029672,1029693
694507,1029714
665323,1029733
682089,1029751
751632,1029780
1029808,1029820
1029849,1029865
518798,1029896
518947,1029947
1029975,1029999
753653,1030011
753703,1030030
1030076,1030095
1030122,1030146
1030167,1030180
1006183,1030216
880177,1030237
1030263,1030285
1030302,1030325
879114,1030341
1030360,1030387
890751,1030413
938901,1030445
1030478,1030497
705421,1030510
705478,1030534
707977,1030552
1030612,1030631
890877,1030665
1030696,1030715
1030743,1030762
1030838,1030855
1030903,1030926
706771,1030957
702634,1030974
1031006,1031023
925311,1031052
895599,1031081
891618,1031121
861524,1031150
715135,1031184
643103,1031204
643161,1031236
256278,1031449
865384,1031465
275285,1031483
364483,1031514
1031580,1031607
211622,1031648
1031676,1031695
1031726,1031742
1031774,1031790
852293,1031816
1031863,1031885
255308,1031902
1031925,1031941
270722,1031960
696196,1031987
1032036,1032058
764888,1032091
526870,1032117
216494,1032155
1110918,1110939
216516,1032172
758127,1032193
1032247,1032268
879318,1032281
1032332,1032350
1032425,1032441
766047,1032473
1032500,1032528
892623,1032571
1032626,1032642
661316,1032690
1032724,1032748
1032776,1032795
912986,1033009
962194,1033021
231737,1033045
736898,1033084
721025,1033107
954887,1033153
681270,1033176
681227,1033195
1033241,1033260
1033294,1033315
673219,1033358
1033370,1033391
215253,1033423
1033447,1033468
270722,1033481
985635,1033520
1033554,1033577
1033614,1033633
1033651,1033679
666141,1033698
218821,1033717
1033764,1033786
496060,1033826
694548,1035245
219960,1035297
213838,1035311
213840,1035330
213817,1035353
294284,1035376
848856,1035428
211622,1035444
211148,1035463
215984,1035485
211633,1035503
847911,1035526
1035542,1035561
662003,1035629
1035672,1035693
1035751,1035779
627181,1035798
875882,1035812
707977,1035854
707977,1035896
953849,1035947
901938,1035999
953463,1036038
946956,1036086
797149,1036157
1036212,1036231
1036306,1036323
1036381,1036404
1036470,1036491
1036600,1036628
839331,1036663
672403,1036685
651493,1036709
1036750,1036778
1036824,1036848
387308,1036869
1036882,1036905
1036922,1036946
424483,1036967
954839,1036980
679605,1037005
901938,1037022
649640,1037046
649693,1037067
1037108,1037120
752766,1037149
956448,1037165
1037183,1037203
1037226,1037242
1037261,1037288
1037316,1037337
1037363,1037385
1037407,1037424
1037448,1037469
1037482,1037509
1037521,1037545
1029808,1037578
1037606,1037623
1037647,1037668
987484,1037681
752869,1037718
753653,1037739
990038,1037756
984627,1037787
987534,1037804
987864,1037827
651618,1037843
651562,1037862
229117,1037889
670759,1037901
513449,1037929
1037986,1038000
835916,1038028
858105,1038044
747533,1038063
495429,1038085
699396,1038102
699100,1038125
229193,1038141
229117,1038160
680341,1038194
808367,1038211
526870,1038230
972831,1038253
670943,1038276
865384,1038295
605129,1038314
653156,1038333
839472,1038351
868459,1038379
868492,1038398
1038442,1038461
219863,1038488
219871,1038501
1038529,1038540
662401,1038564
916255,1038586
923218,1038615
1038662,1038689
1028901,1038731
563876,1038777
993805,1038806
993867,1038823
1038875,1038899
1038921,1038945
1038966,1038984
1039008,1039020
974375,1039049
747533,1039065
1039096,1039110
652226,1039134
249083,1039152
912226,1039217
219761,1039229
749701,1039238
211148,1039255
1039286,1039303
1039335,1039357
1039388,1039405
533794,1039422
533986,1039446
534036,1039467
1039480,1039507
1039524,1039548
1028929,1039576
956112,1039582
249335,1039609
249255,1039621
681987,1039645
1039697,1039716
698197,1039737
1039785,1039802
856973,1040046
1028889,1040067
269775,1040964
839472,1128012
653156,1128049
988056,1040120
648257,1040149
647435,1040165
791034,1040183
670524,1040203
904094,1040226
674690,1040242
877971,1040261
1040316,1040337
1040363,1040385
1040430,1040453
337407,1040476
1040495,1040513
665853,1040532
1017243,1040550
959331,1040986
686190,1041009
852293,1041021
1031863,1041045
1041084,1041107
1041124,1041148
212127,1041169
359497,1041182
218660,1041202
584607,1041225
229193,1041256
229117,1041273
226477,1041294
652226,1041315
214208,1041336
598464,1041358
598515,1041370
315438,1041391
1041447,1041468
1041499,1041512
233800,1041531
1041554,1041577
291521,1041651
216027,1041679
211928,1041698
654052,1041717
488919,1041738
727953,1041772
1041819,1041835
1041888,1041900
521875,1041928
662401,1041944
649640,1041963
1042002,1042025
515965,1042041
1042087,1042104
1042127,1042143
1020090,1119053
700127,1042162
495429,1042189
685104,1042213
238400,1042232
255845,1042250
255897,1042278
238115,1042297
238162,1042311
736378,1042330
596592,1042353
226682,1042376
226477,1042395
596642,1042416
226023,1042437
740498,1042471
689873,1042492
1042519,1042535
627451,1042557
485080,1042574
1042629,1042640
671631,1042664
858105,1042686
216247,1042705
216004,1042722
1042751,1042779
1042812,1042831
1042934,1042952
214573,1042975
726200,1042999
1043024,1043048
1043095,1043114
1043146,1043167
266219,1043180
789464,1043237
1043271,1043292
279283,1043318
400570,1043339
212849,1043356
835273,1044119
210870,1044157
994513,1044220
955565,1044283
1044347,1044368
749857,1044458
749890,1044518
693910,1044573
750013,1044637
258283,1044692
213599,1048618
218813,1048673
1048768,1048781
213838,1048845
1048911,1048930
309163,1048976
1049052,1049075
784894,1049132
1049204,1049227
1049258,1049270
1049301,1049329
1049355,1049372
1049408,1049420
1049454,1049477
1049505,1049522
1049551,1049579
1049607,1049624
1049653,1049676
1049703,1049726
1049757,1049774
1049800,1049828
1049859,1049871
1049902,1049925
665323,1049987
665277,1050023
1050075,1050099
527103,1050132
1050204,1050227
1050291,1050317
865164,1050372
1050431,1050454
1050505,1050522
216350,1050580
959417,1050624
863023,1050669
220282,1050719
904094,1050757
210448,1050828
1050892,1050918
1051005,1051022
1051080,1051108
1313485,1313503
1051165,1051183
1051235,1051257
1051300,1051328
864658,1051363
1051448,1051469
213581,1051773
213599,1051836
666461,1051891
858105,1051955
910686,1052320
1052377,1052396
662074,1052438
1052558,1052562
1052558,1052570
671727,1052673
648290,1052781
766047,1052866
645943,1052907
1052969,1052982
674996,1053049
797337,1053110
754689,1053152
661453,1053199
1053264,1053286
524716,1053446
1053511,1053530
1053621,1053645
988056,1053700
322166,1053763
1053839,1053856
795115,1053894
1053943,1053962
1054039,1054056
1054127,1054143
1054213,1054232
1054307,1054324
1054395,1054416
519725,1054471
333888,1054535
333826,1054590
1054664,1054686
1054812,1054831
232375,1054854
1054952,1054975
747132,1055017
255163,1055040
754754,1055086
962662,1055126
995761,1100018
1100060,1100087
535515,1100127
1100191,1100213
869862,1100311
1100348,1100369
689595,1100428
211434,1100485
211410,1100526
1039697,1100588
294284,1100629
1100693,1100714
1100877,1100896
1100947,1100968
521125,1101003
1101061,1101088
1101116,1101137
1101171,1101185
987534,1101214
665587,1101279
295998,1101320
482106,1101354
865384,1101417
322166,1101455
1101527,1101543
747132,1101589
882798,1101641
856973,1101687
698197,1101723
962028,1101752
521194,1101850
966094,1101924
966136,1101953
521194,1101982
1102112,1102131
839472,1102177
653156,1102203
1102242,1102261
974375,1102344
368447,1102407
649353,1102453
882798,1104099
882798,1104109
882798,1104113
211389,1105665
211370,1105704
965365,1105743
834414,1105789
1105893,1105919
560953,1105961
1106031,1106054
219863,1106096
219871,1106123
1106255,1106272
491758,1106357
273346,1106390
1106507,1106524
216247,1106569
1106632,1106650
784894,1106697
1106737,1106759
1104132,1104145
1104132,1104150
1104166,1104178
750362,1104184
1104204,1104215
1104236,1104243
1104258,1104262
1104197,1104270
1104338,1104355
974824,1104412
354056,1104477
868232,1104533
868278,1104598
295119,1104653
1104695,1104719
341336,1104757
1104828,1104844
868232,1104885
868278,1104925
683499,1104960
647950,1105024
648005,1105069
1105133,1105151
499481,1105228
1105271,1105292
1105356,1105373
901938,1105413
1105552,1105575
648290,1105631
962194,1106856
217012,1106894
217020,1106943
210773,1106991
720560,1107058
1107101,1107129
1107172,1107193
1110735,1110742
1110761,1110774
1110790,1110800
565147,1110973
878070,1111014
1111079,1111098
784894,1111131
767330,1111165
1111203,1111226
354170,1111288
359497,1111328
945290,1111385
1111448,1111469
668089,1111521
1111610,1111634
1111718,1111739
1111827,1111843
1111938,1111955
341336,1112035
1112100,1112128
647102,1112163
1112205,1112222
236003,1112267
676471,1112308
707977,1112349
1112396,1112417
1112464,1112486
1112527,1112543
992826,1112602
1112656,1112673
581660,1112710
768789,1112752
650877,1112799
755846,1112845
880177,1112897
1112969,1112982
1113054,1113077
211148,1113134
643254,1113168
1113255,1113272
1113319,1113335
1113390,1113414
1113255,1113480
882463,1113553
821180,1113613
947492,1113650
1041084,1113697
1113763,1113785
294232,1113841
1113887,1113904
1113943,1113962
707977,1114981
1163440,1163464
1163504,1163527
227348,1163589
742248,1163639
1158601,1163694
364364,1163734
364607,1163775
682140,1163813
1163897,1163911
966094,1163953
966136,1163995
1164045,1164066
908494,1164107
269775,1164169
827420,1164218
681790,1164273
681790,1164336
846791,1164512
520782,1164577
210226,1164698
650664,1164755
1164835,1164857
1164835,1164916
686692,1164959
705523,1165005
1165051,1165079
1165149,1165165
1158601,1165226
1165274,1165290
521125,1165337
651562,1165448
521194,1165482
1165597,1165610
216275,1170543
569324,1170589
572124,1170641
1008956,1170706
1170752,1170775
694507,1170832
562145,1170878
562075,1170930
268580,1170995
707977,1171058
215978,1172340
1172412,1172431
1008329,1172505
213817,1172567
213840,1172607
388716,1172648
1178652,1178675
1178741,1178760
399482,1178804
248474,1178862
460721,1178917
1178955,1178972
1179041,1179060
799446,1179104
1179162,1179189
1179459,1179471
816410,1179519
816410,1179561
816410,1179617
1179655,1179672
1179655,1179722
1172412,1179767
1132278,1179808
1036470,1186098
426498,1186131
426569,1186196
946956,1186274
760488,1186359
760442,1186411
1186521,1186545
797149,1186584
520397,1186668
354170,1186725
443449,1186794
380352,1186836
1186889,1186901
789464,1186940
245617,1186986
239760,1187072
708916,1187135
522683,1187212
665766,1187265
1182961,1187375
775524,1187470
847911,1187525
275285,1187594
1187659,1187671
618575,1187784
915715,1187848
211148,1187933
915715,1187979
1129627,1188075
1188150,1188178
1188329,1188340
879318,1188522
215253,1188624
317317,1116230
282837,1116276
1116295,1116314
287346,1116351
317317,1116379
282837,1116398
1116419,1116435
1116488,1116501
708078,1116529
1116555,1116572
1116604,1116627
1116658,1116670
706697,1116708
706737,1116731
925311,1116783
945929,1116810
703269,1116847
950724,1116875
950769,1116909
950805,1116932
895677,1116966
950879,1116997
1117111,1117130
1117195,1117218
364483,1117273
364607,1117315
853493,1117389
868278,1117423
354170,1117481
716442,1117520
249335,1117583
249255,1117646
1117738,1117755
515965,1117793
309163,1117857
807718,1117928
1118027,1118043
354104,1118089
354170,1118129
645480,1118164
645548,1118234
326971,1118275
484701,1118313
1118402,1118425
676746,1118460
270722,1118544
214103,1118626
1118657,1118674
603113,1118690
1118724,1118748
1118795,1118814
951708,1118833
1118908,1118920
1119007,1119024
1020090,1119069
1020090,1119076
1020090,1119082
1020090,1119095
1020090,1119105
1020090,1119114
1020090,1119122
1020090,1119133
689096,1119180
689096,1119198
584607,1119200
995761,1119259
226477,1119285
460721,1119325
460489,1119360
847911,1119510
1119413,1119432
1119789,1119801
1119855,1119872
1119926,1119942
1119990,1120017
1027211,1120055
1120103,1120126
720086,1120161
359631,1120249
1120310,1120334
1120404,1120427
1120458,1120470
984173,1120491
791761,1120541
904094,1120587
1203008,1203020
233262,1203083
851951,1120616
765079,1120671
715220,1120721
1120766,1120784
275285,1120848
216516,1120905
210476,1120946
733612,1120998
700127,1121056
670943,1121087
567457,1121127
256278,1121162
1121250,1121278
1027269,1122256
1121348,1121369
1121416,1121437
1121485,1121503
1121557,1121574
784894,1121617
767330,1121655
1121693,1121714
966094,1121751
966136,1121780
1122013,1122032
661316,1122294
255377,1122336
491758,1122370
801075,1122406
210300,1122447
213829,1122481
260965,1122549
211633,1122583
1122667,1122680
879612,1122701
1122729,1122740
1122772,1122793
705421,1122819
705373,1122835
1122861,1122888
213817,1122992
213840,1123036
213838,1123070
856973,1123140
962028,1123193
634843,1123247
228445,1123309
738429,1123366
962194,1123402
210448,1123441
401043,1123494
230959,1123559
651214,1123592
523395,1123657
218813,1123690
218821,1123753
484651,1123814
693981,1123879
298983,1123931
1124022,1124046
991503,1124098
1124112,1124131
1124154,1124165
757654,1124196
1124226,1124242
922186,1124274
920007,1124300
922313,1124337
1124363,1124385
1124411,1124430
737666,1124495
933306,1124550
985350,1124610
995761,1129754
249255,1124647
1124718,1124739
1124787,1124804
890798,1124870
920007,1124901
354170,1125006
1125068,1125081
783686,1125121
1125262,1125289
213677,1125355
213817,1125393
966094,1125431
985635,1125505
910968,1125546
761895,1125580
671727,1125624
849346,1125682
676746,1125726
1125828,1125844
495429,1125885
777037,1125925
955565,1125960
1126030,1126053
1126095,1126114
955107,1126151
1126200,1126228
644683,1126263
1126302,1126325
645943,1126360
676746,1126394
1126421,1126445
824805,1126484
384843,1126523
962662,1126568
766047,1126608
1126654,1126677
697616,1126715
754754,1126758
993516,1126791
1126838,1126855
1126926,1126942
1126988,1127003
416038,1127061
611381,1127100
1127163,1127185
216730,1127267
364607,1127308
460671,1127349
1127417,1127438
235954,1127472
1127527,1127543
700127,1127589
720518,1127618
1127747,1127768
398376,1127809
900960,1127884
1127930,1127953
215230,1128152
215173,1128077
904503,1128388
1128480,1128507
1128613,1128632
839331,1128728
699354,1128771
699308,1128825
330292,1128860
1128915,1128936
827611,1128970
219987,1129016
212127,1129071
789464,1129118
1129253,1129276
1018001,1129314
1129367,1129380
1034543,1129419
1129442,1129461
839331,1129488
839331,1129490
1129540,1129564
1129627,1129643
1129691,1129712
901938,1129783
802402,1129881
901938,1129921
523353,1130014
295306,1130051
295352,1130112
847911,1130177
572124,1130235
1130328,1130344
760224,1130385
763185,1130424
654052,1130448
1130328,1130513
1130550,1130578
865657,1130675
1130760,1130787
312966,1130843
901938,1130901
218813,1130955
218821,1130993
838607,1131032
1131084,1131107
1131169,1131182
1041124,1131241
1131343,1131362
1131475,1131499
425030,1131554
534129,1131614
674544,1131679
534172,1131738
1131803,1131826
747533,1131944
627181,1132002
1031726,1132060
682089,1132127
852293,1132213
802494,1132297
858552,1132369
233099,1132400
616301,1132463
868232,1132590
219109,1132638
219132,1132672
870648,1132714
1132780,1132808
870648,1132849
870648,1132906
693910,1132947
375108,1133007
779638,1133069
648870,1133105
1133151,1133179
333651,1133216
651562,1133259
691909,1133292
210226,1133341
1133445,1133466
528533,1133523
1133581,1133608
528301,1133704
536459,1133736
520252,1133770
961216,1133817
581660,1133840
210165,1133872
1102242,1133919
668206,1133957
213599,1133990
668089,1134038
1134161,1134188
1134231,1134254
333651,1134334
388716,1134375
852293,1134415
591651,1134462
215187,1134491
1043271,1134556
216027,1134594
211434,1134628
947733,1134692
211434,1134721
1134766,1134784
227638,1134824
227672,1134869
649767,1134905
1043271,1134946
749890,1134980
870648,1135037
354104,1135085
749857,1135125
215295,1135173
215351,1135230
211857,1135295
211406,1135333
211391,1135379
216004,1135419
1135457,1135474
908494,1135517
987864,1135593
763185,1135658
810845,1135810
273490,1135875
527587,1135913
862368,1135950
693910,1135997
364607,1136036
364364,1136091
696843,1136155
765079,1136206
227746,1136247
1136321,1136345
388065,1136441
387995,1136487
851491,1136528
1136585,1136603
945290,1136661
503222,1136690
231569,1136730
1136805,1136822
216690,1136898
216275,1136931
751511,1136996
1137049,1137065
1137134,1137152
1137229,1137240
1137319,1137335
1137405,1137422
689873,1137524
1137569,1137582
766047,1137621
528902,1137666
218768,1137737
995761,1137818
1137856,1137873
643161,1137915
700820,1137970
213840,1138035
656887,1138088
1138159,1138171
256209,1138214
1138308,1138320
1115882,1138365
895599,1138440
925311,1138472
1138504,1138527
319565,1138543
651618,1138589
1138625,1138641
226289,1138706
218455,1138752
218464,1138799
249621,1138832
249678,1138884
1138930,1138953
1139047,1139068
1139150,1139178
1139262,1139289
1139338,1139355
1139393,1139408
519725,1139412
869741,1139465
865657,1139505
227348,1139551
1139607,1139624
1139695,1139719
1139761,1139788
801364,1139828
1139393,1139863
1139918,1139939
767330,1139973
784894,1140008
656887,1140049
1129367,1140096
216252,1140134
210448,1140199
210476,1140238
256278,1140286
229776,1140335
229822,1140374
212127,1140414
333651,1140451
322166,1140498
339390,1140530
727251,1140582
282837,1140645
652226,1140684
649640,1140737
662003,1140771
737388,1140818
1140915,1140936
1140915,1140991
1141024,1141048
1141114,1141133
484888,1141200
1141271,1141292
1141360,1141387
1141450,1141478
1141547,1141568
1141631,1141654
1141727,1141743
364607,1141840
685104,1141903
220282,1141942
213817,1141974
1142028,1142044
521875,1142085
1141360,1142125
333764,1142160
264077,1142224
655237,1142253
448883,1142282
320163,1142322
320205,1142367
263952,1142403
339293,1142461
339342,1142490
657983,1142529
765079,1142564
341336,1142604
322047,1142643
362545,1142670
427563,1142731
909053,1142796
1142868,1142881
1142950,1142978
518798,1143022
1143080,1143108
1039286,1143149
218813,1143177
218821,1143219
1138308,1143274
954168,1143316
522683,1143359
1138308,1143392
1143521,1143545
1143597,1143610
707977,1143652
971362,1143794
971124,1143815
216281,1143836
789251,1143891
989300,1143955
836177,1143993
800450,1144027
650664,1144062
733409,1144101
229776,1144140
229822,1144186
364607,1144247
364364,1144309
1144402,1144425
1144473,1144494
522840,1144537
984627,1144571
654828,1144592
665323,1144635
737621,1144674
737728,1144730
1144805,1144822
1144851,1144879
657833,1144954
298091,1144996
1145061,1145088
657730,1145144
519725,1145185
660145,1145233
660145,1145251
660145,1145279
211622,1145312
1145383,1145401
749857,1145464
215160,1146400
229425,1146463
1146519,1146535
1146601,1146629
1146672,1146693
1146746,1146767
1146812,1146831
1146883,1146906
1146952,1146975
897350,1147010
364607,1147052
1147109,1147121
1147166,1147184
664428,1147227
1147289,1147301
1147364,1147372
1147386,1147393
219735,1147420
1147431,1147449
1147454,1147465
1147477,1147483
1022338,1147546
1022338,1147567
1147579,1147580
1147579,1147598
1147579,1147607
1147579,1147611
1147624,1147630
1147648,1147653
807067,1147669
992890,1147676
992890,1147682
746485,1147695
213838,1147742
1147790,1147816
364034,1147871
278985,1147939
1002341,1147973
212437,1148017
460489,1148064
460671,1148103
460721,1148142
213581,1148188
213599,1148220
862766,1148265
696196,1148306
533794,1148404
1148489,1148502
443449,1148560
697135,1148628
1148713,1148732
1148713,1148750
1148713,1148797
1148824,1148848
1148946,1148967
633954,1149009
1149045,1149066
925714,1149111
886234,1149153
1149202,1149225
926119,1149273
278985,1149336
279038,1149343
216516,1149370
700127,1149410
218026,1149468
364483,1149554
364607,1149596
1005336,1149633
1149701,1149729
738429,1149786
650170,1149819
1128480,1149874
870648,1149937
870648,1150021
703269,1150111
704338,1150202
925311,1150241
708336,1150287
1150336,1150358
1150406,1150423
914676,1150475
708916,1150512
891618,1150554
1150596,1150614
518798,1150651
893207,1150701
895599,1150740
780062,1150786
1150826,1150842
494661,1150888
858105,1150944
1151008,1151020
1151096,1151110
680105,1151181
1004802,1151240
801703,1151303
656422,1151361
364034,1151422
494313,1151479
652411,1151511
730290,1151700
720086,1151744
720038,1151792
238115,1151856
238162,1151927
655864,1151989
1017291,1152029
238115,1152086
238162,1152135
323980,1152188
767330,1152249
784894,1152296
217020,1152381
1152436,1152458
533986,1152518
534036,1152560
226477,1152616
575522,1152671
1152750,1152778
239760,1152830
852293,1152876
687257,1152914
644683,1152951
579044,1153075
211148,1153132
255377,1153184
884709,1153236
921010,1153289
898531,1153338
1153386,1153408
1153449,1153465
989891,1153505
1153598,1153611
1153669,1153682
555672,1153726
1153761,1153788
751569,1153837
966459,1153885
1000247,1153939
921412,1153973
772580,1154028
1154071,1154092
990573,1154139
1154187,1154207
999636,1154248
1154295,1154314
1154367,1154380
983757,1154426
943074,1154474
555672,1154627
793819,1154691
865690,1154754
1154823,1154847
995580,1154899
650733,1154950
1155004,1155027
216247,1155062
999435,1155101
1155155,1155172
214283,1155210
261810,1155275
226682,1155332
226477,1155378
822269,1155425
747132,1155460
1155528,1155544
989634,1155585
1155657,1155674
1155748,1155769
1155833,1155851
1155954,1155977
999765,1156026
1156074,1156090
1156185,1156205
889338,1156298
1156349,1156365
1156401,1156429
983757,1156493
1156562,1156589
1156639,1156656
1156694,1156710
999037,1156752
1156809,1156821
883872,1156866
1156911,1156930
226477,1156976
1157024,1157048
1157114,1157133
1157179,1157198
987484,1157244
987534,1157285
764370,1157339
1157413,1157445
1157631,1157654
211111,1157696
763673,1157762
932735,1157801
746485,1157840
214157,1157886
952903,1157957
364483,1157990
364607,1158039
320088,1158073
733612,1158136
217433,1158191
258190,1158245
1158297,1158311
1158353,1158376
364364,1158416
990628,1158463
895770,1158519
1158601,1158629
715086,1158686
895599,1158779
1158975,1158831
652226,1158877
652274,1158910
1159098,1159112
1159177,1159196
694507,1159235
1159288,1159300
1159363,1159385
238162,1159448
746437,1159482
1159532,1159550
839331,1159597
868278,1159652
1201610,1201634
1201741,1201760
211130,1201827
1164835,1201889
1020042,1201929
1020185,1201986
1202057,1202074
696843,1202116
215379,1202159
696773,1202205
251180,1202246
1202331,1202354
1202417,1202438
1202527,1202543
218813,1202602
839706,1202687
872641,1202747
1202813,1202832
988056,1202897
354104,1288798
655007,1288849
1288883,1288906
216912,1288968
1289022,1289046
394517,1289079
730469,1289112
775524,1289177
690851,1289257
314642,1289290
326971,1289359
700127,1289407
850346,1289453
211633,1289513
926830,1289566
1289668,1289681
1289804,1289827
218057,1289901
1289986,1290001
865384,1213253
955565,1213564
211315,1213636
564696,1213868
1215011,1215030
596642,1215339
211148,1215988
213840,1216054
901938,1216199
901938,1216240
901938,1216272
763354,1217657
518798,1218050
651440,1218176
1218362,1218389
1179459,1218944
848856,1219040
764370,1219220
720038,1192397
216494,1192516
656422,1192592
213817,1192635
213840,1192674
995800,1192711
1192814,1192833
1192931,1192954
1192996,1193013
216332,1193050
765079,1193111
427661,1193195
1193764,1193786
1002840,1193842
1193971,1193992
354104,1194057
995761,1230911
957064,1231036
732104,1231186
731701,1231247
1140915,1231299
1231366,1231384
213838,1231425
213840,1231460
422022,1231500
891618,1231544
861524,1231571
650561,1231603
1197725,1232215
1012207,1239428
800450,1239492
888558,1239535
888591,1239590
333764,1239655
564696,1239733
562262,1246579
1246648,1246669
380352,1246761
443449,1246816
698197,1246859
1036381,1246902
899306,1246956
536906,1247025
737728,1247232
1247400,1247428
470321,1247968
1234547,1248024
856973,1248237
528301,1248244
901938,1248259
654052,1248292
1252339,1252356
1252421,1252445
1252510,1252534
380352,1252599
443393,1252631
443449,1252677
991213,1252715
991136,1252758
1157631,1252791
1021281,1252829
1252893,1252919
212127,1252974
544158,1253018
213599,1253073
685104,1253158
1253221,1253245
309163,1253348
923944,1259035
1259128,1259144
1259128,1259192
1259128,1259246
1259128,1259298
1259365,1259383
868311,1259440
217904,1259493
1259570,1259591
1259570,1259641
1259694,1259710
942763,1259781
1259850,1259878
1260054,1260077
1260110,1260134
670106,1260632
584607,1260666
1260240,1260264
1260357,1260374
518798,1260498
951419,1260548
951419,1260595
585180,1260700
495429,1260744
607179,1260785
1260894,1260915
783686,1260962
759938,1261007
1261095,1261114
731434,1261198
216769,1261237
1283648,1283669
1283735,1283757
1283800,1283828
846791,1283885
683605,1283925
846791,1283973
1283023,1284044
1283034,1284092
1283533,1284141
749701,1284207
547304,1284248
298091,1284305
1284351,1284379
213599,1284435
1284517,1284538
607007,1266535
1154564,1266588
1266638,1266655
1153669,1266693
1266733,1266751
1266808,1266820
1266883,1266906
213840,1266947
522840,1266999
999333,1267068
1267150,1267178
608733,1267215
1267258,1267270
529100,1267317
1267355,1267372
1002341,1267431
1267483,1267505
923944,1267546
1000193,1267580
1267630,1267653
214029,1267735
1267774,1267790
989509,1267837
322166,1267871
1267918,1267939
771473,1267973
920007,1268029
1261677,1268086
749701,1268135
757654,1268174
751569,1268212
1268254,1268277
1268323,1268347
1268399,1268415
1268470,1268491
1268541,1268560
847911,1268600
1268659,1268671
945290,1268713
659347,1268784
249255,1269963
1268876,1268895
1268946,1268967
1269013,1269032
1269078,1269097
216730,1269130
1269182,1269202
908494,1269241
213817,1269287
213840,1269327
1269362,1269389
247804,1269468
1269549,1269565
1269633,1269651
1269698,1269717
990628,1269772
999636,1269819
1259570,1269857
1269900,1269928
249335,1270005
1270051,1270079
1270120,1270149
708336,1270219
652226,1270257
442375,1270290
442277,1270337
999765,1270371
1227290,1270411
1270453,1270476
1154295,1270550
1270597,1270610
853493,1270652
1270718,1270739
1270787,1270804
1157631,1270843
1270870,1270891
771473,1270940
707977,1270993
708021,1271032
989891,1271066
1271107,1271124
1271176,1271195
1156639,1271241
1271315,1271336
816410,1271389
213840,1271447
698197,1271508
218821,1271531
572124,1271577
655007,1271614
1271667,1271680
210773,1271729
864997,1271764
1303424,1303448
660412,1303509
359631,1303566
651866,1303606
966136,1303647
1303699,1303718
746437,1303756
1303858,1303870
1136585,1303917
966094,1303940
912226,1303986
213263,1304027
212127,1304062
1304129,1304140
213259,1304206
649353,1304252
1304299,1304313
1019565,1307726
326971,1307902
1295669,1307941
1308254,1308277
856816,1308310
1308375,1308399
422022,1308458
218464,1308491
674397,1308628
674439,1308811
1308882,1308905
1308979,1308998
1309078,1309107
265410,1309148
1309202,1309225
1309294,1309315
213484,1309370
736898,1309447
868232,1309520
213599,1309565
647276,1309605
230959,1309646
645943,1309701
1309772,1309793
647314,1309857
522840,1309890
300833,1309937
578576,1313221
279038,1313266
954785,1313324
1313574,1313590
722045,1315097
915715,1315153
1315218,1315239
1101171,1315273
1315327,1315343
499370,1315389
580640,1315447
763799,1315512
672063,1315577
958676,1315633
791761,1315755
689096,1315803
1300123,1315857
1023254,1315890
522988,1314049
985350,1314106
278985,1314147
333764,1314201
1314264,1314286
1314342,1314361
278985,1314405
1314467,1314480
211928,1314548
1295669,1314595
1315963,1315985
1316033,1316051
912067,1316112
1141547,1316154
1141727,1316196
1318023,1318047
1318113,1318132
724022,1318197
656229,1318243
211148,1318289
889243,1318338
887962,1318372
215141,1318408
1318449,1318465
1222101,1318522
231569,1318567
665766,1318607
213935,1318719
1318774,1318790
213926,1318859
851811,1318918
1318960,1318987
1319042,1319061
1147289,1319116
1319192,1319214
1182082,1319267
1193971,1319312
889243,1319383
691997,1319429
656264,1319878
1319948,1319969
753496,1320013
767655,1320050
526870,1320097
