GPID,GPUID
210051,199724
210067,199730
210079,199748
210108,199776
210165,199833
213180,199851
210196,199867
210203,199879
210219,199880
210226,199898
210235,199908
210242,199912
210257,199920
210261,199931
210274,199949
210288,199954
210300,199977
210316,199983
210328,199996
210337,200001
210344,200017
210359,200029
210363,200038
210371,200040
210385,200055
210392,200064
210407,200072
210411,200086
210430,200103
210448,200119
210453,200126
210469,200135
210476,200142
210482,200157
210495,200161
210509,200174
210513,200188
210521,200190
210532,200208
210545,200212
210550,200220
210566,200231
210578,200249
210584,200254
210597,200265
210606,200277
210610,200283
210623,200296
210634,200306
210647,200310
210652,200323
210668,200334
210675,200347
210681,200352
210699,200368
210702,200375
210718,200381
210725,200399
210739,200404
210741,200415
210756,200427
210773,200443
210794,200462
210804,200470
210815,200489
210827,200491
210889,200556
210891,200560
210901,200573
210917,200587
210929,200594
210938,200600
210940,200616
210955,200628
210964,200637
210986,200644
847911,200659
210993,200663
211013,200685
211021,200692
211032,200709
211045,200713
211050,200721
211066,200732
211078,200745
211084,200750
211097,200766
211107,200778
211111,200784
211124,200797
211130,200807
211148,200811
211153,200824
211169,200830
211176,200848
211182,200853
211195,200869
211202,200876
211225,200895
211239,200905
211256,200922
211260,200933
211273,200946
211287,200951
211294,200967
211304,200979
211315,200980
211327,200998
775106,201002
211343,201018
211358,201025
211362,201039
211370,201041
211389,201056
1048768,1048775
211391,201060
211406,201073
211410,201087
211434,201104
211452,201127
211468,201136
211475,201143
211481,201158
211520,201191
213484,201232
211577,201245
211565,201250
211596,201266
211605,201278
862323,201284
861759,201297
211633,201307
211646,201311
211651,201324
211667,201330
211679,201348
211680,201353
211701,201376
211717,201382
211729,201395
211738,201400
211740,201416
211755,201428
211764,201437
211786,201459
211793,201463
211803,201471
211819,201485
211826,201492
211835,201503
211842,201519
211857,201526
211971,201535
211971,201542
211874,201557
211937,201561
211890,201574
211900,201588
211916,201590
210972,201601
211944,201629
211959,201638
211963,201640
1124154,201664
211985,201672
211992,201686
212039,201714
213575,201722
212056,201746
212087,201779
212104,201798
212115,201808
212127,201812
212136,201820
212143,201831
212158,201849
212162,201854
212170,201865
212189,201877
212191,201883
212209,201896
212213,201906
212232,201923
212245,201934
212284,201975
212798,201981
212307,201999
213095,202009
1023064,202013
212348,202032
213510,202045
212376,202066
212382,202078
212395,202084
212416,202107
656507,202130
212459,202148
212485,202176
212492,202182
212503,202195
212519,202202
212526,202218
212535,202225
212542,202239
212557,202241
212561,202256
212574,202260
212588,202273
212590,202287
665157,202294
212617,202304
212629,202315
212655,202343
212664,202358
212672,202362
213179,202389
212705,202391
212714,202406
212722,202410
213179,202423
212746,202434
212751,202447
212779,202468
212780,202475
861524,202481
212812,202508
212831,202520
212849,202531
210120,202549
212865,202554
212877,202565
212883,202577
212906,202596
212910,202605
212923,202614
212934,202622
212947,202633
212952,202646
212968,202651
212975,202667
212981,202679
212999,202680
213007,202698
213011,202701
213024,202717
213048,202738
213053,202740
213069,202755
213076,202764
213082,202772
887962,202786
213105,202793
213114,202803
213122,202819
796830,202826
213133,202835
213146,202842
212250,202861
301207,202874
213263,202928
213259,202944
213285,202971
211499,202985
213302,202992
213318,203004
213339,203027
213356,203043
213360,203058
213497,203140
213450,203155
213466,203193
213506,203206
212311,203210
213523,203223
213534,203234
213547,203247
213552,203252
1049859,1049863
213581,203281
213599,203299
213608,203309
213612,203313
213620,203321
213631,203332
213654,203350
213665,203366
213683,203384
213704,203402
213715,203418
213727,203425
213770,203473
213789,203487
213791,203494
216879,203500
213817,203516
213829,203528
213838,203537
213840,203544
213855,203559
213864,203563
213872,203571
213886,203585
213893,203592
213903,203603
213919,203619
213926,203626
213935,203635
213961,203661
213974,203674
213988,203688
213990,203690
214001,203707
214017,203711
214029,203724
214038,203730
214040,203748
214055,203753
214064,203769
214072,203776
214086,203782
214093,203795
216996,203805
214119,203814
214135,203833
214157,203846
214157,203851
214161,203867
861759,203879
214188,203880
213762,203898
214208,203908
214283,203965
214296,203996
214334,204033
214347,204046
214352,204051
214375,204079
214381,204080
214399,204098
214404,204108
214415,204112
214458,204154
214462,204165
214470,204177
214489,204183
214491,204196
214525,204226
214539,204235
214556,204257
214560,204261
214573,204274
214587,204288
214594,204290
214600,204300
214616,204316
214628,204328
214637,204337
214663,204363
214671,204371
214685,204385
214709,204407
214713,204411
214721,204424
214732,204430
214745,204448
214750,204453
214766,204469
214778,204476
214784,204482
690537,204495
214807,204513
214811,204521
214824,204532
214830,204545
214848,204550
214853,204566
214869,204578
214876,204584
214882,204597
214895,204606
214905,204610
214914,204623
214922,204634
214933,204647
214946,204652
214951,204668
214967,204675
214979,204681
214980,204699
214998,204702
215000,204718
215016,204725
215028,204739
215037,204741
215044,204756
215059,204760
215063,204773
215071,204787
215085,204794
215092,204804
215102,204815
215118,204827
215139,204843
215141,204862
215141,204870
215141,204889
215160,204901
215173,204917
215187,204929
215194,204938
215207,204940
215211,204955
215224,204964
215230,204972
215248,204986
215253,204993
215269,205006
215276,205010
215282,205023
215295,205034
215305,205047
215314,205052
215322,205068
215333,205075
215346,205081
215351,205099
215367,205109
215379,205113
215380,205121
215398,205132
215403,205145
215419,205150
215426,205166
215435,205178
215442,205184
215457,205197
215461,205204
215474,205215
215488,205227
215517,205258
215529,205262
215538,205270
215540,205289
215555,205291
215564,205301
215572,205317
215586,205329
215593,205338
215604,205340
215615,205355
215627,205364
215636,205372
215658,205393
215662,205408
215670,205412
999868,205420
215712,205454
215731,205477
215754,205496
215765,205505
215777,205514
215783,205522
215796,205533
215806,205546
215810,205551
215823,205567
215834,205579
215847,205580
215852,205598
215868,205607
215913,205653
215966,205703
215978,205719
215984,205726
215997,205735
211928,205761
216062,205800
216070,205816
216089,205828
216091,205837
216101,205844
216117,205859
216129,205863
216138,205871
216140,205885
216164,205902
216172,205918
216186,205925
216193,205939
216206,205941
216210,205956
216223,205960
216234,205973
216247,205987
216252,205994
216275,206011
216281,206024
216299,206030
216309,206048
216313,206053
216321,206069
216332,206076
216350,206095
216384,206122
216397,206133
216402,206146
216418,206151
216425,206167
216439,206179
216441,206180
216456,206198
216460,206200
216473,206216
216487,206228
216494,206237
216516,206259
216528,206263
216537,206271
216559,206292
216563,206302
216571,206318
216585,206325
216603,206341
216626,206360
216635,206373
216642,206387
216657,206394
216661,206409
216674,206413
216688,206421
216690,206432
216707,206445
216711,206450
216724,206466
216730,206478
216748,206484
216769,206506
216776,206510
216908,206523
216795,206534
216822,206568
216782,206581
216851,206599
216846,206612
216880,206620
216898,206631
216912,206654
972638,206665
216931,206677
216965,206704
216977,206715
217008,206743
217012,206758
217020,206762
217049,206789
217054,206791
217065,206801
217077,206817
217096,206838
217106,206840
217110,206855
217123,206864
217134,206872
217168,206903
217175,206919
217181,206926
217199,206935
217217,206957
217229,206961
217238,206974
217255,206990
217264,207003
217272,207019
217286,207026
217293,207035
217303,207042
217319,207057
217326,207061
217342,207074
217361,207100
217374,207116
217388,207128
217390,207137
217405,207144
217433,207171
217446,207185
217467,207205
217480,207214
217498,207233
217507,207246
217524,207267
217530,207279
217548,207280
217613,207298
217569,207308
217576,207312
217595,207331
217609,207349
217621,207365
217632,207377
217645,207383
217650,207396
217666,207401
217678,207417
217684,207429
217728,207464
217737,207472
217771,207515
217785,207527
217792,207536
217802,207543
217818,207558
217825,207562
217887,207602
217904,207625
217894,207639
217915,207656
217936,207660
217927,207687
217943,207694
217970,207710
217991,207734
218026,207768
218035,207775
218042,207781
218057,207799
218061,207809
945290,207821
218137,207878
218144,207884
218159,207897
218163,207907
218171,207911
218214,207953
218222,207969
218233,207976
218246,207982
218251,207995
218267,208008
218279,208012
218280,208020
218308,208049
218312,208054
218331,208077
218349,208083
218354,208096
218377,208110
218383,208123
218396,208134
218401,208147
218417,208152
218429,208168
218438,208175
218440,208181
218455,208199
218464,208201
218472,208217
218493,208238
218504,208240
218515,208255
218527,208264
218536,208272
218543,208286
218558,208293
218570,208319
218589,208326
218591,208335
218602,208342
218618,208357
218625,208361
218639,208374
218641,208388
218656,208390
218660,208405
218673,208414
862381,208422
218706,208446
218710,208451
218734,208479
218747,208480
218752,208498
218768,208507
218775,208511
218781,208524
218799,208530
218813,208553
218821,208569
218832,208576
218845,208582
218850,208595
218866,208609
218884,208621
218897,208632
218907,208645
218911,208650
218924,208666
218930,208678
218948,208684
218982,208728
218995,208737
219068,208802
219075,208818
219081,208825
219099,208839
219109,208841
219113,208860
219113,208873
219121,208887
219132,208894
219145,208904
219150,208915
219184,208943
219197,208958
219204,208962
219215,208970
219227,208989
661033,208991
219243,209000
219258,209016
219262,209028
219270,209037
219289,209044
219291,209059
219301,209063
219317,209071
219338,209092
219340,209102
219355,209118
219364,209125
219372,209139
219386,209141
219393,209156
219408,209160
219412,209173
219420,209187
219431,209194
219454,209211
219465,209224
219477,209230
219496,209253
219505,209269
219514,209276
219522,209282
219533,209295
219546,209305
219551,209314
219567,209322
219579,209333
219580,209346
219598,209351
219607,209367
219624,209380
219653,209419
219669,209426
219676,209435
219682,209442
219703,209461
219719,209474
219726,209488
219742,209501
219757,209517
219774,209538
219788,209540
212324,209555
219800,209564
219816,209572
219828,209586
219837,209593
219844,209604
219863,209627
219871,209636
219885,209643
219892,209658
219902,209662
219918,209670
219925,209689
219941,209708
219956,209712
219973,209720
219960,209731
219987,209749
219994,209754
220000,209765
220016,209777
220028,209783
220037,209796
220044,209806
220059,209810
220063,209823
220071,209834
220092,209852
220102,209868
220118,209875
220125,209881
653194,209899
220141,209909
220156,209913
220160,209921
220187,209945
220194,209950
220211,209978
220224,209984
220230,209997
220248,210005
220253,210014
220269,210022
862368,210033
226023,226047
226289,226301
226338,226340
226408,226412
226477,226483
226546,226551
226611,226624
226682,226695
226757,226761
226790,226800
226844,226859
226892,226902
226939,226941
227002,227018
227056,227060
227094,227104
227136,227143
227189,227191
227250,227266
227348,227353
227395,227400
227437,227444
227503,227519
227574,227588
227638,227640
227672,227686
227746,227751
227831,227849
227883,227896
227952,227968
228024,228030
228076,228082
228259,228263
228339,228341
228409,228413
228445,228450
228547,228552
228696,228704
228838,228840
228886,228893
228935,228942
229027,229036
229117,229129
229155,229164
229193,229206
229234,229247
229332,229345
229425,229439
229473,229487
229516,229528
229688,229690
229776,229782
229822,229833
229912,229920
230287,230294
230370,230389
230468,230475
230531,230549
230605,230614
230679,230680
230755,230764
230819,230826
230900,230916
230959,230963
231110,231123
231152,231168
231240,231255
231286,231293
231335,231342
231405,231414
231479,231480
231569,231576
231650,231666
231697,231700
231737,231744
231802,231818
231927,231936
231962,231970
232038,232040
232072,232086
232142,232157
232249,232254
232375,232381
232525,232539
232745,232750
233099,233109
233145,233150
233197,233204
233262,233270
233393,233408
233449,233454
233567,233579
233624,233630
233800,233816
233885,233892
234016,234028
234085,234092
234224,234230
234419,234426
234501,234517
234540,234555
234615,234627
234783,234796
234852,234868
234997,235004
235089,235091
235268,235275
235309,235313
235439,235441
235516,235528
235782,235795
235833,235846
235908,235912
235954,235965
236003,236019
236116,236128
236163,236171
236455,236464
236602,236618
236673,236687
236752,236768
236845,236850
236995,237007
237069,237076
237114,237122
237167,237179
237216,237228
237356,237360
237394,237409
237432,237445
237568,237575
237654,237665
237988,237990
238041,238056
238115,238127
238162,238170
238278,238284
238400,238416
238485,238492
238574,238588
238664,238672
238746,238751
238910,238923
238968,238975
239067,239079
239363,239371
239407,239411
239448,239453
239550,239566
239623,239634
239702,239718
239760,239773
240237,240244
240450,240466
240903,240919
242223,242234
242397,242402
242441,242456
242537,242544
242603,242619
243605,243614
243985,243992
244205,244214
244660,244673
244723,244734
244768,244775
244884,244897
244995,245002
245143,245158
245189,245191
245278,245284
245348,245353
245395,245400
245437,245444
245503,245519
245617,245629
245808,245812
245877,245883
246055,246064
246126,246135
246161,246174
246208,246212
246296,246306
246347,246352
246491,246502
246541,246556
246628,246637
246692,246709
246745,246750
246797,246807
246882,246895
246998,247005
247067,247079
247112,247120
247288,247290
247337,247344
247371,247385
247430,247448
247513,247521
247668,247675
247804,247815
247938,247940
247986,247993
248102,248118
248141,248156
248194,248207
248230,248248
248305,248314
248367,248379
248474,248488
248593,248604
248643,248658
248852,248868
248909,248913
248997,249008
249083,249096
249175,249181
249255,249264
249293,249303
249335,249342
249374,249388
249467,249479
249576,249582
249621,249632
249678,249684
249716,249728
249802,249818
249873,249887
250106,250110
250147,250152
250181,250199
250240,250255
250303,250319
250414,250422
250498,250507
250569,250576
250609,250613
250678,250684
250737,250744
250792,250802
251030,251048
251114,251122
251180,251198
251237,251244
251292,251302
251466,251478
251552,251568
251974,251988
252118,252125
252253,252269
252367,252379
252572,252586
252754,252765
252806,252810
252909,252913
253203,253219
253300,253316
253584,253597
253647,253652
253955,253964
254223,254234
254275,254281
254321,254332
254418,254425
254822,254833
255019,255026
255057,255061
255090,255100
255163,255171
255308,255312
255377,255383
255438,255440
255543,255558
255618,255625
255660,255673
255734,255747
255845,255850
255897,255907
255982,255995
256039,256041
256073,256087
256115,256127
256209,256213
256278,256284
256376,256382
256526,256535
256588,256590
256655,256664
256705,256714
256798,256808
256849,256854
256896,256906
256934,256947
256981,256999
257023,257034
257121,257132
257197,257204
257372,257386
257412,257420
257514,257522
257800,257816
257885,257892
257956,257960
258064,258072
258190,258208
258283,258296
258458,258462
258541,258556
258713,258721
258750,258766
258830,258848
258951,258967
259009,259013
259239,259241
259287,259294
259391,259406
259447,259452
259701,259717
259740,259755
259835,259842
259963,259971
260015,260027
260091,260101
260138,260140
260210,260223
260384,260397
260585,260592
260626,260635
260661,260674
260730,260748
260782,260795
260833,260846
260965,260977
261156,261160
261282,261295
261419,261426
261501,261517
261540,261555
261604,261615
261810,261823
262007,262011
262069,262076
262114,262122
262200,262216
262373,262387
262620,262631
262696,262704
262791,262801
262961,262974
263039,263041
263127,263136
263170,263189
263278,263284
263382,263395
263437,263444
263471,263485
263519,263526
263655,263664
263722,263733
263854,263865
263906,263910
263952,263968
264008,264012
264077,264083
264110,264123
264229,264238
264422,264433
264524,264530
264645,264650
264991,265009
265066,265078
265195,265202
265239,265241
265410,265423
265512,265520
265565,265577
265605,265614
265667,265679
265842,265857
265888,265890
265944,265959
266005,266014
266219,266226
266363,266371
266495,266509
266787,266794
266938,266940
267174,267188
267212,267220
267277,267283
267594,267600
267853,267869
267933,267946
268006,268010
268145,268150
268215,268227
268340,268355
268408,268412
268496,268505
268546,268551
268580,268598
268630,268648
268719,268726
268871,268885
268918,268925
268956,268960
269003,269019
269061,269074
269159,269163
269246,269251
269280,269298
269377,269383
269486,269493
269591,269602
269656,269660
269723,269734
269775,269781
269845,269850
269884,269897
270266,270278
270324,270330
270471,270485
270574,270588
270722,270733
270906,270910
271061,271074
271144,271159
271233,271246
271320,271331
271377,271383
271472,271486
271562,271570
272257,272261
272300,272316
272359,272363
272532,272545
272668,272675
272756,272760
272804,272815
273059,273063
273139,273141
273224,273230
273276,273282
273346,273351
273398,273403
273490,273501
273564,273572
273810,273823
274047,274052
274099,274109
274166,274178
274236,274243
274289,274291
274533,274546
274788,274790
274859,274863
275285,275292
275394,275409
275575,275581
275612,275620
276031,276049
276077,276083
276168,276175
276582,276595
276650,276666
276771,276785
276915,276927
276958,276962
277138,277140
277537,277544
277661,277674
277782,277795
277879,277880
277912,277920
278013,278021
278169,278176
278256,278260
278916,278928
278985,278992
279038,279040
279072,279086
279174,279188
279212,279220
279283,279296
279458,279462
279491,279502
279560,279573
279600,279616
279692,279709
279745,279750
279811,279824
279979,279980
280019,280026
280493,280504
280558,280562
280591,280602
280639,280641
280673,280687
280799,280809
280832,280845
280878,280884
280911,280924
281155,281164
281378,281384
281439,281441
281657,281661
281724,281730
281851,281867
281965,281977
282075,282081
282393,282408
282465,282477
282505,282514
282726,282735
282837,282844
283600,283616
283914,283922
284770,284789
285083,285096
285123,285134
285238,285240
285446,285451
285728,285737
285802,285818
285856,285860
286013,286021
286111,286124
286531,286549
286992,287000
287346,287351
287398,287403
287564,287572
287615,287627
287720,287731
287777,287783
287847,287852
287899,287909
289574,289588
290567,290579
290761,290774
290828,290837
291022,291033
291131,291149
291219,291226
291257,291261
291290,291300
291359,291363
291430,291448
291521,291532
291584,291597
291699,291702
292042,292057
292100,292116
292163,292171
292205,292214
292280,292298
292472,292486
292570,292589
292687,292694
292747,292752
292799,292809
293008,293012
293083,293096
293168,293175
293238,293240
293569,293576
293650,293666
293759,293763
293802,293818
293856,293860
293894,293904
293936,293943
294002,294018
294094,294104
294162,294170
294232,294245
294284,294297
294428,294437
294471,294485
294519,294526
294601,294617
295055,295064
295119,295126
295212,295220
295306,295310
295352,295368
295491,295502
295573,295587
295616,295628
295750,295766
295848,295853
295998,296000
296044,296059
296092,296102
296187,296194
296346,296351
297343,297358
297391,297406
297583,297596
297633,297646
297755,297764
297793,297803
297842,297857
297900,297916
297971,297985
298043,298058
298091,298101
298164,298172
298234,298247
298619,298626
298707,298711
298805,298814
298931,298949
298983,298996
299339,299341
299387,299394
299450,299466
299534,299547
299817,299829
300730,300748
300833,300846
301092,301102
301207,301211
301538,301540
301636,301643
301720,301731
301796,301806
301847,301852
302259,302263
302409,302413
302552,302568
302599,302608
302649,302654
302696,302704
302770,302789
302855,302864
303094,303104
303189,303191
303324,303330
303369,303376
303590,303601
303640,303655
303693,303705
303812,303820
303877,303883
304008,304012
304065,304077
304123,304134
304201,304217
304507,304511
304697,304700
305050,305066
305202,305218
305273,305287
305327,305336
305362,305370
305447,305452
306606,306610
306699,306702
306827,306836
306862,306870
306901,306917
307017,307029
307882,307895
308047,308052
308372,308386
309074,309088
309116,309128
309163,309171
309472,309486
309930,309948
310451,310467
310989,310991
312044,312059
312488,312490
312691,312708
312765,312777
312806,312810
312909,312913
312966,312978
313022,313033
313080,313098
313242,313257
313316,313328
313469,313476
313699,313702
313787,313794
314487,314494
314642,314657
314724,314730
314805,314814
314898,314908
314949,314954
314996,315003
315057,315061
315205,315214
315438,315440
315515,315527
315562,315570
315625,315639
315694,315706
316369,316376
316542,316557
316638,316640
317243,317258
317317,317329
317386,317393
317682,317695
317726,317735
317761,317774
317828,317837
318713,318721
318876,318882
319182,319195
319260,319273
319389,319391
319434,319447
319475,319481
319520,319531
319565,319577
319701,319717
319959,319963
320088,320090
320163,320171
320205,320214
320417,320429
320504,320515
320639,320641
320710,320723
320832,320845
321089,321091
321155,321164
321247,321252
321425,321439
321494,321500
321563,321571
321635,321642
321977,321983
322047,322052
322099,322109
322166,322178
322227,322236
322431,322449
322483,322496
322761,322774
322994,323001
323265,323277
323375,323381
323443,323458
323518,323525
323587,323594
323895,323905
323980,323998
324076,324082
324394,324409
324665,324677
324704,324715
324957,324961
325020,325031
325096,325106
325342,325357
325390,325405
325446,325451
325684,325697
325904,325915
326218,326225
326343,326358
326738,326740
326803,326819
326971,326985
327063,327071
327118,327125
327351,327367
327461,327474
327517,327529
327564,327572
327658,327662
327899,327909
327932,327945
328566,328578
329463,329471
329820,329831
329883,329896
330292,330302
330387,330394
330715,330727
330789,330791
331150,331166
331204,331215
331291,331301
331364,331372
331449,331454
331505,331514
331551,331567
331598,331607
331800,331816
331925,331939
332996,333009
333343,333358
333447,333452
333651,333667
333764,333772
333826,333835
333888,333890
333928,333937
334128,334137
334233,334246
334440,334455
334845,334850
335158,335162
335382,335395
336161,336174
336375,336381
336644,336659
336750,336766
337235,337242
337359,337363
337407,337411
337495,337509
337532,337545
337597,337606
337634,337647
337675,337681
337901,337917
338295,338305
338403,338419
338442,338457
338490,338501
338555,338564
338643,338658
339293,339303
339342,339357
339390,339405
339507,339511
339632,339645
339737,339744
339792,339802
339841,339856
341078,341084
341111,341124
341202,341218
341336,341343
341740,341755
341874,341888
342162,342170
342526,342535
342638,342640
343200,343216
343421,343432
343510,343523
343599,343608
343855,343864
344126,344135
344352,344368
344951,344967
345037,345044
345367,345379
345538,345540
345731,345749
346724,346730
347110,347123
347201,347217
347293,347303
347388,347390
347936,347943
348042,348057
348192,348205
348377,348383
348438,348440
348562,348570
348687,348694
349197,349204
349262,349270
349338,349340
349386,349393
349454,349465
349522,349533
349580,349598
349630,349648
349800,349816
349960,349973
350034,350047
350075,350081
350364,350372
350454,350465
350579,350580
350800,350816
350941,350956
351226,351235
351290,351300
351363,351371
351411,351424
351578,351584
351901,351917
351964,351972
352026,352035
352100,352116
352192,352205
352279,352280
352365,352377
352429,352438
352504,352515
352656,352660
352832,352845
353008,353012
353106,353110
353175,353181
353229,353238
353272,353286
353609,353613
353645,353650
354056,354060
354104,354115
354170,354189
354266,354278
354561,354574
355064,355072
355375,355381
355539,355541
355895,355905
356118,356125
356540,356555
356586,356593
356691,356708
356765,356777
356810,356823
356881,356899
356978,356984
357107,357111
357273,357287
357985,357992
358036,358043
358070,358089
358164,358172
358210,358223
358418,358425
358460,358473
358711,358724
358782,358795
358822,358833
358879,358880
358912,358920
358965,358977
359007,359011
359146,359151
359200,359216
359244,359259
359292,359302
359341,359356
359409,359413
359497,359506
359581,359599
359631,359649
359683,359696
360278,360284
360324,360330
360640,360655
360733,360746
360808,360812
360981,360999
361205,361214
361267,361279
361320,361331
361464,361472
361515,361527
361558,361562
361673,361687
361723,361734
361911,361924
361969,361976
362545,362550
364034,364047
364364,364372
364431,364449
364483,364496
364551,364567
364607,364611
364695,364703
364788,364790
364960,364973
365076,365082
365466,365478
365506,365510
365942,365957
366286,366293
366326,366335
366405,366414
366507,366511
366678,366684
367015,367027
367500,367516
368078,368084
368358,368362
368447,368452
369017,369029
369415,369427
369778,369784
369876,369882
369980,369998
370028,370037
370224,370230
370501,370517
370643,370658
371064,371072
371126,371135
371220,371231
371347,371352
371399,371404
372272,372286
372763,372771
372927,372936
373116,373128
373222,373233
373723,373734
373953,373969
374066,374078
374256,374260
375108,375112
375300,375316
375668,375675
376006,376010
376420,376431
376483,376496
376579,376580
377025,377039
377060,377073
377629,377638
377705,377714
377923,377934
378069,378076
378271,378285
378341,378356
378599,378608
378704,378715
378840,378855
378942,378957
379140,379155
379626,379635
379753,379769
380174,380188
380249,380254
380352,380368
380594,380600
381459,381463
382447,382452
382900,382916
383223,383234
383537,383544
383782,383795
383822,383833
384005,384014
384108,384112
384149,384154
384203,384219
384606,384610
384699,384702
384843,384858
385132,385145
385372,385386
385514,385522
385624,385630
385703,385719
386228,386237
386552,386568
387308,387312
387464,387472
387734,387747
387924,387930
387995,388008
388065,388077
388168,388175
388414,388422
388451,388467
388609,388613
388716,388728
388763,388771
388936,388943
389670,389689
389945,389950
390009,390013
390423,390434
390468,390475
390577,390583
390740,390755
391168,391175
391335,391342
391666,391678
391700,391716
391936,391943
393939,393941
393973,393987
394517,394529
394564,394572
394627,394636
394765,394777
395117,395129
395164,395172
395210,395223
395851,395867
395920,395931
395977,395983
396019,396026
396813,396821
396930,396948
396982,396995
397114,397122
397292,397302
397631,397649
397715,397727
397758,397762
398039,398041
398104,398115
398158,398162
398266,398278
398376,398382
398947,398952
398999,399005
399482,399495
399739,399741
399804,399815
400088,400090
400185,400192
400570,400589
400734,400747
400866,400878
400907,400911
401043,401058
401089,401091
401138,401140
401516,401528
401592,401603
401814,401822
401867,401879
401920,401931
403283,403296
405759,405763
406169,406176
406596,406605
406861,406874
406916,406928
406985,406992
407224,407230
407435,407442
407529,407538
407604,407615
407868,407875
407913,407921
408371,408385
409191,409209
409655,409664
409693,409705
409751,409767
409831,409849
409968,409975
410011,410024
410069,410076
410114,410122
410167,410179
410237,410244
410484,410497
412268,412275
412313,412321
412350,412366
412441,412456
412688,412690
413153,413169
413195,413202
413256,413260
413294,413304
413336,413343
413475,413481
413667,413679
413826,413835
414144,414159
414558,414562
414953,414969
415278,415284
415311,415324
415353,415369
415751,415767
416038,416040
417424,417430
417513,417521
417584,417597
417739,417741
417787,417794
418282,418295
418689,418691
418823,418834
418868,418875
419199,419201
419958,419962
420526,420535
420655,420664
421734,421747
422022,422033
422080,422098
422131,422149
422344,422359
422610,422623
423000,423016
423044,423059
423139,423141
423689,423691
423909,423913
423945,423950
424075,424081
424262,424270
424431,424449
424483,424496
424611,424624
424757,424761
424844,424859
424892,424902
424941,424956
424994,425007
425030,425048
425318,425325
425409,425413
425450,425466
425506,425510
425677,425683
425727,425736
425840,425855
425935,425942
425990,426008
426106,426110
426357,426361
426422,426433
426498,426507
426569,426576
426666,426678
426894,426904
426989,426991
427036,427043
427089,427091
427155,427164
427384,427397
427460,427473
427528,427537
427563,427571
427626,427635
427661,427674
427707,427711
427748,427753
427977,427983
428021,428032
428107,428111
428182,428195
428304,428315
428406,428410
428520,428531
428565,428577
429277,429283
429518,429525
429573,429587
429637,429644
429692,429709
429732,429745
429778,429784
429946,429951
430204,430215
430262,430270
430301,430317
430355,430364
430454,430465
430630,430648
430676,430682
430726,430735
430837,430844
430885,430892
430973,430987
431022,431033
431328,431337
431787,431794
432163,432171
432589,432591
432775,432781
432850,432866
433229,433238
433264,433272
433361,433374
434952,434968
435174,435188
435212,435220
435254,435265
435443,435458
435489,435491
435811,435824
435946,435951
436092,436102
436691,436708
436731,436749
436810,436823
436852,436868
437045,437050
437358,437362
438015,438027
438058,438062
438418,438425
438724,438730
438912,438920
440078,440084
440294,440304
440389,440391
440423,440434
440475,440481
440512,440520
440614,440622
440738,440740
441335,441342
442135,442142
442208,442212
442277,442283
442323,442334
442375,442381
442443,442458
442560,442573
442882,442895
443023,443034
443150,443166
443227,443236
443393,443408
443449,443454
443522,443533
443885,443892
443987,443994
444351,444367
444426,444435
445544,445559
445920,445931
446298,446308
446349,446354
446486,446493
446710,446723
446884,446897
446982,446995
447069,447076
447114,447122
448266,448278
448311,448324
448693,448705
448820,448831
448883,448896
448981,448999
449046,449051
449080,449098
449149,449154
449584,449597
449843,449858
449993,450005
450149,450154
451241,451256
451304,451315
451667,451679
451857,451861
451944,451959
452162,452170
452266,452278
452588,452590
453114,453122
453167,453179
453568,453575
453612,453620
453683,453696
454310,454323
454368,454375
454914,454922
454967,454979
455000,455016
455071,455085
455691,455708
456619,456626
456795,456805
456880,456898
456996,457008
457031,457049
457134,457147
458137,458144
458331,458349
458515,458527
458850,458866
459121,459132
460489,460491
460539,460541
460587,460594
460637,460644
460671,460685
460721,460732
461213,461221
461463,461471
461519,461526
461590,461601
461638,461640
461722,461733
461968,461975
462084,462097
462327,462336
462389,462391
462803,462819
463027,463036
463117,463129
463164,463172
463210,463223
463487,463494
463559,463563
463626,463635
463846,463851
464022,464033
464067,464079
464584,464597
464836,464843
464986,464993
465145,465150
465215,465227
465262,465270
465761,465774
465800,465816
465844,465859
466048,466053
466228,466237
466466,466478
467074,467088
467144,467159
467192,467205
467246,467251
467401,467417
467878,467884
468031,468049
468650,468666
469224,469230
469305,469314
469662,469670
469777,469783
469945,469950
470036,470043
470321,470332
470397,470402
470908,470912
470949,470954
471276,471282
471720,471731
471997,472007
472048,472053
472715,472727
472762,472770
472817,472829
472864,472872
472974,472988
473073,473087
473189,473191
473311,473324
475336,475343
475583,475596
475888,475890
476226,476235
476328,476337
476424,476430
476827,476836
476862,476870
477628,477637
478465,478477
478514,478522
478551,478567
478630,478648
478925,478939
479493,479504
479734,479747
480207,480211
480314,480322
480367,480379
480419,480426
480461,480474
481072,481086
481119,481126
481745,481750
481807,481811
482106,482110
482152,482168
482374,482388
482433,482446
482613,482621
482737,482744
482856,482860
483057,483061
483832,483845
483878,483884
484389,484391
484651,484667
484701,484717
484786,484793
484835,484842
484888,484890
485080,485098
485363,485371
485363,485407
485476,485482
872641,485634
872641,485773
872641,485972
487136,487143
487170,487189
487170,487213
487245,487250
487395,487400
487395,487459
487395,487471
487590,487601
487664,487672
487664,487705
487808,487812
487808,487849
487808,487865
487808,487883
487808,487906
487808,487934
487808,488082
487808,488179
488292,488302
488292,488339
488292,488360
488409,488413
488445,488450
488445,488484
488510,488523
488445,488552
488445,488581
488292,488715
488919,488926
488919,488974
489015,489027
488919,489138
488919,489155
489206,489210
488919,489268
489015,489313
488919,489571
488919,489846
488919,489965
488919,490123
488919,490264
488919,490303
490357,490361
489206,490451
489015,490548
489015,490582
490678,490684
490785,490792
490873,490887
490873,490915
490970,490989
491048,491053
491048,491082
491122,491133
491122,491167
491180,491198
491302,491318
491432,491445
491180,491497
491581,491599
491649,491654
491715,491727
491758,491762
491801,491817
491942,491957
492016,492028
492063,492071
492016,492102
492160,492173
492230,492248
935498,492322
492403,492419
492488,492490
492403,492572
492403,492627
492403,492658
492403,492921
492403,493046
492403,493149
493300,493316
493359,493363
493407,493411
493359,493521
493407,493597
493407,493623
493407,493668
493739,493741
493794,493804
493836,493843
493836,493870
493794,493891
493955,493964
494015,494027
494015,494058
494015,494070
494186,494193
494186,494223
494186,494247
494275,494281
494313,494321
494275,494350
494275,494384
494313,494473
494313,494528
494275,494559
494661,494674
494313,494724
494822,494833
494313,494949
494313,495057
495137,495144
494275,495171
495308,495312
495377,495383
495429,495438
495429,495464
495429,495536
495429,495562
495429,495589
495953,495775
495845,495813
495429,495907
495953,495969
496060,496073
496143,496158
495953,496189
495953,496400
495429,496519
497121,497132
495953,497372
497607,497611
497607,497648
497607,497669
497607,497719
497607,497742
498064,498072
497607,498188
497607,498277
497607,498296
497607,498518
498064,498616
498853,498869
498853,498895
498951,498967
498951,499032
498853,499066
499202,499218
499202,499241
499202,499260
499304,499315
499370,499389
499370,499410
499481,499499
499481,499520
499370,499565
499370,499596
499370,499622
499370,499651
499729,499738
499729,499764
499729,499786
499826,499835
499874,499888
499944,499959
500016,500028
500059,500063
500016,500156
500211,500224
500442,500457
500016,500501
500555,500564
500604,500615
500555,500643
500555,500708
500765,500777
500765,500806
500847,500852
500921,500932
500978,500984
501029,501038
500978,501126
501188,501190
500978,501220
501323,501334
501375,501381
501323,501415
501502,501518
501573,501587
501644,501659
501732,501745
501732,501778
501732,501797
501732,501848
501732,501869
501732,501895
501732,501922
657036,502083
502123,502134
502123,502168
502199,502201
502240,502255
502326,502335
502326,502361
502446,502451
502621,502632
727953,502700
727953,503088
503222,503233
503312,503320
503515,503527
503602,503618
503641,503656
503641,503687
503641,503821
503641,503884
503641,504021
504084,504097
503641,504182
504287,504294
504287,504327
504406,504410
504406,504447
504481,504499
504577,504583
504481,504633
504481,504667
504481,504698
504857,504729
504857,504755
504857,504861
504890,504900
504963,504971
505080,505098
505165,505177
505219,505226
505261,505274
505316,505328
505532,505545
505597,505606
505787,505794
505858,505862
505901,505917
708959,505986
506052,506068
506099,506109
506150,506166
506204,506215
506329,506338
506204,506386
506204,506412
506465,506477
506465,506505
506580,506598
506630,506648
506682,506695
506742,506757
506790,506800
506790,506837
506790,506859
507395,506892
506939,506941
506790,507104
506939,507136
506790,507266
506939,507307
506939,507353
507395,507400
507733,507746
506939,507906
506790,508151
506790,508179
506790,508198
506790,508228
507733,508318
506939,508534
506939,508552
507733,508599
507733,508631
508677,508683
506939,508743
506939,508872
506939,508893
506939,509193
509313,509321
509711,509724
509776,509782
509851,509867
510013,510021
510107,510111
510182,510195
510239,510241
510294,510304
510362,510370
510410,510423
510468,510475
880177,510549
880177,510577
880177,510605
880177,510890
880177,510992
880177,511240
880177,511405
880177,511433
511511,511524
511632,511645
511632,511678
511632,511697
511632,511763
756706,511856
756706,511887
756706,511962
512103,512119
512103,512188
512347,512352
512462,512470
512518,512525
512347,512556
512347,512587
512628,512637
512628,512663
512518,512692
512518,512721
512628,512797
512347,512869
512462,512979
513052,513068
512462,513178
512462,513204
513227,513236
512347,513329
513449,513454
513449,513546
513483,513719
513483,513761
514092,514102
514173,514187
514224,514230
514224,514269
514282,514295
1157413,514367
905914,514398
514457,514461
514457,514490
706576,514555
706576,514586
706576,514604
706576,514627
514658,514662
514658,514765
706576,514810
514852,514868
514909,514913
514978,514984
515027,515036
515091,515101
515091,515138
515234,515247
515299,515309
515345,515350
515418,515425
515473,515487
515544,515559
515619,515626
515688,515690
515688,515724
515688,515753
515782,515795
515782,515822
515898,515908
515965,515977
515965,516003
515965,516035
516057,516061
516057,516090
516057,516214
516057,516279
516365,516377
516438,516440
516438,516472
516438,516493
516515,516527
516515,516558
516515,516570
516591,516602
516641,516656
516641,516687
516641,516706
516734,516747
516734,516866
516734,516897
516930,516948
516976,516982
517048,517053
517133,517146
517228,517237
517271,517285
517271,517318
517387,517394
517387,517421
517271,517445
517484,517497
517484,517523
517484,517552
517631,517649
517631,517919
517631,517942
517631,517974
517631,517990
518087,518094
518162,518170
518213,518221
518213,518250
518307,518311
518307,518348
518307,518376
790649,518428
643161,518463
704682,518557
643161,518629
643103,518672
518798,518808
518798,518854
518798,518877
518896,518906
518947,518952
518947,518981
518947,519005
518947,519022
519046,519051
518798,519165
519196,519203
519300,519316
519371,519385
519448,519453
519513,519521
542222,519668
519725,519739
519794,519804
519929,519938
519993,520004
520062,520070
520117,520129
520164,520172
520206,520210
520252,520268
520321,520332
520397,520402
520441,520456
520619,520626
520711,520724
520879,520880
520996,521000
962028,521071
963120,521276
521125,521305
521125,521322
521194,521346
521194,521367
1147454,521457
1147477,521488
521442,521501
521555,521564
521627,521636
521754,521765
521875,521881
521966,521978
522030,522048
522030,522076
522146,522151
522216,522228
522263,522271
912226,522339
522373,522387
522421,522432
522478,522484
522547,522552
522547,522581
522620,522631
522683,522696
522791,522801
522840,522855
522919,522926
522988,522990
523060,523073
523136,523143
523189,523191
523245,523250
523307,523311
523395,523400
523463,523471
523535,523542
523588,523590
523849,523854
523934,523947
523981,523999
524031,524049
524147,524152
524199,524201
524238,524240
524293,524303
524335,524342
524390,524405
524433,524446
524507,524511
524553,524569
524716,524728
524785,524792
524839,524841
524927,524936
524970,524989
525045,525050
525097,525107
1006610,525130
763185,525218
525241,525256
525315,525327
525389,525391
525520,525531
525614,525622
525803,525819
525874,525888
525874,525916
525874,525937
526033,526046
526079,526080
1005336,526112
526316,526328
521966,526371
526407,526411
526476,526482
526476,526513
526532,526545
991437,526578
526623,526634
526675,526681
526741,526756
526870,526889
526929,526938
526972,526986
522683,527017
666141,527368
524927,527491
527587,527594
527685,527692
527811,527824
527811,527853
527811,527876
527905,527914
690977,528006
690977,528034
528081,528099
528132,528145
528243,528258
528243,528289
528301,528317
528301,528340
528364,528372
528408,528412
528408,528449
528465,528477
528465,528505
528533,528546
962028,528579
528533,528607
528648,528653
528682,528695
528800,528816
528902,528918
521754,528941
521754,528973
529003,529019
529003,529042
529100,529116
529100,529144
528902,529308
525803,529349
529527,529536
529618,529625
529660,529673
529723,529734
520782,529924
520782,529953
529982,529995
530049,530054
530049,530106
530152,530168
912226,530199
530255,530264
530255,530293
530357,530361
530576,530582
212094,530839
530915,530927
530989,530991
531076,531082
531167,531179
531271,531285
531341,531356
531478,531484
531696,531704
531770,531789
531770,531817
531838,531840
531838,531872
531838,531919
531961,531974
532102,532118
532102,532141
532102,532160
532102,532187
532102,532207
532102,532224
532102,532248
532419,532426
532517,532529
532517,532555
532517,532572
532627,532636
532712,532720
532765,532777
532810,532823
210183,532899
532932,532945
533257,533261
533328,533337
533392,533407
533448,533453
533513,533521
533647,533652
533725,533739
533794,533804
533862,533870
533938,533940
533986,533993
534129,534138
534172,534186
534247,534252
534299,534309
534366,534378
534418,534425
534487,534494
534559,534563
534626,534635
535137,535144
535185,535192
535251,535267
535308,535312
535354,535365
535308,535429
535515,535527
535562,535570
535618,535625
535723,535734
535799,535809
916077,535850
535897,535907
535969,535976
535251,536002
536115,536127
536162,536170
536213,536221
536307,536311
536353,536369
536400,536416
536459,536463
536557,536561
536601,536617
536655,536664
536906,536910
537010,537023
1013827,537075
537243,537258
537338,537340
537386,537393
537514,537522
750260,537551
537800,537816
538072,538086
538161,538174
538212,538220
538212,538254
538277,538283
538334,538347
538404,538415
538518,538525
538980,538998
539447,539452
539481,539499
539531,539549
539679,539680
540289,540291
540340,540355
540703,540719
540761,540774
540837,540844
540885,540892
540987,540994
541033,541046
541080,541098
541131,541149
541183,541196
541235,541242
541288,541290
574344,541363
541424,541430
541513,541521
541668,541675
541827,541836
541827,541955
1104121,542003
541993,542035
1104132,542061
1104166,542159
1104166,542171
750362,542192
1104132,542280
1104197,542312
1104204,542486
1104227,542515
1104227,542536
1104236,542558
542589,542591
1104258,542641
542747,542752
542813,542821
542897,542907
543511,543524
543621,543632
543678,543684
543962,543970
544018,544025
544087,544094
544158,544162
544444,544459
544574,544588
544705,544714
544952,544968
545029,545038
545072,545086
545119,545126
546016,546028
992826,546253
546435,546442
546540,546555
547032,547045
547260,547273
547452,547468
547667,547679
547916,547928
548439,548441
548487,548494
549942,549957
550341,550356
550466,550478
550534,550547
550631,550649
550789,550791
550990,551006
551132,551145
551243,551258
551735,551742
551788,551790
551828,551837
551828,551925
552004,552015
552058,552062
552140,552155
552425,552247
552378,552384
552487,552494
552571,552585
552657,552661
552707,552711
552867,552879
934421,552954
553481,553499
553583,553549
553531,553646
553900,553729
553900,553772
553764,553835
553717,554057
553764,554116
554349,554354
554396,554401
554618,554625
554813,554821
554866,554878
554924,554930
555018,555025
555307,555311
555353,555369
555485,555492
555535,555542
555601,555617
555672,555686
555722,555733
555798,555808
555722,555934
555722,555952
555798,555975
556017,556029
556017,556055
555722,556306
1039697,1039700
1040079,1040098
836177,556721
836177,556745
943251,556882
556922,556933
556979,556980
557022,557033
557067,557079
557149,557154
557196,557203
962028,557328
528533,557371
557578,557476
528533,557652
557578,557815
963120,557843
912067,1040870
557929,557938
963120,557986
558156,558160
558211,558224
558211,558253
528648,558457
558490,558501
558538,558540
528800,558658
528800,558749
558796,558806
558834,558847
558881,558899
558950,558966
559008,559012
643161,1041633
559054,559065
559106,559110
521754,559168
559335,559342
529100,559530
529100,559569
559771,559785
559771,559818
532932,560396
560591,560602
533120,560639
560710,560723
560710,560775
1119413,1119421
560710,560799
560953,560969
561027,561036
561070,561138
653572,561313
561350,561366
561425,561439
561494,561500
561657,561661
561724,561730
561867,561908
958761,561965
562006,562010
562075,562081
562145,562150
562355,562364
562262,562412
562676,562630
216544,562682
562676,562800
563119,563126
563220,563231
563470,563489
563573,563587
1012028,563616
563644,563659
1012059,563685
1028901,563778
1028929,563882
563876,563914
564030,564048
564133,564146
564180,564198
564387,564341
904906,564445
564506,564510
564696,564704
564743,564758
564919,564840
565147,565152
1136439,565201
1147624,565255
943558,565342
565414,565422
764202,565498
1132278,565524
1022338,565548
943602,565569
1147624,565582
565613,565621
1147648,565697
916595,565759
764153,565894
929240,565958
952665,565989
952665,566045
772816,566097
566130,566148
566130,566176
566130,566225
933254,566315
933254,566343
933254,566391
933254,566468
933254,566499
566577,566583
566577,566614
1119048,566651
566646,566835
1119048,566861
567282,567295
567457,567461
567501,567517
567847,567852
567932,567945
568005,568014
568079,568177
568226,568235
569041,569056
569115,569127
569250,569266
569324,569330
569369,569376
569519,569526
569561,569574
569999,570001
534036,570659
570807,570811
571039,571041
571087,571094
571209,571284
571324,571330
571459,571463
571590,571672
571714,571722
571780,571798
571952,571968
572009,572013
572050,572066
572124,572130
572124,572169
961612,572239
572304,572315
572358,572362
572406,572410
1028940,572549
572583,572596
572651,572667
572698,572701
572738,572740
572803,572819
572861,572874
572900,572916
573015,573027
573058,573062
573384,573397
573473,573487
573635,573642
573769,573776
573814,573822
573867,573879
573977,573983
573977,574079
574344,574359
574453,574469
574509,574513
574610,574623
574739,574675
574787,574794
574972,574986
575047,575052
575081,575099
575178,575184
575289,575291
575393,575408
575918,575828
575863,575871
575918,575973
576011,576024
576082,576095
576133,576146
576259,576263
1005336,576547
1005343,576575
576534,576599
576762,576770
864749,576801
576855,576864
576942,576957
576942,576988
576942,577003
576942,577026
576942,577042
577074,577088
577308,577312
577377,577383
577429,577438
577673,577687
577781,577799
577878,577884
577969,577976
578012,578020
578054,578065
578106,578110
578175,578181
578240,578255
578576,578582
578576,578613
578678,578684
578678,578716
578771,578785
578841,578856
578894,578904
578962,578970
579092,579102
579276,579282
579322,579333
579398,579403
579442,579457
579490,579501
579540,579555
579593,579604
579712,579720
579765,579777
579921,579932
579966,579978
580039,580041
580307,580311
580369,580376
580416,580428
580463,580471
580640,580655
581417,581429
581618,581625
581660,581673
581969,581976
582014,582022
582067,582079
582112,582120
582578,582584
582889,582891
583071,583085
583490,583501
582889,583555
582889,583823
582889,583852
584420,584431
584483,584496
584607,584611
584695,584703
584607,584735
584994,585007
585180,585198
585180,585228
584483,585466
585575,585581
586576,586582
586621,586632
587460,587473
589212,589220
589998,590005
590051,590067
590177,590183
590482,590495
590675,590681
590964,590972
794625,591130
794625,591169
591202,591218
591202,591241
591287,591294
591452,591468
591499,591508
591565,591577
591452,591605
591452,591633
591651,591667
591651,591698
591717,591729
591717,591793
592025,592039
592025,592060
591717,592284
591717,592444
591651,592557
592705,592714
592746,592751
592025,592808
591651,592896
591651,592923
591651,592947
592999,593007
591717,593421
593510,593523
593581,593599
593631,593649
864997,593683
593736,593743
593736,593770
593817,593829
593855,593864
864997,593893
772449,593942
595662,595945
1042127,1042136
594040,594055
594086,594093
594161,594174
594208,594212
594254,594265
593736,594518
772449,594628
594685,594692
594778,594784
594933,594946
595063,595071
595160,595173
595248,595253
595457,595461
595540,595555
595627,595636
595662,595670
595765,595777
596027,596036
596070,596089
596138,596140
596138,596172
596193,596206
596193,596234
596350,596366
596402,596418
596441,596456
596494,596500
596544,596559
596592,596603
596642,596657
596642,596769
596642,596920
596592,596983
596642,597229
596642,597255
596592,597286
597451,597467
597451,597498
597524,597530
596592,597569
598205,598214
598251,598267
598401,598417
598464,598472
598515,598527
598570,598589
598930,598948
598976,598982
599386,599393
599580,599598
599630,599648
599682,599695
599994,600009
600045,600050
600389,600391
600651,600667
861480,601479
861480,601569
861480,601825
861480,601860
861480,601962
602119,602126
861480,602161
602277,602283
602334,602347
602399,602404
602443,602458
602489,602491
602594,602600
602644,602659
602692,602709
602766,602778
602853,602869
602914,602922
602979,602980
603052,603068
603113,603121
603150,603166
603197,603204
603270,603289
603355,603364
603505,603514
603551,603567
603630,603648
603682,603695
603726,603735
603828,603837
603863,603871
603902,603918
860554,603956
604102,604118
604253,604269
604333,604346
604379,604380
604435,604442
604474,604488
604517,604529
604555,604564
604636,604643
604731,604749
604783,604796
604875,604881
604921,604932
604966,604978
605036,605043
605089,605091
605129,605138
605186,605193
605234,605247
605281,605299
605345,605350
605397,605402
605441,605456
605487,605494
605563,605571
605619,605626
605690,605707
605769,605776
605851,605867
605912,605920
605977,605983
606026,606035
606061,606074
606128,606137
606163,606171
606222,606233
606267,606279
606331,606349
606383,606396
606429,606438
606472,606486
606515,606527
606602,606618
606641,606656
606723,606734
606768,606775
606821,606832
607007,606907
607053,607069
607095,607105
607179,607180
607263,607271
531961,607942
531961,607974
531961,607990
608039,608041
608094,608104
608136,608143
608369,608376
608136,608463
608136,608492
608686,608693
608733,608746
608780,608798
608820,608831
608820,608865
608906,608910
609005,609014
609005,609046
609080,609098
609120,609131
609165,609177
609203,609219
609203,609261
609385,609392
609430,609448
609495,609509
609550,609566
609675,609681
609773,609787
609836,609843
609870,609889
609955,609964
610000,610016
610071,610085
610141,610156
610224,610230
610269,610276
610346,610351
610426,610435
610708,610712
610881,610899
610950,610966
611040,611055
611306,611310
611381,611399
611381,611427
611502,611518
611560,611573
611616,611628
611663,611671
611750,611766
611750,611797
611750,611811
611933,611946
611998,612008
612096,612106
612134,612147
612293,612303
612388,612390
613799,612480
612511,612524
612650,612666
612792,612802
612856,612860
613320,613331
613401,613417
613515,613527
613320,613850
613884,613897
614078,614084
614130,614148
614202,614218
614241,614256
614294,614304
614358,614362
614406,614410
614520,614531
614577,614583
614622,614633
614679,614680
614679,614793
614679,614835
614857,614861
614679,615476
1169776,1169782
614679,615509
615889,615891
615955,615964
616034,616047
616081,616099
616145,616150
616197,616204
616301,616317
616386,616393
616483,616496
616742,616757
616790,616800
616871,616885
616939,616941
616939,616994
617087,617094
617087,617127
617191,617209
617191,617416
617191,617492
617191,617664
617191,617820
617191,617854
1282427,618200
1282427,618244
1282427,618263
618484,618497
618484,618547
618575,618581
618612,618620
618665,618677
618727,618736
618789,618791
618789,618829
618789,619210
619460,619473
619563,619571
619460,619983
620385,620392
620453,620469
620509,620513
620578,620584
620578,620610
620578,620634
620578,620652
620578,620787
621009,621013
621153,621169
621153,621218
621153,621241
621294,621304
621343,621358
621468,621475
621468,621508
621554,621565
621614,621622
621679,621680
621738,621740
621786,621793
621835,621842
621900,621916
622039,622041
622127,622136
622213,622221
622278,622284
622324,622330
622382,622395
622437,622444
622471,622485
622519,622526
622557,622561
622590,622601
622686,622693
622746,622751
644683,1042459
622798,622808
622798,622831
622854,622865
622910,622923
622975,622981
623011,623024
623076,623082
623122,623133
623228,623237
623318,623325
623394,623409
623394,623432
623510,623523
623552,623568
623620,623631
623715,623727
623762,623770
623801,623817
623855,623864
623893,623903
623942,623957
623988,623990
624029,624038
624072,624086
624135,624142
624174,624188
624231,624249
624296,624306
624427,624436
624489,624491
624539,624541
624573,624587
624644,624659
624750,624766
624811,624824
624951,624967
624998,625000
625085,625092
625211,625224
625305,625314
625346,625351
625442,625457
625517,625488
625593,625604
625643,625658
625731,625749
625834,625847
625909,625913
625945,625950
626027,626036
626091,626101
626172,626186
626247,626252
1043095,1043105
1050075,1050081
626247,626281
626247,626309
626345,626350
626397,626402
626345,626456
626487,626494
626528,626537
626563,626571
626603,626619
626657,626661
627049,627054
627123,627134
627181,627199
626603,627286
627123,627357
626657,627388
627451,627467
627498,627507
747533,627613
747533,627650
627818,627825
627962,627970
747533,628205
628279,628280
628417,628429
628694,628706
628279,629317
628417,629790
629837,629844
630594,630600
630692,630709
747533,630882
627451,631143
632153,632169
747533,632512
627181,632549
632900,632916
632900,632944
632900,632971
632900,632992
632900,633027
633058,633062
633101,633117
633155,633164
633193,633206
633247,633252
633247,633281
633247,633309
633473,633487
633528,633537
633603,633619
633661,633674
633603,633707
633814,633822
633880,633898
633954,633965
634080,634098
634131,634149
634183,634196
634242,634257
697914,634300
697914,634371
697914,634718
634843,634858
634843,635145
634843,635420
635465,635477
635465,635505
635580,635598
635580,635624
635653,635669
635703,635719
661509,635761
635790,635800
635844,635859
635939,635941
635939,635973
636024,636030
636024,636069
636146,636151
636146,636180
636024,636318
636024,636421
636024,636654
636024,636683
636024,636801
637088,637090
636024,637298
636024,637536
636024,637821
636024,637878
636024,637953
638326,638335
638422,638433
638524,638530
983871,638666
983871,638697
983871,638716
983871,638737
983871,638989
639403,639419
929569,639490
929569,639529
929569,639540
929569,639564
929569,639586
639749,639636
639749,639754
639806,639810
639806,639847
640061,640074
640128,640137
640214,640222
640267,640279
640884,640897
640061,640948
640061,641460
640061,641528
640061,641559
641661,641674
641711,641724
641776,641782
641822,641833
747533,642145
642496,642505
642669,642676
642726,642735
642790,642800
642863,642871
643040,643055
643103,643119
643161,643174
643254,643265
643323,643334
643375,643381
643427,643436
643491,643502
643709,643713
643778,643784
643778,643811
643876,643882
643979,643980
644048,644053
644095,644105
644179,644180
644244,644259
644325,644339
644409,644413
644497,644506
644547,644552
644612,644620
644683,644696
644683,644727
644683,644743
644762,644770
644762,644801
644855,644864
644926,644935
645049,645054
645106,645110
645106,645147
645175,645181
645175,645217
645238,645240
645326,645335
645414,645422
645480,645498
645480,645524
645548,645553
645666,645678
645700,645716
645759,645763
645841,645856
645894,645904
645943,645958
645943,645989
646032,646045
646107,646111
646107,646148
646256,646260
646343,646358
646508,646512
646596,646605
646596,646633
646596,646651
646793,646803
646937,646944
647037,647044
647102,647118
647276,647282
647314,647322
647367,647379
647435,647442
647488,647490
647529,647538
647636,647643
647689,647691
647720,647731
647765,647777
647823,647834
647868,647875
647950,647966
648005,648014
648067,648079
648067,648108
648219,648226
648257,648261
648290,648300
648363,648371
648430,648448
648482,648495
648532,648545
648584,648597
648675,648681
648725,648739
648773,648787
648827,648836
648870,648889
648940,648955
648993,649002
649060,649073
649158,649162
649232,649245
649232,649278
649353,649369
649400,649416
649459,649463
649542,649557
649590,649601
649640,649655
649693,649705
649767,649779
649831,649849
649883,649896
649934,649947
650002,650018
650073,650087
650127,650136
650170,650189
650221,650232
650297,650307
650348,650353
650395,650400
650444,650459
650492,650503
650561,650574
650664,650672
650733,650746
650808,650812
650877,650883
650923,650934
651090,651100
651144,651159
651214,651222
651308,651312
651377,651383
651440,651455
651493,651504
651562,651570
651618,651625
651799,651809
651866,651878
651911,651924
651969,651976
652033,652046
652108,652112
652154,652165
652226,652235
652274,652288
652344,652359
652411,652424
652699,652702
652804,652815
652889,652891
652929,652938
775498,653071
839472,653160
1012085,653207
653248,653253
965660,653295
653398,653403
653806,653810
653875,653881
653921,653932
513449,654023
654052,654068
654052,654099
654052,654113
654145,654150
654197,654204
654258,654262
654258,654291
654355,654364
654393,654408
654454,654465
654522,654533
617087,654624
654719,654726
654828,654837
654892,654902
655007,655011
655053,655069
655122,655133
655198,655200
655237,655244
655325,655339
655373,655387
655413,655421
655506,655510
655581,655599
655631,655649
655791,655801
655864,655872
601264,655903
655935,655942
656031,656077
656229,656238
656264,656272
656388,656390
656422,656433
656467,656479
644409,656569
911948,656609
656645,656650
656684,656697
656728,656737
656763,656771
656839,656841
656887,656894
515619,656943
656989,656991
657036,657043
657101,657117
657155,657164
657247,657252
657384,657397
657537,657544
657585,657592
657730,657748
657833,657846
657983,657996
658084,658097
658153,658169
658239,658241
658406,658410
658452,658468
964252,658549
658667,658679
564082,658755
658928,658937
658928,658971
659055,659064
766047,659119
619460,659161
659220,659231
659347,659352
659415,659427
659462,659470
808367,659560
659628,659637
496060,659663
659778,659784
800855,659830
659895,659905
659980,659998
660034,660047
660145,660150
660145,660197
563470,660258
660317,660329
660412,660420
660567,660579
1051448,1051453
660703,660719
660757,660761
660941,660956
660987,660994
661033,661046
219243,661098
661154,661165
661203,661219
661316,661328
661363,661371
661453,661469
661545,661550
661634,661647
596544,661699
661739,661741
661815,661827
661862,661870
662003,662019
662074,662088
662185,662192
775524,662246
662354,662365
662401,662417
662472,662486
662515,662527
662618,662625
662660,662673
662710,662723
662781,662799
662850,662866
662930,662948
662976,662982
663065,663077
663217,663229
663319,663326
663374,663388
663433,663446
663498,663507
657833,663609
657730,663700
563470,663744
664127,664136
664191,664209
219761,664232
664376,664382
664428,664437
664542,664557
664588,664590
664746,664751
664798,664808
665001,665017
664588,665040
650170,665072
665157,665161
665277,665283
665323,665334
665436,665443
665489,665491
665587,665594
665628,665637
665713,665721
665766,665778
665766,665807
665853,665869
506939,665914
217856,665980
666295,666305
666346,666351
666398,666403
666461,666474
666810,666823
666881,666899
667148,667153
667225,667239
216004,667304
653731,667327
667622,667633
1022567,667667
653282,667772
653156,667928
668004,668015
668089,668091
668138,668140
668206,668210
668332,668345
668473,668487
960697,668592
668748,668753
668782,668795
668846,668851
671048,671053
668965,668977
669076,669082
669146,669151
960697,669302
669360,669373
960697,669421
669608,669612
1054127,1054136
669758,669762
669840,669855
669903,669919
669942,669957
670065,670077
670106,670110
1022973,670326
670388,670390
995454,670467
670524,670530
670609,670613
670645,670650
670759,670763
653194,670792
670894,670904
670943,670958
1054664,1054746
806491,671105
806491,671122
671216,671228
671263,671271
671318,671325
671360,671373
671568,671575
671631,671649
671727,671736
671727,671762
671727,671789
766047,671855
645943,671886
643103,671919
643103,671957
643161,671974
643161,672016
672063,672071
672139,672141
672139,672173
672224,672230
672276,672282
672346,672351
672403,672442
672490,672501
672564,672572
672636,672643
672689,672691
672754,672765
672823,672834
672823,672868
672899,672909
672945,672950
672945,672984
673051,673067
673165,673177
673219,673226
673359,673363
673453,673469
674690,674707
674748,674753
673495,673509
673550,673566
673606,673610
673668,673675
673955,673964
674004,674015
674043,674058
674043,674089
674129,674138
674299,674309
674345,674350
674397,674402
674439,674441
674500,674516
674544,674559
674642,674657
1008289,1008291
674795,674805
674846,674851
674949,674954
674996,675003
650170,675116
650170,675163
650127,675192
675222,675233
675267,675279
763354,675396
675527,675536
675589,675591
675589,675625
675660,675673
675660,675706
675752,675768
675752,675813
675752,675832
675924,675930
675924,675969
675924,675982
676018,676025
676018,676056
676087,676094
676136,676143
676189,676191
676266,676278
676324,676330
676189,676369
676437,676444
676471,676485
676542,676557
676601,676617
676640,676655
676686,676693
676746,676751
676808,676812
676877,676883
676923,676934
970521,676968
981272,677052
916303,677081
772719,677109
677047,677132
699641,677150
677204,677215
1016638,677289
1016655,677338
981181,677355
981238,677386
677412,677420
677412,677454
677496,677505
677546,677551
729913,677648
677719,677726
677719,677774
677925,677939
677994,678001
678064,678072
678174,678188
678323,678334
678404,678415
678470,678489
678539,678541
678628,678637
678709,678713
678766,678778
678807,678811
678869,678876
678946,678951
679009,679013
679066,679078
679130,679148
679182,679195
679225,679239
679304,679315
679370,679389
679447,679452
679531,679549
679605,679614
679680,679698
679738,679740
679786,679793
679842,679857
680007,680011
680105,680114
680302,680318
680341,680356
680387,680394
680450,680466
680534,680547
680581,680599
680631,680649
680704,680715
680758,680762
680829,680838
680872,680886
680926,680935
680990,681006
680990,681034
679605,681068
681109,681113
681150,681166
681227,681236
681270,681289
681340,681355
681393,681408
681431,681449
681505,681514
681598,681607
681669,681676
681735,681742
681790,681800
681790,681837
681863,681871
681863,681902
681227,681939
681987,681994
681987,682043
682089,682091
682140,682155
682089,682186
682247,682252
682313,682321
682378,682384
682425,682439
682494,682500
682559,682563
682603,682619
991503,682707
682748,682753
682814,682822
682867,682879
682931,682949
683009,683013
683050,683066
683107,683111
683153,683169
683202,683218
683273,683287
683327,683336
679680,683362
683410,683423
683499,683508
683531,683549
683605,683614
683698,683701
683764,683772
683819,683826
683888,683890
683937,683944
683985,683992
684035,684042
684222,684233
684279,684280
684331,684349
684383,684396
684455,684464
684515,684527
684589,684591
684673,684687
684723,684734
684799,684809
684930,684948
680387,684976
682378,685018
685060,685073
685104,685115
685170,685189
685221,685232
685297,685307
685369,685376
685437,685444
685561,685574
685705,685714
685798,685808
685849,685854
685910,685923
685981,685999
686055,686064
686126,686135
686190,686208
686265,686277
686310,686323
686404,686415
686458,686462
686518,686525
686644,686659
686692,686709
686766,686778
686830,686848
686905,686914
686979,686980
687046,687051
687112,687120
687183,687196
687257,687261
687328,687337
687411,687424
687482,687495
687532,687545
687606,687610
687652,687668
687741,687756
687815,687827
687889,687891
687929,687938
687993,688000
688063,688071
688139,688141
210108,688269
688457,688461
965562,688555
862231,688586
850346,689020
689096,689106
689168,689175
689272,689286
689595,689609
689873,689887
689936,689943
690004,690015
690091,690101
690140,690155
690252,690268
690309,690313
690350,690366
690402,690418
643103,690571
643103,690592
643161,690619
643161,690635
518798,690657
518947,690674
690851,690867
690920,690931
690977,690983
691059,691063
691125,691139
691194,691207
691248,691253
691333,691346
912862,691419
912862,691442
912862,691474
691501,691517
691501,691540
691627,691636
691777,691783
691834,691847
691909,691913
691997,692007
691997,692030
794570,692105
794570,692133
692228,692237
692318,692325
692432,692445
692506,692510
692575,692581
692649,692654
692715,692727
692762,692770
692864,692872
692935,692942
693002,693018
693250,693266
693324,693330
693395,693400
693526,693535
693590,693601
693746,693751
693865,693877
693910,693923
693981,693999
694123,694134
694199,694201
694240,694255
694293,694303
694342,694357
694388,694390
694507,694511
694548,694553
694716,694728
694841,694856
694915,694927
695013,695021
695066,695078
695343,695358
695452,695468
695499,695508
695577,695583
695888,695890
695959,695963
696022,696033
694342,696067
696196,696203
696469,696476
658153,696513
658239,696550
696699,696702
696739,696741
696773,696787
696843,696858
694123,696917
696964,696972
697017,697029
697135,697142
697188,697190
697231,697249
697283,697296
697323,697334
697381,697399
697616,697628
575522,697671
697750,697766
697914,697922
698006,698010
698109,698113
698150,698166
856973,698204
663065,698291
698338,698340
698505,698514
698611,698624
698735,698742
698788,698790
698837,698844
698925,698939
698994,699003
699100,699116
689873,699163
689873,699205
677412,699222
699308,699312
699354,699365
699396,699401
699589,699591
699589,699625
699641,699656
699781,699799
699866,699878
699924,699930
699976,699982
700018,700025
677412,700056
677412,700087
677412,700104
700127,700136
700170,700189
700250,700266
700250,700297
981433,700324
981480,700353
981530,700376
700311,700395
700590,700601
700640,700655
700705,700714
700751,700767
700820,700831
700981,700999
701057,701061
701116,701128
932454,701312
516057,701349
643161,701472
701515,701527
701673,701687
754333,702033
702154,702165
893207,702203
702235,702242
702584,702597
702787,702794
985252,702940
703269,703276
703314,703322
703367,703379
703419,703426
892972,703806
893016,703847
893059,703881
703913,703921
895677,703966
925311,704006
950724,704047
704075,704081
704291,704301
704338,704340
704372,704386
704412,704420
705105,705114
705237,705244
705935,705942
705988,705990
706031,706049
706134,706147
706286,706293
706335,706342
706507,706511
706650,706666
706697,706700
706737,706744
706771,706785
707070,707089
1121975,707711
707776,707782
707977,707983
708021,708032
708287,708294
708336,708343
708520,708531
708646,708651
708786,708793
708959,708963
775511,709038
709093,709103
709161,709174
709933,709946
710465,710477
935054,710682
850269,710757
710885,710892
875830,710960
711288,711290
711647,711652
711929,711938
562726,712486
983871,713595
522263,713802
530989,714060
714428,714437
714535,714542
714588,714590
715086,715093
715135,715142
715220,715231
715323,715334
715502,715518
715587,715594
715644,715659
715709,715713
715895,715905
716016,716028
716160,716173
716211,716224
716314,716322
716403,716419
716442,716457
716564,716572
716754,716765
716754,716796
716754,716810
716754,716834
714535,716852
714535,716921
714535,716945
714588,716966
717107,717111
717107,717148
717218,717225
717287,717294
717358,717362
717423,717434
717499,717508
717633,717646
717701,717717
717701,717740
717819,717826
717861,717874
717937,717944
718004,718015
718089,718091
718193,718206
718313,718321
718402,718418
718456,718460
718563,718571
718635,718642
718724,718730
718795,718805
718867,718879
718931,718949
718983,718996
719030,719048
719146,719151
719237,719244
719285,719292
719356,719360
719421,719432
719497,719506
719568,719575
719654,719665
719727,719736
719770,719789
719840,719855
944764,719942
719988,719990
720038,720040
720086,720093
720142,720157
720212,720220
720323,720334
720375,720381
720443,720458
720518,720525
720560,720573
720637,720644
720709,720713
720778,720784
720922,720933
720980,720998
721025,721039
721094,721104
721162,721170
721209,721213
721250,721266
721324,721330
721395,721400
721444,721459
721519,721526
721638,721640
721705,721714
721779,721780
721820,721831
721877,721883
721923,721934
721975,721981
722045,722050
722097,722107
722148,722153
722195,722202
722241,722256
722410,722423
218137,722499
218163,722549
218171,722596
722651,722667
722698,722701
722740,722755
722819,722826
722861,722874
722916,722928
722963,722971
723036,723043
723101,723117
1230799,723210
723275,723281
723345,723350
723439,723441
723528,723537
723571,723585
723642,723657
723711,723724
723782,723795
723833,723846
723908,723912
723954,723965
724022,724033
724098,724108
724165,724177
724219,724226
724261,724274
724359,724363
724509,724513
724550,724566
724647,724652
724702,724718
724891,724901
725047,725052
725113,725121
725166,725178
725215,725227
725289,725291
725355,725364
725408,725412
725454,725465
725567,725579
725695,725703
725788,725790
725925,725939
725925,725960
725987,725994
725987,726024
725987,726048
726105,726114
726105,726146
726105,726167
726200,726216
726244,726259
726356,726360
726409,726413
726506,726510
726608,726612
726683,726696
727251,727267
727706,727710
727953,727969
728031,728049
728031,728077
728031,728096
728031,728110
728031,728134
728199,728201
728467,728479
506939,728553
728582,728595
728792,728802
728860,728873
582067,729016
729187,729194
212733,729276
729314,729322
729517,729529
729691,729708
729765,729777
729913,729921
729966,729978
729966,730005
730033,730046
730108,730112
730177,730183
730226,730235
730290,730300
730371,730385
730469,730476
730469,730509
730578,730584
730647,730652
730718,730725
730787,730794
730929,730938
972831,731013
755487,731032
731084,731097
731130,731148
731176,731182
793410,731260
731389,731391
731434,731447
731549,731554
731701,731717
732039,732041
732104,732115
732213,732221
1100060,1100073
732463,732471
732503,732519
732617,732629
732705,732714
732812,732820
732865,732877
732910,732923
733069,733076
733114,733122
733167,733179
733216,733228
733259,733263
733292,733302
733409,733413
733478,733484
733523,733534
733568,733575
733612,733620
733654,733665
733704,733715
733743,733758
733789,733791
733855,733864
733893,733903
733942,733957
733988,733990
734040,734055
734093,734103
734135,734142
734174,734188
734231,734249
734334,734347
734404,734415
734443,734458
734518,734525
734671,734685
734830,734848
734933,734946
734933,734979
735059,735063
735125,735139
735125,735160
735276,735282
735346,735351
735419,735426
1110790,735457
1101061,1101074
735662,735670
862980,735765
735823,735834
736206,736210
736299,736309
736378,736384
1002534,736500
736846,736851
736898,736908
737388,737390
737446,737451
737582,737595
737621,737632
737666,737678
737728,737737
737763,737771
737825,737839
737936,737943
737991,738003
738137,738144
738320,738331
738377,738383
738429,738438
808810,738558
808810,738602
802223,738734
715220,738768
715220,738809
715220,738821
738850,738866
738850,738897
738850,738911
738850,738930
739081,739099
739081,739121
739081,739145
1013929,1013938
739301,739317
739301,739340
739372,739386
739372,739412
739372,739431
739454,739465
739454,739496
739567,739579
739567,739607
739653,739669
644762,739719
739774,739788
739844,739859
739918,739925
739960,739973
739960,740008
740031,740049
740229,740238
740229,740264
740414,740422
740498,740507
740498,740530
740582,740595
740666,740678
740839,740841
741007,741011
741053,741069
779705,741228
779705,741259
741302,741318
741302,741341
741373,741387
741421,741432
755487,741478
972820,741506
755537,741547
741612,741620
741665,741677
741886,741893
741926,741935
741961,741974
742016,742028
742059,742063
715220,742160
742194,742207
742248,742253
742367,742379
742572,742586
742662,742670
742708,742712
742881,742899
742881,742921
743005,743014
743149,743154
901938,743257
731434,743274
743344,743359
743411,743424
708021,743453
743495,743509
743550,743566
743681,743699
743760,743773
743815,743827
743917,743929
744027,744036
744117,744129
744172,744186
744299,744309
744494,744500
744674,744688
744949,744954
1013702,745003
745042,745057
745090,745100
745214,745222
745809,745813
1121693,1121705
1122667,1122679
745850,745866
745911,745924
746018,746025
213801,746115
661033,746143
219243,746158
219243,746162
746209,746213
746297,746307
746369,746376
746437,746444
746485,746492
746638,746640
746686,746693
746896,746906
746981,746999
747132,747145
747204,747215
747483,747496
747533,747546
747624,747630
747676,747682
747757,747761
747816,747828
748001,748017
748093,748103
748249,748254
748283,748296
748381,748399
748458,748462
748541,748556
748713,748721
748807,748811
748853,748869
749084,749097
749130,749148
749225,749239
749701,749717
749772,749786
749819,749826
749857,749861
749890,749900
750013,750021
218438,750111
750148,750153
750315,750327
750423,750434
526196,750835
751361,751374
751569,751576
934926,752174
752208,752212
752249,752254
752381,752399
1119146,752436
752470,752489
752525,752539
752573,752587
752644,752659
752713,752721
752869,752876
753184,753197
753270,753289
753329,753338
753372,753386
753496,753505
753567,753579
753837,753844
753885,753892
754379,754380
754419,754426
754461,754474
754517,754529
754564,754572
754636,754643
754689,754691
754806,754810
793819,754913
755138,755140
755206,755210
755268,755275
755418,755425
831141,755494
749294,755544
755592,755603
755642,755657
755753,755769
756003,756019
756100,756116
756159,756163
756192,756205
756267,756279
756320,756331
756618,756625
756706,756710
756706,756747
756845,756850
756911,756924
756976,756982
757069,757076
757122,757133
757360,757373
740498,757421
740498,757450
740498,757478
915715,757523
757581,757599
757654,757665
1104338,1104340
1105893,1105903
560953,1105957
757654,757696
757715,757727
757715,757758
757789,757791
757789,757829
757789,757840
757789,757864
757893,757903
757942,757957
758002,758018
758002,758041
758127,758136
758189,758191
671727,758221
758284,758297
758437,758444
758485,758492
758574,758588
758617,758629
758664,758672
758714,758722
758780,758798
758854,758865
758975,758981
759046,759051
759098,759108
759165,759177
759235,759242
759578,759584
759739,759741
858552,759794
901938,759815
657384,759836
759862,759870
521194,760028
521194,760059
760125,760139
760173,760187
760224,760230
760276,760282
760322,760333
760403,760419
760442,760457
760488,760490
760670,760689
760765,760823
760966,760978
761038,761040
735823,761072
761190,761208
761310,761323
761491,761502
761721,761732
761778,761784
705649,761811
705649,761848
761895,761905
731389,762049
762077,762083
762199,762201
762264,762272
762335,762342
729314,762374
1135457,762507
762548,762553
762650,762666
762700,762716
888660,762839
762894,762904
762962,762970
763074,763088
763185,763192
763251,763267
763312,763320
763354,763365
1106507,1106511
763455,763464
851951,763515
808810,763687
757654,763710
763799,763809
763866,763878
763930,763948
763982,763995
764032,764045
764097,764107
1147579,764169
1022338,764218
764370,764389
764468,764475
764531,764549
764786,764793
764888,764890
963940,764971
765079,765080
765235,765242
765476,765482
765597,765606
765597,765634
765681,765699
765725,765739
827611,765993
766047,766052
707977,766081
707977,766113
838703,766145
766243,766258
766289,766291
766329,766338
766522,766533
766611,766624
766816,766828
767018,767025
767213,767221
767284,767297
767330,767348
767376,767382
759938,767416
879318,767590
767655,767664
767780,767798
767896,767906
796979,768030
768133,768146
768200,768216
1110735,1110757
768387,768394
768450,768466
768506,768510
768620,768631
768677,768683
768736,768743
768789,768791
769210,769223
769281,769299
769402,769418
769441,769456
922516,769559
769688,769690
769879,769880
770019,770026
791034,770144
899306,770185
770246,770251
770298,770308
770383,770396
770438,770440
770472,770486
278985,770515
770558,770562
761778,770639
761778,770660
770878,770884
770930,770948
771070,771089
771186,771193
771234,771247
915715,771585
862470,771657
772184,772197
772243,772258
772301,772317
772340,772355
772496,772505
772580,772598
994235,772669
922516,772828
512347,772956
512628,772987
512518,773017
773188,773190
773231,773249
983052,773628
773659,773663
702836,773692
702836,773721
702836,773745
702836,773766
753449,773784
752766,773811
752766,773848
752811,773869
752811,773895
702584,773914
752334,773946
752334,773979
919778,773998
919778,774024
705421,774048
705478,774076
705523,774105
705575,774133
750423,774167
753939,774198
753973,774228
774263,774271
774318,774325
753236,774356
717861,774409
753653,774450
753703,774484
774534,774547
754141,774575
754194,774608
754248,774631
754295,774665
773470,774696
773470,774727
774758,774762
541739,774791
751632,774829
774919,774926
750499,774957
750549,774988
750596,775012
775054,775065
750218,775147
750218,775175
775199,775201
773427,775238
775342,775357
775390,775405
217958,775507
777037,777044
775684,775697
775759,775763
528682,775792
528648,775818
521754,775915
557929,775936
776032,776045
776148,776153
776195,776202
776370,776389
776410,776423
776452,776468
776512,776520
776622,776633
776738,776740
777224,777230
796979,777305
777367,777379
777538,777540
777586,777593
777670,777689
777749,777754
777749,777783
777749,777806
777749,777823
777749,777847
777749,777868
777749,777881
777749,777909
777932,777945
777932,777978
777932,777997
777932,778014
777932,778033
777932,778051
777932,778079
777932,778098
777932,778112
777932,778131
777932,778154
778183,778196
778183,778226
778183,778242
778183,778261
778183,778288
778183,778300
778183,778328
778183,778344
778183,778363
778183,778385
777670,778407
777670,778430
777670,778453
777670,778476
777670,778495
777670,778513
777670,778532
777670,778550
777670,778578
843210,778647
778725,778739
778760,778773
778815,778827
778889,778891
778993,779002
779232,779245
779369,779376
779428,779437
779471,779485
779542,779557
779638,779640
779705,779714
763799,779746
779779,779780
779820,779831
779896,779906
779975,779981
780027,780036
780062,780070
780101,780117
780223,780234
780268,780275
780332,780345
780384,780397
780456,780460
780635,780642
730411,780690
780880,780898
780949,780954
781071,781085
860013,781173
860107,781224
860195,781276
781461,781474
527103,781538
781662,781670
211622,781712
781749,781754
781796,781806
781899,781909
781950,781966
782024,782030
782076,782082
782114,782122
782198,782200
782237,782244
636024,782318
782373,782387
782510,782523
782620,782631
782715,782727
782872,782886
736846,782919
877971,782942
736898,782990
783330,783348
783444,783459
783590,783601
783686,783693
644683,783746
783877,783883
836177,784031
963120,784054
557929,784077
557929,784096
784168,784175
784240,784255
784414,784422
784524,784530
784645,784650
784700,784716
784759,784763
784825,784839
785045,785050
785097,785107
785182,785195
785406,785410
785452,785468
785499,785508
563119,785554
785738,785740
785900,785916
785992,786005
785992,786033
967648,786067
786120,786131
786407,786411
786469,786476
786623,786634
786718,786725
786760,786773
786827,786836
786901,786917
786955,786964
1110918,1110925
1111718,1111725
787212,787220
787306,787310
787436,787443
787489,787491
761560,787807
761560,787830
788075,788081
788178,788184
788291,788301
788514,788522
788567,788579
788735,788742
788837,788844
788885,788892
789159,789163
789251,789267
789377,789383
786407,789417
789464,789472
789464,789504
789562,789570
572531,789625
789673,789687
645943,789734
789768,789775
779162,789809
789850,789866
643161,789911
731176,790030
521194,790271
790394,790409
790445,790450
691997,790497
790919,790926
791034,791047
791081,791099
992315,791166
791227,791236
779896,791355
791412,791420
769441,791454
791533,791546
791607,791611
791648,791653
791682,791695
791761,791774
528800,791859
791925,791939
792036,792043
792155,792164
792223,792234
792299,792309
792345,792350
792397,792402
792456,792460
792500,792516
759938,792544
759938,792571
735059,792592
792642,792657
792753,792769
792833,792846
792908,792912
792983,792996
793066,793078
793202,793218
793202,793241
793362,793370
793410,793423
793468,793475
793531,793549
780332,793614
793679,793680
793729,793738
793772,793786
689936,793857
793937,793944
794003,794019
794003,794042
668402,794100
794090,794137
794205,794214
794349,794354
839331,794401
794440,794455
794515,794527
794570,794589
794625,794639
591717,794660
215913,794706
794747,794752
794832,794845
798945,798950
794969,794976
795041,795056
795115,795127
1052558,795158
796265,795245
970448,970453
795307,795311
795369,795376
795471,795485
795526,795535
795640,795655
795751,795767
795934,795947
807196,796001
796040,796055
970448,796157
818288,796220
796265,796277
899306,1014062
1112656,1112660
818521,796368
796518,796525
796692,796709
796745,796750
796979,796980
797022,797033
797067,797079
797149,797154
784645,797183
797337,797344
797337,797371
797411,797424
648290,799008
797668,797675
797773,797787
798037,798044
798085,798092
798085,798125
219735,798173
1147431,798207
798160,798224
578012,798442
798604,798615
798662,798670
798754,798765
645943,798796
798823,798834
731176,798868
799152,799168
799357,799361
799405,799414
799446,799451
901938,799480
799595,799609
799666,799678
799927,799936
799927,799962
800011,800024
800069,800076
768736,800200
800413,800421
800450,800497
779428,800534
1002935,800599
643103,800743
800791,800801
800855,800864
800919,800926
800961,800974
801034,801047
801075,801081
801075,801113
801075,801132
506099,801215
506099,801243
801364,801372
856973,801408
856973,801431
698197,801465
698197,801483
698197,801505
698197,801522
698197,801546
801607,801611
801703,801719
801742,801757
801788,801790
801788,801828
801863,801871
801941,801956
770061,802062
802101,802117
1013681,802164
802281,802299
802350,802366
802402,802418
901938,802473
802494,802500
802494,802537
802657,802661
802748,802753
802748,802782
802880,802898
802931,802949
803169,803176
803169,803202
803169,803225
803273,803287
676471,803315
803370,803389
803447,803452
212266,803549
803614,803622
803701,803717
1014350,1014366
803755,803764
803826,803835
803916,803928
803992,804003
804061,804074
804246,804251
804246,804280
216027,804354
484888,804383
804464,804472
804558,804562
804602,804618
804673,804687
804673,804710
804775,804781
804821,804832
804821,804866
804821,804897
804821,804924
1039785,1039792
804821,804948
804821,804969
804821,804982
805056,805060
805104,805115
805348,805353
805348,805382
805400,805416
805400,805444
805471,805485
805471,805519
962627,805557
962627,805588
805629,805638
805629,805664
805693,805705
805693,805733
805767,805779
805767,805808
805896,805865
1139393,805906
805896,805934
756618,805952
805999,806001
806064,806072
806119,806126
806161,806174
806254,806265
796979,806347
655373,806368
655413,806399
806458,806462
806491,806502
806671,806685
806713,806721
806784,806797
806830,806848
806922,806933
807067,807079
807131,807149
807131,807177
213151,807203
807261,807274
807337,807344
698197,807476
807521,807532
770930,807566
731434,807584
789464,807606
807718,807725
578012,807756
578012,807787
578012,807804
578012,807827
578012,807843
807986,807993
808059,808063
808139,808141
1013725,808224
1013741,808269
808253,808295
808435,808442
808488,808490
808604,808615
808689,808691
808754,808765
808810,808823
808810,808852
809422,809433
809553,809569
857672,809700
789464,809737
809771,809785
809825,809839
521194,809887
521194,809915
800450,809943
1013652,810057
219113,810205
810279,810280
810401,810417
810455,810464
810455,810493
766047,810515
810570,810589
810570,810618
810639,810641
214174,810687
214190,810706
214220,810723
810734,810747
810752,810768
810799,810809
810845,810850
811004,811015
811140,811155
812372,812386
1040079,1040108
811140,811186
811247,811252
811281,811299
811571,811585
811642,811657
811642,811688
812047,812052
812178,812184
812236,812243
812551,812567
962627,812607
812859,812863
904428,813161
813157,813190
813220,813231
708021,813296
813415,813427
813518,813525
813518,813556
813628,813637
813692,813709
813784,813797
813905,813914
813951,813967
813951,813998
1112969,1112976
814011,814024
814011,814053
797411,814167
814228,814237
814292,814302
814534,814547
872042,814631
711022,814736
814789,814791
215731,814942
815008,815012
815008,815049
815077,815083
815077,815110
815147,815152
801338,815217
786177,815264
794090,815303
815374,815388
815422,815433
815422,815467
815422,815480
815524,815530
815650,815666
815700,815716
815759,815763
815802,815818
815856,815860
815927,815936
815927,815962
816032,816045
816107,816111
816148,816153
775199,816225
816370,816389
816410,816423
816410,816452
816520,816531
816605,816614
731389,816646
1005315,816729
1004970,1004989
816937,816944
816985,816992
800919,817028
962028,817059
528243,817063
528243,817071
529003,817085
529003,817092
528533,817102
558211,817125
558211,817139
528301,817141
528301,817156
528682,817160
528682,817173
558538,817187
528648,817194
817269,817276
770171,817346
817367,817379
817643,817658
817643,817689
717107,817708
717107,817720
915715,817777
915715,817796
915715,817810
817950,817966
818022,818033
818067,818079
818120,818131
818226,818235
818288,818290
1049902,1049918
970448,818411
818469,818476
818521,818532
887175,818597
818675,818681
818739,818741
735059,818794
562726,818889
760322,818917
760322,818940
760322,818964
757654,818986
887962,819041
887962,819087
887962,819104
819266,819278
819400,819416
861524,819444
819831,819849
516976,819877
516976,819896
819934,819947
819981,819999
820031,820049
820106,820110
857588,820201
820293,820303
820422,820433
820507,820511
820507,820548
820507,820569
820678,820684
820792,820802
632153,820839
820873,820887
822037,822044
820943,820958
680387,821007
901938,821095
901938,821122
821180,821198
821292,821302
821360,821373
800011,821409
800011,821432
821484,821497
650127,821523
596592,821599
596642,821631
821677,821683
821743,821758
821817,821829
731389,821855
821893,821903
821893,821935
821988,821990
822102,822118
822269,822276
822314,822322
822457,822461
822517,822529
822615,822627
822658,822662
822691,822708
822749,822754
650170,822852
650170,822881
650127,822913
650127,822945
822978,822984
655373,823014
655373,823046
655413,823067
655413,823098
823165,823177
823165,823203
823235,823242
823274,823288
704132,823430
704132,823469
704132,823482
823584,823597
823647,823652
823773,823787
823929,823938
212471,824027
644683,824089
824129,824138
824206,824210
824206,824247
824206,824268
645238,824309
824384,824397
824425,824439
824494,824500
824563,824571
824635,824642
824724,824730
824805,824814
824846,824851
824880,824898
707977,824949
707977,824965
825035,825042
825163,825171
825251,825267
731549,825365
731549,825383
825455,825464
825527,825536
825527,825562
825527,825589
825710,825723
825799,825809
825832,825845
916595,826143
826232,826245
826232,826278
826232,826297
826311,826324
826311,826353
826311,826376
826617,826629
826655,826664
826722,826733
826798,826808
826854,826865
826896,826906
826952,826968
827081,827099
901938,827166
858552,827184
827227,827236
827372,827386
827420,827431
827611,827624
827611,827653
827611,827676
827611,827695
764888,827735
764888,827761
731389,827788
731389,827816
827925,827939
717861,827987
828055,828064
828161,828174
828277,828283
828277,828310
828470,828489
643161,828573
828709,828713
828709,828745
828797,828807
828848,828853
494313,828882
494661,828933
494661,828951
829066,829078
829066,829107
829066,829124
829153,829169
829153,829195
829218,829225
829273,829287
829336,829343
829406,829410
829481,829499
829577,829583
829622,829633
829679,829680
836131,829717
829842,829857
829971,829985
830332,830345
830378,830384
830460,830473
830537,830544
830585,830592
806830,830635
830661,830674
645238,830707
645175,830769
800011,830782
830867,830879
830996,831000
831037,831044
1113763,1113771
831253,831269
831305,831314
831351,831367
831305,831398
831474,831488
831555,831564
831658,831662
831731,831749
831783,831796
831783,831823
831875,831881
831945,831950
832011,832024
670524,832053
832114,832122
832180,832198
832292,832302
832360,832373
832409,832413
832478,832484
832478,832510
832478,832534
832568,832575
832620,832631
832727,832736
832727,832762
832893,832903
832961,832974
833018,833025
833060,833073
833115,833127
833162,833170
833213,833221
833266,833278
833369,833376
833400,833416
833459,833463
833542,833557
833590,833601
833640,833655
833693,833705
833849,833854
833896,833906
833947,833952
1014397,1014402
834012,834020
834083,834096
691834,834123
834181,834199
834255,834264
834326,834335
834361,834374
834414,834422
834451,834467
626657,834498
834553,834569
655373,834595
655413,834621
834792,834802
834841,834856
834887,834894
834887,834943
835021,835032
835130,835107
835130,835148
835202,835218
835273,835287
835336,835343
835406,835410
835531,835549
835583,835596
835667,835679
835717,835729
835793,835803
835916,835928
835985,835992
858552,836022
836079,836080
836154,836165
836177,836183
769805,836219
707977,836242
754754,836274
985635,836407
836482,836495
836610,836623
836675,836681
836739,836741
915715,836836
521125,1171537
836917,836929
837208,837212
837277,837283
837404,837415
837458,837462
528533,837539
796265,837600
887175,837671
837721,837732
837946,837951
837998,838006
838052,838068
757654,838099
816032,838121
816032,838150
565199,838355
838454,838465
838522,838533
838607,838611
838844,838859
838925,838939
218128,838987
839128,839137
800011,839246
839331,839349
839383,839396
839438,839440
839562,839570
839562,839602
839641,839656
839706,839710
839821,839832
839866,839878
839930,839948
840029,840038
521125,840086
840135,840142
840231,840249
840283,840296
539577,840347
840381,840399
840458,840462
840502,840518
840587,840594
828277,840628
840685,840692
840732,840745
840876,840882
840914,840922
840967,840979
840967,841002
840967,841025
841094,841104
841143,841158
841213,841221
493407,841278
841348,841353
841437,841444
841485,841492
841535,841542
841672,841686
841751,841767
841812,841820
841854,841865
842009,842013
842078,842084
842111,842124
842182,842195
842239,842241
842304,842315
842370,842389
842423,842434
842475,842481
520782,842512
791034,842554
842614,842622
842740,842755
842900,842916
842900,842944
843091,843101
213394,843275
843321,843332
843402,843418
843528,843537
843571,843585
843782,843795
717701,843867
843931,843949
879318,843977
844108,844112
844149,844154
844226,844235
768506,844328
822749,844363
969499,844430
844476,844482
842078,1114221
1114278,1114284
844545,844550
767655,844760
844891,844901
836177,844940
845099,845109
845215,845227
845301,845317
915715,845386
915715,845420
915715,845449
915715,845483
845567,845579
845630,845648
845703,845719
845742,845757
783686,845828
518798,845918
845960,845973
846011,846024
846146,846151
846180,846198
846318,846325
846409,846413
846445,846450
846534,846547
846575,846581
757654,846654
757654,846677
846727,846736
846791,846801
846855,846864
846926,846935
846974,846988
847163,847171
847440,847455
847602,847618
496060,847641
496060,847673
847734,847747
847734,847775
789464,847813
847982,847995
848031,848049
848168,848175
670524,848201
669758,848272
848414,848422
848480,848498
848548,848553
848645,848650
848697,848700
890877,848792
649232,848825
848856,848860
848936,848943
827611,848970
849092,849102
849160,849173
731176,849224
849282,849295
849346,849351
851491,849435
849555,849564
849627,849636
861524,849689
828161,849712
899869,849749
899869,849777
850028,850037
850224,850230
850269,850276
850380,850398
707977,850426
850643,850658
850708,850712
850847,850852
851064,851072
851064,851103
851249,851254
851352,851368
585180,851502
213373,851556
851594,851600
836079,851732
851811,851824
851869,851876
851914,851922
766047,852020
766047,852049
826526,852199
648067,852229
978948,852240
852293,852303
852357,852361
669942,852524
839641,852595
852645,852650
852645,852684
489206,852737
852936,852943
853003,853019
853074,853088
853493,853504
853562,853570
756706,853602
850269,853710
853747,853752
853866,853878
853924,853930
853976,853982
854045,854050
854045,854084
854124,854130
854124,854169
854124,854182
1114947,1114952
868968,1115055
854434,854447
854481,854499
854481,854520
901938,854549
917690,854577
854874,854888
855022,855033
576259,855080
855154,855165
855226,855235
855328,855337
855453,855469
855545,855550
855597,855606
645175,855668
644683,855702
855760,855773
857232,857245
1003471,1003485
1003526,1003535
1003574,1003588
1003629,1003638
1003693,1003705
856006,856010
856068,856075
818469,856184
731389,856215
856270,856289
856340,856355
856454,856465
793410,856774
856816,856828
856816,856859
857056,857060
857353,857369
646596,857395
857428,857437
766132,857535
708124,857590
857672,857686
690977,857751
857808,857812
857865,857877
211304,857906
857934,857947
857934,857975
857934,857999
857934,858011
857934,858030
858105,858114
858146,858151
858200,858216
796979,1040917
858318,858325
850269,858413
858484,858497
858552,858568
858608,858612
858654,858665
858762,858770
858919,858926
858957,858961
859027,859036
859101,859117
859247,859252
859441,859456
859500,859516
859571,859585
859730,859748
859730,859776
859730,859795
859730,859814
859846,859851
847602,859908
512103,859954
512103,859977
860013,860021
860013,860050
860013,860078
860107,860111
860107,860148
860107,860169
860195,860202
860195,860239
860195,860256
860294,860304
860391,860406
860447,860452
860447,860481
860554,860565
860554,860596
860772,860786
860772,860819
860861,860874
860963,860971
963940,861272
861480,861498
861524,861530
707977,861763
660412,861856
861958,861962
648120,862001
862038,862040
844804,862174
213445,862249
862306,862310
212767,862334
862347,862352
862560,862573
655413,862600
862709,862713
862766,862778
862882,862895
862933,862946
862980,862998
863023,863034
863121,863132
863178,863184
863289,863291
863420,863431
863477,863483
557929,863514
863579,863580
863624,863630
863676,863682
979113,863726
863844,863859
863892,863902
863956,863960
864028,864037
864028,864063
523353,864276
864333,864346
864403,864419
864442,864457
864555,864564
864658,864662
864834,864847
494661,864875
494661,864909
864997,865004
865164,865172
865206,865210
865487,865494
865657,865661
865690,865707
865748,865753
865805,865814
865879,865880
932607,865954
865996,866003
865996,866035
865996,866057
866088,866090
866137,866144
866192,866205
866251,866267
866320,866331
764202,866365
866618,866625
866656,866660
963120,866850
557067,866995
867048,867053
867105,867114
867151,867167
867228,867237
867271,867285
867325,867339
867466,867478
867575,867581
867935,867942
867974,867988
755268,868018
998031,868041
868104,868115
868232,868245
868278,868284
868353,868369
868459,868463
868492,868503
868629,868638
868693,868705
868746,868751
868798,868808
868910,868923
868968,868975
869219,869226
869509,869513
869623,869634
869675,869681
869741,869756
869014,869804
869862,869870
869986,869993
870052,870068
1147386,870178
1147408,870204
1147364,870227
870258,870262
211304,870291
211315,870329
616301,870364
870431,870449
870580,870598
870648,870653
870682,870695
870757,870761
870757,870790
785738,870871
870939,870941
870973,870987
871112,871120
871112,871154
1013668,871196
871257,871261
901938,871337
901938,871385
858552,871407
858552,871430
750596,871476
670524,871509
871815,871827
871889,871891
871940,871955
766047,871986
872057,872061
872100,872144
872171,872185
709869,872214
643161,872280
643161,872312
872515,872527
650170,872570
650170,872591
872641,872656
872710,872723
708021,872752
489206,872907
671727,872948
495429,872995
497607,873054
506790,873134
873272,873286
516734,873335
516734,873357
516734,873374
873446,873451
786407,873595
491180,873650
873728,873737
873785,873792
873785,873825
873785,873841
873785,873860
873785,873887
512103,873936
512103,873958
512103,873970
512103,873991
872641,874104
872641,874127
872641,874143
872641,874162
872641,874189
872641,874209
872641,874221
872641,874245
872641,874266
872641,874284
872641,874307
872641,874324
872641,874348
513449,874395
513449,874416
513449,874437
874535,874542
874601,874617
874746,874751
874812,874820
874883,874896
874952,874968
875029,875038
875093,875103
875161,875174
875231,875249
875306,875310
875375,875381
875415,875427
875415,875458
875518,875525
875560,875573
705478,875628
875685,875692
875732,875745
931366,875848
875882,875895
875933,875946
875980,875998
876037,876044
876102,876118
876141,876156
876269,876276
876269,876305
876351,876367
703211,876398
703211,876426
876457,876461
761560,876572
969499,876627
710676,876708
876754,876765
858552,876796
901938,876810
876881,876899
784894,876921
553717,876950
877009,877013
877124,877130
877176,877182
877260,877273
877336,877343
877406,877410
877531,877549
715220,877738
766047,877786
877819,877826
877900,877916
877971,877985
668206,878036
878070,878089
878402,878418
878494,878500
217962,878559
878592,878603
876457,878642
878688,878690
878688,878724
878753,878769
878753,878795
878846,878851
878898,878908
878996,879007
879030,879048
707425,879076
879114,879122
879167,879179
879228,879237
879228,879263
879318,879325
879360,879373
709415,879450
879547,879552
879612,879620
879677,879683
879727,879736
879791,879801
708916,879872
879974,879988
880022,880033
880120,880131
880177,880183
880344,880359
880411,880424
880509,880513
880578,880584
880668,880675
513449,880702
513449,880739
792036,880760
750596,880787
876754,880827
880870,880889
791925,880917
880964,880972
881032,881045
881084,881097
881153,881169
881153,881195
881336,881343
881389,881391
779162,881512
881605,881614
832011,881646
705649,881680
881786,881793
554694,881900
666810,881944
882002,882018
616939,882094
882143,882158
882297,882307
533794,882330
850269,882376
882463,882471
882798,882808
800450,882831
800450,882865
800450,882896
800450,882923
800450,882981
800450,883011
856973,883105
810752,883151
708021,883216
708021,883244
753757,883292
883339,883341
883339,883373
883421,883432
883497,883506
883497,883534
883497,883568
702681,883727
753653,883758
753703,883789
883872,883886
883926,883935
916422,883988
884029,884038
884072,884086
768736,884119
768736,884142
884188,884190
884231,884249
884306,884310
884352,884368
884458,884462
884539,884541
884539,884573
884600,884616
884709,884713
772034,884882
703314,885071
703367,885102
703419,885139
885160,885173
706576,885276
706887,885305
706887,885367
885426,885435
885474,885488
885529,885538
885572,885586
885643,885658
885868,885875
942763,885950
991557,886004
773310,886036
850269,886062
753611,886138
753757,886164
886402,886418
886487,886494
886592,886603
886642,886657
886805,886814
886908,886912
886996,887008
818288,887031
887388,887390
887433,887446
818469,887096
818521,887134
887175,887181
887303,887319
887480,887498
887632,887645
887684,887697
887737,887744
887785,887792
887825,887839
761560,887943
887962,887970
761778,888042
888100,888116
888233,888246
888280,888298
770171,888383
888558,888562
888591,888602
671727,888706
1115174,1115188
888775,888781
992835,888813
888884,888897
752766,888953
889006,889010
889052,889068
705478,889099
705575,889121
757654,889150
758002,889184
889243,889258
889291,889301
889338,889340
889338,889372
889393,889408
889449,889454
889483,889496
889483,889522
643161,889546
643161,889579
731389,889598
901938,889624
879727,889703
518798,889800
889844,889859
706697,889885
889918,889925
889960,889973
890018,890025
890060,890073
890104,890115
890158,890162
890158,890191
890158,890213
890245,890250
890245,890284
890245,890307
890330,890348
890330,890376
890330,890395
890428,890437
890471,890485
890561,890574
890638,890640
890638,890672
890705,890714
890751,890767
890798,890808
890831,890849
890877,890883
796979,890910
890975,890981
891026,891035
891026,891061
891026,891088
891116,891128
891185,891192
891233,891246
891298,891308
891349,891354
891383,891396
891438,891440
891486,891493
891570,891589
891618,891625
891618,891656
926830,891723
926830,891752
891781,891799
891832,891845
891884,891897
891953,891969
892022,892033
892098,892108
892149,892154
892196,892203
504481,892274
892316,892328
892363,892371
892424,892430
892476,892482
892623,892634
892681,892699
892681,892725
892741,892756
892741,892787
892815,892827
892815,892858
706613,892870
706697,892901
706737,892938
892972,892986
893016,893028
893059,893063
893092,893102
893207,893211
893207,893248
893367,893379
893501,893517
707977,893564
707977,893593
893627,893636
893627,893662
893627,893689
893720,893731
893720,893765
893720,893783
893720,893806
893834,893847
893921,893932
893921,893966
893921,893984
893921,894006
894023,894034
894075,894081
894075,894113
894132,894145
894132,894178
894132,894197
894317,894329
894317,894355
894412,894420
894454,894465
894496,894505
894533,894546
894579,894580
894611,894624
775839,894653
775839,894682
894703,894719
894742,894757
894788,894790
775873,894828
894859,894863
894859,894892
894918,894925
894918,894956
895011,895024
895122,895133
895179,895180
895318,895325
895360,895373
895360,895409
895360,895421
895450,895497
895510,895575
895599,895608
895599,895631
895599,895654
895677,895715
895770,895789
895840,895855
705649,895886
895942,895957
895942,895988
896065,896077
896065,896106
772393,896175
772340,896201
705649,896238
772449,896264
896361,896374
896414,896422
896498,896507
896498,896530
896595,896609
896645,896650
896825,896839
708078,896860
708078,896894
896943,896958
897004,897015
897004,897043
897138,897140
897138,897172
897138,897193
897138,897210
897247,897252
897247,897281
897247,897309
897247,897321
897350,897366
897425,897439
897473,897487
897473,897516
897473,897537
897473,897559
897473,897571
897635,897642
897688,897690
897730,897748
897730,897776
897730,897795
897730,897814
897730,897833
897730,897851
897880,897898
897880,897920
897880,897949
897996,898009
897996,898032
898169,898176
898218,898225
898260,898273
898304,898315
898343,898358
898389,898391
898434,898447
898475,898481
898531,898549
898531,898577
898605,898614
898605,898646
898605,898667
898605,898680
643103,898701
643103,898738
643161,898772
643161,898793
643161,898819
707332,898835
518798,898861
518798,898890
518947,898916
518947,898944
898963,898971
898963,899001
899029,899038
899029,899064
891618,899086
707977,899208
701308,899277
899306,899310
899399,899404
899462,899470
899518,899525
899637,899644
899685,899692
899784,899797
899869,899876
878949,899905
900010,900023
900068,900075
900109,900113
900150,900166
900215,900227
900262,900270
900317,900329
919778,900364
707977,900408
900449,900454
900483,900496
900522,900533
900567,900579
900607,900611
900682,900695
900735,900742
850269,900774
900816,900828
800450,900871
900960,900973
900960,901005
900960,901022
900960,901046
616145,901080
901112,901120
901165,901177
901165,901203
901165,901226
901257,901261
901371,901385
901411,901424
901509,901513
901509,901545
901578,901584
886234,901610
886234,901647
901675,901681
899869,901858
901938,901940
901938,901972
902003,902019
705478,902128
902185,902192
902246,902251
753703,902308
902331,902349
902377,902383
902440,902455
902515,902527
900522,902558
900522,902589
708078,902641
771473,902673
902768,902775
902832,902845
902884,902897
902884,902924
899685,902948
899685,903008
903031,903049
903083,903096
903083,903123
903152,903168
903152,903199
903152,903217
880411,903238
903303,903319
903303,903342
880411,903361
903390,903405
903553,903569
903621,903632
903697,903700
903744,903759
903785,903792
903894,903904
903991,904002
904041,904056
904094,904104
904143,904158
634843,904330
786407,904395
744949,904437
904503,904519
904557,904561
904590,904601
904664,904672
904705,904714
904854,904865
904947,904952
905072,905086
905254,905265
905306,905310
905352,905368
905427,905436
905491,905502
905541,905556
905709,905713
905745,905750
905824,905830
514351,905922
905980,905998
906085,906092
906156,906160
906207,906211
906295,906305
603197,906461
906564,906572
906604,906615
906731,906749
558538,906852
887229,906913
906966,906978
907009,907013
776370,907097
907195,907202
907241,907256
907294,907304
907343,907358
907391,907406
907447,907452
907531,907549
907614,907622
907698,907701
1048911,1048924
907835,907842
907985,907992
908036,908043
908172,908186
908366,908378
908494,908500
908544,908559
908642,908657
552571,908711
912226,908805
908880,908898
908931,908949
603270,908983
909053,909069
909228,909237
909445,909450
909497,909506
909568,909575
909608,909612
909696,909704
909789,909791
909974,909988
910039,910041
910170,910189
910266,910278
910307,910311
914477,910395
910459,910463
910542,910557
910686,910693
910820,910831
910820,910865
910820,910883
910968,910975
911035,911042
911100,911116
911298,911308
911298,911331
1135457,911504
822749,911536
666810,911639
782198,911656
710676,911687
911768,911775
911850,911866
901938,911897
911948,911953
911948,911982
912014,912022
912067,912079
912226,912235
777295,912261
912344,912359
912392,912407
912469,912476
912532,912545
940834,912815
912938,912940
912986,912993
913207,913211
913276,913282
914178,914184
914270,914289
914329,914338
914372,914386
912226,914412
914477,914483
914477,914514
861524,914533
914579,914580
518798,914611
518798,914648
914676,914682
895599,914742
518947,914774
914816,914828
895450,914859
895510,914885
895510,914918
914956,914960
889918,915007
915082,915095
915151,915167
491048,915198
915237,915244
915237,915271
915302,915318
915356,915360
915356,915394
863892,915413
863892,915445
773659,915466
915497,915506
915497,915534
915568,915575
915612,915620
915677,915683
915715,915727
915791,915801
915791,915838
915919,915926
916645,915974
581417,916936
580039,916962
916991,917004
917129,917138
862254,917206
868311,917252
824563,917309
917402,917418
917456,917460
917456,917494
917528,917537
917528,917563
917592,917603
769949,917661
917748,917753
770930,917782
917867,917879
917912,917920
917965,917977
917965,918009
918045,918050
918045,918084
708021,918111
918176,918182
918176,918218
918273,918287
918327,918336
918362,918370
705886,918406
705886,918434
705886,918452
918481,918499
918481,918520
918481,918549
706083,918565
706083,918596
706083,918614
706181,918633
706181,918667
706181,918680
918717,918729
918717,918755
706238,918772
706238,918803
918835,918842
918835,918874
918835,918890
918963,918971
919017,919029
899306,919072
919126,919135
919126,919161
919126,919188
919126,919208
919126,919220
861759,919265
919296,919306
879727,919334
919427,919436
900010,919462
919491,919502
919491,919539
705817,919587
919637,919644
900522,919671
919778,919784
915715,919811
919848,919853
757789,919882
915715,919979
920007,920011
920048,920053
705817,920082
920198,920200
920259,920263
710676,920292
710676,920325
710676,920341
837404,920387
920445,920450
920547,920552
920599,920608
920599,920631
920599,920654
920677,920683
920677,920715
920677,920736
920758,920762
705373,920791
705421,920886
920919,920926
920961,920974
921010,921023
708078,921052
921099,921109
921145,921150
701246,921204
701246,921236
701246,921258
701246,921270
921301,921317
921301,921340
921301,921364
921301,921386
921412,921420
921496,921505
921496,921533
892578,921551
892578,921580
892578,921607
892521,921648
892521,921676
892521,921703
892521,921726
921757,921761
921816,921828
920007,921859
920007,921885
920007,921941
921973,921987
921973,922015
921973,922070
922101,922117
922186,922223
922275,922281
922313,922321
922425,922439
922473,922487
922516,922528
922516,922571
922592,922603
922592,922635
922592,922657
922690,922707
922730,922748
922730,922776
900960,922814
922851,922867
900960,922912
923013,923021
923013,923050
771690,923078
771690,923107
923130,923148
708336,923176
923218,923225
923304,923315
923362,923370
923447,923452
923520,923531
923520,923565
923622,923633
923701,923717
923764,923772
923764,923803
923835,923842
923888,923890
923888,923928
923944,923959
923944,923985
924026,924035
924074,924088
924128,924137
893059,924163
893059,924214
892972,924251
892972,924308
924349,924354
924349,924383
924349,924401
924349,924429
893016,924493
924543,924558
706771,924589
706650,924618
703314,924641
703314,924673
706697,924694
706697,924747
706737,924781
706737,924832
924884,924897
924884,924924
924969,924976
703419,925002
703419,925039
706771,925056
706771,925104
925158,925162
706650,925191
706650,925245
895677,925284
925311,925324
925376,925382
925437,925444
925437,925471
925526,925535
925574,925588
925629,925638
915715,925686
925714,925722
702634,925779
702584,925808
925831,925849
702634,925877
925910,925923
925968,925975
708916,926029
926064,926072
926119,926126
926119,926157
926190,926208
926249,926254
926310,926323
926352,926368
926404,926415
926404,926443
706839,926462
706839,926491
753885,926541
926616,926628
926616,926659
926616,926671
926713,926721
926784,926797
926830,926848
926876,926882
891884,926914
754141,926946
754194,926979
892022,927005
884306,927033
927067,927079
891618,927108
754194,927154
518798,927219
518798,927257
518798,927274
518798,927290
518798,927328
518798,927344
893141,927363
893141,927392
893141,927411
893141,927430
895599,927453
895599,927482
895599,927513
893276,927532
893276,927566
893276,927584
893276,927606
706927,927652
706927,927681
707004,927702
707004,927739
927787,927794
927787,927827
927787,927843
927787,927862
927891,927901
927891,927938
927891,927955
927891,927972
773659,927993
928037,928044
928085,928092
928085,928125
928187,928194
928276,928282
928333,928346
928403,928419
928461,928474
929569,929576
929632,929645
929632,929678
818739,929697
1054213,1054221
818739,929716
929744,929759
929785,929792
929785,929825
929785,929841
929894,929904
929943,929958
930003,930019
930137,930144
930365,930377
930438,930440
932757,930536
930589,930591
930641,930656
930706,930710
930866,930878
930911,930924
528648,930976
931015,931027
931091,931101
931140,931155
769805,931186
931252,931268
707425,931313
931366,931378
758002,931418
931456,931460
931528,931537
931571,931585
931626,931635
931661,931674
931730,931748
931782,931795
931880,931898
931996,932006
902440,932052
932099,932109
933254,933265
933306,933310
933375,933381
933375,933415
992358,933458
992389,933470
791150,933491
933560,933573
933628,933637
933685,933692
935548,935553
895599,935582
895677,935613
705817,935645
935697,935700
935759,935763
935802,935818
935856,935860
935904,935915
935958,935962
936009,936013
936066,936078
936148,936153
936218,936225
936287,936294
936358,936362
936410,936423
936468,936475
936512,936520
936577,936583
894023,936633
518947,936738
754333,936764
703211,936793
643103,936842
754333,936874
708916,936890
936944,936959
895599,936985
937016,937028
707977,937059
643103,937085
518947,937102
702634,937125
937173,937187
925968,937269
937305,937314
937403,937419
920007,937442
937488,937490
937529,937538
932859,937564
923944,937615
891116,937636
937670,937689
937712,937720
937806,937810
937875,937881
926190,937913
923944,937966
923944,937984
754141,938005
754194,938033
708336,938067
932757,938112
861524,938165
938226,938235
938274,938288
938371,938385
938476,938482
938521,938532
938597,938606
938699,938702
938741,938756
932653,938787
932682,938815
932757,938843
938901,938917
938955,938964
939018,939025
939060,939073
933029,939104
789464,939158
926119,939189
939245,939250
939284,939297
939395,939400
939444,939459
939492,939503
939542,939557
939746,939751
939798,939808
939831,939849
939999,940000
940173,940187
798754,940211
940295,940305
850538,940333
940398,940403
798754,940529
798754,940540
521194,940586
940643,940658
798754,940749
940834,940847
488409,940875
488409,940909
571952,940945
528533,940984
488919,941029
521125,941126
572009,941161
572050,941190
766047,941254
798754,941283
941347,941352
941399,941404
941443,941458
928691,941489
890751,941541
875518,941587
941644,941659
941713,941721
941766,941778
941811,941824
941876,941882
922101,941933
942049,942054
942096,942106
942134,942147
942217,942229
942335,942342
1042519,1042526
942422,942433
892196,942467
518947,942498
893276,942524
942569,942576
942621,942632
942678,942684
942716,942728
942763,942771
717701,942802
942839,942841
942927,942936
705421,942989
943026,943035
943074,943088
943656,943660
943781,943799
692506,943845
944009,944013
944148,944153
944182,944195
944225,944239
944260,944273
944336,944343
944370,944389
944410,944423
944565,944577
944633,944646
944698,944701
944874,944888
945005,945014
945067,945079
945112,945120
945363,945371
945448,945453
1101233,945482
1147514,945513
1147522,945545
1147505,945578
1147496,945606
945756,945760
925311,945891
945929,945938
955861,945964
955861,945993
946023,946034
946099,946109
946145,946150
946145,946184
946227,946236
946270,946289
946270,946317
946364,946372
947025,947039
947127,947136
947170,947189
947307,947311
680259,947376
947492,947503
947535,947542
947574,947588
947686,947693
947733,947746
795999,947779
947798,947808
947849,947854
947952,947968
948007,948011
948069,948076
948114,948122
948151,948167
948200,948216
948318,948325
948360,948373
504287,948421
948466,948478
703269,948506
893016,948534
948581,948599
948631,948649
708916,948677
643103,948727
643161,948758
861524,948801
705478,948893
948935,948942
923944,948974
708916,949004
949089,949091
949138,949140
949210,949223
884709,949268
946483,949313
949350,949366
949425,949439
949425,949460
952007,949528
952007,949559
899306,949571
949603,949619
949603,949642
949603,949674
654197,949724
949805,949814
949879,949880
949949,949954
902768,950004
902768,950043
950070,950089
504287,950138
950210,950223
950252,950268
950299,950309
950366,950378
950366,950402
950366,950425
950460,950473
950585,950592
950688,950690
950724,950730
950769,950776
950805,950814
895677,950846
950879,950880
950920,950931
950977,950983
926119,951016
951059,951063
951102,951118
891618,951141
951194,951207
927067,951253
790649,951282
951322,951333
951367,951379
951419,951426
951419,951457
900960,951474
951564,951572
952216,952228
952271,952285
952356,952360
952394,952409
952466,952478
952552,952568
953416,953428
953463,953471
953463,953503
953463,953526
953557,953561
953601,953617
953601,953640
881084,953664
881084,953693
953849,953854
953849,953883
566130,957628
953934,953947
953934,953975
953934,953999
954054,954065
506099,954096
487395,954134
954168,954175
954217,954229
954303,954319
758002,954361
954498,954507
954582,954595
954716,954728
954785,954792
954839,954841
954887,954894
954936,954943
955045,955050
955107,955111
955169,955176
955273,955287
955343,955358
955468,955475
955565,955577
955633,955646
955729,955738
955786,955793
955861,955874
955916,955928
956005,956014
956112,956120
956274,956288
705421,956316
956392,956407
956448,956453
957064,957072
957119,957126
957188,957190
957254,957265
957296,957306
957399,957404
957399,957436
957811,957824
957853,957869
957946,957951
958006,958010
958178,958184
958393,958408
958496,958505
958567,958579
958607,958611
958676,958682
958761,958774
958816,958828
958863,958871
958918,958925
875830,958956
705421,958987
959026,959035
668089,959320
959331,959349
959354,959365
959417,959429
959543,959440
730033,959455
959472,959486
729913,959493
729913,959504
729966,959515
729966,959527
959618,959625
959687,959694
959687,959723
769441,959747
959775,959781
959813,959821
959884,959897
959930,959948
960008,960012
960054,960065
960147,960152
960147,960181
960147,960217
645943,960240
216350,960390
959417,960414
960467,960479
960697,960700
960763,960771
960841,960856
584607,960936
758002,961011
961105,961114
961151,961167
961216,961228
547304,961302
901938,961360
901938,961413
961450,961466
863023,961497
961523,961534
961736,961743
958761,961770
736494,961801
753703,961855
933040,961886
961935,961942
961988,961990
962194,962207
962269,962276
962269,962305
962419,962426
698197,962442
625517,962517
962555,962564
962627,962636
962662,962670
521754,962823
528533,962932
558538,963005
528648,963033
836177,963067
943251,963108
963120,963131
963120,963165
557929,963196
793410,963274
856816,963316
856816,963344
731130,963385
856973,963424
698197,963453
800450,963509
800450,963521
963550,963566
963606,963610
963647,963652
963699,963702
963741,963756
963794,963804
963858,963862
964036,964058
964268,964275
964332,964345
964397,964402
964441,964456
964528,964537
964592,964603
814228,964642
964674,964688
521194,964748
521194,964769
882798,964782
521125,964822
905427,964912
755418,964949
755418,964977
521125,964996
965074,965088
965144,965159
965192,965205
965365,965377
865690,965429
965438,965440
966056,966060
966094,966104
966136,966143
966311,966324
1135457,966353
966400,966416
966459,966463
966503,966519
966557,966561
999435,966601
946483,966655
966693,966705
879727,966733
966820,966831
703269,966877
703314,966910
703367,966952
703419,966999
703211,967034
701515,967068
967099,967109
967145,967150
569617,967197
785992,967598
785992,967624
967648,967653
518798,967859
518798,967871
518947,967939
518947,967956
518947,967973
518947,968001
518947,968029
968157,968161
968220,968231
968277,968283
968352,968368
705886,968415
706083,968443
706181,968470
970392,968502
970411,968539
932735,968560
757789,968637
760322,968663
968692,968709
705373,968778
931366,968807
968830,968848
968882,968895
921301,968922
968967,968979
492403,969009
492403,969032
969066,969078
969124,969130
934180,969169
969195,969202
969241,969256
890798,969287
969315,969327
920007,969358
969391,969406
889844,969434
708287,969468
969499,969508
892521,969531
892578,969565
969605,969614
752766,969646
711509,969679
771690,969701
969740,969755
922275,969786
969842,969857
926876,969888
969944,969959
970014,970022
970067,970079
861524,970149
895599,970177
970219,970226
970261,970274
970344,970359
970610,970623
970681,970699
970794,970804
970929,970938
970929,970964
971009,971013
971078,971084
971124,971130
971182,971195
971239,971241
971304,971315
971362,971370
971406,971410
971447,971452
971508,971512
711288,971549
971583,971596
971633,971646
711235,971679
971717,971729
971764,971772
971819,971826
971861,971874
971900,971916
971959,971963
926119,971992
972039,972041
972087,972094
972158,972162
972209,972213
972250,972266
972307,972311
972395,972400
972444,972459
972485,972492
653333,972601
972617,972629
972968,972975
834887,973053
646596,973095
646596,973114
739372,973133
739372,973151
901938,973228
802101,973292
973341,973356
210870,973387
973510,973523
973552,973568
919254,973599
973631,973649
802494,973677
711165,973727
506465,973758
973791,973801
891116,973838
973872,973886
973872,973919
706887,973935
701515,973961
973990,974001
974040,974055
974093,974103
974142,974157
974190,974208
568079,974277
974375,974381
974462,974470
974539,974541
974587,974594
974663,974671
974750,974766
974824,974830
974946,974951
975000,975016
975071,975085
975125,975139
850269,975160
850269,975194
850269,975211
879612,975230
879612,975269
879612,975282
879612,975305
975322,975333
975322,975367
919254,975380
919254,975419
975442,975457
975442,975488
975442,975501
891781,975529
891781,975564
975586,975593
793202,976036
488292,976058
643161,976089
644683,976117
976164,976172
976350,976366
834553,976397
976460,976473
976528,976537
976571,976585
976642,976657
976707,976711
976753,976769
976805,976814
976851,976867
976912,976920
976983,976996
977049,977054
977096,977106
977168,977175
977229,977238
929181,977264
902440,977293
977335,977342
577504,977467
543020,977511
579398,977684
977716,977728
505316,977759
505261,977785
895510,977818
977856,977860
927067,977915
927067,977962
707425,977989
816032,978019
978088,978090
978088,978128
978088,978144
978088,978163
978088,978185
978214,978222
978214,978251
978214,978279
978214,978298
1115882,1115895
978312,978320
978312,978354
978312,978377
978396,978401
978396,978438
978396,978455
978396,978472
978493,978504
978493,978536
978493,978558
978493,978570
978602,978618
978602,978641
978602,978660
978602,978687
978602,978706
915356,978747
883421,978775
978832,978845
978832,978878
978832,978897
573332,978976
979052,979068
979113,979150
979113,979178
979197,979204
979329,979338
902768,979364
902768,979393
974946,979420
968967,979454
979477,979483
979477,979514
979533,979546
979533,979579
978312,979598
979624,979630
979682,979695
979682,979726
979774,979788
979828,979837
971124,979863
979892,979902
979973,979987
980045,980050
958761,980084
980124,980130
980195,980202
980241,980256
980287,980294
980336,980343
980389,980391
980481,980499
980554,980565
980605,980614
980701,980717
980755,980764
980793,980803
916319,980835
648165,980985
981326,981342
981388,981390
553078,981632
981771,981785
813905,981818
981860,981873
981915,981927
982040,982055
982103,982119
982103,982142
982220,982231
982220,982265
982347,982352
982436,982443
982502,982518
982556,982560
982637,982644
982685,982692
982732,982745
982784,982797
982869,982876
507733,983132
983262,983270
983317,983329
983364,983372
983412,983420
983514,983522
983551,983567
555672,983598
980755,983624
983653,983669
983703,983719
983757,983761
816410,983885
983973,983987
984028,984037
984071,984085
653457,984118
984173,984187
984398,984403
984474,984488
984517,984529
984586,984593
984627,984636
987432,984689
984720,984731
984777,984783
984823,984834
984868,984875
984909,984913
984945,984950
985140,985155
571831,985172
985268,985275
985350,985366
1043146,1043151
985500,985516
985500,985544
985500,985563
985635,985642
985846,985851
985880,985898
985931,985949
753184,985996
935054,986026
986088,986090
986192,986205
986233,986246
986233,986279
925968,986312
986377,986383
708520,986417
516057,986455
985252,986504
986558,986562
986591,986602
705237,986639
928572,986687
751802,986723
751841,986752
704465,986781
704505,986813
704546,986845
704580,986878
702363,986907
702407,986930
702448,986969
987011,987024
987114,987122
987114,987151
987360,987373
916255,987409
987432,987445
987484,987497
987534,987547
987581,987599
987631,987649
987677,987683
987791,987801
971009,987838
987864,987872
987957,987961
988056,988060
988073,988087
988094,988104
914178,988136
988232,988245
988369,988376
988535,988542
988601,988617
988655,988664
988655,988693
988733,988746
988798,988808
988854,988865
988906,988910
751511,988968
989051,989067
989165,989177
989165,989203
989257,989261
989300,989316
644683,1052694
989469,989476
989509,989513
989545,989550
989634,989647
989675,989681
989725,989739
989787,989794
989827,989836
989891,989901
989940,989955
989993,990001
990038,990040
990086,990093
990135,990142
990188,990190
951708,990249
990283,990296
990334,990347
990381,990399
990436,990443
990470,990489
990525,990539
990573,990587
990628,990637
989634,990663
989597,990692
990750,990766
990824,990830
990869,990876
990933,990946
991087,991094
991136,991143
991170,991189
991213,991221
991278,991284
991311,991324
991353,991369
991395,991400
991459,991463
991503,991519
991590,991601
991638,991640
991705,991714
991751,991767
784645,991975
992520,992531
992605,992614
992646,992651
992698,992701
992740,992755
987581,992786
992890,992900
654828,992959
657833,992971
657730,992992
658928,993015
993043,993058
993101,993117
993172,993186
993418,993425
993516,993528
993592,993603
993805,993814
993867,993879
993920,993931
993983,993996
994051,994067
980755,994149
974190,994196
994235,994242
987432,994288
865384,994316
994359,994363
994513,994521
994566,994578
994634,994647
994699,994702
952631,994794
995412,995420
995454,995465
994836,994843
700127,994917
700127,994940
700127,994986
700127,995006
700127,995023
506939,995075
656031,995132
995150,995166
995289,995291
995505,995514
996048,996053
996133,996146
996180,996198
996302,996318
996356,996360
996432,996445
1003746,1003751
995505,995546
995580,995598
995630,995648
757654,995735
995761,995774
995800,995816
996506,996510
996575,996581
996620,996631
996677,996683
996758,996762
996801,996817
996893,996903
996961,996974
997035,997042
1294337,1294344
1294476,1294482
1294668,1294675
1295023,1295034
1295329,1295338
1053839,1295505
1295669,1295676
1295757,1295761
1295863,1295871
1295973,1295987
1296114,1296122
1296292,1296302
1296373,1296387
1296484,1296497
1296599,1296608
1296704,1296715
794625,1296919
1297074,1297088
1297192,1297205
591651,1297279
1297515,1297527
1297660,1297673
862368,1297866
1297948,1297953
1298181,1298199
1298405,1298414
1299071,1299085
1299269,1299276
1299823,1299834
644683,1299945
1300123,1300134
1300632,1300645
1300792,1300802
996432,1300927
1300991,1301007
1301413,1301421
1301568,1301575
1301893,1301903
1303257,1303261
1303424,1303430
1303699,1303702
1303858,1303862
1304129,1304138
1304299,1304309
1304537,1304544
1304661,1304674
1304822,1304833
1304931,1304949
1305042,1305057
1305137,1305144
1305308,1305312
1305396,1305429
1305694,1305706
1305884,1305897
1306162,1306170
1306250,1306266
1306492,1306503
1306883,1306896
1307132,1307145
1307227,1307236
1308254,1308265
1308375,1308381
761038,1308556
674397,1308616
674439,1308807
1308882,1308895
1308979,1308980
1309078,1309097
1309202,1309218
1309294,1309304
1309772,1309786
1310397,1310402
1310867,1310879
753653,1311351
1311909,1311913
1312146,1312151
1312394,1312409
1312620,1312631
1312758,1312762
915715,1312935
1313162,1313170
1313485,1313492
1313574,1313588
1313705,1313714
1313574,1313780
890751,1313906
522840,1313975
1314264,1314272
1314342,1314357
1314467,1314479
1315218,1315225
1315327,1315336
763799,1315508
763799,1315698
1315963,1315971
1316033,1316046
1316741,1316756
705575,1316827
999156,1316917
1316986,1316993
1317093,1317103
1317375,1317381
1317541,1317556
1317671,1317685
1317946,1317951
1318023,1318034
1318113,1318121
889243,1318329
1318449,1318454
1318774,1318788
1318960,1318973
1319042,1319057
1147289,1319100
1319192,1319205
1182082,1319251
889243,1319377
1319948,1319953
753496,1320009
1002547,1320130
1320182,1320195
1208441,1320287
1320358,1320362
1320512,1320520
1320605,1320614
835273,1320680
658667,1320819
1157631,1320928
1212964,1321031
1321096,1321106
1321229,1321238
1321582,1321595
1321716,1321728
1321785,1321792
1321856,1321860
1321962,1321970
1322055,1322064
1322161,1322174
1157631,1322249
1322489,1322491
987360,1322637
1322732,1322745
1224279,1322797
1322895,1322905
1322998,1323006
1323081,1323099
1323215,1323227
895599,1323270
1323355,1323364
1323546,1323551
1323973,1323987
1323081,1324092
820507,1324156
1324461,1324474
1324658,1324662
1324783,1324796
1324875,1324881
1325004,1325015
1325281,1325299
1325397,1325402
1326035,1326042
1326365,1326377
1326536,1326543
1326618,1326625
1326775,1326781
951102,1326897
1327053,1327069
1327200,1327216
997171,997185
997354,997365
997354,997396
997354,997417
997455,997464
528800,997515
528682,997562
997602,997618
558538,997641
943246,997694
943246,997723
956938,997821
997850,997866
557929,997924
997953,997969
997995,998008
1049052,1049068
1050204,1050215
643161,1052747
1000313,1000321
1000366,1000378
212437,1000473
1000626,1000635
1000661,1000674
1000782,1000795
1000879,1000880
927067,1000912
1000954,1000965
1001000,1001016
1000954,1001044
1001085,1001092
1001139,1001141
887962,1001173
989675,1001224
990628,1001253
990573,1001282
998134,998147
998181,998199
499370,998272
998374,998388
998446,998451
998511,998524
900960,998576
998609,998613
923944,998645
998697,998700
998744,998759
998785,998792
998841,998856
998936,998943
998989,998991
999037,999044
999071,999085
951102,999118
999156,999160
989940,999194
999230,999248
999282,999295
999333,999346
999380,999398
999435,999442
999488,999490
999538,999540
999586,999593
999636,999643
633954,999670
989634,999708
999765,999777
751569,999806
999868,999875
999913,999921
999966,999978
1000015,1000027
1000062,1000070
1000101,1000117
1000140,1000155
1000193,1000206
1000247,1000252
1000879,1001314
1001380,1001398
964268,1001777
804246,1001806
1001909,1001913
1002053,1002069
526675,1002114
1002180,1002198
1002271,1002285
1002341,1002356
1005084,1005097
1027269,1027276
1027398,1027403
789464,1027636
1027689,1027691
1027689,1027720
1027754,1027765
1027810,1027823
553764,1027834
553900,1027852
1027950,1027966
1028005,1028014
1028046,1028051
1028120,1028131
1028290,1028300
1028371,1028385
1028476,1028482
1028476,1028513
1032879,1032898
978948,1032912
980916,1157497
1033241,1033256
1033294,1033304
858552,1033336
1033370,1033389
1033447,1033452
1033554,1033565
1033614,1033622
1033651,1033667
1033764,1033772
496060,1033819
509851,1033857
1033971,1033985
1034090,1034100
1034205,1034214
1034251,1034267
592025,1034312
985252,1034354
1002394,1002409
1002432,1002445
1002478,1002484
1040079,1040112
1002683,1002696
1002770,1002789
1002840,1002855
1002935,1002942
1003002,1003018
1003189,1003191
816107,1003221
727953,1041793
1042629,1042638
1054307,1054311
1054812,1054820
541668,1003780
1003849,1003854
1003896,1003906
1003968,1003975
1003968,1004008
1004096,1004106
1004147,1004152
1004303,1004319
1005239,1005241
525241,1005389
683410,1005468
1005549,1005554
1005596,1005605
1005633,1005646
1005679,1005680
1005717,1005729
1005803,1005819
1005928,1005937
784759,1006079
1006108,1006112
1006183,1006196
706887,1004405
706887,1004433
1004479,1004480
1004569,1004576
1004716,1004728
1004763,1004771
1004802,1004818
708520,1006226
1006300,1006316
1006359,1006363
1006407,1006411
1006453,1006469
1006509,1006513
1006578,1006584
1007017,1007029
1007064,1007072
1007119,1007126
1119413,1119478
1144805,1144814
1101116,1101128
1106632,1106645
1110761,1110788
1111079,1111080
1111203,1111219
858552,1007249
1007306,1007310
1007352,1007368
1007404,1007415
1007458,1007462
999765,1007491
1007539,1007541
952801,1007573
1007616,1007628
951102,1007671
1000193,1007709
1007951,1007967
1008329,1008338
1008533,1008546
1008695,1008703
1008837,1008844
1008885,1008892
1008956,1008960
916077,1009019
1009090,1009100
1111827,1111836
768789,1112747
755846,1112832
1113054,1113065
1113255,1113264
1113319,1113326
1012540,1012555
1012643,1012658
1012868,1012875
1012945,1012950
1013014,1013022
964268,1013051
1013079,1013098
1013067,1013108
1013407,1013411
1013964,1013972
1014027,1014036
1113887,1113894
1114444,1114459
1114693,1114705
876564,1114779
1114820,1114831
889052,1115086
1115436,1115443
1115436,1115491
1115560,1115573
1116253,1116269
1116295,1116305
1010841,1010856
1010943,1010958
1011146,1011151
1011198,1011200
1011237,1011244
858552,1011360
1011466,1011478
1011612,1011620
1011727,1011736
1011789,1011791
1011789,1011829
1011789,1011840
1011789,1011864
1011988,1012000
1012207,1012211
613799,1012248
1012379,1012380
1012474,1012488
1054395,1054400
1009320,1009331
1009383,1009396
1009429,1009438
1009493,1009504
1009543,1009558
1009591,1009602
1009809,1009813
1009866,1009878
1009907,1009911
1009969,1009976
1010054,1010065
1010123,1010134
852293,1010238
1010342,1010357
1010451,1010467
1010507,1010511
858552,1010728
1049204,1049215
1049258,1049262
1049301,1049317
1050291,1050301
1050431,1050449
1050505,1050514
220282,1050703
1040316,1040328
1040363,1040371
1040430,1040448
1041084,1041097
706697,1116691
1021281,1287133
1287387,1287394
1287620,1287631
814228,1288143
1288221,1288232
1288307,1288311
1288638,1288640
1288883,1288896
1289022,1289067
926830,1289550
1289668,1289675
1289804,1289815
1289986,1289993
781461,1290220
1290368,1290375
499370,1291311
1291463,1291471
1291542,1291557
1291638,1291640
1291722,1291733
697135,1292107
1292447,1292452
211315,1292701
1293186,1293193
1293378,1293384
1293460,1293473
1293559,1293563
1293642,1293657
1293753,1293769
553078,1293833
1293931,1293949
1014234,1014247
1014309,1014313
1014473,1014487
915715,1014516
1014563,1014571
1014603,1014619
922313,1014642
920007,1014674
921973,1014711
705817,1014748
1014795,1014805
1014833,1014846
1014880,1014898
1014880,1014920
1014977,1014983
1015042,1015057
1015128,1015137
700127,1015163
1015312,1015320
1014397,1015396
1042751,1042767
495429,1052821
1052969,1052976
1053264,1053272
1053511,1053524
1014397,1015417
1015440,1015455
1015440,1015486
1015440,1015504
1015536,1015543
1015589,1015591
1015641,1015656
1015694,1015706
751700,1015747
922186,1015775
922186,1015809
922186,1015821
1015845,1015850
1015845,1015884
1015845,1015907
1015924,1015930
1015924,1015969
1015982,1015995
1015982,1016025
922313,1016041
922313,1016073
705817,1016094
705817,1016127
1016191,1016209
1016245,1016250
1016311,1016324
1016428,1016437
1016526,1016535
858552,1016561
899306,1016617
1016722,1016733
1016877,1016883
1017150,1017166
1017243,1017258
1017291,1017301
1017364,1017372
870431,1017408
1017477,1017483
1017669,1017676
1017719,1017726
875882,1017816
875882,1017844
1017918,1017925
1017918,1017956
1054952,1054968
945929,1116806
703269,1116834
1041819,1041826
1041888,1041890
1101171,1117097
1104695,1104703
1104828,1104837
1105133,1105146
499481,1105216
1105271,1105285
211241,1044103
1044347,1044352
1051699,1051702
1052035,1052042
1052246,1052251
1052377,1052383
1117111,1117124
1117195,1117202
853493,1117370
1117738,1117740
1106737,1106744
1107101,1107117
1100191,1100209
1118795,1118805
1118908,1118912
1119007,1119011
1018001,1018017
1018055,1018064
1018103,1018119
1018220,1018231
1018277,1018283
925311,1018310
1018525,1018539
1018616,1018628
1018721,1018732
1018811,1018824
1018882,1018895
904094,1019009
1019032,1019045
1019084,1019097
1019202,1019218
1019273,1019287
1019327,1019336
1019391,1019406
1119990,1120001
1120103,1120119
1019447,1019452
1019565,1019577
1019614,1019622
1019667,1019679
1019729,1019738
1019888,1019890
1020042,1020057
1020090,1020100
1020137,1020144
1020185,1020192
1020279,1020280
1020320,1020331
1020396,1020401
1020486,1020493
1020536,1020543
1020625,1020639
1020734,1020747
1020781,1020799
1020832,1020845
214283,1020884
1020953,1020969
1021004,1021015
1021070,1021089
1021117,1021129
1021186,1021193
1022420,1022431
1049355,1049364
1050892,1050902
1021234,1021247
1021281,1021299
1021397,1021402
1021500,1021516
700127,1021661
1021880,1021898
1020320,1021949
1022243,1022258
1022648,1022653
1022800,1022816
881084,1022844
1022902,1022918
1022973,1022987
1041124,1041130
1053621,1053632
1054664,1054672
1042002,1042018
761560,1023038
1023093,1023103
1023126,1023135
1023161,1023174
1023254,1023265
1023404,1023415
1023443,1023458
528533,1023539
698197,1023573
698197,1023600
698197,1023628
1023671,1023685
1023671,1023713
528301,1023732
528243,1023784
529100,1023830
529003,1023882
1023967,1023979
1024122,1024133
1024302,1024318
1024373,1024387
1024421,1024432
1024599,1024608
1042812,1042820
1100348,1100353
1105356,1105360
1106031,1106049
1024665,1024677
1024665,1024704
980755,1024727
1024791,1024801
1024840,1024855
487395,1024886
990869,1024926
1025008,1025012
707193,1025049
1025106,1025110
661316,1025168
1025272,1025286
890751,1025319
1025342,1025357
1025390,1025405
973872,1025433
891116,1025467
775342,1025480
980755,1025507
1025569,1025576
987631,1025621
991437,1025650
1107172,1107186
1111448,1111453
1111938,1111940
1113390,1113405
1113943,1113958
1114865,1114877
1115637,1115644
1116419,1116426
706737,1116720
950724,1116868
987534,1117107
1119568,1119575
1025737,1025744
1025887,1025894
1025936,1025943
1026021,1026032
1026078,1026084
1026169,1026176
1026218,1026225
1026304,1026315
579322,1026447
1026577,1026583
796979,1026701
1026900,1026916
1026985,1026992
1027063,1027071
1027156,1027160
1027211,1027224
1033764,1120208
1122729,1122738
1124022,1124033
1124363,1124371
1124469,1124482
1124718,1124725
1125828,1125837
1126200,1126216
1127163,1127171
1128286,1128293
1129540,1129555
654052,1130476
1132542,1132557
655413,1133421
1034383,1034396
1034504,1034515
1034543,1034558
1034639,1034641
1034687,1034694
1034768,1034781
1034768,1034799
1034813,1034821
219960,1035284
1035542,1035557
1035672,1035686
1035751,1035767
953849,1035975
946956,1036072
946956,1036103
946956,1036126
797149,1036142
1134161,1134174
1134766,1134778
1136321,1136332
1136585,1136592
1137049,1137054
1137569,1137576
1139607,1139611
1141024,1141030
1141360,1141373
1028476,1028532
1028476,1028550
747533,1028610
1028634,1028647
1028681,1028699
1028760,1028773
1028889,1028891
1028986,1028993
1029073,1029087
1029143,1029158
1029189,1029191
1029221,1029232
1029266,1029278
1029311,1029324
1029369,1029376
1027156,1029428
1029503,1029519
1029574,1029588
1029629,1029638
1029672,1029686
751632,1029779
1029808,1029812
1029849,1029854
518798,1029883
656989,1141801
1142950,1142966
1115126,1143079
1144851,1144867
1145752,1145768
710676,1145809
1145911,1145924
1146041,1146056
1146519,1146526
1146672,1146686
518798,1029910
518947,1029934
1029975,1029981
1030076,1030082
1030122,1030133
1030167,1030179
1006183,1030200
1030263,1030271
1030302,1030318
1030360,1030373
890751,1030409
938901,1030432
1030478,1030484
1030612,1030620
890877,1030654
1030696,1030704
1030743,1030758
1030743,1030789
1030743,1030801
1030838,1030840
1030903,1030919
706771,1030942
1031006,1031010
925311,1031047
895599,1031075
895599,1031109
643161,1031227
1146746,1146751
1146812,1146820
1146883,1146896
1146952,1146968
1147109,1147113
1147166,1147178
1147289,1147291
1031580,1031598
1031580,1031624
1031676,1031682
1031726,1031735
1031774,1031788
1031863,1031871
1031925,1031939
1032036,1032043
501029,1032138
1032247,1032252
1032332,1032345
1032425,1032439
766047,1032460
1032500,1032516
1032500,1032544
892623,1032563
892623,1032592
1032626,1032635
1032724,1032730
1032776,1032782
1147790,1147800
1148489,1148491
1148713,1148721
1148713,1148784
1148946,1148951
1149045,1149050
1134231,1134249
1149202,1149218
926119,1149260
655373,1133432
1133445,1133450
1133581,1133599
1133445,1133649
1137134,1137147
1137229,1137238
1137319,1137326
1135457,1135461
987864,1135586
1137405,1137414
810401,1137480
1136805,1136814
797149,1036174
1036212,1036220
1036212,1036254
1036212,1036277
1036306,1036310
1036306,1036347
1036306,1036368
1036381,1036399
1036381,1036427
1036381,1036443
1036470,1036489
1036470,1036518
1036470,1036539
1036600,1036616
1036600,1036644
1036750,1036766
1036824,1036830
1036882,1036895
1036922,1036933
1037108,1037112
1037183,1037196
1037226,1037235
1037261,1037274
1037316,1037328
1037363,1037371
1037407,1037411
1037448,1037453
1037482,1037495
1037521,1037532
1029808,1037566
1037606,1037610
1037647,1037652
752869,1037702
984627,1037773
1037986,1037993
680341,1038187
219973,1038419
1038442,1038457
1038529,1038538
923218,1038604
1038662,1038670
1038662,1038708
1038875,1038881
1038921,1038932
1038966,1038978
1039008,1039012
216690,1136880
1149701,1149717
703269,1150107
704338,1150195
1150336,1150343
1141360,1142118
1142868,1142875
1150406,1150410
1150596,1150605
1039096,1039106
1038662,1039175
1038662,1039199
1039286,1039293
1039335,1039342
1039388,1039390
1039480,1039498
1039524,1039530
1139695,1139703
1139761,1139774
1139918,1139925
656887,1140031
1129367,1140083
1124411,1124424
1125068,1125075
1125262,1125270
213677,1125340
823929,1125465
1122772,1122786
1122861,1122874
1140915,1140927
1141450,1141466
1141547,1141552
991503,1124080
1124112,1124120
757654,1124183
1124226,1124235
922186,1124261
920007,1124290
922313,1124328
1126030,1126048
1126095,1126105
1124787,1124794
890798,1124862
949210,1116754
1127417,1127429
1127527,1127536
789464,1127687
1127747,1127752
950769,1116899
950805,1116921
895677,1116950
1127930,1127948
1141114,1141122
1120310,1120323
1120404,1120415
1120458,1120462
484888,1141198
1141271,1141285
1141631,1141649
1141727,1141736
1150826,1150835
1151008,1151012
1106255,1106264
1126302,1126318
1126421,1126432
1126654,1126665
1126838,1126840
1111610,1111623
1054664,1054705
1054664,1054722
1126926,1126935
1126988,1126990
1105552,1105568
1113255,1113479
1114906,1114910
758002,1157581
1157631,1157649
1115721,1115732
901938,1042854
901938,1042877
760322,1042906
1042934,1042947
1043024,1043030
1142028,1142037
706576,1043200
1043271,1043285
1043432,1043445
499304,1043497
1043547,1043552
1043683,1043696
1043801,1043817
1043855,1043864
806064,1043935
1043988,1043990
1044064,1044072
1049408,1049412
1049454,1049465
1049505,1049514
1049551,1049567
1049607,1049611
1049653,1049669
1049703,1049719
1049757,1049761
1049800,1049816
1051005,1051014
1051080,1051098
1051165,1051177
1051235,1051242
1051300,1051316
1101527,1101536
882798,1101639
1102112,1102120
1102242,1102257
715220,1120713
1120766,1120778
1121250,1121266
1121348,1121353
1121416,1121428
1121485,1121492
1121557,1121561
1118724,1118730
1122013,1122021
1128480,1128498
1128613,1128621
672403,1128678
839331,1128716
699354,1128763
699308,1128818
1128915,1128927
1129253,1129269
1129367,1129379
1034543,1129403
1129442,1129457
1137856,1137860
1138159,1138163
1138308,1138312
895599,1138438
925311,1138464
1138504,1138515
1138625,1138639
1138930,1138948
1139047,1139052
1139150,1139166
1139262,1139270
1139338,1139340
518798,1143014
1151096,1151106
680105,1151175
1112100,1112116
1112205,1112214
1112396,1112401
1112464,1112472
1112527,1112536
1119926,1119935
1129627,1129636
1129691,1129708
802402,1129875
1130328,1130337
1118027,1118036
1118402,1118418
214103,1118619
1118657,1118661
1053839,1053841
1053943,1053958
1054039,1054041
1119677,1119683
1119789,1119791
1119855,1119864
1042087,1042094
1116419,1116457
1116488,1116490
1116555,1116564
1116604,1116615
1100693,1100705
1100877,1100883
1100947,1100952
1041447,1041452
1041499,1041508
1041554,1041565
1041554,1041596
1041554,1041614
1040495,1040509
1116658,1116662
925311,1116777
950879,1116984
1130550,1130566
1130610,1130623
1130760,1130773
1131084,1131097
1131169,1131176
1131343,1131358
1131475,1131481
1131803,1131819
802494,1132284
1132780,1132798
1133151,1133167
210226,1133339
1143080,1143098
906966,1143448
1143521,1143532
1143597,1143606
971362,1143787
1144851,1144912
1145061,1145074
1145383,1145396
1145589,1145591
1163042,1163057
1163159,1163163
1163246,1163251
1163383,1163396
1163440,1163455
1163504,1163515
1163897,1163907
1164045,1164050
926830,1164434
926830,1164475
520782,1164646
210226,1164680
1164835,1164842
705523,1164992
1165051,1165067
1165149,1165154
1165274,1165288
1165597,1165606
520619,1165675
1165794,1165804
1165794,1165858
753236,1166113
1167018,1167025
1166431,1166449
1166522,1166533
1167232,1167245
1167348,1167353
1167459,1167463
1167561,1167574
1278090,1278100
1278185,1278192
1278401,1278417
1278589,1278591
1278878,1278884
1279150,1279166
1279505,1279514
1279735,1279742
1279735,1279816
1280622,1280633
1280959,1280963
1281152,1281168
1281303,1281319
1281684,1281697
1281771,1281785
1281894,1281904
1282001,1282017
1282086,1282093
1282283,1282296
1282427,1282436
1283227,1283236
487395,1167733
1167877,1167883
1167968,1167975
1168263,1168271
1168356,1168360
1168445,1168450
1168599,1168608
1168683,1168696
1170383,1170396
1170752,1170768
521125,1172006
521125,1172068
1172145,1172150
516057,1172270
1172412,1172420
1008329,1172496
1036306,1172682
1172742,1172757
892623,1172925
1172973,1172987
738850,1173038
1173212,1173220
915715,1173334
705421,1173399
705478,1173458
932514,1173709
706839,1173750
521194,1173807
521194,1173869
895510,1174105
895599,1174151
1174259,1174263
1174665,1174677
1174727,1174736
1174665,1174789
1175054,1175065
1175054,1175110
1175054,1175152
1175054,1175199
1175054,1175238
989300,1175524
932372,1175700
932372,1175759
1112656,1175860
1176009,1176013
1176050,1176066
1176225,1176239
1176225,1176287
1176327,1176336
1176327,1176389
932408,1176423
886234,1176565
886234,1176614
706839,1176651
1176740,1176755
1176819,1176826
1176963,1176971
1114444,1177044
1177253,1177269
1177346,1177351
770438,1177426
217181,1177490
1177572,1177586
1177731,1177749
1177875,1177899
1178005,1178014
895510,1178080
932522,1178154
932522,1178203
1178242,1178257
758002,1178300
708021,1178469
816410,1178513
816410,1178566
1178652,1178668
1178741,1178756
1178955,1178964
1179041,1179056
1179162,1179170
932514,1179245
878949,1179284
1179459,1179376
1179459,1179463
816410,1179557
816410,1179601
1179655,1179664
1179655,1179714
892623,1179896
1179952,1179968
1180015,1180027
768736,1180193
768736,1180268
1180397,1180402
1125068,1180494
1125068,1180563
991503,1180724
1180846,1180851
707070,1180965
707070,1181016
1181156,1181160
707193,1181276
707193,1181322
932408,1181367
1181419,1181426
929240,1181474
1182082,1182095
1182961,1182974
1183297,1183307
1183297,1183376
1183693,1183705
878949,1184737
1185475,1185481
963550,1185531
1185605,1185614
1178652,1185680
1186521,1186532
1186889,1186891
1187659,1187663
1188150,1188166
1188329,1188338
1035672,1188676
1189035,1189042
1189137,1189144
1189222,1189233
1189377,1189383
1189660,1189673
1178741,1189747
1190007,1190011
1190114,1190122
1190325,1190339
705421,1190599
705478,1190631
1176740,1191197
892098,1191236
892098,1191289
1129627,1191449
1191624,1191630
1192155,1192164
1192814,1192822
1192931,1192949
1192996,1193009
1191624,1193370
218438,1193679
1193764,1193772
1193971,1193985
1194312,1194320
1194455,1194464
1192155,1195278
1195722,1195733
1029189,1195849
1196277,1196283
1196381,1196399
1196539,1196541
564743,1196616
564919,1196685
1144402,1144418
1144473,1144487
1030302,1145660
992740,1145710
1146209,1146213
1146601,1146617
1148824,1148830
925714,1149107
914676,1150468
893207,1150698
1152436,1152443
1152750,1152766
644683,1153006
579044,1153068
921010,1153270
898531,1153329
1153386,1153393
1153449,1153454
989891,1153546
1153598,1153607
1153669,1153676
1153761,1153774
751569,1153828
966459,1153871
1000247,1153925
772580,1154016
1154071,1154085
1154187,1154194
1154295,1154305
1154367,1154379
943074,1154461
1154564,1154572
1154823,1154834
995580,1154881
1155004,1155015
1155155,1155164
1155528,1155537
1155657,1155661
1155748,1155753
1155833,1155846
1155954,1155965
999765,1156019
1156074,1156088
1156185,1156192
889338,1156280
1156349,1156354
1156401,1156417
983757,1156486
1156562,1156570
1156639,1156641
1156694,1156706
1156809,1156813
1156911,1156924
1157024,1157030
1157114,1157122
1157179,1157180
987484,1157237
764370,1157325
584420,1157466
584695,1157478
763673,1157758
952903,1157942
1158297,1158307
1158353,1158369
990628,1158459
895770,1158503
1158601,1158617
895599,1158767
1158975,1158820
1159098,1159108
1159177,1159183
1159288,1159290
1159363,1159371
1159532,1159545
1160139,1160141
1160224,1160230
669608,1160305
1160442,1160457
1160966,1160978
1161190,1161208
859247,1161277
1161399,1161404
1161541,1161556
1161659,1161663
1161745,1161750
1161869,1161876
992032,1161980
1162609,1162613
1162841,1162856
1162943,1162958
1202057,1202061
1202331,1202349
1202417,1202429
1202527,1202536
1202813,1202821
1203008,1203012
1203199,1203201
1203388,1203390
1203467,1203479
1225746,1203569
1203700,1203716
1205119,1205126
1205208,1205212
1205283,1205296
1205443,1205458
1205518,1205525
1205659,1205663
1205766,1205778
1205869,1205876
1205922,1205933
899685,1206708
1206823,1206834
1206978,1206984
1116488,1207130
1207327,1207336
1207327,1207406
1039856,1207468
1207531,1207549
1207614,1207622
858552,1207698
671727,1207772
671727,1207826
495429,1207916
495429,1207963
1208036,1208043
1208155,1208164
1208155,1208210
1208155,1208252
1208441,1208456
1208559,1208563
889844,1209198
889844,1209244
920007,1209285
921973,1209394
1209974,1209988
890330,1210143
731389,1210266
1210382,1210395
643103,1210444
518947,1210535
707425,1210722
1211694,1211706
1211809,1211813
1211694,1211884
1211809,1211948
1212964,1212972
1213173,1213187
892623,1214270
1215011,1215024
893016,1216666
932514,1216700
643103,1217378
518798,1218045
893276,1218097
1218362,1218370
1179459,1218890
1179459,1218937
1219277,1219283
1219347,1219352
701673,1219556
705649,1219600
1219663,1219671
1219745,1219750
932522,1220840
1220903,1220919
1220990,1221006
1220990,1221052
1220990,1221099
1221243,1221258
1221301,1221317
1221483,1221496
1221598,1221607
1221682,1221695
1221973,1221987
1222043,1222058
1222101,1222117
1179655,1222186
1179655,1222234
1222332,1222345
1222425,1222439
1222657,1222661
1222814,1222822
816985,1222920
1223021,1223032
740414,1223107
565147,1196750
1196824,1196830
1196933,1196946
1197033,1197046
1197407,1197411
1197495,1197509
1197584,1197597
1197668,1197675
1197725,1197739
1178741,1198044
1198586,1198593
892623,1198777
1137049,1198834
1199012,1199020
1199319,1199326
1199405,1199414
1199553,1199569
1199645,1199650
1199802,1199818
1200496,1200505
1200580,1200598
1200653,1200669
1114865,1200719
1192155,1200816
1200941,1200956
1201177,1201183
1201257,1201261
1201509,1201513
1201610,1201623
895510,1201699
1201741,1201756
1172145,1219824
1219979,1219980
1220167,1220179
1220318,1220325
1220409,1220413
1220497,1220506
1220789,1220791
1223315,1223327
1225906,1225910
1226119,1226126
1226283,1226296
530152,1227219
1227430,1227448
1230144,1230159
676189,1230279
1230354,1230365
1230440,1230455
1230536,1230543
1230625,1230639
1230710,1230723
1230799,1230809
1231015,1231027
1231366,1231378
1232364,1232372
1232630,1232648
1232726,1232735
1232973,1232987
1233119,1233126
1233188,1233190
1233277,1233283
1233443,1233458
1233539,1233541
1233628,1233637
1234105,1234114
954582,1234180
1234285,1234292
1234413,1234421
1234547,1234552
1234838,1234840
1234926,1234935
1236468,1236475
1236468,1236959
1237092,1237102
1237754,1237765
933750,1237834
1237978,1237984
1238154,1238165
744949,1238328
723345,1238986
800450,1239485
1239975,1239981
1240615,1240627
1240689,1240691
1241064,1241072
1241174,1241188
1241427,1241436
653572,1241539
1241659,1241663
1241659,1241732
1241807,1241811
1241895,1241905
1242065,1242077
613799,1242229
613982,1242238
635885,1243222
657585,1243354
657585,1243429
1243723,1243734
1242388,1242390
1242962,1242970
1243074,1243088
1244260,1244273
1244755,1244764
1245067,1245079
1245219,1245226
1245300,1245316
1245453,1245469
522547,1245532
1245681,1245699
1245760,1245773
1245972,1245986
1246081,1246099
1246178,1246184
1246648,1246653
1036381,1246892
899306,1246941
536906,1247018
1241659,1247170
1247400,1247416
1248341,1248356
1248421,1248432
1248506,1248510
1248990,1249004
1249833,1249846
1250172,1250186
881084,1250439
881084,1250487
881084,1250537
1250805,1250814
1251379,1251380
1252095,1252105
1252339,1252341
1252421,1252432
1252510,1252523
1252893,1252903
1253221,1253232
1253471,1253485
1253542,1253557
1253751,1253767
1253981,1253999
1254096,1254106
1254264,1254272
1254357,1254361
991503,1254716
1212964,1254763
763799,1255124
523136,1255176
523136,1255225
1255343,1255358
1255434,1255447
1255520,1255531
1255605,1255614
1255764,1255772
1007458,1255900
1255992,1256005
1256051,1256067
1256183,1256196
1256274,1256288
858552,1256699
1256741,1256756
1256870,1256889
1257231,1257249
1257310,1257323
946099,1257594
1257692,1257709
1257998,1258006
1258178,1258184
1258270,1258289
707425,1258465
706697,1258514
950879,1258567
945929,1258611
705817,1258925
1259128,1259137
1259128,1259185
1259128,1259233
1259128,1259280
1259365,1259377
1259570,1259589
1259570,1259639
1259694,1259706
942763,1259775
1259850,1259866
1260054,1260065
1260110,1260123
1260240,1260255
1260357,1260361
951419,1260530
951419,1260582
1260894,1260904
783686,1260958
1261095,1261105
709415,1261285
708336,1261478
1260054,1261523
1260110,1261568
1261677,1261683
1154187,1262248
1261789,1261791
1262333,1262346
1262555,1262564
1262720,1262731
1263177,1263183
644762,1263647
1264036,1264043
573332,1264206
1264473,1264487
1265035,1265042
1265163,1265171
1265440,1265455
1179655,1265602
1118724,1265723
999156,1265809
1265866,1265878
1265930,1265948
1009591,1265995
1266162,1266170
1266232,1266245
1266297,1266307
1266400,1266416
1154564,1266574
1266638,1266640
1266733,1266746
1266808,1266812
1266883,1266896
522840,1266981
999333,1267052
1165794,1267109
1283301,1283317
1283386,1283393
1279505,1283546
1283648,1283653
1283735,1283742
1283800,1283816
846791,1283960
1283023,1284037
1283034,1284085
1283533,1284139
1284351,1284367
1284517,1284529
1285129,1285138
1285275,1285281
1197668,1285460
1197725,1285592
1285690,1285707
1285782,1285795
1285898,1285908
1286026,1286035
1286137,1286144
836610,1286214
1286298,1286308
1286438,1286440
1286504,1286515
1285397,1286641
1286775,1286781
1252893,1286911
1287053,1287069
934421,1294098
1267150,1267166
1267258,1267262
1267355,1267364
1267483,1267496
1267630,1267648
1267774,1267788
1267918,1267925
920007,1268017
1268254,1268265
1268323,1268334
1268399,1268404
1268470,1268489
1268541,1268556
1268659,1268663
1268876,1268882
1268946,1268951
1269013,1269021
1269078,1269084
1269182,1269195
1269362,1269370
1269362,1269423
1269549,1269554
1269633,1269646
1269698,1269701
1259570,1269842
1269900,1269916
1270051,1270067
1270120,1270131
708336,1270203
1227290,1270407
1270453,1270469
1270453,1270513
1270597,1270606
1270718,1270725
1270787,1270794
1270870,1270889
771473,1270938
707977,1270986
1271107,1271111
1271176,1271182
1156639,1271239
1271315,1271327
816410,1271370
1271667,1271679
1271874,1271888
1272060,1272073
1272158,1272162
1272307,1272311
1272574,1272588
1272664,1272672
1272751,1272767
1272849,1272854
1272934,1272947
1273146,1273151
525315,1273478
1273864,1273872
916645,1274323
1275139,1275141
1275253,1275269
1275426,1275435
1275643,1275658
215875,1275720
1275796,1275806
971009,1276500
1276805,1276814
1276983,1276996
1277388,1277390
1267774,1277621
1277915,1277927
1118908,1117045
1119007,1117045
317317,1117013
282837,1117013
317317,1117032
287346,1117032
1116295,1117032
282837,1117032
278985,1149315
279038,1149315
278985,1147956
1176009,1177921
1177875,1177921
1205518,1205721
1205659,1205721
1211694,1211995
1211694,1211866
1211809,1211995
1211809,1211866
1233119,1234069
909053,1234069
1241174,1241126
1241064,1241126
1279735,1281414
1279735,1281422
1279735,1281433
1279735,1281446
1279735,1279925
1279735,1280084
1279735,1280097
1279735,1280107
1279735,1280111
1279735,1280124
1279735,1280130
1279735,1281405
1279735,1279902
1279735,1281479
1279735,1281480
1279735,1281498
1279735,1280202
1279735,1280218
1279735,1280225
1279735,1280239
1279735,1280241
1279735,1280256
1279735,1281451
1279735,1281467
1279735,1279892
1279735,1281361
1279735,1281374
1279735,1281388
1279735,1281390
1279735,1279871
1279735,1279941
1279735,1279956
1279735,1279960
1279735,1279973
1279735,1279987
1279735,1279994
1279735,1280009
216912,1288981
216912,1289005
1289022,1288981
1289022,1289005
1305396,1305455
1305308,1305455
1309078,1286832
1286775,1286832
278985,1314887
279038,1314887
