GPUID,TPUID
199977,100005
200745,100014
200745,100022
200745,100033
866331,100046
200750,100051
200750,100080
200750,100098
200750,100108
200766,100120
201588,100131
201590,100149
201588,100154
201590,100165
201590,100177
201588,100183
201588,100196
201590,100203
201588,100219
201588,100226
201590,100235
201590,100242
201590,100257
201590,100261
201590,100274
201588,100288
201590,100290
201590,100300
201588,100316
201588,100328
201590,100337
201588,100344
201590,100359
201590,100363
201588,100371
201588,100385
201588,100392
201588,100407
201588,100411
201590,100424
201590,100430
201588,100448
201590,100453
201588,100469
201590,100476
201590,100495
201588,100509
201588,100513
201588,100521
201588,100532
201590,100545
201588,100550
201590,100566
201590,100578
201590,100584
201590,100597
201590,100606
201588,100610
201588,100623
201590,100634
201588,100647
201590,100652
201590,100668
201588,100675
201590,100681
201590,100699
201590,100702
201590,100718
201588,100739
201590,100741
201590,100756
201590,100760
201588,100773
201590,100787
201590,100794
201588,100804
201590,100815
201588,100827
201590,100836
201590,100843
201588,100858
201590,100862
201590,100870
201590,100889
201588,100891
201590,100901
201590,100917
201590,100929
201588,100938
201590,100940
201590,100955
201588,100964
201588,100972
201588,100986
201590,100993
201588,101009
201588,101013
201588,101021
201590,101032
201588,101045
201590,101050
201588,101066
201588,101078
201590,101084
201588,101097
201588,101107
201590,101111
201588,101124
201588,101130
201590,101153
201590,101169
201590,101176
201638,101182
201638,101195
201640,101202
201640,101218
201638,101225
201638,101239
201640,101241
201638,101256
201638,101260
201638,101273
201640,101287
201638,101294
201640,101304
201638,101315
201638,101327
201638,101336
201640,101343
201640,101358
201638,101362
201638,101370
201640,101389
201638,101391
201638,101406
201638,101410
201638,101423
201640,101434
201638,101447
201640,101452
201640,101468
201638,101475
201638,101481
201640,101499
201640,101508
201640,101512
201638,101520
201638,101531
201640,101549
201638,101554
201638,101565
201638,101577
201640,101583
201638,101596
201640,101605
201640,101614
201640,101622
201640,101633
201638,101646
201638,101651
201638,101667
201638,101679
201640,101680
201638,101698
201640,101701
201640,101717
201640,101729
201640,101738
201640,101740
201638,101755
201640,101764
201640,101772
201638,101793
201640,101803
201638,101819
201638,101826
201640,101835
201640,101842
201638,101857
201638,101861
201640,101874
201638,101888
201638,101890
201638,101900
201640,101916
201640,101928
201638,101937
201640,101944
201640,101959
201638,101963
201640,101971
201638,101985
201640,101992
201638,102002
201638,102018
201638,102025
201638,102039
201640,102041
201638,102056
201638,102060
201638,102073
201638,102087
201638,102094
201640,102104
201638,102115
201640,102127
201638,102136
201638,102143
201640,102158
201638,102170
201638,102189
201638,102191
201638,102209
201640,102213
201638,102221
201640,102232
201638,102245
201640,102250
201672,102266
201686,102278
201672,102284
201672,102297
201686,102307
201686,102311
201588,102324
201588,102330
201588,102348
201588,102353
201588,102369
201588,102376
201588,102382
201588,102395
201588,102400
201588,102416
201588,102428
201588,102437
201588,102444
201588,102459
201588,102463
201588,102471
201588,102485
201638,102492
201638,102503
201638,102519
201638,102526
201638,102535
201638,102542
201638,102557
201638,102561
201638,102574
201638,102588
201638,102590
201638,102601
201638,102617
201638,102629
201638,102638
201638,102640
201638,102655
201638,102664
201672,102672
201672,102686
201672,102693
201574,102705
201574,102714
201574,102722
201629,102733
201629,102746
201535,102798
201535,102808
201535,102812
201542,102820
201557,102831
201557,102849
201557,102854
201557,102865
201557,102877
201557,102883
201557,102896
201557,102906
201557,102910
201557,102923
201557,102934
201557,102947
201557,102952
201557,102968
201557,102975
201557,102981
201557,102999
201557,103007
201561,103011
201561,103024
201561,103030
201561,103048
201561,103053
201561,103069
201561,103076
203321,103082
203332,103095
203313,103105
862778,103114
203724,103122
203724,103133
203724,103146
203724,103151
203724,103167
203724,103179
203724,103198
203724,103200
203724,103216
203724,103228
203724,103237
203748,103244
203724,103259
203724,103263
203724,103271
203724,103285
203748,103292
203724,103302
203724,103318
203724,103325
203724,103339
203724,103341
203724,103356
203724,103360
203724,103373
203724,103387
203724,103394
203724,103409
203724,103413
203724,103421
203724,103432
203748,103445
203724,103450
203724,103466
203724,103478
203776,103484
203795,103497
203795,103506
203776,103510
203776,103523
203795,103534
203776,103547
203795,103552
203782,103568
203795,103575
203776,103581
203776,103599
203776,103608
203776,103612
203776,103620
203795,103631
203776,103649
203776,103654
203776,103665
203776,103677
203776,103683
203776,103696
203776,103704
203776,103715
203776,103727
203795,103736
203776,103743
203776,103758
203795,103762
203776,103789
203730,103791
203730,103801
203730,103817
203730,103829
203782,103838
203782,103840
203782,103855
203782,103864
203707,103872
203724,103886
203724,103893
203724,103903
203724,103919
203724,103926
203724,103935
203724,103942
203724,103957
203724,103961
203724,103974
203776,103988
203776,103990
203776,104001
203776,104017
203776,104029
203776,104038
203776,104040
203711,104055
203769,104064
203753,104072
203753,104086
204521,104093
205918,104103
205939,104119
205902,104126
205902,104135
205902,104142
205925,104157
205925,104161
205925,104174
205941,104188
206654,104190
207472,104208
207515,104212
727267,104220
727267,104231
727267,104249
727267,104254
727267,104265
727267,104277
727267,104283
727267,104296
727267,104306
727267,104310
727267,104323
727267,104334
727267,104347
727267,104352
727267,104368
727267,104375
727267,104381
727267,104399
727267,104404
727267,104415
727267,104427
727267,104436
727267,104443
727267,104458
727267,104462
727267,104470
727267,104489
727267,104491
727267,104502
727267,104518
727267,104525
727267,104539
727267,104541
727267,104556
727267,104560
727267,104573
727267,104587
727267,104594
727267,104600
727267,104616
727267,104628
727267,104644
727267,104659
727267,104663
727267,104671
727267,104685
727267,104709
727267,104713
727267,104721
727267,104732
727267,104745
727267,104750
727267,104766
727267,104778
727267,104784
727267,104797
727267,104807
727267,104811
727267,104824
727267,104830
727267,104848
727267,104853
727267,104869
727267,104876
727267,104882
727267,104895
727267,104905
727267,104914
727267,104922
727267,104933
727267,104946
727267,104951
727267,104967
727267,104979
727267,104980
727267,104998
727267,105000
727267,105016
727267,105028
727267,105037
727267,105044
727267,105059
727267,105063
727267,105071
727267,105085
727267,105092
727267,105102
727267,105118
727267,105125
727267,105139
727267,105141
727267,105156
727267,105160
727267,105173
727267,105187
207536,105194
207527,105207
727267,105211
207543,105224
207543,105230
207543,105248
207543,105253
207543,105269
207543,105276
207543,105282
207543,105295
207543,105305
207543,105314
207543,105322
207543,105333
207543,105346
207543,105351
207543,105367
207543,105379
207543,105380
207543,105398
207543,105403
207543,105419
207543,105426
207543,105435
207543,105442
207543,105457
656272,105461
656238,105474
656238,105488
207775,105490
207768,105517
207768,105529
207768,105538
207768,105540
207768,105555
207768,105564
207768,105572
207768,105586
208049,105593
208049,105604
208240,105615
208405,105627
208405,105636
208405,105643
208405,105658
208414,105670
208414,105689
208405,105691
208405,105708
208405,105712
208414,105720
208405,105731
208405,105749
208405,105754
208405,105765
208405,105777
208405,105783
208405,105796
208405,105806
208405,105810
208405,105823
208405,105847
208405,105852
208405,105868
208405,105875
208405,105881
208405,105899
208405,105909
208405,105913
208414,105921
208405,105932
208405,105945
208446,105950
208446,105966
208446,105978
208446,105984
208446,105997
208446,106004
208446,106015
208446,106027
208446,106036
208446,106043
208446,106058
208446,106062
208446,106070
208446,106089
208446,106091
208446,106101
208446,106117
208446,106129
208446,106138
208451,106140
208405,106155
208405,106164
208405,106172
208405,106186
208405,106193
208405,106206
208405,106210
208405,106223
208405,106234
208405,106247
208405,106252
208405,106268
208405,106275
208405,106281
208405,106299
208446,106309
208446,106313
208446,106321
208446,106332
208446,106345
208446,106350
208446,106366
208446,106378
208446,106384
208446,106397
208451,106402
208422,106418
208422,106425
208422,106439
208422,106441
208422,106456
208422,106460
208422,106473
208422,106494
208422,106500
208422,106516
208422,106528
208422,106537
208422,106544
208422,106559
208422,106563
208422,106571
208422,106585
208422,106592
208422,106603
208422,106619
208480,106626
208479,106642
856465,106657
856355,106661
200933,106674
208728,106688
200979,106690
200951,106707
200967,106711
208175,106724
200998,106730
200946,106748
200980,106753
200979,106769
200951,106776
199833,106782
199833,106795
199833,106805
199833,106814
781806,106822
781806,106833
200663,106851
201812,106867
201812,106879
201812,106880
201812,106898
201812,106908
201812,106912
201812,106920
201808,106931
200489,106949
200470,106954
202195,106965
202176,106977
202182,106983
202202,106996
202764,107008
202740,107012
202740,107020
202740,107031
202764,107049
202764,107054
202764,107065
202755,107077
202738,107083
200491,107106
851556,107110
843275,107134
862310,107152
862310,107168
203043,107175
203043,107181
203058,107199
939557,107229
658549,107255
746025,107264
746025,107272
204476,107293
204476,107303
204495,107319
204495,107326
204495,107335
204495,107342
204495,107357
204495,107361
988968,107374
204495,107388
204495,107390
204495,107405
988968,107414
204482,107422
204513,107433
205215,107446
205215,107451
205215,107467
205204,107479
205355,107480
945079,107498
206801,107507
206801,107511
206801,107524
206817,107530
199880,107548
199879,107553
208498,107569
208818,107576
208825,107582
208802,107595
208802,107609
750153,107613
208943,107621
209282,107645
209295,107650
209276,107666
746307,107678
746307,107684
746307,107697
209474,107700
746307,107716
746307,107728
746307,107737
746307,107744
746307,107759
209461,107763
209461,107771
746307,107785
746307,107792
746307,107802
746307,107818
746307,107825
746307,107839
746307,107841
746307,107856
746307,107860
746307,107873
746307,107887
746307,107894
209442,107904
209442,107915
209488,107936
209501,107943
209517,107958
209517,107962
209643,107970
209712,107989
209689,107991
209708,108003
209689,108019
209978,108026
209978,108035
209978,108042
209978,108057
209978,108061
209984,108074
209984,108088
209984,108090
209984,108100
209984,108116
209984,108128
209984,108137
209997,108144
209997,108159
209997,108163
209997,108171
209997,108185
209997,108192
209997,108205
209997,108214
209997,108222
209997,108233
210005,108246
210005,108251
210005,108267
210005,108279
210005,108280
210014,108298
210014,108308
210014,108312
210014,108320
210014,108331
210014,108349
210014,108354
210014,108365
210014,108377
210014,108383
210014,108396
210014,108401
210014,108417
200126,108429
200135,108438
200142,108440
200142,108455
200142,108464
200142,108472
200142,108504
200142,108515
200142,108527
200142,108536
200142,108543
200142,108558
200119,108562
200119,108570
200119,108591
200119,108602
200119,108618
200119,108641
200119,108656
200119,108660
200119,108673
200119,108687
200119,108694
200190,108706
200190,108710
200208,108723
200208,108734
200212,108747
200212,108752
200220,108768
200220,108775
200157,108781
200157,108799
200161,108809
200161,108813
200174,108821
200174,108832
200188,108845
200188,108850
200283,108866
200296,108878
200277,108884
200381,108897
200375,108907
200347,108911
200381,108948
200375,108953
200347,108969
200587,109010
200600,109023
200594,109034
200616,109047
202614,109052
202622,109068
202622,109075
202622,109081
202622,109099
202614,109109
202622,109113
202622,109121
202622,109132
202622,109145
202622,109150
202622,109166
202622,109178
202622,109184
202679,109197
202667,109204
202679,109215
202667,109227
202679,109243
202679,109258
202679,109262
202679,109270
202679,109289
202679,109291
202679,109301
202679,109317
202698,109329
202565,109338
202565,109340
202614,109355
202614,109364
202614,109372
202667,109386
202667,109393
202667,109408
202554,109412
202531,109420
202651,109431
202680,109449
202680,109454
202680,109465
202520,109477
202520,109483
202531,109496
202531,109505
202531,109514
202577,109522
202577,109533
202596,109546
202596,109551
202596,109567
202596,109579
202605,109580
202605,109598
202633,109607
202633,109611
202633,109624
202508,109630
202508,109648
202646,109653
202646,109669
203851,109676
203851,109682
203814,109695
203833,109703
203851,109719
203814,109726
203814,109735
203833,109742
203833,109757
203833,109761
203851,109774
203851,109788
203851,109790
203851,109800
203851,109816
203851,109828
203851,109837
203814,109844
203814,109859
203814,109863
203814,109871
203814,109885
205800,109902
205816,109918
206053,109925
206069,109939
206237,109956
206237,109960
206237,109973
206259,109987
206259,109994
206259,110001
206935,110017
206935,110029
206974,110038
206961,110040
206957,110055
206957,110064
206990,110086
206990,110093
770440,110103
206926,110119
207128,110126
207185,110135
207100,110142
207233,110161
207116,110174
207171,110188
207205,110190
207267,110208
207116,110212
207171,110231
207171,110249
207171,110254
207171,110265
207171,110277
207171,110283
207171,110296
207171,110306
207171,110310
207171,110323
207171,110334
207171,110347
207205,110352
207205,110368
207205,110375
207267,110381
207246,110399
207100,110404
207214,110415
207074,110427
207074,110436
207137,110443
207137,110458
207137,110462
207214,110470
207214,110489
207214,110491
207214,110502
207214,110518
207214,110525
207214,110539
207214,110541
207214,110556
207214,110560
207214,110573
207214,110587
207214,110594
207214,110600
207214,110616
207214,110628
207074,110637
207074,110644
207074,110659
207074,110663
207074,110671
207074,110685
207074,110692
207074,110709
207074,110713
207074,110721
207074,110732
207074,110745
207074,110750
207074,110766
207074,110778
207074,110784
207074,110797
207074,110807
207144,110811
207377,110824
207377,110830
207377,110848
207377,110853
207377,110869
207365,110876
207396,110882
207396,110895
207396,110905
207396,110914
207417,110922
207417,110933
207401,110946
209823,110951
209834,110967
209834,110979
209834,110980
209834,110998
209823,111002
209823,111018
209823,111025
209823,111039
209834,111041
209852,111056
209868,111060
209834,111073
209834,111087
209868,111094
209823,111104
209823,111115
209834,111127
209852,111136
209796,111143
209810,111158
209806,111162
209806,111170
209806,111189
952409,111191
201127,111209
201127,111213
201127,111221
201127,111232
201127,111245
201143,111250
201143,111266
201143,111278
201143,111284
201143,111297
201143,111307
201143,111311
201143,111324
201143,111330
201143,111348
201143,111353
201143,111369
201136,111376
201158,111382
201158,111395
201492,111400
201503,111437
201503,111444
201519,111459
202992,111463
746492,111471
746492,111485
746492,111492
746492,111503
746492,111519
746492,111535
746492,111542
746492,111557
746492,111561
746492,111574
746492,111588
746492,111601
746492,111617
746492,111629
746492,111638
746492,111640
746492,111655
746492,111664
746492,111672
746492,111686
746492,111693
746492,111705
746492,111714
746492,111722
746492,111733
746492,111746
746492,111751
203027,111767
746492,111779
746492,111780
746492,111798
746492,111808
746492,111812
746693,111820
746693,111831
746693,111849
746693,111854
746693,111865
746693,111877
746693,111883
746693,111896
746693,111906
746693,111910
746693,111923
746693,111934
746693,111947
746693,111952
746693,111968
746693,111975
746693,111981
746693,111999
746693,112009
746693,112013
746693,112021
746444,112032
746444,112045
746444,112050
746444,112066
746444,112078
746444,112084
746444,112097
746444,112111
746444,112124
746444,112130
746444,112148
746444,112153
203004,112169
746444,112176
746444,112182
746444,112195
746444,112202
746444,112218
746444,112225
203004,112239
746444,112241
746444,112256
203004,112260
746444,112273
746444,112287
746444,112294
203027,112304
203027,112315
746693,112327
203004,112336
205270,112343
205270,112358
205289,112362
205289,112370
205262,112389
205262,112391
206133,112406
206133,112410
206151,112423
206151,112434
206151,112447
206151,112452
206151,112468
206151,112475
206151,112481
206151,112499
206151,112508
206122,112512
206122,112520
206122,112531
206122,112549
206122,112554
206122,112565
206122,112577
206122,112583
206146,112596
206146,112605
206146,112614
206146,112622
206146,112633
206146,112646
207953,112651
207969,112667
207969,112679
207969,112680
207976,112698
207976,112701
207976,112717
207995,112729
207982,112738
200427,112740
200415,112755
200404,112764
200399,112772
205301,112786
205338,112793
205329,112803
205317,112819
205340,112826
205291,112835
208286,112857
208255,112861
208264,112888
208272,112900
208286,112916
208286,112928
208286,112937
208286,112944
208255,112959
208264,112963
208264,112971
208264,112985
208264,112992
208272,113004
204623,113015
204634,113027
204647,113036
208335,113043
208335,113058
208335,113062
208374,113070
208374,113089
208374,113091
208374,113101
208374,113117
208374,113129
208374,113138
208374,113140
208374,113155
208374,113164
208374,113172
208390,113186
208390,113193
208390,113206
208390,113210
208390,113223
208390,113234
208390,113247
208390,113252
208390,113268
208390,113275
208390,113281
208357,113299
208357,113309
208357,113313
208357,113321
208357,113332
208357,113345
208357,113350
208357,113366
208326,113378
208326,113384
208326,113397
208326,113402
208361,113418
208361,113425
208361,113439
208361,113441
208361,113456
208361,113460
208361,113473
208361,113487
208388,113494
208388,113500
208388,113516
208388,113528
208388,113537
208388,113544
208388,113559
208342,113563
208342,113571
208342,113585
204675,113592
204681,113603
204681,113619
204681,113626
204652,113635
204668,113642
209593,113657
209604,113661
199983,113674
199983,113688
199996,113690
199996,113707
200017,113711
200001,113724
200038,113730
200029,113748
200040,113753
200040,113769
200055,113776
200055,113782
200064,113795
200064,113805
200072,113814
200072,113822
201056,113833
201056,113846
201041,113851
201041,113867
201073,113879
201060,113880
203252,113898
203234,113908
203247,113912
203252,113920
203223,113931
205719,113965
205726,113983
205735,113996
205719,114005
205719,114014
205726,114022
205726,114033
204532,114046
204545,114051
204550,114067
206200,114079
206200,114080
206200,114098
206200,114108
206200,114112
206200,114120
206200,114131
206200,114149
206198,114154
206198,114165
206198,114177
206198,114183
204584,114203
204566,114219
204566,114226
204578,114235
207429,114242
1005554,114257
1005605,114261
204597,114274
204606,114288
204610,114290
209173,114300
209187,114316
209187,114328
209194,114337
209194,114344
200310,114359
200306,114363
200334,114371
200323,114385
204699,114392
204702,114407
204718,114411
209765,114424
209749,114430
209765,114453
209783,114469
209783,114476
209783,114482
209783,114495
209783,114509
209783,114513
209783,114521
209749,114532
209749,114545
209749,114550
209749,114566
209749,114578
209749,114584
209754,114597
209754,114606
209754,114610
209777,114623
204760,114634
204760,114668
204760,114675
204725,114681
204725,114699
204725,114702
204739,114718
204739,114725
204739,114739
204741,114741
204741,114756
204756,114760
204756,114773
199867,114787
749861,114794
749900,114804
749861,114836
749861,114843
749861,114858
749861,114862
749900,114870
749900,114889
749900,114891
749900,114901
693923,114917
693923,114929
693923,114938
693923,114940
693923,114955
750021,114964
750021,114972
750021,114986
200685,114993
200685,115006
200685,115023
200685,115034
200692,115047
200692,115052
200685,115068
200685,115075
200685,115081
200685,115099
200685,115109
200685,115113
200685,115121
200709,115132
200709,115145
200709,115150
201353,115166
201353,115184
201353,115197
685115,115204
203661,115215
203674,115227
203688,115236
203690,115243
203908,115258
203908,115262
203908,115270
203880,115289
203908,115291
203908,115301
203908,115317
203908,115329
203908,115338
203908,115340
203908,115355
203908,115364
810687,115372
810687,115386
810687,115393
810687,115408
810687,115412
810687,115420
810706,115431
810706,115449
810706,115454
690867,115465
690867,115477
690867,115483
690867,115496
690867,115505
690867,115514
690867,115522
690867,115533
690867,115546
810723,115551
810723,115567
810723,115579
810723,115580
810723,115598
810723,115607
810723,115611
810723,115624
810723,115630
204112,115648
204112,115653
204098,115669
204108,115676
204183,115682
204196,115695
204177,115703
204274,115719
204274,115726
204274,115735
204274,115742
204274,115761
204274,115774
204274,115788
204274,115790
204274,115800
204274,115816
204274,115828
204274,115837
204274,115844
204274,115859
204288,115863
204288,115871
204274,115885
204274,115892
204274,115902
204274,115918
204288,115925
204274,115939
204288,115941
204288,115956
204274,115960
204288,115987
204274,115994
204274,116007
204290,116011
204290,116024
204290,116030
204290,116048
204257,116053
204274,116069
204261,116076
204274,116082
204274,116095
204274,116105
204274,116114
204274,116122
204274,116133
204290,116146
204290,116151
204290,116167
726216,116179
726216,116180
726216,116198
726216,116200
726216,116216
726216,116228
726216,116237
726216,116244
726216,116259
726216,116263
726216,116271
726216,116285
726216,116292
726216,116302
726216,116318
726216,116325
726216,116339
726216,116341
726216,116356
726216,116360
726216,116373
726216,116387
726216,116394
726216,116409
726216,116413
726216,116421
726216,116432
726216,116445
726216,116450
726216,116466
726216,116478
726216,116484
726216,116497
726216,116506
726216,116510
726216,116534
726216,116547
726216,116552
726216,116568
726216,116575
726216,116581
726216,116599
726216,116608
726216,116612
726216,116620
726216,116631
726216,116649
726216,116654
726216,116665
726216,116677
726216,116683
726216,116696
726216,116704
726216,116715
726216,116727
726216,116736
726216,116743
726216,116758
726216,116762
726216,116770
726216,116789
726216,116791
726216,116801
726216,116817
726216,116829
726216,116838
726216,116840
726216,116855
207042,116864
207042,116872
207035,116886
207019,116893
207019,116903
207026,116919
207026,116926
207057,116942
207057,116957
207057,116961
207061,116988
207061,116990
207061,117003
207003,117026
207003,117035
207003,117042
208152,117088
208168,117090
208217,117100
208181,117116
208199,117128
208199,117137
208201,117144
208201,117159
208582,117185
208553,117192
208569,117205
208576,117214
208595,117222
208595,117233
208595,117246
208609,117267
208595,117279
208595,117280
208621,117308
208621,117312
208621,117320
208621,117349
208621,117365
208632,117377
208632,117383
208632,117396
208650,117429
208645,117440
208595,117455
208595,117464
208595,117472
208595,117486
208595,117493
208595,117504
208595,117515
208595,117527
208595,117536
208595,117543
208621,117558
208621,117562
208621,117570
208621,117589
208621,117591
208621,117602
208621,117618
208621,117625
208621,117639
208632,117641
208632,117656
208632,117660
208632,117673
208632,117687
208632,117694
208632,117706
208632,117710
208632,117723
208650,117734
208650,117747
749826,117752
200103,117768
781712,117775
781712,117781
781712,117799
781712,117809
781712,117813
781712,117821
201307,117832
202287,117845
202406,117850
202406,117866
202406,117878
202549,117884
202391,117897
226047,117907
202391,117911
226047,117924
202391,117930
202391,117948
202391,117953
202391,117969
202549,117976
202549,117982
226047,118008
202391,118012
202391,118020
202391,118031
202391,118049
202391,118054
202391,118065
226047,118077
202391,118083
226047,118096
202391,118106
202434,118110
202434,118147
532899,118152
202434,118168
864564,118175
202475,118181
202343,118199
202343,118201
202343,118217
202406,118229
202447,118238
202447,118240
202447,118255
202358,118264
202391,118272
202391,118286
202391,118293
202391,118303
202549,118319
202391,118326
202391,118335
532899,118342
864564,118357
202434,118361
202434,118374
202468,118388
202468,118390
202985,118405
202985,118414
202985,118422
226047,118433
226047,118446
226047,118451
226047,118467
226047,118479
226047,118480
226047,118498
226047,118507
226047,118511
226047,118524
226047,118530
226047,118548
226047,118553
226047,118569
226047,118576
226047,118582
226047,118595
226047,118609
226047,118613
226047,118621
226047,118632
226047,118645
226047,118650
226047,118666
226047,118678
226047,118684
226047,118697
226047,118700
226047,118716
226047,118728
226047,118737
226047,118744
226047,118759
226047,118763
226047,118771
226047,118785
226047,118792
226047,118802
202391,118818
226047,118825
226047,118839
226047,118841
226047,118856
226047,118860
226047,118873
202391,118887
226047,118894
226047,118904
226047,118915
226047,118927
226047,118936
226047,118943
226047,118958
226047,118962
226047,118970
226047,118989
226047,118991
226047,119000
226047,119016
226047,119028
226047,119037
226047,119044
202391,119059
226047,119063
226047,119071
226047,119085
226047,119092
226047,119102
226047,119118
226047,119125
226047,119139
226047,119141
226047,119160
226047,119173
226047,119187
226047,119194
226047,119207
226047,119211
226047,119224
226047,119230
226047,119248
226047,119253
226047,119269
226047,119276
226047,119282
226047,119295
226047,119305
226047,119314
226047,119322
226047,119333
864564,119346
864564,119351
864564,119367
864564,119379
864564,119380
864564,119398
864564,119419
864564,119426
864564,119435
864564,119442
864564,119457
864564,119461
864564,119474
864564,119488
864564,119490
864564,119501
864564,119517
864564,119529
864564,119538
864564,119540
864564,119555
864564,119564
864564,119572
864564,119586
864564,119593
864564,119604
864564,119615
864564,119627
864564,119636
864564,119643
864564,119658
864564,119662
864564,119670
864564,119689
864564,119691
864564,119708
864564,119712
864564,119720
864564,119731
864564,119749
864564,119754
864564,119765
864564,119777
864564,119783
864564,119796
864564,119806
864564,119810
864564,119823
864564,119847
864564,119852
864564,119868
864564,119875
864564,119881
864564,119899
864564,119909
864564,119913
864564,119921
864564,119932
864564,119945
864564,119950
864564,119966
202475,119978
202475,119984
202343,119997
202343,120006
202343,120010
202343,120023
202343,120034
202304,120047
202304,120052
202304,120068
201284,120075
201284,120081
201284,120099
201284,120109
201284,120113
202294,120121
201284,120132
201284,120145
201284,120150
201284,120166
201284,120178
201284,120184
201284,120197
201284,120204
201284,120215
201284,120227
201284,120236
201284,120243
201284,120258
201284,120262
201284,120270
201284,120289
201284,120291
201284,120301
201284,120317
201284,120329
201284,120338
201284,120340
201284,120355
862334,120364
862334,120372
862334,120386
202362,120393
202410,120408
202410,120412
202315,120420
202315,120431
202260,120449
202273,120454
203418,120465
203425,120477
203528,120483
203537,120496
203537,120505
203544,120514
203544,120522
203516,120533
203516,120546
203867,120551
203867,120567
203867,120579
204051,120580
204051,120598
204046,120607
204079,120624
204079,120630
204079,120648
204079,120653
204079,120669
204371,120676
204385,120682
204411,120695
204424,120703
204328,120719
204363,120726
204411,120735
204411,120742
204411,120757
204430,120761
204430,120774
204430,120788
204430,120790
204430,120816
204337,120828
726259,120837
726259,120844
726259,120859
726259,120863
726259,120871
726259,120885
726259,120892
726259,120902
726259,120918
726259,120925
726259,120939
726259,120941
726259,120956
726259,120960
726259,120973
726259,120987
726259,120994
726259,121005
726259,121014
726259,121022
726259,121033
726259,121046
726259,121051
726259,121067
726259,121079
726259,121080
726259,121098
726259,121108
726259,121112
726259,121120
726259,121131
726259,121149
726259,121154
726259,121165
726259,121177
726259,121183
726259,121196
726259,121203
726259,121219
726259,121226
726259,121235
726259,121242
726259,121257
726259,121261
726259,121274
696203,121288
696203,121290
696203,121300
696203,121316
696203,121328
696203,121337
696203,121344
696203,121359
696203,121363
696203,121371
696203,121385
696203,121392
696203,121407
696203,121411
696203,121424
696203,121430
696203,121448
696203,121453
696203,121469
696203,121476
696203,121482
696203,121495
696203,121509
696203,121513
696203,121521
696203,121532
696203,121545
696203,121550
696203,121566
696203,121578
696203,121584
696203,121597
696203,121606
696203,121610
696203,121623
696203,121634
696203,121647
696203,121652
696203,121668
696203,121675
696203,121681
696203,121699
696203,121702
696203,121718
1023103,121725
204407,121739
696203,121741
696203,121756
995774,121760
995774,121773
995774,121787
995774,121794
995774,121804
995774,121815
995774,121827
995774,121836
995774,121843
995774,121858
995774,121862
995774,121870
995774,121889
995774,121891
995774,121901
995774,121917
995774,121929
995774,121938
995774,121940
995774,121955
995774,121964
995774,121972
995774,121986
995774,121993
995774,122003
995774,122019
995774,122026
995774,122035
995774,122042
995774,122057
995774,122061
995774,122074
995774,122088
995774,122090
995774,122100
995774,122116
995774,122128
995774,122137
995774,122144
995774,122159
995774,122163
995774,122171
995774,122185
995774,122192
995774,122205
995774,122214
995774,122222
995774,122233
204448,122246
201400,122251
201382,122267
201395,122279
201416,122280
1044103,122298
201376,122308
200922,122312
204938,122331
204938,122349
204929,122354
204929,122377
204929,122383
204929,122396
204929,122401
204929,122417
204929,122429
204929,122438
204929,122440
204929,122455
204929,122464
204929,122472
204929,122486
204929,122493
204929,122515
204929,122527
204929,122536
204929,122543
204929,122558
204929,122562
204929,122570
204929,122589
204929,122591
204929,122602
204929,122618
204929,122625
204929,122639
204929,122641
204929,122656
204929,122660
204929,122673
204929,122687
204929,122694
204929,122723
204929,122747
204929,122752
204929,122768
204929,122775
204938,122781
204929,122799
204929,122809
204929,122813
204929,122821
204929,122832
204929,122845
204929,122850
204929,122866
204929,122878
204929,122907
204929,122911
204929,122924
204929,122930
204929,122948
204929,122953
204929,122969
204929,122976
204929,122995
204929,123008
204929,123012
204929,123020
204929,123031
204929,123049
204929,123054
204929,123065
204929,123077
204929,123083
204929,123096
204929,123106
204929,123110
204929,123123
204929,123134
204929,123147
204929,123152
204929,123168
204929,123175
204929,123181
204929,123201
204929,123217
204929,123229
204929,123238
204929,123240
204929,123255
204929,123264
204929,123272
204929,123286
204929,123293
204929,123303
204929,123319
204955,123326
204955,123335
204955,123342
204955,123357
205006,123361
204993,123374
204993,123388
204993,123405
204993,123414
204993,123422
204993,123433
204993,123446
204993,123451
204993,123467
204993,123479
204993,123480
204993,123498
204993,123507
204993,123511
204993,123524
204993,123530
204993,123548
204993,123553
204993,123569
204993,123576
204993,123582
204993,123609
204993,123621
204993,123632
204993,123645
204993,123650
204993,123666
204993,123678
204993,123697
204993,123700
204993,123716
204993,123728
204993,123737
204993,123744
204993,123759
204993,123763
204993,123771
204993,123792
204993,123825
204993,123839
204993,123841
204993,123856
204993,123860
205006,123873
204993,123887
204993,123894
204993,123904
204993,123915
204993,123936
204993,123943
204993,123958
204993,123970
204993,123989
204993,123991
204993,124002
204993,124018
204993,124025
204993,124039
204993,124041
204993,124060
204993,124073
204993,124087
204993,124094
204993,124104
204993,124115
204993,124127
204993,124136
204993,124143
204993,124158
204993,124162
204993,124189
204993,124191
204993,124209
204993,124213
204993,124221
204993,124245
204993,124250
204993,124266
204993,124278
204993,124284
204993,124297
204993,124307
204993,124311
204993,124324
204993,124330
204993,124348
204993,124353
204993,124376
204993,124382
204993,124395
204993,124400
204993,124416
204993,124437
204993,124444
204993,124459
204993,124463
204993,124471
204993,124485
204993,124492
204993,124503
204993,124519
204993,124526
205034,124535
205034,124542
205034,124557
205034,124561
205034,124574
205034,124588
205034,124590
205034,124601
205034,124617
205034,124629
205034,124638
205034,124640
205034,124655
205034,124664
205034,124686
205034,124693
205034,124705
205034,124714
205034,124722
205034,124733
205034,124746
205034,124751
205047,124767
204929,124779
204929,124798
204929,124808
204929,124812
204929,124820
204929,124831
204929,124849
204929,124854
204929,124865
204929,124877
204929,124883
204929,124896
204929,124906
204929,124910
204929,124923
204929,124934
204929,124947
204929,124952
204929,124968
204929,124975
204929,124981
204929,124999
204929,125001
204929,125017
204929,125029
204929,125038
204929,125040
204929,125055
204929,125064
204929,125072
204929,125086
204929,125093
204929,125103
204929,125119
204929,125126
204929,125135
204993,125142
204993,125157
204993,125161
204993,125174
204993,125188
204993,125190
204993,125208
204993,125212
204993,125220
204993,125231
204993,125249
204993,125254
204993,125265
204993,125277
204993,125283
204993,125296
204993,125306
204993,125310
204993,125323
204993,125334
204993,125347
204993,125375
204993,125381
204993,125404
204993,125415
204993,125427
204993,125436
204993,125443
204993,125458
204993,125462
204993,125470
204993,125489
204993,125491
204993,125502
204993,125518
204993,125525
204993,125539
204993,125541
204993,125556
204993,125560
204993,125573
204993,125587
204993,125594
204993,125600
204993,125616
204993,125628
204993,125637
204993,125644
204993,125659
204993,125663
204993,125671
204993,125685
204993,125692
204993,125709
204993,125713
204993,125721
204993,125732
204993,125745
204993,125750
204993,125766
204993,125778
205034,125784
205034,125797
205034,125807
205034,125811
205034,125824
205034,125830
205034,125848
204929,125853
204901,125869
204901,125876
204901,125882
204901,125895
204917,125905
204917,125914
204917,125922
204964,125933
204964,125946
204964,125951
204972,125967
205023,125979
204986,125980
205010,125998
205010,126000
204889,126085
204889,126092
204889,126118
204889,126125
204889,126139
204889,126141
204889,126156
204889,126160
204889,126173
204889,126187
204889,126194
204889,126207
204889,126211
204889,126224
204889,126230
204889,126248
204889,126253
204889,126269
204889,126276
204889,126282
204889,126295
204889,126305
204889,126314
204889,126322
204889,126333
204889,126346
204889,126351
204889,126367
204889,126379
204889,126380
204889,126398
204889,126403
204889,126419
204889,126426
204889,126435
204889,126442
204889,126457
204889,126461
204889,126474
204889,126488
204889,126490
204889,126501
204889,126517
204889,126529
204889,126538
204889,126540
204889,126555
204889,126564
204889,126586
204889,126593
204889,126604
204889,126615
204889,126627
204889,126636
204889,126643
204889,126658
204889,126662
204889,126670
204889,126689
204889,126691
204889,126708
204889,126712
204889,126720
204889,126731
204889,126749
204843,126754
204889,126765
204889,126777
204889,126783
204889,126796
204889,126806
204889,126810
204843,126823
204889,126834
204889,126847
204889,126852
204889,126868
204889,126875
204889,126881
204889,126899
204889,126909
204889,126913
204889,126921
204889,126932
204862,126945
204862,126950
204870,126966
204870,126978
204870,126984
204870,126997
204870,127009
204940,127013
204889,127021
204843,127045
204843,127050
204843,127066
204843,127084
204843,127097
201039,127107
201039,127111
205075,127124
205052,127130
205075,127148
205052,127153
205075,127169
205052,127176
205052,127182
205075,127195
205075,127202
205075,127218
205075,127225
205068,127239
205075,127241
205075,127256
205081,127260
205081,127273
205081,127287
205099,127294
205099,127304
205099,127315
205109,127327
205109,127336
205052,127343
205052,127358
205099,127362
205099,127370
205099,127389
205099,127391
205393,127406
205412,127410
205393,127423
205412,127434
205412,127447
205408,127452
205393,127468
205408,127475
205412,127481
205412,127499
205412,127508
205408,127512
205393,127520
205393,127531
205412,127549
205412,127554
205408,127577
205408,127583
205408,127596
205408,127605
205393,127614
205408,127622
205393,127633
205393,127646
205393,127651
205393,127667
348694,127679
348694,127680
348694,127698
348694,127701
348694,127717
348694,127729
348694,127738
348694,127740
348694,127755
348694,127764
348694,127772
348694,127786
348694,127793
348694,127803
348694,127819
348694,127826
348694,127835
348694,127842
348694,127857
348694,127861
348694,127874
348694,127888
348694,127890
348694,127900
348694,127916
348694,127928
348694,127937
348694,127944
348694,127959
348694,127963
348694,127971
348694,127985
348694,127992
348694,128004
348694,128015
348694,128027
348694,128036
348694,128043
348694,128058
348694,128062
348694,128070
348694,128089
348694,128091
348694,128101
348694,128117
348694,128129
348694,128138
348694,128140
348694,128155
348694,128164
348694,128172
348694,128186
348694,128193
348694,128206
348694,128210
348694,128223
348694,128234
348694,128247
348694,128252
348694,128268
348694,128275
348694,128281
348694,128299
348694,128309
348694,128313
348694,128321
348694,128332
348694,128345
348694,128350
348694,128366
348694,128378
348694,128384
348694,128397
348694,128402
348694,128418
348694,128425
348694,128439
348694,128441
348694,128456
348694,128460
348694,128473
348694,128487
348694,128500
205420,128516
205364,128528
205372,128537
205863,128544
205863,128559
205844,128571
205859,128585
205859,128592
205859,128603
205871,128619
205871,128626
205885,128635
989316,128642
206167,128661
206180,128674
206179,128690
206216,128707
206228,128711
206228,128724
206478,128730
206478,128748
206478,128753
206478,128769
206478,128776
206478,128782
206478,128795
206466,128805
206466,128814
206466,128822
206466,128833
206466,128846
206466,128851
206466,128867
206466,128879
206450,128880
206360,128898
206373,128908
206360,128912
206373,128931
206373,128949
206373,128954
206360,128965
206373,128977
206360,128983
206373,128996
206360,129007
206360,129011
206413,129024
206409,129030
206409,129048
206409,129053
206409,129069
206409,129076
206409,129082
206409,129095
206413,129105
206409,129114
206409,129122
206409,129133
206413,129146
206409,129151
206413,129179
206409,129180
206413,129198
206409,129200
206409,129216
206409,129228
206413,129237
206409,129244
206409,129259
206409,129263
206409,129271
206413,129285
206409,129292
206409,129302
206413,129318
206409,129325
206409,129339
206409,129341
206413,129356
206409,129360
206409,129373
206409,129387
206409,129394
206409,129409
206409,129413
206409,129421
206409,129432
206413,129445
206409,129450
206409,129478
206409,129484
206409,129497
206409,129506
206409,129510
206409,129523
206409,129547
206409,129568
206409,129575
206409,129581
206413,129599
206409,129612
206360,129620
206360,129631
206360,129649
206360,129654
206360,129665
206409,129677
206409,129683
206409,129696
206413,129704
206409,129715
206409,129727
206413,129736
206409,129743
206409,129758
206409,129762
206409,129770
206409,129789
206409,129791
206409,129801
206409,129817
206409,129829
206409,129838
206409,129840
206409,129855
206409,129864
206409,129872
206409,129886
206409,129893
206409,129903
206409,129919
206409,129926
206409,129942
206409,129957
206409,129961
206409,129974
206409,129988
206409,129990
206409,130002
206409,130025
206409,130039
206409,130041
206409,130056
206409,130060
206409,130073
206409,130087
206394,130094
696787,130104
696787,130115
696787,130127
696787,130136
696787,130143
696787,130158
696787,130162
696787,130170
696787,130189
696787,130191
696787,130209
696787,130213
696787,130221
696787,130232
696787,130245
696787,130250
696787,130266
696787,130278
696787,130284
696787,130297
696787,130307
696787,130311
696787,130324
696787,130330
696787,130348
696787,130353
696787,130369
696787,130376
696787,130382
696787,130395
696787,130400
696787,130416
696787,130428
696787,130437
696787,130444
696787,130459
696787,130463
696787,130471
696787,130485
696787,130492
696787,130503
696787,130519
696787,130526
696787,130535
696787,130542
696787,130557
696787,130561
696787,130574
696787,130588
696787,130590
696787,130601
696787,130617
696787,130629
696787,130638
696787,130640
696787,130655
696787,130664
696787,130672
696787,130686
696787,130693
696787,130705
696787,130714
696787,130722
696787,130733
696787,130746
696787,130751
696787,130767
696787,130779
696787,130780
696787,130798
696787,130808
696787,130812
696787,130820
696787,130831
696787,130849
696787,130854
696787,130865
696787,130877
696787,130883
696787,130896
696787,130906
696787,130910
696787,130923
696787,130947
696787,130952
696787,130968
696787,130981
696787,130999
696787,131003
696787,131019
696787,131026
696787,131035
696787,131042
206387,131057
206387,131061
206791,131074
206791,131088
206791,131090
206791,131100
206791,131116
206791,131128
206791,131137
206791,131144
206791,131159
206791,131163
206791,131171
206791,131185
206791,131192
206791,131205
206791,131214
206791,131222
206791,131233
206791,131246
206791,131251
206791,131267
206791,131279
206791,131280
206791,131298
206791,131308
206791,131312
206791,131320
206791,131331
206791,131349
206791,131354
206791,131365
206791,131377
206791,131383
206791,131396
206791,131401
206872,131417
206872,131429
206872,131438
206872,131440
206872,131455
206872,131464
206872,131472
206872,131486
206872,131493
206872,131504
206872,131515
206872,131527
206872,131536
206864,131543
206872,131558
206872,131562
206872,131570
206872,131589
206864,131591
206872,131602
206872,131618
206872,131625
206872,131639
206872,131641
206872,131656
206872,131660
206872,131673
206872,131687
206872,131694
206872,131706
206872,131710
206872,131723
206872,131734
206872,131747
206872,131752
206872,131768
206872,131775
206872,131781
206872,131799
206872,131809
206872,131813
206872,131821
206872,131832
206872,131845
206864,131850
206872,131866
206872,131878
206872,131884
206872,131897
206864,131907
206864,131911
206864,131924
206864,131930
206864,131948
206864,131953
206864,131969
206864,131976
206840,131982
206864,131995
206864,132005
206864,132014
206903,132022
206903,132033
206919,132046
206855,132051
206855,132067
206855,132079
206855,132080
206838,132098
203350,132108
207349,132112
207312,132120
207312,132131
207312,132149
207312,132154
207312,132165
207312,132177
207312,132183
207312,132196
207312,132203
207312,132219
207312,132226
207312,132235
207312,132242
207312,132257
207312,132261
207312,132274
207312,132288
207312,132290
207308,132300
207312,132316
207312,132328
207312,132337
207312,132344
207312,132359
207312,132363
207312,132371
207312,132385
207312,132392
207312,132407
207312,132411
207331,132424
207331,132430
207331,132448
207298,132453
207298,132469
207298,132476
207298,132482
207781,132495
207799,132509
207799,132513
665594,132521
665594,132532
665594,132545
208020,132550
208020,132566
208020,132578
208012,132584
208012,132606
208020,132610
208012,132623
208012,132634
208012,132652
208012,132668
208020,132681
208020,132699
208012,132718
208012,132725
208020,132739
208020,132741
208020,132756
208012,132760
208012,132773
208008,132787
208012,132794
208012,132804
208012,132815
208012,132827
208012,132836
208008,132843
208012,132858
208012,132862
208020,132870
208020,132889
208012,132891
208020,132901
208020,132917
208020,132929
208020,132938
208012,132940
208012,132955
208012,132964
208012,132972
208012,132986
208012,132993
208012,133000
208012,133016
208012,133028
208012,133037
208012,133044
208012,133059
208012,133063
860406,133071
860406,133085
860406,133092
860406,133102
860406,133118
860406,133125
860406,133139
860406,133141
860406,133156
860406,133160
860406,133173
860406,133194
860406,133207
860406,133211
860406,133224
860406,133230
208096,133248
208096,133253
208077,133269
208077,133276
208096,133282
208096,133295
208096,133305
208096,133314
208096,133322
208083,133333
208096,133346
208083,133351
208096,133367
208077,133379
208096,133380
208096,133398
208096,133403
208147,133419
208096,133426
208077,133435
208083,133442
208096,133457
208096,133461
208096,133474
208096,133488
208096,133490
208147,133501
208147,133517
1124482,133529
208147,133538
208147,133540
208147,133555
208147,133564
208147,133572
208147,133586
208147,133593
208123,133604
208147,133615
208147,133627
208147,133636
208147,133643
208147,133658
208147,133662
208147,133670
208147,133689
208147,133691
208147,133708
208077,133712
208123,133720
208147,133731
208147,133749
208147,133754
208147,133765
208147,133777
208147,133783
208147,133796
208147,133806
208147,133810
208147,133823
208147,133834
208123,133847
208147,133852
208147,133868
208147,133875
208147,133881
208123,133899
208147,133909
208147,133913
208147,133921
208123,133932
208147,133945
208123,133950
208123,133966
208123,133978
208147,133984
208147,133997
208147,134006
208147,134010
208147,134023
208147,134034
208147,134047
208147,134052
208134,134068
208123,134075
208147,134081
208123,134099
208147,134109
208147,134113
208147,134132
208147,134145
208123,134150
208123,134166
208123,134178
208147,134184
208147,134197
208147,134204
208147,134215
208147,134227
208147,134236
208096,134243
208077,134258
208077,134262
208123,134270
208123,134289
208123,134291
208123,134301
985155,134317
208110,134329
485098,134338
485098,134340
485098,134355
485098,134364
485098,134372
485098,134386
485098,134393
485098,134408
485098,134412
485098,134420
485098,134431
485098,134449
485098,134454
485098,134465
485098,134477
485098,134483
485098,134496
485098,134505
485098,134514
485098,134522
485098,134533
726510,134546
485098,134551
485098,134567
485098,134579
485098,134580
485098,134598
485098,134607
485098,134611
485098,134624
485098,134630
485098,134648
485098,134653
485098,134669
485098,134676
485098,134682
485098,134695
485098,134703
485098,134719
726510,134726
485098,134735
485098,134742
726510,134757
485098,134761
485098,134774
485098,134788
485098,134790
485098,134800
485098,134816
485098,134828
485098,134837
485098,134844
485098,134859
485098,134863
485098,134871
485098,134885
485098,134892
726510,134902
485098,134918
485098,134925
485098,134939
485098,134941
485098,134956
726510,134960
485098,134973
485098,134987
485098,134994
485098,135007
485098,135011
485098,135024
485098,135030
485098,135048
485098,135053
485098,135069
485098,135076
485098,135082
485098,135095
485098,135105
485098,135114
485098,135122
485098,135133
485098,135146
485098,135151
485098,135167
485098,135179
485098,135180
485098,135198
485098,135200
485098,135216
485098,135228
485098,135237
485098,135244
485098,135259
485098,135263
726510,135271
485098,135285
485098,135292
485098,135302
485098,135318
485098,135339
485098,135341
726510,135356
726510,135360
726510,135373
726510,135387
726510,135394
726510,135409
726510,135413
726510,135421
726510,135432
726510,135445
726510,135450
726510,135466
726510,135478
726510,135484
726510,135497
726510,135506
726510,135510
726510,135523
726510,135534
726510,135547
726510,135552
726510,135568
726510,135575
726510,135581
726510,135599
726510,135608
726510,135612
726510,135620
726510,135631
726510,135649
726510,135654
726510,135665
726510,135677
726510,135683
726510,135696
726510,135704
726510,135715
726510,135727
726510,135736
726510,135743
726510,135758
726510,135762
726510,135770
726510,135789
726510,135791
726510,135801
726510,135817
726510,135829
726510,135838
726510,135840
726510,135855
726510,135864
726510,135872
726510,135886
726510,135893
726510,135903
726510,135919
726510,135926
726510,135935
726510,135942
726510,135957
726510,135961
726510,135974
726510,135988
726510,135990
726510,136008
726510,136012
726510,136020
726510,136031
726510,136049
726510,136054
726510,136065
726510,136077
726510,136083
208054,136096
208238,136106
733990,136110
208737,136123
208737,136134
208737,136147
208904,136152
208915,136168
208915,136175
209333,136181
209333,136199
209333,136217
209322,136229
209322,136238
209322,136240
209322,136255
209322,136264
209322,136272
209322,136286
209322,136293
209322,136303
209322,136319
209322,136326
209322,136335
209322,136342
209322,136361
209322,136374
209322,136388
209322,136390
209322,136405
209322,136414
209322,136433
209322,136446
209322,136451
209333,136467
209322,136479
209322,136480
209322,136498
209322,136507
209322,136511
209322,136524
209322,136530
209322,136548
209322,136553
209322,136569
209322,136576
209314,136582
209305,136595
209426,136609
209426,136613
209435,136621
209435,136632
209435,136645
209435,136650
199912,136666
199908,136678
199931,136684
199931,136697
199931,136700
199931,136716
199931,136728
199931,136737
199931,136744
199920,136759
199949,136763
199954,136785
203402,136792
204827,136818
204794,136825
204815,136839
204787,136841
204804,136856
207710,136860
972629,136887
972629,136894
972629,136904
208530,136915
208524,136927
208511,136936
208524,136943
208507,136958
208839,136962
201025,136970
201018,136989
207558,137004
207558,137015
207562,137027
1050703,137036
210033,137043
210033,137058
210033,137062
210033,137070
210022,137089
208894,137091
208894,137101
208894,137117
208841,137129
208841,137138
208841,137140
208841,137155
208841,137164
208841,137172
208887,137186
208887,137193
810205,137206
208873,137210
208860,137223
810205,137234
208873,137247
208860,137252
810205,137268
209346,137275
200573,137281
202803,137313
202803,137321
202793,137332
202772,137345
202793,137350
562682,141810
199776,141823
562682,141852
199730,141868
562682,141875
562682,141881
965440,141899
562682,141909
965440,141913
562682,141932
562682,141945
562682,141950
562682,141966
562682,141978
562682,141984
562682,141997
199724,142007
562682,142011
965440,142024
199748,142030
199898,142048
200086,142053
200086,142069
200443,142095
200443,142105
200443,142114
200443,142122
200462,142133
973387,142146
200560,142151
200560,142167
200560,142179
200560,142180
200560,142198
200556,142200
200560,142216
200556,142228
200556,142237
200560,142259
200628,142263
200637,142271
200644,142292
201601,142302
200721,142318
200713,142325
200721,142339
200721,142341
200721,142356
200721,142360
200721,142373
200713,142387
200732,142394
200721,142409
200784,142413
200784,142421
200797,142432
200784,142445
200778,142450
200784,142466
200807,142478
200811,142484
200811,142497
200830,142506
200853,142510
200848,142523
200824,142534
200895,142552
200869,142568
200869,142575
200876,142599
201087,142608
201087,142612
201104,142620
201104,142631
201191,142649
952228,142654
201232,142665
952228,142677
904952,142683
904952,142696
904952,142727
904952,142736
201191,142762
904952,142770
904952,142801
952228,142829
904952,142840
952228,142864
952228,142872
201232,142886
904952,142893
952228,142903
201245,142919
201232,142926
201232,142935
201266,142957
201278,142961
201278,142974
201311,142988
201324,142990
201330,143002
201330,143018
201348,143039
201428,143041
201459,143056
201471,143060
201428,143073
201437,143087
201459,143094
201471,143104
201428,143115
201459,143127
201459,143136
201463,143143
201471,143158
201485,143162
201428,143170
803549,143189
201459,143191
201722,143209
948167,143213
201746,143221
201779,143232
947693,143245
947746,143250
947746,143278
201746,143284
948167,143297
201722,143307
947693,143369
947746,143376
947693,143382
947746,143400
201722,143416
947693,143437
947746,143459
947693,143463
947746,143471
201798,143485
201849,143492
201831,143503
201877,143519
201820,143526
201849,143535
201865,143542
201883,143557
201854,143561
201820,143574
201849,143588
201883,143590
201820,143601
201849,143617
201883,143629
201896,143638
201896,143640
201906,143655
201896,143664
201896,143672
201428,143686
201459,143693
201471,143705
201428,143714
201459,143722
201428,143733
201459,143746
201471,143751
201934,143767
803549,143779
201975,143780
201999,143798
201428,143808
201459,143812
201923,143820
201428,143831
201459,143849
201471,143854
201428,143865
803549,143877
201459,143883
201471,143896
201923,143906
201428,143910
201459,143923
201471,143934
202013,143947
803549,143968
201428,143975
201459,143981
803549,143999
667239,144008
202084,144012
203210,144031
202066,144049
667239,144054
203210,144065
203210,144077
202032,144083
202078,144096
202032,144106
667239,144134
1000473,144147
202107,144152
656479,144168
1000473,144175
202130,144181
202148,144199
202148,144201
824027,144229
824027,144238
202218,144240
202225,144255
202239,144264
202241,144272
202256,144286
202826,144303
202826,144335
202835,144342
199851,144357
202826,144374
202826,144388
202819,144390
201981,144446
202944,144451
202009,144467
202971,144479
202928,144511
202009,144530
202971,144548
201981,144553
201981,144576
201981,144582
201981,144609
202944,144621
201981,144632
202944,144650
202009,144666
202971,144678
201981,144684
202944,144697
202971,144716
202009,144728
202928,144737
201981,144744
202944,144759
201981,144763
202944,144771
862249,144785
862249,144792
688555,144818
203155,144825
203206,144841
862249,144856
203193,144860
688555,144873
203206,144887
862249,144894
862249,144915
688555,144927
203206,144936
862249,144943
203193,144958
203140,144962
203281,144970
203281,144989
203299,144991
203299,145009
203309,145013
203309,145021
203366,145032
203366,145045
203384,145050
203384,145066
203494,145084
203494,145097
203494,145107
203898,145124
203494,145130
746115,145148
203494,145153
203494,145169
203494,145176
203494,145182
203494,145202
203473,145218
203487,145225
203494,145239
203494,145241
203494,145256
203487,145273
203563,145304
203559,145315
203585,145327
203571,145336
203592,145343
203603,145358
203619,145362
959320,145406
959349,145410
203996,145423
959320,145434
959349,145452
959365,145475
668091,145481
203965,145499
203965,145512
769299,145520
769299,145531
204033,145549
204033,145554
204033,145565
204033,145577
202701,145583
202717,145596
204080,145605
204080,145614
204080,145622
204080,145633
204080,145646
204080,145651
204080,145667
204080,145679
204154,145680
204165,145698
824851,145717
824898,145729
824851,145738
824898,145740
824898,145755
204226,145764
824851,145772
824851,145786
824898,145793
824851,145803
824898,145819
824898,145826
824851,145835
824851,145842
824898,145857
824851,145861
824898,145874
204469,145888
204453,145890
204773,145900
204773,145928
205132,145937
205166,145944
205121,145959
205132,145963
205145,145971
205150,145985
205166,145992
205184,146014
205184,146022
205197,146033
205178,146046
205184,146051
205184,146067
205227,146079
868245,146080
868284,146098
205258,146108
972601,146112
205454,146131
205454,146149
736851,146154
205477,146165
736908,146177
205496,146183
205505,146196
205514,146203
205522,146219
205598,146226
205533,146235
205567,146242
205546,146257
205567,146261
205598,146274
205546,146288
205567,146290
205598,146300
205533,146316
205607,146328
205551,146337
205579,146344
205580,146359
205546,146363
205567,146371
205598,146385
205567,146392
205598,146407
205653,146411
205653,146424
205653,146430
794752,146453
794752,146469
850658,146476
850658,146482
850658,146495
205703,146509
205761,146532
205761,146545
205761,146550
804354,146578
205761,146597
205761,146606
804354,146610
205761,146623
804354,146634
205761,146652
205761,146668
205761,146681
804354,146699
205761,146702
804354,146725
205828,146739
205837,146741
205956,146760
205960,146773
205973,146787
205987,146794
205994,146804
789267,146815
206011,146827
206024,146836
206030,146843
206048,146858
206076,146862
206076,146870
206076,146889
206076,146891
206095,146901
863034,146929
959429,146940
206271,146955
206318,146964
206318,146972
206318,146986
206318,146993
206271,147001
206318,147017
206318,147029
206318,147038
206318,147040
206318,147055
206271,147064
206318,147072
206318,147086
206271,147093
206271,147103
206318,147119
206318,147135
206271,147142
206325,147157
206341,147161
206318,147174
206263,147188
206302,147190
206318,147208
206318,147212
206318,147220
206318,147231
206318,147249
206318,147254
206341,147265
206318,147277
206318,147283
206318,147296
206318,147306
206263,147310
206263,147323
206292,147334
206292,147347
206302,147352
206302,147368
206318,147375
206325,147381
206325,147399
206421,147404
206421,147415
206421,147427
206432,147436
206432,147443
206445,147458
206445,147462
206421,147470
206445,147489
206421,147491
206445,147502
206421,147518
206445,147525
206484,147539
206484,147541
206506,147560
206506,147573
206510,147587
206510,147594
206510,147600
206510,147628
206510,147637
206581,147644
203500,147663
206581,147671
203500,147685
206568,147692
203500,147709
206534,147721
206568,147732
206568,147745
206612,147766
206581,147784
206523,147811
862352,147824
203500,147830
203500,147848
206631,147853
206568,147869
206581,147876
206534,147882
206568,147895
206612,147905
206599,147914
206620,147922
206568,147933
206568,147946
203500,147951
203500,147967
206568,147979
203500,147980
206568,147998
203500,148006
206568,148010
203500,148023
203500,148034
206677,148047
206665,148052
206677,148068
206665,148075
206665,148099
206677,148109
206704,148113
206715,148121
203805,148132
203805,148145
206715,148150
206743,148166
206758,148178
206758,148184
206758,148197
206762,148204
206789,148227
207279,148236
207280,148243
207383,148258
962426,148262
207639,148270
962426,148289
207639,148291
962426,148317
207639,148329
962426,148340
207639,148364
962426,148372
207639,148386
207639,148393
962426,148408
878500,148412
207639,148420
962426,148431
207639,148449
207639,148454
962426,148465
962426,148477
207602,148483
207625,148496
207639,148505
207639,148514
207639,148533
962426,148546
207639,148551
207639,148567
878559,148579
878559,148580
878559,148598
878559,148607
878559,148624
917206,148653
207694,148669
689020,148676
878559,148682
917206,148695
878559,148719
878559,148726
878559,148742
917206,148757
878559,148761
878559,148790
878559,148828
878559,148859
917206,148863
689020,148871
878559,148885
207821,148892
207809,148918
207821,148925
838939,148941
838939,148956
838987,148960
838987,148973
207878,148987
207907,148994
207911,149003
207878,149019
207907,149026
207911,149035
207878,149042
207907,149057
207911,149061
207878,149088
207884,149090
207907,149100
207911,149116
207897,149137
966104,149144
966143,149159
966143,149163
966143,149171
208293,149185
208319,149192
208319,149205
208319,149214
208666,149246
208678,149251
208684,149279
208678,149298
659905,149312
659905,149320
208958,149331
208962,149349
208970,149354
208989,149365
209028,149377
209044,149383
209063,149396
209016,149401
209016,149417
209037,149429
209037,149438
209059,149440
209059,149455
209071,149464
209071,149472
208991,149486
661046,149493
746143,149504
209000,149515
746158,149527
746162,149536
209102,149543
209125,149558
209102,149562
209125,149570
209102,149589
209102,149591
209125,149602
209102,149618
209125,149625
209125,149639
209092,149641
209125,149656
209102,149660
209102,149673
209125,149687
209102,149694
209125,149706
209125,149710
209102,149723
209125,149734
209102,149747
209125,149752
209092,149768
209102,149775
209118,149781
209125,149799
209125,149813
209102,149821
209139,149832
209141,149845
209125,149850
209102,149866
209125,149878
209118,149884
209102,149897
209125,149907
209141,149911
209102,149924
209125,149930
209156,149948
204300,149953
204316,149969
209160,149976
209160,149982
209160,149995
209160,150003
209160,150019
209253,150026
766338,150035
766338,150042
766338,150057
209211,150061
209224,150074
209230,150088
766291,150090
766291,150100
766291,150116
209253,150128
209253,150137
209253,150144
209269,150159
209269,150163
209269,150171
209253,150185
209351,150192
209367,150205
209380,150222
209380,150233
867478,150246
867478,150251
209419,150267
209419,150279
209538,150308
209540,150312
209564,150320
209564,150331
209555,150349
209555,150354
209572,150365
209586,150377
209627,150396
209627,150401
209636,150417
209658,150438
209662,150440
209670,150455
209731,150464
209720,150472
209881,150486
209875,150493
209881,150504
653207,150515
209909,150527
209899,150543
209921,150562
209899,150570
209913,150589
209913,150591
653207,150602
209921,150618
791774,150625
791774,150639
209945,150641
209950,150656
791774,150660
689106,150673
791774,150687
791774,150694
689106,150706
791774,150710
791774,150723
656238,150734
201526,150752
204993,150768
206151,150775
206228,225993
665594,226068
226047,226075
659119,226132
768466,226197
810747,226243
200142,226262
226301,226329
226340,226364
226412,226431
226483,226505
226551,226579
226624,226648
226624,226669
226695,226719
226483,226735
226761,226788
226800,226828
226859,226871
226902,226925
226941,226960
227018,227039
227060,227087
227104,227127
227143,227162
227191,227213
227266,227284
227266,227307
227353,227376
227400,227428
227444,227463
227519,227535
227519,227557
227588,227601
227588,227629
227640,227664
227686,227705
227751,227779
227353,227798
227849,227865
227896,227910
227968,227981
228030,228053
228082,228105
973523,228151
747145,228200
228263,228285
228341,228360
228413,228432
228450,228478
747145,228497
227896,228510
228552,228575
228082,228599
228450,228612
228450,228631
747145,228654
228704,228727
869756,228791
228840,228864
228893,228919
228942,228961
229036,229058
226859,229070
229129,229140
229164,229186
229206,229223
229247,229268
229129,229281
229164,229321
229206,229366
229247,229384
229439,229456
229487,229500
229528,229544
226624,229563
226624,229585
226624,229603
226624,229626
226624,229642
226624,229661
229690,229711
229528,229730
229782,229805
229833,229851
229439,229879
229487,229898
229920,229949
229439,229965
229487,229983
226551,230009
227266,230021
226761,230045
226695,230066
226483,230084
229036,230107
229036,230124
229036,230148
229036,230169
229247,230182
229036,230202
230294,230315
229036,230336
230389,230406
226761,230423
230475,230499
230475,230512
230549,230565
230549,230583
230614,230633
230680,230701
230680,230729
230294,230740
230764,230786
230826,230842
226551,230861
226551,230888
230916,230937
230963,230985
226551,231008
230916,231020
230963,231049
226551,231065
230916,231083
230963,231106
231123,231147
231168,231181
230294,231201
231255,231272
231293,231319
231342,231361
231414,231433
231480,231507
229036,231524
231576,231595
231576,231613
231666,231684
231700,231728
231744,231763
231818,231839
229036,231856
203626,231873
203635,231894
231936,231958
231970,231991
232040,232064
232157,232174
230294,232190
230294,232212
232254,232277
232254,232296
232381,232368
232381,232404
232381,232427
232381,232443
232381,232462
232381,232489
232381,232502
232539,232556
232381,232573
232381,232594
232381,232616
315061,232663
315061,232685
232539,232709
232750,232778
973523,232797
227353,232811
231168,232830
231168,232853
227353,232876
231168,232895
231168,232914
231168,232933
231123,232951
231123,232979
231168,232998
231168,233010
231168,233034
231168,233052
233109,233121
233150,233178
233204,233227
233270,233291
233270,233317
227353,233338
227400,233355
233408,233420
233454,233477
227353,233496
227353,233514
227353,233533
231255,233551
233579,233598
233579,233611
233579,233676
227266,233695
865661,233761
233816,233837
233892,233918
229247,233939
227353,233956
747145,233973
234028,234044
234092,234118
233204,234139
233109,234156
233150,234173
234230,234253
233816,234276
227266,234295
733484,234346
733484,234367
227444,234380
865661,234403
229036,234461
234517,234538
234555,234572
234627,234643
865661,234662
233816,234689
233816,234708
865661,234720
233816,234749
234796,234810
234868,234881
661469,234932
234092,234950
235004,235027
234092,235043
234092,235062
235091,235117
234092,235138
234092,235155
234092,235172
234092,235193
234092,235210
235091,235234
235091,235252
235275,235299
235313,235332
234092,235350
234092,235378
233816,235397
234092,235418
235441,235460
235528,235544
233109,235563
233109,235585
233150,235603
233204,235626
234092,235642
233816,235661
234092,235688
233109,235707
233150,235724
233204,235748
235795,235814
235846,235867
235912,235931
235965,235983
236019,236035
235912,236057
236019,236074
236128,236144
236171,236192
233109,236214
233150,236233
233109,236251
233150,236279
233204,236298
233150,236312
233204,236331
233109,236354
233150,236377
233150,236396
234092,236417
236464,236486
234092,236504
233454,236527
233408,236543
236618,236639
236687,236706
227444,236723
231168,236747
236768,236781
236850,236878
226695,236897
226483,236911
227104,236930
227143,236953
237007,237024
237076,237095
237122,237146
237179,237198
237228,237244
237228,237263
237076,237285
237122,237302
237179,237325
237360,237387
237409,237421
237445,237466
237076,237484
237122,237506
237179,237523
237575,237599
237575,237612
237665,237683
226624,237704
237575,237727
237575,237743
237575,237762
237575,237789
237575,237801
237575,237829
237575,237840
237575,237864
237575,237886
237575,237903
237575,237926
237575,237942
237575,237961
237990,238018
227018,238039
227018,238073
238127,238143
238170,238191
233270,238213
236128,238232
238284,238307
226412,238324
226695,238348
226483,238369
238416,238437
238492,238519
238492,238535
238588,238601
238492,238629
238672,238693
238672,238714
238672,238733
238751,238779
238751,238798
238672,238812
238672,238831
238672,238854
238492,238877
238923,238947
238975,238999
234517,239014
238923,239033
238975,239051
239079,239098
226695,239112
226483,239131
229129,239154
229164,239177
229206,239196
238416,239219
237575,239235
226859,239257
226761,239274
696858,239316
227968,239359
239371,239392
239411,239430
239453,239476
226695,239495
226483,239513
239566,239584
239634,239652
227266,239675
239718,239739
733484,239756
239773,239794
864662,239862
229164,239889
229206,239901
229164,239929
229206,239940
229164,239964
229206,240007
229206,240024
229164,240048
229206,240082
229206,240105
229129,240122
229129,240146
229164,240167
229206,240180
747145,240200
240244,240263
226483,240285
226695,240302
226483,240325
229164,240341
229206,240360
226695,240387
226483,240409
226695,240421
226483,240445
227143,240484
226695,240547
226483,240568
226483,240581
226483,240608
226695,240620
226483,240649
226695,240665
226483,240683
226695,240704
226695,240727
226483,240743
226483,240762
226695,240789
226483,240801
226483,240829
226695,240840
226483,240864
227104,240886
240919,240935
226695,240957
226483,240974
226483,240990
226695,241010
226483,241034
227104,241052
226695,241075
226695,241099
226695,241113
226483,241132
226695,241150
226695,241178
226695,241197
226483,241215
226483,241236
226483,241258
226483,241270
226695,241291
226483,241317
226483,241338
226483,241355
226695,241372
226483,241393
226695,241412
226483,241431
226483,241454
226695,241477
226695,241496
226483,241514
226483,241533
226483,241551
226695,241579
226483,241598
226483,241611
226483,241630
226695,241653
226695,241676
226695,241695
226695,241719
226483,241735
226483,241757
226483,241774
226483,241790
226483,241816
226695,241837
226695,241859
226483,241871
226483,241892
226483,241918
226483,241939
226483,241956
226695,241973
226483,241994
226483,242015
229206,242036
229129,242058
226695,242070
226483,242091
226695,242117
226483,242138
226695,242155
226483,242172
226483,242193
226483,242210
227104,242252
227143,242275
227191,242299
242234,242313
226483,242332
226483,242350
238416,242378
242402,242425
242456,242473
238416,242494
242544,242563
238416,242585
242619,242635
242402,242657
242402,242674
238416,242690
238416,242711
242402,242730
242402,242753
242402,242776
238416,242795
238416,242814
238416,242833
238416,242851
238416,242879
238416,242898
238416,242912
238416,242931
238416,242954
238416,242977
238416,242996
238416,243013
238416,243032
238416,243050
238416,243078
238416,243097
238416,243111
238416,243130
242402,243153
242402,243176
242402,243195
242402,243218
242402,243239
242402,243256
242402,243273
242402,243294
242402,243315
242402,243336
242402,243358
242402,243370
242402,243391
242402,243410
242402,243434
242402,243452
242402,243475
242402,243499
238416,243512
242402,243531
242402,243554
242402,243577
242402,243596
243614,243633
242402,243679
242456,243698
238416,243717
242544,243738
238416,243755
242402,243772
242402,243793
238416,243819
242402,243835
238416,243857
242402,243874
242402,243890
238416,243916
242402,243937
238416,243959
242402,243971
243992,244019
238416,244035
242402,244057
242402,244074
238416,244090
242402,244116
238416,244137
238416,244159
242402,244171
242402,244192
244214,244233
238416,244251
238416,244279
242402,244298
238416,244312
242402,244331
238416,244354
242402,244377
747145,244396
238416,244417
242402,244438
238416,244455
242402,244472
238416,244493
242402,244515
242402,244536
238416,244558
242402,244570
237575,244591
238416,244618
242402,244639
226624,244656
244673,244694
237575,244710
244734,244752
244775,244799
237575,244813
226483,244832
231168,244850
864662,244878
244897,244911
244897,244930
747145,244953
245002,245025
864662,245041
747145,245060
747145,245087
864662,245104
245158,245170
245191,245213
245284,245307
245353,245376
245400,245428
245444,245463
245444,245485
245519,245535
233109,245557
233150,245574
245629,245640
239411,245664
238416,245686
229164,245705
229206,245722
226695,245746
226483,245767
245812,245831
245883,245906
231970,245923
762083,245999
350580,246040
246064,246086
246135,246157
246174,246190
246212,246231
228552,246254
246306,246323
246352,246375
238588,246399
233109,246415
233150,246436
233204,246458
246502,246525
246556,246573
246637,246659
246709,246721
246750,246778
246807,246824
233270,246848
246895,246914
227444,246933
231168,246951
247005,247022
247079,247098
247120,247149
233270,247165
227444,247183
237007,247203
238284,247226
247120,247242
227266,247261
247290,247316
247344,247363
247385,247407
247448,247469
247521,247545
234868,247566
661469,247584
661469,247606
230389,247623
247675,247699
246709,247756
246750,247773
230389,247794
247815,247836
233109,247858
233150,247870
233204,247891
247940,247964
247993,248016
227896,248059
747145,248071
228450,248092
248118,248139
248156,248173
248207,248224
248248,248269
248314,248333
226941,248351
248379,248398
234092,248419
235091,248435
248488,248501
762083,248555
232086,248572
248604,248627
248658,248670
227896,248691
246064,248712
234092,248731
235091,248754
234092,248777
235091,248796
234092,248810
248868,248881
248913,248932
227266,248950
733484,248978
249008,249020
249096,249110
249096,249134
249096,249152
249181,249201
249181,249229
249181,249240
249264,249286
249303,249326
249342,249361
249388,249405
233816,249422
234092,249446
249479,249498
246306,249511
226624,249530
249582,249609
249632,249650
249684,249700
249728,249744
249008,249763
249818,249839
230294,249856
249887,249904
245444,249927
647731,249991
647731,250031
247344,250054
227968,250077
250110,250134
250152,250175
250199,250217
226761,250238
250255,250272
226761,250293
250319,250335
245519,250357
768466,250374
250422,250446
227018,250467
250507,250524
250576,250595
250613,250632
250684,250700
250319,250728
252125,250763
250802,250825
234517,250841
234517,250860
235441,250887
235441,250904
247290,250927
250319,250943
234517,250962
251048,251069
247290,251082
251122,251146
251198,251216
251244,251263
251198,251285
251302,251325
226800,251341
249728,251360
226761,251387
747145,251409
226340,251421
810747,251445
251478,251497
768466,251510
250319,251534
251568,251581
250319,251608
250319,251620
226941,251649
810747,251683
250319,251704
249728,251727
249728,251743
249728,251762
249728,251789
249728,251801
249728,251829
249728,251840
249728,251864
249728,251886
226761,251903
226761,251926
226761,251942
226761,251961
251988,252000
226859,252028
250744,252044
249008,252063
249008,252085
249008,252102
252125,252141
245444,252160
250152,252187
249008,252207
251988,252224
226859,252248
252269,252282
226761,252305
252125,252322
252125,252346
252379,252398
226761,252419
226761,252435
245444,252457
249728,252474
249728,252490
250152,252517
251302,252538
226859,252555
252586,252604
250152,252627
250319,252643
226340,252662
245519,252689
250152,252708
250319,252720
252125,252749
252765,252783
252810,252834
226859,252852
226761,252875
250319,252899
252913,252932
226340,252950
226761,252978
747145,252997
226761,253014
245444,253033
250319,253051
252269,253079
234517,253112
247290,253131
234517,253154
235441,253177
247290,253196
253219,253235
228450,253257
227266,253274
227266,253290
253316,253337
227444,253359
227444,253371
227444,253392
253316,253430
227266,253453
253316,253476
227444,253495
246306,253513
246352,253532
230389,253550
246306,253578
253597,253610
246352,253634
253652,253675
246306,253699
246352,253718
246306,253739
246352,253756
246306,253773
246306,253794
246352,253815
253652,253836
253597,253858
253652,253870
253597,253891
253652,253917
246306,253938
253964,253986
246352,254004
246174,254027
246212,254043
246750,254062
246807,254089
233816,254101
246306,254129
229164,254140
229206,254164
229129,254186
254234,254252
254281,254309
254332,254350
254425,254441
765080,254559
227266,254571
955646,254619
247385,254635
247344,254657
248868,254674
229129,254690
229164,254711
229206,254730
229164,254753
229206,254776
229129,254795
254833,254851
254833,254879
254833,254898
229164,254912
229206,254931
226483,254954
226483,254977
255026,255042
255061,255088
255100,255128
255171,255192
229129,255214
229164,255233
229206,255251
255312,255331
255383,255401
255440,255464
226551,255486
230916,255504
255558,255570
255625,255641
255673,255694
255747,255768
690931,255809
251198,255821
255850,255878
255907,255924
249632,255948
255995,256018
256041,256060
256087,256104
256127,256143
231168,256162
256213,256232
256284,256307
256284,256324
256284,256348
256284,256369
256382,256400
256284,256428
239773,256444
230294,256463
232254,256485
259717,256557
256590,256617
256590,256638
256664,256686
256714,256733
245629,256751
256808,256820
256854,256877
256906,256923
256947,256968
256999,257010
257034,257052
257034,257075
252125,257099
257132,257150
257204,257227
230826,257243
230294,257262
232254,257289
248488,257301
248488,257329
232254,257340
257386,257408
257420,257449
230294,257465
230294,257483
257522,257546
232254,257567
230294,257607
230294,257624
230294,257648
230294,257669
230294,257682
229247,257703
248488,257726
227896,257742
747145,257761
369427,257837
257892,257918
257960,257987
747145,258001
973523,258029
226483,258040
258072,258093
246306,258119
246352,258135
247005,258157
258208,258220
258296,258310
239566,258375
230294,258399
232254,258415
258462,258489
258462,258502
258462,258525
258556,258573
258556,258594
258556,258616
258462,258637
258462,258659
258556,258671
258556,258692
258721,258745
258766,258784
245519,258824
258848,258869
239773,258905
252269,258922
226859,258946
258967,258980
259013,259032
231936,259050
309088,259107
748103,259153
233579,259176
231255,259195
259241,259260
259294,259315
256854,259336
251198,259358
259406,259423
259452,259475
251198,259499
230389,259512
235795,259531
235846,259554
955793,259605
227266,259622
230764,259646
230294,259667
230826,259680
259717,259738
259755,259772
747145,259793
259842,259861
237665,259888
226695,259900
226483,259928
259971,259992
260027,260043
955793,260062
260101,260129
260140,260164
247005,260186
247005,260206
260223,260247
236687,260268
259013,260281
236687,260309
236687,260321
236687,260345
259971,260366
260397,260418
259013,260439
259013,260456
230294,260473
247005,260494
231168,260516
247005,260537
247005,260559
247290,260571
260592,260619
260635,260657
260674,260690
260748,260769
260795,260814
260846,260867
236687,260920
260977,260996
227353,261059
227353,261071
259013,261092
231168,261118
248248,261139
261160,261187
869756,261207
239773,261224
747145,261248
747145,261269
261295,261314
228450,261333
259294,261351
256854,261379
261426,261442
233408,261461
233454,261488
261517,261538
261555,261572
259294,261593
261615,261636
229036,261658
230294,261670
232254,261691
232381,261712
232381,261731
235795,261754
235846,261777
261823,261847
246306,261868
253964,261881
253652,261909
259452,261921
259406,261945
259452,261966
256535,261984
262011,262030
261823,262053
262076,262095
262122,262146
235795,262167
262216,262237
235846,262292
230294,262318
232254,262339
262387,262409
246306,262421
235795,262445
235846,262466
259406,262484
259406,262506
233892,262523
259294,262547
251198,262568
248868,262581
262631,262654
262704,262727
259013,262743
229129,262762
259842,262789
259013,262840
231168,262864
227400,262886
251198,262903
238492,262926
262974,262990
262974,263018
263041,263060
251198,263087
263136,263158
263189,263209
256284,263221
869756,263245
239773,263266
263284,263307
747145,263324
229528,263348
263395,263416
263444,263463
263485,263503
263526,263542
263526,263561
230764,263588
230294,263601
232254,263629
263664,263686
263733,263751
261615,263779
257034,263798
251198,263812
263865,263883
263910,263934
263968,263981
264012,264031
264083,264106
264123,264147
973523,264168
259842,264201
264238,264255
259842,264272
259842,264293
259842,264319
259842,264335
259842,264357
262801,264374
262801,264390
959625,264414
264433,264451
262801,264498
262801,264511
264530,264553
262801,264576
259842,264595
259842,264613
262704,264632
264650,264678
259842,264697
259842,264716
251198,264737
251198,264759
251198,264771
251198,264792
251198,264818
251198,264839
251198,264856
251198,264873
251198,264894
251198,264915
259842,264936
251198,264958
265009,265021
265078,265097
747145,265111
315061,265130
232381,265153
265202,265225
265241,265260
247005,265327
257034,265343
247005,265362
247005,265389
265423,265447
255850,265468
255907,265481
247290,265508
265520,265549
265577,265596
265614,265633
226624,265651
265679,265698
251198,265717
226761,265738
226695,265755
226483,265772
246135,265793
265857,265874
265890,265916
265959,265971
266014,266033
266014,266051
226551,266079
230916,266098
237575,266112
226695,266131
226483,266154
226483,266177
266226,266242
226859,266261
256284,266288
263485,266300
865661,266328
266371,266392
247344,266411
262704,266430
238127,266453
266509,266521
255171,266545
226412,266566
227266,266584
264650,266606
233816,266623
245629,266647
973523,266668
747145,266681
747145,266702
239773,266725
315061,266741
229036,266760
266794,266815
226624,266836
233816,266858
247005,266870
226412,266891
247940,266917
266940,266964
247993,266986
230389,267029
237575,267040
906160,267119
239566,267135
235441,267157
267188,267208
267220,267249
267188,267265
267283,267306
251198,267323
251198,267347
906160,267368
251198,267381
237575,267404
229036,267427
251198,267443
251198,267462
251198,267489
251198,267502
251198,267525
251198,267541
251198,267560
251198,267587
267600,267628
248156,267644
267188,267663
251198,267685
251198,267709
251198,267721
251198,267745
251198,267766
251198,267784
251198,267807
251198,267824
267869,267882
251198,267905
267946,267967
251198,267980
268010,268034
251198,268052
251198,268075
251198,268099
247290,268113
247290,268132
268150,268178
257960,268197
268227,268243
251198,268262
257960,268289
237575,268301
268355,268372
251198,268393
268412,268431
251198,268454
226412,268477
268505,268522
268551,268579
268648,268669
251198,268682
251198,268703
268726,268742
237575,268761
237575,268788
237575,268800
226695,268828
226483,268844
239718,268863
268885,268902
268925,268941
268960,268987
269019,269035
226761,269057
269074,269090
262974,269116
269163,269185
269251,269279
269298,269312
260397,269331
247290,269354
269383,269401
230916,269429
747145,269440
269493,269515
266371,269536
696858,269558
269602,269625
865661,269641
269660,269687
269734,269752
269781,269809
226761,269821
269850,269878
269897,269911
251198,269930
247290,269953
227896,269976
269897,269995
238492,270018
234092,270039
235091,270056
269897,270073
265009,270094
228450,270115
247290,270136
234517,270158
227444,270170
251198,270191
254234,270213
254281,270232
246895,270250
270278,270297
262974,270311
270330,270353
235795,270376
235846,270395
239566,270416
246306,270437
246352,270459
270485,270503
236687,270526
232157,270542
236171,270561
270588,270601
270588,270629
270588,270640
270588,270664
270588,270686
270588,270705
270733,270751
270733,270779
266226,270798
235846,270812
262801,270831
265423,270854
265423,270877
270910,270934
744186,270975
744186,271035
227444,271057
271074,271090
747145,271116
747145,271137
271159,271171
747145,271192
271246,271267
265423,271280
261555,271308
271331,271354
271383,271401
226483,271429
226483,271440
271486,271504
230294,271527
270733,271543
271570,271591
266226,271618
269602,271639
270485,271656
270733,271673
270733,271694
266226,271710
237575,271734
270733,271752
266226,271775
270733,271799
270733,271813
266226,271832
266226,271850
245629,271878
250255,271897
270733,271911
234868,271930
661469,271953
248868,271976
265009,271995
865661,272014
229036,272033
230294,272051
232254,272079
247344,272098
252765,272112
245519,272131
864662,272154
864662,272177
230764,272196
266226,272219
272261,272288
272316,272337
272363,272385
246895,272407
246895,272424
246895,272448
239566,272469
246895,272482
246895,272509
246895,272521
272545,272566
869756,272584
869756,272606
272675,272699
272760,272787
272815,272836
869756,272858
869756,272870
261823,272891
261823,272917
235795,272938
235846,272955
235846,272972
235795,272993
235795,273016
273063,273085
252765,273102
253597,273125
273141,273160
253652,273187
273230,273253
273282,273305
273230,273322
273351,273379
273403,273426
273282,273442
273230,273461
273351,273488
273501,273529
273501,273540
273572,273593
233816,273615
246895,273636
235795,273658
262216,273670
235846,273691
246895,273712
272760,273796
272815,273847
273230,273868
273351,273881
246895,273909
254234,273921
254281,273945
273141,273966
253597,273984
253652,274006
274052,274075
274109,274121
259717,274145
274178,274197
274243,274262
274291,274317
229164,274338
229206,274355
229129,274372
273230,274393
273351,274412
236768,274431
246135,274454
238127,274477
238170,274496
255850,274514
274546,274567
232254,274580
265009,274607
259842,274624
227896,274648
265009,274669
262704,274682
228450,274703
234868,274726
661469,274742
274790,274816
661469,274837
274863,274885
274790,274902
234868,274925
661469,274941
266371,275007
274863,275024
274790,275048
274863,275069
274790,275082
274863,275105
274790,275122
274863,275146
274790,275167
234868,275180
661469,275200
234868,275228
661469,275244
661469,275263
275292,275318
234868,275339
661469,275356
275409,275421
275409,275445
234868,275466
661469,275484
249632,275506
249684,275523
230389,275547
230389,275568
275581,275608
275620,275649
249582,275665
249632,275683
249684,275704
249632,275727
249684,275743
249632,275762
249684,275789
234868,275801
661469,275829
238588,275840
234426,275864
274863,275886
274863,275903
274790,275926
274790,275942
269602,275961
234868,275988
234868,276008
661469,276020
276049,276065
276083,276106
226483,276123
276175,276199
247344,276217
234868,276238
661469,276255
267600,276272
747145,276293
228450,276319
747145,276335
271074,276357
747145,276374
747145,276390
747145,276414
747145,276433
250255,276451
531179,276511
227896,276530
269602,276553
269602,276576
276595,276613
973523,276632
276666,276684
227896,276700
270733,276728
235795,276744
235846,276763
276785,276802
245629,276825
245629,276841
359356,276887
276927,276943
276962,276989
234868,277004
661469,277027
234868,277043
661469,277062
234868,277089
276049,277101
661469,277129
277140,277164
234868,277186
234868,277206
234868,277223
661469,277247
661469,277268
661469,277281
234868,277309
661469,277321
234868,277345
276049,277366
661469,277384
277140,277402
234868,277425
661469,277441
262704,277460
266371,277487
234868,277500
661469,277528
277544,277563
227444,277585
227444,277603
253316,277626
277674,277690
265009,277711
265009,277730
265009,277753
269602,277776
277795,277814
269602,277833
269602,277851
277880,277908
277920,277949
234092,277965
278021,278045
228450,278066
747145,278084
228450,278107
747145,278124
278176,278195
278260,278287
865661,278304
865661,278327
865661,278343
865661,278362
865661,278389
234426,278406
234426,278423
865661,278447
865661,278468
865661,278481
865661,278508
865661,278520
865661,278549
865661,278565
228450,278583
747145,278605
865661,278622
230294,278646
865661,278667
865661,278680
865661,278701
865661,278729
865661,278740
865661,278764
247344,278786
233816,278803
865661,278826
865661,278842
248868,278861
232157,278888
227896,278900
278928,278944
278992,279017
279040,279064
279086,279103
227849,279126
230294,279142
226761,279161
279188,279208
279220,279249
279296,279310
270733,279334
266226,279352
234092,279375
246212,279399
279462,279489
279502,279525
279573,279594
279616,279637
262631,279659
237665,279671
279709,279721
279750,279778
237665,279797
279824,279848
237665,279869
279824,279882
237665,279905
237665,279922
279980,280003
280026,280042
280026,280061
280026,280088
237665,280100
280026,280128
279824,280144
279824,280163
237665,280185
237665,280205
237665,280222
237665,280246
237665,280267
237665,280280
237665,280308
237665,280320
237665,280349
237665,280383
237665,280401
237665,280429
237665,280440
280026,280464
280026,280486
280504,280527
237665,280543
280562,280589
280602,280625
280641,280660
280687,280706
260748,280723
280641,280747
260846,280768
280809,280821
280845,280866
280884,280907
280924,280948
279188,280969
279188,280982
279220,281004
279220,281027
279220,281043
279188,281062
239634,281089
239634,281101
239634,281129
239634,281140
281164,281186
279220,281206
279220,281223
279220,281247
279220,281268
281164,281281
280845,281309
955738,281345
281384,281402
279750,281425
281441,281460
279750,281487
268960,281500
279709,281528
279750,281544
262387,281563
262387,281585
262387,281603
262387,281626
237007,281642
281661,281688
281730,281753
276083,281776
233270,281795
233270,281814
281867,281880
281867,281908
281977,281996
281977,282010
282081,282109
266371,282121
266371,282145
275292,282166
266371,282184
275292,282204
266371,282227
266371,282243
275292,282262
266371,282289
266371,282301
266371,282329
275292,282340
266371,282364
275292,282386
278928,282449
282477,282496
282514,282533
266371,282551
226695,282579
227104,282598
226483,282611
227143,282630
227191,282653
269602,282676
269602,282695
226412,282719
282735,282757
266371,282774
275292,282790
282844,282863
269602,282885
269602,282902
282735,282925
269602,282941
269602,282960
282735,282987
269602,283001
269602,283029
269602,283040
269602,283064
269602,283086
269602,283103
269602,283126
269602,283142
269602,283161
269602,283188
269602,283208
269602,283220
269602,283249
269602,283265
269602,283283
269602,283306
269602,283323
282735,283347
269602,283368
269602,283381
269602,283404
269602,283427
247290,283443
865661,283462
865661,283489
234426,283502
269602,283525
269602,283541
266371,283560
283616,283637
266371,283659
275292,283671
266371,283692
275292,283713
266371,283732
275292,283750
266371,283778
283616,283797
266371,283811
266371,283830
275292,283853
266371,283876
266371,283895
283922,283946
283922,283967
275292,284007
275292,284024
266371,284048
275292,284069
266371,284082
266371,284105
275292,284122
266371,284146
266371,284167
266371,284180
266371,284200
275292,284228
275292,284244
266371,284263
266371,284285
275292,284302
266371,284325
275292,284341
275292,284360
266371,284387
266371,284409
275292,284421
266371,284445
266371,284466
278928,284484
275292,284506
282408,284523
275292,284547
266371,284568
275292,284581
266371,284608
266371,284620
275292,284649
275292,284665
278928,284683
282408,284704
266371,284727
266371,284743
278928,284762
284789,284801
266371,284829
266371,284840
266371,284864
266371,284886
275292,284903
266371,284926
275292,284942
275292,284961
266371,284988
266371,285008
275292,285020
266371,285049
285096,285110
285134,285152
283616,285175
283616,285199
283616,285217
285240,285264
283616,285286
283616,285303
283616,285326
865661,285342
869756,285361
201526,285388
865661,285405
275292,285422
285451,285479
266371,285498
263136,285511
263189,285530
233816,285553
229206,285576
229129,285595
229206,285613
229164,285632
229206,285650
233816,285678
233816,285697
285737,285759
233816,285771
285818,285839
285860,285887
233816,285904
263136,285927
263189,285943
233816,285962
233816,285989
233816,286009
286021,286045
233816,286066
263136,286084
263189,286107
286124,286148
233816,286169
233816,286182
263189,286202
229129,286225
229164,286241
229206,286260
229164,286287
229206,286304
229129,286327
229164,286343
229206,286362
229164,286389
229206,286406
229164,286423
229206,286447
229164,286468
229206,286481
229129,286508
232157,286520
286549,286565
229782,286583
229833,286605
229782,286622
229833,286646
229782,286667
229833,286680
229782,286701
229833,286729
229782,286740
229833,286764
229782,286786
229833,286803
229833,286826
229782,286842
229833,286861
229782,286888
229833,286900
229782,286928
229833,286944
229782,286963
229833,286985
287000,287028
287000,287044
287000,287063
264123,287085
229247,287102
226483,287125
264123,287141
268598,287160
229782,287187
229782,287207
229833,287224
229833,287248
226551,287269
230916,287282
230963,287305
287351,287379
287403,287426
248488,287442
270733,287461
266226,287488
270733,287501
266226,287529
226551,287540
287572,287593
287627,287643
255850,287662
255907,287689
287731,287754
287783,287806
287852,287875
287909,287921
279220,287945
274863,287966
274790,287984
233816,288005
287731,288022
287783,288046
274863,288067
274863,288080
274790,288108
255850,288120
255907,288149
270733,288165
270733,288183
270733,288203
266226,288226
270485,288242
270733,288261
226551,288288
226551,288300
230916,288328
230963,288344
226551,288363
230916,288385
226551,288407
226551,288424
255850,288448
255850,288469
255850,288482
255850,288509
255907,288521
255907,288545
255907,288566
255850,288584
255907,288606
255907,288623
255907,288647
255907,288668
255907,288681
255850,288702
255850,288741
255907,288760
255850,288787
255907,288804
255850,288827
255907,288843
255850,288862
255850,288889
255850,288901
255850,288929
255850,288940
255907,288964
255907,288986
255907,289002
255850,289025
255907,289041
255907,289060
255907,289087
255907,289104
255850,289127
255907,289143
255850,289162
255907,289189
255850,289209
255907,289221
255850,289245
255907,289266
255850,289284
255907,289307
255850,289324
255907,289348
255850,289369
255907,289382
255907,289400
255907,289428
255850,289444
255907,289463
255850,289485
255907,289503
255850,289526
255907,289542
255850,289561
289588,289601
255907,289629
255850,289640
255907,289664
234868,289686
255850,289705
255907,289722
255850,289746
255907,289767
255850,289780
255850,289808
255907,289820
255907,289849
255850,289865
255907,289883
255850,289906
255907,289923
238170,289947
255850,289968
255907,289981
255850,290006
255907,290023
255850,290047
255907,290068
255907,290081
255850,290109
238127,290121
238170,290145
287731,290166
287731,290184
287783,290204
287731,290227
287783,290243
255850,290262
255907,290289
226695,290301
226483,290329
269602,290364
269602,290386
226695,290408
226483,290420
266371,290449
275292,290465
279296,290483
531179,290505
279296,290522
290579,290598
279296,290611
255850,290630
255907,290653
276962,290676
230826,290719
230294,290735
747145,290757
290774,290790
955738,290816
290837,290859
259013,290871
670077,290918
670077,290939
670110,290973
276962,290994
291033,291051
531179,291079
291033,291098
531179,291112
291149,291165
291226,291242
291261,291288
291300,291328
265614,291344
291363,291385
227896,291407
237575,291424
291448,291469
251198,291482
244897,291509
291532,291550
227849,291578
291597,291610
259842,291634
234868,291652
244897,291675
291702,291725
279296,291741
279296,291760
279296,291787
279296,291804
279296,291827
279296,291843
279296,291862
279296,291889
279296,291901
279296,291929
279296,291940
279296,291964
240244,291986
227896,292003
244897,292026
292057,292074
228552,292090
292116,292137
229247,292159
292171,292192
292214,292233
244897,292251
292298,292312
227849,292331
281661,292354
227896,292377
228552,292396
292171,292417
229036,292438
229247,292455
292486,292504
257204,292527
226859,292543
292589,292602
227266,292625
279296,292641
292694,292710
292694,292734
292752,292775
292809,292821
292809,292845
227896,292866
240244,292884
256382,292907
279296,292924
292171,292948
270733,292969
293012,293031
293096,293110
293096,293134
293096,293152
293175,293199
293240,293264
247344,293286
260748,293303
260846,293326
226859,293361
230764,293388
230294,293405
230294,293422
230826,293446
230764,293467
230294,293480
232254,293507
271486,293524
293576,293595
747145,293613
293666,293684
250255,293700
262631,293728
293763,293785
293818,293839
293860,293887
293904,293927
293943,293962
262631,293989
294018,294039
227018,294056
294104,294127
294170,294191
294170,294213
294245,294266
294297,294311
294245,294330
294297,294353
247344,294376
226624,294395
226624,294416
294437,294459
294485,294503
294526,294542
238923,294561
238975,294588
294617,294638
246306,294655
230294,294672
232254,294693
294485,294714
229247,294733
294485,294751
294485,294779
246135,294798
227896,294812
240244,294831
246895,294854
246895,294877
226624,294896
287627,294910
229036,294934
270278,294952
269897,294975
254234,294999
254281,295017
295064,295086
295064,295103
264650,295161
869756,295188
232254,295208
295220,295249
280026,295265
295310,295334
295368,295381
253597,295404
273141,295427
253652,295443
255907,295462
955738,295489
295502,295525
250255,295541
280845,295560
295587,295600
295628,295644
973523,295663
973523,295685
292171,295709
227896,295721
295766,295784
227896,295807
239773,295824
295853,295876
762083,295895
762083,295914
239773,295933
295853,295951
296000,296028
296059,296071
296102,296125
955646,296141
240244,296160
296194,296211
291363,296230
228082,296253
230294,296276
232254,296295
227896,296314
230294,296333
296351,296379
747145,296398
228450,296419
747145,296435
747145,296457
291033,296474
270733,296490
266226,296517
226624,296538
232254,296555
230294,296572
232254,296593
230764,296615
230294,296636
230294,296658
230294,296670
232254,296691
230294,296712
230294,296731
232254,296754
230764,296777
230764,296796
230826,296810
230294,296834
230294,296852
230294,296875
230294,296899
230294,296913
230294,296932
230294,296950
230294,296978
230294,296997
230294,297013
230294,297032
230294,297050
230294,297078
232254,297097
232254,297111
232254,297130
230294,297153
230764,297176
230294,297195
232254,297218
230294,297239
230294,297256
232254,297273
230294,297294
232254,297315
230294,297336
297358,297370
297406,297423
955738,297447
238492,297468
226551,297481
230916,297508
239566,297520
266509,297549
297596,297614
297646,297667
232254,297680
230294,297701
227266,297729
733484,297740
297764,297786
297803,297826
297857,297874
269602,297890
297916,297937
297985,298004
297985,298027
298058,298070
298101,298129
298172,298193
298172,298210
298247,298268
298247,298281
269602,298309
864662,298321
263189,298345
263136,298366
256664,298384
245629,298402
256714,298425
249632,298441
249684,298460
229164,298487
229164,298500
229206,298528
229206,298544
229129,298563
229129,298585
229345,298603
298626,298642
237007,298661
259717,298688
298711,298730
259717,298753
274178,298776
259717,298795
298814,298833
274178,298851
274178,298879
226551,298898
298949,298965
298996,299011
226551,299030
226551,299053
226551,299076
226551,299095
248658,299114
298814,299133
269781,299151
259717,299179
298814,299198
274178,299216
274178,299237
248658,299292
299341,299360
299394,299413
299466,299484
299466,299506
261426,299523
299547,299568
248658,299581
270330,299608
270330,299620
266371,299649
275292,299665
248658,299683
248658,299704
248658,299727
266371,299743
275292,299762
299547,299789
299547,299801
299829,299840
299829,299864
248658,299886
248658,299903
248658,299942
248658,299961
248658,299988
248658,300004
248658,300027
248658,300043
248658,300062
248658,300089
248658,300101
248658,300129
248658,300140
248658,300164
248658,300186
248658,300206
248658,300223
248658,300247
248658,300268
299547,300281
248658,300309
248658,300321
248658,300345
248658,300366
299547,300384
248658,300402
248658,300425
248658,300441
248658,300460
248658,300487
248658,300500
248658,300528
248658,300544
248658,300563
248658,300585
248658,300603
248658,300626
248658,300642
248658,300661
248658,300688
248658,300707
270330,300724
300748,300769
247005,300782
226551,300805
865661,300822
300846,300867
229782,300880
229833,300908
247005,300920
229833,300949
226624,300965
226624,300983
747145,301000
228450,301028
260635,301044
747145,301063
301102,301125
247005,301141
248868,301160
301211,301230
259013,301253
262704,301276
264650,301295
248868,301314
229782,301333
229833,301351
229782,301379
229833,301398
229833,301419
235795,301435
266509,301457
250684,301474
266509,301490
259013,301517
301540,301564
227849,301586
228450,301604
245400,301627
301643,301662
248868,301689
301731,301754
301806,301823
301852,301875
255171,301899
248868,301913
248868,301932
248868,301950
248913,301978
789775,302011
247005,302030
247005,302053
247005,302076
247005,302095
247005,302114
247005,302133
262704,302151
227751,302179
227751,302198
227266,302216
302263,302285
302263,302302
315061,302325
247940,302341
247993,302360
302413,302432
230389,302450
747145,302478
246306,302497
246352,302510
233816,302534
302568,302581
302608,302620
302654,302677
302704,302727
259294,302743
302789,302801
302864,302886
232381,302903
232381,302926
247005,302942
955646,302961
256590,302988
256590,303002
256590,303025
247344,303041
297857,303060
955646,303087
303104,303127
229247,303143
227896,303162
303191,303213
240244,303232
961534,303278
961534,303297
280602,303311
303330,303353
303376,303395
227896,303416
267188,303437
227896,303459
262387,303471
262387,303492
265423,303519
297857,303535
230475,303557
230549,303574
303601,303629
303655,303672
303705,303722
270733,303746
266226,303767
227896,303780
696858,303808
303820,303849
255312,303865
303883,303906
262801,303923
263444,303947
237007,303968
304012,304031
304077,304096
266509,304110
304134,304152
247005,304175
251198,304199
304217,304238
234627,304255
261823,304272
266509,304293
246306,304319
301731,304335
248868,304357
238127,304374
238170,304390
247005,304414
247344,304433
247385,304451
955646,304479
304511,304530
248314,304553
248314,304576
230389,304595
292171,304613
227849,304632
304700,304728
235795,304744
235846,304763
262631,304785
270733,304802
266226,304825
696858,304841
303820,304860
228450,304887
747145,304904
265679,304927
303104,304943
256590,304962
256590,304989
256590,305009
256590,305021
256590,305045
305066,305084
256590,305107
256590,305124
256590,305148
256590,305169
256590,305182
305218,305239
256590,305256
305287,305304
305336,305358
305370,305391
305370,305410
305370,305434
305452,305475
256590,305499
256590,305512
256590,305531
256590,305554
256590,305577
256590,305596
256590,305614
256590,305633
256590,305651
256590,305679
256590,305698
256590,305717
256590,305738
256590,305755
256590,305772
256590,305793
256590,305819
256590,305835
256590,305857
256590,305874
256590,305890
256590,305916
256590,305937
256590,305959
256590,305971
256590,305992
256590,306014
256590,306033
256590,306051
256590,306079
256590,306098
256590,306112
256590,306131
256590,306154
256590,306177
256590,306196
256590,306219
256590,306235
256590,306257
256590,306274
256590,306290
305218,306316
256590,306337
305452,306359
256590,306371
256590,306392
256590,306411
256590,306430
256590,306453
748103,306476
748103,306495
247344,306513
247344,306532
293175,306550
955646,306578
955646,306597
306610,306634
256590,306652
256590,306675
306702,306725
256590,306741
256590,306760
247344,306787
306836,306858
306870,306891
306917,306938
748103,306955
256590,306972
256590,306993
307029,307040
256590,307064
955646,307086
955646,307103
247344,307126
955646,307142
247344,307161
306870,307188
955646,307208
955646,307220
955646,307249
247344,307265
247344,307283
247344,307306
247344,307323
247344,307347
955646,307381
955646,307404
247344,307427
955646,307443
955646,307462
955646,307489
955646,307502
955646,307525
955646,307541
955646,307560
955646,307587
955646,307600
955646,307628
247385,307644
247385,307663
247385,307685
247344,307709
247344,307721
247344,307745
247344,307766
247344,307784
247344,307824
247344,307848
247344,307869
307895,307914
955646,307933
247344,307951
955646,307979
955646,307998
303104,308010
247344,308034
308052,308075
955646,308099
247385,308113
303104,308132
955646,308150
955646,308178
955646,308197
247344,308215
955646,308236
955646,308258
306917,308270
256590,308291
273282,308317
273230,308338
273351,308355
308386,308408
234517,308420
247005,308449
262387,308465
262387,308483
248314,308505
232157,308522
247005,308546
262387,308567
232157,308580
232157,308607
262387,308624
262387,308648
262387,308669
232157,308682
256041,308703
237007,308726
696858,308742
237076,308761
237122,308788
237179,308800
232157,308828
232157,308844
256087,308885
255995,308902
256127,308925
256041,308941
696858,308960
696858,308987
696858,309003
303820,309026
232157,309042
232157,309061
309088,309100
309128,309144
309171,309192
747145,309251
228704,309279
226695,309298
226483,309312
232157,309331
255995,309354
256041,309377
232157,309396
264650,309417
255995,309438
256041,309455
309486,309504
256087,309527
255995,309543
256127,309562
256041,309589
262704,309602
264650,309625
262704,309641
262704,309660
264650,309687
264650,309706
248314,309723
696858,309747
232157,309768
309486,309781
255995,309809
256041,309821
255995,309845
256041,309866
309486,309884
309486,309907
256087,309924
309948,309969
255995,309982
255995,310008
255995,310020
255995,310049
255995,310065
255995,310083
256041,310106
256041,310123
256041,310147
256041,310168
256041,310181
256041,310201
309486,310229
255995,310240
255995,310264
256041,310286
256041,310303
256087,310326
256127,310342
262631,310361
232157,310388
262387,310405
247005,310422
262387,310446
310467,310480
247005,310507
247005,310524
237122,310548
237179,310569
262387,310582
248314,310609
238127,310621
238170,310645
227266,310666
234092,310684
232157,310700
297857,310728
238127,310744
238170,310763
247005,310785
238127,310802
238127,310825
238170,310841
238127,310860
238170,310887
238127,310904
238170,310927
238170,310943
238127,310962
310991,311011
238127,311030
238170,311053
238127,311076
238170,311095
238127,311114
238170,311133
238127,311151
238170,311179
238127,311198
238170,311216
238127,311237
238170,311259
238127,311271
238127,311292
238170,311318
238170,311339
238127,311356
238170,311373
238127,311394
238127,311413
238127,311432
238127,311450
238127,311478
238170,311497
238170,311510
238170,311534
238170,311552
238170,311575
238127,311599
238170,311612
238170,311631
238127,311654
238170,311677
238170,311696
238170,311715
238170,311736
238127,311758
238170,311770
238127,311791
238170,311817
238127,311838
238170,311855
238127,311872
238170,311893
238127,311919
238127,311935
238127,311957
238127,311974
238170,311990
238127,312016
238170,312037
312059,312071
238127,312092
238127,312118
238127,312139
238127,312156
238170,312173
238127,312194
238127,312211
238170,312230
238127,312253
238170,312276
238127,312295
238170,312314
238127,312333
238170,312351
238127,312379
238170,312398
238127,312419
238170,312435
238127,312457
238170,312474
312490,312517
238127,312538
238170,312555
264650,312572
232254,312593
232157,312615
312490,312636
262387,312658
312708,312720
312708,312749
312777,312796
312810,312834
233270,312852
245629,312875
263865,312899
312913,312932
263910,312950
312978,312997
263968,313014
313033,313051
264012,313079
313098,313112
304012,313131
232157,313154
273063,313177
273063,313196
238127,313219
301731,313235
313257,313274
313257,313290
313328,313344
272261,313363
272316,313385
272363,313407
272261,313424
272316,313448
313476,313495
272363,313513
255995,313532
256041,313550
238492,313578
238127,313597
238170,313610
234028,313634
304012,313652
313702,313725
266509,313741
266509,313760
313794,313815
266509,313836
266509,313858
266509,313870
266509,313891
266509,313917
266509,313938
266509,313955
266509,313972
266509,313993
266509,314015
266509,314036
266509,314058
266509,314070
266509,314091
266509,314117
266509,314138
266509,314155
266509,314172
266509,314193
266509,314210
266509,314234
266509,314252
266509,314275
266509,314299
696858,314313
232157,314332
266509,314350
238127,314378
238170,314397
227896,314418
238170,314439
266509,314456
266509,314473
314494,314516
747145,314537
295502,314559
312777,314571
232381,314592
255171,314619
248314,314635
314657,314674
955793,314690
955793,314711
314730,314753
233270,314776
233270,314795
314814,314833
297857,314851
304012,314879
314908,314920
314954,314977
315003,315026
281164,315042
315061,315088
232381,315100
251198,315128
267188,315144
238127,315163
238170,315185
315214,315233
240919,315251
249728,315279
249728,315298
274863,315312
274863,315331
274790,315354
274790,315377
315440,315464
315527,315543
315570,315591
257386,315618
315639,315656
301731,315673
315706,315723
301731,315747
747145,315768
256087,315781
255995,315809
256127,315821
247344,315845
238127,315866
238170,315884
297857,315907
255995,315924
256041,315948
238127,315969
238170,315982
238127,316002
238170,316025
304012,316041
256087,316060
256127,316087
232157,316104
266509,316127
255995,316143
256041,316162
255995,316189
256041,316209
233204,316221
233109,316245
233150,316266
266509,316284
226412,316307
226412,316324
316376,316395
255171,316416
747145,316437
864662,316459
226412,316471
226412,316492
316557,316574
864662,316590
316640,316664
316640,316686
255171,316705
233579,316722
255171,316746
255171,316767
255171,316780
300846,316808
255171,316820
255171,316849
255171,316865
255171,316883
255171,316906
255171,316923
300846,316947
255171,316968
300846,316981
249181,317006
233579,317023
255171,317047
231255,317068
233579,317081
231293,317109
233579,317121
233579,317145
255171,317166
255171,317184
317258,317270
317329,317340
317329,317364
317393,317412
236128,317431
236171,317454
227444,317477
253316,317496
238127,317514
238170,317533
973523,317551
232254,317579
273230,317598
273351,317611
273282,317630
273230,317653
273351,317676
317695,317719
317735,317757
317774,317790
226412,317816
317837,317859
226412,317871
226412,317892
317837,317918
226412,317939
226412,317956
226412,317973
226412,317994
226412,318017
226412,318038
226412,318055
226412,318072
226412,318093
226412,318119
226412,318135
226412,318157
226412,318174
226412,318190
226412,318212
226412,318231
226412,318254
226412,318277
226412,318296
226412,318310
226412,318334
226412,318352
226412,318404
317837,318443
273230,318462
273351,318489
273230,318502
273351,318525
303820,318541
297857,318560
266509,318587
266509,318600
266509,318628
266509,318644
266509,318663
236687,318685
259013,318709
318721,318745
245191,318766
733484,318784
227266,318807
227266,318824
733484,318848
229164,318869
318882,318905
264530,318922
259842,318946
259842,318967
959625,318980
259842,319009
294437,319021
233270,319045
279709,319066
259842,319084
256714,319107
255171,319124
300846,319148
319195,319218
319195,319239
319195,319256
319273,319294
273282,319315
273230,319336
273351,319358
231818,319370
319391,319410
319447,319468
319481,319508
319531,319554
319577,319596
251198,319614
748103,319633
747145,319651
290837,319679
237575,319698
319717,319738
266509,319755
226695,319772
226483,319793
226695,319819
248913,319835
747145,319857
231168,319874
230294,319890
297857,319916
319963,319985
228082,320003
227444,320026
227018,320042
320090,320116
245400,320137
255440,320159
320171,320192
320214,320233
320214,320251
320214,320279
320214,320298
320214,320312
320429,320401
320429,320440
320429,320464
320429,320486
320515,320536
320515,320558
320641,320625
320641,320660
320641,320687
320641,320706
320723,320747
293818,320768
293860,320781
955646,320809
247344,320821
320845,320866
247344,320884
276666,320907
276666,320924
231414,320948
696858,320969
291532,320982
291532,321004
226412,321027
227018,321043
321091,321117
321091,321138
321164,321186
321164,321206
321252,321275
246174,321299
235795,321313
246212,321332
235846,321350
252125,321378
959625,321397
262801,321418
321439,321456
321500,321528
321500,321544
321571,321592
321571,321619
321642,321661
227353,321688
246306,321707
246306,321724
246352,321748
266371,321769
245444,321805
250152,321822
264650,321846
226551,321867
230916,321880
230963,321908
250319,321920
248868,321949
321983,322006
246895,322023
322052,322075
322109,322121
322178,322197
280641,322215
322236,322258
238416,322270
242402,322291
227353,322317
270588,322338
239773,322355
236128,322372
236171,322393
322449,322465
322496,322514
322496,322533
322496,322579
273141,322598
285240,322611
431337,322682
322774,322790
322774,322816
237990,322837
294018,322859
227018,322871
227018,322892
227060,322918
227018,322939
227018,322956
323001,323029
323001,323040
323001,323064
247005,323086
275292,323103
247005,323126
747145,323142
247005,323161
247005,323188
304012,323208
323277,323296
246306,323310
246352,323334
323381,323404
323381,323427
323458,323470
323458,323491
323525,323541
323525,323560
323594,323616
323594,323637
232381,323659
869756,323671
200352,323713
200368,323732
200231,323797
200249,323811
200254,323830
200265,323853
323905,323922
323998,324011
324082,324105
202874,324167
301211,324180
301211,324200
301211,324228
251198,324244
869756,324263
226761,324285
257386,324302
267946,324341
251198,324360
304077,324387
324409,324421
252586,324445
265679,324466
265009,324484
237575,324506
247290,324523
270733,324547
266226,324568
262704,324581
226412,324608
229247,324620
229036,324649
324677,324696
324715,324736
228082,324758
301731,324770
226551,324791
230916,324817
234868,324838
661469,324855
300846,324872
864662,324893
282844,324919
324961,324988
324961,325008
325031,325054
325031,325077
325106,325123
325106,325147
270733,325168
266226,325181
250684,325201
262631,325229
747145,325240
747145,325264
233816,325286
869756,325303
325357,325374
325405,325422
325451,325479
319577,325498
249582,325511
249632,325530
249684,325553
234868,325576
661469,325595
226483,325613
245629,325632
747145,325650
230389,325678
325697,325716
747145,325737
747145,325759
239773,325771
282408,325792
230389,325818
263136,325839
263189,325856
250684,325873
250684,325894
325915,325936
234868,325958
661469,325970
237575,325991
248868,326013
865661,326032
231168,326050
270733,326078
230764,326097
230294,326111
233816,326130
251198,326153
232381,326176
248868,326195
326225,326241
748254,326287
748296,326327
326358,326370
229247,326391
229036,326410
234868,326434
661469,326452
235441,326475
270733,326499
314908,326512
270733,326531
228450,326554
226695,326577
226695,326596
226483,326614
226483,326633
248488,326651
238588,326679
228450,326698
326740,326764
326819,326835
248658,326857
267283,326874
238672,326890
265009,326916
265009,326937
265009,326959
326985,327000
260977,327028
250613,327044
327071,327092
327125,327141
248868,327160
260027,327187
232381,327207
232381,327224
869756,327248
869756,327269
300748,327282
229164,327305
229129,327322
229206,327346
327367,327380
275292,327403
256284,327426
324677,327442
327474,327490
327529,327540
327572,327593
234426,327615
327662,327689
327662,327708
230389,327720
324677,327749
282735,327765
269602,327783
266371,327806
282408,327823
245629,327847
256664,327868
256714,327881
327909,327921
327945,327966
275292,327984
266371,328005
275292,328022
256664,328046
256714,328067
245629,328080
265009,328108
256664,328120
245629,328149
324677,328165
232750,328183
327529,328203
265009,328226
265009,328242
265009,328261
285134,328288
280602,328300
263968,328328
263865,328344
263910,328363
263968,328385
264012,328407
265009,328424
263968,328448
264012,328469
304012,328482
314908,328509
300748,328521
328578,328597
285134,328610
230389,328652
230389,328675
247815,328699
230389,328718
265009,328739
230389,328756
230389,328773
285134,328794
265009,328815
265009,328836
265009,328858
265009,328870
265009,328891
265009,328917
265009,328938
265009,328972
265009,328993
265009,329018
961534,329039
265009,329056
265009,329073
263865,329094
263910,329115
263968,329136
264012,329158
263865,329170
263910,329191
263968,329213
264012,329232
230389,329250
230389,329278
230389,329297
230389,329311
230389,329330
230389,329353
247815,329376
230389,329395
230389,329416
230389,329437
265009,329459
329471,329492
265009,329519
265009,329535
230389,329557
265009,329574
230389,329590
247815,329617
230389,329638
247993,329655
230389,329672
230389,329693
247815,329714
230389,329733
230389,329751
230389,329779
263968,329798
263968,329812
329831,329854
239566,329877
329896,329910
236687,329934
747145,329952
266509,329975
226761,329999
250199,330011
262704,330030
264650,330053
303601,330076
290837,330095
696858,330114
696858,330133
747145,330151
747145,330179
279616,330198
226624,330216
226624,330237
330302,330325
245629,330341
330394,330413
266371,330432
275292,330450
292214,330478
696858,330497
696858,330510
303820,330534
696858,330552
231936,330575
256664,330599
245629,330612
256714,330631
239773,330654
237007,330677
330727,330743
330791,330817
330791,330838
955738,330855
256714,330872
245629,330893
230389,330919
247815,330935
256714,330957
245629,330974
256714,330990
245629,331010
256664,331034
245629,331052
235441,331075
235441,331099
237007,331113
331166,331184
331215,331236
238492,331258
331301,331329
331301,331340
331372,331393
331372,331412
331372,331431
331454,331477
246064,331496
331514,331533
331567,331580
331607,331624
304012,331648
314908,331669
304012,331682
236687,331703
259013,331726
259013,331742
236687,331761
265009,331788
331816,331837
259013,331859
304012,331871
247940,331892
247993,331918
331939,331956
259013,331973
259013,331994
262631,332015
247940,332036
247993,332058
321642,332070
244897,332091
247815,332117
247940,332138
247993,332155
247993,332172
304012,332193
265009,332210
263968,332234
262631,332252
262631,332275
270733,332299
271570,332313
270485,332332
270733,332350
266226,332378
262631,332418
262631,332439
262631,332456
262631,332473
247940,332494
247993,332516
271570,332537
262631,332559
325915,332571
262631,332592
266940,332619
247940,332635
228082,332657
304012,332674
314908,332690
304012,332711
314908,332730
304012,332753
228450,332776
228450,332795
747145,332814
747145,332833
747145,332851
234092,332879
235091,332898
264650,332912
304012,332931
304012,332954
314908,332977
333009,333021
304012,333045
304012,333066
304012,333084
304012,333107
249632,333124
249684,333148
249632,333169
249684,333195
304012,333218
304012,333239
304012,333256
304012,333273
247940,333294
266940,333315
247993,333336
333358,333370
230389,333391
247993,333410
236687,333434
333452,333475
259013,333499
230389,333512
247940,333531
247993,333554
322178,333577
322178,333596
322178,333614
237575,333633
333667,333680
322178,333701
238492,333729
333772,333793
333835,333857
333835,333874
333890,333916
333937,333959
333937,333971
265679,333992
747145,334019
248314,334035
254234,334057
254281,334074
230294,334090
233816,334116
334137,334159
747145,334171
270733,334192
266509,334214
334246,334267
324715,334280
315061,334308
232381,334320
315061,334349
232381,334365
1148491,334438
334455,334472
315061,334493
232381,334515
232381,334536
315061,334558
232381,334570
315061,334591
232381,334618
232381,334639
232381,334656
232381,334673
1243222,334694
864662,334710
248314,334734
232381,334752
226412,334775
248314,334799
259842,334813
227353,334832
334850,334878
321252,334897
273230,334911
273351,334930
262704,334953
248314,334976
230475,334995
230549,335018
341084,335094
247005,335115
335162,335189
247005,335209
247005,335221
269602,335245
247005,335266
247005,335284
232157,335307
247005,335324
247005,335348
247005,335369
335395,335416
247005,335437
247005,335459
247005,335471
247005,335492
247005,335519
247005,335535
247005,335557
247005,335574
247005,335590
247005,335617
247005,335638
248314,335655
247005,335693
232157,335714
232157,335733
232157,335751
232157,335779
232157,335798
232157,335812
232157,335831
247005,335854
232157,335877
232157,335896
232157,335910
232157,335934
248314,335952
247005,335975
232157,335999
248314,336017
247005,336038
247005,336055
248314,336072
248314,336093
248314,336135
248314,336157
336174,336190
248314,336212
248314,336231
248314,336254
248314,336277
247005,336296
248314,336310
232157,336334
248314,336352
336381,336404
279220,336427
265009,336443
247005,336462
232157,336489
230475,336502
230549,336525
232157,336541
231970,336560
696858,336587
303820,336600
336659,336671
336659,336692
336659,336713
336766,336784
336766,336807
336766,336824
232157,336848
248314,336869
696858,336882
303820,336905
231936,336922
231970,336946
696858,336967
696858,336980
231970,337005
696858,337022
247005,337046
696858,337067
696858,337080
247005,337108
696858,337120
247005,337149
232157,337165
696858,337183
262387,337203
232157,337226
337242,337261
696858,337288
696858,337300
303820,337328
303820,337344
337363,337385
337411,337430
231936,337453
248314,337476
337509,337521
337545,337566
337606,337623
337647,337668
337681,337702
232157,337725
696858,337741
696858,337760
696858,337787
696858,337804
231936,337827
247005,337843
337917,337938
230475,337955
230549,337972
696858,337993
303820,338016
696858,338037
696858,338059
247005,338071
696858,338092
696858,338118
248314,338139
262387,338156
232157,338173
232157,338194
232157,338211
309088,338230
233579,338253
248314,338276
338305,338322
263526,338346
338419,338435
338457,338474
338501,338529
263733,338540
338564,338586
257034,338604
338658,338670
279296,338691
747145,338712
291702,338731
334246,338754
260592,338777
245629,338796
238416,338810
231168,338834
227266,338852
226624,338875
265009,338899
235441,338913
299547,338932
227896,338950
230294,338978
266509,338997
279296,339012
747145,339031
279296,339054
279296,339077
279296,339096
747145,339110
255850,339134
255907,339152
238127,339175
238170,339199
226695,339217
226483,339238
230294,339255
339303,339326
339357,339374
339405,339422
973523,339446
326819,339467
339511,339530
230294,339553
232254,339576
248314,339595
339645,339666
247940,339684
247993,339700
247940,339728
339744,339763
247993,339785
339802,339825
339856,339873
864662,339894
242402,339915
226412,339936
747145,339958
747145,339970
255907,339991
230294,340014
282844,340033
247993,340051
273063,340079
247940,340098
247993,340112
247940,340131
247993,340154
247993,340177
247993,340196
247993,340219
247993,340235
247940,340257
247940,340274
247940,340290
247940,340316
247940,340337
247940,340359
247940,340371
247940,340392
247940,340411
247940,340430
247940,340453
247993,340476
247993,340495
247993,340513
247993,340532
247993,340550
247993,340578
247993,340597
339744,340610
247993,340634
247940,340652
247993,340675
247940,340699
247993,340718
247993,340739
247940,340756
339744,340773
247940,340794
247993,340815
247993,340836
247993,340858
247940,340870
247993,340891
247940,340917
247993,340938
247940,340955
247993,340972
230389,340993
254425,341013
270733,341032
341084,341050
341084,341107
341124,341148
270733,341169
341218,341239
271570,341256
341084,341273
270733,341294
341343,341362
270733,341389
341084,341406
341084,341423
266371,341447
275292,341468
250684,341481
270733,341508
266226,341520
341084,341549
230916,341565
270733,341583
266226,341605
341084,341622
256714,341646
245629,341667
341084,341680
302864,341701
297857,341729
341755,341772
227266,341793
341755,341819
331166,341835
331215,341857
341888,341900
227444,341928
227444,341944
331166,341963
331166,341985
331215,342002
331215,342025
341888,342041
341888,342060
233816,342087
341888,342104
341755,342127
331166,342143
342170,342191
331215,342213
341755,342232
331166,342250
331215,342278
341888,342297
341755,342311
341888,342330
331166,342353
331215,342376
341888,342395
341755,342416
331166,342437
331215,342459
341888,342471
331166,342492
341755,342519
342535,342557
331215,342574
341888,342590
341888,342617
342640,342664
341755,342686
331166,342705
331215,342722
226483,342746
341755,342767
331166,342780
331215,342808
341888,342820
331166,342849
331215,342865
341888,342883
230389,342906
341755,342923
331166,342947
331215,342968
341888,342981
341755,343007
331166,343024
331215,343048
341888,343069
326985,343082
260977,343105
341888,343122
341755,343146
331215,343167
762083,343180
343216,343237
350580,343259
236687,343271
259013,343292
246750,343318
246709,343339
304012,343356
226624,343373
321252,343394
264650,343413
343432,343450
247290,343478
343523,343547
302864,343568
343608,343620
304700,343649
299829,343665
262974,343683
283616,343704
276666,343727
260223,343743
260223,343762
259013,343789
259013,343801
230764,343829
230764,343840
343864,343886
343864,343903
226624,343926
226624,343942
265679,343961
265679,343988
226551,344001
230963,344029
226551,344040
226551,344064
230916,344086
230963,344103
344135,344157
251198,344174
251198,344190
251198,344212
265009,344231
329471,344254
285134,344277
260397,344296
244897,344310
344368,344381
344368,344404
265009,344427
232157,344443
246306,344462
262704,344489
864662,344502
226483,344525
229247,344541
226761,344560
266371,344587
275292,344600
238492,344628
229036,344644
228552,344663
292171,344685
227896,344709
233816,344721
865661,344745
244897,344766
747145,344784
233816,344807
267600,344824
227266,344848
227444,344869
227444,344882
865661,344905
865661,344922
955793,344946
344967,344980
227444,345000
294485,345028
345044,345063
227444,345085
230916,345102
227266,345125
733484,345141
274863,345160
274790,345187
255312,345207
341343,345224
270733,345248
1031871,345314
227266,345333
733484,345351
345379,345398
280602,345419
240244,345435
227896,345457
250684,345474
238492,345490
345540,345564
297857,345586
297857,345604
733484,345627
297857,345643
227444,345662
345749,345765
297857,345783
304012,345806
304012,345823
297857,345847
297857,345868
297857,345881
297857,345909
297857,345921
297857,345945
297857,345966
297857,345984
297857,346004
297857,346027
237007,346043
296059,346062
297857,346089
297857,346101
229528,346129
343523,346140
227444,346164
733484,346186
227444,346206
733484,346223
733484,346247
227266,346268
227266,346281
227444,346309
227444,346321
227444,346345
227266,346366
227266,346402
227266,346425
227444,346441
297857,346460
297857,346487
238492,346500
227266,346528
324677,346544
233408,346563
233454,346585
261517,346603
266509,346626
238284,346642
238284,346661
294297,346688
346730,346753
261823,346776
238492,346795
345749,346814
254234,346833
254281,346851
254332,346879
254234,346898
254281,346912
747145,346931
227444,346954
297857,346977
297857,346996
297857,347012
297857,347031
236687,347054
259013,347077
347123,347147
347123,347168
347123,347181
347217,347238
347217,347255
347217,347272
347303,347326
347303,347342
347303,347361
347390,347414
347390,347433
347390,347451
227444,347479
869756,347498
247344,347511
247079,347530
247079,347553
247079,347576
226695,347595
226483,347613
234868,347632
661469,347650
234517,347678
272545,347697
247385,347716
306870,347737
304134,347759
304134,347771
304134,347792
304134,347818
341343,347839
341343,347856
341343,347873
251198,347894
347943,347962
347943,347989
325915,348003
235795,348026
691139,348074
973523,348090
264650,348116
262704,348137
262704,348159
262704,348171
348205,348222
262704,348246
226695,348267
226483,348280
262704,348308
264650,348320
264650,348349
229833,348365
348383,348401
269602,348429
348440,348464
331567,348486
229206,348504
235795,348527
235846,348543
348570,348591
238416,348618
242402,348639
235795,348656
235846,348673
348694,348710
747145,348734
274863,348752
274790,348775
234868,348799
661469,348813
250319,348832
245519,348850
252125,348878
696858,348897
973523,348911
973523,348930
235846,348953
235795,348976
275292,348995
249632,349010
235795,349034
235846,349052
295853,349075
235795,349099
235846,349113
331567,349132
265009,349150
349204,349227
234517,349243
349270,349291
349340,349364
349393,349412
349393,349431
349465,349483
349465,349505
349533,349551
349533,349579
349598,349611
349648,349669
228450,349682
747145,349703
233204,349726
233109,349742
233150,349761
349816,349837
762083,349859
762083,349871
762083,349892
229439,349918
229487,349939
349973,349994
762083,350010
350047,350068
350081,350109
350580,350150
231255,350178
233579,350197
237007,350215
247079,350236
247079,350258
247079,350270
247079,350291
247079,350317
247079,350338
247079,350355
350372,350393
247120,350412
229439,350431
350465,350483
350465,350505
762083,350522
762083,350546
343216,350567
350580,350607
762083,350624
350580,350648
762083,350669
247120,350682
762083,350735
762083,350757
229439,350774
762083,350790
350816,350837
229487,350859
229920,350871
229439,350892
251198,350918
341343,350939
350956,350973
239773,350994
341343,351014
341343,351033
341343,351051
341343,351079
341343,351098
341343,351112
226695,351131
256714,351154
245629,351177
351235,351257
351300,351328
351371,351392
351424,351448
250199,351469
304134,351482
247344,351509
237575,351521
341343,351545
762083,351566
351584,351606
864662,351623
256714,351647
259842,351668
262631,351681
239773,351702
304012,351725
233816,351741
232254,351760
248868,351787
865661,351804
245629,351827
260592,351843
245629,351862
351917,351938
351917,351955
351972,351993
351972,352019
352035,352057
237575,352074
266509,352090
352116,352137
251198,352159
226859,352171
352205,352222
231414,352246
231414,352267
352280,352308
352280,352320
864662,352349
352377,352396
277795,352417
352438,352455
259842,352472
955646,352493
352515,352536
266509,352558
230294,352570
321252,352591
262704,352618
295587,352639
352660,352687
229036,352706
266940,352723
246135,352747
269074,352768
259013,352781
259842,352809
352845,352866
352845,352884
233816,352907
345044,352924
747145,352948
226695,352969
353012,353031
262631,353054
227896,353077
270733,353096
353110,353134
353181,353201
353238,353255
353286,353303
234517,353326
227266,353342
353110,353361
262631,353388
255850,353405
262631,353422
262631,353446
262631,353467
274863,353480
262631,353507
234868,353524
234868,353548
661469,353569
661469,353582
353613,353632
353650,353678
246750,353697
246709,353716
242402,353737
353110,353759
262631,353771
262631,353792
262631,353818
234517,353839
270733,353856
266226,353873
234517,353894
262631,353915
747145,353936
248658,353958
265679,353970
314494,353991
226483,354018
354060,354087
354115,354158
354189,354221
354278,354297
354278,354311
262631,354330
234517,354353
262631,354376
262631,354395
234517,354416
234517,354437
234517,354459
234517,354471
262631,354492
262631,354519
262631,354535
262631,354557
354574,354590
262631,354617
262631,354638
262631,354655
262631,354672
234517,354693
234517,354714
262631,354733
354574,354751
262631,354779
353110,354798
262631,354812
262631,354831
353110,354854
262631,354877
234517,354896
262631,354910
262631,354934
262631,354952
262631,354975
262631,354999
234517,355017
234517,355038
234517,355055
355072,355093
262631,355119
262631,355135
262631,355157
262631,355174
262631,355190
262631,355212
268010,355231
226551,355254
230916,355277
231414,355296
262631,355310
244673,355334
355381,355404
263136,355462
263136,355502
263189,355525
355541,355560
270733,355587
271570,355600
229206,355628
226483,355644
233816,355663
229782,355685
229833,355709
229782,355721
229833,355745
229782,355766
229833,355784
291532,355807
278176,355824
229129,355848
229164,355869
229206,355882
355905,355922
230764,355946
279296,355967
230294,355980
232254,356000
262631,356028
324677,356044
324677,356063
232750,356085
232750,356102
356125,356141
302654,356160
234517,356187
234517,356207
267946,356224
263865,356248
263968,356269
231168,356282
238416,356305
229782,356322
291261,356346
245353,356367
245400,356380
304012,356403
276083,356426
237990,356442
294018,356461
227018,356488
227060,356501
356555,356572
356593,356615
287403,356636
287403,356658
356708,356720
356708,356749
356777,356796
356823,356847
356823,356868
356899,356913
356899,356932
356984,357009
322052,357021
322052,357045
322052,357066
322109,357084
293096,357153
356708,357176
235004,357195
273063,357218
273063,357239
273063,357256
357287,357304
357287,357327
357287,357343
304012,357362
321252,357389
304012,357406
304012,357423
314908,357447
314908,357468
314908,357481
230826,357508
230764,357520
230294,357549
331607,357565
259842,357583
239566,357605
262801,357622
262801,357646
228030,357667
262801,357680
206872,357701
291261,357729
229528,357740
291261,357764
244673,357786
229528,357803
244673,357826
262704,357842
291261,357861
291261,357888
237007,357900
297985,357928
298101,357944
357992,358015
358043,358062
358089,358101
973523,358129
358172,358193
358223,358247
273351,358268
226624,358281
961534,358309
236768,358321
246135,358345
264650,358366
264650,358384
358425,358441
358473,358494
233816,358516
226551,358537
230963,358559
233816,358571
230294,358592
250684,358619
684464,358688
684464,358707
358724,358748
358795,358814
358833,358851
358880,358908
358920,358949
358977,358996
359011,359030
298101,359053
272760,359076
273823,359095
272760,359114
272815,359133
359151,359179
237665,359198
359216,359237
359259,359271
359302,359325
359356,359373
359413,359432
246135,359450
359506,359523
359599,359612
359649,359665
359696,359715
256664,359736
256714,359758
245629,359770
234868,359791
661469,359817
256714,359838
245629,359855
256714,359872
245629,359893
661469,359919
260592,359935
256714,359957
325697,359974
234868,359990
661469,360018
234868,360039
661469,360056
265009,360073
237665,360094
250576,360115
255850,360136
255907,360158
255850,360170
264650,360191
306870,360213
269602,360232
360284,360307
360330,360353
360284,360376
360284,360395
255850,360416
255907,360437
233816,360459
762083,360471
233816,360492
360330,360519
360284,360535
248488,360557
248488,360574
358724,360590
357992,360617
358043,360638
360655,360672
358724,360693
360746,360767
360746,360780
360812,360831
246709,360854
246750,360877
747145,360896
226695,360910
226483,360934
232157,360952
270733,360975
360999,361019
247005,361035
255850,361057
255907,361074
331567,361090
331567,361116
226761,361137
248314,361159
264650,361171
361214,361233
361214,361251
361279,361298
361279,361312
361331,361354
361331,361377
233816,361396
232381,361417
232381,361438
361472,361493
361527,361543
361562,361589
234092,361602
235091,361625
227849,361641
361687,361706
361734,361752
264650,361775
262704,361799
264650,361813
262704,361832
262704,361850
262704,361878
361924,361948
361976,361995
361924,362014
361976,362033
264650,362079
246709,362098
246709,362131
246750,362154
246750,362196
233579,362219
262704,362235
264650,362257
262704,362274
262704,362290
262704,362316
262704,362337
262704,362359
262704,362371
262704,362392
262704,362411
262704,362430
262704,362453
262704,362476
262704,362495
236618,362513
362550,362578
362550,362597
362550,362610
234092,362634
235091,362652
262704,362675
254234,362699
254281,362718
234092,362739
233816,362756
246750,362773
246807,362794
246709,362815
233816,362836
233816,362858
233816,362870
234555,362891
233816,362917
233816,362938
246750,362955
246807,362972
246709,362993
233816,363016
233816,363037
262704,363059
264650,363071
233816,363092
246709,363118
246750,363139
246807,363156
233816,363173
246709,363194
262704,363211
233816,363230
233816,363253
233816,363295
233816,363314
233816,363333
234555,363351
246709,363379
246750,363398
246750,363419
246750,363435
246807,363457
246709,363474
246750,363490
246807,363517
246709,363538
246750,363555
246750,363572
246709,363593
246750,363615
246807,363636
246709,363658
233816,363670
233816,363691
233816,363712
238492,363731
233816,363754
233816,363777
233816,363796
233816,363810
233816,363834
233816,363852
233816,363875
233816,363899
233816,363913
233816,363932
304012,363950
747145,363978
233816,363997
235091,364010
364047,364068
245629,364081
230389,364109
361976,364121
361924,364145
245629,364166
255850,364184
255907,364204
264650,364227
230294,364243
233816,364262
264650,364289
661469,364301
301211,364329
364372,364393
364372,364412
364449,364465
364496,364514
364496,364533
364567,364580
364611,364630
364611,364653
293666,364676
364703,364726
248868,364742
227896,364761
364790,364816
361924,364837
361976,364859
247005,364871
864662,364892
747145,364918
364973,364994
265679,365011
230294,365030
228030,365053
365082,365105
230294,365122
263189,365146
263136,365167
303820,365180
262631,365200
271074,365228
238127,365244
262631,365263
256664,365285
230294,365302
232254,365325
864662,365341
864662,365360
864662,365387
864662,365409
864662,365421
330394,365445
365478,365497
365510,365534
359413,365552
359413,365575
1027823,365599
1027823,365612
226412,365631
249582,365654
249632,365677
230389,365696
246502,365715
279220,365736
279220,365758
227444,365770
227266,365791
281164,365817
279220,365838
239773,365855
226695,365872
226483,365893
255850,365919
255907,365935
365957,365974
365957,365990
255171,366012
228082,366031
291532,366054
229129,366077
229164,366096
229206,366110
233109,366134
233150,366152
233204,366175
226483,366199
226483,366217
226483,366238
239566,366255
226761,366272
366293,366319
366335,366357
345749,366374
239566,366390
366414,366433
226624,366451
265679,366479
248658,366498
366511,366530
341124,366553
247344,366576
309486,366595
256087,366613
256127,366632
266509,366650
366684,366700
262704,366728
264650,366744
226412,366763
247344,366785
260592,366802
276785,366825
325697,366841
228552,366860
228552,366887
247005,366904
341084,366927
262631,366943
266226,366962
226695,366989
226483,367004
367027,367043
282844,367062
269602,367089
315061,367101
232381,367129
321252,367140
304012,367164
747145,367186
299547,367206
230764,367223
230294,367247
232254,367268
246135,367281
251198,367309
361924,367321
361976,367345
231168,367366
239718,367384
268885,367402
248314,367425
239773,367441
295853,367460
367516,367537
234426,367559
264650,367571
238588,367592
365478,367619
279220,367635
864662,367657
279709,367674
321252,367690
358724,367711
226551,367730
365478,367753
365478,367776
365478,367795
233109,367814
233150,367833
233204,367851
226761,367879
226624,367898
226624,367912
264650,367931
747145,367954
747145,367977
747145,367996
279220,368013
227266,368032
367516,368050
368084,368107
262631,368124
239773,368148
236687,368169
259013,368182
747145,368202
263865,368225
263968,368241
264012,368260
279709,368287
280884,368304
268925,368327
268960,368343
368362,368389
280924,368406
690931,368423
368452,368475
233579,368499
864662,368512
864662,368531
237575,368554
230294,368577
257420,368596
291261,368614
232254,368633
232254,368651
256590,368679
973523,368698
237575,368717
266226,368738
237575,368755
279296,368772
227896,368793
280602,368819
747145,368835
747145,368857
318721,368874
280602,368890
318721,368916
240244,368937
367516,368959
368084,368971
236687,368992
369029,369040
355905,369064
239566,369086
239566,369103
236687,369126
236687,369142
259013,369161
236687,369188
324409,369208
236687,369220
236687,369249
236687,369265
236687,369283
259013,369306
236687,369323
259013,369347
259013,369368
355905,369381
355905,369404
369427,369443
257816,369462
355905,369489
262704,369502
264650,369525
355905,369541
236687,369560
321252,369587
229247,369600
226624,369628
238416,369644
242402,369663
228450,369685
747145,369709
228450,369721
747145,369745
747145,369766
369784,369807
226695,369824
226483,369848
310991,369869
369882,369905
226761,369922
252125,369946
231168,369967
369998,370016
370037,370059
236687,370071
366511,370092
259294,370118
256854,370139
352205,370156
251198,370173
239566,370194
370230,370253
280026,370276
237665,370295
237665,370314
280026,370333
227896,370351
277795,370379
248658,370398
238127,370442
973523,370461
370517,370538
228704,370555
244734,370572
244775,370593
246174,370615
370658,370670
256590,370691
247940,370712
973523,370731
247005,370754
251198,370777
297857,370796
266509,370810
236019,370834
235912,370852
235965,370875
245629,370899
265423,370913
238416,370932
242402,370950
229164,370978
229206,370997
226624,371017
256664,371038
366335,371055
371072,371093
227896,371119
371135,371157
229247,371174
265009,371190
234627,371212
371231,371254
237007,371277
263284,371296
238492,371310
265423,371334
371352,371375
371404,371427
371072,371443
304012,371462
366511,371489
327125,371502
248868,371525
234517,371541
228030,371560
228030,371587
232157,371600
229247,371628
233630,371644
233579,371663
226412,371685
231293,371709
233579,371721
234092,371745
247344,371766
234517,371784
237575,371807
237575,371824
226412,371848
316376,371869
269602,371882
239371,371905
235441,371922
262387,371946
269602,371967
269602,371980
237007,372008
230294,372020
230389,372049
303883,372065
230389,372083
250613,372106
262974,372123
230294,372147
273351,372168
227444,372181
259013,372201
255995,372229
256041,372240
280641,372264
372286,372303
264650,372326
227896,372342
696858,372361
341124,372388
696858,372405
233579,372422
286549,372446
257034,372467
271246,372480
232254,372507
255850,372524
255850,372548
255907,372569
255907,372582
255907,372609
226695,372621
226695,372645
226695,372666
226483,372684
226483,372700
226483,372728
372771,372792
372771,372818
255171,372839
248314,372856
696858,372873
261823,372915
372936,372958
372936,372970
321500,372991
321500,373019
291532,373035
291532,373074
278176,373090
373128,373144
266509,373163
236687,373185
373233,373251
319577,373279
236687,373298
259013,373312
327071,373331
327125,373354
321252,373377
321252,373396
246895,373417
234092,373438
235091,373455
372936,373472
274109,373493
274109,373515
274109,373536
274052,373558
274052,373570
274052,373591
228082,373618
228082,373639
345044,373656
321252,373673
250255,373694
318721,373710
373734,373752
318721,373775
259452,373799
259406,373813
259406,373832
259406,373850
259452,373878
259406,373897
227353,373911
373969,373982
259406,374009
696858,374021
374078,374097
690931,374111
260748,374130
250576,374153
250613,374176
239566,374195
261823,374218
369427,374239
374260,374287
231936,374304
696858,374327
696858,374343
696858,374362
303820,374406
696858,374423
303820,374447
696858,374468
231936,374481
696858,374508
696858,374520
696858,374549
696858,374565
303820,374583
696858,374605
303820,374622
303820,374646
696858,374667
696858,374680
303820,374701
696858,374729
696858,374740
696858,374764
696858,374786
696858,374803
696858,374826
303820,374842
303820,374861
303820,374888
337242,374900
696858,374928
303820,374944
231936,374963
231936,374985
231936,375005
696858,375022
239566,375046
256590,375067
375112,375131
375112,375154
239566,375177
239566,375196
239566,375219
239566,375235
239566,375257
239566,375274
375316,375337
247385,375359
239566,375371
369427,375392
369427,375411
233579,375430
696858,375453
303820,375476
283616,375495
261823,375513
321252,375532
372936,375550
372936,375578
321252,375597
261823,375610
261823,375634
321252,375652
375675,375699
261823,375718
273403,375756
239566,375773
231255,375794
233579,375815
375112,375836
372936,375858
341124,375870
327071,375891
327125,375917
230764,375938
230294,375955
232254,375972
341124,375993
376010,376034
238416,376052
341124,376075
341124,376099
376010,376113
341124,376132
250576,376150
250576,376178
341124,376197
327071,376215
341124,376236
341124,376258
341124,376270
341124,376291
341124,376317
341124,376338
341124,376355
341124,376372
341124,376393
341124,376412
376431,376454
250576,376477
376496,376514
250613,376533
327125,376551
376580,376607
376010,376624
341124,376648
341124,376669
366511,376682
341124,376703
696858,376726
231970,376742
230294,376761
232254,376788
230764,376800
230294,376828
232254,376844
306870,376863
232157,376885
226483,376902
280602,376925
227896,376941
230294,376960
232254,376987
250576,377002
377039,377056
377073,377094
245629,377115
245629,377136
973523,377158
367516,377170
368084,377191
367516,377213
226624,377232
227896,377250
266371,377278
282408,377297
230294,377311
370517,377330
314814,377353
361924,377376
361976,377395
265009,377416
269602,377437
238492,377459
324677,377471
696858,377519
303820,377535
261555,377557
255312,377574
238588,377590
251198,377617
377638,377655
229036,377672
229247,377693
377714,377733
226695,377751
226483,377779
236171,377798
366511,377812
226695,377831
229782,377854
229782,377877
229833,377896
229833,377910
377934,377952
238492,377975
238492,377999
360655,378011
358724,378030
254234,378053
378076,378095
261823,378114
248314,378133
248314,378151
248314,378179
254234,378198
254281,378216
254332,378237
378285,378302
378285,378325
378356,378373
378356,378394
237007,378510
238492,378534
231936,378552
303820,378575
378608,378620
260748,378649
361924,378665
361976,378683
378715,378736
361924,378758
361976,378770
361976,378791
361976,378817
361976,378838
378855,378872
255171,378893
238492,378919
259842,378935
378957,378974
237575,378990
237575,379015
237575,379036
226695,379058
233109,379070
233150,379091
233204,379117
378957,379138
379155,379172
238588,379193
262631,379210
236687,379234
266226,379252
262631,379275
303104,379299
955646,379313
230294,379332
227018,379350
294018,379378
255171,379397
226624,379418
237007,379439
361976,379456
262704,379473
255171,379494
237575,379516
227266,379537
227444,379559
864662,379571
379635,379657
238492,379674
238492,379690
238492,379711
238492,379730
379769,379782
245629,379805
245629,379822
262631,379846
301731,379867
315706,379880
255171,379908
227266,379920
227444,379949
255171,379965
300846,379983
255171,380001
226483,380029
262704,380040
293904,380064
320723,380086
293818,380103
293860,380126
226551,380142
259842,380161
380188,380208
348057,380220
380254,380277
262704,380296
747145,380310
380368,380381
361976,380404
228082,380427
233816,380443
973523,380462
255171,380489
265009,380502
361924,380525
361976,380541
238588,380560
238588,380587
380600,380628
238588,380644
304012,380663
269897,380685
255171,380709
255171,380721
255171,380745
238588,380766
255171,380784
865661,380807
283616,380824
230294,380848
232254,380869
238492,380882
238492,380905
237575,380922
226695,380946
230294,380967
230294,380980
226695,381002
226695,381025
226483,381041
230294,381060
230294,381087
232254,381104
226695,381127
226695,381143
226695,381162
226695,381189
226483,381209
226483,381221
226695,381245
226483,381266
226695,381284
226483,381307
232254,381324
226483,381348
229164,381369
229129,381382
229206,381400
229164,381428
229206,381444
381463,381485
226695,381503
226483,381526
226695,381542
226695,381561
226483,381588
226483,381601
226695,381629
226483,381640
226695,381664
226483,381686
233109,381705
233150,381722
226695,381746
226483,381767
226483,381780
242234,381808
240466,381820
226483,381849
226695,381865
226483,381883
226695,381906
226483,381923
227143,381947
227191,381968
230294,381981
226695,382009
226483,382021
227104,382045
227143,382066
227191,382084
226695,382107
226483,382124
226483,382148
226695,382169
226695,382182
226483,382202
226695,382225
226483,382241
226695,382260
226483,382287
248913,382304
248868,382327
266509,382343
238588,382362
238588,382389
361976,382406
382452,382475
230764,382499
230294,382512
232254,382531
237575,382554
237575,382577
237575,382596
300748,382614
251198,382633
237575,382651
237575,382679
251198,382698
237575,382717
237575,382738
869756,382755
869756,382772
237575,382793
306870,382819
265520,382835
267188,382857
267600,382874
251198,382890
382916,382937
237575,382959
251198,382971
869756,382992
869756,383015
237575,383058
869756,383070
237575,383091
237575,383117
237575,383138
251198,383155
237575,383172
237575,383193
869756,383210
383234,383252
237575,383275
237575,383299
251198,383313
237575,383332
237575,383350
237575,383378
237575,383397
869756,383418
237575,383439
237575,383456
237575,383473
268227,383494
268227,383516
383544,383563
237575,383585
237575,383603
237575,383626
251198,383642
237575,383661
237575,383688
237575,383707
251198,383724
869756,383748
383795,383814
383833,383851
869756,383879
248488,383898
228030,383912
973523,383931
228082,383954
228082,383977
237575,383996
384014,384033
251198,384051
228030,384079
239566,384098
384112,384131
384154,384177
247675,384196
384219,384235
237575,384257
237575,384274
237990,384290
227018,384316
262631,384337
237575,384359
234868,384371
661469,384392
237665,384411
236128,384430
270733,384453
262631,384476
227896,384495
227849,384513
240244,384532
280602,384550
262631,384578
266226,384597
384610,384634
230764,384652
231168,384675
384702,384725
269074,384741
247993,384760
247940,384787
247993,384804
366511,384827
384858,384870
256714,384891
245629,384917
973523,384938
232381,384955
747145,384972
228450,384993
747145,385010
747145,385034
747145,385052
226695,385075
226483,385099
239566,385184
228082,385204
248488,385227
228082,385243
973523,385262
973523,385289
239566,385301
239566,385329
384014,385340
385386,385408
973523,385420
973523,385449
973523,385465
228082,385483
973523,385505
385522,385546
228082,385607
385630,385653
385719,385735
330302,385757
239773,385774
265679,385790
226624,385816
869756,385837
226412,385859
226624,385871
226624,385892
265679,385918
317837,385939
226695,385956
226483,385973
269602,385994
385522,386011
228082,386030
353110,386076
262631,386095
238416,386114
242402,386133
226412,386151
341084,386179
248314,386198
229247,386216
386237,386259
320723,386271
293818,386292
293860,386318
291448,386339
228082,386356
973523,386373
226624,386394
269602,386413
269602,386432
269602,386450
296351,386478
747145,386497
747145,386510
747145,386534
386568,386581
386568,386608
386568,386620
267600,386649
267869,386683
229247,386704
240244,386727
229036,386743
234627,386762
247290,386789
229036,386801
297916,386829
229036,386840
267600,386864
248156,386886
270733,386903
266226,386926
331567,386942
262631,386961
386237,386988
349270,387003
230294,387026
321252,387042
266509,387061
321252,387088
321252,387100
266509,387128
234517,387185
230389,387205
227896,387222
269602,387246
353110,387267
387312,387331
245629,387354
385145,387377
268598,387396
268598,387417
303104,387438
303104,387455
387472,387493
248314,387515
256714,387536
245629,387558
696858,387570
247940,387591
247993,387618
247005,387639
234868,387656
661469,387673
239773,387694
387747,387768
268551,387781
269602,387821
260397,387845
276595,387866
973523,387884
237007,387907
387930,387953
388008,388020
388008,388049
388077,388096
388077,388110
227896,388134
227896,388152
388175,388199
262631,388217
239773,388238
295853,388255
239773,388272
230389,388293
230389,388319
233816,388335
384154,388357
247675,388374
388422,388446
388467,388480
369427,388507
333667,388524
333667,388548
322178,388569
322178,388582
388613,388632
388613,388650
388728,388744
388771,388792
249632,388839
229036,388856
291532,388873
278176,388894
388728,388915
388943,388962
388943,388989
388943,389000
388943,389028
388943,389044
388943,389063
246135,389085
247940,389102
247993,389125
955646,389141
747145,389160
747145,389187
227849,389207
747145,389224
226695,389248
226483,389269
226483,389282
226695,389305
226695,389322
226483,389346
747145,389367
256664,389380
256714,389403
245629,389426
246135,389442
246135,389461
246135,389488
246135,389501
246135,389529
246135,389540
246135,389564
246135,389586
246135,389604
246135,389627
260397,389643
246135,389662
389689,389708
352377,389720
237665,389749
862001,389881
980985,389909
246135,389921
389950,389978
862001,389997
390013,390032
262631,390097
325915,390111
226624,390130
265679,390153
366511,390176
341124,390195
250576,390218
250613,390239
229439,390256
262631,390273
262631,390294
255171,390315
390013,390336
237007,390358
237007,390370
279220,390391
239634,390410
390434,390452
390475,390499
390475,390512
762083,390531
390583,390605
390583,390622
270733,390646
262631,390667
262631,390680
262631,390701
262631,390729
390755,390772
864662,390793
256714,390819
245629,390835
256664,390857
245629,390874
276785,390890
325697,390916
256714,390937
245629,390959
280602,390971
256664,390992
245629,391012
256714,391031
227896,391054
246306,391077
256714,391096
245629,391110
973523,391134
291532,391152
391175,391199
278176,391217
227896,391238
321252,391255
230764,391272
230294,391293
230294,391319
391342,391361
291532,391446
291532,391467
278176,391507
973523,391569
262704,391582
262631,391609
260592,391621
748254,391645
391678,391697
391716,391737
391678,391759
262631,391771
228082,391792
246174,391818
246212,391839
228082,391856
325697,391873
245629,391894
391943,391962
256664,391989
256714,392001
245629,392029
245629,392040
256664,392064
256714,392086
247344,392103
247344,392126
260592,392142
260397,392161
245629,392188
256664,392208
256714,392220
256714,392249
245629,392265
256664,392283
245629,392306
256664,392323
256714,392347
325697,392368
260592,392381
256714,392404
245629,392427
315639,392443
256664,392462
256714,392489
245629,392502
256714,392525
245629,392541
964058,392600
964058,392628
260592,392644
276785,392663
325697,392685
256664,392709
256714,392721
245629,392745
245629,392766
256664,392784
276785,392807
325697,392824
245629,392848
245629,392869
325697,392882
256664,392905
256714,392946
256714,392967
245629,393006
245629,393023
325697,393047
256664,393068
256714,393109
245629,393121
245629,393145
325697,393166
256664,393184
256714,393204
245629,393227
256664,393243
256664,393262
256714,393289
256714,393301
245629,393329
245629,393340
260592,393364
256714,393386
245629,393408
260592,393420
256714,393449
256664,393465
256714,393483
245629,393505
256664,393522
256714,393546
245629,393567
366335,393580
245629,393607
245629,393624
260592,393648
260635,393669
973523,393682
973523,393703
973523,393726
973523,393742
973523,393761
228082,393788
256714,393800
245629,393828
325697,393863
245629,393885
246895,393902
393941,393960
393987,394000
304700,394028
256664,394044
256714,394063
245629,394085
245629,394102
235846,394125
973523,394141
973523,394160
228082,394187
228082,394207
973523,394224
256714,394248
228082,394269
228082,394282
245629,394305
973523,394322
245629,394346
260592,394367
245629,394380
341343,394403
973523,394426
246306,394442
246352,394461
391943,394488
393987,394501
394529,394540
394572,394593
306917,394615
394636,394658
393941,394670
393987,394691
394529,394712
226551,394731
394777,394796
256664,394810
256714,394834
245629,394852
256664,394875
366335,394899
245629,394913
227896,394932
229036,394950
264650,394978
747145,394997
294297,395015
391943,395036
747145,395058
747145,395070
395129,395140
395172,395193
395223,395247
321642,395268
361976,395281
361976,395309
361976,395321
361924,395345
361924,395366
361924,395384
260397,395402
256664,395425
256714,395441
245629,395460
366335,395487
260635,395500
245629,395528
256714,395544
256714,395563
245629,395585
361924,395603
361976,395626
324409,395642
236687,395661
352438,395688
259013,395707
264650,395724
247290,395748
393987,395769
394529,395782
237575,395805
231293,395822
233579,395846
395867,395880
395867,395908
395931,395954
395983,396003
396026,396042
239773,396061
973523,396088
973523,396100
228082,396128
973523,396144
973523,396163
228082,396185
227896,396205
240244,396222
393987,396246
394529,396267
291532,396280
265009,396308
262704,396320
264650,396349
261823,396365
227266,396383
733484,396401
253597,396429
246352,396440
266371,396464
275292,396486
228082,396504
230389,396527
265009,396543
279296,396562
234092,396589
232157,396602
230294,396625
237575,396641
266509,396660
684464,396687
293666,396706
384702,396723
341084,396747
234426,396768
864662,396781
247993,396809
396821,396845
324677,396866
232750,396884
327529,396907
232750,396924
396948,396969
396995,397011
279296,397030
747145,397053
327474,397076
397122,397146
397122,397167
301102,397180
324677,397200
232750,397228
964058,397244
324677,397263
232750,397285
397302,397325
324677,397341
232750,397360
327474,397387
232750,397445
327529,397466
324677,397484
324677,397506
232750,397523
232750,397547
327529,397568
232750,397581
324677,397608
324677,397620
324677,397683
324677,397704
397727,397743
397762,397789
324677,397801
324677,397829
232750,397840
324677,397864
397649,397886
397649,397903
324677,397926
232750,397942
324677,397961
232750,397988
251198,398002
398041,398060
398115,398136
398162,398189
297985,398209
298101,398221
398278,398297
398278,398311
226483,398330
964058,398353
398382,398400
228082,398428
228082,398444
228450,398588
235912,398601
235965,398629
236019,398640
865661,398664
301806,398686
301852,398705
262704,398722
262704,398746
371231,398767
269074,398780
246709,398808
246750,398820
247005,398849
246306,398865
747145,398883
228082,398906
398952,398975
399005,399022
973523,399046
229439,399067
229487,399080
324677,399108
232750,399120
327529,399149
255850,399165
255907,399183
747145,399203
398382,399226
228030,399242
228082,399261
226695,399288
226483,399300
324677,399328
232750,399344
228082,399363
865661,399385
973523,399407
964058,399424
367516,399448
368084,399469
399495,399513
228030,399532
228082,399550
964058,399578
973523,399597
228082,399610
228082,399634
973523,399652
228082,399675
393987,399699
394529,399718
399741,399760
399815,399836
304700,399858
265423,399870
371352,399891
238416,399917
315061,399938
276785,399955
247815,399972
230389,399993
324677,400019
230389,400035
230389,400057
230389,400074
400090,400116
230389,400137
316376,400159
226859,400171
400192,400214
316376,400233
245191,400251
245191,400279
316376,400298
316376,400312
316376,400331
316376,400354
316376,400377
316376,400396
316376,400417
316376,400438
316376,400455
245191,400472
245191,400493
316376,400515
279086,400536
400589,400602
400589,400625
269163,400641
279086,400660
371231,400687
281164,400706
747145,400723
400747,400768
279086,400781
279086,400809
226624,400821
748103,400845
400878,400897
400911,400930
244897,400953
747145,400976
269074,400995
229036,401015
864662,401036
401058,401070
401091,401117
401140,401164
231255,401186
228450,401206
238284,401223
269897,401247
229247,401268
747145,401281
250684,401309
864662,401321
748296,401345
973523,401366
325697,401384
276785,401402
228450,401425
747145,401441
283616,401460
246174,401487
246212,401500
401528,401544
747145,401563
955793,401585
401603,401626
314657,401642
291149,401661
228450,401688
747145,401707
747145,401724
747145,401748
747145,401769
271074,401782
271074,401805
401822,401846
401879,401898
250255,401912
401931,401954
747145,401977
230764,401996
230294,402010
227896,402034
747145,402052
227896,402075
973523,402099
246895,402113
226624,402132
235795,402150
235846,402178
235846,402197
255850,402215
255907,402236
248868,402258
230294,402270
226624,402291
955738,402317
227896,402338
246895,402355
747145,402372
228450,402393
747145,402412
228450,402431
228450,402454
747145,402477
228450,402496
228450,402514
228450,402533
228450,402551
228450,402579
747145,402598
747145,402611
747145,402630
747145,402653
747145,402676
747145,402695
747145,402719
747145,402735
228450,402757
747145,402774
747145,402790
747145,402816
254234,402837
254281,402859
254332,402871
747145,402892
747145,402918
747145,402939
747145,402956
228450,402973
747145,402994
747145,403017
747145,403038
747145,403055
747145,403072
253219,403093
228450,403119
228450,403135
228450,403157
228450,403174
228450,403190
228450,403212
228450,403231
228450,403254
228450,403277
403296,403310
747145,403334
747145,403352
747145,403375
747145,403399
747145,403415
747145,403436
747145,403458
747145,403470
747145,403491
747145,403518
747145,403539
747145,403556
747145,403573
747145,403594
747145,403616
747145,403637
747145,403659
747145,403671
747145,403692
747145,403713
747145,403732
747145,403750
747145,403778
747145,403797
747145,403811
747145,403830
747145,403853
747145,403876
747145,403895
747145,403914
747145,403933
747145,403951
747145,403979
747145,403998
747145,404011
747145,404030
747145,404053
747145,404076
747145,404095
747145,404114
747145,404133
747145,404151
747145,404179
747145,404198
747145,404216
747145,404237
747145,404259
747145,404271
747145,404292
747145,404318
747145,404339
747145,404356
747145,404373
747145,404394
747145,404413
747145,404432
747145,404450
747145,404478
747145,404497
747145,404510
228450,404534
228450,404552
747145,404575
747145,404599
747145,404612
747145,404631
747145,404654
253219,404677
747145,404696
747145,404715
228450,404736
228450,404758
747145,404770
747145,404791
747145,404817
531179,404838
747145,404855
747145,404872
531179,404893
228450,404919
228450,404935
228450,404957
228082,404974
228082,404990
747145,405012
747145,405031
228450,405054
747145,405077
747145,405096
228450,405110
531179,405134
747145,405152
747145,405175
747145,405199
747145,405217
747145,405238
747145,405255
747145,405272
747145,405293
747145,405335
747145,405357
228450,405374
747145,405390
228450,405414
747145,405433
747145,405451
747145,405479
747145,405498
747145,405511
747145,405530
228450,405553
747145,405576
973523,405595
747145,405613
747145,405632
747145,405650
228450,405678
279220,405697
747145,405716
747145,405737
405763,405785
747145,405802
228450,405825
747145,405841
747145,405860
747145,405887
747145,405904
747145,405927
228450,405943
747145,405962
747145,405989
291033,406009
531179,406021
401140,406045
747145,406066
276595,406084
385522,406107
228082,406124
747145,406148
406176,406195
906160,406218
906160,406239
906160,406256
228450,406273
747145,406294
747145,406315
747145,406336
747145,406358
747145,406370
747145,406391
228082,406410
238284,406434
973523,406452
228450,406475
747145,406499
747145,406512
262631,406531
747145,406554
747145,406577
406605,406622
257034,406646
297358,406667
262704,406680
264650,406701
228082,406729
747145,406740
255171,406764
226551,406786
230916,406803
230963,406826
406874,406890
406928,406944
228082,406963
406992,407016
352377,407037
226624,407059
228450,407071
227266,407092
228552,407118
329831,407139
260977,407156
279220,407173
235528,407194
228082,407211
407230,407253
242402,407276
273282,407295
273230,407314
273351,407333
238416,407351
276666,407379
270733,407419
407442,407461
407442,407488
407442,407501
407538,407555
407538,407572
276666,407593
407615,407636
276666,407658
327367,407670
232086,407691
242402,407712
262704,407731
264650,407754
301731,407777
301731,407796
300846,407810
293904,407834
293943,407852
407875,407899
407921,407945
262704,407966
407921,407984
262704,408005
255171,408022
293818,408046
293860,408067
248658,408080
255171,408108
255171,408120
248658,408149
235795,408165
235846,408183
269602,408203
293763,408226
293818,408242
293860,408261
293904,408288
293943,408300
407875,408328
293763,408344
320723,408363
408385,408407
293818,408424
293943,408448
293860,408469
407875,408482
299547,408509
283616,408521
320723,408545
293818,408566
293860,408584
400589,408606
277544,408623
248314,408647
226624,408668
270733,408681
295220,408702
228450,408725
339802,408741
266509,408760
231168,408787
255850,408804
255907,408827
255850,408843
255907,408862
259842,408889
261160,408901
250684,408929
256590,408940
248314,408964
238170,408986
238127,409002
238127,409025
238127,409041
238170,409060
248868,409087
267600,409104
265009,409127
661469,409143
864662,409162
238127,409189
409209,409221
865661,409245
248314,409266
246306,409284
246352,409307
246352,409324
360655,409376
358724,409395
226483,409416
226483,409437
226483,409459
973523,409471
233204,409492
233109,409519
233150,409535
239773,409557
266371,409574
237007,409590
228450,409617
255171,409638
409664,409686
409705,409722
227968,409746
409767,409780
239371,409808
239411,409820
409849,409865
239371,409883
973523,409906
973523,409923
955793,409947
409975,409999
410024,410048
410076,410095
410122,410146
410179,410198
373233,410216
410244,410263
301731,410285
747145,410302
259013,410325
259013,410341
265520,410360
238416,410387
238416,410409
242402,410421
242402,410445
410497,410510
264650,410534
366335,410552
366335,410575
226695,410599
226483,410612
230764,410631
230294,410654
230294,410677
407921,410696
291261,410715
226624,410736
391342,410758
238416,410770
242402,410791
248314,410817
264650,410838
247005,410855
255907,410872
226412,410893
312708,410919
276785,410935
245629,410957
231936,410974
747145,410990
228030,411010
248314,411034
255850,411052
232157,411075
238170,411099
864662,411113
226695,411132
226483,411150
262631,411178
228082,411197
234092,411215
397649,411236
269602,411258
391943,411270
234028,411291
228082,411317
237007,411338
973523,411355
234517,411372
230294,411393
229528,411412
232157,411431
230475,411454
230549,411477
231168,411496
234092,411514
247005,411533
279296,411551
269602,411579
696858,411598
353110,411611
361924,411630
361976,411653
865661,411676
230389,411695
235795,411719
235846,411735
247290,411757
233816,411774
227444,411790
257132,411816
230294,411837
226551,411859
230916,411871
291532,411892
278176,411918
246135,411939
250152,411956
250319,411973
398952,411994
399005,412015
238588,412036
238588,412058
262631,412070
321252,412091
321252,412117
321252,412138
235795,412155
343523,412172
343523,412193
321252,412210
321252,412234
330394,412252
412275,412299
412321,412345
412366,412384
268925,412425
412456,412473
412456,412494
201526,412516
201526,412537
265009,412559
230294,412571
322178,412592
226761,412619
303820,412635
696858,412657
280884,412674
412690,412711
268960,412730
280924,412753
267188,412776
229036,412795
229036,412814
237575,412833
266371,412851
275292,412879
229036,412898
317837,412912
226412,412931
265009,412954
696858,412977
303820,412996
261555,413013
747145,413032
973523,413050
239773,413078
234517,413097
238492,413111
227444,413130
413169,413182
413202,413225
413202,413241
413260,413287
413304,413327
413343,413362
247385,413389
247344,413406
247385,413423
247385,413447
228030,413468
413481,413508
228030,413520
413481,413549
413481,413565
413481,413583
229247,413605
245353,413622
245400,413646
413679,413698
261555,413717
270588,413738
331166,413755
341888,413772
341755,413793
331215,413819
413835,413857
254234,413874
254281,413890
248658,413916
244734,413937
244775,413959
239566,413971
229036,413992
233454,414019
301102,414035
234868,414057
661469,414074
259971,414090
248658,414116
297646,414137
414159,414171
265679,414192
280641,414214
260846,414233
226695,414279
226483,414298
226412,414312
228450,414331
255171,414354
279220,414377
227968,414396
239411,414417
330394,414438
269074,414455
228450,414472
747145,414493
227896,414515
318721,414536
414562,414589
246709,414602
246750,414625
246807,414641
408385,414660
293943,414687
407875,414706
240244,414723
385522,414747
228082,414768
226695,414781
315639,414809
227444,414821
365478,414845
299547,414866
230294,414884
232254,414907
245812,414924
287627,414948
414969,414982
235795,415002
235846,415025
246174,415041
246212,415060
254234,415087
254281,415104
269074,415127
269074,415143
262974,415162
254234,415189
254281,415209
254234,415221
269074,415245
262974,415266
415284,415307
415324,415348
415369,415382
233150,415400
254234,415428
254234,415444
254281,415463
254234,415485
254234,415503
254281,415526
254281,415542
254234,415561
254281,415588
229439,415601
237007,415629
371231,415640
237007,415664
237007,415686
237007,415705
237007,415722
237007,415746
415767,415780
371231,415808
237007,415820
237007,415849
371231,415865
237007,415883
237007,415906
237007,415923
237007,415947
415767,415968
415767,415981
415767,416001
415767,416029
416040,416064
237007,416086
237007,416103
237007,416126
237007,416142
237007,416161
237007,416188
237007,416208
237007,416220
237007,416249
237007,416265
237007,416283
237007,416306
237007,416323
237007,416347
237007,416368
237007,416381
237007,416404
237007,416427
237007,416443
237007,416462
237007,416489
237007,416502
237007,416525
237007,416541
237007,416560
237007,416587
237007,416600
237007,416628
237007,416644
237007,416663
237007,416685
237007,416709
237007,416721
237007,416745
237007,416766
237007,416784
237007,416807
237007,416824
237007,416848
237007,416869
237007,416882
237007,416905
237007,416922
237007,416946
237007,416967
246306,416980
246352,417005
251198,417022
247344,417046
226483,417067
287572,417080
287627,417108
245812,417120
237007,417149
246306,417165
253964,417183
246352,417203
246352,417226
283616,417242
283616,417261
748103,417288
237007,417300
254234,417328
254281,417344
331567,417363
283616,417385
417430,417453
279824,417476
280026,417495
417521,417545
417430,417566
417597,417610
248379,417634
391943,417652
391943,417675
391943,417699
417741,417760
417794,417815
254234,417836
254281,417858
229439,417870
230389,417891
747145,417917
229439,417938
248658,417955
233816,417972
266371,417993
266371,418016
275292,418037
275292,418059
260140,418071
262387,418092
279296,418118
407921,418139
407921,418156
266371,418173
327367,418194
407921,418211
255907,418230
418295,418314
317258,418333
231168,418351
267600,418379
230389,418398
248314,418419
229247,418435
229036,418457
266371,418474
266371,418490
275292,418517
266371,418538
275292,418555
283616,418572
235795,418593
235846,418615
229782,418636
235795,418658
235846,418670
418691,418712
247815,418731
407921,418754
262387,418777
270330,418796
226483,418810
418834,418852
418875,418899
228082,418913
235795,418932
235846,418950
230389,418978
235795,418997
246174,419012
235846,419031
246212,419054
235795,419077
262387,419096
235846,419110
326985,419134
326985,419152
407921,419175
419201,419229
696858,419264
235846,419286
235795,419303
229247,419326
229036,419342
246174,419361
400589,419388
400589,419405
400589,419422
235795,419446
260977,419467
260977,419480
260977,419507
304012,419524
228082,419548
273230,419569
273351,419582
260977,419609
246174,419621
246212,419645
230389,419666
230389,419684
230389,419700
373969,419728
373969,419744
373969,419763
245629,419785
230389,419802
230389,419825
275292,419841
256714,419860
276785,419887
366293,419904
256664,419927
245629,419943
419962,419989
247815,420002
230389,420025
230389,420041
279709,420060
279750,420087
325697,420104
227266,420127
733484,420143
229247,420162
302568,420189
302654,420209
325405,420221
406176,420245
865661,420266
226695,420284
226483,420307
230764,420324
747145,420348
234092,420369
235091,420382
234092,420400
234092,420428
235091,420444
255747,420463
955646,420485
247385,420503
420535,420557
226483,420574
747145,420590
264650,420617
747145,420638
420664,420686
274863,420705
226695,420722
226483,420746
239411,420767
269897,420780
747145,420808
228450,420820
280845,420849
269163,420865
747145,420883
747145,420906
227896,420923
226483,420947
747145,420968
747145,420981
747145,421003
747145,421026
269163,421042
747145,421061
269163,421088
269163,421100
269163,421128
318721,421144
257034,421163
257034,421185
257034,421205
257034,421222
352205,421246
352205,421267
256808,421280
257034,421308
352205,421320
352205,421349
955287,421383
955287,421401
257034,421429
257034,421440
257034,421464
955287,421486
271074,421504
747145,421527
747145,421543
227896,421562
321500,421589
352205,421602
955287,421625
257034,421641
400589,421660
239371,421687
230389,421706
269163,421723
421747,421768
278928,421781
226412,421809
265009,421821
232750,421845
397649,421866
236464,421884
255171,421907
747145,421924
747145,421948
747145,421969
226483,421982
422033,422051
259013,422079
422098,422112
422149,422165
422098,422183
236464,422203
334850,422226
422098,422242
236464,422261
236464,422288
236464,422300
236464,422328
422359,422371
422098,422392
422098,422411
422098,422430
422098,422453
422098,422476
334850,422495
334850,422513
422098,422532
334850,422550
236464,422578
327572,422597
422623,422647
236464,422668
262974,422681
234426,422702
227353,422725
227353,422741
246135,422760
229528,422787
226624,422804
227896,422827
240244,422843
259842,422862
227266,422889
255171,422901
246135,422929
384014,422940
237665,422964
864662,422986
423016,423037
423059,423071
227896,423092
282844,423118
423141,423160
747145,423187
282844,423207
226695,423224
226695,423248
226483,423269
226483,423282
229206,423305
229129,423322
229164,423346
309088,423367
270485,423380
226695,423403
226695,423426
226695,423442
226483,423461
226483,423488
226483,423501
226551,423529
230916,423540
230963,423564
229164,423586
229206,423604
255383,423627
341343,423643
423691,423712
279220,423754
279220,423777
227444,423796
227444,423810
248868,423834
246709,423852
246750,423875
246807,423899
423913,423932
423950,423978
226551,423997
230916,424010
230963,424034
228450,424052
424081,424109
973523,424121
228082,424145
239566,424166
228082,424184
239566,424204
535527,424258
424270,424291
535570,424340
535625,424393
424449,424465
424496,424514
239566,424533
291702,424551
269602,424579
868503,424648
868463,424695
868503,424735
424761,424788
233816,424800
424859,424871
424902,424925
424956,424973
425007,425024
425048,425069
226483,425082
251198,425105
292171,425122
264650,425146
973523,425167
259971,425180
238492,425200
239773,425228
295853,425244
245629,425263
865661,425285
425325,425341
425413,425432
425466,425484
425510,425534
345749,425552
330394,425575
361924,425599
964058,425612
398382,425631
425683,425704
425736,425758
395867,425770
395867,425791
395931,425817
395931,425838
425855,425872
264083,425893
264083,425919
425942,425961
425942,425988
426008,426020
426008,426049
247344,426065
426110,426134
366335,426152
276785,426175
260635,426199
245629,426217
246895,426238
973523,426255
973523,426272
227266,426293
733484,426319
426361,426388
426361,426405
426433,426451
426433,426479
426507,426524
426507,426548
426576,426595
865661,426613
267188,426632
267600,426650
426678,426697
869756,426744
229036,426763
229247,426785
267869,426802
267600,426825
234627,426841
865661,426860
365082,426887
426904,426927
330302,426943
423913,426962
426991,427015
427043,427062
427091,427117
265577,427138
427164,427186
427164,427206
427164,427223
427164,427247
427164,427268
427164,427281
427164,427309
427164,427321
427164,427345
263733,427366
427397,427418
263733,427439
263733,427456
427473,427494
282844,427516
427537,427559
427571,427592
423141,427619
427635,427657
427674,427690
427711,427730
427753,427776
248488,427795
662019,427846
282844,427867
427571,427880
233816,427908
302704,427920
302568,427949
302568,427965
427983,428009
428032,428050
255026,428078
255026,428097
428111,428130
302654,428153
302654,428176
428195,428218
259013,428239
282844,428256
282844,428273
282844,428294
428315,428336
282844,428358
282844,428370
427674,428391
428410,428434
330302,428452
282844,428475
282844,428499
282844,428512
428531,428554
428577,428596
423141,428614
282844,428633
427571,428651
427635,428679
428315,428698
428315,428717
282844,428738
427537,428755
282844,428772
282844,428793
427537,428819
427571,428835
427571,428857
423141,428874
427635,428890
427674,428916
427674,428937
427571,428959
282844,428971
427571,428992
427674,429017
282844,429038
282844,429055
282844,429072
282844,429093
282844,429119
427571,429135
427537,429157
423141,429174
427674,429190
282844,429212
427571,429231
429283,429306
429283,429323
282844,429347
282844,429368
282844,429381
282844,429404
428315,429427
282844,429443
429283,429462
429283,429489
282844,429502
429525,429541
429587,429600
282844,429628
429644,429663
349973,429685
429709,429721
429745,429766
429784,429807
427711,429824
282844,429848
282844,429869
282844,429882
428531,429905
429951,429979
429951,429998
282844,430010
282844,430034
427571,430052
428315,430075
282844,430099
428531,430113
428531,430132
428577,430150
428577,430178
429525,430197
430215,430236
430215,430258
430270,430291
430317,430338
430364,430386
282844,430408
427571,430420
330302,430449
430465,430483
247344,430505
330302,430522
282844,430546
282844,430567
428531,430580
428577,430607
388422,430624
430648,430669
430682,430703
430735,430757
430735,430774
388422,430790
388422,430816
430844,430863
430892,430918
430735,430939
388422,430956
430987,431005
431033,431051
233816,431079
282844,431098
323381,431112
323458,431131
323525,431154
323594,431177
287627,431196
245812,431219
245812,431235
287627,431257
265009,431274
865661,431290
429283,431316
431337,431359
321252,431371
229439,431392
229487,431411
229439,431430
291261,431453
239566,431476
239566,431495
251198,431513
265423,431532
371352,431550
239566,431578
239773,431597
234028,431610
295853,431634
228082,431652
239773,431675
295853,431699
239773,431718
295853,431739
248868,431756
306870,431773
431794,431815
247344,431836
282844,431858
427571,431870
864662,431891
251198,431917
239773,431938
670110,431955
233816,431972
864662,431993
237575,432019
239773,432035
295853,432057
302704,432074
255026,432090
373734,432159
432171,432192
955646,432214
955646,432233
748103,432251
239773,432279
251198,432298
239773,432312
322178,432331
388728,432354
264650,432377
228082,432396
256041,432417
670110,432438
262704,432455
264650,432472
314908,432493
314908,432515
229782,432536
229833,432558
233270,432570
432591,432618
234426,432639
269602,432656
246306,432673
246352,432694
229528,432710
239773,432734
295853,432752
432781,432809
670110,432821
955646,432845
432866,432884
234028,432907
239773,432924
295853,432948
234028,432969
239773,432982
239773,433008
239773,433020
239773,433049
239773,433065
295853,433083
239773,433106
239773,433123
239773,433147
239773,433168
239773,433181
239773,433201
433238,433255
433272,433293
239773,433319
239773,433335
239773,433357
433374,433390
239773,433414
239773,433433
239773,433451
295853,433479
239773,433498
239773,433511
239773,433530
239773,433553
432781,433576
432781,433595
239773,433613
295853,433632
239773,433650
239773,433678
239773,433697
295853,433716
432781,433737
239773,433759
295853,433771
239773,433792
295853,433818
239773,433839
239773,433856
295853,433873
234028,433894
234028,433915
239773,433936
432781,433958
432781,433970
239773,433991
295853,434018
234028,434039
239773,434056
239773,434073
239773,434094
432781,434115
239773,434136
239773,434158
239773,434170
295853,434191
432781,434213
239773,434232
295853,434250
239773,434278
239773,434297
239773,434311
239773,434330
239773,434353
239773,434376
295853,434395
239773,434416
432781,434437
239773,434459
295853,434471
239773,434492
433374,434519
239773,434535
239773,434557
295853,434574
239773,434590
416040,434617
416040,434638
227444,434672
253316,434693
264650,434714
239773,434733
432781,434751
239773,434779
239773,434798
239773,434812
295853,434831
295853,434854
295853,434877
234028,434896
234028,434910
434968,434981
239773,435001
239773,435029
295853,435064
433374,435086
239773,435103
226859,435126
226859,435142
239773,435161
435188,435208
435220,435249
435265,435283
246135,435306
747145,435323
228030,435347
228082,435368
256590,435381
231168,435404
435458,435470
435491,435518
264650,435539
237007,435556
237007,435573
247344,435594
230294,435616
299547,435637
226695,435659
226483,435671
249728,435692
747145,435713
366511,435732
230294,435750
247290,435778
435824,435848
247290,435869
229129,435882
229164,435905
229206,435922
435951,435979
226902,435998
226800,436016
265009,436037
436102,436125
988060,436194
988060,436211
247290,436230
247290,436253
247290,436276
247290,436295
247290,436314
247290,436333
247290,436351
247290,436379
247290,436398
247290,436419
247290,436435
247290,436457
747145,436474
250152,436490
280845,436517
250319,436538
247290,436555
269383,436572
247290,436593
247290,436615
247290,436636
436708,436720
436749,436765
436823,436847
436868,436881
301102,436909
247290,436921
247290,436945
247290,436966
247290,436984
237575,437009
360655,437021
437050,437078
358724,437097
398278,437111
226695,437130
226483,437153
226695,437176
226483,437195
226695,437218
226483,437239
231168,437256
265009,437273
270733,437294
341084,437315
269602,437336
437362,437389
242456,437406
238416,437423
242402,437447
266371,437468
275292,437481
285451,437508
255907,437520
226483,437549
226483,437565
226483,437583
226483,437605
245629,437622
234028,437646
233816,437667
232381,437680
747145,437701
247344,437729
228450,437740
747145,437764
227896,437786
303330,437803
240244,437826
228450,437842
747145,437861
269298,437888
988060,437928
988060,437944
747145,437963
747145,437985
265009,438004
438027,438043
438062,438089
234028,438101
259013,438129
247290,438140
747145,438164
270733,438186
271570,438223
266226,438268
262704,438281
264650,438309
747145,438321
291532,438345
278176,438366
438425,438441
438425,438460
341888,438487
331166,438500
255850,438528
255907,438544
265009,438563
321252,438585
247993,438603
247940,438626
228450,438642
747145,438661
353110,438688
438730,438753
237575,438776
747145,438795
955793,438814
326740,438833
314657,438851
253316,438879
733484,438898
438920,438949
238492,438965
234868,438983
234868,439007
661469,439024
661469,439048
372936,439069
864662,439082
246306,439105
246352,439122
231414,439146
256714,439167
245629,439180
231414,439200
231414,439228
231414,439244
315061,439263
232381,439285
335395,439302
335395,439325
230475,439341
230549,439360
407921,439387
232254,439409
230294,439421
230294,439445
324677,439466
324677,439484
232750,439506
232750,439523
345749,439547
248913,439568
248868,439581
248913,439608
248868,439620
301643,439649
912993,439696
912993,439715
962207,439762
962207,439789
912940,439838
912940,439855
912940,439872
912940,439893
248868,439919
248913,439935
248868,439957
231414,439974
696858,439990
281730,440013
378957,440032
379155,440050
440084,440107
281730,440124
232157,440148
248314,440169
696858,440182
247005,440202
952360,440256
440304,440327
440304,440343
440304,440362
440391,440410
440434,440452
440481,440508
440520,440549
248868,440565
248868,440583
248868,440605
440622,440646
248868,440667
248868,440701
248868,440729
440740,440764
248868,440786
248868,440803
248868,440826
248868,440842
248868,440861
248913,440900
248868,440928
227018,440944
226695,440963
226695,440985
226483,441008
226483,441020
232157,441049
255850,441065
255907,441083
317329,441106
238127,441123
238170,441147
233579,441168
226412,441181
226412,441201
367516,441229
368084,441240
865661,441264
325697,441286
231168,441303
282844,441326
441342,441361
269602,441388
264650,441405
230294,441422
237575,441446
247940,441467
237575,441480
237007,441507
301102,441524
226412,441548
317837,441569
234868,441582
231255,441609
233579,441621
696858,441645
303820,441666
226695,441684
226483,441700
238416,441728
242402,441744
233109,441763
233150,441785
269602,441802
265009,441825
265009,441841
285134,441860
265009,441887
315061,441904
232381,441927
229036,441943
274863,441962
274790,441989
869756,442001
265009,442029
1019218,442093
442142,442161
442212,442231
442283,442306
442334,442352
442381,442404
232381,442427
442458,442470
359151,442491
280026,442518
226624,442539
269602,442556
442573,442594
232381,442616
232381,442637
232381,442659
315061,442671
324715,442713
334246,442732
232381,442750
232381,442797
269602,442811
265009,442830
254234,442853
254281,442876
442895,442914
238492,442933
237575,442951
265009,442979
265009,442998
246135,443010
443034,443052
272760,443075
272815,443099
272815,443113
272760,443132
443166,443184
443236,443258
443236,443270
270278,443291
747145,443317
380368,443338
380368,443372
443408,443420
443454,443477
443454,443496
247005,443514
443533,443551
279220,443579
227266,443598
733484,443611
255850,443630
255907,443653
331215,443676
229036,443695
227896,443719
973523,443735
227266,443757
227266,443774
235441,443790
255171,443816
246212,443837
246174,443859
244775,443871
443892,443918
415767,443939
227266,443956
234092,443973
443994,444016
229036,444037
230389,444059
265009,444071
246135,444092
955738,444118
267188,444139
234627,444156
229036,444173
251198,444194
290837,444211
265009,444230
309486,444253
255995,444276
256041,444295
277920,444314
444367,444380
444367,444403
444435,444457
444435,444474
265009,444490
238416,444517
242402,444538
226695,444555
226483,444572
232381,444593
231480,444615
357992,444636
358043,444658
275409,444670
229439,444691
262631,444712
266226,444731
291149,444754
361976,444777
361924,444796
256714,444810
245629,444834
265009,444852
285134,444875
265009,444899
255850,444913
255907,444932
427711,444950
236687,444978
228704,444997
256714,445015
245629,445036
247290,445058
364047,445070
364047,445091
229036,445117
229036,445138
864662,445155
269602,445172
233816,445193
226551,445210
762083,445234
248868,445252
269602,445275
762083,445299
762083,445313
762083,445332
230389,445350
229439,445397
229487,445418
230294,445439
265009,445456
228082,445473
269897,445494
269897,445516
310991,445537
445559,445571
341343,445592
226695,445619
255907,445635
869756,445657
230294,445674
230294,445690
230294,445711
232254,445730
232254,445753
232254,445776
226412,445795
341343,445814
227896,445833
235441,445851
233454,445879
233408,445898
233454,445912
445931,445954
314730,445977
262631,445996
341343,446019
341343,446035
341343,446057
341343,446074
234868,446090
234868,446116
661469,446137
661469,446159
234868,446171
234868,446192
661469,446214
661469,446233
234868,446251
661469,446279
446308,446320
446354,446377
325915,446396
341343,446417
341343,446438
262631,446455
353110,446472
446493,446515
230294,446536
232254,446558
230294,446570
227968,446591
230294,446618
407921,446639
407921,446656
407921,446673
446723,446747
747145,446768
255673,446781
263865,446809
263910,446821
263968,446845
264012,446866
446897,446911
446995,447011
447076,447095
447122,447146
251198,447200
230764,447228
230294,447244
247344,447263
226551,447285
230963,447302
238127,447325
238170,447341
299547,447360
226695,447387
226483,447409
229129,447421
229164,447445
229206,447466
226551,447484
230916,447506
270733,447523
266226,447547
238492,447568
229247,447581
228082,447608
234868,447620
661469,447649
246306,447665
864662,447683
747145,447704
747145,447727
747145,447743
747145,447762
228450,447789
747145,447801
747145,447829
228082,447840
228082,447864
747145,447886
747145,447903
226695,447926
226483,447942
227104,447961
227143,447988
227191,448002
226624,448025
226624,448041
230389,448060
237007,448087
266371,448104
275292,448127
865661,448143
231168,448162
234517,448189
233816,448209
247290,448221
269602,448245
448278,448297
448324,448348
255625,448369
255625,448382
255673,448400
259013,448428
912993,448444
912940,448463
407921,448485
300748,448503
260977,448526
391943,448542
239566,448561
957869,448638
231936,448655
226695,448672
448705,448722
448705,448746
255440,448767
255440,448780
320171,448808
448831,448854
448831,448877
448896,448910
320214,448934
320214,448952
320214,448975
448999,449014
304134,449033
449051,449079
449098,449112
448999,449131
449154,449177
269602,449196
269602,449219
269602,449235
269602,449257
269602,449274
269602,449290
269602,449316
269602,449359
269602,449371
269602,449392
865661,449411
236687,449430
229036,449453
229036,449476
247005,449495
234517,449513
293012,449532
247290,449550
250255,449578
449597,449610
301102,449634
301102,449652
301102,449675
301102,449699
301102,449718
301102,449739
301102,449756
301102,449773
449858,449870
230294,449891
232254,449917
230294,449938
301102,449955
450005,450022
230294,450046
230826,450067
230294,450080
229036,450108
297916,450120
450154,450177
301102,450196
301102,450219
301102,450235
301102,450257
301102,450274
230294,450290
232254,450316
230764,450337
230764,450359
230294,450371
230294,450392
230294,450411
230294,450430
232254,450453
230294,450476
230294,450495
238416,450513
242402,450532
262704,450550
227968,450578
248913,450597
248868,450610
262704,450634
226695,450652
226483,450675
226695,450699
233109,450718
233150,450739
391943,450756
260397,450773
231168,450794
236768,450815
747145,450836
230294,450858
232254,450870
231936,450891
303820,450917
234868,450938
234868,450955
661469,450972
661469,450993
229247,451013
227896,451032
292171,451050
230294,451078
906160,451097
278928,451111
275292,451130
865661,451153
229036,451176
230294,451195
747145,451218
226624,451239
451256,451273
451256,451294
451315,451336
228450,451358
272815,451370
255850,451391
246174,451410
246212,451434
354574,451452
865661,451475
280026,451499
255907,451512
226483,451531
255907,451554
234517,451577
250684,451596
747145,451614
265679,451633
228450,451651
451679,451698
226624,451717
226695,451738
226483,451755
247005,451772
257132,451793
264083,451819
425942,451835
451861,451888
274863,451900
451959,451971
235441,451992
235441,452018
226695,452039
226483,452056
865661,452115
747145,452136
227896,452158
452170,452191
341343,452213
232254,452232
864662,452250
452278,452297
249728,452311
205902,452353
339303,452376
339357,452395
339405,452416
339405,452437
339405,452459
226761,452471
226859,452492
747145,452519
747145,452535
864662,452557
247290,452574
452590,452617
248868,452638
308386,452655
375112,452672
375112,452693
375112,452714
375112,452733
260397,452751
747145,452779
227444,452798
227444,452812
253316,452831
228082,452854
234555,452877
324677,452896
324677,452910
324677,452934
324677,452952
232750,452975
327474,452999
327529,453011
864662,453030
267946,453053
246895,453076
453122,453146
453179,453198
226624,453216
227018,453237
275292,453259
226624,453271
226624,453292
265679,453318
245629,453339
359216,453356
427397,453373
232157,453394
262704,453413
226624,453432
274863,453450
274863,453478
234868,453497
661469,453510
246895,453534
246895,453552
453575,453599
453620,453649
453696,453715
231168,453736
246135,453758
300748,453770
235441,453791
235441,453817
864662,453838
747145,453855
747145,453872
250576,453893
747145,453919
747145,453935
747145,453957
228450,453974
246306,453990
246352,454017
266226,454038
230389,454055
230389,454072
230389,454093
246135,454119
341755,454135
246306,454157
246352,454174
253652,454190
246306,454212
246352,454231
246306,454254
246352,454277
454323,454347
454375,454399
454323,454415
246306,454436
246306,454458
246352,454470
246352,454491
246306,454518
246352,454539
246306,454556
253964,454573
246352,454594
341755,454616
331166,454637
331215,454659
341888,454671
235441,454692
235441,454713
246135,454732
255171,454750
226624,454778
276049,454797
277140,454811
234868,454830
661469,454853
246135,454876
454922,454946
454979,454998
455016,455037
455085,455102
955646,455125
226624,455141
244673,455160
864662,455187
865661,455207
1031871,455224
246306,455248
246352,455269
226624,455282
226624,455305
226624,455322
229528,455346
226624,455367
226624,455380
226624,455403
226624,455426
226624,455442
226624,455461
229528,455488
226624,455501
226624,455529
226624,455540
226624,455564
226624,455586
226624,455604
226624,455627
226624,455643
226624,455662
226624,455689
455708,455720
229528,455749
229528,455765
244673,455783
244673,455806
265679,455823
265679,455847
229690,455868
265679,455881
226624,455909
226624,455921
226624,455945
226624,455966
226624,455984
229528,456004
226624,456027
226624,456043
226624,456062
226624,456089
226624,456101
226624,456129
226624,456140
226624,456164
226624,456186
226624,456206
226624,456223
226624,456247
226624,456268
226624,456281
226624,456309
226624,456321
229528,456345
229528,456366
226624,456384
317837,456402
244673,456425
226624,456441
244673,456460
229690,456487
226624,456500
226624,456528
226624,456544
226624,456563
265679,456585
229528,456603
456626,456642
226624,456661
413202,456688
236687,456707
268412,456724
443533,456748
303883,456769
303883,456782
456805,456822
235441,456846
413835,456867
456898,456912
235441,456931
303883,456954
303883,456977
457008,457020
457049,457065
395867,457083
303883,457106
395931,457123
457147,457168
395867,457181
303883,457201
395867,457229
255907,457240
253652,457264
253652,457286
255850,457303
747145,457326
236128,457342
238492,457361
245883,457388
259294,457405
256854,457422
259294,457446
259294,457467
259294,457480
259294,457507
256854,457524
435220,457548
435188,457569
435188,457582
259294,457609
259294,457621
259294,457645
259294,457666
259294,457684
259294,457700
259294,457728
259294,457744
435220,457763
256854,457785
256854,457802
256854,457825
256854,457841
256854,457860
256854,457887
256854,457904
256854,457927
256854,457943
256854,457962
256854,457989
259294,458003
256854,458026
236171,458042
373128,458061
297857,458088
226859,458100
226761,458128
458144,458163
302568,458185
255026,458205
302654,458222
302568,458246
302654,458267
280504,458280
302704,458308
255026,458320
458349,458365
236128,458383
253219,458401
230294,458429
232254,458440
304134,458464
869756,458486
235441,458504
458527,458543
400589,458562
227018,458589
324677,458602
234868,458625
661469,458641
747145,458660
226695,458687
226483,458706
262631,458723
226624,458747
341124,458768
444367,458781
444435,458809
302704,458821
302568,458845
458866,458884
255026,458907
302654,458924
250684,458948
272760,458969
272815,458982
227896,459006
227896,459023
227896,459047
961534,459068
961534,459081
240244,459109
459132,459150
459132,459178
265679,459197
375112,459215
250684,459236
864662,459258
273282,459270
273230,459291
273351,459317
250684,459338
250684,459355
229439,459372
229487,459393
246306,459412
253652,459431
397122,459454
250684,459477
255026,459496
302654,459514
229036,459533
233816,459551
233816,459579
201590,459598
250684,459611
444367,459630
444435,459653
444367,459676
444435,459695
865661,459719
375316,459735
227018,459757
272316,459788
229782,459800
229833,459828
234517,459844
270588,459863
324677,459885
397727,459902
234517,459925
359151,459941
234868,459960
234868,459987
661469,460001
661469,460029
973523,460040
269074,460064
279296,460086
279296,460103
367516,460126
368084,460142
255171,460161
246306,460188
246352,460208
273063,460220
273063,460249
367516,460265
378957,460283
368084,460306
321252,460347
229833,460368
256714,460381
325915,460404
351235,460427
351300,460443
460491,460518
460541,460560
460594,460616
460644,460663
460685,460709
460732,460750
234627,460778
226695,460811
226483,460830
226483,460853
747145,460876
246135,460895
248314,460914
230294,460933
230294,460951
232254,460979
230764,460998
230764,461018
230764,461039
230764,461056
230764,461073
230764,461094
226624,461115
973523,461136
226412,461158
304700,461170
461221,461245
238588,461266
248314,461284
248868,461307
248913,461324
330302,461348
864662,461369
249728,461382
249728,461400
864662,461428
461471,461492
461526,461542
864662,461561
864662,461588
461601,461629
461640,461664
864662,461686
461733,461751
864662,461779
423059,461798
864662,461812
864662,461831
864662,461854
864662,461877
864662,461896
864662,461910
864662,461934
864662,461952
461975,461999
864662,462013
864662,462032
461975,462050
864662,462078
462097,462111
423059,462130
864662,462153
864662,462176
864662,462195
864662,462218
864662,462239
864662,462256
316376,462273
246709,462294
246750,462315
462336,462358
462391,462410
864662,462452
864662,462475
864662,462499
864662,462512
864662,462531
266509,462554
324677,462577
864662,462596
229528,462614
277544,462633
277544,462651
407615,462679
277544,462698
277920,462717
236171,462738
327367,462755
291261,462772
229528,462793
462819,462835
229247,462857
250684,462874
325915,462890
270485,462916
341124,462937
250684,462959
341124,462971
250684,462992
327125,463015
463036,463058
341124,463070
463129,463140
463172,463193
463223,463247
230764,463268
230294,463281
229036,463309
406176,463321
406176,463345
325405,463366
250684,463384
257892,463402
250684,463425
227896,463441
463494,463516
463494,463537
463563,463585
463563,463603
463635,463657
463635,463674
375316,463690
375316,463711
230294,463730
230294,463753
232254,463776
864662,463795
230294,463814
230294,463833
463851,463879
230294,463898
232254,463912
320723,463931
293818,463954
293860,463977
291300,463996
229247,464014
464033,464051
464079,464098
449858,464112
325357,464131
406176,464154
238923,464177
244734,464196
244775,464219
238975,464235
244734,464257
291300,464274
229036,464290
229247,464316
229036,464337
230294,464359
230294,464371
232254,464392
229247,464411
229247,464430
244734,464453
244775,464476
238923,464495
244734,464513
238975,464532
244775,464550
294617,464578
464597,464610
244734,464634
244775,464652
238923,464675
238975,464699
294617,464718
244734,464739
244775,464756
229036,464773
229036,464794
464843,464862
449858,464901
247940,464929
247993,464940
464993,465010
690931,465034
230294,465052
865661,465075
690931,465099
406176,465113
465150,465178
325697,465197
465227,465243
465270,465291
864662,465317
251198,465338
247344,465355
269251,465372
246135,465393
303601,465412
864662,465431
229036,465454
245629,465477
662019,465496
244734,465514
244734,465533
244775,465551
244775,465579
226761,465611
227018,465630
238056,465653
227018,465676
282844,465695
275292,465719
747145,465735
247344,465757
465774,465790
465816,465837
465859,465871
465816,465892
955646,465918
303104,465939
268648,465956
304134,465973
955793,465994
247521,466011
747145,466030
466053,466076
466053,466095
378076,466114
747145,466133
228450,466151
747145,466179
269251,466198
351235,466216
466237,466259
466237,466271
264083,466292
425942,466318
269163,466339
234092,466356
235091,466373
226695,466394
226483,466413
226695,466432
226695,466450
466478,466497
229247,466534
238170,466552
359413,466575
236171,466599
236128,466612
274863,466631
274790,466654
256714,466677
245629,466696
229782,466715
229833,466736
661469,466758
234868,466770
262704,466791
665869,466855
665869,466872
665869,466893
266371,466919
275292,466957
283616,466974
245629,466990
227444,467019
293012,467035
293012,467057
467088,467100
467159,467171
467205,467222
467251,467279
467205,467298
467251,467312
747145,467331
865661,467354
246135,467396
467417,467438
238284,467455
341124,467472
247005,467493
228450,467515
747145,467536
242234,467558
240466,467570
226695,467591
226483,467618
227444,467639
733484,467656
227444,467673
227444,467694
747145,467710
248868,467734
248913,467775
230389,467799
239773,467813
432781,467832
433374,467850
467884,467907
247005,467924
238284,467948
696858,467969
237575,467982
864662,468008
238492,468020
468049,468065
269602,468083
230389,468106
865661,468123
234517,468147
232254,468168
238416,468181
242402,468201
455085,468229
400589,468240
226483,468264
270733,468286
234092,468303
297857,468326
236171,468342
238492,468361
238492,468388
304012,468405
238492,468422
236171,468446
236128,468467
236171,468480
234092,468507
235091,468524
304012,468548
256714,468569
245629,468582
234092,468609
256714,468621
245629,468645
468666,468684
375316,468700
269602,468728
245629,468744
239371,468763
279462,468785
279462,468802
304012,468825
266371,468841
275292,468860
227266,468887
227266,468904
973523,468927
239453,468943
251198,468962
747145,468989
297857,469000
369882,469028
229247,469044
865661,469063
230475,469085
230549,469102
238416,469125
242619,469141
239773,469160
226624,469187
246135,469207
469230,469253
469230,469276
469230,469295
469314,469333
306917,469351
297646,469379
227968,469398
279462,469419
269074,469435
352377,469457
341084,469474
259013,469490
245353,469517
245400,469538
242402,469555
255850,469572
255907,469593
267283,469615
236687,469636
321642,469658
469670,469691
259013,469712
384702,469731
266226,469754
469783,469806
250613,469823
341124,469847
270733,469868
266226,469881
270733,469909
270733,469921
469950,469978
341124,469997
470043,470062
470043,470089
234092,470101
256041,470129
320641,470140
270733,470223
266226,470247
226483,470268
696858,470281
470332,470350
470332,470378
470402,470425
270733,470441
266226,470460
265009,470487
246306,470500
246352,470528
245444,470544
246306,470563
246352,470585
250684,470603
321252,470626
255995,470642
208374,470661
690931,470688
368452,470707
690931,470769
690931,470782
234868,470805
661469,470822
261823,470846
265009,470867
262631,470880
470912,470931
470954,470977
256087,470996
256127,471016
317837,471037
283616,471059
229247,471071
230389,471092
246306,471118
747145,471139
228450,471156
246174,471173
262631,471194
247290,471211
247290,471230
227896,471253
471282,471305
247290,471322
247290,471346
313794,471367
247290,471380
247290,471403
237575,471426
247290,471442
247290,471461
247290,471488
312777,471501
226412,471529
240244,471540
961534,471564
274863,471586
274863,471604
315440,471627
270733,471643
236687,471662
259013,471689
471731,471754
226551,471777
227353,471796
269602,471810
433238,471834
269602,471852
269602,471875
265009,471899
955738,471913
226624,471932
696858,471950
472007,472024
472053,472076
324677,472095
232750,472114
327474,472133
237575,472151
300846,472179
266371,472198
275292,472216
229247,472237
267600,472259
227266,472271
239773,472292
259406,472318
229439,472339
245629,472356
231168,472373
242402,472394
226412,472413
317837,472432
317837,472450
238416,472478
238416,472497
242402,472510
242402,472534
242544,472552
226551,472575
230916,472599
255850,472612
255907,472631
237575,472654
256854,472677
472727,472743
472770,472791
472829,472840
472872,472893
472988,473002
473087,473104
473191,473213
473324,473348
226412,473369
226412,473382
226412,473400
226412,473428
234868,473444
661469,473463
229439,473485
256714,473503
245629,473526
747145,473542
226412,473561
226551,473588
230916,473601
230963,473629
233816,473640
973523,473664
232381,473686
229129,473705
229164,473722
229206,473746
262704,473767
226483,473780
227104,473808
227143,473820
227191,473849
226483,473865
869756,473883
274243,473906
274243,473923
330394,473947
377638,473968
259842,473981
247290,474008
247290,474020
247290,474049
324677,474065
232750,474083
226412,474106
388943,474123
388943,474147
865661,474168
226551,474181
226551,474201
226551,474229
230916,474240
226551,474264
293096,474286
226551,474303
226551,474326
226551,474342
230916,474361
230916,474388
230963,474405
230963,474422
322052,474446
226551,474467
226551,474480
226551,474507
230916,474524
226551,474548
226551,474569
230963,474582
230916,474609
255625,474621
255673,474645
226551,474666
239773,474684
426008,474700
259406,474728
251198,474744
267946,474763
246135,474785
303601,474802
309486,474825
255995,474841
256041,474860
259294,474887
427397,474904
291300,474927
259717,474943
274178,474962
352205,474989
259717,475009
298814,475021
352205,475045
259294,475066
259294,475084
259294,475107
259294,475124
259294,475148
259294,475169
259294,475182
259294,475202
259294,475225
259294,475241
259294,475260
259294,475287
435220,475304
435220,475327
475343,475362
256854,475389
256854,475406
256854,475423
256854,475447
256854,475468
256854,475481
256854,475508
256854,475520
256854,475549
256854,475565
475596,475614
256854,475633
256854,475651
259717,475679
259717,475698
259717,475717
259717,475738
259717,475755
298814,475772
298814,475793
298814,475819
274178,475835
274178,475857
274178,475874
475890,475916
259717,475937
427164,475959
427164,475971
427164,475992
427164,476014
427164,476033
427397,476051
427397,476079
427397,476098
263733,476112
352205,476154
352205,476177
352205,476196
352205,476219
476235,476257
257034,476274
257034,476290
257034,476316
476337,476359
257034,476371
257034,476392
476430,476453
256854,476532
256854,476550
747145,476578
263733,476597
330394,476610
226551,476634
230916,476652
230963,476675
226551,476699
230916,476718
230963,476739
696858,476756
303820,476773
864662,476794
423059,476815
476836,476858
476870,476891
266509,476938
321252,476955
259013,476972
321252,476993
266509,477017
255171,477038
301806,477055
301852,477072
321252,477093
246135,477119
231168,477135
247290,477157
359356,477174
359413,477190
747145,477212
321252,477231
747145,477254
228450,477277
255995,477296
256041,477310
321252,477334
226412,477352
345749,477375
239773,477399
295853,477415
333667,477436
322178,477458
388613,477470
229036,477491
226483,477518
236687,477539
259013,477556
269602,477573
747145,477594
747145,477616
477637,477659
226695,477671
255995,477692
256041,477713
230294,477732
236687,477750
236687,477778
236687,477797
259013,477811
259013,477830
236687,477853
269074,477876
246135,477895
324409,477914
259013,477933
236687,477951
259013,477979
303601,477998
267188,478010
256664,478034
256714,478052
245629,478075
273282,478099
273230,478113
273351,478132
255850,478150
255907,478178
256714,478197
245629,478215
233109,478236
233109,478258
233150,478270
233150,478291
233204,478317
233204,478338
233204,478355
233204,478372
233109,478393
233109,478412
233150,478431
233150,478454
478477,478496
478522,478546
478567,478580
235091,478607
395867,478624
478648,478669
227444,478682
324677,478703
227444,478726
733484,478742
747145,478761
228450,478788
274863,478800
274790,478828
230389,478885
247005,478902
478939,478956
478939,478973
230389,478994
230389,479019
973523,479035
233109,479057
233150,479074
233204,479090
333772,479116
255061,479137
266371,479159
275292,479171
200659,479222
227266,479246
226761,479267
269850,479280
269850,479308
747145,479320
246135,479349
246135,479365
246135,479383
246135,479401
226695,479429
226483,479440
226761,479464
230389,479486
479504,479527
230389,479543
234517,479562
234517,479589
234517,479602
733484,479625
234517,479641
236768,479660
234092,479687
256041,479706
237575,479723
479747,479768
238416,479781
242402,479809
242544,479821
395867,479845
234092,479866
250319,479884
250152,479907
234517,479924
865661,479948
234517,479969
234517,479982
865661,480000
865661,480028
231168,480044
227353,480063
247290,480085
269383,480102
274863,480125
274790,480141
246709,480160
246750,480187
480211,480230
265009,480253
227353,480276
480322,480346
480379,480398
480426,480442
480474,480490
265009,480517
265009,480538
229439,480555
389689,480572
352377,480593
227266,480615
865661,480636
865661,480662
227353,480689
231168,480708
236768,480720
227353,480749
231168,480765
227400,480783
236768,480806
269074,480823
246135,480847
231168,480868
256087,480881
256127,480909
256087,480921
256127,480945
234868,480966
661469,480984
280641,481001
260748,481029
372286,481040
230294,481064
481086,481103
481126,481142
448278,481188
448324,481208
448324,481220
255625,481249
255625,481265
255673,481283
255673,481306
865661,481347
747145,481368
865661,481381
865661,481404
234517,481427
234517,481443
865661,481462
301806,481489
301852,481502
226551,481525
230916,481541
230963,481560
230389,481587
265009,481600
247005,481628
264083,481644
426008,481663
264083,481685
275292,481709
236687,481721
481750,481778
246174,481797
481811,481830
253316,481853
269602,481876
249582,481895
249632,481914
249632,481933
249684,481951
249684,481979
256714,481998
245629,482012
865661,482031
256284,482054
256284,482077
256284,482096
482110,482134
482168,482181
865661,482201
283616,482229
249632,482240
249684,482264
226551,482286
226551,482303
230916,482326
230963,482342
380600,482361
482388,482405
482388,482422
482446,482467
482446,482480
233109,482507
233150,482524
233204,482548
230294,482569
230826,482582
226551,482609
482621,482645
249632,482697
482744,482763
234517,482785
309486,482802
255995,482825
256041,482841
482860,482887
955646,482904
254234,482927
254281,482943
257132,482962
230294,482989
246709,483003
246709,483026
246807,483042
483061,483088
279296,483100
238588,483128
234517,483144
234517,483163
226551,483185
293096,483205
226551,483222
226551,483246
226551,483267
226551,483280
230916,483308
230916,483320
230963,483349
230963,483365
230963,483383
661469,483401
269074,483429
238588,483440
234092,483464
234426,483486
234092,483504
235091,483527
234092,483543
235091,483562
234092,483589
234092,483602
234092,483625
234092,483641
234092,483660
235091,483687
235091,483706
229439,483723
865661,483747
398115,483768
398115,483781
398162,483809
398162,483821
483845,483866
483884,483907
234092,483924
865661,483948
865661,483969
865661,483982
865661,484009
234426,484021
865661,484045
865661,484066
865661,484084
865661,484107
234092,484124
865661,484148
865661,484169
865661,484182
865661,484202
865661,484225
239773,484241
865661,484260
865661,484287
865661,484304
865661,484327
865661,484343
484391,484410
865661,484475
234426,484499
234426,484512
865661,484531
234517,484554
865661,484577
226551,484596
226551,484614
484667,484680
484717,484738
484793,484819
484842,484861
484890,484916
867478,484937
209881,485005
1002855,485079
485098,485112
208096,485131
824027,485203
485371,485392
485407,485411
485482,485509
872656,485550
874189,485578
874209,485606
874209,485623
485634,485652
874209,485668
874209,485681
874209,485702
874209,485725
874209,485741
874209,485760
485773,485794
874189,485804
874209,485815
872656,485836
485773,485843
874209,485862
485773,485889
874189,485901
874209,485929
874209,485940
872656,485964
485972,485986
874209,485993
872656,486010
485972,486023
874209,486034
874209,486052
872656,486075
874189,486081
874209,486109
874209,486121
872656,486145
874209,486150
874209,486178
874209,486197
874209,486215
874104,486243
874209,486258
874209,486270
874209,486291
872656,486317
874189,486329
874209,486340
874189,486364
874209,486386
874209,486408
874209,486420
874209,486449
874209,486465
874209,486483
872656,486505
874209,486514
872656,486533
874189,486546
874209,486567
874209,486580
874209,486607
874209,486624
872656,486648
872656,486669
874189,486676
874189,486682
874189,486703
874209,486726
874209,486742
874209,486761
874209,486788
874209,486800
874189,486828
874104,486844
874209,486859
874209,486871
872656,486892
485773,486902
874189,486918
872656,486939
874189,486941
874209,486956
874209,486973
874209,486994
872656,487018
872656,487039
485773,487041
485773,487056
485634,487060
485634,487073
874209,487087
874209,487094
487143,487162
487189,487209
487213,487221
487250,487278
487400,487348
487400,487369
487400,487382
487400,487428
487400,487444
487459,487463
487471,487485
487400,487503
487400,487526
487459,487542
487471,487561
487601,487629
487672,487693
487705,487722
487672,487746
487812,487831
487849,487854
487865,487877
487883,487896
487906,487923
487934,487947
487865,487952
487883,487968
487849,487981
487849,488007
487865,488011
487865,488024
487934,488048
487865,488053
487865,488076
488082,488105
487865,488114
487865,488133
487865,488151
487883,488167
488179,488198
488179,488216
488302,488325
488339,488356
488360,488387
488413,488432
488450,488478
488484,488506
488523,488547
488552,488575
488581,488599
488450,488608
488552,488620
488450,488631
488360,488704
488715,488727
488360,488743
488715,488762
488360,488789
488360,488801
488715,488817
488715,488829
488926,488893
488926,488942
488926,488961
489027,489043
488974,489062
488974,489089
488974,489101
488926,489129
489138,489140
489155,489172
488926,489186
489210,489234
488926,489252
489268,489281
489268,489309
489268,489332
489027,489350
488926,489378
489138,489397
489268,489418
489268,489473
489268,489528
489155,489544
488926,489559
489138,489563
489571,489592
489268,489603
488926,489619
489138,489626
488974,489642
489268,489661
489155,489674
488926,489688
488974,489707
488974,489724
489155,489748
488926,489753
488974,489776
488974,489795
488974,489814
489268,489822
489268,489833
489846,489851
488926,489867
488926,489879
488926,489912
489027,489931
489027,489954
489965,489983
489268,490008
489155,490012
488926,490020
488974,490049
489268,490065
488926,490077
489138,490083
488926,490106
489138,490110
490123,490147
489268,490168
488926,490175
488974,490199
488926,490217
488926,490238
488926,490255
490264,490286
488926,490293
490303,490326
488926,490335
490361,490388
488926,490405
488926,490422
488974,490446
490451,490479
488974,490498
489313,490511
488926,490530
490548,490553
488926,490576
490582,490609
490684,490700
490792,490818
490887,490904
490915,490936
490989,491007
491053,491076
491082,491105
491133,491151
491167,491179
491198,491216
491082,491237
491053,491259
491053,491271
491053,491292
491318,491339
491082,491356
491053,491373
491053,491394
491053,491413
491445,491466
491445,491484
491497,491510
491497,491534
491599,491612
491654,491677
491727,491743
491762,491789
491817,491838
491762,491855
1008291,491926
491957,491974
492028,492044
492071,492092
492102,492125
492102,492141
492173,492194
492102,492211
492248,492269
492658,492346
492419,492367
492419,492435
492419,492457
492490,492517
492419,492538
492572,492593
492419,492615
492627,492643
492658,492662
492627,492689
492658,492691
492419,492712
492419,492731
492419,492754
492490,492777
492658,492796
492658,492810
492658,492834
492419,492852
492419,492875
492419,492899
492627,492913
492921,492932
492419,492950
492419,492978
492419,492997
492419,493014
492658,493033
493046,493067
492658,493079
492419,493098
492490,493112
492419,493131
493149,493165
492658,493177
492419,493196
493149,493219
492419,493235
492419,493257
493316,493337
493363,493385
493411,493430
493411,493453
493411,493476
493411,493495
493411,493513
493521,493545
493411,493566
493411,493584
493597,493610
493623,493647
493597,493652
493668,493675
493741,493760
493804,493827
493843,493862
493870,493889
493891,493917
493964,493986
494027,494043
494058,494062
494070,494091
494193,494210
494223,494234
494247,494252
494281,494309
494321,494345
494350,494378
494384,494402
494321,494425
494321,494441
494321,494460
494473,494494
494281,494516
494528,494544
494559,494571
494528,494626
494321,494642
494674,494690
494473,494711
494724,494730
494674,494753
494281,494776
494281,494795
494321,494814
494833,494851
494321,494879
494321,494898
494321,494912
494473,494931
494949,494954
494321,495003
494949,495026
494473,495042
495057,495061
494321,495088
494281,495100
494473,495128
495144,495163
495171,495192
494281,495214
494281,495233
494321,495251
494321,495279
495312,495331
495383,495401
495438,495455
495464,495486
495464,495504
495464,495527
495536,495558
495562,495570
495589,495602
495562,495618
495536,495639
495589,495641
495969,495694
495536,495710
495562,495723
1052821,495747
495464,495768
495775,495799
495813,495832
495813,495878
495464,495897
495907,495924
495969,495948
495969,495982
495464,496002
495907,496025
495464,496041
495438,496056
496073,496094
495969,496115
495438,496136
496158,496170
496189,496209
495464,496221
495438,496245
495562,496266
1052821,496278
495536,496297
495562,496307
495438,496324
495536,496348
495562,496369
1052821,496376
495562,496395
496400,496428
495536,496444
495464,496463
495562,496485
495562,496503
496519,496535
495589,496542
495562,496561
495907,496588
495464,496601
495438,496629
1052821,496638
495464,496655
495562,496672
495562,496693
495969,496714
495464,496733
495562,496751
495536,496779
495589,496780
495562,496798
495562,496812
1052821,496820
495536,496849
495589,496865
495562,496877
495464,496896
495464,496910
495438,496934
495464,496952
495536,496975
495562,496981
495536,497006
495562,497010
495464,497034
495907,497052
495562,497075
495536,497099
495562,497109
1052821,497113
497132,497150
495562,497178
495464,497197
270733,497227
495589,497243
495562,497258
495562,497270
1052821,497289
495562,497301
495464,497329
495562,497340
495907,497364
497372,497393
495562,497412
495969,497431
495907,497454
495562,497465
1052821,497477
495969,497496
495907,497514
495562,497522
495907,497546
495907,497567
495536,497579
495562,497580
497611,497630
497648,497653
497669,497682
497669,497703
497669,497774
497719,497790
497742,497800
497648,497816
497669,497837
497669,497859
497669,497871
497669,497892
497669,497918
497669,497939
497669,497956
497669,497973
497669,497994
497669,498017
497742,498038
497669,498055
498072,498093
497719,498119
497742,498126
497719,498142
497742,498157
497719,498174
498188,498190
497742,498208
497742,498220
497669,498249
497611,498265
498277,498283
498296,498306
498188,498310
497742,498323
497669,498347
497669,498368
497742,498381
497669,498404
497669,498427
497742,498443
497648,498458
497742,498470
497648,498489
497719,498502
498518,498525
497742,498539
497648,498541
497669,498560
497719,498587
497742,498594
497648,498600
498616,498637
497669,498659
497669,498671
497669,498692
498072,498713
497669,498732
497742,498750
497719,498778
497742,498784
497669,498807
498072,498824
497719,498882
497742,498905
498869,498922
498895,498933
498967,498980
498967,499009
498967,499021
499032,499050
499066,499084
499066,499107
499066,499124
498967,499169
498967,499182
499218,499239
499241,499256
499260,499287
499315,499336
499389,499406
499410,499434
499410,499452
499389,499475
499499,499512
499520,499531
499389,499554
998272,499583
499651,499605
499596,499614
499622,499646
499651,499667
499738,499755
499764,499772
499786,499803
499835,499857
499888,499900
499959,499971
500028,500044
500063,500085
500063,500102
500063,500125
500063,500141
500156,500173
500063,500194
500224,500248
500063,500269
500063,500305
500063,500322
748462,500346
500156,500367
500063,500380
500063,500403
500063,500426
500457,500474
500063,500490
500501,500529
500564,500586
500615,500636
500643,500662
500564,500670
500564,500691
500708,500720
500564,500731
500564,500754
500777,500796
500806,500823
500852,500875
500564,500899
500932,500950
500984,501001
501038,501055
500984,501072
500984,501093
500984,501119
501126,501142
500984,501157
501038,501174
501190,501212
501220,501249
500984,501265
500984,501283
500984,501306
501334,501352
501381,501404
501415,501436
501334,501443
501126,501462
500984,501470
500984,501491
501518,501539
501587,501600
501659,501671
501659,501692
501745,501766
501778,501784
501797,501811
501745,501824
501778,501830
501848,501853
501869,501882
501895,501905
501848,501914
501922,501933
501848,501951
501848,501979
501848,501998
501848,502012
501848,502031
501848,502054
502083,502106
502134,502152
502168,502175
502201,502229
502255,502272
502335,502357
502361,502374
502451,502479
727969,502548
727969,502569
727969,502582
727969,502609
502632,502650
727969,502678
727969,502697
502700,502728
727969,502737
727969,502759
727969,502771
1041793,502792
727969,502818
502700,502839
727969,502841
727969,502860
502632,502915
502632,502936
1041793,502958
727969,502970
502632,502991
727969,503019
727969,503035
502632,503057
727969,503074
503088,503100
502700,503128
727969,503137
727969,503159
727969,503171
727969,503192
503233,503251
503233,503279
503320,503349
503320,503365
503320,503383
503320,503438
503527,503543
503527,503562
503527,503589
503618,503639
503656,503673
503687,503694
503687,503710
503687,503734
503687,503752
503687,503775
503687,503799
503687,503813
503821,503832
503687,503850
503656,503878
503884,503897
503687,503907
503687,503924
503687,503948
503821,503953
503687,503976
503687,503995
503687,504013
504021,504045
503687,504066
504097,504111
503687,504130
503656,504153
503884,504169
503687,504176
504182,504202
503687,504218
503821,504225
504294,504315
504327,504336
504410,504434
504447,504452
504447,504475
504499,504512
504499,504531
504499,504554
504583,504605
504583,504622
504633,504651
504667,504680
504698,504701
504729,504740
504755,504764
504499,504786
504499,504803
504499,504826
504499,504842
504861,504888
504900,504928
504971,504992
504583,505033
505098,505112
505098,505131
505177,505196
505226,505242
505274,505290
505328,505344
505274,505363
505274,505385
505274,505407
505274,505424
505274,505448
505274,505469
505328,505482
505274,505509
505328,505521
505545,505566
505274,505584
505606,505623
505328,505647
505274,505668
505274,505681
505274,505702
505274,505725
505274,505741
505328,505760
505794,505815
505862,505889
505917,505938
505917,505955
505986,506006
506068,506081
506109,506121
506166,506184
506215,506236
506215,506258
506068,506270
506109,506291
506109,506317
506338,506355
506109,506372
506386,506408
506412,506420
506215,506431
506215,506454
506477,506496
506505,506514
506598,506611
506648,506669
506695,506719
506757,506774
506800,506828
506837,506844
506859,506871
506892,506918
506941,506960
506941,506987
506837,507002
506859,507025
506859,507041
506941,507060
506859,507087
506800,507094
507104,507115
506837,507127
507136,507158
506800,507170
507104,507189
506837,507191
506941,507213
506941,507232
506837,507250
507266,507284
506837,507297
507307,507324
506941,507348
507353,507369
506859,507382
507400,507428
506859,507444
506941,507463
506941,507485
506941,507503
506859,507526
506941,507542
506837,507561
506859,507588
506941,507601
506859,507629
506837,507640
506837,507664
506941,507686
506837,507705
506859,507722
507746,507767
506837,507780
506837,507808
506800,507820
506837,507831
506941,507854
506837,507877
506941,507896
507906,507910
506837,507934
506837,507952
506859,507975
506859,507999
506837,508011
506941,508030
506837,508053
506837,508076
506837,508095
506837,508114
507266,508133
506859,508146
508151,508167
508179,508180
508198,508200
506837,508216
508228,508237
506800,508259
506837,508263
506837,508285
506837,508302
508318,508339
506837,508356
506941,508373
507104,508394
506837,508409
506837,508421
506837,508445
506837,508466
506941,508484
506837,508506
507906,508523
508534,508547
508552,508568
506837,508581
508599,508612
508318,508620
508631,508649
506837,508665
508683,508704
507307,508727
506941,508736
508743,508758
507353,508762
506941,508789
506837,508801
508228,508817
508151,508838
506837,508840
506941,508864
508872,508886
508893,508903
507353,508919
506859,508935
506859,508957
506941,508974
506837,508990
507266,509015
506837,509027
506941,509043
506859,509062
507266,509089
508151,509091
506837,509101
506837,509129
506941,509140
506941,509164
507906,509172
507353,509186
509193,509206
506837,509223
507266,509247
506837,509252
506941,509275
507353,509281
509193,509299
509321,509345
506941,509366
506859,509384
506941,509402
506837,509425
507266,509441
506859,509456
508151,509460
508179,509473
508198,509487
506837,509494
508228,509500
506859,509528
506837,509544
506941,509563
508151,509585
506837,509592
506941,509619
506941,509635
506837,509657
506941,509674
506859,509690
509724,509748
509782,509805
509867,509880
509867,509908
509867,509920
509867,509949
509867,509965
509867,509983
510021,510045
510111,510130
510195,510218
510241,510260
510304,510327
510304,510343
510370,510391
510423,510447
510475,510499
510549,510565
510577,510596
510605,510614
510549,510633
510549,510651
510549,510679
510549,510698
880183,510729
510605,510738
510605,510755
510605,510772
880183,510793
510605,510803
510605,510826
510605,510842
880183,510861
510549,510888
510890,510916
510605,510928
510549,510944
510605,510963
510992,511008
510605,511012
510549,511031
510549,511054
510605,511077
510549,511096
510549,511110
510605,511134
510605,511152
510549,511175
510549,511199
510605,511217
510577,511238
511240,511255
510605,511264
510605,511286
510549,511303
511240,511326
511240,511342
510605,511357
510577,511374
880183,511390
511405,511414
510605,511422
511433,511446
510549,511467
510605,511480
511433,511498
511524,511548
497669,511595
511524,511613
511645,511666
511678,511684
511697,511716
511678,511737
511678,511759
511763,511771
511697,511792
511697,511818
511856,511873
511887,511904
511887,511927
756747,511958
511962,511970
511887,511989
511856,512001
756747,512029
511887,512038
853602,512055
511856,512072
511856,512093
512119,512135
512119,512157
511856,512174
512188,512208
511887,512220
756747,512249
511887,512254
511433,512323
512352,512375
512352,512399
512352,512415
512352,512436
512352,512458
512470,512491
512525,512541
512556,512573
512587,512600
512637,512659
512663,512685
512692,512713
512721,512745
512352,512766
512556,512784
512797,512811
512525,512830
512352,512853
512869,512882
512352,512905
512352,512922
512352,512946
512352,512967
512979,512998
512797,513010
512525,513034
513068,513081
512352,513109
512587,513121
512721,513145
512525,513166
513178,513197
513204,513215
513236,513258
512352,513270
512979,513291
512352,513317
513329,513340
512525,513364
512525,513386
512692,513408
513454,513477
513761,513514
513454,513533
513546,513567
513546,513580
513454,513607
513454,513624
513454,513648
513546,513669
513454,513682
513454,513703
513719,513735
513719,513757
513761,513774
513761,513788
513454,513800
513454,513828
513454,513844
513454,513863
513546,513918
513546,513939
513454,513956
513454,513973
513454,513994
513454,514016
513454,514037
514102,514125
514187,514207
514230,514253
514269,514276
514295,514314
514367,514380
514398,514403
514461,514488
514490,514501
514555,514572
514586,514593
514604,514615
514627,514643
514662,514689
514627,514708
514627,514720
514555,514749
514604,514754
514765,514783
514627,514806
514810,514834
514868,514881
514913,514932
514984,515004
515036,515058
515101,515129
515138,515140
962517,515210
515247,515268
515309,515321
515350,515378
515425,515441
515487,515500
515487,515528
515559,515571
515626,515642
515690,515711
515724,515748
515753,515769
515795,515814
515822,515846
515908,515920
515977,515996
516003,516026
516035,516042
516061,516088
516090,516100
516090,516128
516090,516144
516090,516163
516090,516185
516090,516205
516214,516233
516090,516251
516090,516267
516279,516298
516279,516312
516279,516331
516377,516396
516377,516417
516440,516464
516472,516486
516493,516504
516527,516543
516558,516562
516570,516589
516602,516625
516656,516673
516687,516694
516706,516710
516747,516768
516570,516781
516570,516809
516527,516821
516570,516832
516377,516850
516866,516884
516897,516907
516948,516969
516982,517007
517053,517076
517146,517167
517237,517259
517285,517302
517318,517339
517318,517356
517285,517373
517394,517413
517421,517432
517445,517466
517497,517510
517523,517547
517552,517575
517497,517599
517649,517665
517649,517683
517649,517704
517649,517727
517649,517743
517649,517762
517649,517789
517649,517801
517649,517829
517649,517840
517649,517864
517649,517886
517649,517903
517919,517935
517942,517961
517974,517988
517990,518002
517649,518025
517649,518041
518094,518115
518170,518191
518221,518245
518250,518266
518311,518330
518348,518369
518376,518382
518428,518444
518463,518485
671974,518503
1052747,518526
789417,518574
789417,518590
518557,518617
518629,518640
518672,518693
518672,518714
671974,518733
643174,518767
671974,518779
518808,518820
927257,518849
518854,518865
518877,518883
518906,518923
518952,518975
518981,518999
519005,519014
519022,519033
519051,519079
518808,519098
518906,519112
518808,519131
518952,519154
519165,519183
519203,519226
518808,519242
518952,519261
519316,519337
519385,519407
519453,519476
519521,519545
561313,519610
519668,519681
519739,519756
519804,519827
294297,519843
294245,519862
519938,519955
520004,520027
520070,520091
520129,520140
520172,520193
520210,520234
520268,520281
520332,520350
520402,520425
520456,520473
849295,520544
571798,520592
520626,520642
520724,520748
842512,520814
529924,520833
520880,520908
767906,520954
521000,521028
528579,521092
698204,521156
1101639,521224
963131,521295
521305,521314
521322,521333
521346,521351
521367,521379
865707,521426
521457,521474
521488,521490
521501,521517
521564,521586
521636,521658
765242,521708
521881,521909
521881,521921
521978,521997
526411,522011
522048,522069
522076,522082
522151,522179
522228,522244
713802,522292
522271,522318
522339,522356
522387,522409
522432,522450
522484,522506
522552,522575
522581,522608
522631,522654
522696,522715
522696,522736
522696,522758
522801,522829
522855,522872
522926,522942
522990,523018
522990,523039
523073,523094
523143,523162
523191,523213
523250,523278
523311,523330
523400,523428
523471,523492
523542,523561
523590,523617
529308,523812
523854,523877
523854,523896
523947,523968
523999,524012
524049,524065
524049,524083
524152,524175
524201,524229
524240,524264
665161,524286
524303,524326
524342,524361
524405,524422
524446,524467
524511,524530
524569,524582
857751,524650
522990,524678
524728,524744
524342,524763
524792,524818
524841,524860
524936,524958
524989,525009
525050,525078
525107,525124
525130,525148
525107,525169
525130,525176
525218,525239
525256,525273
525327,525343
525391,525410
524728,525434
524728,525452
522990,525475
523073,525499
525531,525554
523191,525577
525622,525646
780397,525698
524201,525717
822984,525764
522048,525786
522076,525793
525819,525835
525888,525900
525916,525928
525937,525944
522151,525963
522228,525985
524446,526005
526046,526067
526080,526108
526112,526120
524728,526149
525819,526165
523143,526183
750835,526226
848860,526274
526328,526344
521978,526363
526371,526385
526482,526509
526513,526521
1025650,526566
526578,526584
526634,526652
526681,526702
526756,526773
524342,526794
525531,526815
524201,526836
526889,526901
526938,526955
526986,527001
527017,527038
747682,527086
781538,527135
848860,527174
522631,527190
522696,527212
747630,527265
747682,527283
757599,527334
527368,527381
857751,527404
857751,527427
747630,527443
747682,527462
781538,527489
527491,527518
522151,527539
522339,527573
527594,527616
522339,527637
527692,527713
1025650,527732
522631,527750
526986,527778
522696,527797
527824,527848
527853,527869
527876,527882
527914,527933
525819,527951
525819,527979
525819,527998
528006,528023
528034,528052
857751,528068
528099,528113
528145,528166
911331,528227
528258,528270
528289,528291
528317,528338
528340,528355
528372,528393
528412,528431
528449,528454
528477,528496
528505,528514
817059,528598
817102,528624
817194,528676
817173,528719
528695,528735
528695,528757
523947,528790
528816,528837
528816,528859
528918,528939
528941,528960
528973,528987
529019,529035
529042,529057
529019,529074
529042,529088
529116,529137
529144,529159
528258,529171
528289,529185
817071,529205
817063,529214
528340,529298
529308,529312
528372,529331
529349,529365
525819,529377
817156,529396
817141,529401
528317,529429
529349,529438
528340,529440
665161,529493
524303,529515
529536,529558
524342,529570
529625,529641
529673,529694
529673,529710
529734,529752
529673,529775
911331,529799
911331,529813
911331,529832
522151,529850
522151,529878
529924,529948
529953,529969
529995,530012
527594,530031
530054,530077
912235,530096
530106,530110
912235,530147
530168,530181
530199,530217
522339,530238
530264,530286
530293,530303
530361,530388
522631,530405
522631,530451
848860,530479
848860,530498
522631,530553
530582,530609
522696,530621
522696,530645
522696,530666
522696,530684
522696,530700
529308,530728
528918,530744
529308,530759
528918,530771
529308,530785
528918,530802
529308,530818
530839,530856
528372,530873
528372,530894
530927,530943
530991,531011
531082,531105
531179,531198
531285,531302
531356,531373
531484,531506
531285,531552
531082,531620
531704,531727
531789,531801
531817,531829
531840,531864
531872,531893
531840,531903
531919,531926
531974,531990
531179,532059
532118,532139
532141,532156
532160,532173
532187,532194
532207,532211
532224,532230
532248,532253
531179,532276
531179,532322
531179,532346
531179,532398
532426,532442
531872,532461
531840,532474
532529,532540
532555,532564
532572,532586
532636,532658
255995,532670
532720,532749
532777,532796
532823,532847
532636,532913
532945,532966
532945,532984
532945,533005
532945,533022
532945,533046
287572,533067
532636,533080
532945,533108
532945,533154
532636,533177
532636,533196
532636,533219
533261,533288
533337,533359
533407,533424
533453,533476
533521,533545
533521,533566
533652,533675
533521,533699
995420,533718
533739,533756
533804,533827
533870,533891
533940,533964
533993,534015
570659,534062
570659,534089
534138,534155
534186,534206
534252,534275
534309,534321
534378,534397
534425,534441
534494,534516
534563,534585
534635,534657
534635,534674
533993,534690
534378,534711
534425,534730
534635,534753
431033,534822
431033,534846
233109,534867
233150,534912
233204,534931
533993,534954
767348,535026
767348,535042
876921,535090
767348,535116
535144,535163
535192,535214
535267,535280
535312,535331
535365,535383
535267,535417
535429,535440
535365,535472
535527,535543
535570,535591
535625,535641
535570,535660
535625,535687
535734,535752
535809,535821
535850,535878
535907,535924
535976,535995
536002,536025
535527,536041
535976,536060
535312,536094
536127,536143
536170,536191
536221,536245
536221,536266
536221,536284
536311,536330
536369,536382
536416,536437
536463,536485
536416,536535
536561,536588
536617,536638
536664,536686
536463,536705
536463,536722
536463,536746
536463,536767
536463,536780
536463,536808
520268,536865
536910,536934
536910,536952
536910,536975
537023,537047
537075,537099
810850,537121
810850,537145
810850,537166
810850,537184
810850,537204
810850,537227
537258,537270
537258,537291
537340,537364
537393,537412
537393,537431
537393,537454
537340,537477
537340,537496
537522,537546
537340,537598
537551,537624
537551,537648
537393,537669
537340,537682
537393,537703
537340,537726
537393,537742
537393,537761
537393,537788
537816,537837
537340,537859
537340,537871
537340,537892
537340,537918
537340,537939
537340,537956
537340,537973
537340,537994
537340,538017
537393,538038
537340,538055
538086,538126
538086,538142
538174,538190
538220,538249
538254,538265
538283,538306
538283,538323
538347,538368
538347,538381
538415,538436
538525,538541
538525,538587
538415,538600
538415,538628
538415,538644
538415,538663
538415,538685
538415,538709
538525,538721
538415,538745
538415,538766
538415,538784
538415,538807
538415,538824
538415,538848
538415,538869
538415,538882
538415,538905
538415,538922
538415,538946
538415,538967
538998,539013
538998,539032
538525,539066
538525,539107
538525,539130
538525,539153
538525,539176
538525,539195
538415,539218
538415,539239
538415,539256
538415,539273
538415,539294
538415,539315
538415,539336
538415,539358
538525,539370
538415,539434
539452,539475
539499,539512
539549,539565
840347,539605
539549,539622
840347,539646
539549,539667
539680,539701
840347,539729
539549,539740
840347,539764
539549,539786
539680,539803
840347,539826
539680,539842
840347,539861
539549,539888
539680,539900
840347,539928
539549,539944
539549,539963
539549,539985
539680,540006
840347,540023
539680,540047
840347,540068
539549,540081
539549,540109
840347,540121
840347,540145
539680,540166
840347,540184
539549,540204
539680,540227
840347,540243
840347,540262
540291,540317
540355,540372
540291,540393
540291,540412
540355,540431
540291,540454
540291,540477
540291,540496
540355,540514
540291,540533
540291,540551
540291,540579
540291,540598
540355,540611
540291,540630
540291,540653
540355,540676
540355,540695
540719,540735
540719,540757
540774,540790
540774,540816
540844,540863
540892,540918
540892,540939
540994,541014
541046,541067
541098,541112
541149,541165
541196,541219
541242,541261
541290,541316
541363,541385
541363,541407
541430,541453
541430,541476
541521,541545
662527,541597
662527,541610
662527,541634
541675,541699
985366,541760
985366,541787
985366,541804
541836,541858
541836,541901
541836,541929
541836,541940
541955,541972
542003,542026
542035,542057
542061,542074
542061,542090
542061,542116
542035,542137
542061,542144
542159,542163
542171,542185
542192,542205
519668,542251
519668,542279
542280,542308
542312,542331
519668,542354
519668,542377
519668,542396
519668,542417
542312,542438
519668,542472
542486,542504
542515,542527
542536,542543
542558,542562
542591,542618
542591,542639
542641,542656
970623,542723
542752,542775
542752,542799
542821,542845
542821,542866
542907,542924
542907,542948
977511,543012
977511,543054
977511,543077
977511,543096
977511,543110
977511,543134
977511,543152
977511,543175
977511,543199
977511,543217
977511,543238
977511,543255
977511,543272
977511,543293
977511,543319
977511,543335
977511,543357
977511,543374
977511,543390
977511,543414
977511,543433
977511,543451
977511,543479
977511,543498
543524,543548
977511,543569
977511,543582
977511,543609
543632,543650
543684,543700
543684,543728
543684,543744
543684,543763
543684,543785
543632,543802
543632,543825
543632,543841
543632,543860
543632,543887
543632,543904
543632,543927
543970,543991
544025,544041
544025,544060
544094,544115
544162,544189
544162,544209
544162,544221
544162,544245
544162,544266
544162,544284
544162,544307
544162,544324
544162,544348
544162,544382
544162,544400
544162,544428
544459,544471
544459,544492
544459,544519
544459,544535
544459,544557
544588,544601
544588,544629
544588,544640
544588,544664
544714,544733
544714,544751
544714,544779
544714,544798
544714,544812
544714,544831
544714,544854
544714,544877
544714,544896
544714,544910
544714,544934
544968,544981
544714,545001
545038,545055
545086,545103
545126,545142
545086,545161
545126,545188
545086,545208
545086,545220
545126,545249
545086,545265
545086,545283
545086,545306
545086,545323
545086,545347
545126,545368
545126,545381
545126,545404
545126,545427
545126,545443
545126,545462
545126,545489
545126,545502
545126,545525
545126,545541
545126,545560
545086,545587
545126,545600
545126,545628
906572,545692
906572,545713
906572,545732
906572,545750
906572,545778
906572,545797
906572,545811
906572,545830
906572,545853
906572,545876
906572,545895
906572,545914
906572,545933
906572,545951
906572,545979
906572,545998
546028,546044
906572,546063
546028,546085
906572,546102
906572,546125
906572,546141
906572,546160
906572,546187
906572,546207
906572,546224
546253,546276
906572,546295
546253,546314
546253,546333
546253,546351
546253,546379
546253,546398
546253,546419
546442,546461
546442,546488
546442,546501
546028,546529
546555,546572
546028,546593
906572,546615
906572,546636
546253,546658
546028,546670
906572,546691
546253,546712
546442,546731
546028,546754
906572,546777
546028,546796
546028,546810
546028,546834
546028,546852
546028,546875
546028,546899
546028,546913
546028,546932
546028,546950
546028,546978
546028,546997
547045,547066
547045,547084
547045,547107
547045,547124
547045,547148
547045,547169
547045,547182
547045,547202
547045,547225
547273,547294
961302,547336
961302,547358
961302,547370
961302,547391
961302,547410
961302,547434
547468,547481
961302,547508
961302,547520
961302,547549
961302,547565
961302,547583
961302,547605
961302,547622
961302,547646
547679,547698
961302,547717
961302,547738
547468,547755
961302,547772
961302,547793
547468,547819
961302,547835
547679,547857
547679,547874
547679,547890
547928,547944
547928,547963
547468,547985
547468,548004
547468,548027
547468,548043
961302,548062
547679,548089
547468,548101
547468,548129
961302,548140
961302,548164
547679,548186
547468,548206
961302,548223
547679,548247
547468,548268
547468,548281
547468,548309
547468,548321
547468,548345
694511,548418
548441,548460
548494,548516
548441,548537
548494,548559
694511,548571
694511,548592
694511,548619
694511,548635
694511,548657
694511,548707
694511,548724
694511,548748
694511,548769
694511,548782
694511,548805
694511,548822
694511,548846
694511,548867
694511,548880
694511,548908
694511,548920
694511,548949
694511,548965
694511,548983
694511,549007
694511,549024
694511,549048
694511,549069
694511,549082
694511,549105
694511,549122
694511,549146
694511,549167
694511,549180
694511,549200
694511,549228
694511,549244
694511,549263
694511,549285
694511,549302
694511,549373
694553,549421
694553,549445
694553,549466
694553,549484
694553,549506
694553,549523
694553,549547
548441,549568
548441,549581
548441,549608
548441,549620
548441,549649
548441,549665
548441,549683
548441,549704
548441,549727
548441,549743
548441,549762
548441,549789
548441,549801
548441,549829
548441,549840
548441,549864
548441,549886
548441,549903
548441,549926
549957,549974
548494,549990
548494,550011
548494,550030
548494,550053
548494,550076
548494,550095
548494,550114
548494,550133
548494,550151
548494,550179
548494,550198
548494,550216
548494,550237
548494,550259
548494,550271
548494,550292
548494,550318
550356,550373
550478,550432
550478,550450
550478,550497
550478,550510
550547,550568
550649,550665
550649,550683
550649,550704
550649,550743
550649,550762
550791,550817
550791,550838
550791,550872
550791,550893
550478,550919
550649,550935
550649,550957
550649,550974
551006,551023
551006,551047
551006,551068
551006,551081
551006,551109
551006,551121
551145,551166
551145,551184
551145,551204
551145,551227
551258,551270
551258,551291
551258,551317
551258,551338
551258,551355
551258,551372
551258,551393
551258,551412
551258,551431
551258,551454
551258,551477
551258,551496
551258,551514
551258,551533
551258,551551
551258,551579
551258,551598
551258,551611
551258,551630
551258,551653
551258,551676
201324,551719
551742,551761
551790,551816
551837,551859
551837,551871
551837,551892
551837,551918
551925,551941
551837,551960
551837,551987
552015,552036
552062,552089
552062,552101
552062,552129
552155,552172
552155,552193
552155,552210
552247,552268
552247,552281
552247,552309
552247,552321
552247,552345
552247,552366
552384,552402
552384,552456
552494,552516
552585,552603
552661,552688
552711,552730
552711,552753
552711,552776
552711,552795
981632,552846
552879,552898
981632,552949
552954,552965
981632,553009
552879,553032
981632,553045
981632,553066
981632,553107
552879,553124
981632,553130
552954,553153
981632,553182
981632,553202
981632,553225
981632,553241
981632,553260
981632,553287
981632,553304
981632,553327
981632,553343
981632,553362
981632,553389
981632,553406
981632,553423
981632,553447
553499,553512
553549,553565
553646,553667
520210,553701
553835,553740
553835,553793
553729,553826
553835,553857
553772,553874
553729,553888
553772,553937
553835,553959
553772,553963
553729,553971
553835,553992
553729,554019
553835,554035
553772,554042
554057,554061
553835,554088
554116,554128
553835,554144
553835,554163
553772,554185
553835,554233
553835,554251
553729,554267
553772,554312
554116,554320
554354,554377
554401,554429
554401,554440
554401,554464
554401,554486
554401,554504
554401,554527
554401,554543
554401,554562
554401,554589
554401,554602
554625,554641
554625,554660
554625,554687
881900,554723
881900,554747
881900,554768
520456,554799
554821,554845
554878,554897
554930,554953
554930,554976
554930,554995
555025,555041
555025,555060
555025,555087
555025,555104
555025,555127
555025,555143
555025,555162
555025,555189
555025,555209
555025,555221
555025,555245
555025,555266
555025,555284
555311,555330
555369,555382
555369,555400
555369,555428
555369,555444
555369,555463
555492,555519
555542,555561
555542,555588
555617,555638
555617,555655
555686,555705
555733,555751
555733,555779
555808,555820
555733,555849
555733,555865
555733,555883
555733,555906
555808,555923
555934,555947
555952,555968
555975,555981
555733,556001
555934,556040
555952,556064
555733,556086
555733,556103
555733,556126
556029,556142
556055,556157
555733,556174
555952,556188
555808,556208
555733,556220
556029,556249
556055,556254
555733,556277
555733,556296
556306,556323
555733,556347
555733,556368
555952,556375
555733,556399
555952,556415
555733,556436
555808,556458
555934,556462
555952,556470
555733,556491
555733,556518
555733,556539
555733,556556
555733,556573
555733,556594
555808,556616
555808,556637
555808,556659
555808,556671
556745,556766
556721,556784
836183,556807
556745,556824
844940,556830
556745,556853
556882,556905
556933,556951
556980,557005
557033,557051
557079,557098
557079,557120
557154,557177
557203,557226
528579,557316
521071,557344
557371,557392
521276,557469
557476,557495
557815,557513
521276,557532
521276,557550
521276,557606
528546,557623
528579,557634
528607,557647
557652,557675
528546,557702
528579,557718
528607,557725
528579,557756
528607,557760
528579,557787
528546,557804
557815,557836
557843,557858
557815,557870
521276,557891
521276,557917
557938,557955
521276,557972
557986,558000
963165,558037
963165,558059
521276,558071
558160,558187
801611,558207
963344,558282
817125,558322
817139,558346
558224,558367
558224,558419
558253,558426
558224,558442
558457,558474
558501,558529
817187,558564
528695,558586
528695,558604
558658,558712
528816,558731
558749,558754
528816,558777
558806,558823
558847,558868
558899,558913
558899,558932
558966,558984
559012,559031
559065,559083
559110,559134
528973,559217
528941,559238
528941,559255
559168,559272
521765,559286
528973,559303
528941,559319
559342,559361
817085,559422
817092,559433
529042,559451
529019,559467
529042,559498
529042,559511
559530,559609
529144,559621
529116,559632
529144,559650
529116,559666
529144,559697
529144,559716
529116,559737
559569,559744
529144,559759
559785,559802
559818,559839
528289,559894
528258,559904
528289,559927
528258,559936
528289,559962
528289,560003
528289,560026
528289,560042
528289,560061
528289,560088
528289,560100
528289,560128
528317,560171
528340,560214
528317,560233
528340,560251
528317,560267
528340,560280
528340,560320
528340,560349
528340,560365
528340,560383
560396,560417
560396,560438
560396,560440
560396,560455
560396,560472
560396,560486
560396,560504
560396,560515
560396,560536
560396,560558
560602,560625
560639,560656
560396,560673
767906,560694
560723,560747
560723,560768
560775,560781
560799,560813
560775,560850
560723,560878
560969,560982
561036,561058
561313,561101
561313,561155
561313,561186
561313,561206
561313,561223
561313,561247
561138,561299
561366,561384
561439,561456
561500,561528
561661,561592
561661,561619
868041,561688
561730,561753
868369,561805
561908,561822
868369,561898
561908,561912
980084,561983
562010,562034
562010,562052
562081,562109
562081,562121
562150,562178
562364,562227
562364,562243
562412,562291
562364,562317
562412,562338
562364,562386
562412,562408
562412,562431
562364,562454
562412,562477
562364,562496
562412,562514
562364,562533
562364,562551
656433,562607
562800,562653
562630,562703
818889,562757
818889,562774
524342,562828
524342,562859
818889,562871
712486,562925
818889,562973
818889,562994
818889,563017
818889,563038
712486,563055
818889,563072
818889,563093
785554,563142
563126,563161
563126,563188
563126,563208
563231,563254
835928,563347
835928,563368
835928,563381
835928,563415
835928,563436
563489,563502
563587,563600
563616,563628
563659,563671
563685,563692
1028891,563766
563778,563797
1028891,563811
563778,563830
563882,563853
563882,563905
563914,563933
563914,563951
563914,563979
563882,563998
564048,564069
658755,564114
564146,564167
564198,564216
658755,564259
658755,564271
658755,564292
564341,564360
564341,564413
564445,564466
564510,564534
564341,564552
905086,564654
564341,564677
564704,564727
564758,564770
564840,564829
564840,564864
564840,564886
564840,564903
564840,564942
564840,564988
564840,565008
564840,565020
564758,565065
564840,565083
565152,565134
565152,565175
565201,565229
565255,565272
764218,565319
565255,565335
565342,565361
764218,565388
565255,565390
565422,565446
565255,565467
565498,565511
565524,565530
565548,565553
565569,565576
565582,565595
565621,565645
565697,565716
764169,565737
565697,565744
565759,565771
565697,565792
764169,565818
565697,565825
565697,565873
565894,565915
565958,565970
565989,565991
826143,566013
764169,566021
565697,566032
566045,566066
566097,566111
566148,566169
566176,566195
566148,566218
566225,566241
566148,566256
566225,566273
566148,566287
566315,566336
566343,566362
566315,566389
566391,566410
566315,566423
566391,566447
566315,566452
1237834,566481
566499,566512
566499,566531
566583,566605
566614,566622
566651,566679
566651,566698
566651,566717
1020100,566738
1020100,566755
1020100,566772
566651,566793
1020100,566803
566651,566826
566835,566857
566861,566888
566651,566890
1020100,566900
566861,566928
566651,566937
1020100,566944
566651,566963
1020100,566985
566651,567000
566651,567028
566651,567044
566651,567063
566651,567085
566651,567102
1020100,567118
566651,567139
566651,567156
566651,567173
566651,567194
566651,567211
1020100,567224
566651,567248
566651,567269
567295,567314
566651,567333
1020100,567346
566651,567367
566651,567380
1020100,567398
566651,567419
567461,567488
567517,567538
842512,567572
529924,567593
842512,567615
842512,567643
842512,567662
529924,567689
529953,567708
842512,567720
529924,567731
529953,567749
842512,567765
842512,567783
842512,567823
567852,567875
567945,567966
1132557,567984
568014,568033
568177,568108
974277,568120
974277,568149
568177,568196
572239,568257
568235,568274
568235,568290
944239,568363
944239,568385
944239,568407
944239,568424
944239,568448
944239,568469
944239,568482
944239,568509
944239,568521
944239,568545
944239,568566
944239,568584
944239,568606
944239,568623
944239,568647
944273,568699
944273,568718
944273,568739
944273,568756
944273,568773
944273,568794
944273,568815
944273,568836
944273,568858
944273,568870
944273,568891
944273,568917
944273,568938
944273,568955
569056,569025
569056,569073
569056,569094
569127,569143
1042136,569191
696972,569213
696972,569232
988104,569284
569266,569307
569330,569353
569376,569395
697029,569444
697029,569463
569526,569542
569574,569590
967197,569640
967197,569664
967197,569686
967197,569705
967197,569722
967197,569746
967197,569767
967197,569780
967197,569820
967197,569877
967197,569896
967197,569910
967197,569934
967197,569952
967197,569975
570001,570029
520626,570064
520626,570119
520626,570135
520626,570157
520626,570174
520626,570190
520626,570212
520626,570231
520626,570254
520626,570277
520626,570296
520626,570310
520626,570334
520626,570352
520626,570375
520626,570399
520626,570415
520626,570436
520626,570458
520626,570470
520626,570491
520626,570518
520626,570539
520626,570556
520626,570573
520626,570594
520626,570616
520626,570637
570659,570671
533993,570721
1029191,570766
570811,570853
570811,570876
570811,570895
1231027,570914
570811,570933
570811,570951
570811,570979
570811,570998
571041,571060
571094,571115
571094,571136
571284,571189
571284,571232
571284,571250
571330,571307
571330,571376
571330,571395
571330,571416
571463,571485
571463,571535
571463,571557
571463,571574
571672,571629
571463,571640
571672,571693
571722,571746
571672,571767
571798,571812
985172,571865
571798,571883
985172,571906
985172,571923
571968,571981
572013,572032
572066,572084
572130,572153
572169,572182
572130,572202
572130,572256
572315,572336
572362,572389
572410,572434
572410,572452
572410,572475
484890,572499
484890,572512
572549,572565
572596,572614
572667,572680
572701,572729
572740,572786
572819,572835
572819,572857
572874,572890
572916,572937
573027,573043
573062,573089
978976,573138
697142,573155
978976,573172
697142,573186
978976,573206
978976,573223
697142,573234
978976,573252
697142,573275
978976,573299
978976,573313
697142,573366
573397,573418
573397,573439
573487,573500
573487,573528
573487,573563
573487,573585
573487,573603
573642,573661
573642,573688
573642,573707
520880,573724
520880,573748
573776,573795
573822,573846
573879,573898
1039293,573965
573983,574005
573983,574022
573983,574046
573983,574067
574079,574098
573983,574112
573983,574131
573983,574177
573983,574196
573983,574219
573983,574235
573983,574257
573983,574274
573983,574290
573983,574316
574359,574371
574359,574392
574359,574411
574359,574430
574469,574482
574513,574532
574513,574550
530927,574578
530927,574597
574623,574647
574675,574699
574675,574718
714060,574760
574794,574815
865707,574862
865707,574889
865707,574938
574986,575006
574986,575023
575052,575075
575099,575113
575099,575132
575184,575204
575184,575227
575184,575243
575184,575262
575291,575317
575291,575338
575291,575355
575408,575420
575408,575449
575408,575465
575408,575483
575408,575505
697671,575551
697671,575579
697671,575598
697671,575611
697671,575630
697671,575653
697671,575676
697671,575695
697671,575719
697671,575735
697671,575757
697671,575774
697671,575790
575828,575844
575871,575892
575828,575941
575973,575994
576024,576048
576095,576114
576146,576167
526545,576180
526545,576237
576263,576285
576263,576302
576263,576325
576263,576341
576263,576360
576263,576387
656390,576432
576547,576484
576547,576506
576547,576523
576547,576568
576575,576581
576599,576608
576547,576620
576575,576649
526080,576677
576547,576696
576770,576727
576547,576736
576547,576758
576547,576791
576801,576817
576864,576886
576864,576903
576957,576974
576988,576990
577003,577019
577026,577035
577042,577057
577088,577100
577088,577128
577088,577144
577088,577163
577088,577185
577088,577205
577088,577222
577088,577246
577088,577267
577088,577280
577312,577331
577312,577354
577383,577401
577438,577455
977467,577486
977467,577536
977467,577558
977467,577570
977467,577591
865954,577618
977467,577639
977467,577656
577687,577706
577687,577723
577687,577747
577799,577813
208422,577850
577884,577907
577884,577924
577884,577948
577976,577995
578020,578049
578065,578083
578110,578134
578110,578152
578181,578201
578181,578229
578255,578272
578255,578293
200905,578342
200905,578361
200905,578388
200905,578405
200905,578422
659470,578479
659470,578498
659470,578511
659470,578530
578582,578609
578613,578632
578582,578650
578684,578700
578716,578737
578684,578759
578785,578802
578785,578825
578856,578873
578904,578927
988087,578943
578970,578991
578970,579016
1153068,579071
579102,579125
1153068,579141
579102,579160
1153068,579187
579102,579207
579282,579305
579333,579351
579403,579426
579457,579474
579501,579529
579555,579572
579604,579627
579720,579670
579720,579691
579720,579749
579777,579796
579777,579810
579777,579834
1032898,579852
1032912,579881
1032912,579909
579932,579950
579978,579997
579978,580018
580041,580060
580041,580087
580041,580104
580041,580127
580041,580143
580041,580162
580041,580189
580041,580209
580041,580221
580041,580245
580041,580266
580311,580330
580311,580353
580376,580395
580428,580444
580471,580492
992900,580535
992900,580588
992900,580601
992900,580629
580655,580672
992900,580693
992900,580714
992900,580733
992900,580751
992900,580780
992900,580808
992900,580820
992900,580849
992900,580865
580655,580906
580655,580923
992900,580947
992900,580968
580655,580981
580655,581003
992900,581026
992900,581042
580655,581061
580655,581088
992900,581100
580655,581128
580655,581144
580655,581163
992900,581185
580655,581192
580655,581214
580655,581233
580655,581251
580655,581279
881512,581377
581429,581440
961228,581493
961228,581515
961228,581536
961228,581558
961228,581570
961228,581591
581625,581641
581673,581694
581673,581710
581673,581734
581673,581752
581673,581775
581673,581799
581673,581813
581673,581832
581673,581850
581673,581878
581673,581897
581673,581911
581673,581930
581673,581953
581976,581995
582022,582046
582079,582098
582120,582149
582079,582165
582079,582183
582079,582203
582120,582226
582120,582242
582120,582288
582120,582300
582079,582328
582120,582344
582120,582363
582079,582385
582079,582407
582079,582424
582079,582448
582079,582469
582079,582482
582079,582509
582079,582521
582079,582545
582079,582566
582584,582606
582079,582623
582120,582647
582120,582668
582079,582681
582120,582702
582079,582725
582120,582741
582120,582760
582120,582787
582120,582804
582079,582827
582079,582843
582120,582862
582891,582917
582891,582938
582891,582955
582891,582972
582891,582993
582891,583016
582891,583037
582891,583059
583085,583102
582891,583125
582891,583141
582891,583160
582891,583187
582891,583207
582891,583224
583085,583248
582891,583269
582891,583282
582891,583305
582891,583322
582891,583346
582891,583367
582891,583380
583085,583403
582891,583426
582891,583442
583085,583461
582891,583488
583501,583529
582891,583540
583555,583572
582891,583586
582891,583604
582891,583627
582891,583643
582891,583662
582891,583689
582891,583708
583085,583720
583555,583749
582891,583754
582891,583777
582891,583796
582891,583810
583823,583834
583555,583847
583852,583868
582891,583881
582891,583909
582891,583921
583085,583945
582891,583966
582891,583984
582891,584006
582891,584023
582891,584047
582891,584068
582891,584081
583501,584109
582891,584121
582891,584145
583555,584166
582891,584178
582891,584197
582891,584215
582891,584236
582891,584258
582891,584270
582891,584291
582891,584317
582891,584338
582891,584355
582891,584372
582891,584393
584431,584454
584496,584514
584703,584579
584611,584630
584431,584653
584496,584676
584703,584726
584735,584757
584611,584761
584431,584788
584735,584800
584611,584816
584703,584837
584611,584859
584431,584871
584431,584892
584703,584918
584431,584939
584431,584956
584431,584973
585007,585024
584703,585048
584611,585069
584703,585082
584735,585105
584431,585122
584496,585146
584611,585151
585198,585216
585228,585237
585198,585259
585228,585263
585198,585285
585228,585292
584431,585318
584431,585339
584496,585356
584431,585373
584431,585394
584496,585413
584611,585432
851502,585450
585466,585484
584431,585506
584431,585523
584431,585547
584496,585568
585581,585608
584611,585620
584431,585649
584703,585665
584431,585683
584703,585704
584431,585727
584703,585743
584431,585762
584431,585789
584703,585801
584735,585829
584611,585838
584703,585855
584431,585872
584496,585893
584431,585919
584496,585935
584611,585957
584611,585974
584703,585990
584703,586012
584431,586031
584431,586054
584703,586077
1157466,586096
584496,586110
1157478,586134
584431,586152
584431,586175
584703,586199
584496,586217
584431,586238
584431,586255
585228,586272
584496,586293
584611,586319
584431,586335
584703,586357
584431,586374
584496,586390
584611,586414
584431,586433
584496,586451
584611,586479
584431,586498
584496,586511
584611,586530
584431,586553
586582,586609
586632,586650
587473,586697
914289,586737
587473,586759
587473,586771
914289,586792
914289,586818
587473,586839
914289,586856
587473,586873
914289,586894
587473,586915
914289,586936
914289,586958
914289,586970
587473,586991
914289,587015
587473,587036
914289,587058
914289,587070
914289,587091
914289,587117
587473,587138
914289,587155
914289,587172
587473,587193
587473,587210
914289,587234
914289,587252
914289,587275
587473,587299
914289,587313
587473,587332
914289,587350
587473,587378
587473,587397
914289,587418
914289,587439
587473,587494
914289,587516
587473,587537
914289,587559
914289,587592
587473,587619
914289,587635
914289,587657
914289,587674
587473,587690
914289,587711
587473,587730
914289,587753
587473,587776
914289,587795
914289,587814
914289,587833
587473,587851
587473,587879
914289,587898
914289,587912
587473,587931
587473,587954
914289,587977
587473,587996
914289,588013
587473,588032
914289,588050
914289,588078
914289,588097
587473,588111
914289,588130
587473,588153
914289,588176
587473,588195
587473,588218
914289,588239
587473,588256
914289,588273
914289,588294
914289,588315
914289,588336
587473,588358
914289,588370
914289,588391
914289,588410
587473,588434
587473,588452
914289,588475
914289,588499
587473,588512
914289,588531
587473,588554
914289,588577
914289,588596
587473,588614
914289,588633
587473,588651
914289,588679
914289,588698
587473,588717
914289,588738
914289,588755
587473,588772
914289,588793
587473,588819
914289,588835
587473,588857
587473,588874
587473,588890
914289,588916
914289,588937
587473,588959
587473,588971
914289,588992
914289,589017
587473,589038
914289,589055
914289,589072
587473,589093
914289,589119
914289,589135
587473,589157
587473,589174
914289,589190
589220,589249
587473,589265
587473,589283
587473,589306
914289,589323
914289,589347
914289,589368
587473,589381
914289,589404
914289,589427
914289,589443
914289,589462
914289,589489
914289,589502
587473,589525
914289,589541
587473,589560
914289,589587
587473,589600
914289,589628
587473,589644
914289,589663
587473,589685
914289,589709
914289,589721
914289,589745
587473,589766
587473,589784
914289,589807
914289,589824
914289,589848
587473,589869
914289,589882
914289,589905
587473,589922
914289,589946
587473,589967
590005,590022
590005,590046
590067,590080
590067,590108
590067,590120
590067,590149
590067,590165
590183,590203
590067,590226
590067,590242
590067,590261
590183,590288
590183,590300
590183,590328
590067,590344
590067,590363
590067,590385
590067,590407
590067,590424
590067,590448
590067,590469
590495,590513
590067,590532
590183,590550
590067,590578
590067,590597
590067,590610
590067,590634
590495,590652
590681,590702
590067,590725
590067,590741
590067,590760
590067,590787
590067,590804
590067,590827
590067,590843
590067,590862
590067,590889
590067,590901
590495,590929
590067,590940
590972,590993
994316,591045
994316,591066
994316,591084
994316,591107
591130,591153
591169,591176
591218,591239
591241,591256
591294,591315
591130,591336
591169,591343
591169,591362
591241,591389
591241,591406
591241,591423
591241,591447
591468,591481
591508,591520
591508,591549
591577,591596
591605,591622
591633,591646
591667,591680
591698,591701
591729,591740
591698,591764
591698,591786
591793,591819
591729,591826
591793,591842
591729,591857
591793,591874
591729,591888
591793,591900
591729,591916
591698,591937
591698,591959
591698,591971
591698,591992
591698,592018
592039,592056
592060,592073
591698,592094
591698,592115
591698,592136
591729,592158
591698,592170
591698,592191
591729,592213
591698,592232
591698,592250
591698,592278
592284,592307
591729,592311
591698,592330
591698,592353
592060,592376
591698,592395
591698,592416
591698,592437
592444,592463
591698,592485
591698,592503
591729,592526
591698,592542
592557,592574
591698,592588
591698,592601
591698,592629
591698,592640
591698,592664
591698,592686
592714,592733
592751,592779
591698,592798
592808,592820
592060,592831
592284,592854
591729,592865
592444,592883
592896,592910
592923,592934
592947,592952
591698,592968
591698,592981
593007,593024
591729,593048
591729,593069
591698,593082
591698,593105
592557,593122
591698,593133
591698,593151
591698,593179
591698,593198
591698,593216
591698,593237
591729,593259
592714,593271
591698,593292
591729,593318
591729,593339
592896,593356
591698,593373
591698,593394
591698,593413
593421,593445
591729,593450
591698,593478
593523,593547
593599,593612
593649,593665
593683,593704
593683,593727
593743,593762
593770,593789
593829,593840
593864,593886
593893,593919
593683,593926
593942,593961
896264,593988
896264,594038
594055,594072
594093,594119
594055,594135
594174,594190
594212,594231
594265,594283
896264,594306
594093,594323
594093,594347
896264,594368
593683,594381
896264,594404
594093,594427
896264,594443
594055,594462
594093,594489
896264,594502
594518,594539
593770,594541
594093,594560
594093,594587
593743,594600
593770,594616
594628,594644
896264,594659
896264,594671
594692,594713
593683,594732
595071,594750
594784,594807
594093,594824
594055,594848
593683,594869
594174,594882
594692,594905
594174,594922
594946,594967
594174,594980
594174,595000
593683,595028
593770,595044
595071,595092
594055,595118
594055,595139
593683,595156
595173,595194
594093,595211
593683,595230
595253,595276
593770,595295
896264,595314
593683,595333
593683,595351
594055,595379
594692,595398
896264,595419
594692,595435
595461,595488
594093,595501
896264,595529
595555,595572
595636,595658
595670,595691
593770,595712
896264,595731
594093,595754
595777,595796
594174,595852
593683,595875
595071,595899
595777,595913
594093,595932
595945,595966
595071,595984
595173,596004
596036,596058
596089,596101
596140,596164
596172,596186
596206,596223
596234,596247
596089,596268
596206,596281
596206,596309
596089,596321
596089,596345
596366,596384
596418,596439
596456,596473
596500,596528
596559,596571
596603,596626
596657,596674
596657,596690
596603,596711
596657,596730
596603,596753
596769,596782
596657,596795
596657,596814
596603,596833
596657,596851
596603,596879
596657,596898
596603,596912
596920,596949
596657,596954
596603,596977
596983,596996
596657,597012
596657,597031
596657,597054
596603,597077
596657,597096
596657,597134
596657,597152
596657,597175
596603,597199
596657,597217
597229,597240
597255,597264
596657,597272
597286,597303
596603,597319
597286,597335
596603,597342
597229,597361
597255,597374
596657,597388
596603,597405
596657,597422
596603,597446
597467,597480
597498,597507
597530,597553
597569,597582
596603,597595
596657,597613
596603,597632
596603,597650
596657,597678
596657,597697
597255,597716
596657,597728
596603,597744
596657,597763
596657,597785
596657,597802
596603,597825
596657,597841
596657,597860
596603,597887
596657,597904
596603,597927
596603,597943
596657,597962
597229,597989
596657,597991
597286,598019
596603,598026
596603,598042
597286,598061
596603,598074
596657,598090
596603,598116
597286,598137
596603,598144
596603,598163
596657,598185
598214,598233
598267,598280
598267,598308
598214,598320
596603,598349
596657,598365
596657,598383
598417,598438
598417,598455
598472,598493
598527,598543
598417,598562
598589,598602
598417,598625
598589,598641
598589,598660
598417,598687
598417,598706
598589,598723
598417,598747
598417,598768
598417,598781
598417,598809
598589,598821
598589,598845
598589,598866
598417,598884
598589,598907
598417,598924
598948,598969
598982,599006
598472,599023
598527,599047
598527,599068
598472,599081
598527,599109
598417,599121
598589,599145
598417,599166
598589,599184
598417,599204
598948,599227
598982,599243
598417,599262
598589,599289
598417,599301
598589,599329
598472,599340
598472,599364
599393,599412
598527,599431
598417,599454
598589,599477
598417,599496
957306,599546
957306,599567
599598,599611
599648,599669
599695,599719
599695,599735
599695,599774
599648,599816
599695,599837
599648,599859
599648,599871
599695,599892
599695,599918
599648,599939
599695,599956
599648,599973
600009,600021
600050,600078
600050,600097
600050,600111
600050,600130
600009,600153
600009,600176
600050,600195
600050,600218
600009,600239
600009,600256
600050,600273
600050,600294
600050,600315
600050,600336
754691,600370
600391,600410
754691,600434
600391,600452
754691,600475
754691,600499
600391,600512
600050,600531
600009,600554
600050,600577
600050,600596
600009,600614
600050,600633
600667,600680
600050,600701
600009,600729
600050,600740
600050,600764
600050,600786
600050,600803
600050,600826
600050,600842
600050,600861
600009,600888
600050,600900
600050,600928
600050,600944
600050,600963
754691,600985
600050,601008
600050,601020
600050,601049
600050,601065
600050,601083
600050,601106
754691,601123
600391,601147
600009,601168
600050,601181
600050,601201
600050,601229
600050,601240
861498,601293
861498,601342
861498,601361
861498,601388
861498,601405
861498,601422
861498,601446
861498,601467
861498,601511
601479,601530
861498,601553
601569,601576
861498,601595
861498,601613
861498,601632
861498,601650
861498,601678
861498,601697
861498,601716
861498,601737
861498,601759
861498,601771
861498,601792
861498,601818
601825,601841
861498,601856
601860,601887
861498,601894
861498,601915
861498,601936
861498,601958
601962,601989
861498,601991
601479,602017
861498,602038
861498,602055
861498,602072
861498,602093
602126,602142
602161,602188
861498,602208
492419,602220
492419,602249
602283,602306
602283,602323
602347,602368
602347,602381
602404,602427
602458,602470
602491,602518
602404,602539
602347,602556
602347,602573
602600,602628
602659,602671
602709,602721
602778,602797
602869,602882
602922,602946
602980,603006
603068,603081
603289,603109
603121,603145
603166,603184
603204,603227
603204,603243
603121,603262
603289,603301
603166,603329
603364,603386
602869,603408
603166,603420
955928,603465
603121,603483
603514,603533
603567,603580
955928,603607
603648,603669
603695,603719
603735,603757
955928,603774
603204,603790
603837,603859
603871,603892
603918,603939
603956,603973
602869,603994
603289,604016
955928,604037
603166,604059
602869,604071
955928,604092
604118,604139
602869,604156
603289,604173
603289,604194
603289,604211
603204,604230
604269,604282
602869,604305
604346,604367
604380,604403
604442,604461
604488,604501
604529,604540
604564,604586
604564,604604
604380,604627
604643,604662
604442,604689
604380,604708
604749,604765
604796,604810
604881,604909
604932,604950
604978,604997
604442,605015
605043,605062
605091,605117
605138,605155
604488,605172
605193,605210
605247,605268
605299,605313
605350,605378
605402,605425
605456,605473
605494,605516
605494,605537
605299,605559
605571,605592
605626,605642
605571,605661
605299,605688
605707,605724
605776,605795
605776,605814
605776,605833
605867,605880
605920,605949
605776,605965
605983,606003
606035,606057
606074,606090
606137,606159
606171,606192
605983,606214
606233,606251
606279,606298
605776,606312
606349,606365
606396,606417
606438,606455
606486,606504
606527,606543
606486,606562
606486,606589
606618,606639
606656,606673
606438,606694
606486,606710
606734,606752
606775,606799
606775,606813
606832,606850
606832,606878
606907,606924
606907,606948
606907,606969
606907,606982
606907,607030
607069,607082
607105,607122
520172,607167
607180,607200
607180,607228
607180,607244
607271,607292
607180,607318
607180,607339
607180,607356
607180,607373
607180,607394
607180,607413
607180,607432
607180,607450
607180,607478
607271,607497
607180,607510
607180,607534
607180,607552
607180,607575
607180,607599
607180,607612
607180,607631
607180,607654
607180,607677
607180,607696
607180,607715
607180,607736
607180,607758
607180,607770
607180,607791
607180,607817
607180,607838
607180,607855
607180,607872
607180,607893
607180,607919
607942,607961
607974,607988
607990,608002
608041,608060
608104,608127
608143,608162
608143,608189
608143,608209
608143,608221
608143,608245
608143,608266
608143,608284
608143,608307
608143,608324
608143,608348
608376,608395
608143,608416
608143,608437
608143,608459
608463,608485
608492,608503
608143,608519
608143,608535
608143,608557
608143,608574
608143,608590
608143,608617
608143,608638
608143,608655
608143,608672
608693,608714
608746,608767
608798,608812
608831,608854
608865,608877
608865,608896
608910,608934
609014,609033
609046,609051
609098,609112
609131,609154
609177,609196
609219,609235
609177,609257
609261,609288
609219,609290
609177,609316
609177,609337
609219,609359
609392,609411
609448,609469
609448,609482
609509,609521
609509,609545
609566,609584
609566,609606
609566,609623
609509,609647
609509,609668
609681,609702
609448,609725
609509,609741
609566,609760
609787,609804
609566,609827
609843,609862
609889,609901
609566,609929
609964,609986
610016,610037
610085,610102
610085,610125
610156,610173
610156,610194
610230,610253
610276,610295
610276,610314
610276,610333
610351,610379
610276,610398
610351,610419
610435,610457
610351,610474
610351,610490
610351,610517
610435,610538
610351,610555
610276,610572
610351,610593
610351,610615
610351,610636
610351,610658
610351,610670
610276,610691
610712,610731
610435,610754
610435,610777
610712,610796
610276,610810
610276,610834
610435,610852
610435,610875
610899,610913
610351,610932
610966,610984
610966,611001
610966,611029
611055,611072
610966,611093
610966,611119
611055,611135
610966,611157
611055,611174
610966,611190
610966,611212
610966,611231
610966,611254
611055,611277
611310,611334
610966,611352
611399,611415
611427,611443
611399,611458
611399,611470
611399,611491
611518,611539
611399,611556
611573,611594
611628,611644
611671,611692
611671,611713
611671,611732
611766,611784
611797,611807
611811,611830
611797,611895
611946,611967
612008,612020
1242229,612065
612106,612123
612147,612168
1242229,612181
955874,612229
1242229,612240
612303,612326
956014,612361
612390,612414
955874,612433
1242229,612451
955874,612479
612480,612507
612524,612548
955874,612569
1242229,612582
612303,612609
955874,612621
955874,612645
612666,612684
1242229,612700
955874,612728
955874,612744
955874,612763
612802,612825
612860,612887
955874,612904
955874,612927
1242229,612943
1242229,612962
1242229,612989
1242229,613003
955874,613026
1242229,613042
955874,613061
955874,613088
1242229,613100
1242229,613128
955874,613144
1242238,613192
1242229,613214
1242229,613233
955874,613251
955874,613279
955874,613298
1242229,613312
613331,613354
956014,613377
1242229,613396
613417,613438
613417,613455
955874,613472
955874,613493
613527,613543
1242229,613562
1242229,613589
1242229,613602
955874,613625
1242229,613641
955874,613660
955874,613687
1242229,613706
955874,613723
1242229,613747
956014,613768
1242229,613781
612147,613821
1242229,613845
613850,613878
613897,613911
1242229,613930
955874,613953
955874,613976
612147,614013
1242229,614032
1242229,614050
614084,614107
614148,614169
614218,614239
614256,614273
614304,614327
614362,614389
614410,614434
614410,614452
614410,614475
614531,614554
614583,614605
614633,614651
614680,614701
614680,614729
614680,614740
614680,614764
614680,614786
614793,614819
614680,614826
614835,614842
614861,614888
614680,614900
614680,614928
614680,614944
614680,614963
614680,614985
614680,615005
614680,615022
614680,615046
614680,615067
614680,615080
614680,615108
614680,615120
614680,615149
614680,615165
614680,615183
614680,615203
614680,615226
614680,615242
614680,615261
614680,615288
614680,615300
614680,615328
614680,615344
614680,615363
614680,615385
614680,615407
614793,615424
614680,615430
614793,615453
614680,615469
615476,615495
615509,615513
614680,615521
614835,615532
615476,615550
615509,615566
614680,615578
614835,615584
614680,615606
614680,615623
614680,615647
614680,615668
614680,615681
614680,615702
614680,615725
614680,615741
614680,615760
614680,615787
614680,615804
614680,615827
614680,615843
614680,615862
615891,615917
615891,615938
615964,615986
616047,616068
616099,616113
616204,616227
616204,616243
616204,616262
616204,616289
616317,616338
616317,616355
616317,616372
616393,616412
616317,616431
616317,616454
616317,616477
616496,616514
616317,616533
616317,616551
616317,616579
616317,616598
616317,616611
616317,616630
616317,616653
616317,616676
616317,616695
616317,616719
616757,616774
616800,616828
616885,616902
616941,616960
616941,616987
616994,617018
616941,617039
616941,617056
617094,617115
617127,617136
616941,617158
616941,617170
617209,617221
617209,617245
617209,617266
617209,617284
617209,617307
617209,617324
617209,617348
617209,617369
617209,617382
617209,617400
617416,617437
617209,617444
617209,617463
617209,617485
617492,617519
617209,617526
617209,617542
617492,617561
617209,617574
617209,617590
617209,617617
617209,617638
617209,617655
617664,617686
617209,617693
617209,617714
617209,617733
617209,617751
617209,617779
617209,617798
617209,617812
617820,617849
617854,617865
617209,617877
617209,617896
617209,617910
617209,617934
617492,617952
617820,617968
617209,617981
617209,618007
617209,618024
617209,618048
617209,618069
617209,618082
617209,618105
617209,618122
1282436,618198
618200,618228
1282436,618237
618244,618259
618263,618271
618200,618292
1282436,618302
618244,618318
618263,618325
618200,618341
1282436,618356
1282436,618409
618200,618421
1282436,618432
1282436,618450
1282436,618478
618497,618510
618497,618534
618581,618608
618620,618649
618677,618696
618736,618758
618736,618770
618791,618817
618829,618840
618791,618864
618791,618886
618791,618903
618791,618926
618791,618942
618791,618961
618791,618988
618791,619004
618829,619027
618791,619043
618791,619062
618791,619089
618791,619101
618791,619129
618791,619140
618791,619164
618791,619186
618791,619206
619210,619234
618791,619247
618791,619268
618791,619281
618791,619309
618791,619321
618791,619345
618829,619366
618791,619384
618791,619402
618791,619425
618791,619441
619473,619494
619473,619516
659161,619537
619473,619559
619571,619619
619473,619635
619473,619657
619473,619674
619473,619690
619473,619711
619473,619730
619473,619753
619473,619776
619473,619795
619571,619814
619473,619833
619473,619851
619473,619879
619473,619898
619473,619912
619473,619931
619473,619954
619983,620005
619983,620033
619473,620051
619473,620079
619473,620098
619473,620112
619473,620131
619473,620154
619473,620177
619571,620196
619473,620219
619571,620235
619473,620257
619473,620274
619473,620290
619473,620316
619473,620337
620392,620411
620392,620430
620469,620482
620513,620532
620513,620550
620584,620606
620610,620623
620634,620647
620652,620668
620610,620681
620610,620702
620610,620725
620610,620741
620584,620760
620610,620773
620787,620794
620634,620804
620652,620815
620610,620836
620610,620858
620610,620870
620610,620891
620610,620917
620610,620938
620610,620955
620610,620972
621013,621032
620610,621050
620610,621078
621013,621097
620610,621111
620610,621130
621169,621202
621218,621239
621241,621260
621218,621273
621304,621327
621358,621370
621358,621391
621358,621410
621475,621499
621508,621512
621565,621583
621622,621646
621680,621701
621740,621764
621793,621819
621842,621861
621916,621937
621916,621959
621916,621971
621916,621992
621916,622018
622041,622060
621916,622087
622041,622104
622136,622158
622136,622170
622221,622245
622284,622307
622330,622353
622395,622416
622444,622463
622485,622503
622526,622542
622561,622588
622601,622629
622693,622714
962517,622733
622751,622779
622808,622820
622831,622849
622865,622883
622923,622947
622981,623007
623024,623048
623082,623105
623133,623151
887792,623198
887792,623216
623237,623259
622865,623271
623024,623292
623325,623341
622865,623360
622865,623387
623409,623421
623432,623445
622865,623466
622865,623484
623523,623547
623568,623581
622865,623608
623631,623654
623237,623677
623631,623696
623727,623743
623770,623791
623817,623838
623864,623886
623903,623926
623957,623974
623990,624017
624038,624055
624086,624103
622561,624126
624142,624161
624188,624208
624038,624220
624249,624265
624038,624283
624306,624323
622561,624375
622561,624399
624436,624458
962517,624470
624491,624518
624541,624560
624587,624600
624249,624628
624659,624671
622981,624692
622751,624713
624491,624732
624766,624784
887792,624807
624824,624848
622865,624869
622865,624882
622865,624905
624188,624922
624188,624946
624967,624980
625000,625028
625000,625044
622981,625063
625092,625118
1031788,625160
962517,625187
625224,625248
622865,625269
622561,625282
625314,625333
625351,625379
887792,625398
962517,625419
624249,625435
625457,625474
625488,625501
962517,625540
624249,625564
624249,625586
625604,625627
625658,625670
962517,625691
625749,625765
625749,625783
625847,625868
625913,625932
625950,625978
626036,626058
626101,626129
622561,626140
626186,626206
626252,626275
626281,626299
626309,626313
626350,626378
626402,626425
626350,626441
626456,626473
626494,626516
626537,626559
626571,626592
626619,626635
626661,626688
747546,626724
628205,626753
747546,626769
628205,626795
747546,626805
747546,626822
747546,626846
626619,626867
626619,626880
747546,626908
747546,626920
747546,626949
747546,626965
747546,626983
747546,627008
747546,627020
627054,627077
747546,627096
747546,627110
627134,627152
626619,627175
627199,627217
626661,627238
747546,627255
747546,627272
627286,627303
626619,627319
627286,627335
626619,627342
627357,627374
627388,627405
627388,627422
626619,627446
627467,627480
627507,627524
747546,627548
626619,627569
626661,627582
747546,627609
627613,627632
747546,627645
627650,627678
747546,627684
627507,627700
626661,627728
627054,627744
627199,627763
747546,627802
627825,627841
627507,627860
627507,627887
747546,627904
747546,627927
627970,627991
747546,628019
627825,628035
627199,628057
747546,628074
747546,628090
747546,628116
626619,628137
626619,628159
626661,628171
626661,628192
628205,628222
747546,628233
627650,628251
747546,628267
628280,628308
747546,628320
747546,628349
747546,628365
747546,628383
747546,628401
628429,628440
626619,628464
627970,628486
747546,628504
747546,628527
747546,628543
747546,628562
626619,628589
747546,628602
747546,628625
627970,628641
747546,628660
747546,628687
628706,628723
747546,628747
747546,628768
747546,628781
747546,628809
747546,628821
626619,628845
627825,628866
626619,628884
626619,628907
626661,628924
747546,628948
628429,628969
747546,628982
747546,629006
747546,629047
747546,629068
627199,629081
747546,629109
747546,629121
747546,629145
747546,629166
747546,629184
747546,629204
628280,629227
626619,629243
747546,629262
747546,629289
626619,629301
629317,629338
628280,629340
747546,629364
747546,629386
626619,629408
747546,629420
747546,629449
747546,629465
626619,629483
747546,629505
747546,629522
747546,629546
747546,629567
626661,629580
626619,629607
626619,629624
626661,629648
747546,629669
747546,629682
747546,629703
747546,629726
628429,629742
628429,629761
628429,629788
629790,629816
629844,629863
747546,629885
747546,629902
747546,629925
747546,629941
747546,629960
747546,629987
747546,630001
747546,630029
747546,630040
747546,630064
627650,630086
747546,630093
747546,630119
747546,630135
747546,630157
747546,630174
627199,630212
747546,630231
747546,630254
747546,630277
747546,630296
747546,630310
627970,630334
747546,630352
747546,630375
747546,630399
747546,630415
747546,630436
626619,630458
626661,630470
626619,630491
747546,630518
747546,630539
626661,630556
627467,630573
630600,630628
627199,630644
747546,630663
626619,630685
630709,630721
626661,630745
747546,630766
628205,630784
747546,630797
628205,630811
747546,630824
628205,630848
747546,630853
747546,630876
630882,630905
628205,630922
747546,630933
626619,630951
747546,630979
747546,630998
627467,631039
630882,631056
628205,631060
747546,631073
747546,631094
747546,631115
747546,631136
631143,631162
627199,631189
747546,631209
628205,631221
747546,631232
626619,631250
747546,631278
747546,631297
628429,631311
747546,631330
626619,631353
747546,631376
630882,631395
747546,631400
747546,631428
626661,631444
627507,631463
626661,631485
627199,631503
626619,631526
631143,631542
628205,631561
747546,631574
747546,631590
626619,631617
626619,631638
747546,631655
747546,631672
747546,631693
747546,631714
747546,631733
626619,631751
747546,631779
747546,631798
747546,631812
747546,631831
627507,631854
626661,631877
747546,631896
747546,631910
747546,631934
631143,631952
747546,631975
747546,631999
627199,632013
747546,632032
747546,632050
747546,632078
627199,632097
747546,632111
627054,632130
632169,632182
627199,632202
627199,632225
627199,632241
627199,632260
747546,632287
747546,632304
631143,632327
626619,632343
747546,632362
626661,632389
626619,632406
747546,632423
627825,632447
747546,632468
626619,632481
626661,632508
632512,632531
632549,632565
747546,632577
627199,632583
626619,632605
747546,632622
628205,632646
747546,632651
747546,632679
626619,632698
626619,632717
747546,632738
627467,632755
747546,632772
747546,632793
747546,632819
747546,632835
747546,632857
632916,632937
632944,632963
632971,632985
632992,633015
633027,633036
633062,633089
633117,633138
633164,633186
633206,633223
633252,633275
633281,633299
633309,633313
633309,633332
633309,633350
633309,633378
633309,633397
633309,633418
633309,633439
633309,633456
633487,633500
633537,633559
633537,633571
633537,633592
633619,633635
633619,633657
633674,633690
633707,633724
633619,633730
633707,633753
633619,633769
633674,633782
633674,633805
633822,633846
633822,633867
633898,633912
633898,633931
633965,633983
661328,634033
634098,634112
634149,634165
634196,634219
634196,634235
634257,634274
634300,634328
697922,634344
697922,634363
634371,634392
697922,634407
697922,634424
697922,634448
697922,634469
697922,634482
697922,634509
697922,634521
697922,634545
697922,634566
634371,634584
697922,634597
634371,634610
697922,634623
697922,634647
697922,634668
697922,634681
697922,634702
634718,634739
697922,634741
697922,634760
634718,634787
697922,634794
634718,634815
697922,634827
634858,634870
634858,634891
634858,634917
634858,634938
634858,634955
634858,634972
634858,634993
634858,635010
634858,635034
634858,635052
634858,635075
634858,635099
634858,635113
634858,635132
635145,635166
634858,635178
634858,635197
634858,635236
634858,635258
634858,635270
634858,635291
634858,635317
634858,635338
634858,635355
634858,635372
634858,635393
634858,635412
635420,635449
634858,635454
635477,635496
635505,635514
634858,635533
635598,635611
635624,635630
635669,635682
635719,635735
635761,635788
635800,635828
635859,635871
635800,635918
635941,635960
635973,635994
636030,636053
636069,636076
636030,636095
636069,636105
636030,636122
636069,636133
636151,636179
636180,636198
636069,636216
636069,636263
636069,636285
636069,636302
636318,636339
636069,636356
636069,636373
636069,636394
636069,636413
636421,636445
636069,636466
636069,636484
636069,636506
636069,636523
636069,636547
636069,636568
636069,636581
636030,636608
636069,636612
636318,636631
636069,636649
636654,636677
636683,636696
636069,636704
636069,636727
636069,636743
636069,636762
636683,636789
636069,636791
636801,636817
636069,636838
636069,636855
636069,636872
636069,636919
636069,636935
636069,636957
636069,636974
636069,637019
636069,637035
636069,637057
636069,637074
637090,637116
636069,637137
636654,637159
636069,637163
636069,637185
636069,637205
636069,637222
636069,637246
636069,637267
636318,637280
637298,637312
636069,637320
636421,637349
636801,637354
636069,637365
636069,637383
636069,637401
636069,637429
636069,637440
636069,637464
636069,637486
636069,637504
636069,637527
637536,637558
637536,637570
636069,637591
636069,637618
636069,637639
636069,637656
636069,637673
636069,637694
636069,637710
636069,637734
636069,637752
636069,637775
636069,637799
636318,637813
637821,637832
636030,637850
636069,637866
637878,637897
636069,637907
636069,637924
636069,637948
637953,637976
636069,637982
636069,638008
636069,638020
636069,638049
636069,638065
636801,638083
636069,638096
636069,638110
636069,638134
636801,638152
636069,638168
636069,638181
636069,638201
636069,638229
636069,638240
636069,638264
636069,638286
636069,638303
638335,638357
713595,638414
638433,638451
713595,638479
713595,638498
713595,638511
638989,638576
713595,638595
713595,638613
713595,638632
638530,638650
638666,638684
638697,638700
638716,638728
638737,638744
713595,638759
713595,638771
713595,638792
713595,638818
713595,638839
713595,638856
713595,638873
713595,638894
713595,638915
638530,638936
713595,638958
713595,638970
638989,639000
713595,639016
713595,639037
713595,639059
713595,639071
713595,639092
713595,639118
713595,639139
713595,639156
713595,639173
713595,639194
713595,639211
713595,639230
713595,639253
713595,639276
713595,639295
713595,639314
713595,639333
713595,639351
713595,639379
713595,639398
639419,639435
713595,639457
639490,639517
639529,639538
639540,639555
639564,639572
639586,639593
639586,639615
639636,639658
639586,639670
639586,639691
639586,639712
639586,639731
639754,639777
639586,639796
639810,639834
639847,639852
639586,639875
639586,639899
639636,639913
814631,639932
639754,639966
639586,639984
639586,640003
639754,640026
639754,640042
640074,640090
640074,640116
640137,640159
640074,640171
640074,640192
640222,640246
640279,640298
640074,640312
640074,640331
640279,640354
640074,640377
640074,640396
640074,640417
640074,640438
640074,640455
640074,640472
640074,640493
640074,640515
640074,640536
640074,640558
640074,640570
640074,640591
640074,640618
640074,640639
640074,640656
640074,640673
640074,640694
640074,640710
640074,640734
640074,640752
640074,640775
640074,640799
640074,640813
640074,640832
640074,640850
640074,640878
640897,640911
640897,640930
640948,640969
640074,640982
640074,641004
640074,641027
640074,641043
640074,641062
640074,641089
640074,641101
640074,641129
640074,641140
640074,641164
640074,641186
640074,641206
640074,641223
640948,641247
640074,641252
640074,641275
640074,641299
640074,641313
640074,641332
640074,641350
640074,641378
640222,641397
640074,641418
640074,641439
640074,641456
641460,641487
640074,641494
640074,641516
641528,641544
641559,641563
641460,641571
640074,641585
640074,641603
640074,641626
640074,641642
641674,641690
641724,641748
641724,641769
641782,641805
641833,641851
582120,641879
627467,641898
627467,641949
627467,641965
627467,641983
627467,642006
627467,642047
627467,642068
627467,642081
627467,642132
642145,642166
642145,642184
628205,642236
596603,642270
596603,642291
747546,642301
747546,642317
747546,642338
747546,642340
626619,642372
583085,642393
583085,642412
591729,642431
861498,642454
861498,642477
642505,642522
595777,642546
584431,642567
636069,642580
593683,642607
584703,642624
584703,642648
642676,642695
642735,642757
642800,642828
642871,642892
861962,642960
245191,642987
643055,643072
643119,643135
643119,643157
643174,643190
643174,643212
643265,643283
643334,643352
643381,643404
643436,643458
643502,643525
643502,643541
716173,643616
716224,643663
643713,643732
643784,643807
643811,643824
643882,643905
910975,643951
643980,644007
644053,644076
644105,644122
644180,644200
644259,644271
644339,644356
765242,644373
304700,644394
644413,644432
644506,644523
644552,644575
644552,644599
644620,644649
644696,644715
644727,644736
644743,644758
644770,644791
644801,644817
644864,644886
644935,644957
957265,645008
645054,645077
645110,645134
645147,645152
645181,645201
645217,645229
645240,645264
645335,645357
645335,645374
645422,645446
645498,645511
645524,645530
645553,645576
645498,645595
645524,645609
645553,645621
645678,645697
645716,645737
645763,645785
645678,645802
645856,645873
645904,645927
645958,645970
645989,645991
646045,646066
646111,646130
646148,646153
981818,646195
813914,646218
646260,646287
646358,646370
646358,646391
956120,646468
646512,646531
646512,646554
646605,646622
646633,646646
646651,646667
646605,646680
646633,646698
646651,646701
836274,646772
646803,646826
758136,646890
646944,646963
646944,646985
647044,647063
647118,647139
647118,647156
691063,647224
691063,647248
647282,647305
647322,647346
647379,647398
647442,647461
647490,647517
647538,647555
565697,647572
566468,647593
647643,647662
647691,647712
647731,647754
647777,647796
647777,647810
647834,647852
647875,647899
300846,647913
647966,647984
648014,648033
648079,648098
648108,648112
862001,648154
980985,648196
648226,648242
648261,648288
648300,648328
648371,648392
648448,648469
648495,648513
648545,648566
648597,648610
519385,648634
648681,648702
648739,648756
648787,648804
648836,648858
648889,648901
648955,648972
649002,649025
649073,649094
649073,649115
649162,649189
649245,649266
649278,649284
649245,649307
649278,649311
649369,649382
649416,649437
649463,649485
422033,649503
649557,649574
649601,649629
649655,649672
649705,649722
649779,649798
649849,649865
649896,649910
649947,649968
650018,650039
650087,650104
650136,650158
650189,650209
650232,650250
650307,650324
650353,650376
650400,650428
650459,650471
650503,650526
650574,650590
974381,650655
650672,650693
650746,650767
650812,650831
650883,650906
650934,650952
651100,651128
651159,651171
651222,651246
651222,651267
469314,651280
651312,651331
651383,651401
651455,651472
651504,651527
651570,651591
651625,651641
649655,651660
649705,651687
779640,651734
779640,651752
649162,651775
651809,651821
651878,651897
651924,651948
651976,651995
652046,652067
652112,652131
652165,652183
652235,652257
652288,652300
652359,652371
652424,652448
519005,652469
518854,652482
507353,652509
649416,652521
649463,652545
422033,652566
816992,652634
816992,652652
652702,652725
652702,652741
320090,652760
652815,652836
652891,652917
652938,652955
906913,652993
906913,653016
804354,653059
775507,653092
917206,653125
689020,653141
653160,653187
653207,653224
653253,653276
962426,653351
917206,653442
984118,653488
848860,653538
561313,653604
649416,653636
649463,653662
388728,653691
205113,653765
653810,653834
653881,653909
653932,653950
972601,653978
653403,653997
513546,654010
654023,654034
654068,654081
654099,654109
654113,654121
654150,654178
906615,654227
654262,654289
654291,654301
654364,654386
654408,654420
654465,654483
654533,654551
650232,654611
654624,654630
229487,654653
229439,654676
654726,654742
992959,654816
654837,654859
654902,654925
655011,655030
655069,655082
1012000,655151
655133,655179
655200,655228
655244,655263
264083,655285
655339,655356
655387,655409
655421,655445
645217,655466
655510,655534
495907,655547
655599,655612
655649,655665
750835,655715
270733,655736
270733,655758
655801,655829
655872,655893
655903,655926
655942,655961
596603,656012
644696,656065
644727,656083
520456,656152
293096,656175
264530,656199
207768,656217
656238,656255
656272,656293
564840,656361
656390,656414
656433,656451
656479,656498
202130,656530
656569,656576
911953,656621
656650,656678
656697,656716
656737,656759
656771,656792
656841,656860
656894,656915
320214,656936
656943,656962
656991,657015
657043,657062
322496,657089
657117,657138
657164,657186
645989,657206
657252,657275
959320,657313
621169,657366
657397,657418
962670,657456
1004319,657494
657544,657563
657592,657619
646148,657688
657748,657769
992992,657805
657846,657867
992971,657908
654837,657920
992959,657949
238170,657965
657996,658013
1282436,658066
658097,658111
658169,658182
658241,658260
992992,658287
657748,658304
992971,658327
657846,658343
654837,658362
658410,658434
658468,658481
992971,658508
657846,658520
658549,658565
939557,658614
247079,658633
658679,658698
1009602,658740
658755,658764
263189,658786
355541,658803
517285,658826
618547,658842
322052,658861
322109,658888
658937,658959
658971,658992
357111,659017
659064,659086
659119,659135
659161,659188
659231,659254
1146526,659306
659352,659375
659427,659443
659470,659491
992992,659518
657748,659539
659560,659587
659637,659659
659663,659685
385145,659709
962670,659721
1004319,659745
300748,659766
659784,659807
659830,659853
390583,660081
660150,660178
660197,660215
660258,660270
660329,660340
660420,660449
209351,660496
573642,660522
660579,660598
207734,660669
660719,660735
660761,660788
788522,660859
666899,660902
660956,660973
660994,661014
661046,661067
661098,661112
661165,661183
661219,661235
779640,661300
661328,661344
661371,661392
432781,661411
661469,661482
635761,661532
661550,661578
255625,661597
301102,661610
661647,661668
661699,661718
661741,661760
746307,661787
661827,661843
661870,661891
831044,661940
648300,661986
662019,662035
662088,662100
540355,662163
662192,662214
662246,662267
662246,662280
766052,662312
662365,662383
662417,662438
293096,662455
662486,662504
662527,662543
994316,662591
662625,662641
662673,662694
662723,662747
662799,662813
662866,662884
662948,662969
662982,663008
662948,663020
663077,663096
658937,663110
993015,663152
992992,663175
663229,663240
992971,663264
992959,663286
663326,663342
663388,663405
663446,663467
663507,663524
657748,663548
657846,663569
654837,663582
663609,663621
657748,663645
657846,663666
654837,663684
663700,663728
663744,663763
992992,663785
657748,663802
992971,663825
657846,663841
654837,663860
992959,663887
643784,663991
664136,664158
664209,664221
664232,664245
536910,664297
538086,664348
487471,664369
664382,664400
664437,664459
1052694,664471
519453,664526
664557,664574
664590,664617
881512,664638
1012380,664655
764890,664705
519668,664722
664751,664779
664808,664820
664590,664849
763192,664896
747682,664947
747630,664999
665017,665038
665040,665064
665072,665086
857437,665142
665161,665188
234092,665208
235091,665220
233150,665249
238672,665265
665283,665306
665334,665352
955793,665375
333667,665399
322178,665415
665443,665462
665491,665518
353181,665539
353238,665556
353286,665573
665594,665616
665637,665659
651222,665671
320515,665692
665721,665745
665778,665797
665807,665811
665869,665882
508534,665905
665914,665922
507307,665946
294297,665967
917252,666000
653295,666028
200713,666044
255558,666063
689020,666085
917206,666092
775507,666102
527368,666173
822984,666224
664437,666253
666305,666322
666351,666379
666403,666426
666474,666490
234092,666517
565152,666538
635761,666555
644552,666572
831044,666627
227353,666691
333667,666712
322178,666731
666823,666847
666899,666913
206053,666966
206069,666984
237122,667009
237179,667021
237228,667045
1012875,667111
469314,667130
667153,667176
667239,667218
202066,667256
205761,667287
804354,667294
667304,667315
667327,667336
965440,667391
199724,667410
201232,667452
952228,667481
201232,667499
947746,667531
948167,667577
201722,667596
767221,667614
667633,667651
667667,667679
906913,667698
201981,667738
202944,667755
205761,667764
207625,667786
207602,667826
667772,667842
207602,667861
667772,667874
878559,667890
689020,667900
878559,667916
667928,667937
992971,667971
668015,668036
992992,668058
992959,668070
668091,668117
668140,668164
736908,668234
668345,668366
862174,668439
668487,668500
668592,668619
668592,668635
672501,668707
668753,668776
668795,668814
668851,668879
964275,668920
668977,668996
673509,669030
669082,669105
669151,669179
668592,669198
668592,669216
668592,669237
668592,669259
668592,669271
668592,669292
669302,669325
669373,669394
668592,669413
669421,669432
862174,669450
849435,669523
849435,669547
669612,669631
862174,669654
849435,669677
669762,669789
669762,669801
669762,669829
669855,669872
669919,669935
669957,669974
534252,669990
534309,670012
534378,670031
534425,670054
670077,670096
670110,670134
670110,670152
256041,670175
255995,670199
256041,670217
260846,670238
260748,670255
533337,670272
670326,670342
670390,670414
670467,670480
670530,670553
862174,670576
670613,670632
670650,670678
444367,670697
444435,670716
670763,670785
670792,670802
767221,670860
634858,670887
670904,670927
670958,670970
911953,671007
911982,671011
671053,671076
806502,671095
671105,671114
671122,671133
200721,671179
671228,671244
671271,671292
671325,671341
671373,671394
203500,671432
203500,671450
206581,671497
649947,671510
643980,671534
650883,671552
671575,671599
255171,671612
671649,671665
513546,671677
654023,671683
671736,671758
671762,671770
671789,671791
644696,671817
644727,671829
1153006,671840
671855,671872
671886,671903
671919,671935
643119,671942
671957,671961
671974,671990
643174,672000
672016,672028
672071,672092
672141,672160
672173,672187
672230,672253
672282,672305
672351,672379
794401,672435
672442,672457
672501,672529
672572,672593
672643,672662
672691,672712
672765,672783
672834,672852
672868,672875
672909,672921
672950,672978
672984,672997
672442,673014
673067,673080
1117370,673120
673177,673196
673226,673242
794401,673257
673363,673385
673363,673407
673469,673482
673509,673521
673566,673584
673610,673634
673675,673699
673964,673986
674015,674036
674058,674070
674089,674091
674015,674117
674138,674155
674015,674172
674058,674193
674089,674206
674138,674223
674015,674247
674058,674268
674309,674321
674350,674378
674402,674425
674441,674460
674516,674537
674559,674571
878089,674626
674657,674674
674707,674724
674753,674776
674805,674822
674851,674879
782942,674920
674954,674977
675003,675026
200807,675100
675116,675137
675163,675185
675192,675214
675233,675251
675279,675298
858568,675365
675396,675417
871385,675464
675536,675558
675591,675618
675625,675639
675673,675694
675706,675710
675768,675781
675768,675809
675813,675821
675832,675845
675768,675866
675768,675884
675930,675953
675969,675976
675982,676002
676025,676041
676056,676060
676094,676115
676143,676162
676191,676213
676191,676232
676191,676250
676278,676297
676191,676311
676330,676353
676369,676382
676369,676400
676191,676428
676444,676463
676485,676503
676557,676574
676485,676590
676617,676638
676655,676672
716028,676714
676693,676733
676751,676779
676444,676798
676812,676831
676693,676854
676883,676906
959504,676952
677648,676981
677132,677145
677150,677178
699656,677184
677215,677236
677289,677301
677338,677340
677386,677393
1034781,677449
1034799,677465
676968,677483
677505,677522
677551,677579
959455,677598
959486,677611
959504,677630
959493,677669
959504,677676
959486,677695
677726,677742
677726,677761
677774,677790
959515,677816
959527,677828
959440,677844
959440,677863
677939,677956
678001,678029
678072,678093
678072,678119
678188,678208
678188,678220
678334,678352
678415,678436
678489,678502
678541,678560
678541,678587
678637,678659
678713,678732
678778,678797
678811,678830
202861,678895
678951,678979
679013,679032
679078,679097
679148,679169
679195,679218
679239,679256
679315,679336
679389,679406
679452,679475
679549,679565
679614,679633
679698,679717
679740,679764
679793,679819
679857,679874
679857,679890
521636,679963
680011,680030
680011,680053
680114,680133
852303,680198
852303,680216
947376,680285
680318,680339
680356,680373
680394,680413
680466,680484
680547,680568
680599,680612
680649,680665
680715,680736
680762,680789
680762,680801
680838,680855
680886,680903
680935,680957
681006,681023
681034,681052
681068,681081
681113,681132
681166,681184
681236,681258
681289,681301
680466,681329
681355,681372
681408,681420
681449,681465
681289,681483
681514,681533
681068,681551
681236,681579
681607,681624
681676,681695
681742,681761
681800,681828
681837,681859
681871,681892
681902,681925
681939,681956
1203569,681973
681994,682015
681994,682036
682043,682062
682091,682117
682155,682172
682186,682206
682252,682275
861856,682299
682321,682345
682384,682402
682439,682456
682500,682528
682563,682585
682619,682635
679614,682657
682707,682724
682753,682776
682822,682846
682879,682898
682949,682965
683013,683032
683066,683084
683111,683130
683169,683182
683218,683239
683287,683304
683336,683358
683362,683389
683423,683447
683423,683468
683508,683520
683549,683565
683614,683633
646512,683651
683701,683729
683772,683793
683826,683842
683890,683916
683944,683963
683992,684019
684042,684061
426433,684088
426507,684100
426576,684128
912940,684144
912993,684163
962207,684185
684233,684251
684280,684308
684349,684365
684396,684417
684464,684486
684527,684543
684591,684618
678001,684639
684687,684706
684734,684752
684809,684821
964603,684897
684948,684969
685018,685025
685073,685094
685115,685136
685189,685209
685232,685250
685307,685324
685376,685395
685444,685463
356823,685485
356899,685503
206076,685526
685574,685590
756331,685664
659427,685686
685714,685733
382452,685751
685808,685820
685854,685877
685923,685947
685999,686017
686064,686086
686135,686157
686208,686220
686277,686296
686323,686347
230475,686368
686415,686436
686462,686489
686525,686541
1019218,686560
442142,686587
442212,686600
686659,686671
686709,686721
686778,686797
686848,686869
686914,686933
686980,687005
687051,687079
687120,687149
687196,687219
687261,687288
687337,687359
687337,687371
687424,687448
687495,687513
687545,687566
687610,687634
687668,687681
687668,687702
687756,687773
687827,687843
643713,687862
687891,687917
687938,687955
688000,688028
688071,688092
688141,688160
358977,688187
199724,688207
965440,688211
562682,688230
965440,688253
688269,688276
201232,688295
952228,688314
201232,688333
952228,688351
201232,688367
201250,688380
201232,688403
952228,688426
201232,688435
201250,688442
688461,688488
202045,688517
202944,688538
688586,688572
203140,688593
203193,688615
877985,688662
782919,688708
814942,688749
782990,688783
205761,688806
203805,688852
207625,688875
207625,688899
917252,688909
653295,688913
917206,688932
775507,688945
917206,688966
207656,688984
207660,689012
207687,689031
689020,689049
653071,689065
878559,689083
689106,689123
645678,689147
689175,689199
485407,689217
235846,689238
235795,689255
689286,689303
700136,689374
796980,689446
673177,689467
636069,689480
756279,689569
689609,689621
838006,689697
858114,689744
630882,689759
270485,689825
689887,689904
689943,689962
690015,690036
690101,690129
690155,690172
816614,690234
690268,690281
690313,690332
690366,690384
690418,690439
690418,690456
674707,690473
988968,690563
690571,690585
690592,690603
690619,690626
690635,690642
690657,690661
690674,690688
690657,690690
927257,690707
518877,690711
690674,690724
518981,690730
519022,690748
806399,690795
806368,690846
690867,690880
690931,690954
690983,691000
207768,691044
691063,691085
644552,691102
691139,691156
691207,691224
691253,691276
691346,691367
691419,691435
691442,691461
691474,691488
691517,691538
691540,691564
691636,691658
700136,691720
691783,691806
691847,691868
691913,691932
692007,692024
692030,692053
692105,692122
692133,692151
692237,692259
692325,692341
524728,692394
692445,692466
692510,692534
692581,692608
692654,692677
692727,692743
692770,692791
692872,692893
692942,692961
693018,693039
678778,693056
962670,693073
1004319,693094
872656,693143
226551,693162
520268,693189
955577,693232
693266,693284
693330,693353
693400,693428
519453,693444
244734,693463
244775,693485
693535,693557
693601,693629
538998,693655
538415,693686
538525,693714
655133,693733
693751,693779
693877,693896
693923,693947
693999,694012
662527,694031
694134,694152
743154,694272
694303,694326
694357,694374
694390,694414
673177,694433
201041,694451
201056,694479
600391,694498
694511,694530
694553,694576
783693,694684
858114,694700
694728,694744
626456,694763
266371,694785
275292,694802
694856,694873
201812,694894
694927,694943
259717,694989
695021,695045
695078,695097
256590,695111
361562,695130
226047,695195
864564,695239
864564,695256
695358,695370
1242229,695391
955358,695410
255558,695434
695468,695481
695508,695520
695583,695605
964603,695622
255558,695646
320171,695667
448896,695680
320214,695701
989261,695772
681994,695826
682043,695842
695890,695916
695963,695985
696033,696051
696067,696079
304012,696098
322178,696112
874209,696131
232157,696154
237228,696177
696203,696226
995774,696274
343523,696337
238284,696359
204993,696371
204889,696392
835928,696424
696476,696495
696513,696532
696550,696578
205719,696597
354574,696610
355381,696634
264650,696652
618829,696675
696702,696725
696741,696760
696858,696870
203500,696901
696917,696929
696972,696993
697029,697040
697029,697064
246135,697086
325697,697103
394529,697126
697142,697161
697190,697212
697249,697265
697296,697310
697334,697352
697399,697415
207768,697436
747145,697458
747145,697470
747546,697491
627507,697518
239371,697539
645181,697556
955111,697600
697628,697644
594174,697663
697671,697692
910975,697713
697766,697784
237007,697807
208335,697824
208374,697848
323381,697869
239773,697882
697922,697946
687120,697967
635761,697980
698010,698034
208595,698081
698113,698132
698166,698184
698204,698243
698291,698317
698340,698364
644552,698386
636069,698408
230294,698420
1031871,698449
244673,698465
698514,698533
864662,698551
209627,698579
209636,698598
698624,698648
200231,698669
200249,698682
200254,698703
200265,698726
698742,698761
698790,698816
698844,698863
671649,698885
698939,698956
482744,698973
699003,699026
635761,699061
699116,699137
689887,699159
699163,699171
695468,699192
699205,699214
699222,699246
677420,699267
677454,699279
699222,699280
699312,699331
699365,699383
699401,699429
699401,699440
1040098,699464
1040108,699486
1040112,699493
1040098,699504
699591,699618
699625,699639
945371,699673
852303,699747
1010238,699768
699799,699813
699878,699897
699930,699953
699982,700002
700025,700041
700056,700073
700087,700094
700104,700115
700136,700158
700189,700209
700266,700284
700297,700307
700324,700348
700353,700369
700376,700382
700395,700400
677052,700428
981342,700437
981390,700444
699401,700463
828489,700535
700601,700629
700655,700672
700714,700733
700767,700780
700831,700854
822529,700910
994794,700968
700999,701019
701061,701088
701061,701100
701128,701144
758221,701205
701312,701331
701349,701365
800743,701464
1052747,701493
701527,701543
927274,701570
968001,701602
701687,701706
895654,702014
702033,702051
702165,702183
702203,702226
702242,702261
702794,702815
949571,702938
702940,702964
703276,703295
703322,703346
703379,703398
703426,703442
703806,703823
703847,703868
703881,703909
703921,703945
703966,703984
704006,704023
704047,704068
704081,704109
704301,704329
704340,704364
704386,704408
704420,704449
891656,704669
819444,704719
705114,705133
705244,705263
918406,705919
705942,705961
705990,706012
706049,706065
918565,706110
706147,706168
985275,706217
918772,706264
706293,706319
706342,706361
706511,706530
706666,706684
706700,706728
706744,706763
706785,706802
707089,707101
1181322,707223
931313,707456
707711,707730
707782,707805
707983,708009
708032,708050
708294,708315
708343,708362
708531,708554
708651,708679
708793,708819
936890,708944
708963,708985
709038,709055
709103,709126
709174,709190
783693,709594
709946,709967
710477,710496
710682,710703
710757,710774
710892,710918
711290,711316
920053,711469
969679,711532
711652,711675
711938,711889
843977,712026
714437,714459
714437,714471
676693,714492
714542,714561
714590,714617
650746,715055
626661,715072
715093,715119
715142,715161
715231,715254
733413,715306
715334,715352
623631,715427
671649,715443
519938,715489
715518,715539
312490,715556
312490,715573
715594,715616
715659,715671
689609,715692
715713,715732
616150,715778
858114,715797
858114,715811
858114,715830
783693,715853
715905,715922
676751,715946
676751,715967
255171,715980
676751,716000
716028,716044
716028,716063
671736,716085
716028,716102
645989,716125
716173,716194
716224,716248
266371,716269
239773,716282
643713,716305
716322,716346
904519,716398
651100,716435
716457,716474
261615,716490
955287,716538
257034,716555
716572,716593
693751,716615
766052,716689
901940,716712
871337,716731
716765,716783
716796,716806
716810,716823
716834,716847
716852,716868
716921,716932
716945,716950
716966,716978
717111,717130
717148,717153
989261,717176
717225,717241
717294,717315
717362,717389
717434,717452
717508,717520
994067,717596
717646,717667
717717,717738
717740,717755
697766,717772
717826,717842
717874,717890
717944,717963
718015,718036
665334,718058
718091,718117
648300,718138
880183,718140
488715,718155
580655,718172
718206,718223
494724,718234
862001,718252
980985,718275
718321,718345
718321,718366
718418,718439
718460,718487
718460,718500
448999,718528
718571,718592
718571,718619
718642,718661
747145,718688
718730,718753
678489,718776
718805,718822
718879,718898
718949,718965
718996,719011
719048,719069
395867,719082
395983,719105
719151,719179
852199,719198
719244,719263
719292,719318
719360,719387
719432,719450
719506,719523
719575,719599
719575,719612
719665,719683
719736,719758
719789,719801
719855,719872
719855,719893
719942,719961
719990,720017
720040,720064
720093,720119
719942,720135
720157,720174
720220,720249
659231,720283
720334,720352
720381,720404
720458,720470
720525,720541
720573,720594
720644,720663
720713,720732
690313,720750
720784,720807
690268,720824
720784,720848
690313,720869
690366,720882
690418,720905
720933,720951
720933,720979
720998,721018
721039,721056
680762,721073
721104,721127
721170,721191
995774,721232
721266,721284
721330,721353
721400,721428
721459,721471
721526,721542
721640,721664
721714,721733
721780,721808
721831,721854
721883,721906
721934,721952
721981,722009
722050,722078
722107,722124
722153,722176
722202,722225
722256,722273
659998,722327
660047,722370
722423,722447
722499,722512
722549,722565
722596,722614
697766,722633
722667,722680
722701,722729
722755,722772
722826,722842
722874,722890
722928,722944
722971,722992
527368,723015
723043,723062
723117,723138
1230809,723186
723117,723206
723210,723234
1230809,723252
723281,723309
723350,723378
723350,723397
723441,723460
723441,723487
723537,723559
723585,723603
723657,723674
723724,723748
723795,723814
723846,723867
723912,723931
723965,723983
724033,724051
724108,724120
724177,724196
724226,724242
724274,724290
724108,724316
724177,724337
724363,724385
724226,724407
724363,724424
724177,724448
724226,724469
724513,724532
724566,724584
724652,724675
724718,724739
724177,724756
724363,724773
724177,724794
724226,724815
724226,724836
724177,724858
724363,724870
724901,724929
724177,724940
724226,724964
724363,724986
724177,725006
724226,725023
725052,725075
725121,725145
725178,725197
725227,725243
575099,725262
725291,725317
725364,725386
725412,725431
725465,725483
724363,725505
724177,725522
724108,725546
725579,725598
724274,725611
725703,725726
725703,725742
725790,725816
1221317,725837
725178,725859
725121,725871
725227,725892
724108,725918
725939,725956
725960,725973
725994,726011
726024,726030
726048,726053
726114,726133
726146,726151
726167,726179
265009,726198
726216,726237
726259,726271
696203,726318
348694,726339
726360,726387
726413,726432
726413,726450
696787,726478
485098,726497
726510,726534
371231,726552
864662,726575
650883,726599
726612,726631
726696,726715
315061,726736
232381,726758
716572,726801
246306,726829
246352,726840
678778,726864
266371,726886
247385,726903
203724,726926
204274,726942
227444,726961
204929,726988
204993,727003
206409,727026
696858,727042
303820,727061
324677,727088
232750,727100
269074,727128
235846,727144
432781,727163
239773,727185
208595,727205
208632,727222
458349,727246
727267,727280
226047,727308
1004319,727320
958408,727417
958408,727438
958408,727455
958408,727472
958408,727493
958408,727515
270485,727536
718321,727558
304134,727570
304134,727591
304134,727618
304134,727639
304134,727656
304134,727673
747145,727694
727710,727734
237575,727752
858114,727775
266509,727799
262631,727813
872656,727832
874189,727845
500028,727866
671736,727884
671762,727897
671789,727907
488926,727924
489268,727930
489155,727948
727969,727982
495589,728008
495562,728012
728049,728065
728077,728083
728096,728106
728110,728123
728134,728147
506837,728168
507266,728175
728201,728229
510605,728240
510577,728255
511240,728264
516570,728286
516527,728293
516558,728303
644696,728326
671919,728342
671957,728357
671974,728374
672016,728388
799008,728414
648300,728433
728479,728498
1242229,728511
507353,728530
506941,728548
728553,728569
728595,728613
747546,728632
204889,728650
604380,728678
609509,728697
622561,728716
985642,728759
713595,728771
728802,728825
728873,728894
494473,728915
495057,728927
494674,728943
582891,728962
583085,728989
596657,729000
729016,729037
514230,729085
514269,729102
857751,729139
528006,729156
594093,729173
729194,729211
766052,729230
747546,729253
729276,729295
729322,729346
514555,729367
514604,729379
591729,729398
592714,729419
527594,729435
522339,729457
645989,729474
729529,729540
522631,729593
634858,729615
729708,729720
729777,729796
719942,729810
720093,729834
536561,729875
729921,729945
729978,729997
730005,730014
730046,730067
730112,730131
730183,730203
730235,730257
730300,730328
730385,730407
780690,730448
730476,730495
730509,730513
730584,730606
730652,730675
730725,730741
730794,730815
730938,730955
731032,731009
755544,731021
766258,731045
731097,731111
731148,731169
798868,731202
731260,731287
1017483,731343
731391,731410
731447,731468
682091,731481
655942,731508
731554,731577
1230639,731646
731717,731738
731717,731755
731717,731772
731717,731793
731717,731819
731717,731835
731717,731857
731717,731874
731717,731890
731717,731916
731717,731937
731717,731959
731717,731971
718571,731992
732041,732060
731717,732087
732115,732136
732115,732158
732115,732170
732221,732245
200347,732324
200375,732369
200381,732400
732471,732492
732519,732535
732471,732557
732629,732640
732714,732733
200732,732751
718879,732779
684396,732798
732820,732849
732877,732896
732923,732947
733076,733095
733122,733146
733179,733198
733228,733244
733263,733285
733302,733325
337917,733341
718571,733360
782122,733432
733484,733506
733534,733552
733575,733599
733620,733649
733665,733683
733715,733736
733758,733770
733791,733817
733864,733886
733903,733926
733990,734017
734055,734072
734103,734126
734142,734161
734188,734208
734249,734265
734347,734368
734415,734436
734458,734470
734525,734541
676444,734637
734685,734709
204815,734778
734848,734869
734848,734882
734946,734967
734979,734980
734946,735000
734979,735016
735063,735085
735139,735156
735160,735187
905086,735230
735282,735305
735351,735379
735426,735442
1110757,735461
735426,735488
1110788,735490
735426,735517
735457,735529
698742,735593
715594,735615
735670,735691
304012,735712
735765,735783
735834,735852
652235,735875
731717,735899
731717,735913
731717,735932
731717,735950
731717,735978
731717,735997
732115,736015
732115,736036
732115,736058
731717,736070
731717,736091
731717,736117
731717,736138
731717,736155
731717,736172
731717,736193
736210,736234
270485,736252
736309,736321
1020100,736366
643980,736402
735834,736441
764169,736460
671649,736487
736500,736528
871407,736559
731032,736571
755544,736585
766258,736592
226695,736661
226483,736711
226695,736730
226483,736753
877985,736822
736851,736879
736908,736920
244734,736949
244775,736965
281164,736983
280884,737008
836274,737077
227018,737096
247079,737152
341124,737175
269163,737199
427571,737217
430735,737238
388422,737255
652288,737272
652235,737293
649655,737319
649705,737335
737390,737414
464079,737433
737451,737479
304700,737569
737595,737613
737632,737650
737678,737697
694255,737716
737737,737759
737771,737792
689609,737818
737839,737856
822529,737873
700999,737894
737943,737962
737943,737989
738003,738026
737943,738042
737943,738061
737943,738088
737943,738100
738144,738163
645904,738233
645856,738280
738331,738354
738383,738401
738438,738455
738558,738570
763687,738591
738602,738618
808852,738639
738558,738656
763687,738660
738602,738673
808852,738687
754913,738752
738768,738781
715231,738799
738809,738813
738821,738832
738866,738884
738897,738907
738911,738924
738930,738948
738866,738969
738897,738976
738911,738982
738930,738995
738768,739010
715231,739023
738809,739034
738821,739047
739099,739113
739121,739132
739145,739150
739099,739178
739121,739184
739145,739197
738768,739215
715231,739227
738809,739236
738821,739243
738866,739262
738897,739270
738911,739289
738930,739291
739317,739338
739340,739355
739386,739408
739412,739420
739431,739449
739465,739483
739496,739505
739386,739522
739412,739533
739431,739546
739579,739598
739607,739611
739669,739682
737771,739703
739719,739726
739788,739800
739859,739871
739925,739941
739973,739994
740008,740012
740049,740065
737737,740083
199931,740106
583085,740123
232381,740147
232381,740168
232381,740181
740238,740255
740264,740272
650883,740293
514230,740319
514269,740326
747145,740357
644180,740374
740422,740446
740422,740467
740507,740524
740530,740548
740595,740613
522339,740632
740678,740697
740678,740716
519938,740737
519938,740759
249181,740771
249096,740792
652235,740818
740841,740860
364611,740887
388613,740904
208553,740927
208569,740943
237122,740962
741011,741030
741069,741082
792544,741151
792571,741179
741228,741244
741259,741263
741318,741339
741341,741356
806848,741409
741432,741450
755494,741497
731032,741510
755544,741534
766258,741552
741620,741649
741677,741696
644696,741715
644727,741727
1153006,741736
679452,741762
779640,741789
677420,741801
677454,741817
699222,741829
699222,741840
650746,741864
741893,741919
741935,741957
741974,741990
742028,742044
742063,742085
226695,742102
226483,742125
715231,742141
738809,742156
742160,742173
742207,742224
742253,742276
322052,742295
742379,742398
673226,742419
673226,742435
523400,742457
691063,742474
410024,742490
373233,742517
742586,742604
742670,742691
742712,742731
650672,742754
974381,742777
687120,742796
380368,742834
742899,742913
742921,742932
237122,742950
700136,742997
743014,743033
743014,743051
698113,743079
698113,743098
694255,743112
694255,743131
743154,743177
743154,743196
234092,743219
235091,743235
901940,743242
743257,743261
743274,743290
743359,743371
955111,743392
743424,743448
743453,743476
743509,743521
743566,743584
743509,743606
743566,743623
738331,743647
743699,743718
743773,743794
743827,743843
743929,743940
954507,743993
744036,744058
744036,744070
744129,744140
744129,744164
744186,744206
858114,744223
858497,744321
962670,744345
801719,744366
858497,744441
858497,744460
744500,744528
744688,744707
871337,744724
871385,744748
858568,744769
237007,744782
901940,744795
674657,744867
674707,744880
674753,744908
782942,744920
744954,744977
904104,745026
745057,745074
745100,745128
962670,745144
801719,745163
745222,745246
275292,745267
665283,745280
801719,745308
341343,745320
727267,745365
645989,745383
659119,745417
313794,745438
228082,745455
731717,745504
732115,745543
731717,745562
731717,745589
731717,745602
732115,745625
731717,745641
731717,745660
732041,745706
320090,745723
743699,745747
665334,745768
745813,745832
745866,745884
745924,745948
745924,745969
694255,745982
917252,746060
201232,746127
746213,746232
644552,746250
201638,746348
746376,746395
203724,746535
232381,746557
232381,746574
737632,746590
746640,746664
789866,746767
248314,746780
611310,746854
746906,746923
259013,746947
746999,747010
746906,747034
727267,747052
514810,747109
747145,747166
747215,747236
747145,747258
995774,747329
747145,747412
204929,747431
204889,747454
747496,747514
237007,747607
747630,747653
747682,747703
747761,747788
747828,747844
747828,747863
747761,747885
747761,747902
585007,747987
748017,748038
748103,748126
748254,748277
748296,748310
748399,748415
748462,748489
748556,748573
826664,748644
748721,748745
748811,748830
748869,748882
958408,748979
465270,748998
749097,749111
749148,749169
670763,749182
749239,749256
731032,749327
205726,749343
824851,749554
824898,749605
201812,749679
749717,749738
749786,749803
749861,749888
749900,749928
693923,749944
749861,749963
749900,749985
693923,750009
750021,750045
680466,750078
750111,750130
750327,750343
750434,750452
751374,751390
751576,751595
1014642,752001
1014711,752040
1014674,752135
565524,752161
752174,752190
752212,752231
752254,752277
752399,752415
752436,752458
752489,752502
752539,752556
752587,752600
752659,752671
752721,752745
773811,752797
773869,752848
752876,752895
753197,753215
753289,753301
753338,753355
753386,753408
753505,753522
753579,753598
753844,753863
753892,753918
639754,754059
927606,754367
754380,754403
754426,754442
754474,754490
754529,754540
754572,754593
1230809,754615
754643,754662
754691,754712
836274,754783
754810,754834
737632,754852
684349,754909
754913,754932
664437,754950
852303,754978
681800,754997
816992,755043
755140,755164
755210,755234
755275,755299
527368,755313
524728,755350
816992,755378
730652,755397
755425,755441
755544,755563
755603,755626
755657,755674
719942,755690
691139,755711
655133,755730
755769,755782
665283,755805
1112832,755879
205719,755898
205726,755912
756019,756035
756116,756137
756163,756185
756205,756222
756279,756298
756331,756354
520004,756377
458527,756440
645763,756464
904519,756486
645335,756558
738897,756570
756625,756641
645147,756660
756710,756734
756747,756752
756850,756878
347943,756897
756924,756948
756982,757007
858114,757024
858114,757048
757076,757095
757133,757151
660761,757179
232750,757198
757373,757394
757373,757413
757421,757445
757450,757466
757478,757484
757523,757547
871430,757568
871337,757575
781538,757612
783693,757631
757665,757683
757696,757704
757727,757743
757758,757762
757791,757817
757829,757838
757840,757855
757864,757872
757903,757926
757957,757974
758018,758039
758041,758056
527594,758094
522339,758115
758136,758158
485098,758170
758191,758213
758221,758245
758297,758311
489138,758369
645989,758382
901858,758428
758444,758463
758492,758519
742253,758535
644552,758557
758588,758601
758629,758640
758672,758693
758722,758746
758798,758812
758865,758883
758981,759005
759051,759079
759108,759120
759177,759196
759242,759261
298101,759288
995774,759363
696203,759385
650672,759407
974381,759424
964603,759448
747546,759469
255171,759482
237179,759509
652235,759521
649705,759545
649655,759566
759584,759606
736851,759652
736908,759702
646148,759725
759741,759760
766052,759787
759794,759804
759815,759827
759836,759843
759870,759891
974381,759917
792544,759964
521346,760044
521367,760063
369427,760085
760139,760156
760187,760207
760230,760253
760282,760305
760333,760351
645989,760379
746640,760398
760419,760435
760457,760474
760490,760517
644696,760555
698844,760627
651222,760643
760689,760708
512587,760712
512637,760731
512692,760754
673177,760796
760823,760847
760978,760997
761040,761064
761072,761093
831044,761119
331166,761135
331215,761157
262631,761174
761208,761220
736500,761277
761323,761347
801522,761415
698204,761436
521322,761462
761502,761525
787830,761594
660761,761616
826968,761663
836165,761685
761732,761750
761784,761807
761811,761830
761848,761853
761905,761922
827788,762031
762049,762054
682091,762152
762201,762229
762272,762293
762342,762361
762374,762390
762507,762524
762553,762576
766052,762595
766052,762613
762666,762684
762716,762737
521978,762785
794137,762856
762904,762927
762970,762991
763088,763100
901940,763159
763192,763214
763267,763280
644696,763308
763320,763349
763365,763383
763464,763486
736908,763504
763515,763536
800497,763562
763687,763706
763710,763734
580041,763752
763809,763821
763878,763897
763948,763969
763995,764013
764045,764066
764045,764084
764107,764124
764169,764182
764218,764239
730652,764260
764389,764406
673226,764423
764475,764499
764549,764565
304700,764583
764793,764819
764890,764916
731032,764992
320214,765014
320171,765033
765080,765108
581673,765177
727267,765196
765242,765261
765482,765509
994794,765521
737632,765545
765606,765623
765634,765647
738331,765668
765699,765718
765739,765756
715093,765827
671974,765870
643174,765891
672016,765917
827695,765986
765993,766006
761784,766023
766052,766075
766081,766109
766113,766121
766145,766166
839948,766227
766291,766317
766338,766355
683549,766408
683508,766454
682155,766483
766533,766551
233109,766579
766624,766648
203537,766669
203544,766682
802062,766735
766828,766844
671736,766863
488926,766885
737632,766902
564445,766941
564445,766960
564341,766987
767025,767041
869870,767094
554401,767115
564758,767127
255995,767143
256041,767162
659119,767189
266509,767209
767221,767245
322496,767266
767297,767311
767348,767369
767382,767400
767416,767437
265009,767459
689609,767471
684464,767492
801828,767561
767590,767617
238127,767638
767664,767686
871385,767705
804354,767733
767798,767812
578020,767831
480211,767877
767906,767923
298101,767947
233816,767968
262704,767981
206421,768007
944239,768024
768030,768048
768146,768167
768216,768237
655133,768259
1230639,768302
789504,768341
665980,768360
768394,768413
573983,768445
768466,768484
768510,768534
901940,768568
237007,768581
391943,768608
768631,768654
768683,768704
484890,768727
768743,768762
768791,768817
760059,768886
1101639,768919
760028,768935
203299,768988
1013108,769058
1013098,769070
807725,769172
769223,769247
769299,769313
665334,769332
575099,769350
769418,769439
769456,769473
1105360,769528
769559,769571
865707,769642
769690,769711
561313,769782
769880,769908
770026,770042
770144,770163
770185,770205
770251,770279
770308,770320
744309,770349
740507,770365
770396,770417
770440,770464
770486,770504
770515,770536
770562,770589
300846,770602
835928,770625
770639,770656
770660,770673
764107,770734
533993,770775
698204,770799
801522,770813
801505,770832
770884,770907
731554,770924
770948,770969
771089,771101
208553,771129
208569,771140
771193,771210
771247,771268
772197,772215
772258,772270
772317,772338
772355,772372
772505,772522
772598,772611
772669,772682
772828,772844
772956,772973
772987,773001
773017,773038
702597,773055
773190,773212
773249,773265
773628,773644
773663,773685
773692,773713
773721,773732
773745,773750
773766,773778
773784,773807
773811,773830
773848,773853
773869,773882
773895,773905
773914,773933
773946,773967
773979,773980
773998,774011
774024,774030
774048,774069
774076,774095
774105,774122
774133,774151
774167,774180
774198,774216
774228,774244
774271,774292
774325,774341
774356,774373
774409,774421
717874,774445
774450,774478
774484,774506
774547,774568
774575,774599
774608,774620
774631,774654
774665,774683
774696,774715
774727,774736
774762,774789
774791,774817
774829,774840
774926,774942
774957,774974
774988,775008
775012,775031
775065,775083
201002,775134
775147,775168
775175,775181
775201,775229
775238,775255
775357,775374
775405,775422
775697,775716
775763,775785
817160,775802
775818,775825
775915,775927
775936,775958
659119,775970
776045,776066
776153,776176
776202,776225
782942,776256
878036,776287
786964,776327
322496,776343
776389,776406
776423,776447
776468,776481
767382,776508
776520,776549
331372,776565
533337,776583
776633,776651
776740,776764
672442,776835
658097,776857
347123,776874
347303,776890
347390,776916
762083,776937
799008,776971
533407,776992
533453,777016
777044,777063
777230,777253
754643,777276
777305,777322
777379,777398
691063,777419
694511,777435
777540,777564
777593,777615
278176,777627
698204,777636
777754,777777
777783,777796
777806,777810
777823,777834
777847,777852
777868,777875
777881,777899
777909,777913
777945,777966
777978,777984
777997,778005
778014,778022
778033,778046
778051,778067
778079,778080
778098,778108
778112,778120
778131,778149
778154,778165
778196,778219
778226,778235
778242,778257
778261,778274
778288,778290
778300,778316
778328,778337
778344,778359
778363,778371
778385,778392
778407,778424
778430,778448
778453,778469
778476,778482
778495,778509
778513,778521
778532,778545
778550,778566
778578,778584
778647,778668
715093,778681
778739,778756
778773,778794
778827,778843
778891,778917
425510,778938
425413,778955
425466,778972
779002,779025
431033,779041
245812,779060
287627,779087
652235,779104
652235,779127
650746,779143
1012380,779191
779245,779266
1101639,779284
809943,779311
779376,779395
779437,779459
779485,779503
779557,779574
665283,779590
736210,779617
779640,779664
779714,779733
779746,779751
779780,779808
779831,779854
779906,779923
779981,780004
780036,780058
780070,780091
780117,780138
780234,780252
780275,780299
780345,780366
780397,780418
780460,780487
762374,780500
719736,780592
780642,780661
780690,780711
781538,780730
730476,780753
780898,780912
780954,780977
738331,780996
781085,781102
781173,781194
781224,781248
781276,781295
858114,781367
858114,781380
738438,781403
294245,781426
781474,781490
644552,781517
781670,781691
781754,781777
781806,781823
233150,781847
233204,781868
781909,781921
864662,781945
781966,781984
782030,782053
782082,782105
782122,782146
782200,782228
782244,782263
715093,782285
230294,782302
782318,782339
782387,782409
514461,782484
782523,782547
654113,782568
782631,782654
782727,782743
888383,782770
205726,782791
519938,782817
768743,782838
782886,782903
782919,782935
782942,782961
668210,783018
910975,783039
910975,783056
737632,783073
737632,783094
737678,783115
698113,783136
743154,783189
760490,783232
684349,783284
743014,783307
698113,783324
783348,783369
678778,783400
783459,783471
783601,783629
869870,783664
783693,783714
204993,783733
783746,783767
226551,783780
230916,783808
655942,783820
783883,783906
538998,783923
665283,783947
248658,783968
804354,783981
716572,784008
307895,784020
784031,784049
784054,784065
784077,784083
784096,784106
784175,784199
784255,784272
255171,784293
249388,784319
766052,784335
659161,784357
682186,784388
682091,784405
784422,784446
784530,784553
519385,784609
784650,784678
784716,784737
784763,784785
326225,784802
784839,784856
203908,784873
767348,784927
785050,785078
785107,785124
562412,785148
646148,785169
785195,785218
880183,785239
325915,785256
755544,785273
635761,785304
237122,785327
237179,785343
696203,785362
237122,785389
785410,785434
785468,785481
785508,785520
763948,785549
785554,785577
672442,785646
988968,785698
785740,785764
665283,785786
665283,785803
792544,785842
715093,785861
205166,785888
785916,785937
786005,786022
786033,786046
786067,786080
786131,786154
801372,786203
205761,786242
715594,786261
691063,786288
341343,786300
776389,786328
658755,786344
799008,786371
648300,786392
970149,786430
786476,786495
798442,786566
807804,786610
786634,786652
533453,786675
784763,786699
786725,786741
786773,786794
786836,786858
732714,786870
786917,786938
786964,786986
520456,787093
973523,787119
424624,787135
944239,787157
944273,787174
727267,787190
787220,787249
787310,787334
1126935,787375
643713,787399
787443,787462
787491,787518
356708,787539
356899,787556
356823,787573
564840,787600
520626,787637
801431,787659
801483,787671
801546,787692
519938,787713
716028,787732
324677,787750
232750,787778
787807,787824
787830,787853
525819,787876
777689,788006
788081,788109
762374,788121
788184,788204
521636,788270
788301,788329
738897,788340
715231,788364
747145,788386
228450,788408
760490,788420
645678,788496
788522,788546
788579,788598
660761,788611
697628,788630
204929,788653
485098,788676
788742,788761
788844,788863
788892,788918
205034,788939
858568,789026
858568,789042
715231,789116
626619,789137
789163,789185
512525,789205
972601,789246
789267,789280
789383,789401
789417,789438
204889,789455
789472,789493
789504,789515
789570,789591
1004319,789618
789625,789641
572596,789660
789687,789706
643980,789723
789734,789752
789775,789799
789809,789813
762049,789832
789866,789884
671974,789907
789911,789924
962670,789969
738438,789982
666899,790007
790030,790053
696972,790082
731717,790105
691139,790122
760187,790146
973523,790167
712486,790180
964603,790200
1005937,790244
322496,790263
964782,790285
809943,790292
1101639,790302
521346,790339
208894,790356
790409,790421
790450,790478
790497,790510
671919,790534
235441,790552
910975,790575
522696,790599
250684,790612
643119,790631
799008,790677
526112,790704
662088,790743
644552,790762
270733,790789
266226,790801
269602,790829
662246,790840
650672,790864
762666,790886
790926,790942
676751,790961
698844,790988
791047,791068
791099,791113
298814,791132
791166,791184
736210,791204
791236,791258
760059,791329
791355,791372
791420,791449
791454,791477
693751,791496
791546,791567
791611,791630
791653,791676
791695,791719
644864,791735
643713,791757
558749,791871
791939,791956
716173,791973
792043,792062
230963,792089
792164,792186
792234,792252
792309,792321
792350,792378
792402,792425
792460,792487
792516,792537
792544,792563
792571,792585
792592,792603
792657,792674
792657,792690
235912,792711
792769,792782
792846,792867
792912,792931
792996,793013
793078,793097
682091,793111
681871,793130
681902,793153
793218,793239
793241,793256
1051316,793327
793370,793391
731260,793447
793475,793499
793549,793565
793549,793583
793614,793633
736210,793651
793680,793701
793738,793755
793786,793803
754913,793842
793857,793861
888383,793888
793944,793963
794019,794035
794042,794057
794100,794128
794137,794144
762839,794163
794214,794233
758221,794280
671736,794308
794354,794377
794401,794429
794455,794472
794527,794543
794589,794602
794639,794656
794660,794673
794706,794723
794752,794775
794845,794866
794976,794995
795056,795073
795127,795143
795158,795162
795311,795330
795376,795395
270588,795416
795485,795503
795535,795557
684349,795574
678778,795617
795655,795672
795767,795780
548494,795808
548441,795820
550791,795849
762374,795865
229782,795883
229833,795906
644696,795910
1153006,795923
795947,795968
495536,795975
495562,795981
796001,796029
796055,796072
796157,796174
796157,796190
796220,796249
796277,796296
856184,796347
796368,796381
796368,796404
837671,796443
796525,796541
314494,796600
682186,796628
682091,796644
807203,796671
796709,796721
796750,796778
735834,796824
906913,796869
236687,796882
591241,796933
255171,796951
796980,797005
797033,797051
797079,797098
264650,797112
797183,797196
668091,797235
904519,797257
766258,797274
731032,797288
204430,797300
797344,797363
797371,797385
797424,797448
797675,797699
995774,797739
694255,797756
797787,797804
836274,797827
757696,797843
665334,797862
665334,797889
206478,797901
762839,797929
792544,797940
762374,797964
729322,797972
643980,797993
798044,798063
798092,798118
798125,798139
492658,798141
798173,798194
798207,798211
798224,798230
816992,798253
957404,798322
957436,798346
958408,798419
743274,798435
807787,798461
206076,798488
798615,798636
676751,798658
798670,798691
798765,798783
798796,798810
798834,798852
731182,798881
849224,798899
798950,798978
398115,798997
799008,799020
648300,799031
207625,799077
799168,799181
689020,799217
678876,799238
747145,799255
799361,799388
799414,799433
799451,799479
799480,799507
901940,799511
852303,799530
204993,799553
799609,799621
576864,799645
799678,799697
1052694,799716
1052747,799744
236464,799763
500984,799785
793423,799860
856774,799887
799936,799958
799962,799970
799936,799991
799962,800007
800024,800048
800076,800095
323458,800114
766113,800133
901940,800179
871337,800198
800200,800216
801522,800237
801505,800244
698204,800259
229439,800271
249728,800341
643980,800360
506800,800373
800421,800445
800497,800484
1101639,800506
783693,800523
800534,800547
800599,800612
970149,800649
671919,800665
671974,800683
819444,800715
671974,800736
800743,800758
836274,800770
800801,800829
694201,800840
800864,800886
800926,800942
800974,800990
801047,801068
801081,801109
801113,801121
801132,801145
644864,801166
652235,801184
861498,801204
801215,801236
801243,801258
881680,801317
801408,801420
801431,801449
698204,801454
801465,801477
801483,801496
801505,801514
801522,801533
801546,801551
731260,801630
1004818,801682
801719,801735
801757,801774
801790,801816
801828,801837
801871,801892
801956,801973
917206,802015
207660,802036
689020,802058
802062,802089
802117,802138
802164,802186
745003,802206
754913,802252
802299,802313
802366,802384
802418,802439
871337,802456
901940,802460
802473,802487
802500,802528
802537,802544
871337,802563
871407,802585
564341,802603
655011,802626
730509,802635
802661,802688
802753,802776
802782,802795
781085,802867
802898,802912
802949,802965
781173,803013
781224,803050
781276,803097
952228,803107
694511,803124
803176,803195
803202,803218
803225,803239
803287,803304
803315,803336
803389,803406
803452,803475
920263,803520
803549,803565
596603,803583
803622,803646
201714,803667
521636,803680
803717,803738
803764,803786
803835,803857
803835,803874
803928,803944
804003,804026
804074,804090
804251,804279
804280,804298
781474,804312
824898,804331
205761,804377
804383,804401
804472,804493
689106,804515
804562,804589
804618,804639
804687,804706
804710,804723
804781,804809
804832,804850
804866,804884
804897,804907
804832,804911
804924,804930
804948,804953
804969,804976
804982,804995
805060,805087
805115,805136
796220,805170
856184,805213
266509,805232
805353,805376
805382,805395
805416,805437
805444,805459
805485,805503
805519,805526
805557,805574
805588,805590
805638,805655
805664,805672
805705,805722
805733,805746
805779,805798
805808,805812
805865,805883
805906,805923
805934,805947
805952,805975
806001,806029
806072,806093
806126,806142
806174,806190
684976,806212
806265,806283
529673,806334
806347,806352
806368,806381
806399,806415
806462,806489
806502,806525
782942,806541
878089,806560
674707,806616
736851,806637
806685,806709
806721,806745
806797,806811
672442,806869
764475,806882
908186,806905
806933,806951
731032,806967
237122,806980
237122,807005
237122,807022
237122,807046
807079,807098
807149,807165
807177,807183
202842,807226
911775,807242
807274,807290
767664,807316
807344,807363
731554,807385
731032,807407
755544,807411
698204,807430
801505,807448
801522,807453
801546,807469
807476,807482
807532,807550
731447,807578
807584,807597
807606,807623
789472,807634
789504,807647
807725,807741
807756,807773
807787,807794
807804,807815
807827,807836
807843,807858
807787,807870
807804,807889
668091,807901
807993,808016
808063,808085
808141,808160
799678,808194
871196,808211
808224,808230
808269,808282
808295,808305
300846,808322
691063,808346
852240,808419
808442,808461
808490,808517
789472,808538
789504,808540
808615,808636
808691,808712
808765,808783
808823,808847
808852,808868
563587,808881
563616,808899
563659,808913
563685,808921
799008,808932
738602,809031
521636,809054
521636,809077
207625,809096
917252,809106
659119,809152
941254,809175
485098,809199
1053841,809264
905086,809286
809433,809451
809569,809582
809700,809728
809737,809759
809785,809802
809839,809856
809887,809904
809915,809927
809943,809962
791355,810003
779906,810026
904104,810042
810057,810061
485371,810088
644696,810137
801828,810159
781806,810171
662019,810192
810205,810214
206568,810233
810280,810308
581673,810320
716457,810349
779640,810365
810417,810438
810464,810486
810493,810504
810515,810536
298101,810558
810589,810602
810618,810625
810641,810660
810768,810781
810809,810821
810850,810878
232381,810897
735063,810911
236618,810953
811015,811036
226483,811058
811155,811172
811186,811193
665283,811210
811252,811275
811299,811313
249728,811332
527368,811384
802062,811425
738734,811473
294297,811494
671762,811516
671736,811528
811585,811603
811657,811674
811688,811690
808852,811753
738602,811776
763687,811795
664382,811833
664437,811879
684349,811898
812052,812075
952228,812113
812184,812204
812243,812262
234426,812289
869870,812317
783693,812338
812386,812408
654204,812420
495536,812431
766081,812454
247344,812477
766052,812496
266509,812514
812567,812580
812607,812624
201981,812669
202944,812682
226412,812703
766081,812726
766113,812735
744309,812816
812863,812885
201428,812902
761323,812925
761323,812941
782990,812987
736851,813029
736908,813040
877985,813064
736851,813086
878089,813119
736908,813135
813161,813188
813190,813208
813231,813254
766081,813277
766113,813283
813296,813310
904104,813334
794401,813352
813427,813443
813427,813462
813525,813541
813556,813560
762666,813587
813637,813659
813709,813721
616150,813745
813797,813811
755544,813830
561965,813882
813914,813933
813967,813980
813998,814007
814024,814048
814053,814069
689609,814082
767382,814105
715594,814122
814167,814180
814237,814259
814302,814325
901940,814341
802473,814356
743257,814360
871430,814387
871407,814409
871430,814413
814547,814568
814547,814581
741011,814654
814736,814758
814791,814817
782990,814855
782942,814872
782919,814919
814942,814961
815012,815031
815049,815054
815083,815106
815110,815123
815152,815175
786131,815201
815217,815229
801372,815255
815264,815272
634098,815293
815303,815326
234517,815342
262704,815361
815388,815405
815433,815451
815467,815479
815480,815498
815530,815553
696858,815576
681994,815595
682043,815613
815666,815684
815716,815737
815763,815785
815818,815839
815860,815887
815936,815958
815962,815970
758136,816013
816045,816066
973523,816084
816111,816130
816153,816176
747546,816195
676191,816218
816225,816241
744309,816260
901940,816287
871385,816294
854549,816315
237007,816336
816389,816406
816423,816447
816452,816468
816531,816554
429525,816596
816614,816633
816646,816667
738438,816680
760028,816701
760059,816717
816729,816738
760490,816755
249181,816772
644864,816793
716173,816819
716224,816835
648300,816857
799008,816861
648300,816888
799008,816890
816944,816963
816992,817016
817028,817037
230916,817224
817276,817295
721213,817314
208123,817333
817346,817351
817379,817398
206791,817488
527368,817529
795127,817540
795158,817555
655011,817572
910975,817593
735063,817627
817658,817670
817689,817691
817708,817712
817720,817731
919979,817765
817777,817783
817796,817806
817810,817823
869870,817847
958408,817899
644696,817913
731717,817932
817966,817984
818033,818051
818079,818098
818131,818154
818235,818257
818290,818316
818290,818337
796277,818385
818411,818430
818411,818453
818476,818495
818476,818513
818532,818550
818532,818578
818597,818610
818597,818634
818681,818702
818741,818760
816992,818787
818794,818815
1004818,818836
562364,818858
757727,818870
818889,818901
818917,818938
818940,818955
818964,818972
818986,819002
819041,819060
757665,819073
819087,819094
819104,819115
757696,819127
676191,819143
792544,819191
819278,819297
819416,819437
819444,819463
741387,819519
731013,819535
741478,819557
205925,819590
743827,819617
681994,819655
682043,819686
780117,819705
697029,819733
616150,819751
958408,819779
643980,819798
819849,819865
819877,819883
819896,819906
761323,819923
819947,819968
819999,820012
820049,820065
820110,820134
862001,820152
980985,820175
820201,820229
207464,820240
820303,820326
528918,820388
529308,820405
820433,820451
820511,820530
820548,820553
820569,820576
784716,820595
526986,820613
799008,820632
820684,820700
820802,820825
820839,820856
820887,820904
671649,820927
820958,820970
852303,820991
821007,821024
671736,821048
671762,821053
871385,821076
743257,821082
821095,821114
821122,821133
871385,821146
659119,821167
821198,821216
645989,821263
644696,821271
821302,821325
821373,821394
821409,821421
821432,821445
821432,821466
821497,821510
821523,821547
869756,821568
596603,821581
821599,821608
596657,821620
821631,821649
821683,821704
821758,821770
821829,821840
821855,821864
821903,821926
821935,821942
821990,822016
822044,822063
822118,822139
671974,822156
822276,822295
822322,822346
764890,822367
226047,822380
654068,822403
635761,822442
822461,822488
822529,822540
782244,822564
822627,822643
822662,822689
822708,822720
675163,822875
822881,822899
665072,822909
675192,822932
822945,822950
821523,822966
822984,823005
823014,823033
1133432,823051
823067,823080
1133421,823108
780117,823120
823177,823196
823203,823219
823242,823261
823288,823300
803835,823371
758221,823385
671762,823392
823430,823453
823469,823476
823482,823495
671789,823513
671736,823521
671762,823532
489155,823550
488926,823566
489268,823578
823597,823610
743014,823634
823652,823675
261823,823699
235795,823718
235846,823739
765242,823756
823787,823804
757696,823815
783693,823836
783693,823858
554401,823870
881900,823891
762083,823917
823938,823955
201820,823972
824027,824043
1052694,824062
644696,824070
824089,824091
824138,824155
309486,824172
824210,824234
824247,824252
824268,824275
736309,824299
824309,824321
824397,824418
824439,824456
824500,824528
824571,824592
824642,824661
798796,824688
824730,824753
821855,824776
635761,824795
824814,824833
824851,824879
824898,824912
237179,824931
824949,824954
824965,824977
825042,825061
302864,825088
825171,825192
825267,825280
836274,825354
825365,825377
825383,825396
789687,825417
204993,825438
825464,825486
825536,825558
825562,825570
825589,825591
871337,825618
876810,825639
762083,825656
823938,825673
825723,825747
825723,825768
825809,825821
825845,825866
672016,825884
671974,825897
643174,825907
819444,825924
970149,825930
671957,825953
671919,825969
643119,825976
648300,825995
823938,826018
823938,826039
819444,826056
970149,826060
298058,826087
565958,826136
826143,826158
866365,826209
204584,826221
826245,826266
826278,826284
826297,826307
826324,826348
826353,826369
826376,826382
237575,826400
255171,826428
823938,826444
715713,826463
962670,826519
1004319,826557
513546,826561
823938,826588
823938,826601
826629,826640
826664,826686
826733,826751
826808,826820
826968,826849
826865,826883
826906,826923
660761,826947
826968,826981
660719,827006
529349,827052
827099,827113
871430,827132
821095,827150
827166,827178
827184,827204
871430,827215
827236,827258
682949,827329
644727,827338
827386,827408
827431,827454
512692,827465
784763,827483
810515,827533
645989,827551
823938,827579
527368,827598
827624,827648
827653,827669
827676,827682
827695,827703
827695,827726
827735,827757
827761,827774
827788,827800
827816,827828
827788,827837
635859,827859
738438,827871
827939,827956
798868,827973
827987,827994
823938,828017
828064,828086
823938,828103
715231,828126
738809,828135
828174,828190
671919,828212
828283,828306
828310,828323
662019,828347
766624,828368
650672,828381
649655,828404
964603,828427
650883,828443
671575,828462
828489,828502
650883,828525
1052747,828541
671919,828560
828573,828594
1052747,828600
671974,828616
643174,828628
550649,828663
828713,828732
828745,828750
828807,828824
828853,828876
828882,828905
494674,828922
828933,828946
828951,828967
202391,828980
823938,829009
809943,829021
829078,829097
829107,829111
829124,829130
829169,829182
829195,829202
829225,829241
829287,829304
829343,829362
823938,829389
829410,829434
792544,829468
829499,829512
519453,829554
829583,829605
829633,829651
829680,829701
829717,829738
761905,829786
266226,829803
829857,829874
758629,829890
872656,829900
764475,829928
767221,829959
906913,829963
829985,830004
359506,830027
878089,830043
674707,830062
674657,830089
782942,830101
816614,830140
764107,830164
764045,830186
843332,830268
830345,830366
830384,830402
689609,830425
830473,830494
643174,830516
830544,830563
830592,830619
830635,830657
830674,830690
830707,830724
824309,830730
645217,830753
830769,830776
830782,830805
830782,830822
830782,830846
830879,830898
745003,830912
904158,830931
904104,830954
779714,830977
831000,831028
831044,831063
815303,831085
201104,831102
764971,831173
731032,831207
755544,831230
831269,831282
831314,831333
831367,831380
831398,831419
831398,831435
821432,831457
831488,831501
831564,831586
525888,831636
831662,831689
831749,831765
831796,831810
831823,831834
831881,831909
831950,831978
832024,832048
832053,832076
832122,832146
832198,832216
832302,832325
832373,832394
832413,832432
832484,832506
832510,832523
832534,832547
832575,832599
832631,832654
832736,832758
832762,832770
832903,832926
533993,832942
832974,832990
833025,833041
833073,833094
833127,833143
833170,833191
833221,833245
833278,833297
833376,833395
833416,833437
833463,833485
833463,833503
635761,833526
833557,833574
833601,833629
833655,833672
833705,833722
206926,833779
822044,833798
833854,833877
833906,833923
833952,833975
834020,834049
834096,834110
834123,834147
834199,834217
834264,834286
834335,834357
834374,834390
834422,834446
834467,834480
834498,834511
627286,834530
834569,834582
834595,834613
834621,834645
834595,834666
834621,834684
820887,834737
768394,834763
731032,834785
834802,834825
834856,834873
834894,834915
834894,834936
834943,834962
835032,835050
835107,835124
835148,835169
778773,835182
835218,835239
835287,835304
835343,835362
835410,835434
806685,835475
782990,835512
835549,835565
835596,835614
835679,835698
835729,835740
649245,835764
835803,835826
831044,835842
857686,835861
766052,835888
521636,835900
835928,835944
766624,835963
835992,836014
836022,836046
836080,836108
857437,836120
844940,836203
836219,836235
836242,836261
836274,836290
590183,836316
768466,836337
1013098,836359
910975,836371
251198,836392
836407,836424
985642,836430
910975,836453
664437,836476
836495,836513
643980,836532
761905,836550
270733,836578
836623,836647
743154,836668
836681,836702
836741,836760
565524,836787
565989,836804
783693,836827
836836,836858
845483,836870
783693,836891
836929,836940
269602,836964
553772,836986
553835,836993
553772,837001
1052821,837029
766052,837040
1153006,837064
644696,837072
837212,837231
837283,837306
904104,837352
494473,837368
837415,837436
837462,837489
262387,837502
610276,837525
837539,837541
796220,837560
818290,837594
837600,837628
837600,837644
856184,837663
837671,837685
837732,837750
304700,837778
561138,837797
769456,837830
255171,837853
720334,837905
837951,837979
838006,838023
838068,838081
838099,838113
838121,838145
838150,838166
782122,838204
297857,838227
871196,838243
204929,838262
911331,838289
341343,838301
783693,838329
819444,838340
838355,838372
958408,838393
764169,838408
271246,838420
838465,838483
838533,838551
838611,838630
300846,838653
676751,838676
958408,838695
766145,838735
719942,838774
719942,838790
361976,838816
361924,838837
838859,838871
627650,838902
838939,838956
838987,839003
826906,839026
660761,839042
525819,839061
839137,839159
901940,839171
364611,839192
661046,839214
661098,839233
839246,839267
839246,839280
513329,839298
513329,839312
839349,839365
839396,839417
839440,839464
667928,839504
616150,839527
616150,839543
839570,839591
839602,839618
839656,839673
839710,839734
839832,839850
839878,839897
839948,839969
734103,839982
733957,840001
840038,840055
728802,840072
840086,840103
840142,840161
840249,840265
840296,840310
407921,840334
840347,840368
840399,840415
790450,840436
840462,840489
840518,840539
840518,840556
840594,840616
840628,840644
779746,840663
840692,840713
840745,840766
581429,840830
840882,840905
840922,840946
840979,840998
841002,841018
841025,841039
841104,841127
841158,841170
841221,841245
841221,841266
841278,841284
767664,841307
1012380,841324
841353,841376
644552,841395
841444,841463
841492,841519
841542,841561
816992,841638
816992,841655
841686,841705
841767,841780
841820,841849
841865,841883
841865,841906
247290,841923
800864,841947
671649,841968
842013,842032
842084,842107
842124,842148
842195,842218
842241,842260
842315,842336
842389,842406
842434,842452
842481,842508
791047,842549
842554,842565
792571,842577
823938,842596
842622,842646
842755,842772
654099,842793
871430,842826
842916,842937
842944,842959
541675,843036
684349,843058
843101,843129
783693,843140
908186,843155
560723,843164
778647,843247
843275,843299
824500,843313
843332,843350
843418,843439
917206,843456
712486,843473
818889,843487
843537,843559
843585,843603
659161,843619
562364,843635
792544,843657
792571,843661
731032,843674
766258,843688
823938,843707
807804,843724
843795,843814
643713,843833
206478,843851
843867,843879
761323,843898
843949,843965
799008,844005
645989,844022
245629,844046
648300,844067
770660,844080
761784,844098
844112,844131
844154,844177
844235,844257
755544,844290
660761,844316
844328,844337
822754,844359
844363,844371
616150,844392
844430,844453
844482,844509
844550,844578
652235,844597
831044,844610
672016,844634
1052747,844647
671974,844652
643174,844668
910975,844702
487459,844739
644864,844756
844760,844787
671649,844858
844901,844929
844940,844964
529116,844986
557328,845010
716224,845034
836242,845052
765242,845075
845109,845121
203516,845145
810747,845166
252125,845184
910975,845204
845227,845243
671736,845262
205719,845289
845317,845338
246352,845355
246306,845372
845386,845408
757523,845412
845420,845431
845449,845465
757523,845477
845483,845496
743154,845514
684349,845533
845579,845598
845648,845669
845719,845735
845757,845774
858114,845790
858114,845816
845828,845844
858114,845863
858114,845885
229833,845902
845918,845939
534635,845956
845973,845994
846024,846048
561138,846082
846151,846179
846198,846216
322496,846237
831044,846259
758136,846271
846325,846341
650672,846360
689609,846387
846413,846432
846450,846478
799008,846497
715713,846510
846547,846568
846581,846608
768683,846620
846654,846665
846677,846683
846677,846704
846736,846758
715093,846770
846801,846829
760059,846840
846864,846886
206259,846903
846935,846957
846988,847003
807787,847026
847171,847192
676655,847214
206466,847233
206478,847251
777044,847279
542312,847298
799008,847312
796980,847331
796980,847354
671649,847377
847455,847472
796980,847493
796980,847515
676751,847536
676751,847558
676191,847570
847618,847639
847641,847660
847673,847687
1143079,847706
847747,847768
847775,847781
1230639,847809
847813,847832
1013108,847866
1013098,847878
847995,848012
848049,848065
978976,848083
697142,848096
848175,848199
848201,848229
808852,848264
848272,848286
872656,848293
910975,848319
826968,848357
660761,848374
660719,848390
848422,848446
848498,848511
826968,848530
848553,848576
783693,848621
848650,848678
848700,848728
787807,848759
876810,848771
848792,848818
848825,848839
766081,848841
848860,848887
848943,848962
848970,848991
531285,849016
821095,849037
871337,849044
248868,849063
849102,849125
849173,849194
790030,849230
801505,849253
801505,849269
849295,849314
643980,849333
849351,849379
652235,849398
819444,849419
779906,849457
521367,849461
849564,849586
849636,849658
485407,849670
849689,849708
849712,849720
849749,849765
849777,849783
799008,849806
643174,849810
1126935,849834
779640,849852
846801,849899
648300,849913
671974,849932
671649,849950
900774,850000
862174,850059
802661,850071
665334,850141
665283,850160
665283,850187
850230,850253
850276,850295
861498,850314
747145,850333
850398,850419
850426,850442
767664,850461
910975,850488
940333,850564
503687,850604
519938,850627
850658,850670
716572,850691
850712,850731
643980,850754
665283,850777
743154,850796
684349,850810
495562,850834
850852,850875
858114,850945
604118,850966
851072,851093
851103,851119
851254,851277
645181,851296
851368,851381
690657,851436
1242238,851458
645181,851525
851556,851573
851600,851628
831044,851644
322496,851663
524303,851685
650883,851709
671575,851721
851732,851750
965429,851778
851824,851848
851876,851895
851922,851946
904158,851980
506837,851998
659119,852012
852020,852031
852049,852054
671919,852077
694856,852096
671649,852110
535907,852152
962670,852175
1004319,852217
852229,852238
852303,852326
819999,852342
852361,852388
871337,852405
901940,852414
253316,852433
852524,852548
769559,852569
645989,852582
852595,852609
852650,852678
852684,852697
671736,852716
671762,852728
852737,852744
671919,852763
643119,852771
970149,852792
671974,852818
643174,852825
506941,852841
858114,852860
783693,852887
852943,852962
853019,853035
848970,853057
853088,853100
801522,853128
682091,853144
768683,853163
643713,853185
716419,853205
970149,853222
648300,853246
648300,853251
324677,853279
232750,853298
947779,853312
947808,853320
668851,853396
955577,853464
910975,853486
853504,853527
853570,853591
853602,853618
643174,853625
671919,853641
648300,853660
872656,853687
671649,853706
853710,853734
853752,853775
853878,853897
853930,853953
853982,854009
854050,854078
854084,854107
854130,854153
854169,854176
854182,854195
854447,854468
854499,854512
854520,854531
854549,854565
854577,854596
854888,854900
767664,854992
511645,855005
855033,855051
645989,855079
855080,855098
784763,855112
855165,855183
855235,855257
799678,855274
871196,855288
808224,855300
855337,855359
235912,855371
236019,855392
265423,855411
855469,855482
671649,855509
855550,855578
855606,855623
501745,855634
501922,855647
645181,855652
855668,855675
644727,855699
855702,855718
643174,855725
855773,855794
322496,855862
645110,855889
856010,856034
787807,856052
856075,856099
858114,856113
796220,856178
856184,856204
856215,856227
856289,856301
856355,856372
718805,856393
369427,856412
384014,856431
856465,856483
856355,856505
249342,856522
249264,856546
917206,856579
689020,856580
602161,856611
684349,856630
848860,856653
767664,856695
560723,856719
232381,856757
856774,856790
856828,856844
856859,856863
836183,856902
556721,856925
529924,856960
801431,857002
789472,857018
791355,857039
857060,857087
737737,857127
1020100,857136
255171,857158
650883,857170
1052747,857213
800743,857221
857245,857266
655133,857311
857369,857382
857395,857400
857437,857459
766052,857471
645989,857492
1004319,857526
857535,857557
857590,857617
857686,857705
857751,857779
857812,857831
857877,857896
857906,857910
857947,857968
857975,857981
857999,858007
858011,858024
858030,858048
593683,858069
858114,858133
858151,858179
858216,858237
858325,858341
204889,858360
858413,858432
535976,858450
817071,858510
858568,858581
858612,858631
858665,858683
858770,858791
542486,858829
644696,858840
787830,858872
854084,858893
858926,858942
858961,858988
859036,859058
859117,859138
644696,859155
689943,859172
859252,859275
643980,859299
659119,859313
697628,859332
697628,859350
859456,859473
838859,859494
859516,859537
859585,859603
720334,859626
322496,859711
859748,859769
859776,859782
859795,859805
859814,859822
859851,859879
494473,859898
859908,859912
643119,859920
800743,859931
1052747,859949
859954,859965
859977,859983
860021,860045
860050,860066
860078,860084
860111,860130
860148,860153
860169,860176
860202,860225
860239,860241
860256,860260
670792,860273
860304,860327
644864,860343
816992,860362
341343,860389
860406,860423
860452,860475
860481,860499
747546,860520
860565,860583
860596,860605
860786,860803
860819,860826
860874,860890
973523,860916
860971,860992
205719,861012
205726,861031
688141,861054
229439,861077
229487,861096
229439,861110
208553,861134
208569,861152
200721,861175
200713,861199
697296,861217
322178,861238
861272,861286
499389,861335
499622,861357
665334,861374
661469,861390
238127,861446
861498,861511
861530,861553
238170,861609
255907,861678
265009,861697
716028,861716
716028,861737
861763,861785
333667,861802
322178,861825
388613,861841
852303,861873
673226,861927
861962,861989
862001,862029
862040,862064
326985,862086
260977,862103
528546,862126
203908,862142
485098,862161
918633,862427
771585,862462
771657,862502
862573,862594
862600,862616
644696,862628
836274,862644
616150,862663
904158,862692
862713,862732
910975,862750
862778,862797
827788,862811
674707,862830
674753,862853
862895,862914
862946,862967
862998,863010
249684,863075
955111,863099
863132,863150
863184,863204
863291,863317
947693,863340
863431,863454
863483,863505
863514,863522
863580,863607
863630,863653
863682,863703
863726,863742
979150,863761
979178,863788
665283,863800
863902,863925
863960,863987
864037,864059
864063,864071
322496,864092
646111,864102
767664,864125
768466,864141
945371,864194
764218,864211
764169,864230
322496,864253
864276,864295
747546,864314
864346,864367
864419,864435
864457,864474
643174,864490
671762,864517
204993,864538
864564,864586
645989,864615
864662,864689
655133,864731
576547,864777
519453,864823
864847,864868
864875,864899
864909,864921
488715,864950
865004,865027
865004,865089
865004,865140
865172,865193
865210,865234
200443,865252
203321,865299
203332,865332
767297,865378
662527,865418
201812,865460
865494,865516
227143,865559
227104,865592
661469,865619
238127,865635
865661,865688
865707,865724
865753,865776
865814,865833
865880,865908
865954,865977
866003,866026
866035,866042
866057,866061
866090,866116
866144,866163
866205,866222
866267,866280
866003,866354
866035,866377
818889,866440
273230,866515
273351,866562
616150,866589
227143,866602
866625,866641
866660,866687
995774,866723
995774,866747
208374,866768
208390,866781
208357,866809
229487,866821
866850,866878
809887,866924
760028,866948
760059,866969
866995,867011
867053,867076
867114,867133
867167,867180
867237,867259
867285,867302
867339,867356
867478,867497
766624,867534
867581,867608
643713,867620
687891,867649
373969,867665
520880,867770
676655,867840
228082,867864
973523,867886
867942,867961
867988,868002
868018,868039
681006,868060
681871,868094
868115,868136
230549,868209
200443,868221
868245,868266
868284,868307
207625,868348
868369,868382
200443,868400
362550,868428
520172,868444
868463,868485
868503,868526
364496,868542
364611,868561
364372,868588
868638,868655
868705,868722
868751,868779
868808,868820
668592,868896
868923,868947
868975,868999
869804,869046
869226,869242
645989,869288
671649,869300
557328,869337
716173,869359
716224,869371
766081,869385
740507,869407
985642,869424
1013108,869448
1013098,869453
671649,869476
869513,869532
958408,869550
958408,869578
958408,869597
715093,869610
869634,869652
758221,869668
869681,869702
869756,869773
716572,869794
869804,869827
858114,869843
869870,869891
644696,869917
644727,869929
1153006,869938
495589,869940
693751,869964
869993,870010
870068,870081
1004818,870113
801719,870145
870178,870197
870204,870215
870227,870236
870262,870289
870291,870317
870329,870338
807079,870355
870364,870372
836274,870393
786964,870412
870449,870465
694255,870483
796980,870505
715231,870522
738821,870533
944239,870551
659161,870567
870598,870611
870598,870630
870653,870676
870695,870719
870761,870788
870790,870800
512663,870816
671649,870837
698844,870863
870871,870892
648300,870918
870941,870960
870987,871005
300846,871022
255171,871098
871120,871149
871154,871165
760490,871183
871196,871203
871261,871288
1126935,871300
871337,871359
901940,871371
871385,871392
858568,871424
871430,871448
738438,871469
871476,871495
871509,871521
320214,871545
671957,871550
519022,871578
910975,871597
227444,871610
253316,871634
675396,871652
643119,871668
540774,871681
1052747,871702
671974,871725
1052747,871739
643980,871756
655942,871773
871827,871843
671649,871862
871891,871917
736210,871938
871955,871972
871986,872003
659119,872019
872061,872088
204235,872137
872144,872159
872185,872205
872214,872233
671974,872251
643174,872267
1052747,872279
872280,872308
872312,872320
799008,872331
643119,872349
800743,872354
644696,872377
644727,872383
1052694,872396
493597,872401
841278,872417
659119,872438
872527,872543
822852,872562
872570,872589
872591,872602
872656,872673
844940,872694
872723,872747
872752,872775
569127,872799
499565,872866
490451,872884
852737,872897
872907,872911
671762,872930
872948,872953
671789,872969
494724,872976
818986,872982
872995,873008
495589,873012
1052821,873020
497742,873031
497719,873049
873054,873065
498188,873077
497648,873083
644727,873096
1153006,873106
1052694,873110
506800,873123
873134,873147
497719,873152
873054,873168
498188,873175
873286,873303
643119,873319
800743,873326
873335,873342
873357,873361
873374,873388
758136,873405
806721,873422
873451,873479
871337,873498
671974,873511
643174,873524
672016,873530
1052747,873548
973523,873569
743154,873582
873595,873613
789417,873621
491198,873645
873650,873666
873595,873684
789417,873697
665283,873716
873737,873759
873792,873818
873825,873839
873841,873856
873860,873873
873887,873894
512188,873915
859954,873927
873936,873943
873958,873962
873970,873989
873991,874002
859977,874018
497742,874039
497719,874041
873054,874056
498188,874060
497648,874073
872656,874094
874104,874115
874127,874136
874143,874158
874162,874170
874189,874191
874209,874213
874221,874232
874245,874250
874266,874278
874284,874297
874307,874311
874324,874330
874348,874353
513546,874376
654023,874382
874395,874400
874416,874428
874437,874444
698204,874463
801522,874471
660761,874492
739719,874519
874542,874561
874617,874638
1017408,874705
874751,874779
874820,874849
874896,874910
874968,874981
875038,875055
875103,875126
875174,875190
875249,875265
875310,875334
875381,875404
875427,875443
875458,875462
875427,875489
875458,875491
875525,875541
875573,875594
875628,875644
875692,875713
875745,875766
879325,875811
875848,875869
875895,875914
875946,875967
875998,876016
876044,876063
492322,876085
876118,876139
876156,876173
919979,876211
876276,876295
876305,876314
876367,876380
876398,876419
876426,876435
876461,876488
900774,876555
876572,876593
876627,876643
920292,876691
876708,876712
876765,876783
876796,876806
876810,876823
828951,876847
876899,876913
876921,876945
876950,876966
872723,876984
877013,877032
994794,877050
835928,877084
430735,877107
877130,877153
877182,877202
877273,877294
877343,877362
877410,877434
877130,877452
877549,877565
877130,877583
874348,877605
800743,877622
644696,877646
800743,877667
1052694,877680
1052747,877701
822852,877729
877738,877755
877786,877803
877826,877842
684464,877861
877916,877937
877985,878004
878036,878058
878089,878101
782942,878140
965440,878186
741547,878252
741506,878275
804354,878345
755544,878366
766258,878384
878418,878439
564341,878487
878500,878528
878559,878571
878603,878626
512721,878635
878642,878661
878690,878711
878724,878730
878769,878782
878795,878805
878851,878879
878908,878920
926882,878977
879007,879024
879048,879069
879076,879095
879122,879146
879179,879198
879237,879259
879263,879271
879325,879341
879373,879394
783693,879445
879450,879478
1122786,879523
879552,879575
879620,879649
879683,879704
879736,879758
879801,879829
879872,879893
1153006,879942
879988,880005
880033,880051
503884,880108
880131,880154
880183,880203
798868,880257
731148,880300
880359,880371
880424,880448
880513,880532
880584,880606
880675,880699
880702,880718
654023,880725
880739,880741
874395,880756
880760,880773
880787,880794
905086,880815
880827,880836
880889,880901
880917,880929
880972,880993
881045,881066
881097,881111
881169,881182
881195,881218
850426,881225
787807,881241
528579,881256
744186,881273
650883,881294
881343,881362
881391,881410
848553,881499
659161,881508
881512,881531
807804,881549
205726,881565
616150,881583
881614,881633
881646,881651
787807,881679
881680,881698
747145,881764
881793,881819
818964,881835
766052,881857
275292,881874
266371,881890
881900,881928
555952,881937
881944,881959
320090,881971
866331,881992
882018,882039
783693,882087
882094,882104
736384,882127
882158,882170
671974,882213
882307,882324
882330,882353
882376,882395
696067,882416
882471,882492
882808,882820
882831,882854
882865,882883
882896,882910
882923,882947
963509,882975
882981,883007
883011,883030
963521,883069
790271,883095
883105,883122
963424,883146
883151,883179
784054,883200
883216,883237
883244,883259
520332,883285
883292,883318
883341,883360
883373,883394
883432,883450
883506,883523
883534,883547
883568,883581
883568,883608
791355,883649
779906,883665
789472,883683
789504,883696
789504,883715
883727,883743
883758,883770
883789,883801
773190,883855
883886,883903
883935,883957
883988,884001
884038,884055
884086,884103
884119,884135
884142,884161
884190,884212
884249,884265
774575,884283
884310,884334
884368,884381
941541,884436
884462,884489
783693,884502
884541,884560
884573,884587
884616,884637
532777,884659
884713,884732
884882,884905
1116834,885063
885071,885092
885102,885125
885139,885156
885173,885194
885276,885295
885305,885322
885305,885346
885367,885380
885435,885457
885488,885501
885538,885555
885586,885604
885658,885670
885875,885899
702597,885921
885950,885978
886004,886027
886036,886058
886062,886070
202389,886101
202423,886129
886138,886155
886164,886172
233150,886378
886418,886439
665283,886456
822913,886473
886494,886516
718321,886537
671649,886559
886603,886626
886657,886674
850712,886690
698010,886711
698010,886730
743154,886753
678876,886776
886814,886833
644696,886851
248658,886879
886912,886931
994067,886965
555934,886977
887008,887020
970453,887054
887031,887065
795245,887083
887096,887106
887134,887152
887181,887201
855668,887217
767221,887255
562364,887264
245629,887286
887319,887335
757696,887342
887390,887414
887446,887467
887498,887511
643980,887553
715093,887576
715093,887595
887645,887666
887697,887716
887744,887763
887792,887818
887839,887856
643713,887873
1126935,887894
962442,887936
887943,887958
887970,887991
789417,888019
485482,888035
888042,888061
770639,888088
888116,888137
910975,888159
985642,888171
955111,888192
850712,888214
888246,888267
888298,888312
620610,888331
485098,888354
758136,888377
949571,888396
858568,888417
871430,888429
782886,888440
904519,888464
818889,888472
658755,888493
858114,888515
1012380,888527
888562,888589
888602,888625
850037,888694
888706,888723
888781,888809
888813,888821
736210,888845
888897,888911
888953,888976
889010,889034
889068,889081
889099,889113
889121,889145
889150,889178
889184,889204
901940,889227
889258,889270
889301,889329
889340,889364
889372,889386
889408,889420
889454,889477
889496,889514
889522,889533
889546,889567
889579,889580
889598,889611
889624,889648
774048,889695
710960,889726
201297,889742
889703,889761
701472,889790
889800,889828
889859,889871
889885,889902
889925,889941
889973,889994
890025,890041
890073,890094
890115,890136
890162,890189
890191,890209
890213,890221
890250,890278
890284,890297
890307,890311
890348,890369
890376,890382
890395,890400
890437,890459
890485,890503
890574,890590
890640,890664
890672,890686
890714,890733
890767,890780
890808,890820
890849,890865
890883,890906
890910,890934
890981,891003
891035,891057
891061,891074
891088,891090
891128,891144
891192,891214
891246,891267
891308,891320
891354,891377
891396,891417
891440,891464
891493,891515
891589,891602
891625,891641
891656,891660
891625,891687
891656,891694
891723,891747
891752,891768
891799,891813
891845,891866
891897,891911
774575,891930
891969,891982
774608,892005
892033,892051
884310,892079
892108,892120
892154,892177
892203,892226
920292,892257
876708,892261
892274,892290
892328,892344
892371,892392
892430,892453
892482,892509
921551,892550
921676,892606
892634,892652
892699,892718
892725,892739
892756,892773
892787,892794
892827,892843
892858,892862
892870,892891
892901,892929
892938,892955
892986,893000
893028,893044
893063,893085
893102,893125
927392,893173
927411,893194
893211,893230
893248,893253
927566,893305
927584,893322
893379,893398
927827,893435
927938,893488
893517,893538
766081,893555
893564,893572
824949,893586
893593,893604
893636,893658
893662,893670
893689,893691
893731,893754
893765,893777
893783,893796
893806,893810
893847,893868
893932,893950
893966,893978
893984,893997
894006,894010
919671,894052
894081,894109
894113,894121
894145,894166
894178,894184
894197,894204
783693,894227
894329,894340
894355,894364
894420,894449
894465,894483
894505,894522
894546,894567
894580,894607
894624,894648
894653,894676
894682,894695
894719,894735
894757,894774
894790,894816
894828,894844
894863,894885
894892,894902
894925,894941
894956,894960
895024,895048
895133,895151
895180,895200
895325,895341
895373,895394
895409,895413
895421,895432
914859,895484
895497,895506
914918,895547
914885,895568
895575,895581
895608,895620
895631,895649
895654,895665
1116950,895704
895715,895727
1018310,895743
895789,895801
895855,895872
895886,895903
895957,895974
895988,895990
896077,896096
896106,896110
896175,896199
896201,896229
896238,896255
896264,896286
896374,896390
896422,896446
896507,896524
896530,896548
896609,896621
896650,896678
968778,896728
956316,896763
948893,896802
896839,896856
896860,896887
896894,896904
896958,896970
897015,897036
897043,897058
1030654,897117
897140,897164
897172,897186
897193,897206
897210,897223
897252,897275
897281,897299
897309,897313
897321,897332
897366,897384
897439,897456
897487,897500
897516,897528
897537,897544
897559,897563
897571,897585
897642,897661
897690,897711
897748,897769
897776,897782
897795,897805
897814,897822
897833,897846
897851,897867
897898,897912
897920,897931
897949,897954
898009,898021
898032,898045
901940,898107
889624,898124
802473,898148
898176,898195
898225,898241
898273,898294
898315,898336
898358,898370
898391,898410
898447,898468
898481,898508
898549,898565
898577,898583
898614,898633
898646,898651
898667,898679
898680,898698
898701,898729
898738,898740
789911,898764
898772,898786
898793,898803
898819,898826
898835,898857
898861,898888
898890,898900
898916,898937
898944,898959
898971,898992
899001,899017
899038,899055
899064,899072
899086,899103
899086,899126
747546,899157
1028610,899174
845918,899190
899208,899220
893564,899231
766081,899249
893593,899265
899277,899296
899310,899334
901940,899352
901972,899375
899404,899427
899470,899491
899525,899541
899644,899663
899692,899713
901610,899766
899797,899811
898701,899830
789911,899853
899876,899895
969888,899922
761811,899946
900023,900047
900075,900099
900113,900132
900166,900184
900227,900243
900270,900291
900329,900340
900364,900386
900408,900420
900454,900477
900496,900514
900533,900551
900579,900598
900611,900630
919979,900669
900695,900719
900742,900761
900774,900790
900828,900844
900871,900892
963521,900941
900973,900994
901005,901014
901022,901033
901046,901051
616150,901079
901080,901098
901120,901149
901177,901196
901203,901219
901226,901235
901261,901288
898701,901300
789911,901328
898772,901337
901385,901407
901424,901448
889010,901469
901513,901532
901545,901550
901584,901606
901610,901634
901647,901652
901681,901702
899692,901725
901610,901773
899797,901794
898701,901815
789911,901836
899876,901870
901940,901964
901972,901986
902019,902035
968778,902074
956316,902116
902128,902144
948893,902163
902192,902214
902251,902279
883789,902298
902308,902312
902349,902365
902383,902401
902455,902472
902527,902543
902558,902570
902589,902591
902641,902660
921052,902687
923176,902723
884713,902747
902775,902799
902845,902866
902897,902911
902924,902930
902948,902969
902948,902982
899692,902995
903008,903012
903049,903065
903096,903110
903123,903134
903168,903181
903199,903201
903217,903229
903238,903255
903217,903272
903319,903335
903342,903357
903361,903374
903405,903422
524728,903451
495562,903467
698844,903480
903569,903582
355905,903609
903632,903650
633487,903678
903700,903728
903759,903771
903792,903818
903904,903927
964603,903943
208524,903962
970149,903970
904002,904025
904056,904073
904104,904127
904158,904170
247005,904191
644727,904209
981818,904221
206292,904245
201812,904266
910975,904284
904330,904353
627650,904382
904395,904400
904437,904459
821855,904463
904519,904535
904561,904588
904601,904629
904672,904693
904714,904733
858114,904798
645989,904812
904865,904883
904952,904975
952228,905017
201232,905055
201849,905135
201883,905161
905265,905283
905310,905334
905368,905381
801522,905404
905436,905458
528607,905470
905502,905525
905556,905573
245400,905594
618791,905616
618829,905628
247344,905644
610276,905663
905713,905732
905750,905778
200142,905797
905830,905853
696203,905876
905922,905946
514367,905967
905998,906016
823098,906028
866331,906063
906092,906118
906160,906187
906211,906230
698010,906253
497669,906276
906305,906322
206926,906379
679549,906398
603204,906457
906461,906474
858114,906490
233816,906517
618829,906538
233816,906555
906572,906593
906615,906636
204532,906658
204545,906670
603121,906720
906749,906765
227896,906823
673177,906847
906852,906875
767221,906909
906913,906921
906978,906997
907013,907032
878089,907084
907097,907111
974381,907130
650672,907153
907202,907225
907256,907273
907304,907327
907358,907370
907406,907423
907452,907475
388613,907499
232381,907512
907549,907565
907622,907646
696858,907667
303820,907680
907701,907729
302864,907740
297857,907764
205761,907793
907842,907861
792544,907888
792544,907900
870653,907928
973523,907944
907992,908015
908043,908062
801719,908101
962670,908140
908186,908206
205719,908223
205726,908247
1052694,908332
262631,908350
908378,908397
206076,908418
206076,908439
237076,908456
237122,908473
908500,908528
908559,908571
927274,908603
908657,908674
908711,908730
868018,908776
234627,908795
908805,908822
798796,908846
322178,908867
908898,908912
908949,908965
908983,909007
747145,909024
359506,909048
909069,909082
696787,909105
204993,909122
726510,909146
262704,909167
261823,909180
909237,909259
614835,909271
228082,909292
230389,909318
234092,909339
636069,909356
230294,909373
864662,909394
207625,909432
909450,909478
909506,909523
440304,909547
909575,909599
909612,909631
909704,909727
819999,909743
659119,909762
909791,909817
228450,909838
442142,909886
442212,909903
417794,909961
909988,910002
910041,910060
259013,910087
652235,910104
910189,910209
910278,910297
910311,910330
910395,910416
789504,910437
910463,910485
910557,910574
786964,910590
521346,910629
521367,910640
809943,910664
910693,910714
226047,910733
910831,910854
910865,910877
910883,910896
581673,910934
910975,910999
209322,911019
911042,911061
911116,911137
209749,911159
676191,911171
274178,911192
726612,911214
526889,911267
911308,911320
911331,911349
652112,911365
861498,911383
269074,911401
331939,911429
246135,911440
911504,911527
911536,911558
762904,911625
911639,911641
911656,911673
911687,911706
564445,911747
917206,911752
911775,911799
911866,911884
911897,911911
322496,911930
911953,911976
911982,911995
912022,912046
912079,912098
878559,912112
917206,912120
689020,912131
767221,912154
906913,912165
824851,912183
824898,912203
912235,912257
912261,912288
912359,912371
912407,912424
912476,912495
912545,912566
671762,912584
489313,912634
643174,912652
727267,912675
1126935,912699
203281,912718
233109,912739
912815,912836
691419,912891
912940,912964
912993,913016
814736,913085
913211,913230
913282,913305
297596,913322
955577,913380
852303,913403
636030,913426
636069,913435
204993,913457
747145,913474
259842,913490
259842,913517
226412,913538
789775,913555
955646,913572
230389,913593
237007,913615
237007,913636
228082,913658
228082,913670
228082,913691
696787,913712
206409,913731
227444,913754
253316,913777
265009,913796
269602,913810
226047,913834
226047,913852
864564,913875
864564,913899
864564,913913
485098,913932
208096,913950
266509,913978
747145,913997
747145,914010
747145,914034
747546,914052
747546,914075
865661,914099
905310,914113
905368,914132
256714,914150
914184,914204
1005937,914243
587473,914262
914289,914301
914338,914355
914386,914408
914412,914431
914483,914505
914514,914522
914533,914551
970149,914567
914580,914607
914611,914630
914648,914653
914682,914703
885305,914735
895608,914761
914774,914790
914828,914844
914859,914871
914885,914902
914918,914925
914960,914987
915007,915024
915095,915114
915167,915180
915198,915216
915244,915263
915271,915285
915318,915339
915360,915387
915394,915409
915413,915432
915445,915450
915466,915484
915506,915523
915534,915547
915575,915599
915620,915649
915683,915704
915727,915743
758041,915789
915801,915829
915838,915840
915838,915864
915926,915942
915974,915990
692105,916904
671919,916927
916936,916958
916962,916970
917004,917027
712486,917062
333890,917089
917138,917155
767348,917172
878559,917193
917206,917210
689020,917234
207639,917275
962426,917299
917309,917321
824571,917332
917418,917439
917460,917487
917494,917500
917537,917559
917563,917571
917603,917626
766113,917635
905086,917642
495438,917657
917661,917674
854577,917724
917753,917776
917782,917795
667928,917822
653160,917846
917879,917898
917920,917949
917977,917996
918009,918021
918050,918078
918084,918097
918111,918130
813296,918153
918182,918202
918218,918225
918287,918304
918336,918358
918370,918391
918406,918423
918434,918447
918452,918468
918499,918512
918520,918531
918549,918554
918565,918583
918596,918605
918614,918622
918633,918651
918667,918679
918680,918698
918729,918740
918755,918764
918772,918793
918803,918819
918842,918861
918874,918888
918890,918900
918971,918992
919029,919040
949571,919064
919072,919093
949571,919119
919135,919157
919161,919174
919188,919190
919208,919212
919220,919249
919265,919283
203879,919323
919334,919352
919436,919458
919462,919489
919502,919525
919539,919541
1016127,919573
919587,919594
1014748,919616
919644,919663
919671,919692
900533,919732
941541,919766
919784,919807
919811,919830
919853,919876
919882,919905
889184,919933
889150,919951
763710,919967
919979,919998
920011,920030
920053,920076
920082,920105
920200,920228
783693,920244
783693,920285
920292,920318
920325,920339
920341,920356
837415,920373
920387,920394
920450,920478
920552,920575
920608,920620
920631,920649
920654,920665
920683,920704
920715,920727
920736,920743
920762,920789
920791,920817
774048,920840
774076,920872
920886,920903
920926,920942
920974,920990
921023,921047
921052,921075
921109,921121
921150,921178
921052,921197
921204,921227
921236,921243
921258,921262
921270,921289
921317,921338
921340,921355
921364,921372
921386,921393
921420,921449
921505,921522
921533,921546
921551,921579
921580,921598
921607,921611
921648,921669
921676,921695
921703,921719
921726,921735
921761,921788
921828,921844
921859,921871
921885,921892
1014674,921918
921941,921960
921987,922004
922015,922027
1014711,922043
922070,922091
922117,922138
1016127,922155
919587,922164
1014748,922172
1015809,922210
922223,922234
1015821,922252
922281,922309
922321,922345
1016127,922378
920082,922384
922439,922456
922487,922500
922528,922544
922528,922563
922571,922585
922603,922626
922635,922642
922657,922661
922707,922724
922748,922769
922776,922782
900973,922805
922814,922822
922867,922880
922912,922931
923021,923045
923050,923066
923078,923097
923107,923111
923148,923169
923176,923195
923225,923241
883789,923260
923315,923336
923370,923391
923452,923475
923531,923554
923565,923577
923633,923651
923717,923738
923772,923793
923803,923819
923842,923861
923890,923916
923928,923937
923959,923971
923985,923992
924035,924057
924088,924100
924137,924159
924163,924185
893063,924205
924214,924222
703881,924246
924251,924279
892986,924298
924308,924312
703806,924331
924354,924377
924383,924396
924401,924417
924429,924438
924251,924455
893028,924486
924493,924504
703847,924527
924558,924570
924589,924602
924618,924639
924641,924660
924673,924687
924694,924710
892901,924734
924747,924752
706700,924775
924781,924809
892938,924821
924832,924845
706744,924866
924897,924911
924924,924930
924976,924995
925002,925025
925039,925041
925056,925073
924589,925094
925104,925115
706785,925136
925162,925189
925191,925213
924618,925232
925245,925250
706666,925278
925284,925307
925324,925348
925382,925400
925444,925463
925471,925485
925535,925557
925588,925601
925638,925655
919979,925672
925686,925693
925722,925746
925779,925798
925808,925820
925849,925865
925877,925896
925923,925947
925975,925999
901610,926017
926029,926040
926072,926093
926126,926142
926157,926161
926157,926188
926208,926220
926254,926277
926323,926347
926368,926381
926415,926436
926443,926458
926462,926489
926491,926502
885305,926539
926541,926560
926628,926644
926659,926663
926671,926685
926721,926745
970149,926766
926797,926811
926848,926869
926882,926905
926914,926933
926946,926967
926979,926998
927005,927022
927033,927051
927079,927098
927108,927120
926946,927149
927154,927177
518877,927203
927219,927235
914648,927242
927257,927261
927274,927288
927290,927316
927328,927337
927344,927359
927363,927385
927392,927407
927411,927424
927430,927448
927453,927476
927482,927509
927513,927521
927532,927550
927566,927578
927584,927597
927606,927610
519022,927647
927652,927675
927681,927699
927702,927725
927739,927741
927794,927815
927827,927836
927843,927858
927862,927870
927901,927929
927938,927940
927955,927964
927972,927986
927993,928016
928044,928063
928092,928118
928125,928139
879076,928160
928194,928211
928282,928305
928346,928367
928419,928435
928474,928490
914580,928517
542312,929530
929576,929595
929645,929666
929678,929684
929697,929700
929716,929728
929759,929771
929792,929818
929825,929839
929841,929856
901940,929873
929904,929927
929958,929970
930019,930035
204889,930057
204972,930074
204917,930090
930144,930163
716028,930185
930377,930396
930440,930464
852020,930486
209749,930504
930536,930558
930591,930618
930656,930673
930710,930734
920791,930752
774048,930799
774076,930832
930878,930897
930924,930948
807606,930969
930976,930995
931027,931043
923959,931089
931101,931129
931155,931172
931186,931206
977915,931234
931268,931281
927274,931309
931313,931332
889301,931350
931378,931397
931418,931439
931460,931487
931537,931559
931585,931603
931635,931657
931674,931690
931748,931769
931795,931814
931898,931912
932006,932023
932052,932075
932109,932121
872656,933231
933265,933283
933310,933334
830473,933352
933381,933404
933415,933427
857437,933443
933458,933462
933470,933489
933491,933502
933573,933594
933637,933659
933692,933713
810850,933784
874189,933807
889800,935524
935553,935576
935582,935609
935613,935632
935645,935666
935700,935728
935763,935785
935818,935839
935860,935887
935915,935936
935962,935989
936013,936032
936078,936097
936153,936176
936225,936241
936294,936315
936362,936389
936423,936447
936475,936499
936520,936549
936583,936605
901005,936622
936633,936651
1124290,936680
1124328,936729
936738,936755
936764,936786
936793,936819
1016041,936835
936842,936861
936874,936888
936890,936916
936959,936971
936985,937000
937028,937044
937059,937071
937085,937092
937102,937118
937125,937141
937187,937207
923959,937224
894034,937253
937269,937282
937314,937333
935645,937367
889068,937380
937419,937435
937442,937461
937490,937517
937538,937555
937564,937586
923959,937604
937615,937627
937636,937658
937689,937708
937720,937749
914580,937783
937810,937834
202481,937852
937881,937909
937913,937932
923985,937950
937966,937978
937984,937997
938005,938022
938033,938051
938067,938080
938112,938131
938165,938183
774575,938203
938235,938257
938288,938300
941541,938359
938385,938407
899692,938453
938482,938509
938532,938550
938606,938623
938702,938725
938756,938773
938787,938804
938815,938836
938843,938862
938917,938938
938964,938986
939025,939041
939073,939094
939104,939127
847813,939143
939158,939162
789504,939170
939189,939209
939250,939278
939297,939311
938843,939330
939400,939428
939459,939471
939503,939526
939557,939574
649245,939590
747145,939617
820958,939655
678778,939672
594174,939705
939751,939779
939808,939820
939849,939865
848943,939883
852943,939934
844550,939952
940000,940028
700136,940044
807606,940063
485098,940085
208238,940102
789504,940125
807606,940141
789472,940156
789504,940160
940187,940207
940211,940224
869804,940269
940305,940322
940333,940351
649278,940367
940403,940426
695468,940442
695468,940490
985642,940517
940529,940538
940540,940555
940586,940604
521346,940627
940658,940670
263189,940691
494473,940712
494674,940731
940749,940754
528607,940765
643119,940777
665283,940796
940847,940868
940875,940899
940909,940913
488926,940921
528546,940932
940945,940966
848825,940978
940984,940997
521367,941017
941029,941038
789472,941040
789504,941055
521322,941072
521305,941103
521322,941119
941126,941135
779906,941157
941161,941188
941190,941212
871986,941231
810515,941249
941254,941265
852049,941277
941283,941296
941352,941375
941404,941427
941458,941470
941489,941502
884713,941539
941541,941560
941587,941600
889184,941628
941659,941671
941721,941745
941778,941797
941824,941848
941882,941905
941933,941951
923176,942008
942054,942077
942106,942123
942147,942168
931418,942199
942229,942240
942342,942361
942433,942451
942467,942480
942498,942511
942524,942548
942576,942595
900973,942613
942632,942650
942684,942700
942728,942744
942771,942792
942802,942825
942841,942860
902775,942887
963521,942904
942936,942958
942989,943003
943035,943057
943088,943100
943660,943687
856184,943706
796368,943723
796220,943747
943799,943813
519804,943832
943845,943850
747546,943878
575828,943907
575973,943930
766624,943969
973523,943982
944013,944032
321091,944050
321164,944078
649463,944097
422033,944111
649416,944130
944153,944176
944195,944218
944239,944256
944273,944294
944343,944362
944389,944406
944423,944447
200306,944468
200310,944481
200323,944508
200334,944520
944577,944596
944646,944667
944701,944729
694511,944740
719942,944793
202944,944819
201981,944835
944888,944900
210033,944944
816992,944985
945014,945033
465150,945051
945079,945098
945120,945149
657748,945235
206076,945257
766624,945274
207821,945328
646111,945344
945371,945392
1013108,945424
945453,945476
945482,945509
945513,945532
945545,945566
945578,945597
945606,945623
426576,945699
426008,945718
945760,945787
540291,945804
523250,945843
945891,945917
945938,945955
945964,945986
945993,946006
946034,946052
593683,946075
946109,946121
946150,946178
946184,946197
946236,946258
946289,946301
946317,946338
946372,946393
947039,947056
322052,947073
388943,947094
264083,947115
947136,947158
947189,947209
910975,947221
650672,947245
974381,947266
645054,947284
947311,947330
203528,947353
947376,947395
680318,947437
685115,947459
821198,947471
947503,947526
947542,947561
947588,947601
423913,947629
448896,947640
320171,947664
947693,947714
947746,947767
947779,947780
947808,947820
947854,947877
521636,947896
681676,947910
947968,947981
948011,948030
948076,948095
948122,948146
948167,948180
948216,948237
203193,948271
948325,948341
948373,948394
948421,948445
948478,948497
948506,948523
948534,948552
948599,948612
948649,948665
948677,948696
898549,948715
948727,948743
948758,948770
927108,948791
948801,948829
927108,948840
948801,948864
919306,948886
948893,948919
948942,948961
948974,948990
949004,949027
949091,949117
949140,949164
926979,949186
949223,949247
949268,949281
884713,949309
949313,949332
949366,949384
949439,949456
949460,949473
949528,949544
949559,949563
949571,949592
949619,949635
949642,949661
949674,949690
494949,949711
949724,949748
949814,949833
949880,949908
949954,949977
879007,949996
950004,950027
902775,950036
950043,950058
950089,950101
950138,950155
948421,950206
950223,950247
950268,950281
950309,950321
950378,950397
950402,950418
950425,950439
950473,950494
707089,950516
950592,950619
950690,950711
950730,950753
950776,950795
950814,950833
950846,950867
950880,950908
950931,950954
950983,951000
951016,951037
951063,951085
951118,951139
951141,951160
891656,951173
891625,951187
951207,951224
786411,951248
951253,951276
951282,951305
951333,951351
951379,951398
951426,951442
951457,951461
951474,951490
900973,951501
901005,951517
951572,951593
226483,952180
908500,952200
952228,952244
626619,952263
952285,952302
856465,952325
266226,952341
952360,952387
952409,952421
952478,952497
952478,952547
952568,952581
820887,953353
816646,953369
238170,953382
238127,953400
953428,953444
953471,953492
953503,953519
953526,953535
953561,953588
953617,953638
953640,953655
953664,953686
953693,953705
766113,953714
1126935,953733
879325,953767
512721,953780
825365,953798
825383,953808
953854,953877
953883,953896
953947,953968
953975,953981
953999,954008
747546,954031
954065,954083
954096,954110
506109,954123
954134,954147
954175,954199
954229,954240
658549,954286
954319,954335
853019,954357
954361,954374
954507,954524
954595,954613
207558,954632
207562,954650
766113,954678
766113,954697
954728,954744
954792,954818
954841,954860
954894,954915
954943,954962
831044,954989
758136,955009
736210,955021
955050,955078
955111,955130
955176,955195
304012,955218
341124,955239
390583,955256
955287,955304
671649,955370
955475,955499
248658,955512
266509,955531
266509,955554
955577,955596
244673,955614
955646,955667
297857,955680
274178,955701
955738,955755
747546,955835
955874,955890
955928,955944
863630,955963
783693,955992
956014,956033
955577,956051
671649,956079
956120,956149
266226,956165
533993,956183
956288,956300
956316,956337
948893,956359
956407,956424
956453,956476
883789,956495
957072,957093
957126,957142
427164,957161
957190,957212
957265,957283
957306,957323
259013,957352
957404,957427
957436,957443
957404,957462
957436,957470
626619,957491
626619,957518
626661,957539
665334,957556
665334,957573
304700,957594
957628,957644
204794,957663
962670,957709
801719,957745
957824,957848
957869,957882
957951,957979
958010,958034
958184,958204
232381,958340
799008,958364
648300,958372
958408,958420
958408,958449
1005937,958465
958505,958522
958579,958598
958611,958630
958682,958703
206198,958726
716419,958742
958774,958790
958828,958844
958871,958892
958925,958941
958956,958973
958987,959003
959035,959057
1052747,959074
927274,959090
800743,959116
959625,959641
443533,959660
959694,959710
959723,959734
959747,959768
959781,959809
959821,959845
959897,959911
959948,959969
960012,960031
960065,960083
960152,960175
960181,960199
960217,960238
960240,960255
740507,960272
740507,960293
593683,960319
662088,960335
781538,960361
720040,960388
960390,960405
960414,960422
960479,960498
774829,960511
895654,960548
779906,960576
960700,960728
960771,960792
960856,960873
736908,960904
685115,960927
960936,960943
207625,960962
917252,960970
653295,960989
758018,961007
961011,961024
961114,961133
961167,961180
961302,961325
871337,961356
961360,961387
419962,961409
961413,961432
961466,961484
961497,961506
961534,961552
961743,961762
961770,961791
961801,961829
773848,961840
961855,961872
961886,961903
961942,961961
961990,962016
941126,962118
835928,962139
364611,962156
962207,962224
910975,962248
962276,962295
962305,962314
326985,962333
571330,962346
962564,962586
962636,962658
962670,962691
354115,962712
354189,962731
644620,962754
528258,962765
528289,962777
529116,962783
529144,962796
529019,962806
529042,962810
962823,962834
528941,962847
528973,962852
558253,962875
558224,962881
528317,962899
528340,962909
557328,962913
528579,962921
962932,962945
940984,962950
528607,962966
528546,962978
775792,962984
528695,962997
963005,963014
558540,963022
963033,963046
528653,963051
963067,963079
844940,963080
556745,963098
963108,963112
963131,963154
963165,963177
963196,963219
775936,963242
807787,963257
807804,963261
963274,963290
731260,963300
963316,963337
963344,963359
849224,963363
731182,963371
963385,963392
528816,963411
963424,963430
962442,963448
963453,963469
882808,963495
963509,963513
963521,963532
963566,963584
963610,963634
963652,963675
963702,963725
963756,963773
963804,963827
963862,963889
1013051,964299
964345,964366
645524,964384
964402,964425
964456,964473
964537,964559
964603,964626
964642,964661
964688,964707
201812,964724
807787,964730
964748,964753
964769,964776
800497,964805
528607,964814
964822,964846
521305,964851
521322,964867
941126,964879
801505,964898
528258,964908
964912,964920
528317,964931
964949,964965
964977,964983
964996,965019
801431,965035
844940,965057
556745,965061
965088,965100
965159,965171
965205,965222
460732,965246
850426,965267
766081,965280
836242,965298
766113,965308
848553,965320
965377,965396
808852,965976
374078,965995
966060,966087
966104,966127
966143,966162
869870,966191
770440,966232
206926,966250
966324,966348
966353,966369
731554,966382
966416,966437
966463,966485
966519,966535
966561,966588
966601,966629
879620,966640
966655,966672
966705,966722
966733,966751
890025,966779
767590,966808
966831,966854
966877,966896
966910,966934
966952,966975
966999,967010
967034,967052
967068,967081
967109,967121
967150,967178
967598,967611
967624,967630
967653,967676
654837,967695
657846,967719
657748,967735
513546,967757
645498,967761
700136,967816
898861,967837
845918,967844
967859,967863
967871,967885
518877,967892
927274,967902
898916,967925
967939,967941
967956,967960
967973,967987
519022,967994
968001,968017
968029,968040
967939,968055
967956,968064
967973,968072
519022,968086
968001,968093
204794,968119
968161,968188
968231,968254
968283,968306
968368,968381
645989,968404
968415,968436
968443,968462
968470,968491
968502,968525
968539,968556
968560,968587
887970,968600
919979,968628
968637,968659
968663,968685
968709,968721
956316,968745
948893,968766
968778,968797
968807,968824
968848,968869
968895,968914
968922,968946
968979,968998
969009,969021
969032,969045
969078,969097
969130,969153
969169,969182
969202,969225
969256,969273
969287,969304
969327,969343
969358,969370
969406,969423
969434,969452
969468,969481
969508,969520
969531,969554
969565,969583
969614,969633
969646,969667
969679,969698
969701,969729
969755,969772
969786,969803
969857,969874
969888,969900
969959,969971
970022,970046
970079,970098
926914,970112
926946,970131
970149,970165
970177,970196
970226,970242
970274,970290
1038604,970328
970359,970371
260977,970578
874189,970606
970623,970647
970699,970718
298101,970739
298058,970756
970804,970827
201896,970843
692105,970889
655872,970901
970938,970955
970964,970972
971013,971032
971084,971107
971130,971153
971195,971218
971241,971260
971315,971336
812386,971358
971370,971391
971410,971434
971452,971475
971512,971531
971549,971565
971596,971614
971646,971667
971679,971698
971729,971740
971772,971793
971826,971842
971874,971890
971916,971937
971963,971985
971992,972018
972041,972060
972094,972115
972162,972189
972213,972232
972266,972284
972311,972330
919161,972369
919188,972382
972400,972428
972459,972471
972492,972519
972975,972999
846677,973011
482744,973030
1028891,973048
973053,973076
834894,973082
973095,973105
973114,973122
973133,973146
973151,973167
871337,973198
901940,973216
973228,973244
871385,973263
802117,973285
973292,973302
858114,973339
973356,973373
973387,973409
380368,973421
649369,973445
512587,973466
512721,973484
973523,973547
973568,973581
973599,973612
973649,973665
973677,973696
973727,973743
973758,973770
973801,973829
973838,973855
973886,973903
973919,973926
973935,973957
973961,973974
974001,974029
974055,974072
974103,974126
974157,974174
974208,974220
207768,974334
974381,974404
673177,974427
547679,974458
974470,974491
974541,974560
974594,974616
802473,974644
974671,974692
959320,974713
974766,974784
206758,974807
974830,974853
591698,974876
783693,974905
974951,974979
975016,975037
975085,975102
975139,975156
975160,975187
975194,975207
975211,975224
975230,975253
975269,975276
975282,975295
975305,975314
975333,975351
975367,975379
975380,975403
975419,975426
973599,975435
975457,975474
975488,975490
975501,975517
975529,975540
891799,975555
975564,975572
975593,975615
364611,975966
364372,975984
796525,976027
976036,976043
976058,976062
898772,976070
976089,976091
672016,976101
976117,976129
855702,976138
1153006,976140
976172,976193
755544,976210
766258,976234
245191,976252
245158,976275
245191,976299
245158,976313
976366,976384
976397,976418
976473,976494
976537,976559
976585,976603
976657,976674
976711,976730
976769,976782
976814,976833
976867,976880
976920,976949
976996,977012
977054,977077
977106,977123
977175,977199
977238,977255
977264,977286
977293,977319
977342,977361
977511,977530
776520,977553
562412,977576
789472,977595
809737,977613
825365,977621
825383,977632
199724,977650
977684,977700
977728,977744
977759,977771
977785,977802
977818,977839
977860,977887
879872,977904
977915,977936
891656,977958
977962,977970
977989,978003
978019,978035
978090,978116
978128,978137
978144,978159
978163,978171
978185,978192
978222,978246
978251,978267
978279,978280
978298,978308
978320,978349
978354,978365
978377,978383
978401,978429
978438,978440
978455,978464
978472,978486
978504,978527
978536,978543
978558,978562
978570,978589
978618,978639
978641,978656
978660,978673
978687,978694
978706,978710
915360,978734
978747,978752
978775,978799
978845,978866
978878,978884
978897,978907
654023,979034
979068,979081
863726,979145
979150,979166
979178,979184
979204,979227
656841,979243
245158,979262
245191,979289
979338,979355
979364,979386
979393,979412
979420,979449
979454,979465
979483,979505
979514,979522
979546,979567
979579,979580
979598,979607
979630,979653
979695,979719
979726,979735
979788,979800
979837,979859
979863,979885
979902,979925
979987,980009
980050,980078
980084,980107
980130,980153
764218,980176
980202,980225
980256,980273
980294,980315
980343,980362
980391,980410
977293,980434
980499,980512
980565,980583
980614,980633
980717,980738
980764,980786
980803,980826
980835,980857
981785,981802
981818,981825
644696,981841
981873,981894
981927,981943
982055,982072
982119,982135
982142,982157
982231,982254
982265,982277
982352,982375
982443,982462
982518,982539
982560,982587
982644,982663
982692,982713
982745,982766
982797,982811
982876,982895
936890,982914
391943,983099
644696,983113
644727,983121
983132,983150
513546,983166
680011,983204
861498,983227
983270,983291
983329,983340
983372,983393
983420,983449
962207,983465
872656,983496
983522,983546
983567,983580
983598,983611
983624,983648
983669,983682
983719,983735
983761,983788
983885,983892
674138,983918
674015,983939
674058,983956
983987,984000
984037,984059
984085,984102
984118,984139
984187,984207
206926,984276
201104,984295
249181,984314
249096,984333
799008,984351
969202,984379
984403,984426
984488,984501
984529,984540
984593,984615
984636,984658
984689,984708
984731,984754
984783,984806
984834,984852
984875,984899
984913,984932
984950,984978
983598,984997
861498,985439
260977,985456
985516,985537
985544,985559
985563,985585
673177,985603
904158,985626
985642,985661
204929,985688
249582,985707
249632,985724
249684,985748
353110,985769
953693,985782
731717,985805
945371,985822
985851,985879
985898,985912
985949,985965
774829,985983
985996,986019
986026,986035
845918,986057
890808,986074
986090,986116
1015747,986159
986205,986222
986246,986267
986279,986280
949313,986308
986312,986331
986383,986401
986417,986429
773848,986438
773895,986440
986455,986472
819444,986493
986504,986527
986562,986589
986602,986625
986639,986641
671974,986660
898772,986673
986687,986706
986723,986747
986752,986775
986781,986809
986813,986832
986845,986866
986878,986897
986907,986924
986930,986953
986969,986982
987024,987048
494724,987069
987122,987146
987151,987167
987373,987394
987409,987421
987445,987466
987497,987510
987547,987568
987599,987612
987649,987665
987683,987704
1037702,987770
987801,987829
987838,987855
987872,987893
883727,987919
883758,987935
987961,987988
983598,988002
564445,988127
988136,988158
199724,988170
574986,988191
754913,988213
988245,988266
835928,988284
237179,988307
671886,988324
988376,988395
964603,988416
1005937,988444
553729,988463
831044,988485
647322,988503
988542,988561
717434,988588
988617,988638
988664,988686
988693,988705
988746,988767
982692,988780
988808,988820
988865,988883
988910,988934
676751,989033
989067,989080
823938,989108
989177,989196
989203,989219
989261,989288
989316,989337
782919,989363
674707,989385
782942,989411
989476,989495
989513,989532
989550,989578
1116269,989623
989647,989668
989681,989702
989739,989756
989794,989815
989836,989858
977293,989870
989901,989929
989955,989972
990001,990029
990040,990064
990093,990119
990142,990161
990190,990212
890767,990231
990249,990265
990296,990310
990347,990368
990399,990415
990443,990462
990489,990502
990539,990556
990587,990600
990637,990659
990663,990685
990692,990713
951118,990732
990766,990784
990830,990853
990876,990895
990946,990967
358724,990980
360655,991002
800497,991039
801431,991041
557328,991060
991094,991115
991143,991162
991189,991209
991221,991245
991284,991307
991324,991348
991369,991382
991400,991428
991463,991485
991519,991535
991601,991629
991640,991664
824851,991686
991714,991733
991767,991780
731013,991808
741387,991820
564758,991849
564840,991865
717225,991883
973523,991910
955577,991952
498518,991968
991975,991981
972601,992009
835928,992508
992531,992554
508552,992565
992614,992633
992651,992679
992701,992729
992755,992772
992786,992803
992900,992928
888813,992944
992959,992963
992971,992985
992992,993004
993015,993036
993058,993070
993117,993138
910975,993164
993186,993206
823597,993223
858114,993252
858114,993275
869804,993313
858114,993332
350956,993350
993425,993441
757133,993460
660719,993487
881391,993500
993528,993544
230294,993563
993603,993626
659119,993657
671974,993674
643174,993688
519165,993707
845918,993711
967859,993724
967871,993730
518877,993748
927274,993753
993814,993833
993879,993898
993931,993954
572130,993977
993996,994014
994067,994080
646148,994108
994149,994165
983567,994183
994196,994219
994242,994261
994288,994300
994363,994385
944239,994411
645763,994430
645678,994453
994521,994545
994578,994597
994647,994668
994702,994725
208678,994741
208524,994760
994843,994862
512587,994889
512721,994901
994917,994938
994940,994955
700136,994972
994986,994993
995006,995010
995023,995034
522696,995052
527017,995068
995075,995081
513546,995099
654023,995109
656077,995121
995132,995145
995166,995184
618244,995236
995291,995317
654023,995329
824851,995340
824898,995364
689020,995386
878559,995408
995465,995483
995514,995533
995546,995567
995598,995611
995648,995669
644552,995695
792544,995726
995735,995742
995774,995790
995816,995837
522696,996007
996053,996076
226047,996095
996146,996167
996198,996216
200659,996237
996146,996259
996198,996271
996318,996339
996360,996387
996445,996466
996510,996534
996581,996608
996631,996654
996683,996704
996762,996789
996817,996838
322178,996855
996903,996926
996974,996990
997042,997061
767221,997116
906913,997137
997185,997205
727267,997233
801483,997251
940984,997298
298058,997312
298101,997331
997365,997383
997396,997401
997417,997429
919979,997440
997464,997486
774076,997504
997515,997536
791859,997543
558658,997558
997562,997589
817160,997591
997618,997639
997641,997660
906852,997673
817187,997687
997694,997710
997723,997734
775915,997752
521765,997768
784031,997781
556721,997799
556933,997813
997821,997845
997866,997884
784096,997911
997924,997930
997969,997982
998008,998020
460685,998054
460732,998077
460491,998096
998147,998168
998199,998217
521322,998238
988060,998264
998272,998293
494724,998326
654068,998342
245629,998361
998388,998405
998451,998479
824898,998498
998524,998548
926882,998569
998576,998595
998613,998632
998645,998666
925324,998684
998700,998728
998759,998771
998792,998818
998856,998873
948893,998894
998943,998962
998991,999016
999044,999063
999085,999102
999118,999139
999160,999187
999194,999211
999248,999269
999295,999314
999346,999367
999398,999419
999442,999461
999490,999517
999540,999564
999593,999615
999643,999662
999670,999691
999708,999720
989476,999749
999777,999796
999806,999823
999875,999899
999921,999945
999978,999997
1000027,1000043
1000070,1000091
1000117,1000138
1000155,1000172
1000206,1000223
1000252,1000275
522855,1000299
1000321,1000345
1000378,1000397
202287,1000418
320214,1000439
779640,1000460
1000473,1000494
645217,1000516
824309,1000537
645110,1000559
645240,1000571
645524,1000592
231576,1000619
1000635,1000657
1000674,1000690
1000795,1000814
1000880,1000908
1000912,1000931
1000965,1000983
1001016,1001037
1001044,1001063
1001092,1001118
1001141,1001160
1001173,1001194
887970,1001211
1001224,1001248
1001253,1001276
1001282,1001305
1001314,1001322
526889,1001379
1001398,1001419
585198,1001435
206478,1001457
824851,1001474
689020,1001490
792544,1001529
200142,1001540
233816,1001564
388728,1001586
786411,1001627
488926,1001643
489268,1001658
237179,1001670
868463,1001708
1288896,1001754
1001777,1001796
1001806,1001810
1001913,1001932
271570,1001997
206198,1002011
1002069,1002082
304700,1002105
1002114,1002133
1002198,1002216
801522,1002237
1002285,1002302
1002356,1002373
1002409,1002421
1002445,1002466
1002484,1002506
665594,1002523
1002696,1002715
259452,1002736
1002789,1002801
1002855,1002872
534138,1002893
534186,1002919
1002942,1002961
1003018,1003039
814736,1003060
854577,1003104
496189,1003127
536463,1003143
1003191,1003213
1003221,1003232
766081,1003245
208168,1003266
813231,1003284
207464,1003307
824089,1003324
412456,1003348
337411,1003369
359506,1003382
201041,1003400
237228,1003428
792571,1003437
1003485,1003503
1003535,1003557
1003588,1003601
1003638,1003655
1003705,1003722
1003751,1003779
1003780,1003808
1003854,1003877
1003906,1003923
1003975,1003999
1004008,1004012
275292,1004031
729322,1004054
1004106,1004123
1004152,1004175
202434,1004199
257960,1004255
232750,1004272
716572,1004293
1004319,1004335
962670,1004357
203494,1004390
1004405,1004422
1004433,1004446
590972,1004467
1004480,1004507
681837,1004524
298101,1004548
1004576,1004595
647282,1004613
955577,1004650
226483,1004678
1004728,1004744
1004771,1004792
1004818,1004839
227640,1004856
227686,1004873
1004989,1005009
388728,1005021
1005097,1005111
525256,1005130
864564,1005153
864662,1005195
1005241,1005260
384014,1005287
1002855,1005304
1005389,1005391
206024,1005410
205994,1005434
206011,1005452
1005468,1005481
764389,1005508
1005554,1005577
1005605,1005622
1005646,1005667
1005680,1005701
1005729,1005740
256284,1005764
1005819,1005835
685115,1005857
204993,1005874
1005937,1005959
720093,1005971
673177,1005992
801431,1006005
801483,1006014
557328,1006022
940984,1006033
303820,1006051
827788,1006067
1006079,1006080
1006112,1006131
919979,1006165
1006196,1006219
1006226,1006242
948893,1006274
1006316,1006337
1006363,1006385
1006411,1006430
1006469,1006482
1006513,1006532
1006584,1006606
281730,1006699
258296,1006718
258208,1006739
959897,1006756
959948,1006773
426433,1006794
426507,1006815
426576,1006836
202225,1006858
202239,1006870
202241,1006891
202218,1006917
473191,1006938
473324,1006955
412456,1006972
1007029,1007040
1007072,1007093
1007126,1007142
297916,1007161
910975,1007208
824500,1007220
1007249,1007265
697671,1007283
1007310,1007334
1007368,1007381
1007415,1007436
1007462,1007489
1007491,1007518
1007541,1007560
1007573,1007594
1007628,1007644
621218,1007663
1007671,1007692
1007709,1007721
618791,1007766
206409,1007784
733413,1007807
263189,1007824
864419,1007848
206302,1007876
206263,1007895
821432,1007914
1007967,1007980
686462,1008006
1007967,1008052
615964,1008075
208168,1008099
521636,1008113
343523,1008132
562412,1008178
1008291,1008317
1008338,1008355
677081,1008372
676934,1008393
677109,1008412
263189,1008431
572169,1008454
693601,1008477
484793,1008496
1008546,1008567
677355,1008580
1034781,1008607
1034799,1008611
650812,1008653
1008703,1008726
678334,1008742
678415,1008761
204453,1008790
1008844,1008863
1008892,1008918
1008960,1008987
766052,1009003
1009019,1009035
364496,1009057
1009100,1009128
564704,1009144
766624,1009163
355905,1009185
605571,1009205
201284,1009222
656479,1009251
1000473,1009279
202130,1009308
1009331,1009354
249342,1009377
1009396,1009417
1009438,1009455
322178,1009472
1009504,1009527
1009558,1009570
1009602,1009625
959504,1009641
677648,1009660
526938,1009747
364372,1009768
665283,1009781
1009813,1009832
1009878,1009897
1009911,1009930
248156,1009953
1009976,1009995
200750,1010012
740422,1010031
1010065,1010083
1010134,1010152
656943,1010175
824898,1010199
941283,1010217
1010238,1010255
681006,1010272
681034,1010293
625488,1010319
962517,1010326
1010357,1010374
314730,1010390
233408,1010414
1010467,1010480
1010511,1010530
546253,1010553
546028,1010576
906572,1010595
871430,1010613
200119,1010632
651455,1010666
662088,1010697
818986,1010716
1010728,1010737
256284,1010759
963385,1010771
1010856,1010873
1010958,1010970
794401,1011024
665594,1011048
717362,1011069
970623,1011082
731032,1011105
755544,1011122
1011151,1011179
1011200,1011228
1011244,1011263
981632,1011285
552954,1011339
651100,1011356
1011360,1011387
858568,1011394
760333,1011413
818917,1011421
260977,1011445
1011478,1011497
209754,1011510
209749,1011534
209783,1011552
784839,1011575
1011620,1011649
690867,1011665
824851,1011683
824898,1011704
1011736,1011758
1011791,1011817
1011829,1011838
1011840,1011855
1011864,1011872
803452,1011893
656479,1011919
1000473,1011935
202130,1011957
205918,1012125
205939,1012160
1012211,1012230
1012248,1012253
202045,1012276
412456,1012295
993186,1012314
770440,1012351
1012380,1012403
206762,1012426
1012488,1012501
1012555,1012572
870653,1012593
563587,1012615
716457,1012636
1012658,1012670
723912,1012691
200659,1012806
355381,1012823
1012875,1012899
1012950,1012978
343523,1012997
1013022,1013046
978976,1013242
697142,1013261
300748,1013288
662527,1013300
526938,1013328
526889,1013344
522855,1013363
1013411,1013430
801719,1013453
764793,1013584
1052821,1013862
333772,1013889
803287,1013901
1013938,1013955
1013972,1013993
681676,1014015
1014036,1014058
1014062,1014089
200659,1014101
686277,1014129
944273,1014140
944239,1014164
835928,1014186
1052747,1014193
991519,1014210
1014247,1014268
1014313,1014332
1014366,1014384
1014402,1014425
1014487,1014500
1014516,1014537
512663,1014559
1014571,1014592
1014619,1014635
1014642,1014661
1014674,1014690
1014711,1014730
1014748,1014769
1014805,1014822
1014846,1014867
1014898,1014912
1014920,1014949
1014983,1015003
1015057,1015074
1015137,1015159
1015163,1015185
207625,1015205
304700,1015222
881512,1015267
764890,1015308
1015320,1015349
208553,1015365
208569,1015383
1015396,1015401
1015417,1015429
1015455,1015472
1015486,1015493
1015504,1015515
1015543,1015562
1015591,1015618
1015656,1015673
1015706,1015723
1015747,1015768
1015775,1015799
1015809,1015813
1015821,1015832
1015850,1015878
1015884,1015897
1015907,1015911
1015930,1015953
1015969,1015976
1015995,1016018
1016025,1016039
1016041,1016060
1016073,1016087
1016094,1016115
1016127,1016136
1016209,1016221
1016250,1016278
1016324,1016348
824851,1016369
208479,1016382
1016437,1016459
697671,1016471
1016535,1016557
1016561,1016588
949571,1016601
1016617,1016629
208569,1016686
682091,1016705
1016733,1016751
355541,1016779
651570,1016798
901940,1016812
1016883,1016906
948373,1016923
822984,1016947
664437,1016981
948325,1017006
297857,1017023
302864,1017047
571284,1017113
877013,1017132
1017166,1017184
763995,1017204
1017258,1017270
1017301,1017329
1017372,1017393
1017408,1017420
870449,1017431
522696,1017454
1017483,1017505
333772,1017522
947779,1017546
947808,1017567
868463,1017580
868503,1017607
443454,1017624
1017676,1017695
1017726,1017742
871385,1017774
757665,1017800
1017816,1017837
1017844,1017859
875895,1017871
731554,1017902
1017925,1017941
1017956,1017960
1018017,1018038
1018064,1018086
1018119,1018135
908186,1018157
519739,1018174
209810,1018190
298172,1018212
1018231,1018254
1018283,1018306
679549,1018334
229164,1018352
229206,1018375
229129,1018399
912993,1018436
962207,1018458
719942,1018470
200721,1018491
1018539,1018556
1018628,1018644
904519,1018685
1018732,1018750
648300,1018778
671974,1018797
1018824,1018848
1018895,1018914
817966,1018933
651222,1018951
472053,1018979
472007,1018998
1019009,1019013
1019045,1019066
1019097,1019111
231576,1019130
200811,1019169
1019218,1019239
1019287,1019304
1019336,1019358
1019406,1019423
1019452,1019475
800743,1019499
868245,1019512
858568,1019520
1019577,1019596
1019622,1019646
1019679,1019698
292694,1019717
1019738,1019755
1019890,1019916
743257,1019928
1007249,1019937
871430,1019944
488926,1019963
497742,1019971
497719,1019985
516570,1020003
516527,1020019
1020057,1020074
1020100,1020128
1020144,1020163
1020192,1020214
659119,1020233
933491,1020251
1020280,1020308
1020331,1020354
1020401,1020429
207057,1020440
1020493,1020515
1020543,1020562
944273,1020589
944239,1020602
1020639,1020656
651570,1020673
917206,1020694
519938,1020710
823046,1020723
1020747,1020768
1020799,1020813
1020845,1020866
1020884,1020907
1020969,1020982
1021015,1021036
819444,1021043
529349,1021058
1021089,1021101
1021129,1021140
1021193,1021210
1021247,1021268
1021299,1021313
845109,1021332
512663,1021350
1021402,1021425
684349,1021441
767297,1021460
294297,1021487
1021516,1021537
200470,1021559
201812,1021571
246352,1021592
643980,1021619
816111,1021635
521367,1021657
1021661,1021688
591698,1021707
747546,1021748
747546,1021782
627650,1021822
644696,1021846
644727,1021851
1021898,1021912
608746,1021931
1021949,1021954
856184,1021977
796368,1021996
796220,1022010
837600,1022034
796157,1022052
796368,1022109
837600,1022145
796157,1022184
492658,1022204
208553,1022227
1022258,1022270
887839,1022291
485407,1022317
983372,1022364
209380,1022386
1022431,1022454
768466,1022477
733413,1022514
485098,1022533
910975,1022607
626619,1022624
1022653,1022676
743257,1022682
757696,1022695
649601,1022719
649557,1022735
734103,1022757
952360,1022774
1022816,1022837
1022844,1022859
953664,1022863
643174,1022871
671974,1022885
1022918,1022939
203544,1022956
1022987,1023001
787807,1023029
1023038,1023040
1023135,1023157
1023174,1023190
994316,1023212
1023265,1023283
359506,1023306
359649,1023323
255558,1023347
199724,1023368
1023415,1023436
1023458,1023470
817059,1023491
557371,1023518
557652,1023525
1023539,1023541
837539,1023556
817102,1023560
1023573,1023594
1023600,1023616
1023628,1023637
790030,1023659
798868,1023663
1023685,1023709
1023713,1023721
1023732,1023750
817156,1023766
817141,1023778
1023784,1023807
817071,1023811
817063,1023824
1023830,1023853
559530,1023869
559569,1023876
1023882,1023905
817092,1023914
817085,1023922
559168,1023946
1023979,1023998
764475,1024095
460644,1024114
1024133,1024151
697029,1024179
443408,1024198
670792,1024216
768394,1024237
944239,1024259
440304,1024271
202928,1024292
1024318,1024339
1024387,1024409
1024432,1024450
207625,1024478
791611,1024497
965377,1024510
203537,1024534
203516,1024552
1024608,1024620
983420,1024649
1024677,1024696
1024704,1024715
1024727,1024743
1024801,1024829
1024855,1024872
1024886,1024893
984187,1024919
1024926,1024935
203544,1024957
249096,1024974
674753,1024990
1025012,1025031
1025049,1025065
1025110,1025134
249264,1025152
1025168,1025175
1025286,1025303
1025319,1025326
1025357,1025374
1025405,1025422
1025433,1025451
1025467,1025479
1025480,1025498
1025507,1025524
1025576,1025595
974208,1025613
1025621,1025645
716572,1025678
716028,1025697
716028,1025716
1025744,1025763
905713,1025802
618791,1025825
210033,1025841
1025894,1025915
1025943,1025962
208168,1025989
1026032,1026050
1026084,1026107
781712,1026124
200443,1026148
1026176,1026195
1026225,1026241
298058,1026260
298101,1026287
1026315,1026336
203544,1026358
480322,1026370
364611,1026391
364372,1026410
646944,1026434
1026447,1026468
208569,1026481
255383,1026508
525256,1026520
1026583,1026605
258296,1026622
645524,1026646
645498,1026651
726216,1026679
320090,1026698
1026701,1026729
337363,1026740
765242,1026764
201812,1026786
665807,1026803
1026916,1026937
1026992,1027016
1027071,1027092
762666,1027118
1027160,1027187
1027224,1027248
1027276,1027295
821432,1027314
1027224,1027333
1027224,1027351
831044,1027379
1027403,1027426
749900,1027442
996903,1027461
303820,1027488
226483,1027501
914289,1027529
587473,1027540
201056,1027564
645989,1027586
359649,1027604
461471,1027627
1027636,1027643
1027691,1027712
1027720,1027731
1027765,1027783
210033,1027806
1027834,1027847
1027852,1027868
364496,1027899
364611,1027913
364372,1027932
1027966,1027984
1028014,1028033
1028051,1028079
1028131,1028154
208201,1028177
337363,1028196
356708,1028219
657164,1028235
657117,1028257
1028300,1028328
616317,1028344
1028385,1028407
783693,1028424
616150,1028448
901080,1028453
1028482,1028509
1028513,1028521
1028532,1028545
1028550,1028566
751374,1028584
747546,1028606
1028610,1028623
1028647,1028668
1028699,1028718
203516,1028739
1028773,1028794
258296,1028815
226695,1028836
203537,1028858
203544,1028870
1028993,1029018
993931,1029039
1029087,1029104
1029158,1029170
1029191,1029213
1029232,1029250
1029278,1029297
1029324,1029348
1029376,1029395
750153,1029416
1029428,1029444
1027160,1029463
1029519,1029535
1029588,1029601
1029638,1029655
1029686,1029705
694511,1029722
665334,1029746
682091,1029767
1029779,1029798
1029812,1029831
1029854,1029877
1029883,1029906
1029910,1029923
1029934,1029952
1029981,1030007
883758,1030024
883789,1030048
1030082,1030105
1030133,1030151
1030179,1030198
1030200,1030228
510605,1030244
1030271,1030292
1030318,1030339
879122,1030356
1030373,1030394
1030409,1030421
1030432,1030450
1030484,1030506
956316,1030523
948893,1030547
850426,1030568
824949,1030575
1030620,1030649
1030654,1030677
1030704,1030727
1030758,1030770
1030789,1030791
1030801,1030817
1030840,1030864
1030919,1030935
1030942,1030961
925779,1030988
1031010,1031034
1031047,1031068
1031075,1031099
1031109,1031113
951141,1031132
891625,1031145
970149,1031166
914533,1031178
715142,1031197
671919,1031215
1031227,1031243
256284,1031454
994316,1031477
275292,1031496
757696,1031505
364496,1031522
1031598,1031611
1031624,1031630
781712,1031653
1031682,1031703
1031735,1031757
1031788,1031800
852303,1031828
1031871,1031892
255312,1031918
1031939,1031956
270733,1031973
696203,1031994
1032043,1032062
764890,1032101
526889,1032129
1032138,1032140
206237,1032164
206259,1032186
758136,1032206
1032252,1032275
879325,1032299
1032345,1032366
959320,1032378
1032439,1032456
1032460,1032487
1032516,1032537
1032544,1032559
1032563,1032585
1032592,1032603
1032635,1032657
661328,1032707
1032730,1032753
1032782,1032805
912993,1033013
962207,1033032
231744,1033050
736908,1033097
721039,1033111
954894,1033169
681289,1033182
681236,1033202
1033256,1033273
1033304,1033327
1033336,1033343
673226,1033362
1033389,1033406
659161,1033410
204993,1033434
1033452,1033475
270733,1033499
985642,1033531
1033565,1033583
1033622,1033646
1033667,1033680
527368,1033701
208569,1033729
1033772,1033793
488360,1033803
1033819,1033835
648300,1033842
1033857,1033861
226624,1033888
242402,1033900
238170,1033928
255907,1033944
226483,1033963
1033985,1034003
527368,1034026
747145,1034042
747145,1034061
747145,1034088
1034100,1034128
354189,1034144
208553,1034163
858568,1034185
1034214,1034233
1034267,1034280
592060,1034308
1034312,1034320
616150,1034349
1034354,1034377
1034396,1034417
953693,1034438
1034515,1034536
1034558,1034570
644727,1034591
1034641,1034660
1034694,1034710
1034821,1034845
836274,1034911
1126935,1034930
674657,1034982
674707,1035039
782942,1035056
776423,1035073
680762,1035094
680715,1035143
954943,1035191
994843,1035213
694511,1035232
694553,1035250
1035284,1035307
203537,1035324
203544,1035348
203516,1035369
294297,1035382
848860,1035437
781712,1035459
200811,1035471
205726,1035492
201307,1035519
200659,1035535
1035557,1035574
1003191,1035590
671649,1035617
662019,1035638
1035686,1035705
1035767,1035780
627199,1035808
1017816,1035820
1017844,1035831
875895,1035849
850426,1035865
766081,1035877
766113,1035883
850426,1035906
766081,1035910
836242,1035923
766113,1035934
953883,1035952
953854,1035968
1035975,1035981
871337,1036001
901940,1036017
871385,1036029
953471,1036040
953503,1036055
953526,1036064
1036072,1036093
1036103,1036119
1036126,1036135
1036142,1036161
1036174,1036188
797154,1036190
1036220,1036249
1036254,1036265
1036277,1036283
1036310,1036334
1036347,1036352
1036368,1036375
1036399,1036415
1036427,1036436
1036443,1036458
1036489,1036502
1036518,1036525
1036539,1036541
1036616,1036637
1036644,1036659
794401,1036671
672442,1036692
651504,1036713
1036766,1036784
1036830,1036853
387312,1036876
1036895,1036914
1036933,1036951
424496,1036979
954841,1036998
681068,1037014
871337,1037033
649655,1037051
649705,1037079
1037112,1037131
773811,1037154
956453,1037177
1037196,1037219
1037235,1037257
1037274,1037290
1037328,1037344
1037371,1037392
1037411,1037430
1037453,1037476
1037495,1037513
1037532,1037550
1037566,1037584
1037610,1037634
1037652,1037675
987497,1037699
1037702,1037725
883758,1037741
990040,1037760
1037773,1037794
987547,1037815
987872,1037836
651625,1037858
651570,1037870
229129,1037891
670763,1037917
513546,1037938
654023,1037940
1037993,1038016
835928,1038037
858114,1038059
747546,1038071
495562,1038092
699401,1038118
699116,1038139
229206,1038156
229129,1038173
1038187,1038207
659560,1038224
526889,1038248
731013,1038269
670958,1038282
994316,1038305
605138,1038322
667928,1038346
653160,1038367
868463,1038380
868503,1038403
1038419,1038426
1038457,1038474
209627,1038490
209636,1038517
1038538,1038555
662417,1038572
987409,1038593
1038604,1038627
1038670,1038691
1038708,1038712
1028891,1038749
563778,1038754
563882,1038783
563914,1038796
993814,1038810
993879,1038834
1038881,1038909
1038932,1038950
1038978,1038997
1039012,1039031
974381,1039054
747546,1039077
1039106,1039123
652235,1039147
249096,1039168
1039175,1039181
1039199,1039201
749717,1039240
200811,1039264
1039293,1039319
1039342,1039361
1039390,1039414
882330,1039433
533993,1039451
570659,1039479
1039498,1039511
1039530,1039553
956120,1039595
249342,1039613
249264,1039632
682043,1039650
1039700,1039728
801522,1039744
1039792,1039818
698204,1040051
988060,1040131
648261,1040154
647442,1040177
842554,1040196
670530,1040219
904104,1040235
674707,1040257
782942,1040274
1040328,1040344
1040371,1040392
1040448,1040469
337411,1040482
1040509,1040521
665869,1040545
1017258,1040566
1040870,1040889
845109,1040901
1040917,1040929
269781,1040972
959349,1040993
686208,1041013
852303,1041032
1031871,1041050
1041097,1041111
1041130,1041153
201812,1041176
359506,1041195
208405,1041218
584611,1041239
960936,1041241
229206,1041260
229129,1041287
226483,1041304
652235,1041327
203908,1041343
598472,1041362
598527,1041389
315440,1041406
1041452,1041475
1041508,1041520
233816,1041549
1041565,1041583
1041596,1041605
1041614,1041622
1041633,1041646
291532,1041667
804354,1041680
205761,1041701
654099,1041729
489268,1041740
489138,1041764
502700,1041786
1041793,1041803
1041826,1041842
1041890,1041916
521881,1041937
662417,1041959
649655,1041971
1042018,1042039
516035,1042056
1042094,1042115
1042136,1042158
700136,1042170
495907,1042191
495438,1042209
685115,1042221
238416,1042245
255850,1042266
255907,1042284
238127,1042307
238170,1042324
736384,1042348
596603,1042369
226695,1042382
226483,1042400
596657,1042428
226047,1042444
1042459,1042463
740507,1042485
689887,1042503
1042526,1042542
627467,1042561
485098,1042588
1042638,1042655
671649,1042672
858114,1042693
205987,1042714
667304,1042733
1042767,1042780
1042820,1042849
1042854,1042865
1042877,1042883
846654,1042896
1042906,1042910
1042947,1042968
204274,1042981
726216,1043007
1043030,1043053
1043105,1043122
1043151,1043179
266226,1043198
1043200,1043216
495907,1043228
807606,1043244
1043285,1043302
279296,1043325
400589,1043341
202531,1043360
835928,1043387
944239,1043409
747145,1043421
1043445,1043466
662417,1043484
1043497,1043510
1043552,1043575
575099,1043599
645989,1043612
646148,1043631
646111,1043649
1043696,1043715
845918,1043736
967939,1043758
1043817,1043838
1043864,1043886
1039293,1043903
203544,1043926
1043935,1043942
1043990,1044017
1044072,1044093
835287,1044126
973387,1044161
809737,1044190
994521,1044231
955577,1044296
1044352,1044375
579403,1044427
749861,1044462
749900,1044525
693923,1044587
750021,1044644
258296,1044709
200142,1048562
203299,1048625
208553,1048687
1048775,1048799
203537,1048850
1048924,1048948
309171,1048982
1049068,1049081
876921,1049145
1049215,1049236
1049262,1049289
1049317,1049338
1049364,1049386
1049412,1049431
1049465,1049483
1049514,1049533
1049567,1049580
1049611,1049630
1049669,1049682
1049719,1049735
1049761,1049788
1049816,1049837
1049863,1049885
1049918,1049939
665334,1049994
665283,1050034
1050081,1050109
781538,1050145
1050215,1050236
1050301,1050329
865172,1050386
1050449,1050465
1050514,1050533
960390,1050598
960414,1050630
961497,1050676
1050703,1050726
904104,1050761
654068,1050790
200119,1050837
1050902,1050925
1051014,1051033
1051098,1051112
1051177,1051196
1051242,1051261
1051316,1051337
864662,1051371
1051453,1051476
767348,1051634
1051702,1051725
203281,1051787
203299,1051843
666474,1051901
858114,1051964
1052042,1052061
697671,1052100
521305,1052144
521322,1052171
941126,1052205
1052251,1052279
910693,1052331
1052383,1052401
662088,1052440
801719,1052591
671736,1052639
758221,1052687
1052694,1052706
671919,1052710
1052747,1052752
648300,1052799
1052821,1052832
871986,1052878
645989,1052911
1052976,1052995
675003,1053054
878036,1053083
797344,1053123
754691,1053168
661469,1053201
1053272,1053293
731717,1053390
524728,1053451
1053524,1053548
1053632,1053650
988060,1053716
322178,1053771
1053841,1053860
795127,1053904
1053958,1053970
1054041,1054060
1054136,1054158
1054221,1054245
1054311,1054330
1054400,1054428
519739,1054485
333890,1054542
333835,1054601
1054672,1054693
1054705,1054714
1054722,1054733
1054746,1054751
1054820,1054849
232381,1054865
716457,1054923
1054968,1054981
747145,1055029
255171,1055055
836274,1055093
962670,1055135
871337,1099870
901940,1099901
208168,1099940
208569,1099986
995774,1100025
1100073,1100094
535527,1100136
1100209,1100221
869870,1100324
1100353,1100376
689609,1100437
201104,1100492
201087,1100535
1039700,1100590
294297,1100638
1100705,1100722
927274,1100779
968001,1100808
1100883,1100906
1100952,1100975
521322,1101019
1101074,1101090
1101128,1101144
1117097,1101192
1117107,1101222
665594,1101280
296000,1101331
482110,1101365
994316,1101429
322178,1101464
1101536,1101558
747145,1101591
1101639,1101656
698204,1101694
801522,1101734
528579,1101768
528289,1101809
941126,1101821
521346,1101866
521367,1101897
966104,1101930
966143,1101969
521346,1101995
1102120,1102149
653160,1102183
667928,1102219
1102257,1102274
974381,1102359
368452,1102411
649369,1102469
1104340,1104364
974830,1104420
354060,1104483
868245,1104546
868284,1104607
295126,1104669
1104703,1104726
341343,1104761
1104837,1104859
868245,1104892
868284,1104939
683508,1104973
647966,1105030
648014,1105076
1105146,1105167
1105216,1105237
1105285,1105302
1105360,1105387
871337,1105421
871385,1105450
821095,1105484
743257,1105510
1105568,1105581
648300,1105649
201056,1105677
201041,1105715
965377,1105758
834422,1105791
1105903,1105926
1105957,1105974
1106049,1106065
209627,1106106
209636,1106134
1106264,1106286
491762,1106361
273351,1106405
1106511,1106530
205987,1106576
1106645,1106666
876921,1106700
1106744,1106763
962207,1106860
206758,1106904
206762,1106958
200443,1107004
720573,1107062
1107117,1107138
1107186,1107206
1110925,1110941
565152,1110987
878089,1111022
1111080,1111108
876921,1111149
767348,1111177
1111219,1111235
354189,1111290
359506,1111337
207821,1111392
1111453,1111476
959320,1111532
1111623,1111647
1111725,1111741
1111836,1111858
1111940,1111964
341343,1112042
1112116,1112137
647118,1112171
1112214,1112233
236019,1112279
676485,1112312
766113,1112354
1112401,1112429
1112472,1112493
1112536,1112558
546253,1112618
1112660,1112687
581673,1112723
1112747,1112768
650883,1112809
1112832,1112850
510605,1112907
1112976,1112995
1113065,1113083
200811,1113147
643265,1113175
1113264,1113286
1113326,1113342
1113405,1113422
1113479,1113498
495536,1113524
882471,1113569
821198,1113621
947503,1113666
1041097,1113700
1113771,1113792
294245,1113856
1113894,1113915
1113958,1113970
779640,1114104
1029191,1114162
1114221,1114245
1114284,1114307
649705,1114348
555617,1114382
1114459,1114471
698204,1114519
801522,1114557
698204,1114590
407538,1114638
1114705,1114722
982692,1114767
1114779,1114798
1114831,1114854
1114877,1114896
1114910,1114934
1114952,1114975
893593,1114999
893593,1115017
850426,1115029
900075,1115040
1115055,1115072
1115086,1115103
1115188,1115208
304012,1115249
591698,1115296
255383,1115334
523999,1115375
1115443,1115462
1115491,1115502
1115573,1115594
1115644,1115663
1115732,1115750
875427,1115811
875458,1115848
1115895,1115914
959349,1115979
207625,1116000
917252,1116044
259842,1116085
323998,1116187
317329,1116248
282844,1116282
1116305,1116322
287351,1116367
317329,1116380
282844,1116403
1116426,1116442
1116457,1116461
1116490,1116517
921052,1116538
1116564,1116586
1116615,1116636
1116662,1116689
1116691,1116712
1116720,1116749
1116754,1116765
1116777,1116796
1116806,1116823
1116834,1116852
1116868,1116881
1116899,1116913
1116921,1116945
1116950,1116978
1116984,1117009
1117124,1117148
1117202,1117225
364496,1117287
364611,1117327
495536,1117358
1117370,1117391
868284,1117434
354189,1117499
716457,1117531
249342,1117596
249264,1117651
1117740,1117764
516035,1117803
309171,1117861
807725,1117937
1118036,1118058
354115,1118091
354189,1118138
645524,1118172
645498,1118206
645553,1118247
326985,1118281
484717,1118321
1118418,1118439
676751,1118473
270733,1118559
1118619,1118635
1118661,1118688
603121,1118707
1118730,1118753
1118805,1118822
990249,1118846
1118912,1118931
1119011,1119030
584611,1119216
995774,1119263
226483,1119292
460732,1119339
460491,1119373
1119421,1119445
1119478,1119484
200659,1119523
1119575,1119599
1119683,1119704
951253,1119743
1119791,1119817
1119864,1119886
1119935,1119957
1120001,1120029
1027224,1120064
1120119,1120135
720093,1120174
1120208,1120212
359649,1120254
1120323,1120347
1120415,1120436
1120462,1120489
984187,1120502
904104,1120594
763515,1120628
765080,1120685
1120713,1120732
1120778,1120797
275292,1120853
206259,1120914
200142,1120951
733620,1121002
700136,1121060
670958,1121094
567461,1121136
256284,1121170
1121266,1121284
1121353,1121376
1121428,1121444
1121492,1121519
1121561,1121588
876921,1121629
767348,1121664
1121705,1121722
966104,1121767
966143,1121798
1122021,1122045
1036830,1122107
791355,1122169
779906,1122195
499499,1122225
1027276,1122260
661328,1122304
255383,1122343
491762,1122389
801081,1122410
199977,1122452
203528,1122499
260977,1122554
201307,1122596
1122679,1122698
879620,1122717
1122738,1122755
1122786,1122803
956316,1122826
968778,1122842
1122874,1122890
203516,1123004
203544,1123043
203537,1123089
936842,1123117
801431,1123155
557328,1123206
634858,1123252
228450,1123313
738438,1123378
962207,1123418
200119,1123456
401058,1123500
230963,1123563
651222,1123603
523400,1123661
208553,1123707
208569,1123769
484667,1123822
693999,1123880
298996,1123949
1124033,1124051
1124080,1124108
1124120,1124149
201664,1124177
1124183,1124203
1124235,1124257
1124261,1124288
1124290,1124316
1124328,1124344
1124371,1124392
1124424,1124448
737678,1124509
933310,1124566
985366,1124623
249264,1124652
1124725,1124741
1124794,1124815
1124862,1124889
921859,1124917
354189,1125010
1125075,1125099
783693,1125132
643119,1125184
671919,1125215
1125270,1125291
1125340,1125364
203516,1125408
966104,1125449
1125465,1125477
985642,1125514
910975,1125551
761905,1125598
671736,1125630
758221,1125653
849351,1125695
676751,1125735
1125837,1125859
495562,1125892
777044,1125939
955577,1125973
1126048,1126069
1126105,1126122
955111,1126167
1126216,1126237
644696,1126271
1126318,1126339
645989,1126373
676751,1126409
1126432,1126450
824814,1126497
384858,1126534
962670,1126575
766052,1126612
1126665,1126683
697628,1126727
836274,1126762
993528,1126801
1126840,1126864
1126935,1126957
1126990,1127019
416040,1127074
611399,1127116
1127171,1127192
206478,1127279
364611,1127312
460685,1127354
1127429,1127440
235965,1127486
1127536,1127558
700136,1127591
720525,1127625
807606,1127656
1127687,1127694
1127752,1127775
398382,1127813
900973,1127897
1127948,1127969
263189,1127982
653160,1128020
667928,1128054
204917,1128083
204972,1128168
1128293,1128319
233816,1128357
904519,1128390
1128498,1128511
1128621,1128645
1128678,1128684
1128716,1128737
1128763,1128785
1128818,1128839
330302,1128873
1128927,1128943
827676,1128989
209749,1129028
201812,1129085
807606,1129125
809737,1129141
789472,1129160
789504,1129194
807606,1129224
1129269,1129282
1018017,1129322
1129379,1129398
1129403,1129426
1129457,1129474
1129555,1129572
1129636,1129658
1129708,1129720
995774,1129765
871337,1129796
901940,1129834
1129875,1129899
871337,1129932
585228,1129950
851502,1129984
864276,1130022
295310,1130067
295368,1130120
200659,1130183
572130,1130242
1130337,1130359
760230,1130392
763192,1130430
654099,1130453
1130476,1130482
1130337,1130521
1130566,1130584
1130623,1130647
865661,1130681
1130773,1130794
312978,1130858
871337,1130917
901940,1130938
208553,1130964
208569,1131009
838611,1131045
1131097,1131111
1131176,1131195
1041130,1131256
1131358,1131370
1131481,1131508
425048,1131565
534138,1131622
674559,1131680
534186,1131740
1131819,1131835
955928,1131890
747546,1131959
627199,1132018
1031735,1132073
682091,1132136
852303,1132221
1132284,1132307
802473,1132330
871407,1132376
233109,1132416
616317,1132471
654068,1132526
972601,1132574
868245,1132601
208841,1132640
208894,1132686
870653,1132722
1132798,1132812
870653,1132854
870653,1132910
693923,1132952
375112,1133011
779640,1133076
648889,1133114
1133167,1133180
333667,1133228
651570,1133263
691913,1133302
1133339,1133356
1133450,1133478
528546,1133534
1133599,1133612
1133649,1133654
528340,1133715
536463,1133743
520268,1133789
961228,1133829
581673,1133855
199833,1133886
1102257,1133926
668210,1133961
203299,1134001
668091,1134040
959320,1134072
1134174,1134190
1134249,1134265
333667,1134347
388728,1134381
852303,1134427
591698,1134470
204929,1134502
1043285,1134560
804354,1134600
201104,1134637
947746,1134709
201104,1134732
1134778,1134797
227640,1134830
227686,1134876
649779,1134914
1043285,1134951
749900,1134998
870653,1135044
354115,1135092
749861,1135139
205034,1135187
205099,1135248
201526,1135305
201073,1135346
201060,1135380
667304,1135426
1135461,1135488
908500,1135529
1135586,1135604
763192,1135662
810850,1135823
827653,1135847
273501,1135881
527594,1135921
210033,1135966
693923,1136004
364611,1136043
364372,1136101
696858,1136164
765080,1136210
227751,1136252
1136332,1136350
388077,1136456
388008,1136494
849435,1136537
1136592,1136619
207821,1136674
503233,1136707
231576,1136748
1136814,1136833
1136880,1136908
206011,1136949
988968,1137008
1137054,1137077
1137147,1137168
1137238,1137255
1137326,1137342
1137414,1137433
1137480,1137498
689887,1137530
1137576,1137595
659119,1137632
528918,1137678
529308,1137700
208507,1137744
995774,1137825
1137860,1137887
789911,1137927
644696,1137958
700831,1137989
203544,1138042
656894,1138090
1138163,1138185
256213,1138222
1138312,1138331
1115895,1138377
1138438,1138455
1138464,1138486
1138515,1138536
319577,1138558
651625,1138591
1138639,1138656
226301,1138710
208199,1138768
208201,1138809
249632,1138845
249684,1138897
1138948,1138969
1139052,1139075
1139166,1139184
1139270,1139291
1139340,1139364
519739,1139420
869756,1139477
865661,1139514
227353,1139567
1139611,1139630
1139703,1139726
1139774,1139790
801372,1139837
805906,1139871
1139925,1139941
767348,1139987
876921,1140012
1140031,1140054
1140083,1140106
205994,1140147
200119,1140201
200142,1140240
256284,1140293
229782,1140342
229833,1140388
201812,1140422
333667,1140467
322178,1140507
339405,1140548
727267,1140595
282844,1140650
652235,1140697
649655,1140744
662019,1140785
737390,1140825
1140927,1140943
1140927,1141007
1141030,1141053
1141122,1141146
1141198,1141216
1141285,1141302
1141373,1141394
1141466,1141484
1141552,1141575
1141649,1141665
1141736,1141758
1141801,1141817
364611,1141855
835107,1141886
685115,1141919
1050703,1141957
203516,1141988
1142037,1142059
521881,1142092
1142118,1142139
333772,1142173
264083,1142230
655244,1142269
448896,1142295
320171,1142333
320214,1142379
263968,1142419
339303,1142474
339357,1142501
657996,1142538
765080,1142572
341343,1142615
322052,1142658
362550,1142689
427571,1142749
909069,1142806
1142875,1142899
1142966,1142984
1143014,1143033
1143098,1143112
1039293,1143154
208553,1143183
208569,1143226
1138312,1143288
954175,1143328
522696,1143363
1138312,1143407
1143448,1143469
1143532,1143550
1143606,1143623
766081,1143668
824949,1143699
766113,1143725
824965,1143756
1143787,1143804
971130,1143827
206024,1143843
789267,1143901
989316,1143964
556745,1144004
809943,1144036
650672,1144070
733413,1144117
229782,1144155
229833,1144193
824965,1144223
364611,1144252
364372,1144313
1144418,1144439
1144487,1144500
522855,1144544
1037773,1144585
654837,1144603
665334,1144642
737632,1144688
737737,1144748
1144814,1144833
1144867,1144880
1144912,1144920
657846,1144965
298101,1145003
1145074,1145090
657748,1145159
519739,1145192
660197,1145246
660197,1145267
660150,1145280
781712,1145320
1145396,1145417
749861,1145472
749900,1145515
1138312,1145558
1145591,1145618
1145660,1145687
987497,1145706
1145710,1145734
1145768,1145781
1145809,1145821
686659,1145866
1145924,1145948
862778,1145982
1146056,1146073
659119,1146115
941254,1146158
1146213,1146232
202680,1146297
202520,1146330
202596,1146376
204901,1146416
229439,1146471
1146526,1146542
1146617,1146638
1146686,1146705
1146751,1146779
1146820,1146849
1146896,1146910
1146968,1146981
897366,1147023
364611,1147068
1147113,1147132
1147178,1147197
664437,1147236
1147291,1147317
746492,1147703
203537,1147757
1147800,1147828
364047,1147885
278992,1147941
1002356,1147987
1000473,1148029
460491,1148072
460685,1148119
460732,1148157
203281,1148190
203299,1148231
862778,1148277
696203,1148310
882330,1148415
1148491,1148518
443454,1148573
697142,1148637
1148721,1148745
1148721,1148766
1148784,1148807
1148830,1148853
1148951,1148979
999670,1149013
1149050,1149078
1149107,1149124
901610,1149169
1149218,1149239
1149260,1149287
278992,1149327
279040,1149358
206259,1149389
700136,1149423
207768,1149475
807566,1149520
364496,1149565
364611,1149605
526112,1149646
1149717,1149738
738438,1149793
675116,1149826
1128498,1149888
870653,1149944
870653,1150032
1150107,1150124
1150195,1150218
1018310,1150256
938067,1150294
1150343,1150362
1150410,1150434
1150468,1150481
879872,1150520
951141,1150565
1150605,1150622
914611,1150667
1150698,1150717
895631,1150755
780070,1150793
1150835,1150857
864875,1150890
858114,1150959
1151012,1151031
1151106,1151123
1151175,1151199
1004818,1151255
801719,1151319
656433,1151374
364047,1151433
494473,1151480
652424,1151524
658971,1151650
730300,1151716
720093,1151759
720040,1151802
238127,1151860
238170,1151936
655872,1151991
1017301,1152038
238127,1152093
238170,1152142
323998,1152190
767348,1152254
876921,1152306
658971,1152347
206762,1152399
1152443,1152462
533993,1152525
570659,1152573
226483,1152628
697671,1152685
1152766,1152784
239773,1152848
852303,1152882
687261,1152922
644696,1152967
1153006,1153010
1153068,1153081
200811,1153145
255383,1153197
884713,1153243
1153270,1153291
1153329,1153340
1153393,1153412
1153454,1153477
989901,1153514
1153546,1153551
1153607,1153624
1153676,1153695
983598,1153735
1153774,1153790
1153828,1153844
1153871,1153892
1153925,1153941
921420,1153987
1154016,1154037
1154085,1154102
1001282,1154141
1154194,1154211
999643,1154253
1154305,1154322
1154379,1154398
983761,1154435
1154461,1154488
1154572,1154593
555686,1154636
754913,1154708
865707,1154765
1154834,1154852
1154881,1154909
650746,1154966
1155015,1155036
205987,1155070
999442,1155117
1155164,1155186
203965,1155223
261823,1155281
226695,1155345
226483,1155384
822276,1155439
747145,1155473
1155537,1155559
999708,1155592
1155661,1155688
1155753,1155776
1155846,1155867
1155965,1155983
1156019,1156035
1156088,1156100
1156192,1156214
1156280,1156308
1156354,1156377
1156417,1156438
1156486,1156504
1156570,1156591
1156641,1156660
1156706,1156723
999044,1156768
1156813,1156832
883886,1156878
1156924,1156948
226483,1156982
1157030,1157053
1157122,1157146
1157180,1157200
1157237,1157259
1117107,1157292
1157325,1157341
1157497,1157510
961011,1157552
1157581,1157599
1157649,1157665
200784,1157704
1157758,1157770
968560,1157817
746492,1157855
203851,1157893
1157942,1157961
364496,1158002
364611,1158041
320090,1158087
733620,1158143
207171,1158209
258208,1158250
1158307,1158324
1158369,1158382
364372,1158428
1158459,1158471
1158503,1158526
1158617,1158638
715093,1158693
1158767,1158780
1158820,1158849
652235,1158883
652288,1158923
694511,1159022
1159108,1159120
1159183,1159203
694511,1159242
1159290,1159316
1159371,1159392
238170,1159453
746444,1159495
1159545,1159566
794401,1159606
868284,1159668
520456,1159702
696972,1159760
966104,1159815
966143,1159862
266371,1159917
275292,1159955
208553,1159993
208569,1160037
1160141,1160160
1160230,1160253
1160305,1160322
865707,1160380
1160457,1160474
766081,1160538
783693,1160572
201526,1160604
681871,1160643
681902,1160720
863902,1160806
912079,1160847
912022,1160909
1160978,1160997
1028300,1161055
1028773,1161119
1161208,1161220
1161277,1161296
969701,1161352
1161404,1161427
206758,1161489
1161556,1161573
1161663,1161685
1161750,1161778
1161876,1161895
775405,1161951
1161980,1162008
674657,1162096
674707,1162147
674753,1162199
674805,1162240
674851,1162303
782942,1162361
874209,1162414
364372,1162479
364611,1162511
947746,1162553
1162613,1162632
749717,1162697
209810,1162737
815716,1162771
1162856,1162873
1162958,1162970
1163057,1163074
1163163,1163185
1163251,1163279
645678,1163331
1163396,1163417
1163455,1163472
1163515,1163536
227353,1163591
742253,1163641
1158617,1163706
364372,1163747
364611,1163781
682155,1163821
1163907,1163924
966104,1163969
966143,1164009
1164050,1164078
908500,1164111
269781,1164176
827431,1164225
681800,1164287
681837,1164343
1164434,1164447
1164475,1164481
846801,1164520
842512,1164583
529924,1164614
1164646,1164651
1164680,1164701
650672,1164764
1164842,1164861
1164842,1164928
686709,1164963
1164992,1165014
1165067,1165080
1165154,1165177
1158617,1165235
1165288,1165300
521322,1165344
941126,1165392
651570,1165453
521346,1165495
521367,1165545
1165606,1165623
1165675,1165699
1165804,1165827
1165858,1165862
965440,1165901
733413,1165964
364496,1166047
364611,1166081
1166113,1166132
766081,1166166
713595,1166197
691419,1166258
204794,1166317
204773,1166355
1166449,1166465
1166533,1166551
761072,1166611
228450,1166682
861498,1166726
836242,1166774
766113,1166800
203281,1166837
203299,1166871
203537,1166918
203544,1166956
1167025,1167041
963131,1167104
963165,1167136
683508,1167189
1167245,1167266
1167353,1167376
1167463,1167485
1167574,1167590
670110,1167655
954134,1167686
1167733,1167746
789504,1167780
871385,1167812
1167883,1167906
1167975,1167999
671919,1168053
209627,1168105
209636,1168151
209783,1168200
1168271,1168292
1168360,1168387
1168450,1168478
355381,1168534
1168608,1168620
1168696,1168715
749717,1168770
1169782,1169805
200811,1169867
201307,1169908
779437,1169949
779376,1170003
203516,1170061
203537,1170100
203544,1170144
204165,1170185
1170396,1170417
749717,1170472
205994,1170515
206011,1170558
569330,1170591
572169,1170656
1008960,1170710
1170768,1170781
694511,1170845
562150,1170884
562081,1170948
268598,1171004
766081,1171062
731447,1171091
743274,1171117
807584,1171140
665443,1171186
878559,1171223
762716,1171281
272261,1171345
272363,1171384
1133339,1171425
1171537,1171559
208569,1171619
1164842,1171657
697142,1171690
205726,1171724
648300,1171769
849295,1171814
939751,1171879
939808,1171912
564704,1171954
1172006,1172010
1172068,1172075
1172150,1172178
874307,1172227
1172270,1172291
205719,1172355
1172420,1172449
1172496,1172514
203516,1172579
203544,1172611
388728,1172653
1172682,1172703
1172757,1172774
804354,1172837
205761,1172885
1172925,1172941
1172987,1173001
1173038,1173055
747145,1173119
877013,1173161
1173220,1173249
1117124,1173283
1173334,1173352
1173399,1173415
1173458,1173470
359506,1173518
1117202,1173556
651878,1173594
651924,1173637
651976,1173671
1173709,1173721
1173750,1173778
1173807,1173811
1173869,1173876
898701,1173933
789911,1173998
970149,1174053
1174105,1174122
1174151,1174179
1174263,1174285
655069,1174325
781538,1174387
1129555,1174432
694511,1174484
694553,1174523
285096,1174581
1174677,1174696
1174736,1174758
1174789,1174791
203688,1174838
648889,1174893
255558,1174935
790926,1174974
204165,1175031
1175065,1175083
1175110,1175123
1175152,1175168
1175199,1175201
1175238,1175240
524049,1175286
845757,1175342
875427,1175405
875458,1175451
789504,1175507
1175524,1175548
807787,1175609
807804,1175621
755544,1175650
1175700,1175728
1175759,1175763
1029191,1175802
206762,1175839
1175860,1175887
207768,1175943
1176013,1176032
1176066,1176084
364611,1176107
260977,1176153
208553,1176195
1176239,1176256
1176287,1176294
1176336,1176358
1176389,1176391
1176423,1176447
649779,1176481
925877,1176531
1176565,1176583
1176614,1176622
1176651,1176667
1176755,1176772
1176826,1176842
246709,1176888
246750,1176928
1176971,1176992
1177044,1177059
525256,1177118
963274,1177173
731260,1177207
1177269,1177282
1177351,1177379
1177426,1177442
1177490,1177517
1177586,1177604
1177749,1177765
1177899,1177909
1176013,1177945
1178014,1178033
1178080,1178098
936985,1178120
1178154,1178177
1178203,1178219
1178257,1178274
1178300,1178328
528546,1178363
872752,1178407
824965,1178448
1178469,1178482
1178513,1178532
1178566,1178584
816423,1178623
1178668,1178681
1178756,1178773
399495,1178815
248488,1178870
460732,1178929
1178964,1178986
1179056,1179073
799451,1179115
1179170,1179191
1179245,1179250
1179284,1179307
1179376,1179395
1179463,1179485
816452,1179526
1179557,1179574
1179601,1179629
1179664,1179686
1179714,1179733
1172420,1179779
1179896,1179910
1179968,1179981
1180027,1180043
537340,1180089
537393,1180140
1180193,1180210
1180268,1180275
961534,1180332
1180402,1180425
323998,1180460
1180494,1180516
1180563,1180571
912022,1180635
1040870,1180674
1180724,1180748
659064,1180782
1180851,1180879
460685,1180931
1180965,1180983
1181016,1181028
707089,1181059
206409,1181092
1181160,1181187
663744,1181224
1181276,1181295
1181322,1181333
1181367,1181379
1181426,1181442
1181474,1181490
764169,1181555
565697,1181615
665283,1181670
984875,1182053
1182095,1182114
1157649,1182179
203537,1182506
203674,1182547
737678,1182665
201307,1182704
249264,1182743
203661,1182801
685115,1182840
618791,1182886
1182974,1182990
868245,1183213
868284,1183250
1183307,1183324
1183376,1183395
1182974,1183459
1183705,1183722
815763,1183767
815860,1183820
206665,1183906
744309,1184077
651878,1184405
651976,1184451
953664,1184530
953693,1184569
801719,1184632
282081,1184684
1184737,1184759
743699,1184894
649162,1185097
881680,1185153
649655,1185218
536416,1185294
1185481,1185508
1185531,1185554
1185614,1185633
1185680,1185698
644696,1185755
644727,1185786
652046,1185861
1036539,1186108
426507,1186149
426576,1186203
1036103,1186288
760490,1186363
760457,1186424
1186532,1186550
797154,1186597
520402,1186675
354189,1186739
443454,1186804
380368,1186843
1186891,1186917
847813,1186955
245629,1186993
239773,1187086
936890,1187142
522696,1187220
665807,1187277
1182974,1187381
662246,1187489
200659,1187539
275292,1187600
1187663,1187685
822754,1187713
618581,1187797
200811,1187946
757523,1187980
1129636,1188081
1188166,1188184
1188338,1188355
767590,1188533
204993,1188630
1188676,1188695
802661,1188757
1042136,1188859
380368,1188918
863859,1188973
1189042,1189061
1189144,1189163
1189233,1189251
1129555,1189331
1189383,1189401
662088,1189504
266371,1189589
1189673,1189694
1189747,1189752
905713,1189799
685115,1189850
685115,1189897
1164680,1189930
1190011,1190030
1190122,1190146
281977,1190200
1172420,1190263
1190339,1190356
1036126,1190409
1164842,1190445
1133432,1190484
1133421,1190547
1190599,1190608
1190631,1190649
203516,1190683
203528,1190727
203537,1190770
203544,1190817
749717,1190855
1036310,1190893
868245,1190935
564341,1190990
689887,1191052
261823,1191081
209028,1191121
209044,1191166
1191197,1191204
1191236,1191258
1191289,1191291
968368,1191338
651809,1191393
1191449,1191465
1191630,1191653
652046,1191757
364611,1191790
912022,1191837
912079,1191885
572130,1191939
1002356,1191994
662192,1192036
662246,1192091
1192164,1192186
720093,1192309
719942,1192345
720040,1192402
1043200,1192460
206237,1192528
656433,1192603
203516,1192642
203544,1192688
995816,1192724
1192822,1192846
1192949,1192965
1193009,1193021
206076,1193066
765080,1193124
427674,1193202
1193370,1193391
1193679,1193680
1193772,1193793
1002855,1193857
1193985,1194003
354115,1194061
1194320,1194349
821855,1194401
1194464,1194486
635761,1194625
694511,1194723
1172420,1195162
1172420,1195209
1140927,1195245
1195278,1195284
665778,1195369
665807,1195428
985366,1195463
870329,1195519
658971,1195686
1195733,1195751
1195849,1195865
693923,1195923
782942,1196038
862778,1196072
685115,1196119
1196283,1196306
1196399,1196415
1196541,1196560
1196616,1196637
1196685,1196709
1196750,1196778
1196830,1196853
1196946,1196967
914742,1196998
1197046,1197067
489138,1197300
1197411,1197430
1197509,1197521
1197597,1197610
1197675,1197699
1197739,1197756
836623,1197794
1126432,1197929
275292,1197964
495536,1198000
1198044,1198059
656609,1198118
912079,1198187
1140927,1198224
776520,1198282
335162,1198351
1164680,1198488
203544,1198529
1198593,1198615
603166,1198670
864875,1198749
1198777,1198783
1198834,1198852
200659,1198913
1026176,1198950
1199020,1199049
460491,1199106
776389,1199147
495536,1199201
654068,1199240
1199326,1199342
1199414,1199433
1052821,1199479
1199569,1199582
1199650,1199678
865707,1199771
1199818,1199839
660761,1199894
858114,1199936
364372,1199991
364611,1200047
827788,1200081
671649,1200145
662088,1200184
205099,1200227
467159,1200270
204993,1200317
205956,1200355
359506,1200393
359649,1200431
1200505,1200522
1200598,1200611
1200669,1200682
1200719,1200735
844363,1200788
1200816,1200828
255171,1200902
1200956,1200973
564704,1201033
364496,1201080
697029,1201120
1201183,1201203
1201261,1201288
578613,1201344
578716,1201407
737943,1201469
1201513,1201532
1201623,1201647
1201699,1201702
1201756,1201773
200807,1201836
1164842,1201891
1020057,1201938
1020192,1201993
1202061,1202088
696858,1202128
205113,1202163
696787,1202214
251198,1202251
1202349,1202365
1202429,1202440
1202536,1202558
208553,1202618
839710,1202694
874221,1202752
1202821,1202845
988060,1202907
874209,1202930
1203012,1203031
233270,1203096
203516,1203152
1203201,1203229
1146526,1203286
489268,1203319
380368,1203357
1203390,1203414
1203479,1203498
1196946,1203582
487705,1203621
1203716,1203737
206200,1203792
822529,1203856
854577,1204060
814736,1204127
836623,1204400
781173,1204437
781276,1204471
1129636,1204519
769559,1204557
348694,1204812
659352,1204854
777978,1204910
778430,1204975
777689,1205029
364611,1205086
1205126,1205142
1205212,1205231
1205296,1205310
899905,1205352
778014,1205381
1205458,1205470
1205525,1205541
1205663,1205685
1205778,1205797
1205876,1205895
1205933,1205951
748869,1206063
899692,1206643
903008,1206670
1206708,1206712
1015163,1206754
1206834,1206852
700136,1206913
1206984,1207009
890348,1207066
816992,1207107
1207130,1207153
951253,1207195
864564,1207239
1207336,1207358
1207406,1207410
1207468,1207481
1207549,1207565
1207622,1207646
1207698,1207717
827184,1207740
1207772,1207793
1207826,1207835
1207916,1207937
1207963,1207971
1208043,1208062
1208164,1208186
1208210,1208223
1208252,1208268
555733,1208299
731717,1208366
1208456,1208473
1208563,1208585
1208563,1208674
522151,1208711
889624,1208776
854549,1208805
1175524,1209076
1209198,1209216
1209244,1209259
1209285,1209302
921859,1209339
1014674,1209360
1209394,1209413
921987,1209445
1014711,1209478
700136,1209770
1209988,1210002
204889,1210094
1210143,1210158
205987,1210191
893028,1210232
1210266,1210284
889598,1210311
816646,1210348
1210395,1210416
1210444,1210463
927566,1210503
1210535,1210557
927702,1210590
1208563,1210638
662625,1210672
1210722,1210746
200895,1211536
1211706,1211723
1211813,1211832
1211884,1211897
1211948,1211953
817777,1212165
693923,1212261
520070,1212756
520129,1212794
1212972,1212993
1213187,1213207
994316,1213269
955577,1213572
200980,1213643
564704,1213875
1214270,1214289
1215024,1215048
596657,1215341
200980,1215523
200811,1215990
203544,1216065
871337,1216201
871385,1216229
901940,1216255
901940,1216286
1216666,1216678
1216700,1216716
1217378,1217384
675396,1217661
1218045,1218066
1218097,1218107
651455,1218182
1218370,1218391
1218890,1218900
1218937,1218959
848860,1219055
657748,1219103
657846,1219142
654837,1219188
1157325,1219231
1219283,1219306
1219352,1219375
870329,1219404
206926,1219443
320090,1219489
802473,1219539
1219556,1219573
1219600,1219616
1219671,1219692
1219750,1219778
1219824,1219830
200811,1219876
258296,1219914
1219980,1220007
687196,1220105
1220179,1220198
202786,1220259
1220325,1220341
1220413,1220432
1220506,1220523
209749,1220581
1208563,1220631
226551,1220677
230916,1220715
230963,1220758
1220791,1220817
1220840,1220864
1220919,1220935
1221006,1221023
1221052,1221068
1221099,1221109
1221258,1221270
851556,1221338
843275,1221386
862310,1221431
1221496,1221514
1221607,1221624
1221695,1221719
865661,1221774
208595,1221837
208621,1221892
1221987,1222004
1222058,1222070
1222117,1222138
1222186,1222206
1222234,1222252
233816,1222299
1222345,1222366
1222439,1222456
659119,1222516
846677,1222559
256284,1222592
1222661,1222688
614680,1222748
1222822,1222846
209783,1222880
1222920,1222949
1223032,1223050
1223107,1223124
672071,1223182
829410,1223225
944239,1223260
1223327,1223343
208632,1223406
662527,1223531
200807,1223667
1129636,1223740
865707,1224074
229833,1224233
525256,1224768
958579,1224809
1003221,1224845
702940,1225849
986504,1225877
1225910,1225934
564704,1226055
1226126,1226142
1226296,1226310
667327,1226436
665807,1226556
364372,1226713
364496,1226750
364611,1226797
1227219,1227235
1227448,1227469
1230159,1230171
804354,1230214
200980,1230251
1230279,1230298
1230365,1230383
1230455,1230472
1230543,1230562
1230639,1230656
1230723,1230747
1230809,1230821
209749,1230884
995774,1230924
957072,1231043
1008338,1231070
818290,1231129
796277,1231155
732115,1231193
731717,1231252
1140927,1231309
1231378,1231397
203537,1231439
203544,1231473
422033,1231516
951141,1231559
970149,1231585
650574,1231619
1164680,1232184
1197739,1232227
781224,1232258
520456,1232291
818411,1232329
1232372,1232393
203544,1232454
876921,1232496
767348,1232533
206076,1232579
1232648,1232669
1232735,1232757
235912,1232816
236019,1232859
696972,1232892
1042136,1232939
1232987,1233001
653403,1233040
1233126,1233142
909069,1233161
1233190,1233212
1233283,1233306
649416,1233368
651878,1233404
1233458,1233470
1233541,1233560
1233637,1233659
690931,1233713
1234114,1234133
1234180,1234200
1234292,1234318
203281,1234373
1234421,1234445
1234552,1234575
1234552,1234654
206011,1234696
200659,1234736
204993,1234770
1234840,1234864
1234935,1234957
272363,1235012
249096,1235054
643713,1235110
1236475,1236499
233204,1236596
973387,1236679
964456,1236738
878036,1236874
744954,1236928
1236959,1236971
200811,1237037
1237102,1237125
425683,1237305
425736,1237346
1168271,1237636
1168360,1237670
1237765,1237783
789472,1237852
847813,1237875
203516,1237909
1237984,1238005
1237984,1238067
1237984,1238108
1052821,1238131
1238165,1238183
208319,1238242
662088,1238290
1238328,1238337
200659,1238392
536910,1238448
1052694,1238495
868284,1238532
877985,1238578
736851,1238634
715334,1238675
733413,1238718
1175524,1238756
354115,1238794
354189,1238836
337363,1238889
1231378,1238938
1238986,1239002
523999,1239060
649463,1239115
1234552,1239158
683890,1239191
683944,1239232
958611,1239278
747145,1239311
818476,1239353
865707,1239395
1012211,1239437
1239485,1239503
888562,1239542
888602,1239601
333772,1239664
564704,1239746
1239981,1240000
205761,1240063
255558,1240139
293576,1240194
794401,1240253
672442,1240295
1169782,1240346
233816,1240380
973523,1240435
375112,1240474
206758,1240517
801522,1240564
818532,1240586
1240627,1240643
1240691,1240712
963385,1240754
858114,1240823
1241072,1241093
1241188,1241208
672071,1241265
829410,1241306
1234552,1241381
1241436,1241458
1231378,1241518
1241539,1241556
200556,1241616
1241663,1241685
1241732,1241745
1241811,1241830
1241905,1241922
1231378,1241980
747145,1242031
1242077,1242096
1019287,1242152
536910,1242255
658679,1242303
200811,1242335
1242390,1242414
204165,1242576
1242229,1242684
1231378,1242785
1231378,1242825
1112472,1242860
1119864,1242915
1242970,1242991
1243088,1243100
895886,1243159
693923,1243192
651924,1243246
651976,1243280
697671,1243320
1243354,1243377
1243429,1243440
662246,1243504
973387,1243543
642800,1243589
206568,1243625
354189,1243687
1243734,1243752
343523,1243813
355905,1243878
483845,1243911
483884,1243976
205941,1244032
1176971,1244097
829410,1244169
208569,1244202
1244273,1244294
199724,1244358
258296,1244406
341343,1244447
807804,1244481
200659,1244512
656894,1244583
966143,1244633
1028610,1244679
1244764,1244786
731260,1244842
651878,1244874
651924,1244900
651976,1244944
1245079,1245098
209783,1245154
1245226,1245242
1245316,1245337
1245469,1245482
1245532,1245550
672071,1245610
829410,1245652
1245699,1245718
1245773,1245794
209125,1245858
248488,1245901
1245986,1246006
1246099,1246113
1246184,1246204
765242,1246262
359506,1246496
864564,1246533
562412,1246580
1246653,1246676
380368,1246774
443454,1246828
801522,1246863
1246892,1246918
1246941,1246960
1247018,1247039
1247170,1247189
737737,1247245
1247416,1247437
470332,1247975
1234552,1248030
871337,1248263
654099,1248302
1248356,1248373
1248432,1248450
1248510,1248534
635761,1248599
200895,1248649
694255,1248683
781173,1248736
781224,1248762
781276,1248791
245812,1248829
287572,1248864
287627,1248903
528340,1248942
1249004,1249027
608746,1249089
698204,1249186
801505,1249206
801483,1249223
801505,1249247
529308,1249275
779002,1249795
1249846,1249867
1019336,1249920
898701,1249983
662246,1250015
608746,1250058
200119,1250091
1250186,1250206
1140927,1250268
1234552,1250309
652046,1250345
561439,1250384
1250439,1250456
1250487,1250500
1250537,1250559
522696,1250619
744954,1250657
985366,1250707
807804,1250748
1042877,1250776
1250814,1250833
1155661,1250898
1155753,1250954
789504,1251016
1127687,1251037
801522,1251063
209945,1251092
209950,1251156
731182,1251211
528546,1251248
731260,1251276
528289,1251305
528340,1251333
1251380,1251403
672071,1251442
829410,1251488
852737,1251627
206200,1251689
206198,1251720
1160457,1251796
231576,1251834
204578,1251921
199954,1251966
204584,1252007
1236475,1252048
1252105,1252122
778363,1252259
1252341,1252360
1252432,1252450
1252523,1252547
380368,1252608
443408,1252649
443454,1252683
991221,1252727
991143,1252762
1157649,1252801
1021299,1252838
1252903,1252926
201812,1252988
544162,1253025
203299,1253087
685115,1253162
1253232,1253250
309171,1253353
1234552,1253400
647282,1253444
1253485,1253503
1253557,1253574
522855,1253617
691419,1253664
520004,1253705
1253767,1253780
364372,1253849
364611,1253883
1155846,1253923
1253999,1254012
1254106,1254123
692105,1254201
1254272,1254293
1254361,1254388
958682,1254446
868245,1254480
208595,1254569
208621,1254609
208632,1254645
1254716,1254737
1254763,1254785
647322,1254860
203516,1254904
203537,1254962
821855,1255009
442142,1255050
206198,1255097
1255124,1255148
1255176,1255195
1255225,1255241
868284,1255287
1255358,1255370
1255447,1255468
1255531,1255554
1255614,1255633
229129,1255680
200811,1255738
1255772,1255793
202239,1255874
1255900,1255928
932052,1255963
1256005,1256022
1256067,1256080
201104,1256120
1256196,1256219
1256288,1256300
202241,1256407
845757,1256482
993015,1256521
1036830,1256578
1238328,1256606
1007249,1256668
1256699,1256718
1256756,1256773
1256889,1256901
674657,1256964
674707,1257001
674753,1257040
674805,1257086
674851,1257126
782942,1257161
954792,1257208
1257249,1257265
1257323,1257347
202239,1257381
202241,1257443
923985,1257502
726510,1257541
1257594,1257616
675396,1257659
1257709,1257721
1115895,1257766
969327,1257811
524728,1257853
646260,1257914
1258006,1258023
871407,1258081
1258184,1258204
1258289,1258301
761848,1258340
1133599,1258412
1258465,1258483
1258514,1258533
1258567,1258580
1258611,1258630
985366,1258676
829410,1258816
424859,1258871
1258925,1258941
998576,1259003
937615,1259042
1259137,1259159
1259185,1259205
1259233,1259251
1259280,1259308
1259377,1259396
917252,1259455
207625,1259504
1259589,1259602
1259639,1259656
1259706,1259723
1259775,1259799
1259866,1259884
1260065,1260083
1260123,1260147
1260255,1260272
1260361,1260388
1143014,1260507
1260530,1260553
1260582,1260609
670110,1260645
584611,1260678
851502,1260716
495562,1260759
607180,1260792
1260904,1260927
1260958,1260970
792544,1261011
1261105,1261122
743274,1261200
206506,1261244
1261285,1261302
443454,1261341
653160,1261387
667928,1261432
1261478,1261497
1261523,1261534
1261568,1261575
1261683,1261704
1261791,1261817
256284,1261872
868245,1261919
1131819,1261957
258296,1261988
974381,1262037
205987,1262071
1005554,1262118
1005605,1262156
979068,1262194
1262248,1262269
1262346,1262367
662246,1262403
974830,1262442
1262564,1262586
1261683,1262643
1261683,1262689
1262731,1262754
789267,1262796
206024,1262834
206762,1262875
1231378,1262921
207799,1262950
646944,1263005
226301,1263051
995774,1263112
1263183,1263203
658679,1263261
200980,1263290
870329,1263337
387312,1263371
995774,1263430
495907,1263469
495438,1263509
659119,1263550
644770,1263597
1263647,1263668
739719,1263718
993879,1263773
993931,1263815
993814,1263858
248314,1263891
206076,1263938
233816,1263972
1264043,1264062
1049068,1264129
984118,1264172
1264206,1264223
697671,1264281
645678,1264321
208569,1264384
1264487,1264500
581673,1264585
209305,1264626
246807,1264688
1168450,1264748
483845,1264782
483884,1264846
849295,1264908
1265042,1265061
957072,1265128
1265171,1265192
522696,1265308
957126,1265365
665869,1265401
1265455,1265472
954792,1265536
1265602,1265625
989955,1265660
999044,1265706
1265723,1265747
1156813,1265781
1265809,1265821
1265878,1265897
1265948,1265969
1265995,1266018
256284,1266056
994316,1266104
1156924,1266143
1266170,1266191
1266245,1266266
1266307,1266324
990142,1266369
1266416,1266437
1153607,1266471
990190,1266503
606907,1266542
1266574,1266590
1266640,1266664
1153676,1266705
1266746,1266767
1266812,1266831
1266896,1266910
203544,1266952
1266981,1267006
1267052,1267075
1267109,1267113
1267166,1267184
608746,1267227
1267262,1267289
529144,1267329
1267364,1267386
1002356,1267449
1267496,1267514
998645,1267551
1007709,1267598
1267648,1267669
203724,1267742
1267788,1267800
989513,1267844
322178,1267885
1267925,1267941
902673,1267987
1268017,1268038
1261683,1268093
749717,1268142
1124183,1268188
1153828,1268220
1268265,1268283
1268334,1268352
1268404,1268427
1268489,1268502
1268556,1268573
200659,1268616
1268663,1268685
207821,1268721
659352,1268797
1268882,1268905
1268951,1268979
1269021,1269045
1269084,1269107
206478,1269148
1269195,1269218
908500,1269256
203516,1269294
203544,1269336
1269370,1269391
1269423,1269434
247815,1269475
1269554,1269577
1269646,1269667
1269701,1269729
1001253,1269786
999643,1269826
1269842,1269861
1269916,1269937
249264,1269971
249342,1270014
1270067,1270080
1270131,1270154
1270203,1270226
652235,1270261
442381,1270300
442283,1270344
1156019,1270385
1270407,1270424
1270469,1270482
1270513,1270521
1154305,1270566
1270606,1270623
1117370,1270668
1270725,1270741
1270794,1270815
1157649,1270858
1270889,1270901
1270938,1270955
1270986,1271009
1178469,1271045
989901,1271078
1271111,1271130
1271182,1271202
1271239,1271256
1271327,1271343
1271370,1271391
203544,1271452
801483,1271512
208569,1271549
572130,1271583
655011,1271622
1271679,1271698
200443,1271738
593683,1271772
1271888,1271900
757523,1272002
1272073,1272094
1272162,1272189
1272311,1272330
1002356,1272395
510195,1272437
1272588,1272601
1272672,1272693
1272767,1272780
1272854,1272877
1272947,1272968
939557,1273024
658549,1273082
1273151,1273179
1282436,1273259
1136332,1273360
294245,1273445
1273478,1273497
520332,1273789
506800,1273829
1273872,1273893
698514,1274017
867478,1274190
789911,1274283
1274323,1274347
654023,1274427
513546,1274470
648108,1274671
864875,1274750
203516,1274895
203846,1274951
258296,1275028
1275141,1275160
1275269,1275282
365478,1275346
1275435,1275457
1275658,1275670
1275720,1275749
1275806,1275823
207171,1275945
778550,1275978
208524,1276138
665283,1276223
650812,1276473
1276500,1276528
966143,1276642
749900,1276724
245629,1276769
1276814,1276833
200659,1276898
208553,1276949
1276996,1277012
693923,1277077
255312,1277123
1159371,1277181
985366,1277229
276962,1277264
652702,1277342
1277390,1277414
203537,1277498
203544,1277553
646148,1277595
1277621,1277645
298058,1277744
777689,1277860
1277927,1277943
1160457,1278035
1278100,1278128
1278192,1278214
997042,1278279
354189,1278331
354115,1278377
1278417,1278438
842084,1278504
1278591,1278618
842124,1278687
202241,1278747
940984,1278809
1278884,1278907
1279166,1279184
203537,1279243
202239,1279289
985366,1279340
816614,1279386
210033,1279449
1279514,1279533
749717,1279598
659905,1279653
1279742,1279761
1279816,1279828
293576,1280336
364611,1280370
973387,1280410
417794,1280452
683508,1280512
904437,1280565
1280633,1280651
208553,1280717
687196,1280755
848860,1280793
203516,1280842
608746,1280900
1280963,1280985
1281168,1281181
858961,1281240
1281319,1281335
1281697,1281716
1281785,1281802
231576,1281841
1281904,1281927
1282017,1282038
1282093,1282119
1050703,1282174
519804,1282220
1282296,1282310
208958,1282375
1282436,1282458
1013411,1282518
644413,1282766
208553,1282946
354189,1282998
208569,1283052
364496,1283109
1283236,1283258
1283317,1283338
1283393,1283412
1283546,1283567
1283653,1283676
1283742,1283761
1283816,1283837
846801,1283892
683614,1283939
1283960,1283987
1284037,1284059
1284085,1284102
1284139,1284156
749717,1284211
961302,1284253
298101,1284314
1284367,1284380
203299,1284442
778430,1284488
1284529,1284540
249264,1284604
963131,1284643
380368,1284670
777978,1284720
203544,1284765
565989,1284806
1266981,1284868
203516,1284913
660420,1285036
1285138,1285155
1285281,1285309
249181,1285418
1285460,1285487
1005605,1285528
1160457,1285563
1285592,1285619
249096,1285657
1285707,1285724
1285795,1285814
1285908,1285920
210033,1285983
1286035,1286057
1286144,1286163
1286214,1286233
1286308,1286320
1004319,1286365
1286440,1286464
1286515,1286536
1286515,1286591
1286641,1286660
608746,1286710
1286781,1286809
443454,1286866
1286911,1286930
1286515,1286976
683614,1287011
1287069,1287082
1287133,1287151
356708,1287285
356899,1287325
1287394,1287413
809943,1287478
862778,1287523
208553,1287568
1287631,1287654
696858,1287715
207768,1287789
203537,1287829
726413,1287886
203516,1287988
804383,1288041
226483,1288104
1288143,1288162
1288232,1288250
1288311,1288330
365478,1288416
700136,1288463
208569,1288503
258296,1288542
726413,1288588
1288640,1288664
260977,1288722
655011,1288767
354115,1288808
655011,1288854
1288896,1288910
206654,1288975
1289067,1289051
394529,1289080
730476,1289120
662246,1289183
690867,1289261
314657,1289300
326985,1289363
700136,1289411
689020,1289469
201307,1289521
1289550,1289578
1289675,1289699
778014,1289741
1289815,1289836
800497,1289889
207799,1289917
1289993,1290017
287627,1290157
1290220,1290249
206506,1290306
1290375,1290399
806502,1290458
561965,1290518
255312,1290573
645524,1290628
203537,1290663
1118418,1290721
645498,1290778
651976,1290824
203544,1290869
553729,1290914
200895,1290967
203516,1291002
209636,1291041
1102257,1291087
209627,1291143
561439,1291189
1050514,1291221
208553,1291284
1291311,1291324
298101,1291382
608746,1291437
1291471,1291492
1291557,1291574
1291640,1291664
1291733,1291751
356823,1291812
764107,1291854
200811,1291910
1292107,1292124
973387,1292182
672071,1292225
364372,1292260
326985,1292304
354115,1292343
804354,1292389
1292452,1292475
843275,1292531
483884,1292577
908500,1292614
208569,1292679
1292701,1292729
208553,1292764
764389,1292803
203299,1292900
868245,1292963
398162,1293004
647282,1293043
356823,1293089
356899,1293129
1293193,1293210
356708,1293275
851556,1293313
1293384,1293402
1293473,1293494
1293563,1293585
1293657,1293674
1293769,1293782
1293833,1293851
1293949,1293965
564704,1294022
258296,1294067
1294098,1294112
1294344,1294363
1294482,1294509
958682,1294566
1294675,1294699
820887,1294756
667304,1294815
691913,1294858
522990,1294929
647282,1294964
1295034,1295052
206568,1295113
1043285,1295150
509867,1295197
974830,1295258
1295338,1295355
355381,1295412
949571,1295477
1295505,1295522
647322,1295580
1295676,1295695
1295761,1295788
1295871,1295892
1295987,1296007
618200,1296053
1296122,1296146
917206,1296200
1295676,1296259
1296302,1296325
1296387,1296409
1296497,1296510
1296608,1296620
1296715,1296736
351972,1296801
795127,1296864
1296919,1296935
522339,1296990
1297088,1297100
231576,1297163
1297205,1297222
1297279,1297298
483845,1297354
645054,1297396
354189,1297440
912235,1297486
1297527,1297543
323001,1297602
1297673,1297694
351917,1297752
647322,1297799
647282,1297832
1297866,1297884
1297953,1297976
1295676,1298049
1167574,1298083
1298199,1298217
431033,1298293
520402,1298357
1298414,1298433
767348,1298498
876921,1298530
851502,1298818
647282,1298856
821302,1298894
781538,1298936
966104,1298970
1299085,1299102
204165,1299160
966143,1299207
1299276,1299295
644552,1299351
789267,1299398
205994,1299435
231576,1299474
1299834,1299852
482110,1299913
1299945,1299966
671271,1300020
354189,1300083
1300134,1300152
671228,1300217
364611,1300272
952228,1300319
320090,1300361
995774,1300422
293576,1300467
364611,1300507
255171,1300553
1300645,1300666
970623,1300728
1300802,1300825
1300927,1300943
1301007,1301024
662088,1301082
996445,1301114
207821,1301179
1295676,1301216
1295338,1301263
1297673,1301302
272316,1301356
1301421,1301445
719942,1301506
1301575,1301599
203281,1301654
364372,1301696
272261,1301736
272363,1301770
281867,1301817
1301903,1301926
965159,1301988
996318,1302028
749900,1302063
720040,1302102
1013938,1302141
498188,1302187
965205,1302224
996360,1302269
1013972,1302305
209187,1302346
209194,1302380
749861,1302426
651383,1302461
204702,1302501
204699,1302564
651976,1302627
647322,1302662
667928,1302708
206011,1302749
647282,1302806
966143,1302847
997185,1302881
659560,1302945
652424,1303005
653160,1303046
431337,1303080
651924,1303149
201307,1303183
1303261,1303288
359506,1303328
398115,1303363
1303430,1303453
861856,1303513
359649,1303578
651878,1303610
966143,1303652
1303702,1303725
746444,1303760
1303862,1303889
1136592,1303929
966104,1303955
522339,1303993
202928,1304036
201812,1304070
1304138,1304155
202944,1304210
649369,1304268
1304309,1304321
233816,1304384
958682,1304425
364047,1304460
1304544,1304563
1304674,1304690
1128498,1304753
1304833,1304851
1304949,1304965
1305057,1305074
1305144,1305163
690155,1305222
1305312,1305331
1305429,1305438
647322,1305527
647282,1305562
1020969,1305618
1305706,1305723
204773,1305781
647282,1305821
1305897,1305911
662192,1305976
359506,1306018
203516,1306056
200659,1306094
1306170,1306191
1306266,1306284
1295676,1306348
469314,1306382
685115,1306444
1306503,1306526
647282,1306588
443454,1306629
364496,1306664
584611,1306722
996762,1306767
996817,1306820
1306896,1306910
647282,1306975
647322,1307010
966104,1307052
359649,1307099
1307145,1307166
1307236,1307258
966143,1307317
1101639,1307355
527594,1307393
398278,1307449
275409,1307483
232381,1307579
260977,1307630
245629,1307676
1019577,1307735
1019679,1307790
1019622,1307859
326985,1307918
1295676,1307956
1308265,1308283
963344,1308323
963316,1308347
1308381,1308404
422033,1308462
208201,1308502
963274,1308539
1308556,1308560
731182,1308594
1308616,1308637
729978,1308663
730005,1308692
730046,1308721
729921,1308750
849224,1308784
1308807,1308824
1308895,1308914
1308980,1309009
1309097,1309111
265423,1309153
1309218,1309239
1309304,1309327
201232,1309389
736908,1309452
868245,1309531
203299,1309577
647282,1309614
230963,1309651
645989,1309717
1309786,1309803
647322,1309861
522855,1309900
300846,1309944
766052,1310004
834422,1310058
672071,1310091
424496,1310138
262704,1310172
1043285,1310234
647322,1310275
834374,1310313
1310402,1310425
1120713,1310487
202256,1310537
1023458,1310592
258296,1310657
436823,1310690
522855,1310730
618244,1310769
647282,1310822
1310879,1310898
1311351,1311379
747145,1311419
203537,1311488
209187,1311529
209194,1311586
203544,1311643
203516,1311689
845757,1311720
747546,1311765
656238,1311796
425325,1311852
1311913,1311932
901940,1311997
804354,1312048
816111,1312082
1312151,1312179
1296302,1312237
903361,1312271
659905,1312318
1312409,1312421
519739,1312484
985366,1312523
258296,1312568
1312631,1312654
647282,1312715
1312762,1312789
647322,1312840
770308,1312886
1312935,1312957
1313170,1313191
578613,1313232
279040,1313278
954792,1313330
343523,1313382
618581,1313428
1313492,1313519
1313588,1313601
694553,1313640
1313714,1313733
1313780,1313798
204165,1313831
941541,1313877
1313906,1313910
747546,1313952
1313975,1313999
522990,1314054
1028610,1314083
985366,1314110
278992,1314152
333772,1314217
1314272,1314293
1314357,1314374
278992,1314414
1314479,1314498
205761,1314553
1295676,1314609
520880,1314904
829410,1314962
722050,1315107
1173334,1315169
1315225,1315241
1117097,1315287
1315336,1315358
998272,1315391
580655,1315452
1315508,1315520
672071,1315583
958682,1315646
1315698,1315701
791774,1315764
689106,1315819
1300134,1315861
1023265,1315900
1315971,1315992
1316046,1316067
912079,1316120
1141552,1316165
1141736,1316203
1141649,1316242
1040870,1316274
1297673,1316316
1003588,1316359
1003638,1316392
1316756,1316773
1316827,1316843
201896,1316889
1316917,1316938
1316993,1317017
1317103,1317126
320515,1317188
320641,1317249
596603,1317306
1317381,1317404
674657,1317462
851556,1317518
1317556,1317573
760187,1317616
843275,1317644
1317685,1317709
380368,1317766
443454,1317807
1317951,1317979
1318034,1318052
1318121,1318145
724033,1318204
656238,1318258
200811,1318291
1318329,1318340
202786,1318386
204889,1318412
1318454,1318477
1222117,1318533
231576,1318579
665778,1318611
665807,1318648
608746,1318682
203635,1318726
1318788,1318800
203626,1318863
851824,1318925
1318973,1318994
1319057,1319074
1319100,1319128
1319205,1319222
1319251,1319279
1193985,1319320
1319377,1319396
692007,1319438
656272,1319884
1319953,1319976
1320009,1320021
767664,1320066
526889,1320107
1320130,1320153
1320195,1320218
1320287,1320304
1320362,1320389
764389,1320447
1320520,1320549
1320614,1320633
1320680,1320698
1157325,1320740
770308,1320786
1320819,1320835
1148491,1320890
1320928,1320944
208553,1321008
1321031,1321054
1321106,1321123
208569,1321181
1321238,1321255
1143532,1321319
208569,1321361
665980,1321405
1321595,1321613
208553,1321678
1321728,1321744
1321792,1321818
1321860,1321887
1300134,1321927
1321970,1321991
1322064,1322086
1322174,1322190
1322249,1322265
697671,1322306
618263,1322334
339405,1322399
958682,1322443
1322491,1322518
1000321,1322556
747145,1322594
1322637,1322659
1050514,1322692
1322745,1322766
1322797,1322811
1322905,1322922
1323006,1323023
1323099,1323113
1002356,1323178
1323227,1323243
1323270,1323291
1323364,1323386
662019,1323449
693999,1323483
1323551,1323579
868245,1323630
674707,1323676
685115,1323719
202066,1323774
790926,1323837
204993,1323871
958611,1323918
1323987,1324000
484717,1324063
1324092,1324102
1324156,1324173
484667,1324230
958579,1324276
989316,1324419
1324474,1324490
687261,1324555
314908,1324593
1324662,1324689
1324796,1324810
1324881,1324909
206568,1324966
1325015,1325036
662019,1325091
944239,1325138
693923,1325172
926882,1325210
1306896,1325252
1325299,1325313
648014,1325350
1325402,1325425
203544,1325912
749900,1325954
1326042,1326061
646148,1326128
844235,1326163
526889,1326214
731032,1326279
249264,1326331
1326377,1326396
1326543,1326562
1326625,1326641
749900,1326687
469230,1326723
1326781,1326809
249342,1326866
1326897,1326911
674753,1326953
792544,1326995
1327069,1327082
868284,1327146
1327216,1327237
1117045,1117050
1117013,1117078
1117032,1117084
1149315,1149362
1147956,1147960
1177921,1177966
1205721,1205560
1211995,1211930
1211866,1211878
1234069,1234082
1241126,1241135
1279925,1279939
1280084,1280148
1280097,1280153
1280107,1280169
1280111,1280176
1280124,1280182
1280130,1280195
1279902,1279918
1280202,1280260
1280218,1280273
1280225,1280287
1280239,1280294
1280241,1280304
1280256,1280315
1279871,1279885
1279941,1280013
1279956,1280021
1279960,1280032
1279973,1280045
1279987,1280050
1279994,1280066
1280009,1280078
1281414,1281511
1281422,1281524
1281433,1281530
1281446,1281548
1281405,1281507
1281479,1281576
1281480,1281582
1281498,1281595
1281451,1281553
1281467,1281569
1279892,1281609
1281361,1281613
1281374,1281621
1281388,1281632
1281390,1281645
1288981,1288999
1289005,1289014
1305455,1305377
1286832,1286845
1314887,1314446
