GPUID,GPPID
835287,1044135
973387,1044174
809737,1044208
994521,1044249
994521,1044265
955577,1044306
955577,1044323
1044352,1044381
1044352,1044404
579403,1044436
749861,1044470
749861,1044491
749900,1044539
749900,1044556
693923,1044594
693923,1044616
750021,1044659
750021,1044671
258296,1044713
258296,1044732
647442,1044750
647442,1044778
842554,1044797
670530,1044811
904104,1044830
674707,1044853
782942,1044876
1040328,1044895
1040371,1044914
1040448,1044933
337411,1044951
337411,1044979
665869,1044998
665869,1045016
1017258,1045037
696972,1045059
1040870,1045071
845109,1045092
1040917,1045118
269781,1045139
269781,1045156
315440,1045173
315440,1045194
1041452,1045211
1041452,1045230
1041508,1045253
1041508,1045276
233816,1045295
233816,1045314
1041565,1045333
1041596,1045351
1041614,1045379
1041633,1045398
291532,1045419
291532,1045435
804354,1045457
205761,1045474
654099,1045490
489268,1045517
489138,1045538
502700,1045555
1041793,1045572
1041826,1045593
1041890,1045615
521881,1045636
662417,1045658
662417,1045670
649655,1045691
649655,1045712
485098,1045731
671649,1045754
1042638,1045777
858114,1045796
205987,1045810
667304,1045834
1042767,1045852
1042820,1045875
1042854,1045899
1042877,1045913
846654,1045932
1042906,1045950
1042947,1045978
204274,1045997
204274,1046015
726216,1046036
726216,1046058
1043105,1046070
1043151,1046091
959349,1046117
686208,1046138
686208,1046155
1031871,1046172
1031871,1046193
1041097,1046210
1041130,1046234
201812,1046252
201812,1046275
359506,1046299
359506,1046313
208405,1046332
208405,1046350
584611,1046378
960936,1046397
229206,1046418
229206,1046439
229129,1046456
229129,1046473
229129,1046494
229129,1046516
226483,1046537
226483,1046559
226483,1046571
652235,1046592
652235,1046619
203908,1046635
203908,1046657
598472,1046674
598527,1046690
1042018,1046711
516035,1046730
700136,1046753
495907,1046776
495438,1046795
1042094,1046814
685115,1046833
685115,1046851
226695,1046879
226695,1046898
255850,1046912
255850,1046931
255907,1046954
255907,1046977
238127,1046996
238127,1047012
238170,1047031
238170,1047054
736384,1047077
736384,1047096
596603,1047110
226483,1047168
596657,1047181
226047,1047201
226047,1047229
1042459,1047240
740507,1047264
689887,1047286
1042526,1047303
1044072,1047326
266226,1047342
1043200,1047361
1043285,1047390
1043285,1047414
279296,1047433
279296,1047451
279296,1047479
400589,1047498
202531,1047511
202531,1047530
835928,1047553
944239,1047576
747145,1047595
1043445,1047613
1043445,1047632
662417,1047650
1043497,1047684
1043552,1047700
575099,1047728
645989,1047744
646148,1047763
646111,1047785
1043696,1047802
845918,1047825
967939,1047841
1043817,1047860
1043817,1047887
1043864,1047904
1039293,1047927
203544,1047943
203544,1047962
203544,1047989
1043935,1048003
1043990,1048026
1043990,1048042
627467,1048061
749717,1048088
749717,1048100
200811,1048128
1039342,1048159
1039390,1048171
882330,1048192
533993,1048214
570659,1048233
1039498,1048251
1039498,1048279
956120,1048298
956120,1048312
249342,1048331
249342,1048354
249264,1048377
249264,1048396
698204,1048417
801522,1048438
1039792,1048455
988060,1048472
648261,1048493
648261,1048515
238416,1048536
238416,1048543
200142,1048570
200142,1048591
203299,1048639
203299,1048656
208553,1048694
208553,1048710
1048775,1048809
1048775,1048821
203537,1048866
203537,1048884
1048924,1048953
309171,1048995
309171,1049010
1049068,1049099
1049068,1049113
876921,1049150
665334,1050006
665283,1050047
1050081,1050113
781538,1050150
1050215,1050243
1050215,1050262
1050301,1050338
1050301,1050355
865172,1050393
865172,1050412
1050449,1050477
1050514,1050546
1050514,1050567
960390,1050607
960414,1050648
961497,1050682
1050703,1050735
904104,1050774
654068,1050800
200119,1050844
200119,1050863
1050902,1050939
1050902,1050956
1050902,1050973
1051014,1051046
1051014,1051067
1051098,1051120
1051098,1051149
1051177,1051203
1051242,1051274
1051316,1051344
864662,1051385
864662,1051407
767348,1051647
1051702,1051739
1051702,1051756
203281,1051794
203281,1051815
666474,1051917
666474,1051938
858114,1051972
858114,1051993
1052042,1052074
697671,1052116
521305,1052159
521322,1052185
941126,1052214
1052251,1052280
1052251,1052308
910693,1052349
1052383,1052417
662088,1052455
801719,1052602
671736,1052641
671919,1052723
1052747,1052768
648300,1052809
1052821,1052845
871986,1052884
1052976,1053008
1052976,1053020
675003,1053065
878036,1053096
797344,1053134
754691,1053175
661469,1053217
661469,1053238
1053272,1053303
1053272,1053326
1053272,1053342
1053272,1053361
731717,1053405
731717,1053422
524728,1053467
1053524,1053553
1053524,1053576
1053632,1053666
1053632,1053684
988060,1053728
988060,1053744
322178,1053785
322178,1053802
1053841,1053873
795127,1053915
1053958,1053989
1053958,1054002
1054041,1054073
1054041,1054094
1054136,1054162
1054136,1054189
1054221,1054250
1054221,1054278
1054311,1054348
1054311,1054369
1054400,1054437
1054400,1054459
519739,1054492
519739,1054519
333890,1054557
333890,1054574
333835,1054617
333835,1054638
232381,1054877
232381,1054896
716457,1054934
1054968,1054999
255171,1055064
836274,1055103
962670,1055142
208255,1055161
208255,1055188
208272,1055208
208272,1055220
200491,1055249
200491,1055265
232539,1055283
232539,1055306
199977,1055323
199977,1055347
235912,1055368
235912,1055381
236618,1055404
236618,1055427
237122,1055443
237122,1055462
237179,1055489
237179,1055502
237445,1055525
237445,1055541
200119,1055594
732221,1055616
732221,1055637
746444,1055659
746444,1055671
746492,1055692
746492,1055713
655244,1055732
749900,1055807
765080,1055824
765080,1055848
229129,1055869
229129,1055882
254833,1055905
254833,1055922
255383,1055946
255383,1055967
255558,1055980
255558,1056000
258462,1056044
258462,1056063
768466,1056085
768466,1056102
261426,1056125
261426,1056141
208595,1056160
208595,1056187
208621,1056207
208621,1056224
208632,1056248
208632,1056269
235795,1056282
235795,1056305
235846,1056322
235846,1056346
794527,1056367
794527,1056380
294245,1056403
294245,1056426
201041,1056442
201041,1056461
201056,1056488
201056,1056501
265959,1056529
265959,1056540
226301,1056564
226301,1056586
945453,1056604
945453,1056627
643980,1056643
643980,1056662
200157,1056689
200157,1056708
780954,1056720
780954,1056749
265423,1056765
265423,1056783
737771,1056806
737771,1056823
737632,1056847
737632,1056868
694255,1056881
694255,1056909
678778,1056921
678778,1056945
272261,1056966
272261,1056984
272316,1057009
272316,1057021
272363,1057045
272363,1057066
202554,1057084
202554,1057107
252765,1057124
252765,1057148
273501,1057169
273501,1057182
229129,1057202
229129,1057225
273230,1057241
273230,1057260
273351,1057287
273351,1057304
743014,1057327
743014,1057343
266371,1057389
266371,1057406
201526,1057423
201526,1057447
275292,1057468
275292,1057481
263189,1057520
263189,1057549
229833,1057565
229833,1057583
201812,1057614
292694,1057633
292694,1057651
1025744,1057679
1025744,1057698
656272,1057717
656272,1057738
656238,1057755
656238,1057772
295064,1057793
295064,1057819
765242,1057835
765242,1057857
296000,1057874
200427,1057890
200427,1057916
298101,1057937
298101,1057959
1018231,1057971
1018231,1057992
229129,1058027
298626,1058043
298626,1058062
304700,1058089
304700,1058101
301852,1058129
301852,1058140
756331,1058164
756331,1058186
266509,1058206
266509,1058223
957265,1058247
957265,1058268
256590,1058281
520070,1058309
520070,1058321
520129,1058345
520129,1058366
247005,1058384
247005,1058402
237228,1058425
237228,1058441
309171,1058460
309171,1058487
232157,1058500
232157,1058528
209749,1058585
209749,1058603
209783,1058642
209783,1058661
202622,1058688
202622,1058707
202679,1058724
202679,1058748
317329,1058769
317329,1058782
200663,1058805
200663,1058822
319577,1058846
319577,1058867
484717,1058880
484717,1058908
484667,1058920
484667,1058949
693999,1058965
693999,1058983
674516,1059007
674516,1059024
320214,1059048
320214,1059069
320171,1059082
320171,1059105
829410,1059122
829410,1059146
645678,1059167
645678,1059180
321091,1059200
321091,1059228
321164,1059244
321164,1059263
322052,1059285
322052,1059302
200347,1059325
200347,1059341
200375,1059360
200375,1059387
200265,1059409
200265,1059421
263136,1059445
263136,1059466
304700,1059484
304700,1059506
229206,1059523
229206,1059547
256284,1059568
256284,1059581
263865,1059608
263865,1059620
263968,1059649
263968,1059665
851824,1059683
851824,1059704
734415,1059727
734415,1059743
333772,1059762
333772,1059789
1148491,1059864
1148491,1059886
866331,1059903
866331,1059926
237122,1059942
237122,1059961
336659,1059988
336659,1060002
337363,1060025
337363,1060041
260977,1060104
260977,1060127
646512,1060162
646512,1060189
233408,1060209
233408,1060221
233454,1060245
233454,1060266
346730,1060284
346730,1060307
262704,1060324
262704,1060348
201104,1060369
201104,1060382
992531,1060400
992531,1060428
939751,1060444
939751,1060463
939808,1060485
939808,1060503
349816,1060526
349816,1060542
247079,1060561
351917,1060588
351917,1060601
647282,1060629
647282,1060640
647322,1060664
647322,1060686
965159,1060705
965159,1060722
965205,1060746
965205,1060767
996360,1060780
996360,1060808
996318,1060820
996318,1060849
744129,1060865
744129,1060883
262631,1060906
262631,1060923
355381,1060947
355381,1060968
355541,1060981
355541,1061003
273063,1061042
273063,1061061
357287,1061088
357287,1061100
203473,1061128
203473,1061144
297985,1061163
297985,1061185
357992,1061205
357992,1061222
749861,1061251
1007072,1061331
1007072,1061354
1007126,1061377
1007126,1061396
1010467,1061417
1010467,1061438
1010511,1061455
1010511,1061472
209984,1061493
209984,1061515
690931,1061536
690931,1061558
322496,1061570
1146526,1061591
1146526,1061618
647731,1061639
647731,1061656
838611,1061673
838611,1061694
375112,1061710
375112,1061734
209187,1061752
209187,1061775
209194,1061799
209194,1061813
378285,1061832
378285,1061850
378356,1061878
378356,1061897
647834,1061911
647834,1061930
727267,1061953
727267,1061976
300846,1061995
300846,1062014
208479,1062033
208479,1062051
383795,1062079
383795,1062098
746693,1062112
746693,1062131
820049,1062154
321252,1062177
321252,1062196
387312,1062219
387312,1062235
1000321,1062257
1000321,1062274
388943,1062290
388943,1062316
390583,1062337
209125,1062359
209125,1062371
200283,1062392
200283,1062411
200296,1062430
200296,1062453
909069,1062476
909069,1062495
294297,1062513
294297,1062532
245629,1062550
245629,1062578
232750,1062597
232750,1062610
324677,1062634
324677,1062652
398278,1062675
398278,1062699
236019,1062718
236019,1062739
301806,1062756
301806,1062773
209997,1062794
209997,1062815
210014,1062836
210014,1062858
958579,1062870
958579,1062891
958611,1062917
958611,1062938
407442,1062955
407442,1062972
648371,1062993
648371,1063016
248314,1063037
248314,1063059
974470,1063071
974470,1063092
238492,1063118
238492,1063139
648448,1063156
648448,1063173
648545,1063194
648545,1063211
237007,1063230
237007,1063253
246306,1063276
246306,1063295
253964,1063314
253964,1063333
246352,1063351
246352,1063379
205918,1063398
205918,1063419
205939,1063435
205939,1063457
648787,1063474
648787,1063490
202531,1063517
202531,1063538
400589,1063555
400589,1063572
269163,1063593
269163,1063615
856465,1063636
856465,1063658
856355,1063670
856355,1063691
996581,1063712
996581,1063731
996631,1063754
996631,1063777
423913,1063796
423913,1063810
425325,1063875
425325,1063899
426576,1063913
426576,1063932
779640,1063950
779640,1063978
662019,1063997
662019,1064010
282844,1064034
282844,1064052
428531,1064075
428531,1064099
428577,1064113
428577,1064132
330302,1064150
330302,1064178
208553,1064197
208553,1064215
208569,1064236
208569,1064258
239773,1064270
239773,1064291
436823,1064317
436823,1064338
360655,1064355
360655,1064372
438730,1064412
438730,1064431
209346,1064454
209346,1064477
687120,1064496
687120,1064514
275409,1064551
275409,1064579
738438,1064598
760187,1064611
649896,1064630
649896,1064653
230294,1064676
230294,1064695
232254,1064719
232254,1064735
264083,1064774
264083,1064790
425942,1064816
425942,1064837
645678,1064871
645678,1064892
645763,1064918
645763,1064939
746307,1064956
746307,1064973
227018,1064994
227018,1065011
201041,1065030
201041,1065053
201056,1065076
201056,1065095
650812,1065114
650812,1065133
888602,1065151
888602,1065179
650883,1065198
650883,1065216
208374,1065237
208374,1065259
208390,1065271
208390,1065292
200310,1065339
200310,1065356
200334,1065373
200334,1065394
205956,1065413
205956,1065432
208841,1065450
208841,1065478
954175,1065497
954175,1065510
687261,1065534
687261,1065552
651222,1065575
651222,1065599
651222,1065612
651222,1065631
245400,1065654
651455,1065677
651455,1065696
368452,1065715
368452,1065736
298101,1065758
298101,1065770
209834,1065791
209834,1065817
472053,1065838
472053,1065855
750153,1065872
750153,1065893
651570,1065919
651570,1065935
226551,1065957
226551,1065974
230916,1065990
230916,1066012
230963,1066031
230963,1066054
208405,1066106
651878,1066123
651878,1066147
651924,1066168
651924,1066181
651976,1066201
651976,1066229
652046,1066240
652046,1066264
478939,1066303
478939,1066326
991221,1066342
991221,1066361
991143,1066388
991143,1066405
888562,1066446
888562,1066467
676751,1066480
716028,1066507
716028,1066524
699116,1066548
699116,1066569
245191,1066582
245191,1066609
776520,1066621
679239,1066645
716028,1066666
355905,1066684
355905,1066700
355905,1066728
689609,1066744
689609,1066763
650574,1066785
650574,1066802
343216,1066825
343216,1066841
762083,1066860
762083,1066887
380188,1066904
380188,1066927
348057,1066943
348057,1066962
691063,1066989
691063,1067004
295310,1067027
295310,1067043
295368,1067062
295368,1067089
233579,1067101
233579,1067129
733413,1067140
733413,1067164
807344,1067186
807344,1067206
349270,1067223
349270,1067247
349270,1067275
314908,1067299
314908,1067313
304012,1067332
304012,1067350
207035,1067378
281730,1067397
281730,1067418
440084,1067439
440084,1067456
261823,1067473
261823,1067494
203833,1067516
203833,1067537
203833,1067559
203833,1067571
203851,1067592
203851,1067619
203814,1067635
203814,1067657
207205,1067674
207205,1067690
207267,1067711
207267,1067730
207074,1067753
207074,1067776
207144,1067795
207144,1067814
207377,1067833
207377,1067851
207396,1067879
207396,1067898
206237,1067912
206237,1067931
206259,1067954
206259,1067977
206069,1067996
206069,1068013
205340,1068032
205340,1068050
206200,1068078
206200,1068097
206198,1068111
206198,1068130
209754,1068153
209754,1068176
205719,1068195
205719,1068218
205726,1068239
205726,1068256
205719,1068273
205719,1068294
205726,1068315
205726,1068336
1005554,1068358
1005554,1068370
1005605,1068391
1005605,1068410
204760,1068434
204760,1068452
204739,1068475
204739,1068499
204112,1068512
204112,1068531
726216,1068565
204274,1068596
810706,1068614
810706,1068633
810723,1068651
810723,1068679
690867,1068698
690867,1068717
822276,1068738
822276,1068755
203661,1068819
203661,1068835
203674,1068857
203674,1068874
665637,1068890
665637,1068916
206302,1068937
206263,1068959
204773,1068971
204773,1068992
781806,1069017
781806,1069038
206421,1069055
206421,1069072
206325,1069093
206325,1069119
204080,1069157
204080,1069174
206076,1069190
206076,1069212
667153,1069254
667153,1069277
206758,1069296
206758,1069310
206762,1069334
206762,1069352
647966,1069375
647966,1069399
648014,1069415
648014,1069436
208678,1069470
208678,1069491
203585,1069518
203585,1069539
203592,1069556
203592,1069573
209028,1069594
209028,1069616
209044,1069637
209044,1069659
209016,1069671
209016,1069692
209037,1069713
209037,1069732
200556,1069750
200556,1069778
200556,1069797
200556,1069811
862352,1069830
862352,1069853
1003535,1069876
1003535,1069895
1003588,1069914
1003588,1069933
1003638,1069951
1003638,1069979
208915,1069998
208915,1070016
202475,1070059
202475,1070071
485098,1070092
485098,1070118
206478,1070139
206478,1070156
206478,1070173
206478,1070194
206228,1070211
206228,1070230
204993,1070253
204993,1070276
206872,1070295
206872,1070314
206864,1070333
206864,1070351
781712,1070379
781712,1070398
201307,1070419
201307,1070435
202287,1070490
202287,1070517
973523,1070538
973523,1070555
228082,1070572
228082,1070593
248488,1070615
248488,1070636
384014,1070658
384014,1070670
234092,1070691
234092,1070712
235091,1070731
235091,1070754
958682,1070777
958682,1070796
260101,1070810
260101,1070834
279296,1070868
204794,1070881
204794,1070909
199954,1070945
199954,1070966
535527,1070984
535527,1071001
535570,1071029
535570,1071040
665869,1071072
810747,1071119
810747,1071135
747145,1071157
747145,1071174
747145,1071190
255312,1071231
255312,1071254
646944,1071277
646944,1071296
238588,1071310
238588,1071334
313257,1071352
313328,1071375
246895,1071399
246895,1071415
453575,1071436
453575,1071458
453620,1071470
453620,1071491
481086,1071518
481086,1071539
481126,1071556
481126,1071573
463563,1071594
463563,1071616
463635,1071637
463635,1071659
644552,1071671
644552,1071692
644620,1071713
644620,1071732
356708,1071750
356708,1071778
356823,1071797
356823,1071811
460491,1071830
460491,1071853
460685,1071876
460685,1071895
460732,1071914
460732,1071933
482744,1071951
482744,1071979
364372,1071998
364372,1072012
364496,1072031
364496,1072054
364611,1072077
364611,1072096
364611,1072110
364611,1072134
716173,1072152
716224,1072175
365510,1072199
365510,1072217
359413,1072238
359413,1072255
1027823,1072272
1027823,1072293
272760,1072319
272760,1072335
272815,1072357
272815,1072374
359413,1072390
359413,1072414
446897,1072433
446897,1072451
446995,1072479
446995,1072498
906160,1072511
906160,1072530
425413,1072553
425413,1072576
425466,1072595
425466,1072613
442142,1072632
442142,1072650
442212,1072678
442212,1072697
442283,1072716
442283,1072737
442381,1072759
442381,1072771
464993,1072856
464993,1072873
231414,1072894
231414,1072915
256213,1072936
256213,1072958
293576,1072970
293576,1072991
952360,1073019
952360,1073035
649416,1073057
649416,1073074
649463,1073090
649463,1073116
388422,1073137
388422,1073159
430735,1073171
430735,1073192
532636,1073214
532636,1073233
331372,1073251
331372,1073279
233150,1073298
233150,1073312
244734,1073331
244734,1073354
443236,1073377
443236,1073396
440304,1073417
440304,1073438
320429,1073472
320429,1073493
320641,1073515
320641,1073536
320515,1073570
320515,1073591
470043,1073618
470043,1073639
278176,1073656
278176,1073673
249264,1073694
249264,1073710
249342,1073734
249342,1073752
249181,1073775
249181,1073799
249096,1073813
249096,1073832
793475,1073850
793475,1073878
323381,1073897
323381,1073911
323458,1073930
323458,1073953
323525,1073976
323525,1073995
323594,1074013
323594,1074032
323458,1074050
323458,1074078
424859,1074097
424859,1074111
425048,1074130
425048,1074153
320090,1074176
320090,1074195
685189,1074218
685189,1074239
647777,1074256
647777,1074273
684233,1074294
684233,1074315
684280,1074336
684280,1074358
436102,1074370
265009,1074391
265009,1074410
376010,1074434
376010,1074452
471731,1074475
471731,1074499
665443,1074512
665443,1074531
665491,1074554
665491,1074577
650018,1074596
650018,1074614
247290,1074633
274109,1074651
274109,1074679
395867,1074698
395867,1074717
380368,1074738
380368,1074755
443454,1074772
443454,1074793
652702,1074819
652702,1074835
200659,1074857
200659,1074874
974381,1074916
974381,1074937
650672,1074959
650672,1074971
434968,1074992
434968,1075014
687196,1075033
687196,1075051
519316,1075079
519316,1075098
684464,1075112
684464,1075131
277544,1075154
277544,1075177
665594,1075196
665594,1075219
228704,1075235
228704,1075257
784839,1075274
444435,1075290
444435,1075316
444367,1075337
444367,1075359
685232,1075371
685232,1075392
577687,1075411
864662,1075448
261615,1075469
261615,1075482
519521,1075509
954792,1075521
954792,1075545
300748,1075566
300748,1075584
424624,1075606
424624,1075623
686709,1075647
686709,1075668
208201,1075681
208201,1075702
208199,1075725
208199,1075741
675396,1075760
718805,1075787
718805,1075804
670110,1075827
331215,1075843
331215,1075862
230389,1075889
230389,1075901
342535,1075929
341888,1075940
865661,1075964
865661,1075986
580041,1076006
398162,1076023
398162,1076047
368452,1076068
368452,1076081
575099,1076109
554930,1076121
801483,1076145
801431,1076166
259452,1076184
259452,1076204
259406,1076227
259406,1076243
394529,1076262
394529,1076289
393987,1076301
393987,1076329
955577,1076340
988060,1076364
662088,1076386
535976,1076408
298172,1076420
298172,1076449
961228,1076465
581673,1076483
251198,1076505
251198,1076522
269602,1076546
269602,1076567
208422,1076580
868503,1076607
868503,1076624
868463,1076648
868463,1076669
208168,1076682
208168,1076703
643713,1076726
643713,1076742
778739,1076761
254281,1076788
254281,1076800
865707,1076828
227353,1076844
227353,1076863
227353,1076885
388728,1076902
388728,1076925
246750,1076941
246750,1076960
246709,1076987
246709,1077002
801522,1077025
230475,1077041
230475,1077060
230549,1077087
230549,1077104
993931,1077127
993931,1077143
993879,1077162
993879,1077189
993814,1077209
993814,1077221
333667,1077266
333667,1077284
444367,1077311
696858,1077330
696858,1077353
869756,1077376
869756,1077395
207768,1077416
256854,1077437
427164,1077459
354189,1077492
354189,1077519
354115,1077535
354115,1077557
268227,1077574
268227,1077590
462097,1077617
462097,1077638
326819,1077655
802062,1077672
425736,1077693
425736,1077714
425683,1077733
425683,1077751
231576,1077779
231576,1077798
962207,1077812
962207,1077831
255747,1077854
255747,1077877
209810,1077896
209810,1077910
575099,1077934
693601,1077952
693601,1077975
719048,1077999
719048,1078011
359649,1078030
359649,1078053
359506,1078076
359506,1078095
644506,1078114
644506,1078133
208524,1078151
208524,1078179
450005,1078198
450005,1078216
519804,1078237
519804,1078259
207982,1078271
207982,1078292
207995,1078318
207995,1078339
862310,1078356
851556,1078373
843275,1078394
1153068,1078413
687495,1078432
687495,1078450
823787,1078478
777044,1078497
780070,1078510
643055,1078534
643055,1078552
714437,1078575
206654,1078599
206654,1078612
207515,1078631
207515,1078654
856465,1078677
856465,1078696
856355,1078715
856355,1078736
203321,1078758
203321,1078770
203332,1078791
203332,1078817
208894,1078838
208894,1078855
734525,1078893
734525,1078919
533521,1078935
995420,1078957
995420,1078974
533739,1078990
533739,1079015
321252,1079036
283616,1079058
283616,1079070
300846,1079091
300846,1079117
386568,1079138
386568,1079155
386568,1079172
266509,1079193
358043,1079210
358043,1079234
358724,1079252
358724,1079275
959625,1079299
959625,1079313
959625,1079332
959625,1079350
262704,1079378
262704,1079397
264650,1079418
264650,1079439
344368,1079473
344368,1079494
298172,1079516
298172,1079537
696858,1079559
696858,1079571
303820,1079592
303820,1079619
303820,1079657
303820,1079674
247005,1079707
262387,1079724
262387,1079748
248314,1079776
309088,1079795
309088,1079814
232157,1079833
232157,1079851
232157,1079880
237122,1079920
336766,1079949
258556,1079965
258556,1079983
395129,1080029
395129,1080040
395172,1080064
395172,1080086
395223,1080103
395223,1080126
822529,1080142
256854,1080161
738331,1080190
678951,1080212
678951,1080231
776045,1080254
776045,1080277
760689,1080296
760689,1080310
200489,1080352
200489,1080375
201812,1080399
201812,1080415
201808,1080458
201808,1080470
412456,1080491
412456,1080518
1011478,1080556
1011478,1080573
202755,1080594
202755,1080616
648495,1080637
650883,1080659
426110,1080671
426110,1080692
779002,1080713
779002,1080732
259755,1080750
765242,1080778
765242,1080807
733122,1080848
733122,1080869
715905,1080882
715905,1080905
461471,1080922
461471,1080946
461471,1080967
461471,1080980
467159,1081002
467159,1081025
238492,1081041
649369,1081060
649369,1081087
649369,1081104
649369,1081127
361279,1081189
361279,1081209
361331,1081221
361331,1081245
200142,1081278
200119,1081307
202622,1081353
202680,1081395
202680,1081416
202520,1081437
202520,1081459
202596,1081471
202596,1081492
201127,1081519
201127,1081535
201143,1081557
201143,1081574
208357,1081590
208357,1081617
201073,1081638
201073,1081655
201060,1081672
201060,1081693
200283,1081714
200283,1081733
200296,1081751
200296,1081779
199996,1081877
199996,1081896
208621,1081910
208621,1081934
208632,1081968
208650,1081981
208650,1082009
208553,1082107
208553,1082124
208569,1082148
208569,1082169
200190,1082182
200190,1082202
200174,1082225
356984,1082241
356984,1082260
388008,1082287
388008,1082304
388077,1082327
388077,1082343
341084,1082362
341084,1082389
646045,1082406
646045,1082423
271570,1082447
271570,1082468
270733,1082481
270733,1082508
270733,1082520
778891,1082549
778891,1082565
277674,1082583
277674,1082605
648597,1082622
648597,1082646
519385,1082667
519385,1082680
360746,1082701
360746,1082729
319195,1082740
319195,1082764
790926,1082786
790926,1082803
521636,1082826
521636,1082842
521636,1082874
861962,1082890
861962,1082916
245353,1082937
655872,1082959
655872,1082971
651100,1082992
651100,1083015
472007,1083036
472007,1083058
651159,1083070
651159,1083091
649705,1083138
649705,1083155
649705,1083172
649705,1083193
649655,1083210
649655,1083234
281977,1083275
281977,1083299
358880,1083313
358880,1083332
670763,1083350
670763,1083378
788844,1083418
788844,1083439
347123,1083456
347123,1083473
687051,1083494
687051,1083516
305218,1083537
305218,1083559
226412,1083571
226412,1083592
238127,1083635
238127,1083657
229164,1083674
229164,1083690
229206,1083724
229164,1083753
229206,1083776
229206,1083795
229129,1083822
229206,1083846
661469,1083867
661469,1083880
234868,1083908
234868,1083920
249632,1083949
249632,1083965
249684,1083983
249684,1084005
249684,1084046
249684,1084067
315440,1084080
315440,1084108
263189,1084183
263189,1084203
263136,1084235
263189,1084261
256284,1084316
229782,1084337
229782,1084359
229833,1084371
229833,1084392
266371,1084424
275292,1084453
201896,1084476
201896,1084495
201896,1084513
201896,1084532
287403,1084550
394777,1084610
426507,1084634
426507,1084652
648836,1084699
648836,1084718
648889,1084739
648889,1084756
473191,1084773
473191,1084794
473324,1084815
473324,1084836
656697,1084858
656697,1084870
656737,1084891
656737,1084917
258208,1084955
258208,1084972
258296,1084993
694856,1085010
694856,1085034
255440,1085052
255440,1085075
448896,1085099
448896,1085113
320171,1085132
694201,1085204
694201,1085227
694201,1085243
959897,1085262
959897,1085289
959948,1085301
959948,1085329
965377,1085340
965377,1085364
996903,1085386
996903,1085408
1016883,1085420
1016883,1085449
357111,1085465
293096,1085483
293096,1085505
293096,1085522
1002356,1085598
1002356,1085611
201865,1085630
201865,1085653
201330,1085676
201330,1085695
202225,1085719
202225,1085735
202239,1085757
202239,1085774
202241,1085790
202241,1085816
662365,1085837
662365,1085859
887390,1085871
887390,1085892
887446,1085918
887446,1085939
887498,1085956
887498,1085973
653881,1085994
653932,1086011
653932,1086030
907992,1086053
907992,1086076
908043,1086095
908043,1086114
996053,1086133
996053,1086151
651504,1086179
651504,1086198
200721,1086216
200721,1086237
200721,1086259
200721,1086271
200713,1086292
200713,1086318
200721,1086339
997185,1086360
997185,1086387
200443,1086409
200443,1086421
683614,1086445
683614,1086466
209380,1086484
209380,1086506
226047,1086534
226047,1086568
985155,1086581
985155,1086608
203516,1086620
203516,1086649
234092,1086665
234092,1086683
234092,1086704
235091,1086736
199908,1086791
199908,1086817
199920,1086838
199920,1086855
851922,1086872
851922,1086893
248868,1086919
248868,1086935
418295,1086957
418295,1086974
531179,1086990
276498,1087019
531179,1087035
531179,1087057
665869,1087088
250319,1087100
250319,1087128
228450,1087144
747145,1087163
533652,1087185
533652,1087205
410076,1087222
410122,1087246
410024,1087267
373233,1087280
287627,1087308
287627,1087320
245812,1087349
245812,1087365
245812,1087383
245812,1087401
287627,1087429
287627,1087440
246895,1087464
246895,1087486
1002789,1087527
1002789,1087543
644552,1087562
644552,1087589
644552,1087625
644552,1087641
435824,1087660
364496,1087687
364496,1087706
364372,1087723
364372,1087747
907202,1087768
907202,1087781
907256,1087809
907256,1087821
907358,1087845
907358,1087866
425510,1087907
425510,1087924
279709,1087948
268925,1087969
368362,1087982
280884,1088008
280924,1088020
268960,1088049
320723,1088065
293818,1088083
293860,1088106
293943,1088123
407875,1088147
464079,1088168
480322,1088181
480322,1088201
480379,1088229
480379,1088240
480426,1088264
480426,1088286
398952,1088303
398952,1088326
399005,1088342
399005,1088361
287731,1088388
287731,1088405
287783,1088422
287783,1088446
649557,1088467
649557,1088480
734103,1088507
734103,1088524
422033,1088609
422033,1088621
430735,1088678
388422,1088700
227640,1088728
227640,1088744
227686,1088763
227686,1088785
1020639,1088802
1020639,1088825
227519,1088841
227519,1088860
227588,1088887
227588,1088904
780234,1088927
780234,1088943
780275,1088962
780275,1088989
993996,1089000
993996,1089028
255995,1089044
255995,1089063
256041,1089085
256041,1089102
255995,1089125
256041,1089141
533407,1089160
533407,1089187
533453,1089207
533453,1089224
233109,1089248
233150,1089269
233150,1089282
233204,1089305
233204,1089322
233109,1089346
233109,1089367
233150,1089398
233204,1089426
1009396,1089461
1009396,1089488
1009438,1089501
1009438,1089529
758629,1089540
758629,1089564
244775,1089586
244775,1089604
652235,1089627
652235,1089643
644864,1089662
644864,1089689
758444,1089708
758444,1089720
446723,1089749
446723,1089765
645422,1089783
645422,1089806
417794,1089823
417794,1089847
962564,1089868
962564,1089881
650307,1089909
650307,1089921
650353,1089945
650353,1089966
650400,1089984
650400,1090009
650459,1090021
650459,1090045
650503,1090066
650503,1090084
323381,1090169
323381,1090182
259452,1090202
259452,1090225
259406,1090256
962207,1090273
962207,1090294
429951,1090315
429951,1090336
250684,1090358
250684,1090370
325915,1090391
325915,1090410
417521,1090434
227751,1090452
249818,1090475
249818,1090499
269074,1090512
269074,1090531
227353,1090554
227353,1090577
657252,1090596
657252,1090614
674015,1090633
674015,1090651
247290,1090679
910975,1090698
910975,1090717
274052,1090738
274052,1090755
274052,1090772
643502,1090793
643502,1090819
238672,1090835
300748,1090857
300748,1090874
237575,1090916
237575,1090937
535144,1090959
247385,1090971
247385,1090992
291226,1091012
291226,1091031
955793,1091054
955793,1091077
840142,1091096
840142,1091110
297916,1091134
865661,1091168
248658,1091181
353613,1091201
353613,1091229
326819,1091255
746640,1091272
746640,1091293
746640,1091319
814791,1091357
520332,1091374
580655,1091390
809785,1091414
208422,1091433
798173,1091467
798207,1091480
209488,1091507
698204,1091524
801505,1091569
731148,1091582
952409,1091613
1029588,1091632
1012380,1091650
741228,1091678
762666,1091697
794137,1091716
835148,1091737
835107,1091759
816944,1091771
672643,1091792
741069,1091818
723846,1091839
735351,1091856
966104,1091873
966143,1091894
988376,1091915
209881,1091936
670792,1091958
653207,1091970
791774,1091991
689106,1092017
1004576,1092038
667928,1092055
653160,1092072
1009331,1092093
209627,1092119
1004728,1092135
209564,1092157
207821,1092174
838987,1092208
1112832,1092220
664209,1092249
664232,1092265
208737,1092283
576575,1092323
724033,1092347
577799,1092368
880787,1092381
482446,1092404
482446,1092427
237179,1092443
237122,1092470
337647,1092491
337647,1092518
337681,1092539
337681,1092556
230680,1092573
230680,1092594
351972,1092616
351972,1092637
647490,1092692
647490,1092713
1003191,1092750
1003191,1092778
676557,1092811
699401,1092830
245191,1092853
767382,1092876
767382,1092895
776468,1092914
776468,1092933
737390,1092951
369427,1092979
369427,1092998
350580,1093010
350580,1093034
691063,1093052
691063,1093075
231255,1093099
782122,1093113
782122,1093132
361976,1093150
361976,1093178
1008960,1093204
1008960,1093227
302864,1093243
302864,1093262
302864,1093289
386237,1093301
836274,1093329
836274,1093340
646803,1093364
646803,1093386
281730,1093408
281730,1093420
262076,1093449
262076,1093465
203851,1093483
203851,1093505
203814,1093522
203814,1093546
207171,1093567
207171,1093580
207214,1093607
207214,1093624
207377,1093648
207377,1093669
206053,1093726
206053,1093742
206151,1093800
206151,1093828
206122,1093844
206122,1093863
206151,1093885
206151,1093902
206122,1093925
206122,1093941
205289,1093960
205289,1093987
205262,1094000
205262,1094028
204681,1094044
204681,1094063
206200,1094085
206200,1094102
206198,1094139
206200,1094160
204584,1094207
204584,1094224
204566,1094248
204566,1094269
204578,1094282
204578,1094305
204532,1094322
204532,1094346
204545,1094367
204545,1094380
204550,1094403
204550,1094426
204288,1094442
204288,1094461
204290,1094488
204290,1094501
726216,1094538
203880,1094555
203880,1094572
810687,1094593
810687,1094615
690867,1094636
690867,1094658
810687,1094670
810687,1094691
207057,1094712
207057,1094731
247993,1094777
247993,1094796
372771,1094810
372771,1094834
229439,1094852
229439,1094875
229487,1094899
229487,1094913
326985,1094978
326985,1094997
326985,1095015
326985,1095036
266226,1095058
266226,1095070
646358,1095091
646358,1095117
391943,1095138
391943,1095155
374260,1095193
374260,1095210
651312,1095234
651312,1095252
206292,1095275
964345,1095299
964345,1095313
647691,1095332
647691,1095350
737451,1095378
737451,1095397
649947,1095418
649947,1095439
948373,1095456
948373,1095473
948373,1095494
260977,1095537
260977,1095559
327662,1095571
645763,1095592
645763,1095619
375112,1095635
375112,1095657
322496,1095674
322496,1095690
370517,1095711
432781,1095753
432781,1095776
385145,1095795
256664,1095833
256664,1095851
256714,1095879
256714,1095898
298101,1095920
652424,1095977
652424,1095996
341343,1096019
341343,1096035
341343,1096057
341343,1096074
341343,1096100
660579,1096144
247079,1096171
323001,1096192
323001,1096214
429283,1096298
429283,1096312
330302,1096331
330302,1096354
325031,1096377
325031,1096396
651383,1096417
651383,1096438
658468,1096455
658410,1096472
659784,1096493
349204,1096515
349204,1096536
339303,1096558
339357,1096570
339405,1096591
339405,1096618
339405,1096639
339405,1096656
207279,1096673
207279,1096694
207280,1096710
207280,1096734
203626,1096752
203626,1096775
203635,1096799
203635,1096813
983270,1096832
983270,1096850
983329,1096878
983329,1096897
996146,1096911
996146,1096930
996198,1096953
996198,1096976
206076,1097053
206076,1097076
205987,1097105
646260,1097122
646260,1097146
201428,1097167
201428,1097180
201459,1097200
201459,1097228
665594,1097259
249479,1097292
249479,1097318
534635,1097339
534635,1097356
957869,1097373
957869,1097394
654726,1097413
555025,1097432
528579,1097450
557815,1097478
528546,1097497
528607,1097510
557328,1097534
528258,1097552
529116,1097575
529019,1097599
528340,1097612
528317,1097631
807804,1097654
807787,1097677
519453,1097696
561313,1097715
659470,1097736
539549,1097758
554401,1097770
540291,1097791
540355,1097817
538415,1097838
977511,1097855
547045,1097872
551258,1097893
961302,1097919
694511,1097935
545126,1097957
544162,1097974
554116,1097990
553729,1098018
537393,1098039
537340,1098056
552954,1098073
536463,1098094
560396,1098115
869870,1098136
536221,1098158
560723,1098170
209295,1098191
690268,1098221
720784,1098245
690313,1098266
690366,1098284
768631,1098307
736851,1098324
736908,1098348
878089,1098376
674657,1098395
690418,1098437
789163,1098459
674954,1098471
917004,1098492
556745,1098519
844940,1098535
940984,1098557
775936,1098574
528289,1098590
731260,1098617
528816,1098638
558749,1098655
528695,1098686
528941,1098705
537075,1098733
537023,1098751
810850,1098779
799609,1098798
947376,1098812
680318,1098831
807274,1098854
776423,1098877
694511,1098923
550791,1098947
550356,1098968
545086,1098981
662527,1099014
981632,1099033
1012000,1099067
655133,1099080
662246,1099112
655599,1099131
655649,1099154
862174,1099177
849435,1099196
842481,1099226
998147,1099242
201849,1099261
201820,1099288
200895,1099300
965088,1099328
1000473,1099344
202130,1099363
653403,1099385
202045,1099407
202066,1099424
203210,1099448
767221,1099476
906913,1099495
970623,1099532
202928,1099550
202971,1099578
201981,1099597
202944,1099610
947746,1099634
201232,1099668
952228,1099681
201324,1099718
984037,1099760
208319,1099787
1013108,1099804
673226,1099827
540892,1099843
871337,1099889
901940,1099917
995774,1100039
1100073,1100104
535527,1100143
535527,1100162
1100209,1100232
1100209,1100250
1100209,1100278
1100209,1100297
1100353,1100382
1100353,1100400
689609,1100444
689609,1100463
201087,1100542
201087,1100561
1039700,1100601
1100705,1100733
1100705,1100751
927274,1100780
968001,1100812
1100883,1100910
1100952,1100981
521322,1101026
665594,1101308
482110,1101377
482110,1101396
994316,1101438
1101536,1101562
747145,1101618
1101639,1101660
698204,1101706
528579,1101775
941126,1101832
521346,1101878
521367,1101907
521346,1102005
1102120,1102154
667928,1102226
1102257,1102288
1102257,1102300
974381,1102385
368452,1102430
717362,1102495
762201,1102513
917661,1102532
769880,1102550
844235,1102578
991767,1102597
741387,1102610
741318,1102634
741341,1102652
672572,1102675
856289,1102699
668753,1102718
561036,1102739
762904,1102756
846801,1102773
668592,1102794
1027160,1102815
672442,1102843
794401,1102862
672282,1102889
699312,1102901
672230,1102929
699365,1102940
673675,1102964
570811,1102986
206506,1103000
205184,1103028
206612,1103044
199724,1103063
824898,1103085
824851,1103102
203494,1103139
689020,1103173
917206,1103207
203140,1103224
667327,1103248
205113,1103269
205132,1103282
205166,1103305
206715,1103322
203805,1103346
206677,1103367
206665,1103380
206704,1103403
665980,1103426
653295,1103442
207383,1103461
985366,1103488
1002069,1103501
1003705,1103529
1003751,1103540
804354,1103572
959429,1103604
204453,1103627
959365,1103643
972601,1103662
768394,1103691
767297,1103712
207734,1103731
204815,1103754
810057,1103777
908186,1103847
764475,1103868
763948,1103881
785554,1103909
807079,1103921
573062,1103950
1016437,1103978
564341,1103997
905086,1104010
564445,1104034
1104340,1104372
1104340,1104393
974830,1104431
974830,1104454
354060,1104496
354060,1104514
868245,1104551
868245,1104579
868284,1104611
868284,1104630
295126,1104676
1104703,1104735
341343,1104774
341343,1104790
1104837,1104863
683508,1104987
683508,1105007
1105146,1105179
1105146,1105198
1105216,1105244
1105285,1105318
1105285,1105339
1105360,1105394
871337,1105432
871385,1105466
821095,1105497
743257,1105523
1105568,1105599
1105568,1105612
834422,1105801
1105903,1105935
1105957,1105988
1106049,1106077
209636,1106147
1106264,1106293
1106264,1106319
1106264,1106335
491762,1106374
273351,1106414
273351,1106433
1106511,1106548
205987,1106582
205987,1106609
1106645,1106678
876921,1106716
1106744,1106771
1106744,1106792
1106744,1106818
1106744,1106839
206758,1106927
206762,1106970
200443,1107015
200443,1107036
720573,1107070
1107117,1107140
1107186,1107210
297916,1107247
232381,1107321
233408,1107345
199931,1107366
199931,1107384
235912,1107418
235965,1107439
235965,1107456
244734,1107494
244734,1107516
244775,1107537
244775,1107559
226695,1107585
237575,1107626
237575,1107642
642871,1107688
642871,1107707
249388,1107724
249388,1107748
249303,1107769
249303,1107782
252125,1107805
810747,1107822
200560,1107949
200560,1107965
678637,1108021
912993,1108045
912993,1108066
259842,1108084
869756,1108107
869756,1108124
200161,1108148
200161,1108169
738331,1108202
737595,1108225
737595,1108241
737737,1108260
737737,1108287
940187,1108304
940187,1108327
744186,1108343
744186,1108362
644180,1108423
644180,1108447
1021516,1108481
1021516,1108508
269602,1108577
270485,1108596
270485,1108614
200415,1108698
280884,1108717
858114,1108738
298247,1108764
238127,1108861
645054,1108888
645054,1108900
266509,1108992
228704,1109017
273282,1109038
273282,1109055
255995,1109119
645716,1109142
645716,1109161
229164,1109190
353650,1109212
353650,1109231
263284,1109254
263284,1109277
732820,1109296
732820,1109310
756019,1109334
248658,1109381
248658,1109404
260140,1109462
201812,1109491
287572,1109539
287572,1109556
236464,1109573
424496,1109594
424496,1109616
202343,1109637
202343,1109659
255026,1109671
302654,1109692
912993,1109713
912993,1109732
683890,1109750
683890,1109778
683944,1109797
683944,1109811
732115,1109869
732115,1109882
463223,1109905
463223,1109922
294617,1109946
200323,1109967
200323,1109980
201284,1110023
672071,1110068
672071,1110081
572239,1110113
656841,1110132
555808,1110150
538086,1110178
719360,1110197
553835,1110227
977511,1110243
690015,1110262
552711,1110289
537023,1110301
537393,1110329
761040,1110340
857437,1110364
735834,1110386
674753,1110408
648495,1110420
696702,1110449
696702,1110465
696741,1110483
696741,1110505
226695,1110533
249632,1110551
249632,1110579
651625,1110598
651625,1110611
1003485,1110630
1003485,1110653
758588,1110695
758588,1110719
1110925,1110956
565152,1110994
1111080,1111112
1111219,1111242
1111219,1111261
359506,1111344
359506,1111363
1111453,1111482
1111453,1111509
959320,1111545
1111623,1111652
1111623,1111675
1111725,1111756
1111725,1111773
1111836,1111862
1111836,1111889
1111836,1111901
1111940,1111972
1111940,1111993
1111940,1112019
1112116,1112144
647118,1112185
1112214,1112246
676485,1112320
1112401,1112438
1112472,1112504
1112536,1112562
1112536,1112589
546253,1112625
1112660,1112694
1112747,1112775
650883,1112813
510605,1112911
1112976,1113008
1112976,1113020
1113065,1113096
1113065,1113110
643265,1113181
643265,1113201
1113264,1113293
1113326,1113357
1113326,1113374
1113405,1113433
1113405,1113451
1113479,1113507
495536,1113530
882471,1113576
882471,1113595
821198,1113632
947503,1113678
1041097,1113716
1041097,1113737
1113771,1113802
1113771,1113825
1113894,1113927
1113958,1113989
1113958,1114002
1113958,1114025
510605,1114041
779640,1114115
779640,1114136
1029191,1114170
1029191,1114191
1114221,1114250
1114284,1114311
555617,1114395
1114459,1114485
698204,1114526
801522,1114561
698204,1114601
407538,1114640
407538,1114664
1114705,1114733
1115188,1115212
304012,1115265
591698,1115306
523999,1115381
1115443,1115470
1115491,1115518
1115573,1115600
1115644,1115671
1115732,1115766
1115732,1115784
875427,1115824
875458,1115853
1115895,1115922
1115895,1115946
207625,1116016
917252,1116059
259842,1116092
259842,1116118
259842,1116139
259842,1116156
323998,1116194
323998,1116211
282844,1117013
317329,1117013
282844,1117032
287351,1117032
317329,1117032
1116305,1117032
1118912,1117045
1119011,1117045
1117124,1117153
1117124,1117176
1117202,1117239
1117202,1117256
1117370,1117406
868284,1117447
868284,1117468
716457,1117549
716457,1117565
249342,1117605
249342,1117622
249264,1117667
249264,1117680
1117740,1117772
516035,1117819
516035,1117835
309171,1117888
807725,1117944
1118036,1118062
645524,1118186
645498,1118210
645553,1118252
484717,1118332
484717,1118350
1118418,1118441
676751,1118487
676751,1118500
676751,1118528
270733,1118571
270733,1118592
584611,1119237
1119421,1119450
1119478,1119497
1119575,1119608
1119575,1119620
1119683,1119715
951253,1119758
1119791,1119829
1119864,1119893
1119935,1119961
1120001,1120038
1027224,1120072
1120119,1120142
720093,1120188
1120208,1120220
1120323,1120352
1120323,1120375
984187,1120518
763515,1120637
1120713,1120745
1120778,1120807
1120778,1120824
275292,1120882
200142,1120979
733620,1121018
733620,1121039
670958,1121104
567461,1121143
1121266,1121297
1121353,1121382
1121428,1121459
1121492,1121526
1121561,1121590
876921,1121638
1121705,1121733
1122021,1122050
1122021,1122078
1036830,1122111
1036830,1122130
791355,1122176
779906,1122202
499499,1122239
1027276,1122273
661328,1122315
801081,1122423
203528,1122508
203528,1122520
201307,1122614
936842,1123129
801431,1123172
557328,1123223
634858,1123268
634858,1123281
228450,1123321
228450,1123345
738438,1123384
200119,1123473
401058,1123516
401058,1123537
651222,1123626
523400,1123674
208553,1123711
208553,1123730
208569,1123776
208569,1123795
484667,1123833
484667,1123851
693999,1123898
693999,1123912
298996,1123954
298996,1123977
1124033,1124067
737678,1124513
737678,1124532
933310,1124578
933310,1124597
1124725,1124756
1124794,1124827
1124794,1124843
1125075,1125109
783693,1125145
783693,1125166
643119,1125197
1125270,1125301
1125270,1125329
1125340,1125372
1125465,1125483
985642,1125522
910975,1125567
761905,1125607
758221,1125669
849351,1125703
676751,1125742
676751,1125761
676751,1125788
1125837,1125863
495562,1125902
777044,1125941
955577,1125987
1126048,1126076
1126105,1126133
955111,1126179
1126216,1126244
644696,1126285
1126318,1126341
1126432,1126466
824814,1126506
384858,1126547
962670,1126581
766052,1126620
1126665,1126696
697628,1126736
836274,1126770
993528,1126817
1126840,1126872
1126935,1126961
1126990,1127026
1126990,1127042
416040,1127088
611399,1127128
611399,1127144
1127171,1127205
1127171,1127222
1127171,1127246
1127429,1127455
235965,1127504
1127536,1127562
720525,1127639
807606,1127660
1127687,1127706
1127752,1127781
398382,1127821
398382,1127845
204917,1128096
204917,1128110
204917,1128134
204972,1128175
204972,1128199
204972,1128217
1128293,1128326
904519,1128405
904519,1128422
904519,1128446
1128498,1128524
1128498,1128548
1128498,1128569
1128621,1128650
1128678,1128697
1128716,1128744
1128763,1128792
1128818,1128841
1128927,1128958
827676,1128991
209749,1129037
209749,1129059
789472,1129173
789504,1129207
1129269,1129295
1018017,1129333
1129555,1129586
1129636,1129662
1129708,1129731
871337,1129810
901940,1129852
1129875,1129909
585228,1129966
851502,1129997
864276,1130033
295310,1130079
295310,1130098
295368,1130131
295368,1130154
200659,1130203
572130,1130257
1130337,1130363
760230,1130407
1130476,1130495
1130566,1130597
1130623,1130652
865661,1130718
1130773,1130804
1130773,1130827
312978,1130862
312978,1130889
838611,1131066
1131097,1131124
1131097,1131148
1131176,1131202
1131176,1131225
1041130,1131260
1131358,1131389
1131481,1131512
1131481,1131531
425048,1131577
425048,1131596
534138,1131633
534138,1131651
674559,1131698
674559,1131717
534186,1131755
534186,1131772
1131819,1131842
1131819,1131861
955928,1131900
955928,1131928
747546,1131963
747546,1131985
627199,1132025
627199,1132041
1031735,1132087
1031735,1132104
682091,1132143
682091,1132162
682091,1132189
852303,1132232
852303,1132250
1132284,1132311
802473,1132348
871407,1132382
233109,1132428
233109,1132444
616317,1132485
616317,1132503
870653,1132733
1132798,1132820
870653,1132865
870653,1132883
870653,1132923
693923,1132981
375112,1133024
375112,1133048
1133167,1133198
691913,1133318
1133339,1133360
1133450,1133484
1133450,1133506
1133599,1133620
1133649,1133665
1133649,1133683
536463,1133758
520268,1133791
199833,1133893
668210,1133974
668091,1134055
1134174,1134208
1134249,1134277
1134249,1134296
852303,1134436
204929,1134518
204929,1134539
1134778,1134807
649779,1134922
870653,1135063
205034,1135194
205034,1135211
205099,1135253
205099,1135276
1135461,1135490
908500,1135538
908500,1135555
1135586,1135615
1135643,1135670
827653,1135852
527594,1135932
210033,1135978
364611,1136058
364611,1136070
364372,1136117
364372,1136138
696858,1136186
227751,1136268
227751,1136281
1136592,1136626
1136592,1136642
503233,1136711
1136814,1136846
1136814,1136867
1136880,1136912
206011,1136954
206011,1136977
988968,1137012
1137054,1137083
1137147,1137175
1137147,1137199
1137238,1137264
1137238,1137286
1137326,1137357
1137326,1137374
1137414,1137446
1137414,1137467
1137480,1137507
1137576,1137609
659119,1137645
528918,1137684
529308,1137716
208507,1137759
208507,1137771
1137860,1137894
789911,1137936
700831,1137991
700831,1138019
656894,1138100
1138163,1138192
1138312,1138349
1115895,1138383
1115895,1138417
1138639,1138660
1138639,1138687
226301,1138734
249632,1138866
249684,1138911
1138948,1138976
1138948,1138995
1138948,1139010
1139052,1139081
1139052,1139109
1139166,1139197
1139166,1139215
1139166,1139236
1139270,1139301
1139340,1139372
519739,1139449
227353,1139579
1139611,1139648
1139611,1139669
1139703,1139735
1139774,1139800
801372,1139844
805906,1139885
1139925,1139956
1140031,1140065
1140083,1140110
205994,1140152
205994,1140175
200142,1140264
339405,1140569
727267,1140609
727267,1140621
652235,1140700
1140927,1140958
1140927,1140970
1141030,1141069
1141030,1141082
1141122,1141151
1141122,1141179
1141198,1141228
1141285,1141318
1141285,1141339
1141373,1141409
1141466,1141497
1141552,1141581
1141552,1141608
1141649,1141677
1141649,1141696
1141736,1141762
1141736,1141789
1141801,1141829
1142037,1142063
1142118,1142141
333772,1142187
333772,1142207
263968,1142426
263968,1142442
657996,1142540
362550,1142691
362550,1142712
427571,1142754
427571,1142777
1142875,1142909
1142875,1142921
1142966,1142997
1143098,1143120
208569,1143235
208569,1143257
1138312,1143290
522696,1143371
1143448,1143476
1143532,1143566
1143606,1143634
766081,1143675
824949,1143702
766113,1143739
824965,1143760
206024,1143858
206024,1143870
789267,1143917
789267,1143938
989316,1143972
809943,1144043
364611,1144268
364611,1144281
364372,1144321
364372,1144345
522855,1144559
654837,1144619
665334,1144657
737632,1144711
1144867,1144898
1144912,1144931
657846,1144977
1145074,1145100
1145074,1145128
657748,1145163
519739,1145214
660150,1145298
781712,1145349
1145396,1145429
1145396,1145440
1145591,1145625
1145591,1145641
1145809,1145832
686659,1145878
686659,1145897
1145924,1145953
862778,1145995
862778,1146018
1146056,1146087
659119,1146127
941254,1146162
941254,1146189
1146213,1146245
1146213,1146266
204901,1146428
204901,1146444
1146526,1146574
1146617,1146640
1146686,1146714
1146751,1146780
1146820,1146854
1146896,1146923
1146968,1146999
897366,1147034
1147113,1147145
1147178,1147204
664437,1147243
664437,1147262
1147291,1147329
1147291,1147340
746492,1147726
1147800,1147837
1147800,1147859
364047,1147892
364047,1147918
278992,1147956
1000473,1148038
696203,1148323
696203,1148347
696203,1148368
696203,1148381
882330,1148427
443454,1148587
443454,1148600
697142,1148644
697142,1148663
1148830,1148869
1148830,1148882
1148951,1148980
999670,1149021
1149050,1149084
1149107,1149130
901610,1149176
1149218,1149241
1149260,1149294
278992,1149315
279040,1149315
700136,1149434
207768,1149481
207768,1149508
731447,1149531
526112,1149651
526112,1149679
1149717,1149740
1149717,1149764
675116,1149835
675116,1149857
1128498,1149890
1128498,1149916
870653,1149963
870653,1149985
870653,1150009
870653,1150050
1150107,1150130
1150195,1150225
1018310,1150260
938067,1150304
1150343,1150370
1150410,1150447
1150468,1150499
879872,1150531
951141,1150577
1150605,1150633
914611,1150679
1150698,1150729
895631,1150764
780070,1150803
1150835,1150861
864875,1150900
864875,1150928
1151012,1151049
1151012,1151065
1151106,1151134
1151106,1151152
1151175,1151201
1151175,1151229
1004818,1151264
1004818,1151286
801719,1151326
801719,1151342
656433,1151388
656433,1151405
364047,1151451
494473,1151498
849435,1151595
658971,1151666
658971,1151684
730300,1151728
720093,1151763
720040,1151818
720040,1151839
238127,1151873
238127,1151894
238170,1151943
1017301,1152040
1017301,1152064
323998,1152208
323998,1152220
767348,1152265
876921,1152310
658971,1152368
1152443,1152470
1152443,1152491
533993,1152539
570659,1152587
226483,1152637
697671,1152692
1152766,1152797
1152766,1152811
644696,1152979
1153006,1153023
1153006,1153047
1153068,1153099
1153068,1153113
200811,1153150
255383,1153215
884713,1153258
1153270,1153301
1153329,1153355
1153393,1153420
1153454,1153483
989901,1153522
1153546,1153567
1153607,1153630
1153676,1153703
983598,1153742
1153774,1153800
1153828,1153859
1153871,1153902
1153925,1153956
921420,1153994
1154016,1154044
1154085,1154118
1001282,1154156
1154194,1154224
999643,1154269
1154305,1154333
1154379,1154403
983761,1154442
1154461,1154490
206259,1154529
1154572,1154604
555686,1154643
754913,1154712
754913,1154731
865707,1154777
865707,1154796
1154834,1154868
1154881,1154913
1154881,1154932
650746,1154978
1155015,1155043
999442,1155129
1155164,1155193
203965,1155234
203965,1155252
261823,1155299
261823,1155313
226695,1155350
747145,1155494
1155537,1155563
999708,1155603
1155661,1155690
1155661,1155711
1155753,1155782
1155753,1155805
1155846,1155879
1155846,1155898
1155965,1155996
1156019,1156042
1156088,1156116
1156088,1156137
1156192,1156222
1156192,1156246
1156192,1156267
1156280,1156312
1156354,1156383
1156417,1156440
1156417,1156464
1156486,1156515
1156570,1156602
1156641,1156673
1156706,1156734
999044,1156775
1156813,1156845
883886,1156884
1156924,1156953
1157030,1157069
1157030,1157082
1157122,1157151
1157180,1157216
1157237,1157263
1117107,1157302
1157325,1157356
1157325,1157373
1157497,1157523
961011,1157568
1157581,1157608
1157649,1157677
200784,1157715
200784,1157736
1157758,1157789
968560,1157829
1157942,1157974
320090,1158094
320090,1158115
733620,1158158
733620,1158170
207171,1158221
1158307,1158330
1158369,1158395
1158459,1158485
1158503,1158535
1158617,1158640
1158617,1158664
715093,1158705
715093,1158722
715093,1158746
1158767,1158798
1158820,1158854
652288,1158934
652288,1158952
694511,1159033
1159108,1159131
1159108,1159154
1159183,1159219
1159290,1159328
1159290,1159344
1159371,1159407
1159371,1159424
1159545,1159578
794401,1159610
520456,1159718
520456,1159739
696972,1159773
966104,1159827
966143,1159870
1160141,1160173
1160141,1160194
1160230,1160269
1160230,1160282
1160305,1160333
1160305,1160351
865707,1160403
1160457,1160488
1160457,1160501
766081,1160540
681871,1160658
681871,1160670
681871,1160691
681902,1160731
681902,1160754
681902,1160777
863902,1160810
912079,1160852
912079,1160875
912022,1160913
912022,1160932
1160978,1161001
1160978,1161029
1028300,1161064
1028300,1161086
1028773,1161126
1028773,1161142
1161208,1161231
1161208,1161254
1161277,1161306
1161277,1161323
969701,1161368
1161404,1161436
1161404,1161458
1161556,1161587
1161556,1161600
1161663,1161692
1161663,1161713
1161750,1161784
1161750,1161807
1161876,1161905
1161876,1161922
775405,1161967
1161980,1162012
391943,1162049
391943,1162054
674657,1162106
674707,1162152
674753,1162201
674805,1162255
674805,1162272
674851,1162319
674851,1162335
782942,1162374
874209,1162422
874209,1162446
947746,1162569
1162613,1162645
1162613,1162666
815716,1162785
815716,1162802
1162856,1162887
1162856,1162904
1162958,1162989
1162958,1163003
1163057,1163088
1163057,1163100
1163163,1163192
1163163,1163214
1163251,1163280
1163251,1163308
645678,1163349
645678,1163365
1163396,1163429
1163455,1163486
1163515,1163543
1163515,1163562
227353,1163618
742253,1163656
742253,1163673
682155,1163832
682155,1163850
1163907,1163930
1164050,1164084
908500,1164124
908500,1164148
827431,1164239
827431,1164256
681800,1164294
681800,1164315
681837,1164358
681837,1164370
1164434,1164452
1164475,1164499
846801,1164531
846801,1164554
842512,1164596
529924,1164622
1164646,1164667
1164680,1164717
1164680,1164738
650672,1164786
1164842,1164874
1164842,1164890
1164992,1165022
1165067,1165098
1165067,1165112
1165154,1165183
1165154,1165203
1165288,1165316
521322,1165359
521322,1165371
941126,1165407
941126,1165424
521346,1165509
521346,1165521
521367,1165550
521367,1165578
1165606,1165634
1165606,1165652
1165675,1165702
1165675,1165725
1165804,1165836
1165858,1165870
965440,1165917
965440,1165938
733413,1165972
733413,1165993
1166113,1166145
713595,1166204
713595,1166227
691419,1166262
691419,1166289
204773,1166364
204773,1166386
1166449,1166477
1166449,1166496
1166533,1166567
1166533,1166580
761072,1166624
761072,1166648
861498,1166735
861498,1166757
836242,1166788
1167025,1167056
1167025,1167073
963131,1167115
963165,1167143
1167162,1167191
1167162,1167213
1167245,1167278
1167245,1167297
1167353,1167382
1167353,1167400
1167463,1167492
1167463,1167519
1167574,1167601
1167574,1167629
670110,1167664
954134,1167693
954134,1167714
1167733,1167751
871385,1167820
1167883,1167910
1167883,1167934
1167975,1168007
1167975,1168024
671919,1168069
209627,1168114
209636,1168167
209783,1168216
209783,1168237
1168271,1168302
1168271,1168325
1168360,1168394
1168360,1168413
1168450,1168484
1168450,1168506
1168608,1168631
1168608,1168654
1168696,1168727
1168696,1168743
636069,1168801
636069,1168829
612008,1168840
612008,1168864
593649,1168886
593649,1168903
204889,1168926
204889,1168942
591698,1168961
748462,1169036
748462,1169058
596657,1169089
610276,1169129
610276,1169140
610351,1169164
610351,1169186
582079,1169206
582079,1169223
618791,1169247
618791,1169268
887792,1169281
887792,1169309
614680,1169321
614680,1169345
583085,1169366
583085,1169384
582891,1169402
582891,1169425
888246,1169441
888246,1169460
789417,1169487
789417,1169500
617209,1169603
617209,1169626
203544,1169642
203544,1169661
302864,1169688
297857,1169707
297857,1169724
1169782,1169814
1169782,1169833
779437,1169954
779437,1169977
779376,1170019
779376,1170035
204165,1170192
204165,1170214
1170396,1170429
1170396,1170440
569330,1170602
569330,1170625
572169,1170660
572169,1170687
1170768,1170799
1170768,1170813
562150,1170897
562150,1170911
562081,1170953
562081,1170976
268598,1171015
268598,1171036
770948,1171129
807584,1171155
878559,1171234
878559,1171252
762716,1171299
762716,1171313
1133339,1171439
412456,1171473
248314,1171494
248314,1171516
1171537,1171563
1171537,1171585
648300,1171776
849295,1171822
849295,1171846
564704,1171965
564704,1171983
1172006,1172023
1172006,1172047
1172068,1172081
1172068,1172109
1172150,1172184
1172150,1172204
874307,1172236
874307,1172258
1172270,1172301
1172270,1172329
1172420,1172454
1172420,1172477
1172496,1172522
1172496,1172546
1172682,1172719
1172757,1172788
1172757,1172800
804354,1172844
205761,1172892
1172925,1172956
1172987,1173017
1173038,1173064
1173038,1173086
747145,1173135
877013,1173174
877013,1173190
1173220,1173254
757523,1173310
1173334,1173368
1173399,1173427
1173458,1173489
1173709,1173732
1173750,1173784
1173807,1173824
1173807,1173848
1173869,1173882
1173869,1173905
898701,1173946
898701,1173967
789911,1174007
789911,1174024
970149,1174069
1174105,1174133
1174151,1174180
1174263,1174292
655069,1174339
655069,1174356
781538,1174394
1129555,1174445
694553,1174534
694553,1174552
285096,1174599
285096,1174612
1174677,1174704
1174736,1174762
1174789,1174801
203688,1174840
203688,1174864
790926,1174988
790926,1175008
1175065,1175096
1175110,1175134
1175152,1175175
1175199,1175217
1175238,1175255
524049,1175293
524049,1175319
845757,1175357
845757,1175374
875427,1175414
875427,1175433
875458,1175467
1175524,1175553
1175524,1175576
755544,1175666
755544,1175684
1175700,1175737
1175759,1175771
1175860,1175894
1175860,1175915
364611,1176124
1176239,1176260
1176287,1176304
1176336,1176362
1176389,1176406
1176423,1176452
649779,1176499
925877,1176549
1176565,1176596
1176614,1176633
1176651,1176679
1176755,1176786
1176826,1176857
1176971,1177000
1176971,1177028
1177044,1177063
1177044,1177085
525256,1177125
525256,1177141
963274,1177187
1177269,1177295
1177269,1177314
1177351,1177380
1177351,1177403
1177426,1177457
1177426,1177474
1177490,1177529
1177490,1177540
1177586,1177615
1177586,1177636
1177749,1177777
1176013,1177796
1176013,1177810
1176066,1177834
1176066,1177852
1176013,1177913
1177899,1177913
1176013,1177921
1177899,1177921
1178014,1178046
1178014,1178067
1178080,1178108
936985,1178131
1178154,1178183
1178203,1178226
1178257,1178288
1178300,1178337
872752,1178411
1178469,1178495
1178513,1178545
1178566,1178597
816423,1178634
1178668,1178699
1178756,1178787
399495,1178827
399495,1178843
248488,1178891
1178964,1178993
1178964,1179018
1179056,1179087
799451,1179127
799451,1179143
1179170,1179209
1179170,1179221
1179245,1179266
1179284,1179311
1179376,1179400
1179463,1179492
816452,1179535
1179557,1179588
1179601,1179638
1179664,1179693
1179714,1179746
1179896,1179923
1179968,1179999
1180027,1180058
537340,1180091
537340,1180117
537393,1180155
537393,1180172
1180193,1180223
1180193,1180247
1180268,1180281
1180268,1180309
961534,1180345
961534,1180366
1180402,1180439
1180494,1180528
1180494,1180544
1180563,1180585
1180563,1180603
1040870,1180688
1180724,1180753
659064,1180795
659064,1180814
1180851,1180880
1180851,1180908
1180965,1180996
1181016,1181037
707089,1181063
206409,1181102
206409,1181125
1181160,1181194
663744,1181230
663744,1181253
1181276,1181305
1181322,1181346
1181367,1181380
1181426,1181457
1181474,1181501
1181474,1181529
764169,1181564
764169,1181586
565697,1181627
565697,1181643
665283,1181689
576146,1181708
576146,1181720
249096,1181796
249096,1181810
322178,1181899
762049,1181978
227444,1181997
227444,1182011
984875,1182069
1182095,1182122
497719,1182198
497719,1182216
489268,1182237
256590,1182263
230916,1182341
230916,1182360
736908,1182450
736908,1182478
678637,1182575
678637,1182599
888383,1182631
1182974,1183002
1182974,1183025
643174,1183041
643174,1183060
727267,1183087
727267,1183104
504294,1183127
504327,1183143
715594,1183162
715594,1183189
1183307,1183330
1183307,1183353
1183376,1183400
1183376,1183428
506215,1183485
532899,1183526
532899,1183542
487471,1183561
487459,1183588
506068,1183601
206466,1183629
206466,1183640
1183705,1183733
815763,1183779
815763,1183798
815860,1183831
815860,1183854
847455,1183877
206665,1183910
687891,1183968
687891,1183981
744309,1184083
744309,1184106
995774,1184123
204411,1184152
204411,1184175
273230,1184199
273230,1184217
519938,1184335
519938,1184357
519938,1184374
651878,1184422
245629,1184480
245629,1184507
953664,1184548
953693,1184576
209834,1184609
801719,1184650
282081,1184697
282081,1184716
1184737,1184763
244673,1184785
872214,1184802
754691,1184825
639419,1184841
743699,1184904
743699,1184927
665283,1184943
665283,1184962
388613,1185021
388613,1185045
649162,1185107
649162,1185124
881680,1185169
881680,1185182
582120,1185241
582120,1185260
536416,1185304
536416,1185327
966353,1185343
911504,1185362
487400,1185389
487400,1185406
1024886,1185423
911536,1185447
1185481,1185512
1185531,1185565
1185614,1185646
1185680,1185701
911656,1185729
644727,1185793
644727,1185819
970699,1185835
652046,1185874
652046,1185890
1017816,1185937
1017844,1185959
1017844,1185971
875895,1185992
1022987,1186014
1022987,1186033
799008,1186051
799008,1186079
1036539,1186112
426507,1186154
426507,1186177
426576,1186219
426576,1186235
973387,1186257
1036103,1186290
599598,1186316
599598,1186337
760490,1186371
760490,1186392
760457,1186430
760457,1186453
1186532,1186566
797154,1186606
761323,1186623
761323,1186647
520402,1186681
520402,1186702
555808,1186760
380368,1186862
1186891,1186929
847813,1186964
245629,1187017
527368,1187038
527368,1187055
239773,1187093
239773,1187119
936890,1187157
1004405,1187174
1004405,1187190
522696,1187231
665807,1187283
665807,1187306
506412,1187334
506386,1187352
888781,1187415
888781,1187436
912359,1187458
662246,1187491
791695,1187573
275292,1187628
1187663,1187692
822754,1187721
764890,1187745
764890,1187766
618581,1187807
618581,1187824
232381,1187876
746444,1187914
270733,1188010
270485,1188034
270485,1188052
1129636,1188099
1188166,1188197
1188166,1188215
1188338,1188364
1188338,1188386
954841,1188408
954841,1188420
680715,1188449
680715,1188465
954894,1188483
954894,1188505
767590,1188546
201896,1188580
201896,1188607
204993,1188653
1188676,1188703
1188676,1188726
802661,1188761
802661,1188788
555733,1188800
555733,1188828
1042136,1188863
1042136,1188885
380368,1188925
380368,1188941
863859,1188987
1189042,1189074
1189042,1189090
1189144,1189171
1189144,1189192
1189233,1189267
1189233,1189280
268598,1189308
1189383,1189417
1189383,1189438
992900,1189455
992900,1189472
662088,1189515
581673,1189543
266371,1189591
266371,1189618
1189673,1189706
1189673,1189723
1189747,1189768
905713,1189809
905713,1189821
1164680,1189953
1190011,1190048
1190011,1190069
1190122,1190151
1190122,1190179
281977,1190216
281977,1190237
1190339,1190360
1190339,1190387
1036126,1190413
1133432,1190497
1133432,1190510
1133421,1190552
1133421,1190575
1190599,1190612
1190631,1190654
203528,1190743
749717,1190872
1036310,1190903
868245,1190942
868245,1190961
564341,1191006
564341,1191023
1191197,1191215
1191236,1191262
1191289,1191301
968368,1191340
968368,1191364
651809,1191408
651809,1191420
1191449,1191477
1191449,1191496
694553,1191546
544162,1191567
547045,1191580
1191630,1191669
1191630,1191682
696787,1191703
696787,1191726
912022,1191859
912079,1191902
572130,1191941
572130,1191960
662192,1192043
662192,1192062
1192164,1192193
1192164,1192210
1192164,1192234
1192164,1192252
1192164,1192275
719942,1192350
719942,1192378
1043200,1192473
1043200,1192494
550478,1192559
550478,1192571
995816,1192730
995816,1192753
206409,1192782
1192822,1192851
1192822,1192879
785916,1192898
785916,1192912
1192949,1192977
1193009,1193032
200119,1193097
246306,1193176
427674,1193218
427674,1193239
643713,1193256
643713,1193273
864564,1193294
864564,1193315
1193370,1193406
1193370,1193423
715231,1193475
715231,1193499
646111,1193512
646148,1193549
813914,1193577
813914,1193596
981818,1193614
981818,1193633
1193679,1193698
1193679,1193717
1193772,1193803
1193772,1193826
1002855,1193861
1002855,1193888
735834,1193900
815303,1193928
815303,1193944
1193985,1194019
1193985,1194035
202928,1194090
237575,1194128
801546,1194163
521636,1194233
207625,1194251
665980,1194280
1194320,1194354
1194320,1194377
821855,1194417
1194464,1194493
1194464,1194515
849224,1194536
731182,1194558
963385,1194570
635761,1194639
635761,1194656
851502,1194673
906572,1194752
906572,1194775
255907,1194809
914289,1194821
914289,1194845
291149,1194884
291149,1194907
204993,1194924
204993,1194948
230916,1194995
963033,1195041
528653,1195060
262631,1195094
262631,1195115
506800,1195136
1195278,1195297
1195278,1195311
1195278,1195330
665778,1195376
665778,1195395
985366,1195471
870329,1195526
870329,1195542
870329,1195561
266371,1195590
208123,1195617
423141,1195638
423141,1195655
1195733,1195767
1195733,1195780
1195849,1195877
1195849,1195896
906572,1195968
201284,1195981
201284,1196001
977511,1196142
551258,1196161
1196283,1196310
1196283,1196334
1196399,1196427
1196399,1196443
712486,1196462
712486,1196489
1196541,1196573
1196541,1196594
1196616,1196644
1196616,1196663
1196685,1196713
1196685,1196732
1196750,1196784
1196750,1196807
1196830,1196869
1196830,1196882
1196946,1196979
914742,1197005
1197046,1197079
1197046,1197098
1004818,1197120
238672,1197165
1051316,1197183
202287,1197203
1035686,1197242
1035686,1197261
489138,1197316
489138,1197337
845420,1197359
1197411,1197448
1197411,1197469
1197509,1197532
1197509,1197550
1197597,1197623
1197597,1197647
1197675,1197702
1197739,1197760
836623,1197804
206926,1197827
206926,1197843
770440,1197862
770440,1197889
1126432,1197938
495536,1198016
1198044,1198063
1198044,1198085
656609,1198125
656609,1198141
764475,1198160
1140927,1198230
1140927,1198253
862998,1198305
862998,1198322
335162,1198367
335162,1198380
204929,1198403
204929,1198426
1121492,1198442
1121353,1198461
203544,1198555
1198593,1198627
1198593,1198643
603166,1198689
1003018,1198708
1003018,1198720
1198777,1198796
1198777,1198810
1198834,1198868
1198834,1198881
1026176,1198966
1026176,1198984
1199020,1199054
1199020,1199077
776389,1199152
776389,1199175
654068,1199255
1199326,1199357
1199326,1199374
1199414,1199446
1052821,1199498
1199569,1199595
1199569,1199613
1199650,1199684
1199650,1199700
248156,1199728
248156,1199744
1199818,1199841
1199818,1199860
660761,1199904
858114,1199943
835107,1199962
364372,1200010
364611,1200068
827788,1200099
827788,1200113
671649,1200150
205099,1200243
1200505,1200533
1200505,1200551
1200598,1200624
1200669,1200695
1200719,1200742
1200719,1200761
844363,1200790
1200816,1200837
1200816,1200859
1200816,1200871
255171,1200918
1200956,1200987
1200956,1201005
564704,1201051
697029,1201131
697029,1201154
1201183,1201219
1201183,1201235
1201261,1201290
1201261,1201316
578613,1201359
578613,1201371
578716,1201411
578716,1201430
737943,1201476
1201513,1201545
1201513,1201566
1201623,1201652
1201623,1201675
1201699,1201718
1201756,1201787
1201756,1201804
200807,1201843
200807,1201862
1020057,1201940
1020057,1201964
1020192,1202003
1020192,1202026
1202061,1202090
205113,1202171
696787,1202222
251198,1202267
251198,1202280
251198,1202308
1202349,1202377
1202349,1202396
1202429,1202455
1202429,1202472
1202536,1202562
1202536,1202589
839710,1202706
839710,1202723
874221,1202768
874221,1202781
1202821,1202850
1202821,1202878
1203012,1203049
1203012,1203065
233270,1203106
233270,1203123
1203201,1203238
1203201,1203255
1203390,1203422
1203390,1203446
1203479,1203507
1203479,1203524
487705,1203632
487705,1203650
1203716,1203744
1203716,1203763
206200,1203818
822529,1203873
822529,1203894
905502,1203915
905502,1203936
1039012,1203958
1039012,1203970
905556,1203991
905556,1204018
854577,1204073
854577,1204094
814736,1204136
814736,1204158
659161,1204170
659161,1204191
252125,1204213
252125,1204232
513546,1204278
513546,1204297
743154,1204311
743154,1204330
684349,1204353
684349,1204376
781173,1204444
781276,1204485
769559,1204561
769559,1204588
529144,1204640
962932,1204733
686277,1204767
686277,1204780
348694,1204820
659352,1204865
659352,1204883
777978,1204923
777978,1204947
778430,1204981
778430,1205001
777689,1205038
777689,1205055
1205126,1205157
1205212,1205249
1205296,1205323
899905,1205368
778014,1205399
778014,1205415
1205458,1205489
1205525,1205556
1205525,1205573
1205663,1205692
1205663,1205713
1205525,1205721
1205663,1205721
1205778,1205807
1205876,1205905
1205933,1205967
776423,1205980
816992,1206016
816992,1206037
748869,1206071
748869,1206092
327367,1206118
327367,1206139
813967,1206156
813967,1206173
813998,1206194
813998,1206211
814024,1206230
814024,1206253
814053,1206276
814053,1206295
770884,1206314
954943,1206333
954943,1206351
722701,1206379
722701,1206398
904104,1206419
994843,1206435
994843,1206457
504499,1206474
504499,1206490
858770,1206572
899692,1206658
903008,1206689
1206708,1206720
1015163,1206765
1015163,1206783
1206834,1206868
1206834,1206881
1206984,1207013
1206984,1207032
890348,1207078
1207130,1207169
951253,1207202
864564,1207241
1207336,1207362
1207336,1207389
1207406,1207423
1207406,1207447
1207468,1207499
810747,1207512
1207549,1207577
1207549,1207596
1207622,1207651
1207622,1207679
1207698,1207729
827184,1207755
1207772,1207803
1207826,1207842
233816,1207874
1207916,1207944
1207963,1207985
1208043,1208070
1208043,1208091
1208164,1208193
1208210,1208234
1208252,1208275
555733,1208313
731717,1208384
1208456,1208487
1208456,1208500
1208563,1208592
1208563,1208619
302864,1208635
522151,1208724
522151,1208748
889624,1208782
854549,1208814
681289,1208833
681289,1208851
681236,1208879
681236,1208898
231414,1208949
767798,1208965
767798,1208983
270733,1209007
270733,1209024
1175524,1209095
746444,1209151
746444,1209179
1209198,1209228
1209244,1209263
1209285,1209318
921859,1209341
1014674,1209373
1209394,1209421
921987,1209450
1014711,1209484
254281,1209506
254281,1209523
254234,1209547
254234,1209568
1106049,1209581
998388,1209608
998388,1209620
696787,1209704
1005819,1209727
1005819,1209743
917004,1209801
904561,1209829
904561,1209840
905310,1209864
905310,1209886
905368,1209903
905368,1209926
1209988,1210018
1209988,1210039
1210143,1210162
893028,1210245
1210266,1210297
889598,1210324
816646,1210353
1210395,1210428
1210444,1210471
927566,1210519
1210535,1210561
927702,1210601
662625,1210686
662625,1210705
1210722,1210751
716224,1210780
810850,1210808
864662,1210883
246709,1210910
246709,1210934
246750,1210952
246750,1210975
246807,1210999
246807,1211019
782200,1211035
540892,1211057
750021,1211116
802062,1211137
994316,1211163
554930,1211192
1112214,1211214
802366,1211233
260748,1211251
260846,1211279
208595,1211312
208621,1211331
208632,1211354
387312,1211377
387312,1211396
974381,1211464
639586,1211486
639586,1211504
200895,1211543
501126,1211570
501126,1211591
836681,1211618
836681,1211639
1211706,1211734
1211813,1211845
1211706,1211866
1211813,1211866
1211884,1211907
1211948,1211969
1211884,1211995
1211948,1211995
550649,1212033
550649,1212051
715093,1212108
817777,1212177
812386,1212196
836929,1212219
836929,1212235
1021516,1212290
275292,1212316
275292,1212337
981632,1212359
981632,1212371
546028,1212411
546028,1212430
287731,1212469
279296,1212513
520456,1212545
908186,1212566
964603,1212606
964603,1212623
337363,1212652
337411,1212675
337411,1212699
963196,1212827
301731,1212862
521564,1212901
521564,1212929
1212972,1213000
203851,1213037
715594,1213063
715594,1213085
201041,1213118
201056,1213141
1213187,1213211
1213187,1213230
264012,1213295
264012,1213314
868369,1213351
868369,1213379
532636,1213398
532636,1213419
247815,1213435
247815,1213457
689609,1213474
655133,1213490
734685,1213540
712486,1213615
200980,1213658
331215,1213670
785554,1213691
763948,1213712
807079,1213731
618179,1213765
618179,1213783
870364,1213823
870364,1213847
233454,1213909
967624,1213921
247079,1213945
234517,1213966
234517,1213984
227060,1214006
227060,1214023
1005729,1214068
1005729,1214081
1005646,1214109
1005646,1214121
1005680,1214145
1005680,1214166
206198,1214184
746492,1214236
746492,1214258
1214270,1214291
565152,1214355
565152,1214372
564840,1214393
564840,1214412
272815,1214465
203908,1214514
237179,1214567
761208,1214607
761208,1214624
736500,1214648
736500,1214669
944239,1214682
944273,1214719
944273,1214735
280884,1214757
280884,1214774
367516,1214790
367516,1214816
372936,1214859
372936,1214871
659427,1214892
520626,1214918
520626,1214939
341124,1214956
341124,1214973
727267,1214994
1215024,1215053
1215024,1215076
691063,1215095
739925,1215133
739925,1215151
739973,1215179
740008,1215198
740049,1215216
740049,1215237
740049,1215259
993058,1215271
993058,1215292
993058,1215318
967197,1215373
967197,1215394
484890,1215421
484890,1215445
398115,1215466
398115,1215484
978976,1215568
978976,1215581
727267,1215631
808852,1215654
763515,1215696
573642,1215715
573642,1215736
627467,1215758
257034,1215789
748811,1215801
748811,1215829
748811,1215840
264650,1215864
264650,1215886
203724,1215942
203724,1215961
303820,1216031
203544,1216077
203544,1216096
768510,1216110
768510,1216134
287627,1216152
442212,1216303
246352,1216326
205719,1216342
205719,1216361
205726,1216388
205726,1216405
963344,1216507
963316,1216524
302568,1216569
553772,1216582
553772,1216609
553729,1216621
553729,1216645
1216666,1216684
1216700,1216728
360655,1216763
358724,1216785
208147,1216825
208147,1216841
372936,1216873
864662,1216904
587473,1216943
587473,1216962
231255,1216989
231255,1217004
1026447,1217027
1026447,1217043
800200,1217062
800200,1217089
768743,1217101
768743,1217129
206864,1217164
206864,1217186
1101639,1217234
800497,1217252
964782,1217275
301102,1217299
485407,1217332
485407,1217350
1217378,1217397
267946,1217418
267946,1217439
257960,1217456
257960,1217473
209380,1217494
209380,1217516
256854,1217544
444435,1217619
675396,1217674
675396,1217690
238975,1217730
238923,1217753
761784,1217782
761784,1217805
209160,1217822
209160,1217846
208860,1217867
208860,1217880
485482,1217908
485482,1217920
770639,1217965
770639,1217983
770660,1218009
770660,1218021
1218045,1218078
1218097,1218111
230475,1218130
230549,1218153
651455,1218195
651455,1218218
655942,1218239
655942,1218256
525819,1218273
525819,1218294
528372,1218315
528372,1218336
1218370,1218406
1218370,1218423
209834,1218447
536463,1218481
520268,1218512
744954,1218549
744954,1218565
744954,1218583
698844,1218605
698844,1218622
888813,1218646
888813,1218667
857437,1218680
791236,1218701
791236,1218729
575099,1218740
693751,1218857
693751,1218874
1218890,1218916
1218937,1218963
210033,1219001
848860,1219064
848860,1219086
657748,1219119
657846,1219157
654837,1219190
1157325,1219254
1219283,1219310
1219352,1219381
1219556,1219587
1219600,1219628
1219671,1219709
1219671,1219721
1219750,1219784
1219824,1219848
1219980,1220011
1219980,1220030
673177,1220053
673177,1220076
687196,1220114
1220179,1220200
202786,1220263
1220325,1220356
1220325,1220373
1220413,1220445
1220413,1220466
1220506,1220534
1220506,1220552
209749,1220608
1220791,1220829
1220840,1220872
1220919,1220942
1220919,1220961
1221006,1221034
1221052,1221075
1221099,1221113
1221258,1221289
851556,1221340
843275,1221393
862310,1221449
1221496,1221522
1221496,1221546
1221607,1221630
1221607,1221653
1221695,1221726
1221695,1221742
865661,1221800
208595,1221859
208621,1221918
1221987,1222015
1222058,1222089
1222117,1222140
1222117,1222164
1222186,1222210
1222234,1222268
1222345,1222378
1222345,1222397
1222439,1222460
1222439,1222487
846677,1222563
1222661,1222690
1222661,1222711
1222822,1222851
209783,1222908
1222920,1222954
1222920,1222977
1223032,1223066
1223032,1223084
1223107,1223130
1223107,1223153
944239,1223287
1223327,1223358
1223327,1223370
1127429,1223447
538086,1223481
662527,1223549
259406,1223583
259452,1223614
262076,1223633
538415,1223793
973523,1223819
973523,1223835
715334,1223857
715334,1223874
287783,1223928
1029519,1223944
1029519,1223963
857060,1223985
857060,1224003
760978,1224026
760978,1224042
209670,1224100
209670,1224128
1043935,1224144
719990,1224163
719990,1224185
720573,1224280
229164,1224308
584496,1224320
584496,1224349
584611,1224365
229129,1224396
229129,1224417
229129,1224438
907202,1224464
993015,1224486
993015,1224504
715713,1224562
715713,1224589
715713,1224602
616150,1224625
1013972,1224641
1013972,1224660
995735,1224687
757696,1224706
858114,1224734
1003221,1224850
1053841,1224878
658679,1224897
658679,1224911
762083,1224930
700189,1224953
700189,1224976
521881,1224995
522855,1225018
206198,1225041
206200,1225060
577799,1225087
368084,1225104
368084,1225127
647875,1225143
647875,1225162
203321,1225189
862778,1225213
278176,1225232
278176,1225250
667772,1225278
667772,1225297
906160,1225311
906160,1225330
834802,1225353
834802,1225376
834856,1225395
834856,1225416
409664,1225437
409664,1225459
763192,1225471
763192,1225492
835032,1225519
835032,1225535
203814,1225557
203814,1225574
203851,1225590
203851,1225617
203833,1225638
203833,1225655
553835,1225693
545086,1225714
205726,1225751
205726,1225779
205719,1225798
205719,1225812
702940,1225854
986504,1225883
1225910,1225947
201883,1225981
201883,1226001
201820,1226029
1226126,1226157
1226126,1226174
878089,1226231
1226296,1226323
1226296,1226347
767416,1226368
767416,1226381
205184,1226404
667327,1226443
741318,1226470
1029638,1226491
1029638,1226518
1039293,1226587
343523,1226600
1026084,1226628
1026084,1226644
1026032,1226663
1026032,1226685
739669,1226848
739669,1226869
526889,1226882
526889,1226905
649073,1226922
649073,1226946
747682,1226967
747682,1226980
747630,1227005
747630,1227022
1024387,1227046
1024387,1227067
201485,1227080
201485,1227108
649601,1227165
649601,1227183
1227219,1227242
1227219,1227261
200637,1227300
200637,1227328
651100,1227344
692445,1227363
485371,1227385
485371,1227407
1227448,1227476
1227448,1227495
671974,1227532
671974,1227550
689175,1227578
689175,1227597
230475,1227610
230549,1227634
1004728,1227652
423059,1227699
423059,1227718
423059,1227739
992992,1227756
992992,1227773
992971,1227815
992971,1227836
992959,1227870
992959,1227891
573062,1227938
231168,1227972
231168,1227993
231168,1228016
234555,1228037
234555,1228059
1029191,1228071
1029191,1228092
903569,1228118
257960,1228141
257960,1228160
200174,1228224
667304,1228282
269602,1228322
781712,1228403
552954,1228461
552954,1228488
526756,1228572
526756,1228593
202066,1228615
624038,1228636
624038,1228658
911953,1228670
226047,1228691
521978,1228749
521978,1228765
263968,1228806
263968,1228823
526681,1228847
526681,1228868
1002114,1228881
1002114,1228909
204843,1228966
204843,1228984
203487,1229020
203487,1229049
786725,1229083
786725,1229106
682155,1229147
322178,1229199
668091,1229238
207365,1229286
207365,1229303
798834,1229326
798834,1229342
973523,1229374
395983,1229390
395983,1229414
1043864,1229433
1048924,1229451
1112832,1229498
1025650,1229548
1025650,1229569
903632,1229582
1002696,1229609
1002696,1229621
526328,1229645
526328,1229666
957126,1229700
957126,1229728
957072,1229744
957072,1229763
1100883,1229802
1100952,1229825
901858,1229841
901858,1229860
1010065,1229887
1010065,1229904
526938,1229943
526938,1229962
395867,1230003
395867,1230026
1025012,1230074
1025012,1230090
1230159,1230185
1230279,1230308
1230279,1230320
1230365,1230396
1230365,1230417
1230455,1230486
1230455,1230504
1230543,1230570
1230543,1230591
1230639,1230660
1230639,1230687
1230723,1230752
1230723,1230775
1230809,1230832
1230809,1230850
654902,1230953
654902,1230976
1008338,1231089
1008338,1231101
818290,1231138
796277,1231164
732115,1231206
732115,1231223
731717,1231268
1140927,1231313
1231378,1231402
255171,1231661
989261,1231688
989261,1231707
1013938,1231730
1013938,1231753
304012,1231776
264650,1231795
343432,1231814
343432,1231833
343432,1231851
726510,1231879
726510,1231898
1022431,1231931
1022431,1231954
237575,1231977
500984,1232034
500984,1232052
697671,1232081
1133599,1232150
781224,1232262
818411,1232338
1232372,1232408
1232372,1232420
1232648,1232676
1232648,1232695
1232735,1232761
1232735,1232788
1232987,1233017
653403,1233055
1233190,1233220
1233190,1233249
1233283,1233310
1233283,1233334
1233458,1233489
1233458,1233502
1233541,1233573
1233541,1233594
1233637,1233663
1233637,1233685
202009,1233745
202009,1233766
202971,1233784
667239,1233807
667239,1233824
720525,1233848
911331,1233882
911331,1233905
970149,1233933
1010357,1233951
1010357,1233979
555617,1233998
840882,1234011
840882,1234030
909069,1234053
1233126,1234053
909069,1234069
1233126,1234069
1234114,1234146
1234114,1234167
1234180,1234216
1234180,1234237
1234292,1234325
1234292,1234341
1234421,1234450
1234421,1234478
1234552,1234581
1234552,1234608
1234552,1234620
1234840,1234872
1234840,1234893
1234935,1234961
1234935,1234988
249096,1235065
249096,1235083
643713,1235134
782244,1235168
782244,1235181
910975,1235201
1018628,1235229
1018628,1235240
761905,1235264
591729,1235293
591729,1235319
691474,1235357
691474,1235374
691442,1235390
691442,1235414
232254,1235467
765242,1235480
765242,1235507
673226,1235524
644552,1235553
644552,1235576
644620,1235595
644620,1235613
273230,1235666
303820,1235697
947376,1235716
680318,1235744
495562,1235841
887839,1235873
246750,1235894
737839,1235915
349533,1235936
349533,1235958
349393,1235970
349393,1235991
349465,1236013
349465,1236032
864419,1236050
864419,1236078
248488,1236107
525327,1236182
525327,1236202
691847,1236225
691847,1236241
678876,1236294
678876,1236315
947503,1236336
821198,1236358
1050449,1236370
984118,1236391
984118,1236410
1236475,1236508
1236475,1236520
608746,1236549
608746,1236565
233204,1236605
233204,1236622
964456,1236740
964456,1236764
230294,1236803
851824,1236826
851824,1236842
878036,1236888
1236959,1236985
1236959,1237000
1237102,1237139
1237102,1237156
262704,1237173
228082,1237194
748721,1237276
259294,1237398
522990,1237419
522990,1237435
471731,1237457
471731,1237474
822426,1237490
635761,1237517
700999,1237564
700999,1237586
791611,1237708
1237765,1237796
1237765,1237810
1237984,1238014
1237984,1238033
1238165,1238196
1238165,1238219
208319,1238257
1238328,1238344
1238328,1238363
536910,1238453
536910,1238476
1052694,1238509
877985,1238584
877985,1238606
736851,1238647
354189,1238858
337363,1238901
1231378,1238940
1231378,1238964
1238986,1239018
1238986,1239039
523999,1239073
747145,1239330
818476,1239369
1012211,1239444
1012211,1239463
1239485,1239519
888562,1239557
888562,1239574
888602,1239617
888602,1239638
333772,1239672
333772,1239693
333772,1239714
642800,1239808
642800,1239820
655011,1239849
655011,1239865
1141552,1239883
201307,1239923
1239981,1240016
1239981,1240037
293576,1240207
293576,1240224
672442,1240305
233816,1240403
206758,1240538
818532,1240593
1240627,1240658
1240691,1240720
823482,1240777
823482,1240796
858114,1240834
858114,1240852
679793,1240881
679793,1240909
304700,1240932
206318,1240997
206318,1241017
1241072,1241103
1241072,1241126
1241188,1241126
1241188,1241212
690867,1241334
690867,1241352
1234552,1241404
1241436,1241462
1241436,1241489
1241539,1241560
1241539,1241587
1241663,1241692
1241663,1241713
1241732,1241750
1241732,1241778
1241811,1241848
1241811,1241869
1241905,1241933
1241905,1241951
1231378,1242008
747145,1242049
1242077,1242106
1242077,1242123
1019287,1242168
1019287,1242181
536910,1242272
1242390,1242422
1242390,1242446
869870,1242467
207799,1242480
207799,1242507
765699,1242524
765699,1242548
204165,1242595
562364,1242613
562364,1242632
297857,1242650
1242229,1242697
1203569,1242737
1203569,1242759
1112472,1242873
1119864,1242927
1242970,1243003
1242970,1243026
1243088,1243116
1243088,1243137
895886,1243163
1243354,1243383
1243354,1243401
1243429,1243455
1243429,1243472
206568,1243639
206568,1243656
1243734,1243768
1243734,1243781
343523,1243821
343523,1243845
483845,1243924
483845,1243948
483884,1243982
483884,1244009
205941,1244045
205941,1244066
1244273,1244304
1244273,1244327
199724,1244362
656894,1244596
1028610,1244680
1028610,1244701
1244764,1244793
1244764,1244819
443408,1244971
443408,1244992
1245079,1245108
1245079,1245120
1245226,1245257
1245226,1245274
1245316,1245344
1245316,1245363
208595,1245385
208595,1245407
1245469,1245495
1245469,1245513
1245532,1245566
1141736,1245584
1245699,1245725
1245699,1245741
1245773,1245804
1245773,1245827
209125,1245870
1245986,1246010
1245986,1246034
1246099,1246121
1246099,1246145
1246184,1246215
1246184,1246236
765242,1246289
573879,1246301
573879,1246329
1006112,1246340
1006112,1246364
573776,1246386
573776,1246408
1019045,1246420
1019045,1246449
1142037,1246465
864564,1246551
562412,1246598
562412,1246611
1246653,1246682
1246653,1246703
682043,1246726
682043,1246742
380368,1246788
1246892,1246925
1246941,1246973
1247018,1247041
1247018,1247060
1041452,1247158
1247170,1247191
1247170,1247213
737737,1247266
680466,1247297
680466,1247311
572169,1247330
1247416,1247444
425510,1247463
425510,1247485
1025168,1247503
1025168,1247526
661328,1247542
435824,1247574
743424,1247590
743424,1247617
779245,1247638
779245,1247655
988104,1247672
988104,1247693
756747,1247798
756747,1247812
540774,1247831
540774,1247854
467088,1247877
467088,1247896
540355,1247910
470332,1247981
470332,1248007
748399,1248069
748399,1248082
748399,1248105
874542,1248133
874542,1248151
943799,1248179
943799,1248198
842481,1248216
654099,1248318
1248356,1248387
1248356,1248409
1248432,1248466
1248432,1248484
1248510,1248547
1248510,1248568
694255,1248704
1249004,1249036
1249004,1249058
348694,1249117
972601,1249138
529308,1249281
671649,1249425
671649,1249441
819999,1249460
819999,1249487
888042,1249544
888042,1249563
770639,1249592
675768,1249619
675768,1249635
675813,1249657
675813,1249674
203140,1249690
237007,1249711
253964,1249748
1249846,1249879
1249846,1249898
1019336,1249931
1019336,1249954
200119,1250101
200119,1250129
1250186,1250210
1250186,1250234
561439,1250397
561439,1250418
1250439,1250460
1250487,1250516
1250537,1250563
1101536,1250585
1250814,1250846
1250814,1250867
1155661,1250908
1155661,1250920
1155753,1250965
1155753,1250983
209945,1251102
209945,1251125
209950,1251160
209950,1251187
1251380,1251419
736210,1251517
736210,1251538
736210,1251555
736210,1251572
852737,1251636
852737,1251658
256087,1251754
231576,1251852
499315,1251875
499315,1251899
1236475,1252069
1252105,1252133
1252105,1252151
259452,1252180
881944,1252200
778363,1252263
778363,1252285
1252341,1252373
1252341,1252394
1252432,1252466
1252432,1252484
1252523,1252552
1252523,1252575
1021299,1252840
1021299,1252864
1252903,1252935
1252903,1252957
200231,1253115
200231,1253136
1253232,1253266
1253232,1253284
557843,1253307
557843,1253324
309171,1253376
1253485,1253519
1253557,1253588
520004,1253714
520004,1253733
1253767,1253798
1253767,1253812
1155846,1253934
1155846,1253952
1253999,1254020
1253999,1254049
1254106,1254134
1254106,1254152
692105,1254217
692105,1254238
1254272,1254303
1254272,1254326
1254361,1254390
1254361,1254414
523250,1254511
523250,1254530
960414,1254678
961497,1254697
1254716,1254744
1254763,1254792
907622,1254818
907622,1254839
203516,1254915
203516,1254936
665807,1255021
1255124,1255153
1255176,1255202
1255225,1255256
1255358,1255389
1255358,1255406
1255447,1255475
1255447,1255499
1255531,1255565
1255531,1255583
1255614,1255646
229129,1255698
1255772,1255803
905086,1255826
905086,1255842
1255900,1255937
932052,1255971
1256005,1256033
1256067,1256098
1256196,1256226
1256196,1256242
1256288,1256316
1256288,1256337
644259,1256359
644259,1256371
718015,1256430
718015,1256453
993015,1256545
1238328,1256634
1007249,1256675
1256699,1256725
1256756,1256787
1256756,1256804
810057,1256827
1256889,1256917
1256889,1256938
1257249,1257277
1257249,1257296
1257323,1257352
202239,1257399
202239,1257415
202241,1257458
202241,1257470
923985,1257518
726510,1257556
726510,1257573
1257594,1257628
1257709,1257732
1115895,1257778
969327,1257824
524728,1257869
646260,1257922
646260,1257946
1258006,1258034
1258006,1258052
1258184,1258215
1258184,1258236
1258289,1258317
761848,1258355
1258393,1258420
1258393,1258449
1258465,1258496
1258514,1258546
1258567,1258598
1258611,1258648
834422,1258703
234092,1258742
238492,1258788
424859,1258885
424859,1258902
1258925,1258956
998576,1259019
937615,1259057
912235,1259074
912235,1259090
1259137,1259163
1259185,1259214
1259233,1259267
1259280,1259312
1259377,1259401
1259377,1259429
917252,1259464
1259589,1259618
1259639,1259660
1259706,1259734
1259706,1259752
1259775,1259809
1259866,1259897
1259866,1259911
670110,1259930
687120,1259982
1260065,1260096
1260123,1260152
206903,1260175
206903,1260199
1260255,1260286
1260255,1260303
1260361,1260390
1260361,1260414
651100,1260451
651100,1260479
1143014,1260511
1260530,1260569
1260582,1260613
607180,1260802
607180,1260825
1260904,1260936
1260958,1260989
792544,1261024
792544,1261048
1261105,1261133
1261105,1261151
743274,1261216
206506,1261259
1261285,1261318
653160,1261394
667928,1261445
1261478,1261506
1261523,1261547
1261568,1261581
912993,1261608
1261683,1261715
1261683,1261736
1261791,1261829
1261791,1261840
258296,1262000
979068,1262207
979068,1262224
1262248,1262276
1262346,1262379
742712,1262474
742712,1262490
1262564,1262593
1262564,1262615
1262731,1262765
206762,1262899
207799,1262978
646944,1263014
226301,1263067
226301,1263080
1263183,1263219
1263183,1263235
200980,1263316
387312,1263385
387312,1263407
495907,1263476
495438,1263513
644770,1263606
644770,1263623
1263647,1263675
1263647,1263699
739719,1263725
739719,1263741
1264043,1264070
1264043,1264091
1049068,1264140
1264206,1264234
1264206,1264252
645678,1264332
645678,1264350
208569,1264402
1264487,1264516
1264487,1264537
1264487,1264559
209305,1264635
209305,1264657
246807,1264690
246807,1264711
483845,1264795
483845,1264814
483884,1264851
483884,1264879
849295,1264920
647282,1264949
647282,1264965
647322,1264983
647322,1265003
1265042,1265074
1265042,1265090
1265171,1265205
1265171,1265222
1265455,1265486
1265455,1265504
954792,1265558
954792,1265589
1265602,1265639
989955,1265673
1265723,1265752
1265809,1265832
1265878,1265907
1265948,1265976
1265995,1266025
1266170,1266209
1266245,1266278
1266307,1266330
990142,1266376
1266416,1266444
990190,1266519
606907,1266557
1266574,1266601
1266640,1266672
1266746,1266779
1266812,1266849
1266896,1266923
1266981,1267010
1266981,1267034
1267052,1267081
1267109,1267121
1267166,1267197
1267262,1267291
1267364,1267393
1267496,1267522
998645,1267567
1007709,1267607
1267648,1267676
202874,1267695
202874,1267719
1267788,1267816
989513,1267859
1267925,1267956
902673,1267994
1268017,1268040
1268017,1268064
1261683,1268119
1124183,1268190
1268265,1268296
1268334,1268368
1268404,1268436
1009558,1268458
1268489,1268518
1268556,1268587
1268663,1268692
207821,1268732
681994,1268824
681994,1268848
1268882,1268914
1268951,1268980
1269021,1269050
1269084,1269111
1269195,1269225
1269370,1269406
1269423,1269447
247815,1269481
1269554,1269583
778773,1269605
1269646,1269679
1269701,1269738
1269701,1269755
1001253,1269793
1269842,1269874
1269916,1269944
1270067,1270098
1270131,1270165
1270131,1270183
1270203,1270235
1270407,1270430
1270469,1270495
1270513,1270532
1270606,1270634
1117370,1270675
1270725,1270756
1270794,1270827
1270889,1270917
1270938,1270964
1270986,1271013
1271111,1271148
1271182,1271218
1271239,1271260
1271327,1271358
1271370,1271406
1271327,1271423
203544,1271481
1271679,1271701
593683,1271786
903569,1271826
903569,1271842
1271888,1271916
1271888,1271937
1272073,1272104
1272162,1272191
1272162,1272213
504410,1272232
504410,1272250
1272311,1272348
1272311,1272369
510195,1272444
510195,1272463
1012950,1272485
1012950,1272503
203027,1272526
203027,1272542
1272588,1272617
1272588,1272638
1272672,1272705
1272672,1272722
1272767,1272798
1272767,1272812
1272854,1272883
1272854,1272906
1272947,1272975
1272947,1272999
939557,1273030
939557,1273053
658549,1273095
658549,1273114
1273151,1273180
1273151,1273200
1136332,1273373
1136332,1273394
1273478,1273506
1273478,1273523
210005,1273547
210005,1273568
209997,1273581
209997,1273608
209978,1273620
209978,1273649
210014,1273665
210014,1273683
648108,1273736
648108,1273758
520332,1273791
506800,1273840
1273872,1273903
1273872,1273926
400589,1273942
400589,1273961
698514,1274029
698514,1274040
1035284,1274064
1035284,1274086
1038457,1274103
1038457,1274126
1038419,1274142
1038419,1274161
867478,1274208
867478,1274220
375112,1274254
1050215,1274306
1274323,1274352
537340,1274399
654023,1274436
654023,1274458
716173,1274502
491053,1274525
235795,1274560
235846,1274600
548494,1274628
548494,1274644
552711,1274709
247005,1274784
209662,1274807
209662,1274824
320214,1274848
320214,1274869
203516,1274905
203516,1274922
645989,1274980
521276,1275071
767664,1275092
767664,1275118
1275141,1275173
1275141,1275194
1275269,1275295
1275269,1275314
365478,1275351
365478,1275379
764218,1275403
1275435,1275461
355905,1275488
355905,1275501
645147,1275529
645147,1275540
645524,1275564
300748,1275593
300748,1275615
1275658,1275689
1275658,1275708
1275720,1275754
1275720,1275777
1275806,1275834
1275806,1275852
571330,1275899
571330,1275913
778550,1275984
778550,1276004
777689,1276027
778430,1276043
1105360,1276062
520004,1276089
520004,1276101
646944,1276186
665283,1276234
1010238,1276252
1010238,1276275
852303,1276299
852303,1276313
499651,1276378
1276500,1276537
522631,1276559
522631,1276571
207543,1276592
207543,1276619
255747,1276674
255747,1276690
245629,1276782
1276814,1276846
1276814,1276867
1276996,1277020
1276996,1277049
255312,1277134
255312,1277152
276962,1277272
276962,1277293
1277390,1277422
1277390,1277446
203537,1277507
203537,1277524
1277621,1277650
576575,1277678
576575,1277697
298058,1277759
298058,1277771
529924,1277792
660197,1277818
660197,1277839
237007,1277894
1277927,1277958
1277927,1277970
767297,1277991
1278100,1278137
1278100,1278159
1278192,1278222
1278192,1278246
997042,1278280
997042,1278308
1278417,1278440
1278417,1278464
842084,1278515
1278486,1278536
1278591,1278625
1278591,1278641
842124,1278694
202241,1278752
202241,1278775
1278884,1278911
1278884,1278930
1279166,1279197
1279166,1279215
202239,1279291
202239,1279317
816614,1279393
816614,1279412
1279514,1279546
1279514,1279567
749717,1279607
749717,1279624
659905,1279669
659905,1279682
1279742,1279774
1279742,1279790
1279816,1279837
1279816,1279859
1279742,1279871
1279742,1279892
1279742,1279902
1279816,1279902
1279742,1279925
1279816,1279925
1279742,1279941
1279742,1279956
1279742,1279960
1279742,1279973
1279742,1279987
1279742,1279994
1279742,1280009
1279742,1280084
1279816,1280084
1279742,1280097
1279816,1280097
1279742,1280107
1279816,1280107
1279742,1280111
1279816,1280111
1279742,1280124
1279816,1280124
1279742,1280130
1279816,1280130
1279742,1280202
1279816,1280202
1279742,1280218
1279816,1280218
1279742,1280225
1279816,1280225
1279742,1280239
1279816,1280239
1279742,1280241
1279816,1280241
1279742,1280256
1279816,1280256
417794,1280468
417794,1280481
683508,1280520
904437,1280577
904437,1280596
1280633,1280667
1280633,1280680
848860,1280819
203516,1280857
203516,1280874
1280963,1280992
1280963,1281012
1281168,1281199
1281168,1281217
858961,1281255
858961,1281272
1281319,1281342
1279742,1281361
1279742,1281374
1279742,1281388
1279742,1281390
1279742,1281405
1279816,1281405
1279742,1281414
1279816,1281414
1279742,1281422
1279816,1281422
1279742,1281433
1279816,1281433
1279742,1281446
1279816,1281446
1279742,1281451
1279816,1281451
1279742,1281467
1279816,1281467
1279742,1281479
1279816,1281479
1279742,1281480
1279816,1281480
1279742,1281498
1279816,1281498
1281697,1281728
1281697,1281744
1281785,1281818
1281904,1281936
1281904,1281958
1282017,1282040
1282017,1282064
1282093,1282126
1282093,1282142
1050703,1282188
1282296,1282323
1282296,1282347
208958,1282381
208958,1282404
1282436,1282462
1282436,1282489
1013411,1282525
1013411,1282541
766624,1282560
766624,1282587
823482,1282616
498869,1282637
498869,1282659
200404,1282671
200404,1282692
680011,1282713
680011,1282732
644413,1282778
644413,1282797
677081,1282811
676934,1282830
973523,1282853
973523,1282876
777978,1282895
670110,1282914
208553,1282951
208569,1283068
1283236,1283262
1283236,1283289
1283317,1283340
1283317,1283364
1283393,1283420
1283393,1283449
1283546,1283579
1283546,1283598
1283653,1283682
1283653,1283703
1283742,1283774
1283816,1283844
1283816,1283863
1283960,1283994
1283960,1284016
1284037,1284063
1284085,1284118
1284139,1284160
567461,1284187
961302,1284269
961302,1284282
1284367,1284398
1284367,1284419
203299,1284461
1284529,1284555
1284529,1284572
380368,1284691
565989,1284810
565989,1284834
1266981,1284881
356899,1284945
356899,1284966
727267,1284984
727267,1285004
660420,1285043
660420,1285062
1285138,1285164
1285138,1285186
1285281,1285313
1285281,1285332
249181,1285425
249181,1285441
1285460,1285494
1285592,1285626
1285707,1285730
1285707,1285753
1285795,1285822
1285795,1285846
1285908,1285931
1285908,1285954
1286035,1286061
1286035,1286088
1286144,1286171
1286144,1286192
1286214,1286246
1286308,1286331
1004319,1286377
1004319,1286396
1286440,1286472
1286515,1286543
1286515,1286562
1286641,1286673
1286781,1286813
1286781,1286832
1309097,1286832
443454,1286878
443454,1286897
1286911,1286948
1287069,1287095
1287069,1287114
1287133,1287167
723350,1287198
723350,1287216
1107117,1287237
1107117,1287259
1287394,1287421
1287394,1287445
1287631,1287665
1287631,1287683
696858,1287727
696858,1287758
203537,1287855
726413,1287893
726413,1287919
726413,1287935
203516,1288018
804383,1288056
804383,1288073
226483,1288127
1288143,1288170
1288143,1288191
1288232,1288266
1288232,1288284
1288311,1288348
1288311,1288369
365478,1288428
726413,1288601
1288640,1288672
1288640,1288693
354115,1288820
1288896,1288923
1288896,1288947
206654,1288981
1289067,1288981
206654,1289005
1289067,1289005
730476,1289131
730476,1289154
1028993,1289219
1028993,1289235
314657,1289316
314657,1289337
326985,1289385
689020,1289476
689020,1289495
1289550,1289584
1289550,1289606
314657,1289623
1289675,1289702
1289675,1289725
1289815,1289843
1289815,1289862
207799,1289938
1289993,1290029
1289993,1290040
724226,1290064
724226,1290086
683287,1290103
683287,1290126
287627,1290161
287627,1290208
1290220,1290254
1290220,1290277
1290375,1290404
1290375,1290427
806502,1290462
806502,1290489
561965,1290525
561965,1290541
255312,1290594
203537,1290671
203537,1290692
1118418,1290732
1118418,1290750
645498,1290784
203544,1290882
553729,1290933
1102257,1291094
1102257,1291115
1050514,1291232
1050514,1291250
1291311,1291330
1291311,1291353
1291471,1291503
1291471,1291526
1291557,1291588
1291557,1291601
1291640,1291672
1291640,1291693
1291733,1291767
1291733,1291780
764107,1291865
764107,1291883
724566,1291968
724566,1291981
719360,1292009
959349,1292021
723795,1292045
723795,1292066
651625,1292084
1292107,1292130
1292107,1292153
1292452,1292481
1292452,1292508
908500,1292622
908500,1292646
1292701,1292738
764389,1292819
764389,1292835
715093,1292857
1293193,1293223
1293193,1293247
1293384,1293418
1293384,1293439
1293473,1293500
1293473,1293528
1293563,1293592
1293563,1293619
1293657,1293688
1293657,1293707
1293769,1293795
1293769,1293814
1293833,1293867
1293833,1293880
1293949,1293977
1293949,1293996
1294098,1294120
1294098,1294149
1294344,1294371
1294344,1294392
1294482,1294513
1294482,1294532
1294675,1294702
1294675,1294725
820887,1294760
820887,1294787
691913,1294862
691913,1294891
647282,1294972
647282,1294993
1295034,1295068
1295034,1295081
509867,1295204
509867,1295227
974830,1295262
1295338,1295364
1295338,1295386
355381,1295420
355381,1295449
949571,1295483
1295505,1295533
1295505,1295551
647322,1295598
647322,1295611
1295676,1295703
1295676,1295726
1295761,1295790
1295761,1295816
1295871,1295902
1295871,1295925
1295987,1296011
1295987,1296030
618200,1296069
1296122,1296151
1296122,1296179
917206,1296216
1296302,1296339
1296302,1296356
1296387,1296413
1296387,1296432
1296497,1296523
1296497,1296547
1296608,1296631
1296608,1296654
1296715,1296743
1296715,1296762
795127,1296872
795127,1296893
1296919,1296942
1296919,1296961
522339,1297003
522339,1297026
1297088,1297116
1297088,1297137
1297205,1297233
1297205,1297251
1297279,1297308
1297279,1297320
645054,1297401
1297527,1297558
1297527,1297570
323001,1297618
323001,1297639
1297673,1297706
1297673,1297723
1297866,1297897
1297866,1297911
1297953,1297982
1297953,1298008
1298199,1298229
1298199,1298240
1298199,1298264
431033,1298303
431033,1298326
1298414,1298446
1298414,1298467
805906,1298569
805906,1298582
805934,1298609
805934,1298621
808063,1298645
808063,1298666
829078,1298684
829107,1298700
829124,1298728
829124,1298744
829169,1298763
829195,1298785
821302,1298904
1299085,1299118
1299085,1299139
1299276,1299305
1299276,1299322
553772,1299529
554057,1299540
554057,1299564
1016733,1299586
1016733,1299604
540291,1299627
662723,1299670
1299834,1299868
1299834,1299881
1299945,1299978
1299945,1299997
671271,1300031
671271,1300054
1300134,1300168
1300134,1300181
671228,1300229
671228,1300240
952228,1300326
320090,1300374
320090,1300390
364611,1300524
255171,1300569
255171,1300582
1300645,1300678
1300645,1300697
970623,1300737
1300802,1300839
1300802,1300856
1300927,1300958
1300927,1300970
1301007,1301030
1301007,1301053
996445,1301122
996445,1301146
1295676,1301237
1297673,1301325
1301421,1301450
1301421,1301478
1301575,1301608
1301575,1301620
281867,1301829
281867,1301840
1301903,1301935
1301903,1301957
498188,1302194
204702,1302517
204702,1302538
204699,1302572
204699,1302593
206011,1302754
206011,1302777
997185,1302899
997185,1302913
659560,1302950
659560,1302978
431337,1303098
431337,1303112
1303261,1303290
1303430,1303469
1303430,1303482
861856,1303521
861856,1303545
1303702,1303739
1303862,1303891
1304138,1304164
1304138,1304186
202944,1304223
1304309,1304332
1304309,1304350
364047,1304487
1304544,1304571
1304544,1304592
1304674,1304707
1304674,1304724
1128498,1304776
1304833,1304867
1304833,1304880
1304949,1304977
1304949,1304996
1305057,1305088
1305057,1305100
1305144,1305171
1305144,1305192
690155,1305233
690155,1305251
1305312,1305349
1305312,1305365
1305429,1305440
1305312,1305455
1305429,1305455
1020969,1305625
1020969,1305641
1305706,1305734
1305706,1305752
1305897,1305924
1305897,1305948
1306170,1306209
1306170,1306221
1306266,1306297
1306266,1306311
469314,1306395
469314,1306416
685115,1306463
1306503,1306535
1306503,1306557
364496,1306672
364496,1306693
996762,1306779
996762,1306798
996817,1306831
996817,1306854
1306896,1306923
1306896,1306947
1307145,1307178
1307145,1307197
1307236,1307262
1307236,1307289
527594,1307408
232381,1307607
245629,1307695
1019577,1307742
1019577,1307761
1019679,1307800
1019679,1307828
1019622,1307863
1019622,1307885
716224,1307987
560396,1308001
331166,1308040
764218,1308064
1308265,1308296
1308381,1308415
1308381,1308436
1308556,1308573
1308616,1308644
729978,1308671
730005,1308709
730046,1308732
729921,1308766
1308807,1308830
1308895,1308922
1308895,1308946
1308980,1309013
1308980,1309032
1309097,1309124
265423,1309176
1309218,1309241
1309304,1309336
1309304,1309358
201232,1309391
1309434,1309468
736908,1309481
736908,1309508
230963,1309667
230963,1309680
1309786,1309819
1309786,1309835
300846,1309959
300846,1309971
766052,1310015
262704,1310186
262704,1310206
834374,1310321
834374,1310345
1310402,1310439
1310402,1310456
1120713,1310500
202256,1310544
202256,1310563
1023458,1310603
1023458,1310626
618244,1310776
618244,1310795
1310879,1310908
309486,1310920
331215,1310949
520456,1310965
565255,1310983
565255,1311000
764169,1311037
565697,1311063
826143,1311085
826143,1311102
565958,1311125
565958,1311141
651924,1311160
651976,1311187
1278486,1311207
205726,1311248
1311351,1311380
747145,1311435
747145,1311457
209187,1311538
209187,1311555
209194,1311593
209194,1311615
656238,1311806
656238,1311823
425325,1311868
1311913,1311945
1311913,1311966
901940,1312011
816111,1312095
816111,1312114
1312151,1312180
1312151,1312200
903361,1312285
659905,1312325
659905,1312341
1312409,1312432
1312409,1312450
1312631,1312665
1312631,1312683
1312762,1312791
1312762,1312817
770308,1312893
770308,1312919
1312935,1312961
304012,1312988
206198,1313041
206198,1313060
206200,1313094
235795,1313127
1313170,1313209
279040,1313284
279040,1313307
1313492,1313526
1313492,1313542
1313588,1313617
1313714,1313746
1313714,1313767
1313780,1313808
941541,1313883
1313906,1313923
1313975,1314008
1313975,1314020
278992,1314168
278992,1314181
333772,1314238
1314272,1314303
1314272,1314326
1314357,1314388
278992,1314433
1314479,1314507
1314479,1314524
205761,1314576
561138,1314632
561138,1314650
1013108,1314700
1013098,1314728
1013098,1314744
519668,1314802
519668,1314825
989316,1314841
989316,1314860
278992,1314887
279040,1314887
520880,1314915
520880,1314936
829410,1314970
829410,1314991
722050,1315111
722050,1315130
1173334,1315176
1315225,1315256
1117097,1315294
1315336,1315362
998272,1315406
998272,1315423
580655,1315468
580655,1315481
1315508,1315531
1315508,1315554
672071,1315596
672071,1315614
958682,1315651
958682,1315679
1315698,1315717
1315698,1315738
791774,1315772
689106,1315826
1023265,1315916
1023265,1315937
1315971,1316005
1316046,1316079
1316046,1316098
767025,1316424
767025,1316448
974671,1316469
974671,1316482
825464,1316513
768146,1316532
974470,1316566
375112,1316584
769223,1316606
828853,1316623
828853,1316647
1111219,1316675
1111219,1316699
1316756,1316787
1316756,1316804
1316827,1316858
1316917,1316940
1316993,1317029
1316993,1317040
1317103,1317135
1317103,1317157
320515,1317190
320515,1317212
320641,1317254
320641,1317277
596603,1317323
1317381,1317415
1317381,1317436
674657,1317489
1317556,1317587
1317685,1317713
1317685,1317732
1317951,1317980
1317951,1318006
1318034,1318068
1318034,1318081
1318121,1318150
1318121,1318178
724033,1318215
1318329,1318355
1318454,1318483
1318454,1318505
203635,1318735
203635,1318757
1318788,1318816
1318788,1318837
203626,1318871
203626,1318892
1318973,1319003
1318973,1319026
1319057,1319088
1319100,1319137
1319100,1319159
1319205,1319233
1319251,1319280
1193985,1319331
1193985,1319354
1319377,1319401
692007,1319440
692007,1319464
488926,1319504
488926,1319527
671762,1319558
671762,1319570
671736,1319591
512587,1319625
512587,1319641
512721,1319660
512721,1319687
516527,1319723
516527,1319747
516570,1319768
516570,1319781
237007,1319809
656272,1319897
656272,1319911
1319953,1319982
1320009,1320032
1320130,1320169
1320195,1320225
986687,1320241
980803,1320260
1320287,1320315
1320287,1320336
1320362,1320391
1320362,1320410
764389,1320468
1320520,1320554
1320520,1320577
1320614,1320646
1320614,1320667
1320680,1320701
1320680,1320729
1320819,1320842
1320819,1320861
1320928,1320959
1320928,1320971
1321031,1321065
1321106,1321134
1321106,1321152
1321238,1321264
1321238,1321286
1143532,1321326
1321595,1321621
1321595,1321645
1321728,1321759
1321792,1321825
1321860,1321894
1321970,1322001
1322064,1322093
1322064,1322119
1322174,1322208
1322174,1322220
1322249,1322277
618263,1322347
618263,1322368
339405,1322415
1322491,1322525
1322637,1322663
1322745,1322778
1322797,1322824
1322905,1322933
1322905,1322951
1323006,1323034
1323006,1323052
1323099,1323121
1323099,1323145
1323227,1323258
1323270,1323301
1323364,1323393
1323364,1323412
1323551,1323580
1323551,1323607
1323757,1323788
1323757,1323800
958611,1323925
958611,1323941
1323987,1324016
1323987,1324037
1324092,1324118
1324092,1324139
1324156,1324187
1324156,1324207
958579,1324282
958579,1324305
811015,1324333
532529,1324351
989316,1324435
1324474,1324501
1324474,1324529
1324662,1324691
1324662,1324712
1324796,1324823
1324796,1324847
1324881,1324913
1324881,1324932
1325015,1325043
1325015,1325062
926882,1325223
1325299,1325321
648014,1325378
1325402,1325439
1325402,1325456
532555,1325528
532572,1325544
532572,1325563
843585,1325585
843585,1325603
808141,1325626
808141,1325642
961466,1325661
961466,1325688
967197,1325711
768030,1325730
796980,1325753
666823,1325776
206872,1325795
206872,1325814
359413,1325867
359413,1325880
1326042,1326074
1326042,1326090
844235,1326171
1326251,1326280
1326251,1326308
1326377,1326401
1326377,1326429
1326543,1326570
1326543,1326591
1326625,1326656
469230,1326734
469230,1326752
1326781,1326813
1326781,1326832
1326897,1326924
1327069,1327095
1327069,1327114
1327216,1327244
1327216,1327263
