TPID,TPUID
1323902,1323918
1323994,1324000
1324059,1324063
1323109,1324102
1324160,1324173
1324224,1324230
1324269,1324276
1324403,1324419
1324488,1324490
1324540,1324555
1324586,1324593
1324670,1324689
1324806,1324810
1324899,1324909
1324950,1324966
1325027,1325036
1325089,1325091
1325129,1325138
1325164,1325172
1325206,1325210
1325247,1325252
1325309,1325313
443068,443075
443081,443099
443109,443113
443121,443132
443178,443184
443243,443258
443262,443270
443289,443291
443301,443317
443329,443338
443364,443372
443412,443420
443465,443477
827522,827533
827546,827551
827567,827579
827580,827598
827630,827648
827630,827669
827630,827682
827630,827703
827719,827726
827742,827757
827742,827774
827790,827800
1325345,1325350
1325418,1325425
1325908,1325912
1325949,1325954
1326057,1326061
1326116,1326128
1326159,1326163
1326205,1326214
1326267,1326279
1326320,1326331
1326383,1326396
1326558,1326562
1326639,1326641
1326673,1326687
1326710,1326723
1326799,1326809
1326850,1326866
1326907,1326911
1326948,1326953
1326982,1326995
1327076,1327082
1327133,1327146
1327228,1327237
154770,100005
156447,100014
156423,100022
156434,100033
156452,100046
156468,100051
156499,100080
156508,100098
156512,100108
156531,100120
158120,100131
158756,100149
158131,100154
158760,100165
158773,100177
158149,100183
158154,100196
158787,100203
158165,100219
158177,100226
158794,100235
158804,100242
158815,100257
158827,100261
158836,100274
158196,100288
158843,100290
158858,100300
158203,100316
158219,100328
158862,100337
158226,100344
158870,100359
158891,100363
158242,100371
158257,100385
158274,100392
158261,100407
158235,100411
158889,100424
158901,100430
158288,100448
158917,100453
158290,100469
158929,100476
158938,100495
158337,100509
158359,100513
158363,100521
158385,100532
158940,100545
158392,100550
158955,100566
158964,100578
158972,100584
158986,100597
158993,100606
158407,100610
158424,100623
159002,100634
158430,100647
159018,100652
159025,100668
158448,100675
159039,100681
159056,100699
159041,100702
159060,100718
158482,100739
159073,100741
159087,100756
159094,100760
158495,100773
159104,100787
159115,100794
158509,100804
159127,100815
158521,100827
159136,100836
159143,100843
158545,100858
159158,100862
159162,100870
159170,100889
158566,100891
159189,100901
159191,100917
159209,100929
158584,100938
159213,100940
159221,100955
158597,100964
158606,100972
158610,100986
159232,100993
158623,101009
158634,101013
158647,101021
159245,101032
158652,101045
159250,101050
158675,101066
158681,101078
159266,101084
158699,101097
158702,101107
159278,101111
158718,101124
158725,101130
159284,101153
159297,101169
159307,101176
159492,101182
159503,101195
160285,101202
160292,101218
159519,101225
159526,101239
160302,101241
159535,101256
159542,101260
159557,101273
160318,101287
159561,101294
160325,101304
159574,101315
159588,101327
159590,101336
160339,101343
160341,101358
159601,101362
159617,101370
160356,101389
159655,101391
159672,101406
159664,101410
159629,101423
160360,101434
159640,101447
160373,101452
160387,101468
159686,101475
159693,101481
160394,101499
160409,101508
160413,101512
159733,101520
159746,101531
160421,101549
159751,101554
159767,101565
159780,101577
160432,101583
159798,101596
160445,101605
160450,101614
160466,101622
160478,101633
159808,101646
159812,101651
159831,101667
159849,101679
160484,101680
159865,101698
160497,101701
160510,101717
160506,101729
160523,101738
160534,101740
159906,101755
160547,101764
160552,101772
159923,101793
160568,101803
159934,101819
159947,101826
160575,101835
160581,101842
159952,101857
159975,101861
160599,101874
159981,101888
159999,101890
160007,101900
160608,101916
160612,101928
160011,101937
160620,101944
160631,101959
160024,101963
160649,101971
160048,101985
160654,101992
160053,102002
160069,102018
160076,102025
160082,102039
160665,102041
160095,102056
160105,102060
160122,102073
160133,102087
160146,102094
160677,102104
160167,102115
160683,102127
160179,102136
160180,102143
160696,102158
160216,102170
160200,102189
160228,102191
160237,102209
160704,102213
160259,102221
160715,102232
160263,102245
160727,102250
160743,102266
160801,102278
160770,102284
160791,102297
160817,102307
160829,102311
158183,102324
158300,102330
158316,102348
158328,102353
158344,102369
158371,102376
158411,102382
158453,102395
158469,102400
158476,102416
158513,102428
158532,102437
158550,102444
158578,102459
158668,102463
158739,102471
158741,102485
159638,102492
159705,102503
159714,102519
159722,102526
159779,102535
159820,102542
159854,102557
159877,102561
159883,102574
159896,102588
159910,102590
159968,102601
160030,102617
160114,102629
160151,102638
160198,102640
160244,102655
160271,102664
160758,102672
160762,102686
160789,102693
158098,102705
158108,102714
158112,102722
159471,102733
159485,102746
157978,102798
157984,102808
157997,102812
160736,102820
158005,102831
158014,102849
158022,102854
158033,102865
158046,102877
158051,102883
159311,102896
159324,102906
159330,102910
159348,102923
159353,102934
159369,102947
159376,102952
159382,102968
159395,102975
159400,102981
159416,102999
159428,103007
158067,103011
158079,103024
158080,103030
159437,103048
159444,103053
159459,103069
159463,103076
167261,103082
167274,103095
167257,103105
167288,103114
167815,103122
167827,103133
167843,103146
167858,103151
167862,103167
167870,103179
167891,103198
167901,103200
167917,103216
167929,103228
167938,103237
168276,103244
167964,103259
167972,103263
167986,103271
167993,103285
168282,103292
168000,103302
168028,103318
168016,103325
168037,103339
168059,103341
168063,103356
168092,103360
168102,103373
168125,103387
168139,103394
168141,103409
168156,103413
168160,103421
168173,103432
168295,103445
168187,103450
168211,103466
168224,103478
168351,103484
168662,103497
168670,103506
168367,103510
168379,103523
168689,103534
168398,103547
168691,103552
168615,103568
168708,103575
168419,103581
168426,103599
168435,103608
168442,103612
168457,103620
168712,103631
168461,103649
168474,103654
168488,103665
168490,103677
168517,103683
168529,103696
168540,103704
168555,103715
168564,103727
168720,103736
168572,103743
168586,103758
168731,103762
168604,103789
168230,103791
168248,103801
168253,103817
168269,103829
168627,103838
168636,103840
168643,103855
168658,103864
167794,103872
167836,103886
167889,103893
167940,103903
167955,103919
168044,103926
168071,103935
168085,103942
168118,103957
168194,103961
168207,103974
168333,103988
168346,103990
168380,104001
168403,104017
168501,104029
168538,104038
168593,104040
167804,104055
168322,104064
168305,104072
168314,104086
172979,104093
180498,104103
180530,104119
180479,104126
180467,104135
180480,104142
180507,104157
180524,104161
180511,104174
180548,104188
184661,104190
187546,104208
188539,104212
188525,104220
187551,104231
187567,104249
187579,104254
187580,104265
187598,104277
187607,104283
187611,104296
187624,104306
187630,104310
187648,104323
187653,104334
187669,104347
187676,104352
187682,104368
187695,104375
187703,104381
187719,104399
187726,104404
187735,104415
187742,104427
187757,104436
187761,104443
187774,104458
187788,104462
187790,104470
187800,104489
187816,104491
187828,104502
187837,104518
187844,104525
187859,104539
187863,104541
187871,104556
187885,104560
187892,104573
187902,104587
187918,104594
187925,104600
187939,104616
187941,104628
187960,104644
187973,104659
187987,104663
187994,104671
188017,104685
188029,104709
188038,104713
188040,104721
188055,104732
188064,104745
188072,104750
188086,104766
188093,104778
188103,104784
188126,104797
188119,104807
188135,104811
188142,104824
188157,104830
188161,104848
188174,104853
188188,104869
188190,104876
188208,104882
188212,104895
188220,104905
188231,104914
188249,104922
188254,104933
188265,104946
188277,104951
188283,104967
188296,104979
188306,104980
188310,104998
188323,105000
188334,105016
188347,105028
188352,105037
188368,105044
188375,105059
188381,105063
188399,105071
188404,105085
188415,105092
188427,105102
188436,105118
188443,105125
188458,105139
188462,105141
188470,105156
188489,105160
188491,105173
188502,105187
188556,105194
188541,105207
188518,105211
188560,105224
188573,105230
188587,105248
188594,105253
188600,105269
188616,105276
188628,105282
188637,105295
188644,105305
188659,105314
188663,105322
188671,105333
188685,105346
188692,105351
188709,105367
188713,105379
188721,105380
188732,105398
188745,105403
188750,105419
188766,105426
188778,105435
188784,105442
188797,105457
189520,105461
189531,105474
189549,105488
189646,105490
189565,105517
189577,105529
189583,105538
189596,105540
189605,105555
189614,105564
189622,105572
189633,105586
190765,105593
190777,105604
193752,105615
194508,105627
194520,105636
194531,105643
194554,105658
194916,105670
194928,105689
194596,105691
194605,105708
194622,105712
194937,105720
194633,105731
194646,105749
194651,105754
194667,105765
194729,105777
194738,105783
194740,105796
194755,105806
194764,105810
194772,105823
194803,105847
194819,105852
194826,105868
194835,105875
194842,105881
194874,105899
194861,105909
194888,105913
194944,105921
194890,105932
194900,105945
195080,105950
195098,105966
195108,105978
195120,105984
195177,105997
195183,106004
195196,106015
195235,106027
195257,106036
195261,106043
195274,106058
195288,106062
195290,106070
195328,106089
195316,106091
195337,106101
195344,106117
195359,106129
195363,106138
195385,106140
194499,106155
194512,106164
194549,106172
194565,106186
194577,106193
194583,106206
194614,106210
194679,106223
194680,106234
194698,106247
194701,106252
194717,106268
194786,106275
194793,106281
194857,106299
195112,106309
195131,106313
195149,106321
195154,106332
195165,106345
195203,106350
195219,106366
195226,106378
195242,106384
195300,106397
195371,106402
194959,106418
194963,106425
194971,106439
194985,106441
194992,106456
195005,106460
195014,106473
195033,106494
195046,106500
195051,106516
195067,106528
195079,106537
195392,106544
195407,106559
195411,106563
195424,106571
195430,106585
195453,106592
195448,106603
195469,106619
195495,106626
195476,106642
196215,106657
196227,106661
156764,106674
196178,106688
156819,106690
156786,106707
156803,106711
193660,106724
156835,106730
156772,106748
156826,106753
156842,106769
156793,106776
154552,106782
154568,106795
154575,106805
154581,106814
155650,106822
155666,106833
156148,106851
161184,106867
161132,106879
161145,106880
161150,106898
161166,106908
161178,106912
161197,106920
161121,106931
155737,106949
155728,106954
161960,106965
161941,106977
161956,106983
161973,106996
165348,107008
165284,107012
165297,107020
165307,107031
165324,107049
165330,107054
165353,107065
165311,107077
165278,107083
155744,107106
166830,107110
166853,107134
166876,107152
166882,107168
166807,107175
166811,107181
166824,107199
167154,107229
167183,107255
169802,107264
169818,107272
172824,107293
172830,107303
172853,107319
172869,107326
172876,107335
172905,107342
172895,107357
172882,107361
172914,107374
172922,107388
172933,107390
172946,107405
172951,107414
172848,107422
172967,107433
178307,107446
178297,107451
178311,107467
178284,107479
178485,107480
185246,107498
185205,107507
185214,107511
185222,107524
185233,107530
154620,107548
154612,107553
195509,107569
196270,107576
196289,107582
196262,107595
196258,107609
750169,107613
196505,107621
197416,107645
197428,107650
197400,107666
198024,107678
198095,107684
198122,107697
198244,107700
198133,107716
198146,107728
198151,107737
198200,107744
198216,107759
198228,107763
198237,107771
746311,107785
198048,107792
198053,107802
198069,107818
198076,107825
198082,107839
198105,107841
198114,107856
198167,107860
198179,107873
198180,107887
198198,107894
198007,107904
198011,107915
198259,107936
198271,107943
198292,107958
198285,107962
198450,107970
198534,107989
198506,107991
198523,108003
198510,108019
199268,108026
199275,108035
199281,108042
199299,108057
199309,108061
199313,108074
199321,108088
199332,108090
199345,108100
199350,108116
199366,108128
199378,108137
199384,108144
199397,108159
199402,108163
199418,108171
199425,108185
199439,108192
199441,108205
199456,108214
199460,108222
199473,108233
199487,108246
199494,108251
199500,108267
199516,108279
199528,108280
199537,108298
199544,108308
199559,108312
199563,108320
199571,108331
199585,108349
199592,108354
199603,108365
199619,108377
199626,108383
199635,108396
199642,108401
199657,108417
155123,108429
155134,108438
155147,108440
155152,108455
155168,108464
155175,108472
155201,108504
155217,108515
155229,108527
155238,108536
155240,108543
155255,108558
154988,108562
154990,108570
155012,108591
155020,108602
155031,108618
155065,108641
155077,108656
155083,108660
155096,108673
155110,108687
155106,108694
155342,108706
155357,108710
155361,108723
155374,108734
155388,108747
155390,108752
155405,108768
155414,108775
155264,108781
155272,108799
155286,108809
155293,108813
155303,108821
155319,108832
155326,108845
155335,108850
155479,108866
155480,108878
155467,108884
155595,108897
155576,108907
155530,108911
155609,108948
155582,108953
155548,108969
156066,109010
156084,109023
156078,109034
156097,109047
164813,109052
164866,109068
164878,109075
164884,109081
164897,109099
164832,109109
164907,109113
164911,109121
164924,109132
164930,109145
164948,109150
164969,109166
164953,109178
164976,109184
165094,109197
165041,109204
165104,109215
165056,109227
165127,109243
165136,109258
165143,109262
165158,109270
165162,109289
165170,109291
165191,109301
165189,109317
165232,109329
164710,109338
164723,109340
164821,109355
164845,109364
164850,109372
165060,109386
165073,109393
165087,109408
164706,109412
164660,109420
165039,109431
165209,109449
165213,109454
165221,109465
164641,109477
164656,109483
164673,109496
164687,109505
164694,109514
164734,109522
164747,109533
164752,109546
164768,109551
164781,109567
164775,109579
164799,109580
164809,109598
164982,109607
165002,109611
164995,109624
164639,109630
164625,109648
165025,109653
165018,109669
168932,109676
168945,109682
168806,109695
168834,109703
168875,109719
168749,109726
168754,109735
168847,109742
168852,109757
168868,109761
168881,109774
168899,109788
168909,109790
168913,109800
168921,109816
168950,109828
168966,109837
168765,109844
168777,109859
168783,109863
168796,109871
168810,109885
180319,109902
180326,109918
180666,109925
180684,109939
181244,109956
181228,109960
181237,109973
181271,109987
181263,109994
181259,110001
185953,110017
185969,110029
186018,110038
186002,110040
185982,110055
185995,110064
186041,110086
186039,110093
185976,110103
185948,110119
186503,110126
186693,110135
186463,110142
186910,110161
186459,110174
186557,110188
186705,110190
186934,110208
186485,110212
186574,110231
186588,110249
186590,110254
186601,110265
186617,110277
186629,110283
186638,110296
186640,110306
186655,110310
186664,110323
857189,110334
186686,110347
186714,110352
186722,110368
186733,110375
186947,110381
186923,110399
186471,110404
186767,110415
186284,110427
186297,110436
186526,110443
186519,110458
186535,110462
186746,110470
186751,110489
186849,110491
186854,110502
186865,110518
186877,110525
186780,110539
186779,110541
186883,110556
186808,110560
186798,110573
186812,110587
186831,110594
186820,110600
186896,110616
186906,110628
186250,110637
186266,110644
186382,110659
186278,110663
186307,110671
186395,110685
186400,110692
186324,110709
186311,110713
186416,110721
186348,110732
186330,110745
186353,110750
186376,110766
186369,110778
186428,110784
186437,110797
186444,110807
186542,110811
187364,110824
187372,110830
187386,110848
187393,110853
187408,110869
187355,110876
187420,110882
187431,110895
187449,110905
187454,110914
187477,110922
187483,110933
187465,110946
198801,110951
198872,110967
198886,110979
198919,110980
198926,110998
198838,111002
198840,111018
198855,111025
198864,111039
198942,111041
198988,111056
199004,111060
198893,111073
198903,111087
198990,111094
198817,111104
198829,111115
198935,111127
198974,111136
198762,111143
198791,111158
198770,111162
198789,111170
198957,111189
198961,111191
156992,111209
157000,111213
157016,111221
157028,111232
157037,111245
157059,111250
157063,111266
157071,111278
157085,111284
157092,111297
157102,111307
157118,111311
157125,111324
157139,111330
157141,111348
157156,111353
157160,111369
157044,111376
157173,111382
157187,111395
157921,111400
157945,111437
157932,111444
157950,111459
166142,111463
166462,111471
166470,111485
166489,111492
166491,111503
166502,111519
166525,111535
166539,111542
166541,111557
166556,111561
166560,111574
166573,111588
166594,111601
166600,111617
166616,111629
166628,111638
166637,111640
166644,111655
166659,111664
166663,111672
166671,111686
166685,111693
166692,111705
166709,111714
166713,111722
166721,111733
166732,111746
166745,111751
166458,111767
166750,111779
166766,111780
166778,111798
166784,111808
166797,111812
165923,111820
165934,111831
165947,111849
165952,111854
165968,111865
165975,111877
165981,111883
165999,111896
166001,111906
166017,111910
166038,111923
166040,111934
166055,111947
166064,111952
166072,111968
166086,111975
166093,111981
166103,111999
166119,112009
166126,112013
166135,112021
166190,112032
166208,112045
166212,112050
166220,112066
166231,112078
166249,112084
166254,112097
166277,112111
166283,112124
166296,112130
166306,112148
166310,112153
166161,112169
166323,112176
166334,112182
166347,112195
166352,112202
166368,112218
166375,112225
166174,112239
166381,112241
166399,112256
166188,112260
166404,112273
166415,112287
166427,112294
166436,112304
166443,112315
166029,112327
166157,112336
178382,112343
178395,112358
178400,112362
178416,112370
178369,112389
178376,112391
180860,112406
180873,112410
180943,112423
180958,112434
180962,112447
180970,112452
180989,112468
180991,112475
181007,112481
181011,112499
181030,112508
180785,112512
180792,112520
180802,112531
180818,112549
180825,112554
180839,112565
180841,112577
180856,112583
180887,112596
180894,112605
180904,112614
180915,112622
180927,112633
180936,112646
190016,112651
190028,112667
190037,112679
190044,112680
190059,112698
190063,112701
190071,112717
190092,112729
190085,112738
155645,112740
155632,112755
155621,112764
155613,112772
178437,112786
178463,112793
178459,112803
178444,112819
178471,112826
178428,112835
193878,112857
193775,112861
193809,112888
193845,112900
193850,112916
193866,112928
193884,112937
193897,112944
193768,112959
193781,112963
193799,112971
193813,112985
193821,112992
193832,113004
173081,113015
173099,113027
173109,113036
193982,113043
193995,113058
194009,113062
194202,113070
194218,113089
194225,113091
194239,113101
194241,113117
194256,113129
194260,113138
194273,113140
194287,113155
194294,113164
194304,113172
194389,113186
194391,113193
194406,113206
194410,113210
194423,113223
194434,113234
194447,113247
194452,113252
194475,113268
194468,113275
194481,113281
194045,113299
194050,113309
194066,113313
194078,113321
194084,113332
194097,113345
194107,113350
194111,113366
193948,113378
193953,113384
193969,113397
193976,113402
194124,113418
194130,113425
194148,113439
194153,113441
194169,113456
194176,113460
194182,113473
194195,113487
194315,113494
194327,113500
194336,113516
194343,113528
194358,113537
194362,113544
194370,113559
194013,113563
194021,113571
194032,113585
173132,113592
173145,113603
173150,113619
173166,113626
173113,113635
173121,113642
198394,113657
198409,113661
154789,113674
154791,113688
154801,113690
154817,113707
154838,113711
154829,113724
154855,113730
154840,113748
154872,113753
154864,113769
154893,113776
154886,113782
154919,113795
154903,113805
154935,113814
154926,113822
156928,113833
156916,113846
156900,113851
156890,113867
156944,113879
156937,113880
167120,113898
167098,113908
167108,113912
167112,113920
167080,113931
180049,113965
180077,113983
180083,113996
180020,114005
180031,114014
180054,114022
180065,114033
172980,114046
172998,114051
173006,114067
181114,114079
181122,114080
181133,114098
181146,114108
181151,114112
181179,114120
181167,114131
181180,114149
181076,114154
181082,114165
181105,114177
181095,114183
173047,114203
173010,114219
173023,114226
173034,114235
187496,114242
187505,114257
187514,114261
173052,114274
173068,114288
173075,114290
197189,114300
197191,114316
197209,114328
197213,114337
197221,114344
155507,114359
155498,114363
155524,114371
155511,114385
173178,114392
173184,114407
173197,114411
198677,114424
198581,114430
198665,114453
198696,114469
198704,114476
198715,114482
198727,114495
198736,114509
198743,114513
198758,114521
198568,114532
198575,114545
198599,114550
198608,114566
198612,114578
198620,114584
198631,114597
198649,114606
198654,114610
198683,114623
173301,114634
173317,114668
173329,114675
173204,114681
173215,114699
173227,114702
173236,114718
173243,114725
173258,114739
173262,114741
173270,114756
173289,114760
173291,114773
154608,114787
155785,114794
155839,114804
155759,114836
155763,114843
155771,114858
155792,114862
155802,114870
155818,114889
155825,114891
155841,114901
155856,114917
155860,114929
155873,114938
155887,114940
155894,114955
155904,114964
155915,114972
155927,114986
156169,114993
156176,115006
156218,115023
156239,115034
156287,115047
156273,115052
156256,115068
156182,115075
156195,115081
156202,115099
156225,115109
156241,115113
156260,115121
156294,115132
156304,115145
156315,115150
157662,115166
157689,115184
157691,115197
167741,115204
167756,115215
167760,115227
167773,115236
167787,115243
169106,115258
169134,115262
169147,115270
169065,115289
169123,115291
169110,115301
169152,115317
169168,115329
169175,115338
169181,115340
169199,115355
169201,115364
169008,115372
169012,115386
169020,115393
169031,115408
169049,115412
169054,115420
169077,115431
169083,115449
169096,115454
169217,115465
169229,115477
169238,115483
169240,115496
169255,115505
169264,115514
169272,115522
169286,115533
169293,115546
169303,115551
169319,115567
169326,115579
169335,115580
169342,115598
169357,115607
169361,115611
169374,115624
169388,115630
169792,115648
169785,115653
169763,115669
169771,115676
169860,115682
169873,115695
169856,115703
170772,115719
170786,115726
170793,115735
170803,115742
170826,115761
170835,115774
170842,115788
170861,115790
170874,115800
170888,115816
170890,115828
170900,115837
170916,115844
170937,115859
171077,115863
171083,115871
170944,115885
170959,115892
170963,115902
170971,115918
171096,115925
171008,115939
171106,115941
171110,115956
171012,115960
171123,115987
171049,115994
171065,116007
171134,116011
171147,116024
171152,116030
171181,116048
170755,116053
170857,116069
170764,116076
170928,116082
170985,116095
170992,116105
171020,116114
171031,116122
171054,116133
171168,116146
171175,116151
171199,116167
170066,116179
170078,116180
170084,116198
170097,116200
170107,116216
170111,116228
170124,116237
170130,116244
170148,116259
170153,116263
170169,116271
170176,116285
170182,116292
170195,116302
170202,116318
170218,116325
170225,116339
170239,116341
170241,116356
170256,116360
170260,116373
170273,116387
170287,116394
170294,116409
170304,116413
170315,116421
170327,116432
170336,116445
170343,116450
170358,116466
170362,116478
170370,116484
170389,116497
170391,116506
170406,116510
170423,116534
170434,116547
170447,116552
170452,116568
170468,116575
170475,116581
170481,116599
170499,116608
170508,116612
170512,116620
170520,116631
170531,116649
170549,116654
170554,116665
170565,116677
170577,116683
170583,116696
170605,116704
170596,116715
170614,116727
170622,116736
170633,116743
170646,116758
170651,116762
170667,116770
170679,116789
170680,116791
170698,116801
170717,116817
170729,116829
170738,116838
170740,116840
170701,116855
186158,116864
186162,116872
186143,116886
186094,116893
186104,116903
186136,116919
186127,116926
186189,116942
186209,116957
186191,116961
186221,116988
186245,116990
186232,117003
186060,117026
186087,117035
186073,117042
193641,117088
193656,117090
193723,117100
193673,117116
193687,117128
193694,117137
193706,117144
193710,117159
195610,117185
195584,117192
195597,117205
195606,117214
195634,117222
195647,117233
195652,117246
195787,117267
195699,117279
195702,117280
195815,117308
195836,117312
195858,117320
195862,117349
195929,117365
195955,117377
195972,117383
195993,117396
196075,117429
196068,117440
195623,117455
195668,117464
195681,117472
195725,117486
195718,117493
195739,117504
195741,117515
195756,117527
195760,117536
195773,117543
195804,117558
195827,117562
195843,117570
195870,117589
195891,117591
195889,117602
195901,117618
195917,117625
195938,117639
195940,117641
195964,117656
195986,117660
196006,117673
196023,117687
196010,117694
196034,117706
196047,117710
196052,117723
196081,117734
196099,117747
749835,117752
154974,117768
157538,117775
157540,117781
157555,117799
157564,117809
157572,117813
157586,117821
157593,117832
162058,117845
163531,117850
163549,117866
163554,117878
163239,117884
163241,117897
162473,117907
163256,117911
163273,117924
163287,117930
163294,117948
163304,117953
163315,117969
163343,117976
163358,117982
162814,118008
163389,118012
163410,118020
163423,118031
163434,118049
163468,118054
163475,118065
163481,118077
163499,118083
163182,118096
163508,118106
164233,118110
164251,118147
164267,118152
164298,118168
164192,118175
164429,118181
162172,118199
162155,118201
162223,118217
163520,118229
164308,118238
164312,118240
164320,118255
162234,118264
163260,118272
163362,118286
163370,118293
163391,118303
163447,118319
163452,118326
163512,118335
164246,118342
163646,118357
164279,118361
164280,118374
164383,118388
164396,118390
162129,118405
162138,118414
162140,118422
162321,118433
162332,118446
162345,118451
162350,118467
162366,118479
162378,118480
162384,118498
162397,118507
162402,118511
162418,118524
162425,118530
162439,118548
162441,118553
162456,118569
162460,118576
162487,118582
162494,118595
162500,118609
162516,118613
162528,118621
162537,118632
162544,118645
162559,118650
162571,118666
162563,118678
162585,118684
162592,118697
162603,118700
162619,118716
162626,118728
162635,118737
162642,118744
162657,118759
162661,118763
162674,118771
162688,118785
162690,118792
162707,118802
163327,118818
162711,118825
162724,118839
162730,118841
162748,118856
162753,118860
162769,118873
163336,118887
162776,118894
162782,118904
162795,118915
162805,118927
162822,118936
162833,118943
162846,118958
162851,118962
162867,118970
162879,118989
162880,118991
162898,119000
162908,119016
162912,119028
162920,119037
162931,119044
163406,119059
162949,119063
162954,119071
162965,119085
162977,119092
162983,119102
162996,119118
163009,119125
163013,119139
163021,119141
163045,119160
163050,119173
163066,119187
163078,119194
163084,119207
163097,119211
163107,119224
163111,119230
163124,119248
163130,119253
163148,119269
163153,119276
163169,119282
163176,119295
163195,119305
163202,119314
163218,119322
163225,119333
163583,119346
163596,119351
163605,119367
163614,119379
163622,119380
163633,119398
163667,119419
163679,119426
163680,119435
163698,119442
163701,119457
163717,119461
163729,119474
163738,119488
163740,119490
163755,119501
163764,119517
163772,119529
163786,119538
163793,119540
163803,119555
163819,119564
163826,119572
163835,119586
163842,119593
163857,119604
163861,119615
163874,119627
163888,119636
163890,119643
163900,119658
163916,119662
163928,119670
163937,119689
163944,119691
163959,119708
163963,119712
163971,119720
163985,119731
163992,119749
164003,119754
164019,119765
164026,119777
164035,119783
164042,119796
164057,119806
164061,119810
164074,119823
164088,119847
164100,119852
164116,119868
164128,119875
164137,119881
164144,119899
164159,119909
164163,119913
164171,119921
164185,119932
164205,119945
164214,119950
164222,119966
164401,119978
164417,119984
162164,119997
162186,120006
162193,120010
162206,120023
162210,120034
162070,120047
162089,120052
162091,120068
164331,120075
164349,120081
164354,120099
164365,120109
164377,120113
162062,120121
162252,120132
162268,120145
162275,120150
162281,120166
162299,120178
162309,120184
162313,120197
164438,120204
164440,120215
164455,120227
164464,120236
164472,120243
164486,120258
164493,120262
164504,120270
164515,120289
164527,120291
164536,120301
164543,120317
164558,120329
164562,120338
164570,120340
164589,120355
164591,120364
164602,120372
164618,120386
162247,120393
163565,120408
163577,120412
162101,120420
162117,120431
162036,120449
162043,120454
167359,120465
167363,120477
167597,120483
167610,120496
167606,120505
167634,120514
167623,120522
167584,120533
167578,120546
168978,120551
168984,120567
168997,120579
169609,120580
169613,120598
169595,120607
169645,120624
169632,120630
169650,120648
169678,120653
169666,120669
172188,120676
172190,120682
172692,120695
172721,120703
171229,120719
172174,120726
172685,120735
172709,120742
172713,120757
172732,120761
172745,120774
172750,120788
172766,120790
172784,120816
171238,120828
171728,120837
171737,120844
171744,120859
171759,120863
171763,120871
171771,120885
171785,120892
171792,120902
171802,120918
171818,120925
171825,120939
171839,120941
171841,120956
171856,120960
171860,120973
171873,120987
171887,120994
171894,121005
171904,121014
171915,121022
171927,121033
171936,121046
171943,121051
171958,121067
171962,121079
171970,121080
171989,121098
171991,121108
172001,121112
172017,121120
172029,121131
172038,121149
172040,121154
172055,121165
172064,121177
172072,121183
172086,121196
172093,121203
172103,121219
172119,121226
172126,121235
172135,121242
172142,121257
172161,121261
172157,121274
172208,121288
172220,121290
172231,121300
172249,121316
172254,121328
172265,121337
172277,121344
172283,121359
172296,121363
172306,121371
172310,121385
172323,121392
172334,121407
172347,121411
172352,121424
172368,121430
172375,121448
172381,121453
172399,121469
172404,121476
172415,121482
172427,121495
172436,121509
172443,121513
172458,121521
172462,121532
172470,121545
172489,121550
172491,121566
172502,121578
172525,121584
172539,121597
172541,121606
172556,121610
172560,121623
172573,121634
172587,121647
172600,121652
172616,121668
172628,121675
172637,121681
172644,121699
172659,121702
172663,121718
172518,121725
172671,121739
172212,121741
172594,121756
171240,121760
171255,121773
171264,121787
171272,121794
171286,121804
171293,121815
171303,121827
171319,121836
171326,121843
171342,121858
171335,121862
171357,121870
171361,121889
171374,121891
171388,121901
171390,121917
171405,121929
171414,121938
171422,121940
171433,121955
171446,121964
171451,121972
171467,121986
171479,121993
171480,122003
171498,122019
171507,122026
171511,122035
171524,122042
171530,122057
171548,122061
171553,122074
171569,122088
171576,122090
171582,122100
171595,122116
171609,122128
171613,122137
171621,122144
171632,122159
171645,122163
171650,122171
171666,122185
171684,122192
171678,122205
171697,122214
171700,122222
171716,122233
172797,122246
157731,122251
157712,122267
157720,122279
157754,122280
157749,122298
157708,122308
156755,122312
175690,122331
175707,122349
174426,122354
174461,122377
174474,122383
174488,122396
174501,122401
174517,122417
174529,122429
174538,122438
174555,122440
174564,122455
174572,122464
174586,122472
174615,122486
174627,122493
174658,122515
174662,122527
174670,122536
174689,122543
174691,122558
174720,122562
174731,122570
174749,122589
174754,122591
174765,122602
174777,122618
174783,122625
174806,122639
174810,122641
174823,122656
174834,122660
174847,122673
174852,122687
174868,122694
174913,122723
174932,122747
174945,122752
174984,122768
175004,122775
175711,122781
175015,122799
175036,122809
175043,122813
175058,122821
175062,122832
175070,122845
175089,122850
175091,122866
175101,122878
175164,122907
175172,122911
175186,122924
175206,122930
175210,122948
175223,122953
175234,122969
175275,122976
175299,122995
175309,123008
175313,123012
175321,123020
175332,123031
175345,123049
175350,123054
175366,123065
175378,123077
175384,123083
175418,123096
175425,123106
175456,123110
175460,123123
175473,123134
175487,123147
175494,123152
175500,123168
175516,123175
175528,123181
175544,123201
175559,123217
175563,123229
175585,123238
175592,123240
175603,123255
175619,123264
175626,123272
175635,123286
175642,123293
175661,123303
175674,123319
175730,123326
175748,123335
175753,123342
175769,123357
177506,123361
175822,123374
175833,123388
175880,123405
175898,123414
175908,123422
175912,123433
175920,123446
175931,123451
175954,123467
175965,123479
175977,123480
175983,123498
175996,123507
176003,123511
176019,123524
176026,123530
176057,123548
176088,123553
176090,123569
176116,123576
176128,123582
176144,123609
176185,123621
176192,123632
176205,123645
176214,123650
176222,123666
176246,123678
176267,123697
176279,123700
176280,123716
176308,123728
176312,123737
176320,123744
176354,123759
176383,123763
176401,123771
176438,123792
176464,123825
176472,123839
176515,123841
176527,123856
176558,123860
177510,123873
176570,123887
176602,123894
176618,123904
176641,123915
176660,123936
176673,123943
176687,123958
176775,123970
176781,123989
176809,123991
176813,124002
176821,124018
176845,124025
176850,124039
176878,124041
176907,124060
176911,124073
176924,124087
176930,124094
176948,124104
176969,124115
176976,124127
176982,124136
176995,124143
177011,124158
177024,124162
177048,124189
177053,124191
177069,124209
177095,124213
177105,124221
177133,124245
177151,124250
177179,124266
177180,124278
177198,124284
177200,124297
177216,124307
177228,124311
177237,124324
177244,124330
177259,124348
177263,124353
177285,124376
177292,124382
177302,124395
177318,124400
177325,124416
177373,124437
177387,124444
177409,124459
177413,124463
177421,124471
177432,124485
177450,124492
177478,124503
177484,124519
177497,124526
177552,124535
177575,124542
177599,124557
177612,124561
177620,124574
177631,124588
177649,124590
177654,124601
177665,124617
177683,124629
177696,124638
177704,124640
177715,124655
177736,124664
177762,124686
177770,124693
177789,124705
177791,124714
177801,124722
177838,124733
177840,124746
177817,124751
177855,124767
174435,124779
174457,124798
174490,124808
174540,124812
174593,124820
174604,124831
174636,124849
174643,124854
174708,124865
174712,124877
174796,124883
174875,124896
174881,124906
174899,124910
174909,124923
174950,124934
174978,124947
174966,124952
174997,124968
175027,124975
175129,124981
175138,124999
175140,125001
175155,125017
175193,125029
175247,125038
175252,125040
175268,125055
175281,125064
175402,125072
175439,125086
175441,125093
175537,125103
175571,125119
175657,125126
175688,125135
175846,125142
175867,125157
175879,125161
175949,125174
176035,125188
176042,125190
176061,125208
176074,125212
176100,125220
176137,125231
176159,125249
176163,125254
176171,125265
176233,125277
176251,125283
176298,125296
176331,125306
176349,125310
176365,125323
176377,125334
176396,125347
176440,125375
176486,125381
176504,125404
176493,125415
176536,125427
176543,125436
176562,125443
176589,125458
176591,125462
176625,125470
176639,125489
176656,125491
176694,125502
176706,125518
176710,125525
176723,125539
176734,125541
176747,125556
176752,125560
176768,125573
176799,125587
176832,125594
176866,125600
176884,125616
176897,125628
177007,125637
177076,125644
177082,125659
177114,125663
177122,125671
177146,125685
177167,125692
177271,125709
177339,125713
177341,125721
177356,125732
177360,125745
177394,125750
177445,125766
177466,125778
177568,125784
177581,125797
177608,125807
177677,125811
177727,125824
177743,125830
177829,125848
175397,125853
174351,125869
174367,125876
174379,125882
174380,125895
174398,125905
174403,125914
174419,125922
175776,125933
175782,125946
175795,125951
175805,125967
177547,125979
175814,125980
177523,125998
177534,126000
173522,126085
173533,126092
173551,126118
173567,126125
173579,126139
173580,126141
173598,126156
173607,126160
173611,126173
173624,126187
173630,126194
173648,126207
173653,126211
173669,126224
173676,126230
173682,126248
173695,126253
173703,126269
173719,126276
173726,126282
173735,126295
173742,126305
173757,126314
173761,126322
173774,126333
173788,126346
173790,126351
173800,126367
173816,126379
173828,126380
173837,126398
173844,126403
173859,126419
173863,126426
173431,126435
173412,126442
173871,126457
173885,126461
173892,126474
173902,126488
173918,126490
173925,126501
173939,126517
173941,126529
173956,126538
173960,126540
173973,126555
173987,126564
174000,126586
174016,126593
174028,126604
174037,126615
174044,126627
174059,126636
174063,126643
174071,126658
174085,126662
174092,126670
174102,126689
174118,126691
174125,126708
174139,126712
174141,126720
174156,126731
174160,126749
173496,126754
174173,126765
174187,126777
174194,126783
174207,126796
174211,126806
174224,126810
173514,126823
174230,126834
174248,126847
174253,126852
174269,126868
174276,126875
174282,126881
174295,126899
174305,126909
174314,126913
174322,126921
174333,126932
174092,126945
174102,126950
858356,126966
173726,126978
173902,126984
173918,126997
174276,127009
175724,127013
174346,127021
173449,127045
173454,127050
173465,127066
173483,127084
173505,127097
156874,127107
156888,127111
177935,127124
177864,127130
177942,127148
177872,127153
177957,127169
177886,127176
177893,127182
177961,127195
177974,127202
177988,127218
177990,127225
177926,127239
178002,127241
178018,127256
178025,127260
178039,127273
178041,127287
178073,127294
178104,127304
178115,127315
178127,127327
178136,127336
177903,127343
177919,127358
178056,127362
178060,127370
178087,127389
178094,127391
179359,127406
179532,127410
179363,127423
179545,127434
179550,127447
179453,127452
179371,127468
179469,127475
179566,127481
179578,127499
179584,127508
179476,127512
179411,127520
179424,127531
179597,127549
179606,127554
179495,127577
179509,127583
179513,127596
179521,127605
179407,127614
179482,127622
179385,127633
179392,127646
179430,127651
179448,127667
178519,127679
178526,127680
178535,127698
178542,127701
178561,127717
178588,127729
178590,127738
178601,127740
178617,127755
178629,127764
178638,127772
178640,127786
178655,127793
178672,127803
178686,127819
178693,127826
178705,127835
178714,127842
178722,127857
178733,127861
178746,127874
178751,127888
178767,127890
178779,127900
178780,127916
178808,127928
178798,127937
178812,127944
178854,127959
178849,127963
178865,127971
178877,127985
178896,127992
178906,128004
178910,128015
178923,128027
178952,128036
178947,128043
178968,128058
178975,128062
179014,128070
179108,128089
179033,128091
179080,128101
179120,128117
179165,128129
179079,128138
178999,128140
179154,128155
179005,128164
179131,128172
178981,128186
179067,128193
179098,128206
179046,128210
179149,128223
179051,128234
179112,128247
179022,128252
179177,128268
179183,128275
179196,128281
179203,128299
179219,128309
179226,128313
179235,128321
179242,128332
179257,128345
179261,128350
179274,128366
179290,128378
179300,128384
179328,128397
179337,128402
179344,128418
178557,128425
178574,128439
178664,128441
178883,128456
178934,128460
179288,128473
179316,128487
178831,128500
179610,128516
178492,128528
178503,128537
180405,128544
180414,128559
180361,128571
180374,128585
180388,128592
180390,128603
180422,128619
180433,128626
180446,128635
180451,128642
181048,128661
181069,128674
181053,128690
181198,128707
181216,128711
181200,128724
184089,128730
184091,128748
184101,128753
184117,128769
184129,128776
184140,128782
184138,128795
184004,128805
184015,128814
184027,128822
184036,128833
184043,128846
184058,128851
184070,128867
184062,128879
183993,128880
182689,128898
182796,128908
182691,128912
182806,128931
182810,128949
182823,128954
182731,128965
182834,128977
182749,128983
182847,128996
182754,129007
182777,129011
183741,129024
182932,129030
182945,129048
182978,129053
182984,129069
182997,129076
183005,129082
183014,129095
183760,129105
183046,129114
183033,129122
183051,129133
183773,129146
183067,129151
183787,129179
183108,129180
183794,129198
183120,129200
183149,129216
183154,129228
183804,129237
183183,129244
183196,129259
183219,129263
183226,129271
183815,129285
183257,129292
183261,129302
183827,129318
183288,129325
183316,129339
183337,129341
183836,129356
183359,129360
183385,129373
183392,129387
183411,129394
183424,129409
183448,129413
183453,129421
183469,129432
183843,129445
183495,129450
183513,129478
183521,129484
183545,129497
183550,129506
183566,129510
183597,129523
183623,129547
183675,129568
183681,129575
183699,129581
183858,129599
183725,129612
182708,129620
182712,129631
182720,129649
182765,129654
182783,129665
182881,129677
182899,129683
182909,129696
183739,129704
182913,129715
182921,129727
183756,129736
182950,129743
182966,129758
183022,129762
183079,129770
183080,129789
183098,129791
183112,129801
183131,129817
183165,129829
183177,129838
183203,129840
183235,129855
183242,129864
183274,129872
183300,129886
183290,129893
183328,129903
183344,129919
183363,129926
183407,129942
183430,129957
183476,129961
183482,129974
183509,129988
183532,129990
183578,130002
183606,130025
183610,130039
183634,130041
183652,130056
183668,130060
183702,130073
183718,130087
182875,130094
181736,130104
181743,130115
181758,130127
181762,130136
181770,130143
181789,130158
181791,130162
181801,130170
181817,130189
181829,130191
181838,130209
181840,130213
181855,130221
181864,130232
181872,130245
181886,130250
181893,130266
181903,130278
181935,130284
181926,130297
181919,130307
181942,130311
181957,130324
181961,130330
181974,130348
181988,130353
181990,130369
182000,130376
182016,130382
182028,130395
182037,130400
182044,130416
182059,130428
182063,130437
182071,130444
182085,130459
182092,130463
182102,130471
182118,130485
182125,130492
182139,130503
182141,130519
182156,130526
182160,130535
182173,130542
182187,130557
182194,130561
182207,130574
182211,130588
182224,130590
182230,130601
182248,130617
182253,130629
182269,130638
182276,130640
182282,130655
182295,130664
182305,130672
182314,130686
182322,130693
696794,130705
182346,130714
182351,130722
182367,130733
182379,130746
182380,130751
182398,130767
182403,130779
182419,130780
182426,130798
182435,130808
182442,130812
182457,130820
182461,130831
182474,130849
182488,130854
182490,130865
182501,130877
182517,130883
182529,130896
182538,130906
182540,130910
182555,130923
182564,130947
182586,130952
182593,130968
182604,130981
182627,130999
182636,131003
182643,131019
182658,131026
182662,131035
182670,131042
182852,131057
182868,131061
184867,131074
184879,131088
184880,131090
184912,131100
184920,131116
184931,131128
184949,131137
184954,131144
184977,131159
184983,131163
185003,131171
185035,131185
185042,131192
185057,131205
185128,131214
185144,131222
184898,131233
184908,131246
184965,131251
184996,131267
185019,131279
185026,131280
185061,131298
185074,131308
185088,131312
185090,131320
185100,131331
185116,131349
185137,131354
185159,131365
185163,131377
185171,131383
185185,131396
185192,131401
185331,131417
185349,131429
185354,131438
185365,131440
185377,131455
185383,131464
185396,131472
185401,131486
185417,131493
185429,131504
185438,131515
185440,131527
185455,131536
185298,131543
185464,131558
185472,131562
185486,131570
185493,131589
185312,131591
185527,131602
185536,131618
185515,131625
185504,131639
185543,131641
185558,131656
185562,131660
185570,131673
185589,131687
185591,131694
185602,131706
185618,131710
185625,131723
185639,131734
185641,131747
185656,131752
185660,131768
185673,131775
185687,131781
185694,131799
185706,131809
185723,131813
185734,131821
185710,131832
185747,131845
185320,131850
185752,131866
185768,131878
185775,131884
185781,131897
185813,131907
185821,131911
185832,131924
185845,131930
185850,131948
185866,131953
185878,131969
185897,131976
185267,131982
185308,131995
185884,132005
185907,132014
185911,132022
185924,132033
185930,132046
185279,132051
185280,132067
185809,132079
185799,132080
185251,132098
167290,132108
187317,132112
186999,132120
187006,132131
187010,132149
187023,132154
187034,132165
187047,132177
187052,132183
187068,132196
187075,132203
187081,132219
187099,132226
187109,132235
187113,132242
187121,132257
187132,132261
187166,132274
187178,132288
187184,132290
186981,132300
187197,132316
187204,132328
187215,132337
187227,132344
187236,132359
187243,132363
187258,132371
187262,132385
187270,132392
187150,132407
187145,132411
187289,132424
187291,132430
187301,132448
187329,132453
187338,132469
187340,132476
186975,132482
189667,132495
189680,132509
189679,132513
189985,132521
189992,132532
190000,132545
190457,132550
190474,132566
190490,132578
190248,132584
190305,132606
190538,132610
190367,132623
190314,132634
190139,132652
190141,132668
190442,132681
190461,132699
190187,132718
190194,132725
190488,132739
190501,132741
190517,132756
190230,132760
190253,132773
190102,132787
190276,132794
190282,132804
190379,132815
190398,132827
190333,132836
190118,132843
190295,132858
190351,132862
190529,132870
190540,132889
190419,132891
190555,132901
190564,132917
190572,132929
190586,132938
190426,132940
190224,132955
190269,132964
190346,132972
190125,132986
190160,132993
190173,133000
190207,133016
190211,133028
190380,133037
190322,133044
190403,133059
190156,133063
190593,133071
190604,133085
190615,133092
190627,133102
190636,133118
190643,133125
190658,133139
190662,133141
190670,133156
190689,133160
190691,133173
190712,133194
190720,133207
190731,133211
190749,133224
190754,133230
191848,133248
191853,133253
191750,133269
191766,133276
191869,133282
191876,133295
191882,133305
191895,133314
191905,133322
191811,133333
191914,133346
191824,133351
191922,133367
191778,133379
191946,133380
191951,133398
191967,133403
193486,133419
191979,133426
191797,133435
191980,133442
191830,133457
191998,133461
192008,133474
192012,133488
192020,133490
193026,133501
193035,133517
193042,133529
193057,133538
193061,133540
193074,133555
193088,133564
193090,133572
193100,133586
193116,133593
192856,133604
193137,133615
193144,133627
193159,133636
193163,133643
193171,133658
193185,133662
193192,133670
193205,133689
193214,133691
193222,133708
193233,133712
192873,133720
193246,133731
193251,133749
193267,133754
193279,133765
193280,133777
193298,133783
193308,133796
193312,133806
193320,133810
193331,133823
193349,133834
192887,133847
193354,133852
193365,133868
193377,133875
193383,133881
192894,133899
193396,133909
193401,133913
193417,133921
192904,133932
193429,133945
193438,133950
192936,133966
192927,133978
193440,133984
193455,133997
193464,134006
193472,134010
193493,134023
193504,134034
193515,134047
193527,134052
193019,134068
192958,134075
193536,134081
192962,134099
193543,134109
193558,134113
193562,134132
193570,134145
192989,134150
192991,134166
193003,134178
193589,134184
193591,134197
193602,134204
193618,134215
193625,134227
193639,134236
191933,134243
191784,134258
191807,134262
192841,134270
192860,134289
192915,134291
192943,134301
193128,134317
192839,134329
190796,134338
190806,134340
190810,134355
190823,134364
190834,134372
190847,134386
190852,134393
190868,134408
190875,134412
190881,134420
190899,134431
190909,134449
190913,134454
190921,134465
190932,134477
190945,134483
190950,134496
190966,134505
190978,134514
190984,134522
190997,134533
192181,134546
191001,134551
191017,134567
191029,134579
191038,134580
191040,134598
191055,134607
191064,134611
191072,134624
191086,134630
191093,134648
191103,134653
191119,134669
191126,134676
191135,134682
191142,134695
191157,134703
191161,134719
192374,134726
191174,134735
191188,134742
192390,134757
191190,134761
191208,134774
191212,134788
191220,134790
191231,134800
191249,134816
191254,134828
191265,134837
191277,134844
191283,134859
191296,134863
191306,134871
747579,134885
191323,134892
192498,134902
191334,134918
191347,134925
191352,134939
191368,134941
191375,134956
192553,134960
191381,134973
191399,134987
191404,134994
191415,135007
191427,135011
191462,135024
191443,135030
191470,135048
191458,135053
191436,135069
191489,135076
191491,135082
191502,135095
191518,135105
191525,135114
191539,135122
191541,135133
191556,135146
191560,135151
191573,135167
191587,135179
191594,135180
191600,135198
191616,135200
191628,135216
191637,135228
191644,135237
191659,135244
191663,135259
191671,135263
192802,135271
191685,135285
191692,135292
191709,135302
191713,135318
191732,135339
191745,135341
192031,135356
192049,135360
192054,135373
192065,135387
192077,135394
192083,135409
192096,135413
192106,135421
192110,135432
192123,135445
192134,135450
192147,135466
192152,135478
192168,135484
192175,135497
192199,135506
192201,135510
192217,135523
192229,135534
192238,135547
192240,135552
192255,135568
192264,135575
192272,135581
192286,135599
192293,135608
192303,135612
192319,135620
192326,135631
192335,135649
192342,135654
192357,135665
192361,135677
192388,135683
192405,135696
192414,135704
192422,135715
192433,135727
192446,135736
192451,135743
192467,135758
192479,135762
192480,135770
192507,135789
192511,135791
192524,135801
192530,135817
192548,135829
192569,135838
192576,135840
192582,135855
192595,135864
192609,135872
192613,135886
192621,135893
192632,135903
192645,135919
192650,135926
192666,135935
192678,135942
192684,135957
192697,135961
192700,135974
192716,135988
192728,135990
192737,136008
192744,136012
192759,136020
192763,136031
192771,136049
192785,136054
192792,136065
192818,136077
192825,136083
190783,136096
193747,136106
193734,136110
196197,136123
196184,136134
196204,136147
196454,136152
196477,136168
196465,136175
197780,136181
197798,136199
197808,136217
197471,136229
197485,136238
197492,136240
197519,136255
197526,136264
197535,136272
197542,136286
197557,136293
197561,136303
197588,136319
197601,136326
197617,136335
197640,136342
197672,136361
197686,136374
197693,136388
197705,136390
197714,136405
197733,136414
197751,136433
197767,136446
197779,136451
197820,136467
197459,136479
197463,136480
197503,136498
197574,136507
197590,136511
197629,136524
197638,136530
197655,136548
197664,136553
197722,136569
197746,136576
197444,136582
197437,136595
197947,136609
197952,136613
197968,136621
197975,136632
197981,136645
197999,136650
154654,136666
154649,136678
154677,136684
154683,136697
154696,136700
154704,136716
154715,136728
154727,136737
154736,136744
154665,136759
154743,136763
154758,136785
167344,136792
173408,136818
173372,136825
173393,136839
173364,136841
173386,136856
189475,136860
189481,136887
189499,136894
189508,136904
195550,136915
195532,136927
195521,136936
195545,136943
195513,136958
196291,136962
156861,136970
156857,136989
188830,137004
188811,137015
188824,137027
199711,137036
199674,137043
199688,137058
199690,137062
199707,137070
199661,137089
196420,137091
196431,137101
196449,137117
196301,137129
196317,137138
196329,137140
196338,137155
196340,137164
196355,137172
196408,137186
196412,137193
196364,137206
196364,137210
196364,137223
196372,137234
196386,137247
196386,137252
196393,137268
197831,137275
156050,137281
165416,137313
165428,137321
165382,137332
165376,137345
165400,137350
154356,141810
154413,141823
154432,141852
154318,141868
154445,141875
154360,141881
154547,141899
154341,141909
154450,141913
154373,141932
154387,141945
154394,141950
154409,141966
154466,141978
154506,141984
154510,141997
965472,142007
667362,142011
154497,142024
154325,142030
154631,142048
154942,142053
154957,142069
155678,142095
155700,142105
155684,142114
155697,142122
155716,142133
155936,142146
155970,142151
155989,142167
155991,142179
156009,142180
156013,142198
155943,142200
156021,142216
155958,142228
155962,142237
156045,142259
156107,142263
156111,142271
156130,142292
156124,142302
156343,142318
156327,142325
156358,142339
156362,142341
156370,142356
156389,142360
156406,142373
156336,142387
156410,142394
156391,142409
156554,142413
156565,142421
156596,142432
156577,142445
156549,142450
156583,142466
156605,142478
156614,142484
156622,142497
156646,142506
156667,142510
156651,142523
156633,142534
156729,142552
156679,142568
156680,142575
156701,142599
156959,142608
156963,142612
156971,142620
156985,142631
157314,142649
157194,142654
157207,142665
157211,142677
157276,142683
157282,142696
157461,142727
157474,142736
157322,142762
157224,142770
157230,142801
157305,142829
157351,142840
972952,142864
157367,142872
157426,142886
157490,142893
157269,142903
157457,142919
972923,142926
157379,142935
157501,142957
157517,142961
157529,142974
157604,142988
157615,142990
157627,143002
157636,143018
157658,143039
157765,143041
157823,143056
157881,143060
157777,143073
157806,143087
157834,143094
157899,143104
157783,143115
157847,143127
157852,143136
157875,143143
157909,143158
157913,143162
157796,143170
157810,143189
157868,143191
160872,143209
160961,143213
161006,143221
161075,143232
160893,143245
160903,143250
965845,143278
161010,143284
161023,143297
160838,143307
160974,143369
161034,143376
160935,143382
161047,143400
160855,143416
160942,143437
161052,143459
160990,143463
161068,143471
161113,143485
161243,143492
161227,143503
161301,143519
161204,143526
161258,143535
161291,143542
161317,143557
161289,143561
161215,143574
161262,143588
161329,143590
161236,143601
161270,143617
161338,143629
161340,143638
161355,143640
161386,143655
161364,143664
161372,143672
161449,143686
161567,143693
161653,143705
161454,143714
161579,143722
161465,143733
161580,143746
161669,143751
161431,143767
161546,143779
161551,143780
161648,143798
161477,143808
161598,143812
161412,143820
161483,143831
161607,143849
161676,143854
161496,143865
161522,143877
161611,143883
161682,143896
161420,143906
161505,143910
161624,143923
161695,143934
161393,143947
161533,143968
161514,143975
161630,143981
161703,143999
670825,144008
161828,144012
161719,144031
161726,144049
161788,144054
161735,144065
161742,144077
161757,144083
161816,144096
161837,144106
161790,144134
161863,144147
161844,144152
161859,144168
161871,144175
161885,144181
161892,144199
161902,144201
161925,144229
161939,144238
161987,144240
161994,144255
162004,144264
162015,144272
162027,144286
165503,144303
165526,144335
165444,144342
165561,144357
165542,144374
165557,144388
165437,144390
165588,144446
165831,144451
165640,144467
165877,144479
165714,144511
165655,144530
165883,144548
165693,144553
165617,144576
165733,144582
165780,144609
165849,144621
165629,144632
165854,144650
165664,144666
165896,144678
165906,144684
165672,144697
165910,144716
165686,144728
165820,144737
165638,144744
165865,144759
165767,144763
165779,144771
166967,144785
166980,144792
166914,144818
166951,144825
167046,144841
166946,144856
167022,144860
166922,144873
167051,144887
688564,144894
167005,144915
166933,144927
167067,144936
166895,144943
167014,144958
965589,144962
167196,144970
167203,144989
167219,144991
167226,145009
167235,145013
167242,145021
167300,145032
167316,145045
167328,145050
167337,145066
167407,145084
167371,145097
167411,145107
167513,145124
167550,145130
167566,145148
167385,145153
167392,145169
167430,145176
167448,145182
167453,145202
167521,145218
167532,145225
167469,145239
167476,145241
167482,145256
167545,145273
167652,145304
167647,145315
167675,145327
167668,145336
167681,145343
167699,145358
167702,145362
169405,145406
169433,145410
169507,145423
169414,145434
169446,145452
169480,145475
169451,145481
169498,145499
169524,145512
169530,145520
169548,145531
169553,145549
169569,145554
169576,145565
169582,145577
165245,145583
165250,145596
169684,145605
169697,145614
169700,145622
169716,145633
169728,145646
169737,145651
169744,145667
169759,145679
169839,145680
169841,145698
169989,145717
169894,145729
169991,145738
169904,145740
169915,145755
169970,145764
170009,145772
170013,145786
169927,145793
170021,145803
169936,145819
169943,145826
170032,145835
170045,145842
169958,145857
170050,145861
169962,145874
172811,145888
172807,145890
173338,145900
173355,145928
178162,145937
178209,145944
178158,145959
178170,145963
178189,145971
178191,145985
178213,145992
178232,146014
178245,146022
178278,146033
178221,146046
178250,146051
178266,146067
178324,146079
178330,146080
178348,146098
178353,146108
179623,146112
179647,146131
179652,146149
179668,146154
179675,146165
179681,146177
179699,146183
179702,146196
179718,146203
179725,146219
179836,146226
179739,146235
179787,146242
179756,146257
179794,146261
179843,146274
179760,146288
179804,146290
179858,146300
179741,146316
179862,146328
179773,146337
179815,146344
179827,146359
179870,146363
179889,146371
179917,146385
179891,146392
179901,146407
179929,146411
179938,146424
179940,146430
179955,146453
179964,146469
179986,146476
179993,146482
180008,146495
180012,146509
180147,146532
180152,146545
180168,146550
180272,146578
180181,146597
180199,146606
180123,146610
180293,146623
180201,146634
180217,146652
180229,146668
180303,146681
180240,146699
180255,146702
180134,146725
180335,146739
180342,146741
180569,146760
180576,146773
180582,146787
180595,146794
180609,146804
180613,146815
180621,146827
180632,146836
180645,146843
180650,146858
180728,146862
180697,146870
180700,146889
180716,146891
180737,146901
863047,146929
180771,146940
181318,146955
181484,146964
181497,146972
181506,146986
181387,146993
181325,147001
181510,147017
181523,147029
181534,147038
181547,147040
181552,147055
181339,147064
181568,147072
181575,147086
181341,147093
181356,147103
181581,147119
181394,147135
181373,147142
181683,147157
181727,147161
181409,147174
181285,147188
181450,147190
181599,147208
181608,147212
181612,147220
181620,147231
181631,147249
181649,147254
181715,147265
181654,147277
181413,147283
181421,147296
181665,147306
181292,147310
181302,147323
181432,147334
181445,147347
181466,147352
181478,147368
181677,147375
181696,147381
181704,147399
183862,147404
183870,147415
183889,147427
183929,147436
183938,147443
183940,147458
183955,147462
183891,147470
183964,147489
183901,147491
183972,147502
183917,147518
183986,147525
184155,147539
184164,147541
184186,147560
184193,147573
184206,147587
184210,147594
184223,147600
184247,147628
184252,147637
184309,147644
184460,147663
184313,147671
184473,147685
184350,147692
184537,147709
184281,147721
184366,147732
184378,147745
184500,147766
184321,147784
184657,147811
184384,147824
184559,147830
184571,147848
184635,147853
184397,147869
184275,147876
184299,147882
184402,147895
184516,147905
184528,147914
184626,147922
184418,147933
184425,147946
184585,147951
184592,147967
184439,147979
184487,147980
184441,147998
184603,148006
184456,148010
184494,148023
184619,148034
184688,148047
184674,148052
184690,148068
184707,148075
184711,148099
184730,148109
184748,148113
184753,148121
184769,148132
184782,148145
184776,148150
184795,148166
184805,148178
184814,148184
184822,148197
184833,148204
184851,148227
186952,148236
186968,148243
187412,148258
188848,148262
189009,148270
188853,148289
189013,148291
188869,148317
189021,148329
188876,148340
189032,148364
188882,148372
189045,148386
189050,148393
188895,148408
188946,148412
189066,148420
188905,148431
189078,148449
189084,148454
188914,148465
188922,148477
188951,148483
965821,148496
189097,148505
189107,148514
189111,148533
188933,148546
189124,148551
189130,148567
189195,148579
189315,148580
189202,148598
189327,148607
189336,148624
189153,148653
189176,148669
189239,148676
189358,148682
189169,148695
189370,148719
965799,148726
189241,148742
189256,148757
189260,148761
189406,148790
856567,148828
189447,148859
189304,148863
189452,148871
653118,148885
189698,148892
189701,148918
189717,148925
189740,148941
189755,148956
189764,148960
189772,148973
189786,148987
189861,148994
189900,149003
189793,149019
189874,149026
189916,149035
189803,149042
189888,149057
189928,149061
189819,149088
189835,149090
189890,149100
189937,149116
189857,149137
189944,149144
189959,149159
189963,149163
189971,149171
193907,149185
193911,149192
193924,149205
193930,149214
196109,149246
196113,149251
196121,149279
196145,149298
196236,149312
659914,149320
196514,149331
196522,149349
196533,149354
196546,149365
196630,149377
196669,149383
196695,149396
196611,149401
196624,149417
196648,149429
196653,149438
196676,149440
196682,149455
196703,149464
196719,149472
839205,149486
196567,149493
196579,149504
196580,149515
196598,149527
196607,149536
196742,149543
196925,149558
196757,149562
196939,149570
196761,149589
196774,149591
196941,149602
196788,149618
196956,149625
196960,149639
196726,149641
196973,149656
196790,149660
196800,149673
196987,149687
196816,149694
196994,149706
197002,149710
196828,149723
197018,149734
196837,149747
197025,149752
196735,149768
196844,149775
196902,149781
197039,149799
197041,149813
196863,149821
197094,149832
197104,149845
197056,149850
196871,149866
197060,149878
196918,149884
196885,149897
197073,149907
197115,149911
196892,149924
197087,149930
197127,149948
171201,149953
171217,149969
197136,149976
197143,149982
197158,149995
197162,150003
197170,150019
197324,150026
197232,150035
197245,150042
197250,150057
197266,150061
197278,150074
197284,150088
197297,150090
197307,150100
197311,150116
197330,150128
197348,150137
197353,150144
197376,150159
197382,150163
197395,150171
197369,150185
197849,150192
197854,150205
197877,150222
197883,150233
197896,150246
197906,150251
197910,150267
197923,150279
198318,150308
198325,150312
198356,150320
198360,150331
198339,150349
198341,150354
198373,150365
198387,150377
198421,150396
198432,150401
198445,150417
198466,150438
198478,150440
198497,150455
198547,150464
198552,150472
199027,150486
199015,150493
199036,150504
199043,150515
199091,150527
199062,150543
199138,150562
199070,150570
199117,150589
199129,150591
1013836,150602
199140,150618
199155,150625
1120541,150639
199223,150641
199234,150656
199172,150660
1119180,150673
199186,150687
199193,150694
1119198,150706
199206,150710
199210,150723
189554,150734
157966,150752
176953,150768
181024,150775
225986,225993
226006,226068
226052,226075
226121,226132
226184,226197
226236,226243
226258,226262
226317,226329
226355,226364
226420,226431
226496,226505
226567,226579
226630,226648
226653,226669
226703,226719
226726,226735
226774,226788
226816,226828
226863,226871
226918,226925
226956,226960
227025,227039
227073,227087
227115,227127
227158,227162
227209,227213
227278,227284
227297,227307
227369,227376
227416,227428
227459,227463
227526,227535
227542,227557
227590,227601
227617,227629
227655,227664
227693,227705
227767,227779
227780,227798
227854,227865
227906,227910
227975,227981
228048,228053
228095,228105
228146,228151
228198,228200
228271,228285
228356,228360
228421,228432
228466,228478
228484,228497
228506,228510
228568,228575
228581,228599
228608,228612
228620,228631
228649,228654
228715,228727
228789,228791
228855,228864
228903,228919
228957,228961
229043,229058
229062,229070
229138,229140
229172,229186
229210,229223
229252,229268
229275,229281
229313,229321
229350,229366
229378,229384
229441,229456
229494,229500
229537,229544
229559,229563
229571,229585
229592,229603
229619,229626
229635,229642
229657,229661
229707,229711
229724,229730
229795,229805
229846,229851
229867,229879
229880,229898
229931,229949
229954,229965
229977,229983
229996,230009
230013,230021
230032,230045
230050,230066
230078,230084
230097,230107
230111,230124
230130,230148
230153,230169
230176,230182
230195,230202
230304,230315
230327,230336
230391,230406
230410,230423
230481,230499
230508,230512
230554,230565
230577,230583
230622,230633
230698,230701
230717,230729
230738,230740
230772,230786
230835,230842
230857,230861
230874,230888
230928,230937
230971,230985
230992,231008
231012,231020
231031,231049
231054,231065
231077,231083
231096,231106
231134,231147
231175,231181
231199,231201
231264,231272
231303,231319
231357,231361
231422,231433
231498,231507
231511,231524
231582,231595
231609,231613
231678,231684
231716,231728
231759,231763
231825,231839
231841,231856
231860,231873
231887,231894
231943,231958
231989,231991
232055,232064
232161,232174
232188,232190
232208,232212
232265,232277
232283,232296
232352,232368
232399,232404
232415,232427
232436,232443
232458,232462
232470,232489
232491,232502
232541,232556
232560,232573
232587,232594
232600,232616
232659,232663
232671,232685
232692,232709
232766,232778
232784,232797
232807,232811
232824,232830
232848,232853
232869,232876
232882,232895
232905,232914
232922,232933
232946,232951
232967,232979
232980,232998
233006,233010
233023,233034
233047,233052
233113,233121
233166,233178
233215,233227
233289,233291
233301,233317
233329,233338
233340,233355
233412,233420
233465,233477
233483,233496
233505,233514
233522,233533
233546,233551
233580,233598
233607,233611
233669,233676
233682,233695
233757,233761
233828,233837
233902,233918
233925,233939
233941,233956
233960,233973
234037,234044
234102,234118
234125,234139
234141,234156
234160,234173
234248,234253
234269,234276
234282,234295
234333,234346
234351,234367
234379,234380
234398,234403
234457,234461
234529,234538
234564,234572
234636,234643
234658,234662
234670,234689
234691,234708
234712,234720
234731,234749
234806,234810
234875,234881
234921,234932
234945,234950
235015,235027
235036,235043
235058,235062
235101,235117
235129,235138
235140,235155
235164,235172
235186,235193
235206,235210
235223,235234
235247,235252
235281,235299
235321,235332
235345,235350
235366,235378
235384,235397
235402,235418
235456,235460
235537,235544
235559,235563
235571,235585
235592,235603
235619,235626
235635,235642
235657,235661
235674,235688
235690,235707
235711,235724
235730,235748
235805,235814
235851,235867
235920,235931
235977,235983
236026,236035
236042,236057
236061,236074
236137,236144
236185,236192
236205,236214
236222,236233
236246,236251
236267,236279
236280,236298
236308,236312
236320,236331
236349,236354
236365,236377
236383,236396
236401,236417
236472,236486
236493,236504
236515,236527
236536,236543
236625,236639
236694,236706
236710,236723
236734,236747
236775,236781
236866,236878
236884,236897
236907,236911
236924,236930
236948,236953
237011,237024
237082,237095
237133,237146
237180,237198
237237,237244
237259,237263
237271,237285
237292,237302
237318,237325
237373,237387
237413,237421
237450,237466
237478,237484
237497,237506
237510,237523
237581,237599
237608,237612
237677,237683
237696,237704
237715,237727
237736,237743
237758,237762
237770,237789
237791,237801
237817,237829
237838,237840
237855,237864
237872,237886
237893,237903
237919,237926
237935,237942
237957,237961
238002,238018
238025,238039
238060,238073
238136,238143
238189,238191
238209,238213
238221,238232
238297,238307
238311,238324
238330,238348
238353,238369
238428,238437
238503,238519
238526,238535
238590,238601
238617,238629
238686,238693
238705,238714
238722,238733
238767,238779
238780,238798
238808,238812
238820,238831
238849,238854
238865,238877
238934,238947
238981,238999
239005,239014
239022,239033
239046,239051
239080,239098
239108,239112
239120,239131
239149,239154
239165,239177
239183,239196
239203,239219
239226,239235
239242,239257
239261,239274
239300,239316
239344,239359
239385,239392
239424,239430
239469,239476
239482,239495
239509,239513
239578,239584
239647,239652
239668,239675
239725,239739
239741,239756
239787,239794
239858,239862
239870,239889
239891,239901
239917,239929
239938,239940
239955,239964
239993,240007
240011,240024
240030,240048
240076,240082
240095,240105
240114,240122
240133,240146
240151,240167
240179,240180
240198,240200
240259,240263
240271,240285
240292,240302
240318,240325
240339,240341
240356,240360
240373,240387
240394,240409
240413,240421
240432,240445
240478,240484
240534,240547
240552,240568
240575,240581
240599,240608
240612,240620
240631,240649
240654,240665
240677,240683
240696,240704
240715,240727
240736,240743
240758,240762
240770,240789
240791,240801
240817,240829
240838,240840
240855,240864
240872,240886
240926,240935
240942,240957
240961,240974
240988,240990
241006,241010
241023,241034
241047,241052
241068,241075
241081,241099
241109,241113
241121,241132
241145,241150
241166,241178
241184,241197
241204,241215
241227,241236
241243,241258
241262,241270
241289,241291
241301,241317
241329,241338
241340,241355
241364,241372
241386,241393
241408,241412
241420,241431
241449,241454
241465,241477
241483,241496
241505,241514
241522,241533
241546,241551
241567,241579
241580,241598
241607,241611
241624,241630
241648,241653
241669,241676
241682,241695
241703,241719
241726,241735
241742,241757
241761,241774
241788,241790
241800,241816
241828,241837
241844,241859
241863,241871
241885,241892
241902,241918
241925,241939
241941,241956
241960,241973
241987,241994
242004,242015
242027,242036
242043,242058
242062,242070
242089,242091
242101,242117
242129,242138
242140,242155
242164,242172
242186,242193
242206,242210
242247,242252
242268,242275
242281,242299
242309,242313
242321,242332
242345,242350
242366,242378
242418,242425
242460,242473
242487,242494
242559,242563
242571,242585
242626,242635
242642,242657
242661,242674
242688,242690
242707,242711
242724,242730
242748,242753
242769,242776
242782,242795
242805,242814
242822,242833
242846,242851
242867,242879
242880,242898
242908,242912
242920,242931
242949,242954
242965,242977
242983,242996
243009,243013
243021,243032
243045,243050
243066,243078
243084,243097
243107,243111
243124,243130
243148,243153
243169,243176
243182,243195
243202,243218
243225,243239
243241,243256
243260,243273
243287,243294
243304,243315
243327,243336
243343,243358
243362,243370
243389,243391
243406,243410
243423,243434
243447,243452
243468,243475
243481,243499
243508,243512
243520,243531
243549,243554
243565,243577
243583,243596
243622,243633
243667,243679
243680,243698
243701,243717
243729,243738
243740,243755
243764,243772
243786,243793
243803,243819
243826,243835
243842,243857
243861,243874
243888,243890
243900,243916
243928,243937
243944,243959
243963,243971
244003,244019
244026,244035
244042,244057
244061,244074
244088,244090
244100,244116
244128,244137
244144,244159
244163,244171
244185,244192
244222,244233
244246,244251
244267,244279
244280,244298
244308,244312
244320,244331
244349,244354
244365,244377
244383,244396
244401,244417
244429,244438
244440,244455
244464,244472
244486,244493
244504,244515
244527,244536
244543,244558
244562,244570
244589,244591
244602,244618
244625,244639
244641,244656
244687,244694
244706,244710
244747,244752
244781,244799
244809,244813
244821,244832
244845,244850
244866,244878
244907,244911
244924,244930
244948,244953
245018,245025
245039,245041
245056,245060
245073,245087
245094,245104
245162,245170
245209,245213
245297,245307
245369,245376
245416,245428
245459,245463
245471,245485
245526,245535
245542,245557
245561,245574
245638,245640
245655,245664
245672,245686
245693,245705
245714,245722
245733,245746
245751,245767
245820,245831
245896,245906
245910,245923
245981,245999
246038,246040
246072,246086
246142,246157
246188,246190
246220,246231
246249,246254
246310,246323
246368,246375
246381,246399
246404,246415
246427,246436
246443,246458
246518,246525
246560,246573
246644,246659
246713,246721
246766,246778
246811,246824
246830,246848
246905,246914
246922,246933
246946,246951
247014,247022
247080,247098
247131,247149
247154,247165
247177,247183
247196,247203
247219,247226
247235,247242
247257,247261
247300,247316
247359,247363
247392,247407
247453,247469
247532,247545
247550,247566
247578,247584
247597,247606
247610,247623
247681,247699
247741,247756
247760,247773
247787,247794
247827,247836
247843,247858
247862,247870
247889,247891
247955,247964
248000,248016
248044,248059
248063,248071
248085,248092
248125,248139
248160,248173
248211,248224
248253,248269
248322,248333
248346,248351
248380,248398
248403,248419
248426,248435
248490,248501
248540,248555
248564,248572
248615,248627
248662,248670
248689,248691
248708,248712
248720,248731
248749,248754
248765,248777
248783,248796
248806,248810
248875,248881
248921,248932
248945,248950
248966,248978
249012,249020
249106,249110
249123,249134
249147,249152
249199,249201
249217,249229
249238,249240
249272,249286
249319,249326
249357,249361
249390,249405
249414,249422
249433,249446
249480,249498
249507,249511
249524,249530
249595,249609
249645,249650
249697,249700
249737,249744
249759,249763
249825,249839
249841,249856
249894,249904
249915,249927
249989,249991
250020,250031
250049,250054
250065,250077
250123,250134
250168,250175
250201,250217
250229,250238
250264,250272
250286,250293
250326,250335
250342,250357
250361,250374
250433,250446
250451,250467
250511,250524
250582,250595
250621,250632
250697,250700
250716,250728
250759,250763
250818,250825
250839,250841
250856,250860
250873,250887
250894,250904
250915,250927
250936,250943
250958,250962
251053,251069
251076,251082
251133,251146
251200,251216
251259,251263
251271,251285
251318,251325
251339,251341
251356,251360
251373,251387
251394,251409
251413,251421
251432,251445
251484,251497
251506,251510
251523,251534
251575,251581
251599,251608
251612,251620
251631,251649
251677,251683
251696,251704
251715,251727
251736,251743
251758,251762
251770,251789
251791,251801
251817,251829
251838,251840
251855,251864
251872,251886
251893,251903
251919,251926
251935,251942
251957,251961
251990,252000
252016,252028
252037,252044
252059,252063
252071,252085
252092,252102
252139,252141
252156,252160
252173,252187
252194,252207
252211,252224
252230,252248
252276,252282
252295,252305
252314,252322
252333,252346
252380,252398
252403,252419
252426,252435
252442,252457
252461,252474
252488,252490
252501,252517
252529,252538
252540,252555
252593,252604
252615,252627
252636,252643
252658,252662
252670,252689
252691,252708
252712,252720
252731,252749
252777,252783
252823,252834
252847,252852
252868,252875
252881,252899
252921,252932
252945,252950
252966,252978
252984,252997
253005,253014
253022,253033
253046,253051
253067,253079
253108,253112
253120,253131
253149,253154
253165,253177
253183,253196
253226,253235
253242,253257
253261,253274
253288,253290
253328,253337
253344,253359
253363,253371
253385,253392
253424,253430
253448,253453
253469,253476
253482,253495
253509,253513
253521,253532
253545,253550
253566,253578
253606,253610
253623,253634
253668,253675
253681,253699
253702,253718
253725,253739
253741,253756
253760,253773
253787,253794
253804,253815
253827,253836
253843,253858
253862,253870
253889,253891
253901,253917
253929,253938
253972,253986
253993,254004
254015,254027
254036,254043
254058,254062
254070,254089
254091,254101
254117,254129
254138,254140
254155,254164
254172,254186
254247,254252
254299,254309
254345,254350
254439,254441
254544,254559
254563,254571
254603,254619
254626,254635
254642,254657
254661,254674
254688,254690
254707,254711
254724,254730
254748,254753
254769,254776
254782,254795
254846,254851
254867,254879
254880,254898
254908,254912
254920,254931
254949,254954
254965,254977
255035,255042
255074,255088
255116,255128
255185,255192
255205,255214
255222,255233
255246,255251
255320,255331
255396,255401
255455,255464
255472,255486
255493,255504
255562,255570
255639,255641
255687,255694
255752,255768
255799,255809
255813,255821
255866,255878
255911,255924
255930,255948
256002,256018
256056,256060
256094,256104
256136,256143
256158,256162
256221,256232
256297,256307
256311,256324
256330,256348
256353,256369
256395,256400
256416,256428
256437,256444
256459,256463
256471,256485
256542,256557
256601,256617
256629,256638
256672,256686
256722,256733
256746,256751
256812,256820
256865,256877
256910,256923
256952,256968
257006,257010
257047,257052
257068,257075
257081,257099
257145,257150
257215,257227
257236,257243
257258,257262
257270,257289
257291,257301
257317,257329
257338,257340
257393,257408
257431,257449
257454,257465
257477,257483
257533,257546
257551,257567
257598,257607
257611,257624
257630,257648
257653,257669
257676,257682
257695,257703
257719,257726
257735,257742
257757,257761
257828,257837
257902,257918
257973,257987
257994,258001
258017,258029
258038,258040
258086,258093
258103,258119
258126,258135
258142,258157
258212,258220
258306,258310
258368,258375
258381,258399
258404,258415
258470,258489
258491,258502
258518,258525
258560,258573
258587,258594
258600,258616
258628,258637
258644,258659
258663,258671
258685,258692
258732,258745
258778,258784
258811,258824
258853,258869
258895,258905
258914,258922
258933,258946
258979,258980
259021,259032
259045,259050
259097,259107
259148,259153
259169,259176
259182,259195
259256,259260
259304,259315
259327,259336
259343,259358
259410,259423
259468,259475
259481,259499
259508,259512
259520,259531
259549,259554
259596,259605
259614,259622
259633,259646
259651,259667
259679,259680
259729,259738
259764,259772
259786,259793
259857,259861
259874,259888
259890,259900
259916,259928
259985,259992
260036,260043
260058,260062
260117,260129
260155,260164
260172,260186
260193,260206
260234,260247
260252,260268
260275,260281
260299,260309
260313,260321
260332,260345
260350,260366
260402,260418
260425,260439
260441,260456
260460,260473
260487,260494
260500,260516
260528,260537
260544,260559
260563,260571
260603,260619
260642,260657
260688,260690
260753,260769
260805,260814
260851,260867
260912,260920
260983,260996
261044,261059
261063,261071
261085,261092
261102,261118
261125,261139
261173,261187
261194,261207
261211,261224
261230,261248
261253,261269
261305,261314
261322,261333
261346,261351
261367,261379
261435,261442
261457,261461
261474,261488
261529,261538
261564,261572
261586,261593
261627,261636
261643,261658
261662,261670
261689,261691
261708,261712
261720,261731
261749,261754
261765,261777
261834,261847
261852,261868
261875,261881
261899,261909
261913,261921
261932,261945
261950,261966
261978,261984
262024,262030
262048,262053
262082,262095
262133,262146
262151,262167
262228,262237
262285,262292
262302,262318
262325,262339
262394,262409
262413,262421
262432,262445
262450,262466
262478,262484
262497,262506
262510,262523
262534,262547
262552,262568
262575,262581
262649,262654
262715,262727
262736,262743
262758,262762
262770,262789
262838,262840
262855,262864
262872,262886
262893,262903
262919,262926
262988,262990
263002,263018
263056,263060
263073,263087
263143,263158
263191,263209
263213,263221
263232,263245
263250,263266
263297,263307
263311,263324
263330,263348
263400,263416
263459,263463
263492,263503
263535,263542
263557,263561
263574,263588
263590,263601
263617,263629
263672,263686
263746,263751
263767,263779
263780,263798
263808,263812
263877,263883
263923,263934
263975,263981
264020,264031
264096,264106
264134,264147
264152,264168
264199,264201
264240,264255
264264,264272
264286,264293
264303,264319
264326,264335
264342,264357
264361,264374
264388,264390
264405,264414
264446,264451
264480,264498
264507,264511
264548,264553
264569,264576
264582,264595
264609,264613
264621,264632
264666,264678
264684,264697
264700,264716
264728,264737
264744,264759
264763,264771
264785,264792
264802,264818
264825,264839
264841,264856
264860,264873
264887,264894
264904,264915
264927,264936
264943,264958
265013,265021
265084,265097
265107,265111
265124,265130
265148,265153
265218,265225
265256,265260
265315,265327
265336,265343
265358,265362
265370,265389
265434,265447
265452,265468
265475,265481
265499,265508
265531,265549
265583,265596
265622,265633
265646,265651
265680,265698
265701,265717
265729,265738
265740,265755
265764,265772
265786,265793
265861,265874
265900,265916
265963,265971
266022,266033
266046,266051
266067,266079
266080,266098
266108,266112
266120,266131
266149,266154
266165,266177
266235,266242
266257,266261
266274,266288
266290,266300
266316,266328
266385,266392
266407,266411
266424,266430
266448,266453
266513,266521
266532,266545
266550,266566
266578,266584
266597,266606
266610,266623
266634,266647
266652,266668
266675,266681
266699,266702
266718,266725
266739,266741
266756,266760
266804,266815
266827,266836
266843,266858
266862,266870
266889,266891
266901,266917
266955,266964
266972,266986
267017,267029
267038,267040
267103,267119
267126,267135
267142,267157
267190,267208
267231,267249
267254,267265
267296,267306
267310,267323
267334,267347
267352,267368
267375,267381
267399,267404
267415,267427
267436,267443
267458,267462
267470,267489
267491,267502
267518,267525
267539,267541
267556,267560
267573,267587
267616,267628
267637,267644
267659,267663
267671,267685
267692,267709
267713,267721
267732,267745
267750,267766
267778,267784
267797,267807
267811,267824
267876,267882
267895,267905
267951,267967
267979,267980
268023,268034
268047,268052
268068,268075
268081,268099
268109,268113
268121,268132
268166,268178
268184,268197
268236,268243
268258,268262
268270,268289
268291,268301
268364,268372
268386,268393
268420,268431
268449,268454
268465,268477
268514,268522
268567,268579
268653,268669
268676,268682
268695,268703
268735,268742
268757,268761
268774,268788
268790,268800
268816,268828
268837,268844
268859,268863
268892,268902
268939,268941
268973,268987
269026,269035
269042,269057
269088,269090
269100,269116
269171,269185
269267,269279
269308,269312
269320,269331
269349,269354
269396,269401
269417,269429
269438,269440
269504,269515
269527,269536
269543,269558
269618,269625
269639,269641
269673,269687
269747,269752
269799,269809
269813,269821
269866,269878
269907,269911
269924,269930
269948,269953
269969,269976
269982,269995
270002,270018
270025,270039
270041,270056
270060,270073
270087,270094
270104,270115
270127,270136
270143,270158
270162,270170
270189,270191
270209,270213
270221,270232
270245,270250
270284,270297
270307,270311
270348,270353
270369,270376
270382,270395
270400,270416
270428,270437
270444,270459
270492,270503
270519,270526
270535,270542
270557,270561
270590,270601
270617,270629
270638,270640
270655,270664
270672,270686
270693,270705
270746,270751
270767,270779
270780,270798
270808,270812
270820,270831
270849,270854
270865,270877
270923,270934
270968,270975
271026,271035
271042,271057
271088,271090
271100,271116
271128,271137
271163,271171
271185,271192
271251,271267
271279,271280
271298,271308
271349,271354
271396,271401
271417,271429
271438,271440
271493,271504
271515,271527
271536,271543
271589,271591
271602,271618
271625,271639
271641,271656
271660,271673
271687,271694
271706,271710
271723,271734
271747,271752
271768,271775
271781,271799
271809,271813
271821,271832
271845,271850
271866,271878
271884,271897
271907,271911
271924,271930
271948,271953
271969,271976
271982,271995
272005,272014
272022,272033
272046,272051
272067,272079
272080,272098
272108,272112
272120,272131
272149,272154
272165,272177
272183,272196
272203,272219
272274,272288
272328,272337
272371,272385
272392,272407
272411,272424
272430,272448
272453,272469
272476,272482
272495,272509
272513,272521
272550,272566
272578,272584
272597,272606
272681,272699
272773,272787
272827,272836
272843,272858
272862,272870
272889,272891
272901,272917
272929,272938
272940,272955
272964,272972
272986,272993
273000,273016
273071,273085
273092,273102
273118,273125
273156,273160
273173,273187
273248,273253
273295,273305
273314,273322
273367,273379
273419,273426
273435,273442
273457,273461
273474,273488
273517,273529
273538,273540
273586,273593
273604,273615
273627,273636
273643,273658
273662,273670
273689,273691
273708,273712
273783,273796
273834,273847
273852,273868
273875,273881
273899,273909
273913,273921
273932,273945
273950,273966
273978,273984
273997,274006
274068,274075
274113,274121
274132,274145
274184,274197
274258,274262
274301,274317
274329,274338
274340,274355
274364,274372
274386,274393
274408,274412
274420,274431
274449,274454
274465,274477
274483,274496
274505,274514
274551,274567
274579,274580
274598,274607
274611,274624
274630,274648
274653,274669
274676,274682
274695,274703
274719,274726
274735,274742
274800,274816
274828,274837
274871,274885
274892,274902
274918,274925
274939,274941
274994,275007
275011,275024
275030,275048
275053,275069
275076,275082
275095,275105
275114,275122
275133,275146
275151,275167
275179,275180
275198,275200
275216,275228
275237,275244
275259,275263
275302,275318
275325,275339
275341,275356
275413,275421
275432,275445
275450,275466
275478,275484
275497,275506
275510,275523
275534,275547
275552,275568
275599,275608
275631,275649
275654,275665
275677,275683
275696,275704
275715,275727
275736,275743
275758,275762
275770,275789
275791,275801
275817,275829
275838,275840
275855,275864
275872,275886
275893,275903
275919,275926
275935,275942
275957,275961
275974,275988
275990,276008
276012,276020
276054,276065
276096,276106
276110,276123
276181,276199
276201,276217
276229,276238
276240,276255
276264,276272
276286,276293
276303,276319
276326,276335
276342,276357
276361,276374
276388,276390
276405,276414
276422,276433
276446,276451
276507,276511
276524,276530
276548,276553
276569,276576
276609,276613
276621,276632
276678,276684
276697,276700
276716,276728
276737,276744
276759,276763
276792,276802
276818,276825
276839,276841
276873,276887
276936,276943
276970,276989
276991,277004
277015,277027
277036,277043
277058,277062
277070,277089
277091,277101
277117,277129
277155,277164
277172,277186
277193,277206
277210,277223
277234,277247
277252,277268
277275,277281
277299,277309
277313,277321
277332,277345
277350,277366
277378,277384
277397,277402
277418,277425
277439,277441
277456,277460
277473,277487
277494,277500
277516,277528
277559,277563
277571,277585
277592,277603
277619,277626
277688,277690
277707,277711
277724,277730
277748,277753
277769,277776
277805,277814
277822,277833
277846,277851
277898,277908
277931,277949
277954,277965
278032,278045
278050,278066
278078,278084
278097,278107
278111,278124
278182,278195
278273,278287
278294,278304
278315,278327
278336,278343
278358,278362
278370,278389
278391,278406
278410,278423
278434,278447
278452,278468
278475,278481
278499,278508
278512,278520
278531,278549
278554,278565
278577,278583
278596,278605
278614,278622
278633,278646
278651,278667
278679,278680
278698,278701
278717,278729
278738,278740
278755,278764
278772,278786
278793,278803
278819,278826
278835,278842
278857,278861
278874,278888
278890,278900
278937,278944
279001,279017
279055,279064
279093,279103
279119,279126
279135,279142
279157,279161
279190,279208
279231,279249
279306,279310
279323,279334
279347,279352
279368,279375
279381,279399
279470,279489
279518,279525
279587,279594
279628,279637
279644,279659
279663,279671
279713,279721
279766,279778
279784,279797
279830,279848
279853,279869
279876,279882
279895,279905
279914,279922
279998,280003
280035,280042
280057,280061
280074,280088
280090,280100
280116,280128
280137,280144
280159,280163
280171,280185
280192,280205
280214,280222
280233,280246
280251,280267
280279,280280
280298,280308
280312,280320
280331,280349
280377,280383
280396,280401
280417,280429
280438,280440
280455,280464
280472,280486
280515,280527
280536,280543
280570,280589
280618,280625
280656,280660
280694,280706
280710,280723
280734,280747
280752,280768
280813,280821
280850,280866
280897,280907
280930,280948
280953,280969
280976,280982
280995,281004
281015,281027
281036,281043
281058,281062
281070,281089
281091,281101
281117,281129
281138,281140
281172,281186
281193,281206
281210,281223
281234,281247
281252,281268
281275,281281
281299,281309
281332,281345
281397,281402
281418,281425
281456,281460
281473,281487
281494,281500
281516,281528
281537,281544
281559,281563
281571,281585
281592,281603
281619,281626
281635,281642
281674,281688
281748,281753
281769,281776
281782,281795
281805,281814
281879,281880
281898,281908
281983,281996
282006,282010
282099,282109
282113,282121
282132,282145
282150,282166
282178,282184
282197,282204
282215,282227
282236,282243
282258,282262
282270,282289
282291,282301
282317,282329
282338,282340
282355,282364
282372,282386
282431,282449
282483,282496
282522,282533
282546,282551
282567,282579
282580,282598
282607,282611
282624,282630
282648,282653
282669,282676
282682,282695
282703,282719
282742,282757
282761,282774
282788,282790
282859,282863
282871,282885
282892,282902
282918,282925
282939,282941
282956,282960
282973,282987
282994,283001
283017,283029
283038,283040
283055,283064
283072,283086
283093,283103
283119,283126
283135,283142
283157,283161
283174,283188
283190,283208
283212,283220
283231,283249
283254,283265
283277,283283
283296,283306
283310,283323
283334,283347
283352,283368
283375,283381
283399,283404
283415,283427
283436,283443
283458,283462
283470,283489
283491,283502
283518,283525
283539,283541
283556,283560
283628,283637
283644,283659
283663,283671
283685,283692
283709,283713
283721,283732
283745,283750
283766,283778
283784,283797
283807,283811
283824,283830
283848,283853
283869,283876
283882,283895
283933,283946
283951,283967
283998,284007
284011,284024
284030,284048
284053,284069
284076,284082
284095,284105
284114,284122
284133,284146
284151,284167
284179,284180
284198,284200
284216,284228
284237,284244
284259,284263
284271,284285
284292,284302
284318,284325
284339,284341
284356,284360
284373,284387
284394,284409
284413,284421
284432,284445
284450,284466
284478,284484
284497,284506
284510,284523
284534,284547
284552,284568
284575,284581
284599,284608
284612,284620
284631,284649
284654,284665
284677,284683
284696,284704
284715,284727
284736,284743
284758,284762
284791,284801
284817,284829
284838,284840
284855,284864
284872,284886
284893,284903
284919,284926
284935,284942
284957,284961
284974,284988
284990,285008
285012,285020
285031,285049
285106,285110
285147,285152
285168,285175
285181,285199
285201,285217
285255,285264
285272,285286
285293,285303
285319,285326
285335,285342
285357,285361
285374,285388
285390,285405
285414,285422
285467,285479
285480,285498
285507,285511
285524,285530
285548,285553
285569,285576
285582,285595
285609,285613
285621,285632
285645,285650
285666,285678
285684,285697
285744,285759
285763,285771
285825,285839
285873,285887
285894,285904
285915,285927
285936,285943
285958,285962
285970,285989
285991,286009
286032,286045
286050,286066
286078,286084
286097,286107
286130,286148
286153,286169
286176,286182
286195,286202
286218,286225
286239,286241
286256,286260
286273,286287
286294,286304
286315,286327
286336,286343
286358,286362
286370,286389
286391,286406
286410,286423
286434,286447
286452,286468
286475,286481
286499,286508
286512,286520
286554,286565
286577,286583
286596,286605
286614,286622
286633,286646
286651,286667
286679,286680
286698,286701
286717,286729
286738,286740
286755,286764
286772,286786
286793,286803
286819,286826
286835,286842
286857,286861
286874,286888
286890,286900
286916,286928
286937,286944
286959,286963
286971,286985
287016,287028
287037,287044
287059,287063
287071,287085
287092,287102
287118,287125
287139,287141
287156,287160
287173,287187
287194,287207
287211,287224
287230,287248
287253,287269
287276,287282
287295,287305
287367,287379
287419,287426
287435,287442
287457,287461
287474,287488
287490,287501
287517,287529
287538,287540
287586,287593
287636,287643
287658,287662
287670,287689
287749,287754
287796,287806
287868,287875
287913,287921
287932,287945
287950,287966
287978,287984
287997,288005
288014,288022
288033,288046
288051,288067
288079,288080
288098,288108
288112,288120
288131,288149
288154,288165
288177,288183
288196,288203
288219,288226
288235,288242
288257,288261
288274,288288
288290,288300
288316,288328
288337,288344
288359,288363
288371,288385
288392,288407
288411,288424
288430,288448
288453,288469
288476,288482
288495,288509
288513,288521
288532,288545
288550,288566
288578,288584
288597,288606
288610,288623
288634,288647
288652,288668
288675,288681
288699,288702
288739,288741
288756,288760
288773,288787
288794,288804
288815,288827
288836,288843
288858,288862
288870,288889
288891,288901
288917,288929
288938,288940
288955,288964
288972,288986
288993,289002
289018,289025
289039,289041
289056,289060
289073,289087
289094,289104
289115,289127
289136,289143
289158,289162
289170,289189
289191,289209
289213,289221
289232,289245
289250,289266
289278,289284
289297,289307
289311,289324
289330,289348
289353,289369
289376,289382
289395,289400
289416,289428
289437,289444
289459,289463
289471,289485
289492,289503
289519,289526
289535,289542
289557,289561
289590,289601
289617,289629
289638,289640
289655,289664
289672,289686
289693,289705
289714,289722
289733,289746
289751,289767
289779,289780
289798,289808
289812,289820
289831,289849
289854,289865
289877,289883
289896,289906
289910,289923
289934,289947
289952,289968
289975,289981
289999,290006
290010,290023
290034,290047
290052,290068
290075,290081
290099,290109
290113,290121
290132,290145
290150,290166
290178,290184
290197,290204
290215,290227
290236,290243
290258,290262
290270,290289
290291,290301
290317,290329
290355,290364
290372,290386
290393,290408
290412,290420
290431,290449
290454,290465
290477,290483
290496,290505
290514,290522
290580,290598
290607,290611
290624,290630
290648,290653
290669,290676
290703,290719
290726,290735
290742,290757
290788,290790
290800,290816
290844,290859
290863,290871
290902,290918
290925,290939
290960,290973
290987,290994
291046,291051
291067,291079
291080,291098
291108,291112
291154,291165
291235,291242
291274,291288
291316,291328
291337,291344
291371,291385
291392,291407
291411,291424
291453,291469
291476,291482
291495,291509
291545,291550
291566,291578
291606,291610
291623,291634
291647,291652
291668,291675
291718,291725
291739,291741
291756,291760
291773,291787
291794,291804
291815,291827
291836,291843
291858,291862
291870,291889
291891,291901
291917,291929
291938,291940
291955,291964
291972,291986
291993,292003
292019,292026
292061,292074
292088,292090
292128,292137
292144,292159
292185,292192
292222,292233
292246,292251
292308,292312
292320,292331
292349,292354
292365,292377
292383,292396
292401,292417
292429,292438
292440,292455
292493,292504
292515,292527
292536,292543
292591,292602
292618,292625
292639,292641
292706,292710
292723,292734
292768,292775
292813,292821
292832,292845
292850,292866
292878,292884
292897,292907
292911,292924
292930,292948
292953,292969
293020,293031
293106,293110
293123,293134
293147,293152
293181,293199
293255,293264
293272,293286
293293,293303
293319,293326
293357,293361
293374,293388
293390,293405
293414,293422
293433,293446
293451,293467
293479,293480
293498,293507
293511,293524
293582,293595
293609,293613
293678,293684
293697,293700
293716,293728
293771,293785
293825,293839
293873,293887
293915,293927
293958,293962
293970,293989
294025,294039
294041,294056
294115,294127
294189,294191
294209,294213
294250,294266
294307,294311
294324,294330
294348,294353
294369,294376
294382,294395
294400,294416
294444,294459
294492,294503
294535,294542
294557,294561
294574,294588
294629,294638
294640,294655
294664,294672
294686,294693
294705,294714
294722,294733
294746,294751
294767,294779
294780,294798
294808,294812
294820,294831
294849,294854
294865,294877
294883,294896
294906,294910
294923,294934
294947,294952
294968,294975
294981,294999
295001,295017
295072,295086
295093,295103
295157,295161
295174,295188
295190,295208
295231,295249
295254,295265
295323,295334
295375,295381
295399,295404
295415,295427
295436,295443
295458,295462
295470,295489
295518,295525
295539,295541
295556,295560
295594,295600
295637,295644
295659,295663
295671,295685
295692,295709
295713,295721
295778,295784
295797,295807
295811,295824
295869,295876
295882,295895
295905,295914
295922,295933
295946,295951
296016,296028
296063,296071
296118,296125
296139,296141
296156,296160
296207,296211
296224,296230
296248,296253
296269,296276
296282,296295
296305,296314
296322,296333
296367,296379
296380,296398
296403,296419
296426,296435
296442,296457
296461,296474
296488,296490
296501,296517
296529,296538
296540,296555
296564,296572
296586,296593
296604,296615
296627,296636
296643,296658
296662,296670
296689,296691
296708,296712
296720,296731
296749,296754
296765,296777
296783,296796
296806,296810
296823,296834
296847,296852
296868,296875
296881,296899
296909,296913
296921,296932
296945,296950
296966,296978
296984,296997
297009,297013
297021,297032
297045,297050
297066,297078
297084,297097
297107,297111
297124,297130
297148,297153
297169,297176
297182,297195
297202,297218
297225,297239
297241,297256
297260,297273
297287,297294
297304,297315
297327,297336
297362,297370
297410,297423
297434,297447
297452,297468
297475,297481
297499,297508
297512,297520
297531,297549
297605,297614
297651,297667
297679,297680
297698,297701
297717,297729
297738,297740
297772,297786
297819,297826
297861,297874
297888,297890
297928,297937
297992,298004
298015,298027
298062,298070
298117,298129
298186,298193
298206,298210
298252,298268
298275,298281
298299,298309
298313,298321
298332,298345
298350,298366
298378,298384
298397,298402
298418,298425
298439,298441
298456,298460
298473,298487
298494,298500
298516,298528
298537,298544
298559,298563
298571,298585
298592,298603
298635,298642
298657,298661
298674,298688
298724,298730
298748,298753
298769,298776
298782,298795
298822,298833
298846,298851
298867,298879
298880,298898
298954,298965
299007,299011
299024,299030
299048,299053
299069,299076
299082,299095
299105,299114
299122,299133
299146,299151
299167,299179
299180,299198
299200,299216
299228,299237
299285,299292
299356,299360
299409,299413
299478,299484
299497,299506
299510,299523
299552,299568
299575,299581
299599,299608
299612,299620
299631,299649
299654,299665
299677,299683
299696,299704
299715,299727
299736,299743
299758,299762
299770,299789
299791,299801
299838,299840
299855,299864
299872,299886
299893,299903
299935,299942
299957,299961
299974,299988
299990,300004
300015,300027
300036,300043
300058,300062
300070,300089
300091,300101
300117,300129
300138,300140
300155,300164
300172,300186
300193,300206
823986,300223
300234,300247
300252,300268
300275,300281
300299,300309
300313,300321
300332,300345
300350,300366
300378,300384
300397,300402
300418,300425
300439,300441
300456,300460
300473,300487
300494,300500
300516,300528
300537,300544
300559,300563
300571,300585
300592,300603
300619,300626
300635,300642
300657,300661
300674,300688
300690,300707
300711,300724
300753,300769
300776,300782
300795,300805
300814,300822
300851,300867
300879,300880
300898,300908
300912,300920
300931,300949
300954,300965
300977,300983
300996,301000
301016,301028
301037,301044
301059,301063
301118,301125
301139,301141
301156,301160
301224,301230
301248,301253
301269,301276
301282,301295
301305,301314
301322,301333
301346,301351
301367,301379
301380,301398
301403,301419
301426,301435
301442,301457
301461,301474
301488,301490
301501,301517
301555,301564
301572,301586
301593,301604
301615,301627
301658,301662
301670,301689
301749,301754
301810,301823
301868,301875
301881,301899
301909,301913
301921,301932
301945,301950
301966,301978
302007,302011
302024,302030
302048,302053
302069,302076
302082,302095
302105,302114
302122,302133
302146,302151
302167,302179
302180,302198
302200,302216
302271,302285
302292,302302
302318,302325
302339,302341
302356,302360
302421,302432
302445,302450
302466,302478
302484,302497
302506,302510
302523,302534
302575,302581
302612,302620
302665,302677
302715,302727
302736,302743
302791,302801
302872,302886
302893,302903
302919,302926
302935,302942
302957,302961
302974,302988
302990,303002
303018,303025
303039,303041
303056,303060
303073,303087
303115,303127
303136,303143
303158,303162
303209,303213
303221,303232
303266,303278
303284,303297
303307,303311
303348,303353
303382,303395
303400,303416
303428,303437
303444,303459
303463,303471
303485,303492
303503,303519
303526,303535
303542,303557
303561,303574
303617,303629
303664,303672
303714,303722
303733,303746
303751,303767
303779,303780
303798,303808
303831,303849
303854,303865
303896,303906
303910,303923
303934,303947
303952,303968
304020,304031
304083,304096
304106,304110
304147,304152
304168,304175
304181,304199
304229,304238
304240,304255
304264,304272
304286,304293
304303,304319
304326,304335
304342,304357
304361,304374
304388,304390
304405,304414
304422,304433
304446,304451
304467,304479
304524,304530
304548,304553
304569,304576
304582,304595
304609,304613
304621,304632
304716,304728
304737,304744
304759,304763
304771,304785
304792,304802
304818,304825
304839,304841
304856,304860
304873,304887
304894,304904
304915,304927
304936,304943
304958,304962
304970,304989
304991,305009
305013,305021
305032,305045
305078,305084
305097,305107
305111,305124
305130,305148
305153,305169
305176,305182
305225,305239
305241,305256
305294,305304
305343,305358
305389,305391
305406,305410
305423,305434
305468,305475
305481,305499
305508,305512
305520,305531
305549,305554
305565,305577
305583,305596
305605,305614
305622,305633
305646,305651
305667,305679
305680,305698
305701,305717
305729,305738
305740,305755
305764,305772
305786,305793
305803,305819
305826,305835
305842,305857
305861,305874
305888,305890
305900,305916
305928,305937
305944,305959
305963,305971
305985,305992
306005,306014
306022,306033
306046,306051
306067,306079
306080,306098
306108,306112
306120,306131
306149,306154
306165,306177
306183,306196
306203,306219
306226,306235
306242,306257
306261,306274
306288,306290
306300,306316
306328,306337
306344,306359
306363,306371
306385,306392
306407,306411
306424,306430
306448,306453
306469,306476
306482,306495
306509,306513
306521,306532
306545,306550
306566,306578
306584,306597
306623,306634
306647,306652
306668,306675
306718,306725
306739,306741
306756,306760
306773,306787
306843,306858
306889,306891
306929,306938
306940,306955
306964,306972
306986,306993
307038,307040
307055,307064
307072,307086
307093,307103
307119,307126
307135,307142
307157,307161
307174,307188
307190,307208
307212,307220
307231,307249
307254,307265
307277,307283
307296,307306
307310,307323
307334,307347
307375,307381
307399,307404
307415,307427
307436,307443
307458,307462
307470,307489
307491,307502
307518,307525
307539,307541
307556,307560
307573,307587
307594,307600
307616,307628
307637,307644
307659,307663
307671,307685
307692,307709
307713,307721
307732,307745
307750,307766
307778,307784
307811,307824
307830,307848
307853,307869
307905,307914
307922,307933
307946,307951
307967,307979
307980,307998
308006,308010
308023,308034
308068,308075
308081,308099
308109,308113
308121,308132
308145,308150
308166,308178
308184,308197
308204,308215
308227,308236
308243,308258
308262,308270
308289,308291
308301,308317
308329,308338
308340,308355
308393,308408
308412,308420
308431,308449
308454,308465
308477,308483
308496,308505
308514,308522
308533,308546
308551,308567
308579,308580
308598,308607
308611,308624
308630,308648
308653,308669
308676,308682
308695,308703
308719,308726
308735,308742
308757,308761
308774,308788
308790,308800
308816,308828
308837,308844
308871,308885
308892,308902
308918,308925
308939,308941
308956,308960
308973,308987
308994,309003
309019,309026
309035,309042
309057,309061
309090,309100
309137,309144
309185,309192
309246,309251
309267,309279
309280,309298
309308,309312
309320,309331
309349,309354
309365,309377
309383,309396
309401,309417
309429,309438
309440,309455
309493,309504
309515,309527
309536,309543
309558,309562
309570,309589
309591,309602
309618,309625
309639,309641
309656,309660
309673,309687
309694,309706
309710,309723
309734,309747
309752,309768
309775,309781
309799,309809
309813,309821
309832,309845
309850,309866
309878,309884
309897,309907
309911,309924
309953,309969
309976,309982
309995,310008
310012,310020
310031,310049
310054,310065
310077,310083
310096,310106
310110,310123
310134,310147
310152,310168
310175,310181
310199,310201
310217,310229
310238,310240
310255,310264
310272,310286
310293,310303
310319,310326
310335,310342
310357,310361
310374,310388
310390,310405
310414,310422
310433,310446
310479,310480
310498,310507
310511,310524
310530,310548
310553,310569
310576,310582
310595,310609
310613,310621
310632,310645
310650,310666
310678,310684
310697,310700
310716,310728
310737,310744
310759,310763
310771,310785
310792,310802
310818,310825
310839,310841
310856,310860
310873,310887
310894,310904
310915,310927
310936,310943
310958,310962
311007,311011
311024,311030
311048,311053
311069,311076
311082,311095
311105,311114
311122,311133
311146,311151
311167,311179
311180,311198
311200,311216
311228,311237
311244,311259
311263,311271
311285,311292
311302,311318
311325,311339
311341,311356
311360,311373
311387,311394
311409,311413
311421,311432
311445,311450
311466,311478
311484,311497
311506,311510
311523,311534
311547,311552
311568,311575
311581,311599
311608,311612
311620,311631
311649,311654
311665,311677
311683,311696
311704,311715
311727,311736
311743,311758
311762,311770
311789,311791
311801,311817
311829,311838
311840,311855
311864,311872
311886,311893
311903,311919
311926,311935
311942,311957
311961,311974
311988,311990
312000,312016
312028,312037
312063,312071
312085,312092
312102,312118
312125,312139
312141,312156
312160,312173
312187,312194
312207,312211
312224,312230
312248,312253
312269,312276
312282,312295
312305,312314
312322,312333
312346,312351
312367,312379
312380,312398
312403,312419
312426,312435
312442,312457
312461,312474
312501,312517
312529,312538
312540,312555
312564,312572
312586,312593
312604,312615
312627,312636
312643,312658
312712,312720
312731,312749
312783,312796
312823,312834
312847,312852
312868,312875
312881,312899
312921,312932
312945,312950
312984,312997
313005,313014
313046,313051
313067,313079
313108,313112
313120,313131
313149,313154
313165,313177
313183,313196
313203,313219
313226,313235
313261,313274
313288,313290
313337,313344
313359,313363
313371,313385
313392,313407
313411,313424
313430,313448
313482,313495
313509,313513
313521,313532
313545,313550
313566,313578
313584,313597
313606,313610
313623,313634
313647,313652
313718,313725
313739,313741
313756,313760
313804,313815
313827,313836
313843,313858
313862,313870
313889,313891
313901,313917
313929,313938
313940,313955
313964,313972
313986,313993
314004,314015
314027,314036
314043,314058
314062,314070
314089,314091
314101,314117
314129,314138
314140,314155
314164,314172
314186,314193
314206,314210
314223,314234
314247,314252
314268,314275
314281,314299
314309,314313
314321,314332
314345,314350
314366,314378
314384,314397
314402,314418
314425,314439
314441,314456
314460,314473
314500,314516
314528,314537
314544,314559
314563,314571
314585,314592
314603,314619
314626,314635
314661,314674
314688,314690
314707,314711
314748,314753
314769,314776
314782,314795
314822,314833
314846,314851
314867,314879
314912,314920
314965,314977
315019,315026
315035,315042
315074,315088
315090,315100
315116,315128
315137,315144
315159,315163
315171,315185
315222,315233
315246,315251
315267,315279
315280,315298
315308,315312
315320,315331
315349,315354
315365,315377
315455,315464
315536,315543
315589,315591
315602,315618
315641,315656
315660,315673
315710,315723
315734,315747
315752,315768
315775,315781
315799,315809
315813,315821
315832,315845
315850,315866
315878,315884
315897,315907
315911,315924
315930,315948
315953,315969
315976,315982
315995,316002
316018,316025
316039,316041
316056,316060
316073,316087
316094,316104
316115,316127
316136,316143
316158,316162
316170,316189
316191,316209
316213,316221
316232,316245
316250,316266
316278,316284
316297,316307
316311,316324
316382,316395
316400,316416
316428,316437
316444,316459
316463,316471
316485,316492
316561,316574
316588,316590
316655,316664
316672,316686
316693,316705
316714,316722
316733,316746
316751,316767
316779,316780
316798,316808
316812,316820
316831,316849
316854,316865
316877,316883
316896,316906
316910,316923
316934,316947
316952,316968
316975,316981
316999,317006
317010,317023
317034,317047
317052,317068
317075,317081
317099,317109
317113,317121
317132,317145
317150,317166
317178,317184
317262,317270
317338,317340
317355,317364
317408,317412
317420,317431
317449,317454
317465,317477
317483,317496
317505,317514
317522,317533
317546,317551
317567,317579
317580,317598
317607,317611
317624,317630
317648,317653
317669,317676
317703,317719
317742,317757
317788,317790
317800,317816
317844,317859
317863,317871
317885,317892
317902,317918
317925,317939
317941,317956
317960,317973
317987,317994
318001,318017
318029,318038
318040,318055
318064,318072
318086,318093
318103,318119
318126,318135
318142,318157
318161,318174
318188,318190
318208,318212
318220,318231
318249,318254
318265,318277
318283,318296
318306,318310
318323,318334
318347,318352
318399,318404
318436,318443
318458,318462
318470,318489
318491,318502
318518,318525
318539,318541
318556,318560
318573,318587
318594,318600
318616,318628
318637,318644
318659,318663
318671,318685
318692,318709
318732,318745
318750,318766
318778,318784
318797,318807
318811,318824
318830,318848
318853,318869
318895,318905
318914,318922
318933,318946
318951,318967
318979,318980
318998,319009
319013,319021
319032,319045
319050,319066
319078,319084
319097,319107
319111,319124
319130,319148
319202,319218
319225,319239
319241,319256
319287,319294
319304,319315
319327,319336
319343,319358
319362,319370
319406,319410
319452,319468
319499,319508
319549,319554
319583,319596
319605,319614
319622,319633
319646,319651
319667,319679
319680,319698
319729,319738
319740,319755
319764,319772
319786,319793
319803,319819
319826,319835
319842,319857
319861,319874
319888,319890
319900,319916
319971,319985
319992,320003
320019,320026
320035,320042
320100,320116
320128,320137
320144,320159
320185,320192
320222,320233
320246,320251
320267,320279
320280,320298
320308,320312
320396,320401
320438,320440
320455,320464
320472,320486
320527,320536
320543,320558
320618,320625
320656,320660
320673,320687
320694,320706
320734,320747
320752,320768
320775,320781
320799,320809
320813,320821
320850,320866
320878,320884
320897,320907
320911,320924
320930,320948
320953,320969
320976,320982
320995,321004
321015,321027
321036,321043
321101,321117
321129,321138
321172,321186
321193,321206
321268,321275
321281,321299
321309,321313
321321,321332
321345,321350
321366,321378
321384,321397
321402,321418
321441,321456
321516,321528
321537,321544
321585,321592
321603,321619
321657,321661
321674,321688
321690,321707
321711,321724
321730,321748
321753,321769
321795,321805
321814,321822
321833,321846
321851,321867
321879,321880
321898,321908
321912,321920
321931,321949
321996,322006
322010,322023
322068,322075
322113,322121
322184,322197
322204,322215
322243,322258
322262,322270
322289,322291
322301,322317
322329,322338
322340,322355
322364,322372
322386,322393
322454,322465
322505,322514
322522,322533
322567,322579
322580,322598
322607,322611
322676,322682
322788,322790
322800,322816
322828,322837
322844,322859
322863,322871
322885,322892
322902,322918
322925,322939
322941,322956
323017,323029
323038,323040
323055,323064
323072,323086
323093,323103
323119,323126
323135,323142
323157,323161
323174,323188
323190,323208
323283,323296
323306,323310
323323,323334
323399,323404
323415,323427
323462,323470
323489,323491
323539,323541
323556,323560
323600,323616
323628,323637
323644,323659
323663,323671
323709,323713
323721,323732
323784,323797
323807,323811
323824,323830
323848,323853
323914,323922
324007,324011
324095,324105
324151,324167
324179,324180
324198,324200
324216,324228
324237,324244
324259,324263
324271,324285
324292,324302
324339,324341
324356,324360
324373,324387
324413,324421
324432,324445
324450,324466
324478,324484
324497,324506
324510,324523
324534,324547
324552,324568
324575,324581
324599,324608
324612,324620
324631,324649
324683,324696
324727,324736
324743,324758
324762,324770
324789,324791
324801,324817
324829,324838
324840,324855
324864,324872
324886,324893
324903,324919
324974,324988
324990,325008
325049,325054
325065,325077
325110,325123
325134,325147
325152,325168
325175,325181
325199,325201
325217,325229
325238,325240
325255,325264
325272,325286
325293,325303
325361,325374
325414,325422
325467,325479
325480,325498
325507,325511
325524,325530
325548,325553
325569,325576
325582,325595
325609,325613
325621,325632
325645,325650
325666,325678
325700,325716
325728,325737
325744,325759
325763,325771
325785,325792
325802,325818
325825,325839
325841,325856
325860,325873
325887,325894
325927,325936
325943,325958
325962,325970
325989,325991
326009,326013
326021,326032
326045,326050
326066,326078
326084,326097
326107,326111
326124,326130
326148,326153
326169,326176
326182,326195
326239,326241
326273,326287
326315,326327
326362,326370
326389,326391
326406,326410
326423,326434
326447,326452
326468,326475
326481,326499
326508,326512
326520,326531
326549,326554
326565,326577
326583,326596
326605,326614
326622,326633
326646,326651
326667,326679
326680,326698
326755,326764
326826,326835
326842,326857
326861,326874
326888,326890
326900,326916
326928,326937
326944,326959
326992,327000
327016,327028
327037,327044
327085,327092
327139,327141
327156,327160
327173,327187
327194,327207
327211,327224
327230,327248
327253,327269
327276,327282
327295,327305
327314,327322
327333,327346
327379,327380
327398,327403
327419,327426
327435,327442
327488,327490
327538,327540
327586,327593
327604,327615
327670,327689
327691,327708
327712,327720
327731,327749
327754,327765
327777,327783
327796,327806
327810,327823
327834,327847
327852,327868
327875,327881
327913,327921
327950,327966
327978,327984
327997,328005
328014,328022
328033,328046
328051,328067
328079,328080
328098,328108
328112,328120
328131,328149
328154,328165
328177,328183
328196,328203
328219,328226
328235,328242
328257,328261
328274,328288
328290,328300
328316,328328
328337,328344
328359,328363
328371,328385
328392,328407
328411,328424
328430,328448
328453,328469
328476,328482
328495,328509
328513,328521
328584,328597
328606,328610
328647,328652
328668,328675
328681,328699
328702,328718
328725,328739
328741,328756
328760,328773
328787,328794
328804,328815
328827,328836
328843,328858
328862,328870
328889,328891
328901,328917
328929,328938
328964,328972
328986,328993
329002,329018
329025,329039
329041,329056
329060,329073
329087,329094
329104,329115
329127,329136
329143,329158
329162,329170
329189,329191
329209,329213
329221,329232
329245,329250
329266,329278
329284,329297
329307,329311
329324,329330
329348,329353
329369,329376
329382,329395
329400,329416
329428,329437
329444,329459
329485,329492
329503,329519
329526,329535
329542,329557
329561,329574
329588,329590
329601,329617
329629,329638
329640,329655
329664,329672
329686,329693
329705,329714
329722,329733
329746,329751
329767,329779
329780,329798
329808,329812
329849,329854
329865,329877
329906,329910
329923,329934
329947,329952
329968,329975
329981,329999
330007,330011
330024,330030
330048,330053
330069,330076
330082,330095
330105,330114
330122,330133
330146,330151
330167,330179
330180,330198
330200,330216
330228,330237
330318,330325
330339,330341
330409,330413
330421,330432
330445,330450
330466,330478
330484,330497
330506,330510
330523,330534
330547,330552
330568,330575
330581,330599
330608,330612
330620,330631
330649,330654
330665,330677
330736,330743
330801,330817
330829,330838
330840,330855
330864,330872
330886,330893
330903,330919
330926,330935
330942,330957
330961,330974
330988,330990
331006,331010
331023,331034
331047,331052
331068,331075
331081,331099
331109,331113
331178,331184
331227,331236
331243,331258
331317,331329
331338,331340
331386,331393
331408,331412
331420,331431
331465,331477
331483,331496
331522,331533
331579,331580
331611,331624
331630,331648
331653,331669
331676,331682
331695,331703
331719,331726
331735,331742
331757,331761
331774,331788
331828,331837
331844,331859
331863,331871
331885,331892
331902,331918
331941,331956
331960,331973
331987,331994
332004,332015
332027,332036
332043,332058
332062,332070
332089,332091
332101,332117
332129,332138
332140,332155
332164,332172
332186,332193
332206,332210
332223,332234
332247,332252
332268,332275
332281,332299
332309,332313
332321,332332
332345,332350
332366,332378
332402,332418
332425,332439
332441,332456
332460,332473
332487,332494
332500,332516
332528,332537
332544,332559
332563,332571
332585,332592
332603,332619
332626,332635
332642,332657
332661,332674
332688,332690
332707,332711
332724,332730
332748,332753
332769,332776
332782,332795
332805,332814
332822,332833
332846,332851
332867,332879
332880,332898
332908,332912
332920,332931
332949,332954
332965,332977
333013,333021
333032,333045
333050,333066
333078,333084
333097,333107
333111,333124
333130,333148
333153,333169
333182,333195
333202,333218
333225,333239
333241,333256
333260,333273
333287,333294
333304,333315
333327,333336
333362,333370
333389,333391
333406,333410
333423,333434
333468,333475
333481,333499
333508,333512
333520,333531
333549,333554
333565,333577
333583,333596
333605,333614
333622,333633
333679,333680
333698,333701
333717,333729
333786,333793
333842,333857
333861,333874
333900,333916
333944,333959
333963,333971
333985,333992
334003,334019
334026,334035
334042,334057
334061,334074
334088,334090
334100,334116
334144,334159
334163,334171
334185,334192
334205,334214
334251,334267
334279,334280
334298,334308
334312,334320
334331,334349
334354,334365
334429,334438
334464,334472
334486,334493
334504,334515
334527,334536
334543,334558
334562,334570
334589,334591
334602,334618
334625,334639
334641,334656
334660,334673
334687,334694
334706,334710
334723,334734
334747,334752
334768,334775
334781,334799
334809,334813
334821,334832
334866,334878
334884,334897
334907,334911
334924,334930
334948,334953
334969,334976
334982,334995
335002,335018
335087,335094
335104,335115
335170,335189
335191,335209
335213,335221
335232,335245
335250,335266
335278,335284
335297,335307
335311,335324
335330,335348
335353,335369
335400,335416
335428,335437
335444,335459
335463,335471
335485,335492
335503,335519
335526,335535
335542,335557
335561,335574
335588,335590
335601,335617
335629,335638
335640,335655
335686,335693
335705,335714
335722,335733
335746,335751
335767,335779
335780,335798
335808,335812
335820,335831
335849,335854
335865,335877
335883,335896
335906,335910
335923,335934
335947,335952
335968,335975
335981,335999
336001,336017
336029,336038
336040,336055
336064,336072
336086,336093
336126,336135
336142,336157
336188,336190
336208,336212
336220,336231
336249,336254
336265,336277
336283,336296
336306,336310
336323,336334
336347,336352
336399,336404
336415,336427
336436,336443
336458,336462
336470,336489
336491,336502
336518,336525
336539,336541
336556,336560
336573,336587
336594,336600
336663,336671
336685,336692
336709,336713
336778,336784
336797,336807
336811,336824
336830,336848
336853,336869
336876,336882
336895,336905
336914,336922
336933,336946
336951,336967
336979,336980
336998,337005
337014,337022
337033,337046
337051,337067
337079,337080
337098,337108
337112,337120
337131,337149
337154,337165
337177,337183
337196,337203
337219,337226
337257,337261
337274,337288
337290,337300
337316,337328
337337,337344
337371,337385
337424,337430
337448,337453
337469,337476
337513,337521
337550,337566
337610,337623
337652,337668
337699,337702
337718,337725
337739,337741
337756,337760
337773,337787
337794,337804
337815,337827
337836,337843
337929,337938
337940,337955
337964,337972
337986,337993
338000,338016
338028,338037
338044,338059
338063,338071
338085,338092
338102,338118
338125,338139
338141,338156
338160,338173
338187,338194
338207,338211
338224,338230
338248,338253
338269,338276
338314,338322
338333,338346
338426,338435
338461,338474
338517,338529
338538,338540
338572,338586
338593,338604
338662,338670
338689,338691
338708,338712
338720,338731
338749,338754
338765,338777
338783,338796
338806,338810
338823,338834
338847,338852
338868,338875
338881,338899
338909,338913
338921,338932
338945,338950
338966,338978
338984,338997
339008,339012
339020,339031
339049,339054
339065,339077
339083,339096
339106,339110
339123,339134
339147,339152
339168,339175
339181,339199
339201,339217
339229,339238
339240,339255
339319,339326
339361,339374
339414,339422
339433,339446
339451,339467
339524,339530
339548,339553
339569,339576
339582,339595
339650,339666
339678,339684
339697,339700
339716,339728
339759,339763
339771,339785
339818,339825
339860,339873
339887,339894
339904,339915
339927,339936
339943,339958
339962,339970
339989,339991
340005,340014
340022,340033
340046,340051
340067,340079
340080,340098
340108,340112
340120,340131
340149,340154
340165,340177
340183,340196
340203,340219
340226,340235
340242,340257
340261,340274
340288,340290
340300,340316
340328,340337
340344,340359
340363,340371
340385,340392
340407,340411
340424,340430
340448,340453
340469,340476
340482,340495
340509,340513
340521,340532
340545,340550
340566,340578
340584,340597
340606,340610
340623,340634
340647,340652
340668,340675
340681,340699
340702,340718
340725,340739
340741,340756
340760,340773
340787,340794
340804,340815
340827,340836
340843,340858
340862,340870
340889,340891
340901,340917
340929,340938
340940,340955
340964,340972
340986,340993
341009,341013
341021,341032
341045,341050
341097,341107
341130,341148
341153,341169
341225,341239
341241,341256
341260,341273
341287,341294
341358,341362
341370,341389
341391,341406
341410,341423
341434,341447
341452,341468
341475,341481
341499,341508
341512,341520
341531,341549
341554,341565
341577,341583
341596,341605
341614,341622
341633,341646
341651,341667
341679,341680
341698,341701
341717,341729
341764,341772
341786,341793
341803,341819
341826,341835
341842,341857
341890,341900
341916,341928
341937,341944
341959,341963
341971,341985
341992,342002
342018,342025
342039,342041
342056,342060
342073,342087
342094,342104
342115,342127
342136,342143
342189,342191
342209,342213
342221,342232
342245,342250
342266,342278
342284,342297
342307,342311
342324,342330
342348,342353
342369,342376
342382,342395
342400,342416
342428,342437
342444,342459
342463,342471
342485,342492
342503,342519
342542,342557
342561,342574
342588,342590
342601,342617
342655,342664
342672,342686
342693,342705
342714,342722
342733,342746
342751,342767
342779,342780
342798,342808
342812,342820
342831,342849
342854,342865
342877,342883
342896,342906
342910,342923
342934,342947
342952,342968
342975,342981
342999,343007
343011,343024
343030,343048
343053,343069
343076,343082
343095,343105
343114,343122
343133,343146
343151,343167
343179,343180
343228,343237
343244,343259
343263,343271
343285,343292
343302,343318
343325,343339
343341,343356
343360,343373
343387,343394
343409,343413
343445,343450
343466,343478
343534,343547
343552,343568
343612,343620
343631,343649
343654,343665
343677,343683
343696,343704
343715,343727
343736,343743
343758,343762
343770,343789
343791,343801
343817,343829
343838,343840
343872,343886
343893,343903
343919,343926
343935,343942
343957,343961
343974,343988
343990,344001
344017,344029
344038,344040
344055,344064
344072,344086
344093,344103
344142,344157
344161,344174
344188,344190
344208,344212
344220,344231
344249,344254
344265,344277
344283,344296
344306,344310
344375,344381
344399,344404
344415,344427
344436,344443
344458,344462
344470,344489
344491,344502
344518,344525
344539,344541
344556,344560
344573,344587
344594,344600
344616,344628
344637,344644
344659,344663
344671,344685
344692,344709
344713,344721
344732,344745
344750,344766
344778,344784
344797,344807
344811,344824
344830,344848
344853,344869
344876,344882
344895,344905
344914,344922
344933,344946
344979,344980
344998,345000
345016,345028
345059,345063
345071,345085
345092,345102
345118,345125
345139,345141
345156,345160
345173,345187
345194,345207
345211,345224
345230,345248
345305,345314
345322,345333
345346,345351
345380,345398
345403,345419
345426,345435
345442,345457
345461,345474
345488,345490
345555,345564
345572,345586
345593,345604
345615,345627
345636,345643
345658,345662
345754,345765
345777,345783
345796,345806
345810,345823
345834,345847
345852,345868
345875,345881
345899,345909
345913,345921
345932,345945
345950,345966
345978,345984
345997,346004
346015,346027
346036,346043
346058,346062
346070,346089
346091,346101
346117,346129
346138,346140
346155,346164
346172,346186
346193,346206
346210,346223
346234,346247
346252,346268
346275,346281
346299,346309
346313,346321
346332,346345
346350,346366
346397,346402
346418,346425
346439,346441
346456,346460
346473,346487
346494,346500
346516,346528
346537,346544
346559,346563
346571,346585
346592,346603
346619,346626
346635,346642
346657,346661
346674,346688
346748,346753
346769,346776
346782,346795
346805,346814
346822,346833
346846,346851
346867,346879
346880,346898
346908,346912
346920,346931
346949,346954
346965,346977
346983,346996
347008,347012
347020,347031
347049,347054
347065,347077
347134,347147
347152,347168
347175,347181
347229,347238
347240,347255
347264,347272
347319,347326
347335,347342
347357,347361
347405,347414
347422,347433
347446,347451
347467,347479
347480,347498
347507,347511
347524,347530
347548,347553
347569,347576
347582,347595
347609,347613
347621,347632
347645,347650
347666,347678
347684,347697
347700,347716
347728,347737
347744,347759
347763,347771
347785,347792
347802,347818
347825,347839
347841,347856
347860,347873
347887,347894
347958,347962
347970,347989
347991,348003
348019,348026
348061,348074
348088,348090
348100,348116
348128,348137
348144,348159
348163,348171
348214,348222
348233,348246
348251,348267
348279,348280
348298,348308
348312,348320
348331,348349
348354,348365
348396,348401
348417,348429
348455,348464
348472,348486
348493,348504
348515,348527
348536,348543
348589,348591
348602,348618
348625,348639
348641,348656
348660,348673
348706,348710
348723,348734
348747,348752
348768,348775
348781,348799
348809,348813
348821,348832
348845,348850
348866,348878
348884,348897
348907,348911
348924,348930
348948,348953
348969,348976
348982,348995
349006,349010
349023,349034
349047,349052
349068,349075
349081,349099
349109,349113
349121,349132
349145,349150
349215,349227
349236,349243
349289,349291
349355,349364
349408,349412
349420,349431
349477,349483
349496,349505
349546,349551
349567,349579
349607,349611
349653,349669
349676,349682
349695,349703
349719,349726
349735,349742
349757,349761
349828,349837
349844,349859
349863,349871
349885,349892
349902,349918
349925,349939
349987,349994
350006,350010
350052,350068
350099,350109
350145,350150
350166,350178
350184,350197
350204,350215
350227,350236
350243,350258
350262,350270
350289,350291
350301,350317
350329,350338
350340,350355
350386,350393
350408,350412
350420,350431
350477,350483
350496,350505
350514,350522
350533,350546
350551,350567
350598,350607
350611,350624
350630,350648
350653,350669
350676,350682
350726,350735
350742,350757
350761,350774
350788,350790
350828,350837
350844,350859
350863,350871
350885,350892
350902,350918
350925,350939
350960,350973
350987,350994
351005,351014
351022,351033
351046,351051
351067,351079
351080,351098
351108,351112
351120,351131
351149,351154
351165,351177
351242,351257
351316,351328
351385,351392
351430,351448
351453,351469
351476,351482
351495,351509
351513,351521
351532,351545
351550,351566
351597,351606
351610,351623
351634,351647
351652,351668
351675,351681
351699,351702
351718,351725
351739,351741
351756,351760
351773,351787
351794,351804
351815,351827
351836,351843
351858,351862
351929,351938
351940,351955
351986,351993
352003,352019
352042,352057
352061,352074
352088,352090
352128,352137
352144,352159
352163,352171
352214,352222
352233,352246
352251,352267
352298,352308
352312,352320
352331,352349
352383,352396
352401,352417
352440,352455
352464,352472
352486,352493
352527,352536
352543,352558
352562,352570
352589,352591
352602,352618
352625,352639
352673,352687
352694,352706
352710,352723
352734,352747
352752,352768
352775,352781
352799,352809
352850,352866
352878,352884
352897,352907
352911,352924
352930,352948
352953,352969
353020,353031
353049,353054
353065,353077
353083,353096
353123,353134
353199,353201
353240,353255
353293,353303
353319,353326
353335,353342
353357,353361
353374,353388
353390,353405
353414,353422
353433,353446
353451,353467
353479,353480
353498,353507
353511,353524
353530,353548
353553,353569
353576,353582
353621,353632
353666,353678
353684,353697
353700,353716
353728,353737
353744,353759
353763,353771
353785,353792
353802,353818
353825,353839
353841,353856
353860,353873
353887,353894
353904,353915
353927,353936
353943,353958
353962,353970
353989,353991
354002,354018
354073,354087
354143,354158
354213,354221
354284,354297
354307,354311
354324,354330
354348,354353
354369,354376
354382,354395
354400,354416
354428,354437
354444,354459
354463,354471
354485,354492
354503,354519
354526,354535
354542,354557
354588,354590
354601,354617
354629,354638
354640,354655
354664,354672
354686,354693
354705,354714
354722,354733
354746,354751
354767,354779
354780,354798
354808,354812
354820,354831
354849,354854
354865,354877
354883,354896
354906,354910
354923,354934
354947,354952
354968,354975
354981,354999
355001,355017
355029,355038
355040,355055
355086,355093
355103,355119
355126,355135
355142,355157
355161,355174
355188,355190
355208,355212
355220,355231
355249,355254
355265,355277
355283,355296
355306,355310
355323,355334
355399,355404
355458,355462
355491,355502
355518,355525
355556,355560
355573,355587
355594,355600
355616,355628
355637,355644
355659,355663
355671,355685
355692,355709
355713,355721
355732,355745
355750,355766
355778,355784
355797,355807
355811,355824
355830,355848
355853,355869
355876,355882
355914,355922
355933,355946
355951,355967
355979,355980
355998,356000
356016,356028
356037,356044
356059,356063
356071,356085
356092,356102
356139,356141
356156,356160
356173,356187
356194,356207
356211,356224
356230,356248
356253,356269
356276,356282
356295,356305
356314,356322
356333,356346
356351,356367
356379,356380
356398,356403
356419,356426
356435,356442
356457,356461
356474,356488
356490,356501
356564,356572
356604,356615
356627,356636
356643,356658
356712,356720
356731,356749
356783,356796
356834,356847
356852,356868
356909,356913
356921,356932
356997,357009
357013,357021
357032,357045
357050,357066
357078,357084
357148,357153
357169,357176
357182,357195
357202,357218
357225,357239
357241,357256
357294,357304
357315,357327
357336,357343
357358,357362
357370,357389
357391,357406
357410,357423
357434,357447
357452,357468
357475,357481
357499,357508
357512,357520
357531,357549
357554,357565
357577,357583
357596,357605
357614,357622
357633,357646
357651,357667
357679,357680
357698,357701
357717,357729
357738,357740
357755,357764
357772,357786
357793,357803
357819,357826
357835,357842
357857,357861
357874,357888
357890,357900
357916,357928
357937,357944
358004,358015
358058,358062
358091,358101
358117,358129
358186,358193
358234,358247
358252,358268
358275,358281
358299,358309
358313,358321
358332,358345
358350,358366
358378,358384
358439,358441
358487,358494
358500,358516
358528,358537
358544,358559
358563,358571
358585,358592
358603,358619
358674,358688
358690,358707
358730,358748
358805,358814
358846,358851
358898,358908
358931,358949
358983,358996
359024,359030
359048,359053
359069,359076
359082,359095
359105,359114
359122,359133
359167,359179
359180,359198
359228,359237
359263,359271
359318,359325
359360,359373
359421,359432
359445,359450
359510,359523
359608,359612
359654,359665
359704,359715
359727,359736
359743,359758
359762,359770
359789,359791
359801,359817
359829,359838
359840,359855
359864,359872
359886,359893
359903,359919
359926,359935
359942,359957
359961,359974
359988,359990
360002,360018
360025,360039
360041,360056
360060,360073
360087,360094
360104,360115
360127,360136
360143,360158
360162,360170
360189,360191
360209,360213
360221,360232
360297,360307
360348,360353
360369,360376
360382,360395
360400,360416
360428,360437
360444,360459
360463,360471
360485,360492
360503,360519
360526,360535
360542,360557
360561,360574
360588,360590
360601,360617
360629,360638
360664,360672
360686,360693
360751,360767
360779,360780
360820,360831
360849,360854
360865,360877
360883,360896
360906,360910
360923,360934
360947,360952
360968,360975
361003,361019
361026,361035
361042,361057
361061,361074
361088,361090
361100,361116
361128,361137
361144,361159
361163,361171
361222,361233
361246,361251
361280,361298
361308,361312
361349,361354
361365,361377
361383,361396
361401,361417
361429,361438
361486,361493
361536,361543
361570,361589
361591,361602
361618,361625
361639,361641
361694,361706
361747,361752
361768,361775
361781,361799
361809,361813
361821,361832
361845,361850
361866,361878
361930,361948
361982,361995
362005,362014
362022,362033
362067,362079
362080,362098
362120,362131
362149,362154
362183,362196
362203,362219
362226,362235
362242,362257
362261,362274
362288,362290
362300,362316
362328,362337
362344,362359
362363,362371
362385,362392
362407,362411
362424,362430
362448,362453
362469,362476
362482,362495
362509,362513
362566,362578
362584,362597
362606,362610
362623,362634
362647,362652
362668,362675
362681,362699
362702,362718
362725,362739
362741,362756
362760,362773
362787,362794
362804,362815
362827,362836
362843,362858
362862,362870
362889,362891
362901,362917
362929,362938
362940,362955
362964,362972
362986,362993
363000,363016
363028,363037
363044,363059
363063,363071
363085,363092
363102,363118
363125,363139
363141,363156
363160,363173
363187,363194
363207,363211
363224,363230
363248,363253
363282,363295
363305,363314
363322,363333
363346,363351
363367,363379
363380,363398
363403,363419
363426,363435
363442,363457
363461,363474
363488,363490
363501,363517
363529,363538
363540,363555
363564,363572
363586,363593
363604,363615
363627,363636
363643,363658
363662,363670
363689,363691
363708,363712
363720,363731
363749,363754
363765,363777
363783,363796
363806,363810
363823,363834
363847,363852
363868,363875
363881,363899
363909,363913
363921,363932
363945,363950
363966,363978
363984,363997
364006,364010
364052,364068
364075,364081
364099,364109
364113,364121
364132,364145
364150,364166
364178,364184
364197,364204
364215,364227
364236,364243
364258,364262
364270,364289
364291,364301
364317,364329
364386,364393
364408,364412
364454,364465
364505,364514
364522,364533
364579,364580
364624,364630
364648,364653
364669,364676
364719,364726
364735,364742
364757,364761
364800,364816
364828,364837
364844,364859
364863,364871
364885,364892
364902,364918
364987,364994
365007,365011
365024,365030
365048,365053
365095,365105
365114,365122
365133,365146
365151,365167
365179,365180
365198,365200
365216,365228
365237,365244
365259,365263
365271,365285
365292,365302
365318,365325
365339,365341
365356,365360
365373,365387
365394,365409
365413,365421
365432,365445
365484,365497
365523,365534
365547,365552
365568,365575
365581,365599
365608,365612
365620,365631
365649,365654
365665,365677
365683,365696
365704,365715
365727,365736
365743,365758
365762,365770
365789,365791
365801,365817
365829,365838
365840,365855
365864,365872
365886,365893
365903,365919
365926,365935
365961,365974
365988,365990
366008,366012
366020,366031
366049,366054
366065,366077
366083,366096
366106,366110
366123,366134
366147,366152
366168,366175
366181,366199
366201,366217
366229,366238
366240,366255
366264,366272
366303,366319
366342,366357
366361,366374
366388,366390
366422,366433
366446,366451
366467,366479
366480,366498
366524,366530
366548,366553
366569,366576
366582,366595
366609,366613
366621,366632
366645,366650
366697,366700
366716,366728
366737,366744
366759,366763
366771,366785
366792,366802
366818,366825
366839,366841
366856,366860
366873,366887
366894,366904
366915,366927
366936,366943
366958,366962
366970,366989
366991,367004
367036,367043
367058,367062
367070,367089
367091,367101
367117,367129
367138,367140
367155,367164
367172,367186
367193,367206
367210,367223
367234,367247
367252,367268
367275,367281
367299,367309
367313,367321
367332,367345
367350,367366
367378,367384
367397,367402
367418,367425
367439,367441
367456,367460
367528,367537
367544,367559
367563,367571
367585,367592
367603,367619
367626,367635
367642,367657
367661,367674
367688,367690
367707,367711
367724,367730
367748,367753
367769,367776
367782,367795
367805,367814
367822,367833
367846,367851
367867,367879
367880,367898
367908,367912
367920,367931
367949,367954
367965,367977
367983,367996
368009,368013
368021,368032
368045,368050
368097,368107
368111,368124
368130,368148
368153,368169
368176,368182
368195,368202
368218,368225
368239,368241
368256,368260
368273,368287
368294,368304
368315,368327
368336,368343
368370,368389
368391,368406
368410,368423
368468,368475
368481,368499
368508,368512
368520,368531
368549,368554
368565,368577
368583,368596
368605,368614
368622,368633
368646,368651
368667,368679
368680,368698
368701,368717
368729,368738
368740,368755
368764,368772
368786,368793
368803,368819
368826,368835
368842,368857
368861,368874
368888,368890
368900,368916
368928,368937
368944,368959
368963,368971
368985,368992
369038,369040
369055,369064
369072,369086
369093,369103
369119,369126
369135,369142
369157,369161
369174,369188
369190,369208
369212,369220
369231,369249
369254,369265
369277,369283
369296,369306
369310,369323
369334,369347
369352,369368
369375,369381
369399,369404
369436,369443
369458,369462
369470,369489
369491,369502
369518,369525
369539,369541
369556,369560
369573,369587
369594,369600
369616,369628
369637,369644
369659,369663
369671,369685
369692,369709
369713,369721
369732,369745
369750,369766
369797,369807
369811,369824
369830,369848
369853,369869
369895,369905
369914,369922
369933,369946
369951,369967
370000,370016
370044,370059
370063,370071
370085,370092
370102,370118
370125,370139
370141,370156
370160,370173
370187,370194
370248,370253
370269,370276
370282,370295
370305,370314
370322,370333
370346,370351
370367,370379
370380,370398
370435,370442
370457,370461
370529,370538
370540,370555
370564,370572
370586,370593
370604,370615
370662,370670
370689,370691
370708,370712
370720,370731
370749,370754
370765,370777
370783,370796
370806,370810
370823,370834
370847,370852
370868,370875
370881,370899
370909,370913
370921,370932
370945,370950
370966,370978
370984,370997
371001,371017
371029,371038
371040,371055
371086,371093
371103,371119
371142,371157
371161,371174
371188,371190
371208,371212
371249,371254
371265,371277
371283,371296
371306,371310
371323,371334
371368,371375
371415,371427
371436,371443
371458,371462
371470,371489
371491,371502
371518,371525
371539,371541
371556,371560
371573,371587
371594,371600
371616,371628
371637,371644
371659,371663
371671,371685
371692,371709
371713,371721
371732,371745
371750,371766
371778,371784
371797,371807
371811,371824
371830,371848
371853,371869
371876,371882
371895,371905
371914,371922
371933,371946
371951,371967
371979,371980
371998,372008
372012,372020
372031,372049
372054,372065
372077,372083
372096,372106
372110,372123
372134,372147
372152,372168
372175,372181
372199,372201
372217,372229
372238,372240
372255,372264
372293,372303
372319,372326
372335,372342
372357,372361
372374,372388
372390,372405
372414,372422
372433,372446
372451,372467
372479,372480
372498,372507
372511,372524
372530,372548
372553,372569
372576,372582
372595,372609
372613,372621
372632,372645
372650,372666
372678,372684
372697,372700
372716,372728
372785,372792
372802,372818
372825,372839
372841,372856
372860,372873
372904,372915
372943,372958
372962,372970
372989,372991
373003,373019
373026,373035
373061,373074
373088,373090
373137,373144
373159,373163
373171,373185
373246,373251
373267,373279
373280,373298
373308,373312
373320,373331
373349,373354
373365,373377
373383,373396
373401,373417
373429,373438
373440,373455
373464,373472
373486,373493
373504,373515
373527,373536
373543,373558
373562,373570
373589,373591
373602,373618
373625,373639
373641,373656
373660,373673
373687,373694
373706,373710
373747,373752
373768,373775
373781,373799
373809,373813
373821,373832
373845,373850
373866,373878
373884,373897
373907,373911
373976,373982
373995,374009
374013,374021
374084,374097
374107,374111
374124,374130
374148,374153
374169,374176
374182,374195
374202,374218
374225,374239
374273,374287
374294,374304
374315,374327
374336,374343
374358,374362
374391,374406
374410,374423
374434,374447
374452,374468
374475,374481
374499,374508
374512,374520
374531,374549
374554,374565
374577,374583
374596,374605
374614,374622
374633,374646
374651,374667
374679,374680
374698,374701
374717,374729
374738,374740
374755,374764
374772,374786
374793,374803
374819,374826
374835,374842
374857,374861
374874,374888
374890,374900
374916,374928
374937,374944
374959,374963
374971,374985
374992,375005
375014,375022
375033,375046
375051,375067
375120,375131
375149,375154
375165,375177
375183,375196
375203,375219
375226,375235
375242,375257
375261,375274
375328,375337
375344,375359
375363,375371
375385,375392
375407,375411
375424,375430
375448,375453
375469,375476
375482,375495
375509,375513
375521,375532
375545,375550
375566,375578
375584,375597
375606,375610
375623,375634
375647,375652
375681,375699
375702,375718
375741,375756
375760,375773
375787,375794
375804,375815
375827,375836
375843,375858
375862,375870
375889,375891
375901,375917
375929,375938
375940,375955
375964,375972
375986,375993
376023,376034
376047,376052
376068,376075
376081,376099
376109,376113
376121,376132
376145,376150
376166,376178
376184,376197
376204,376215
376227,376236
376243,376258
376262,376270
376289,376291
376301,376317
376329,376338
376340,376355
376364,376372
376386,376393
376408,376412
376449,376454
376465,376477
376505,376514
376522,376533
376546,376551
376598,376607
376611,376624
376630,376648
376653,376669
376676,376682
376695,376703
376719,376726
376735,376742
376757,376761
376774,376788
376790,376800
376816,376828
376837,376844
376859,376863
376871,376885
376892,376902
376918,376925
376939,376941
376956,376960
376973,376987
376994,377002
377041,377056
377087,377094
377104,377115
377127,377136
377143,377158
377162,377170
377189,377191
377209,377213
377221,377232
377245,377250
377266,377278
377284,377297
377307,377311
377324,377330
377348,377353
377369,377376
377382,377395
377400,377416
377428,377437
377444,377459
377463,377471
377503,377519
377526,377535
377542,377557
377561,377574
377588,377590
377601,377617
377640,377655
377664,377672
377686,377693
377722,377733
377746,377751
377767,377779
377780,377798
377808,377812
377820,377831
377849,377854
377865,377877
377883,377896
377906,377910
377947,377952
377968,377975
377981,377999
378007,378011
378024,378030
378048,378053
378082,378095
378105,378114
378122,378133
378146,378151
378167,378179
378180,378198
378200,378216
378228,378237
378292,378302
378318,378325
378360,378373
378387,378394
378506,378510
378523,378534
378547,378552
378568,378575
378612,378620
378631,378649
378654,378665
378677,378683
378727,378736
378743,378758
378762,378770
378789,378791
378801,378817
378829,378838
378864,378872
378886,378893
378903,378919
378926,378935
378961,378974
378988,378990
379004,379015
379027,379036
379043,379058
379062,379070
379089,379091
379101,379117
379129,379138
379164,379172
379186,379193
379206,379210
379223,379234
379247,379252
379268,379275
379281,379299
379309,379313
379321,379332
379345,379350
379366,379378
379384,379397
379402,379418
379425,379439
379441,379456
379460,379473
379487,379494
379500,379516
379528,379537
379544,379559
379563,379571
379642,379657
379661,379674
379688,379690
379707,379711
379724,379730
379776,379782
379795,379805
379814,379822
379833,379846
379851,379867
379879,379880
379898,379908
379912,379920
379931,379949
379954,379965
379977,379983
379996,380001
380017,380029
380038,380040
380055,380064
380072,380086
380093,380103
380119,380126
380135,380142
380157,380161
380190,380208
380212,380220
380265,380277
380283,380296
380306,380310
380375,380381
380399,380404
380415,380427
380436,380443
380458,380462
380470,380489
380491,380502
380518,380525
380539,380541
380556,380560
380573,380587
380616,380628
380637,380644
380659,380663
380671,380685
380692,380709
380713,380721
380732,380745
380750,380766
380778,380784
380797,380807
380811,380824
380830,380848
380853,380869
380876,380882
380895,380905
380914,380922
380933,380946
380951,380967
380979,380980
380998,381002
381018,381025
381039,381041
381056,381060
381073,381087
381094,381104
381115,381127
381136,381143
381158,381162
381170,381189
381191,381209
381213,381221
381232,381245
381250,381266
381278,381284
381297,381307
381311,381324
381330,381348
381353,381369
381376,381382
381395,381400
381416,381428
381437,381444
381471,381485
381492,381503
381519,381526
381535,381542
381557,381561
381574,381588
381590,381601
381617,381629
381638,381640
381655,381664
381672,381686
381693,381705
381714,381722
381733,381746
381751,381767
381779,381780
381798,381808
381812,381820
381831,381849
381854,381865
381877,381883
381896,381906
381910,381923
381934,381947
381952,381968
381975,381981
381999,382009
382013,382021
382032,382045
382050,382066
382078,382084
382097,382107
382111,382124
382130,382148
382153,382169
382176,382182
382195,382202
382218,382225
382239,382241
382256,382260
382273,382287
382294,382304
382315,382327
382336,382343
382358,382362
382370,382389
382391,382406
382468,382475
382481,382499
382508,382512
382520,382531
382549,382554
382565,382577
382583,382596
382605,382614
382622,382633
382646,382651
382667,382679
382680,382698
382701,382717
382729,382738
382740,382755
382764,382772
382786,382793
382803,382819
382826,382835
382842,382857
382861,382874
382888,382890
382928,382937
382944,382959
382963,382971
382985,382992
383004,383015
383043,383058
383062,383070
383089,383091
383101,383117
383129,383138
383140,383155
383164,383172
383186,383193
383206,383210
383247,383252
383268,383275
383281,383299
383309,383313
383321,383332
383345,383350
383366,383378
383384,383397
383402,383418
383425,383439
383441,383456
383460,383473
383487,383494
383500,383516
383559,383563
383571,383585
383592,383603
383619,383626
383635,383642
383657,383661
383674,383688
383690,383707
383711,383724
383730,383748
383805,383814
383846,383851
383867,383879
383880,383898
383908,383912
383920,383931
383949,383954
383965,383977
383983,383996
384022,384033
384046,384051
384067,384079
384080,384098
384120,384131
384165,384177
384183,384196
384226,384235
384242,384257
384261,384274
384288,384290
384300,384316
384328,384337
384344,384359
384363,384371
384385,384392
384407,384411
384424,384430
384448,384453
384469,384476
384482,384495
384509,384513
384521,384532
384545,384550
384566,384578
384584,384597
384623,384634
384647,384652
384668,384675
384718,384725
384739,384741
384756,384760
384773,384787
384794,384804
384815,384827
384862,384870
384889,384891
384901,384917
384929,384938
384940,384955
384964,384972
384986,384993
385006,385010
385023,385034
385047,385052
385068,385075
385081,385099
385178,385184
385197,385204
385215,385227
385236,385243
385258,385262
385270,385289
385291,385301
385317,385329
385338,385340
385393,385408
385412,385420
385431,385449
385454,385465
385477,385483
385496,385505
385533,385546
385598,385607
385648,385653
385726,385735
385742,385757
385761,385774
385788,385790
385800,385816
385828,385837
385844,385859
385863,385871
385885,385892
385902,385918
385925,385939
385941,385956
385960,385973
385987,385994
386007,386011
386024,386030
386069,386076
386082,386095
386105,386114
386122,386133
386146,386151
386167,386179
386180,386198
386200,386216
386244,386259
386263,386271
386285,386292
386302,386318
386325,386339
386341,386356
386360,386373
386387,386394
386409,386413
386421,386432
386445,386450
386466,386478
386484,386497
386506,386510
386523,386534
386575,386581
386599,386608
386612,386620
386631,386649
386677,386683
386696,386704
386715,386727
386736,386743
386758,386762
386770,386789
386791,386801
386817,386829
386838,386840
386855,386864
386872,386886
386893,386903
386919,386926
386935,386942
386957,386961
386974,386988
386990,387003
387019,387026
387035,387042
387057,387061
387074,387088
387090,387100
387116,387128
387171,387185
387192,387205
387214,387222
387233,387246
387251,387267
387320,387331
387349,387354
387365,387377
387383,387396
387401,387417
387429,387438
387440,387455
387486,387493
387504,387515
387527,387536
387543,387558
387562,387570
387589,387591
387602,387618
387625,387639
387641,387656
387660,387673
387687,387694
387752,387768
387775,387781
387813,387821
387832,387845
387850,387866
387878,387884
387897,387907
387948,387953
388012,388020
388031,388049
388083,388096
388106,388110
388123,388134
388147,388152
388181,388199
388201,388217
388229,388238
388240,388255
388264,388272
388286,388293
388303,388319
388326,388335
388342,388357
388361,388374
388433,388446
388479,388480
388498,388507
388511,388524
388530,388548
388553,388569
388576,388582
388621,388632
388645,388650
388737,388744
388785,388792
388825,388839
388841,388856
388860,388873
388887,388894
388904,388915
388958,388962
388970,388989
388991,389000
389016,389028
389037,389044
389059,389063
389071,389085
389092,389102
389118,389125
389139,389141
389156,389160
389173,389187
389194,389207
389211,389224
389230,389248
389253,389269
389276,389282
389295,389305
389314,389322
389333,389346
389351,389367
389379,389380
389398,389403
389419,389426
389435,389442
389457,389461
389474,389488
389490,389501
389517,389529
389538,389540
389555,389564
389572,389586
389593,389604
389615,389627
389636,389643
389658,389662
389691,389708
389712,389720
389731,389749
389875,389881
389899,389909
389913,389921
389966,389978
389984,389997
390021,390032
390084,390097
390107,390111
390124,390130
390148,390153
390169,390176
390182,390195
390202,390218
390225,390239
390241,390256
390260,390273
390287,390294
390304,390315
390327,390336
390343,390358
390362,390370
390389,390391
390406,390410
390447,390452
390481,390499
390508,390512
390520,390531
390596,390605
390614,390622
390633,390646
390651,390667
390679,390680
390698,390701
390717,390729
390764,390772
390786,390793
390803,390819
390826,390835
390842,390857
390861,390874
390888,390890
390900,390916
390928,390937
390944,390959
390963,390971
390985,390992
391008,391012
391020,391031
391049,391054
391065,391077
391083,391096
391106,391110
391123,391134
391147,391152
391181,391199
391201,391217
391229,391238
391240,391255
391264,391272
391286,391293
391303,391319
391357,391361
391433,391446
391451,391467
391498,391507
391553,391569
391576,391582
391595,391609
391613,391621
391632,391645
391684,391697
391728,391737
391744,391759
391763,391771
391785,391792
391802,391818
391825,391839
391841,391856
391860,391873
391887,391894
391958,391962
391970,391989
391991,392001
392017,392029
392038,392040
392055,392064
392072,392086
392093,392103
392119,392126
392135,392142
392157,392161
392174,392188
392190,392208
392212,392220
392231,392249
392254,392265
392277,392283
392296,392306
392310,392323
392334,392347
392352,392368
392375,392381
392399,392404
392415,392427
392436,392443
392458,392462
392470,392489
392491,392502
392518,392525
392539,392541
392594,392600
392616,392628
392637,392644
392659,392663
392671,392685
392692,392709
392713,392721
392732,392745
392750,392766
392778,392784
392797,392807
392811,392824
392830,392848
392853,392869
392876,392882
392895,392905
392933,392946
392951,392967
392998,393006
393010,393023
393034,393047
393052,393068
393099,393109
393113,393121
393132,393145
393150,393166
393178,393184
393197,393204
393215,393227
393236,393243
393258,393262
393270,393289
393291,393301
393317,393329
393338,393340
393355,393364
393372,393386
393393,393408
393412,393420
393431,393449
393454,393465
393477,393483
393496,393505
393514,393522
393533,393546
393551,393567
393579,393580
393598,393607
393611,393624
393630,393648
393653,393669
393676,393682
393695,393703
393719,393726
393735,393742
393757,393761
393774,393788
393790,393800
393816,393828
393859,393863
393871,393885
393892,393902
393956,393960
393994,394000
394016,394028
394037,394044
394059,394063
394071,394085
394092,394102
394118,394125
394139,394141
394156,394160
394173,394187
394194,394207
394211,394224
394230,394248
394253,394269
394276,394282
394295,394305
394314,394322
394333,394346
394351,394367
394379,394380
394398,394403
394419,394426
394435,394442
394457,394461
394474,394488
394490,394501
394538,394540
394586,394593
394604,394615
394643,394658
394662,394670
394689,394691
394708,394712
394720,394731
394783,394796
394806,394810
394823,394834
394847,394852
394868,394875
394881,394899
394909,394913
394921,394932
394945,394950
394966,394978
394984,394997
395004,395015
395027,395036
395043,395058
395062,395070
395138,395140
395186,395193
395234,395247
395252,395268
395275,395281
395299,395309
395313,395321
395332,395345
395350,395366
395378,395384
395397,395402
395418,395425
395439,395441
395456,395460
395473,395487
395494,395500
395516,395528
395537,395544
395559,395563
395571,395585
395592,395603
395619,395626
395635,395642
395657,395661
395674,395688
395690,395707
395711,395724
395730,395748
395753,395769
395776,395782
395795,395805
395814,395822
395833,395846
395879,395880
395898,395908
395949,395954
395996,396003
396035,396042
396057,396061
396074,396088
396090,396100
396116,396128
396137,396144
396159,396163
396171,396185
396192,396205
396214,396222
396233,396246
396251,396267
396279,396280
396298,396308
396312,396320
396331,396349
396354,396365
396377,396383
396396,396401
396417,396429
396438,396440
396455,396464
396472,396486
396493,396504
396515,396527
396536,396543
396558,396562
396570,396589
396591,396602
396618,396625
396639,396641
396656,396660
396673,396687
396694,396706
396710,396723
396734,396747
396752,396768
396775,396781
396799,396809
396832,396845
396850,396866
396878,396884
396897,396907
396911,396924
396953,396969
397007,397011
397024,397030
397048,397053
397069,397076
397133,397146
397151,397167
397179,397180
397198,397200
397216,397228
397237,397244
397259,397263
397271,397285
397318,397325
397339,397341
397356,397360
397373,397387
397432,397445
397450,397466
397478,397484
397497,397506
397510,397523
397534,397547
397552,397568
397575,397581
397599,397608
397612,397620
397677,397683
397696,397704
397736,397743
397770,397789
397791,397801
397817,397829
397838,397840
397855,397864
397872,397886
397893,397903
397919,397926
397935,397942
397957,397961
397974,397988
397990,398002
398056,398060
398127,398136
398170,398189
398191,398209
398213,398221
398284,398297
398307,398311
398324,398330
398348,398353
398395,398400
398416,398428
398437,398444
398574,398588
398590,398601
398617,398629
398638,398640
398655,398664
398672,398686
398693,398705
398714,398722
398733,398746
398751,398767
398779,398780
398798,398808
398812,398820
398831,398849
398854,398865
398877,398883
398896,398906
398968,398975
399014,399022
399033,399046
399051,399067
399079,399080
399098,399108
399112,399120
399131,399149
399154,399165
399177,399183
399196,399203
399219,399226
399235,399242
399257,399261
399274,399288
399290,399300
399316,399328
399337,399344
399359,399363
399371,399385
399392,399407
399411,399424
399430,399448
399453,399469
399509,399513
399521,399532
399545,399550
399566,399578
399584,399597
399606,399610
399623,399634
399647,399652
399668,399675
399681,399699
399702,399718
399756,399760
399827,399836
399843,399858
399862,399870
399889,399891
399901,399917
399929,399938
399940,399955
399964,399972
399986,399993
400003,400019
400026,400035
400042,400057
400061,400074
400100,400116
400128,400137
400144,400159
400163,400171
400205,400214
400222,400233
400246,400251
400267,400279
400280,400298
400308,400312
400320,400331
400349,400354
400365,400377
400383,400396
400401,400417
400429,400438
400440,400455
400464,400472
400486,400493
400504,400515
400527,400536
400591,400602
400618,400625
400639,400641
400656,400660
400673,400687
400694,400706
400710,400723
400752,400768
400775,400781
400799,400809
400813,400821
400832,400845
400884,400897
400924,400930
400948,400953
400969,400976
400982,400995
401004,401015
401027,401036
401062,401070
401101,401117
401155,401164
401172,401186
401193,401206
401210,401223
401234,401247
401252,401268
401275,401281
401299,401309
401313,401321
401332,401345
401350,401366
401378,401384
401397,401402
401418,401425
401439,401441
401456,401460
401473,401487
401494,401500
401537,401544
401559,401563
401571,401585
401619,401626
401635,401642
401657,401661
401674,401688
401690,401707
401711,401724
401730,401748
401753,401769
401776,401782
401795,401805
401833,401846
401880,401898
401908,401912
401949,401954
401965,401977
401983,401996
402006,402010
402023,402034
402047,402052
402068,402075
402081,402099
402109,402113
402121,402132
402145,402150
402166,402178
402184,402197
402204,402215
402227,402236
402243,402258
402262,402270
402289,402291
402301,402317
402329,402338
402340,402355
402364,402372
402386,402393
402408,402412
402420,402431
402449,402454
402465,402477
402483,402496
402505,402514
402522,402533
402546,402551
402567,402579
402580,402598
402607,402611
402624,402630
402648,402653
402669,402676
402682,402695
402703,402719
402726,402735
402742,402757
402761,402774
402788,402790
402800,402816
402828,402837
402844,402859
402863,402871
402885,402892
402902,402918
402925,402939
402941,402956
402960,402973
402987,402994
403001,403017
403029,403038
403040,403055
403064,403072
403086,403093
403103,403119
403126,403135
403142,403157
403161,403174
403188,403190
403208,403212
403220,403231
403249,403254
403265,403277
403306,403310
403323,403334
403347,403352
403368,403375
403381,403399
403404,403415
403427,403436
403443,403458
403462,403470
403489,403491
403502,403518
403525,403539
403541,403556
403560,403573
403587,403594
403600,403616
403628,403637
403644,403659
403663,403671
403685,403692
403709,403713
403721,403732
403745,403750
403766,403778
403784,403797
403807,403811
403824,403830
403848,403853
403869,403876
403882,403895
403905,403914
403922,403933
403946,403951
403967,403979
403980,403998
404007,404011
404024,404030
404048,404053
404069,404076
404082,404095
404105,404114
404122,404133
404146,404151
404167,404179
404180,404198
404200,404216
404228,404237
404244,404259
404263,404271
404285,404292
404302,404318
404325,404339
404341,404356
404360,404373
404387,404394
404409,404413
404421,404432
404445,404450
404466,404478
404484,404497
404506,404510
404523,404534
404547,404552
404568,404575
404581,404599
404608,404612
404620,404631
404649,404654
404665,404677
404683,404696
404704,404715
404727,404736
404743,404758
404762,404770
404789,404791
404801,404817
404829,404838
404840,404855
404864,404872
404886,404893
404903,404919
404926,404935
404942,404957
404961,404974
404988,404990
405008,405012
405020,405031
405049,405054
405065,405077
405083,405096
405106,405110
405123,405134
405147,405152
405168,405175
405181,405199
405201,405217
405229,405238
405240,405255
405264,405272
405286,405293
405326,405335
405342,405357
405361,405374
405388,405390
405405,405414
405422,405433
405446,405451
405467,405479
405480,405498
405507,405511
405524,405530
405548,405553
405569,405576
405582,405595
405609,405613
405621,405632
405645,405650
405666,405678
405684,405697
405700,405716
405728,405737
405771,405785
405792,405802
405818,405825
405839,405841
405856,405860
405873,405887
405894,405904
405915,405927
405936,405943
405958,405962
405970,405989
405991,406009
406013,406021
406032,406045
406050,406066
406078,406084
406097,406107
406111,406124
406130,406148
406182,406195
406202,406218
406225,406239
406241,406256
406260,406273
406287,406294
406304,406315
406327,406336
406343,406358
406362,406370
406389,406391
406406,406410
406423,406434
406447,406452
406468,406475
406481,406499
406508,406512
406520,406531
406549,406554
406565,406577
406614,406622
406633,406646
406651,406667
406679,406680
406698,406701
406717,406729
406738,406740
406755,406764
406772,406786
406793,406803
406819,406826
406888,406890
406937,406944
406959,406963
407000,407016
407028,407037
407044,407059
407063,407071
407085,407092
407102,407118
407125,407139
407141,407156
407160,407173
407187,407194
407207,407211
407248,407253
407269,407276
407282,407295
407305,407314
407322,407333
407346,407351
407367,407379
407403,407419
407457,407461
407474,407488
407490,407501
407540,407555
407564,407572
407586,407593
407627,407636
407643,407658
407662,407670
407689,407691
407708,407712
407720,407731
407749,407754
407765,407777
407783,407796
407806,407810
407823,407834
407847,407852
407881,407899
407932,407945
407950,407966
407978,407984
407997,408005
408014,408022
408033,408046
408051,408067
408079,408080
408098,408108
408112,408120
408131,408149
408154,408165
408177,408183
408196,408203
408219,408226
408235,408242
408257,408261
408274,408288
408290,408300
408316,408328
408337,408344
408359,408363
408392,408407
408411,408424
408430,408448
408453,408469
408476,408482
408495,408509
408513,408521
408532,408545
408550,408566
408578,408584
408597,408606
408610,408623
408634,408647
408652,408668
408675,408681
408699,408702
408718,408725
408739,408741
408756,408760
408773,408787
408794,408804
408815,408827
408836,408843
408858,408862
408870,408889
408891,408901
408917,408929
408938,408940
408955,408964
408972,408986
408993,409002
409018,409025
409039,409041
409056,409060
409073,409087
409094,409104
409115,409127
409136,409143
409158,409162
409170,409189
409213,409221
409232,409245
409250,409266
409278,409284
409297,409307
409311,409324
409369,409376
409382,409395
409400,409416
409428,409437
409444,409459
409463,409471
409485,409492
409503,409519
409526,409535
409542,409557
409561,409574
409588,409590
409601,409617
409629,409638
409672,409686
409714,409722
409733,409746
409779,409780
409798,409808
409812,409820
409854,409865
409877,409883
409896,409906
409910,409923
409934,409947
409981,409999
410030,410048
410082,410095
410133,410146
410180,410198
410200,410216
410259,410263
410271,410285
410292,410302
410318,410325
410339,410341
410356,410360
410373,410387
410394,410409
410413,410421
410432,410445
410506,410510
410523,410534
410547,410552
410568,410575
410581,410599
410608,410612
410620,410631
410649,410654
410665,410677
410683,410696
410704,410715
410727,410736
410743,410758
410762,410770
410789,410791
410801,410817
410829,410838
410840,410855
410864,410872
410886,410893
410903,410919
410926,410935
410942,410957
410961,410974
410988,410990
411006,411010
411023,411034
411047,411052
411068,411075
411081,411099
411109,411113
411121,411132
411145,411150
411166,411178
411184,411197
411204,411215
411227,411236
411243,411258
411262,411270
411289,411291
411301,411317
411329,411338
411340,411355
411364,411372
411386,411393
411408,411412
411420,411431
411449,411454
411465,411477
411483,411496
411505,411514
411522,411533
411546,411551
411567,411579
411580,411598
411607,411611
411624,411630
411648,411653
411669,411676
411682,411695
411703,411719
411726,411735
411742,411757
411761,411774
411788,411790
411800,411816
411828,411837
411844,411859
411863,411871
411885,411892
411902,411918
411925,411939
411941,411956
411960,411973
411987,411994
412004,412015
412027,412036
412043,412058
412062,412070
412089,412091
412101,412117
412129,412138
412140,412155
412164,412172
412186,412193
412206,412210
412223,412234
412247,412252
412281,412299
412332,412345
412378,412384
412418,412425
412460,412473
412487,412494
412500,412516
412528,412537
412544,412559
412563,412571
412585,412592
412603,412619
412626,412635
412642,412657
412661,412674
412707,412711
412724,412730
412748,412753
412769,412776
412782,412795
412805,412814
412822,412833
412846,412851
412867,412879
412880,412898
412908,412912
412920,412931
412949,412954
412965,412977
412983,412996
413009,413013
413021,413032
413045,413050
413066,413078
413084,413097
413107,413111
413124,413130
413176,413182
413218,413225
413239,413241
413273,413287
413315,413327
413358,413362
413370,413389
413391,413406
413410,413423
413434,413447
413452,413468
413499,413508
413512,413520
413531,413549
413554,413565
413577,413583
413596,413605
413614,413622
413633,413646
413680,413698
413701,413717
413729,413738
413740,413755
413764,413772
413786,413793
413803,413819
413842,413857
413861,413874
413888,413890
413900,413916
413928,413937
413944,413959
413963,413971
413985,413992
414003,414019
414026,414035
414042,414057
414061,414074
414088,414090
414100,414116
414128,414137
414163,414171
414185,414192
414205,414214
414222,414233
414267,414279
414280,414298
414308,414312
414320,414331
414349,414354
414365,414377
414383,414396
414401,414417
414429,414438
414440,414455
414464,414472
414486,414493
414504,414515
414527,414536
414570,414589
414591,414602
414618,414625
414639,414641
414656,414660
414673,414687
414694,414706
414710,414723
414734,414747
414752,414768
414775,414781
414799,414809
414813,414821
414832,414845
414850,414866
414878,414884
414897,414907
414911,414924
414930,414948
414976,414982
414995,415002
415018,415025
415039,415041
415056,415060
415073,415087
415094,415104
415115,415127
415136,415143
415158,415162
415170,415189
415191,415209
415213,415221
415232,415245
415250,415266
415297,415307
415330,415348
415376,415382
415395,415400
415416,415428
415437,415444
415459,415463
415471,415485
415492,415503
415519,415526
415535,415542
415557,415561
415574,415588
415590,415601
415617,415629
415638,415640
415655,415664
415672,415686
415693,415705
415714,415722
415733,415746
415779,415780
415798,415808
415812,415820
415831,415849
415854,415865
415877,415883
415896,415906
415910,415923
415934,415947
415952,415968
415975,415981
415999,416001
416017,416029
416055,416064
416072,416086
416093,416103
416119,416126
416135,416142
416157,416161
416174,416188
416190,416208
416212,416220
416231,416249
416254,416265
416277,416283
416296,416306
416310,416323
416334,416347
416352,416368
416375,416381
416399,416404
416415,416427
416436,416443
416458,416462
416470,416489
416491,416502
416518,416525
416539,416541
416556,416560
416573,416587
416594,416600
416616,416628
416637,416644
416659,416663
416671,416685
416692,416709
416713,416721
416732,416745
416750,416766
416778,416784
416797,416807
416811,416824
416830,416848
416853,416869
416876,416882
416895,416905
416914,416922
416933,416946
416951,416967
416979,416980
416998,417005
417014,417022
417033,417046
417051,417067
417079,417080
417098,417108
417112,417120
417131,417149
417154,417165
417177,417183
417196,417203
417219,417226
417235,417242
417257,417261
417274,417288
417290,417300
417316,417328
417337,417344
417359,417363
417371,417385
417448,417453
417469,417476
417482,417495
417532,417545
417550,417566
417606,417610
417623,417634
417647,417652
417668,417675
417681,417699
417756,417760
417804,417815
417827,417836
417843,417858
417862,417870
417889,417891
417901,417917
417929,417938
417940,417955
417964,417972
417986,417993
418000,418016
418028,418037
418044,418059
418063,418071
418085,418092
418102,418118
418125,418139
418141,418156
418160,418173
418187,418194
418207,418211
418224,418230
418305,418314
418322,418333
418346,418351
418367,418379
418380,418398
418403,418419
418426,418435
418442,418457
418461,418474
418488,418490
418501,418517
418529,418538
418540,418555
418564,418572
418586,418593
418604,418615
418627,418636
418643,418658
418662,418670
418708,418712
418720,418731
418749,418754
418765,418777
418783,418796
418806,418810
418847,418852
418881,418899
418909,418913
418921,418932
418945,418950
418966,418978
418984,418997
419008,419012
419020,419031
419049,419054
419065,419077
419083,419096
419106,419110
419123,419134
419147,419152
419168,419175
419217,419229
419255,419264
419272,419286
419293,419303
419319,419326
419335,419342
419357,419361
419374,419388
419390,419405
419414,419422
419433,419446
419451,419467
419479,419480
419498,419507
419511,419524
419530,419548
419553,419569
419576,419582
419595,419609
419613,419621
419632,419645
419650,419666
419678,419684
419697,419700
419716,419728
419737,419744
419759,419763
419771,419785
419792,419802
419818,419825
419839,419841
419856,419860
419873,419887
419894,419904
419915,419927
419936,419943
419970,419989
419991,420002
420018,420025
420039,420041
420056,420060
420073,420087
420094,420104
420115,420127
420136,420143
420158,420162
420170,420189
420191,420209
420213,420221
420232,420245
420250,420266
420278,420284
420297,420307
420311,420324
420330,420348
420353,420369
420376,420382
420395,420400
420416,420428
420437,420444
420459,420463
420471,420485
420492,420503
420542,420557
420561,420574
420588,420590
420601,420617
420629,420638
420672,420686
420693,420705
420714,420722
420733,420746
420751,420767
420779,420780
420798,420808
420812,420820
420831,420849
420854,420865
420877,420883
420896,420906
420910,420923
420934,420947
420952,420968
420975,420981
420999,421003
421019,421026
421035,421042
421057,421061
421074,421088
421090,421100
421116,421128
421137,421144
421159,421163
421171,421185
421192,421205
421214,421222
421233,421246
421251,421267
421279,421280
421298,421308
421312,421320
421331,421349
421377,421383
421396,421401
421417,421429
421438,421440
421455,421464
421472,421486
421493,421504
421515,421527
421536,421543
421558,421562
421570,421589
421591,421602
421618,421625
421639,421641
421656,421660
421673,421687
421694,421706
421710,421723
421752,421768
421775,421781
421799,421809
421813,421821
421832,421845
421850,421866
421878,421884
421897,421907
421911,421924
421930,421948
421953,421969
421976,421982
422046,422051
422067,422079
422108,422112
422154,422165
422177,422183
422196,422203
422219,422226
422235,422242
422257,422261
422274,422288
422290,422300
422316,422328
422363,422371
422385,422392
422407,422411
422424,422430
422448,422453
422469,422476
422482,422495
422509,422513
422521,422532
422545,422550
422566,422578
422584,422597
422634,422647
422652,422668
422675,422681
422699,422702
422718,422725
422739,422741
422756,422760
422773,422787
422794,422804
422815,422827
422836,422843
422858,422862
422870,422889
422891,422901
422917,422929
422938,422940
422955,422964
422972,422986
423028,423037
423063,423071
423085,423092
423102,423118
423156,423160
423173,423187
423194,423207
423211,423224
423230,423248
423253,423269
423276,423282
423295,423305
423314,423322
423333,423346
423351,423367
423379,423380
423398,423403
423419,423426
423435,423442
423457,423461
423474,423488
423490,423501
423517,423529
423538,423540
423555,423564
423572,423586
423593,423604
423615,423627
423636,423643
423708,423712
423749,423754
423765,423777
423783,423796
423806,423810
423823,423834
423847,423852
423868,423875
423881,423899
423921,423932
423966,423978
423984,423997
424006,424010
424023,424034
424047,424052
424099,424109
424113,424121
424132,424145
424150,424166
424178,424184
424197,424204
424243,424258
424289,424291
424338,424340
424386,424393
424454,424465
424505,424514
424522,424533
424546,424551
424567,424579
424630,424648
424682,424695
424726,424735
424774,424788
424790,424800
424863,424871
424918,424925
424960,424973
425011,425024
425053,425069
425076,425082
425095,425105
425114,425122
425133,425146
425151,425167
425179,425180
425198,425200
425216,425228
425237,425244
425259,425263
425271,425285
425339,425341
425421,425432
425478,425484
425523,425534
425547,425552
425568,425575
425581,425599
425608,425612
425620,425631
425696,425704
425743,425758
425762,425770
425789,425791
425801,425817
425829,425838
425864,425872
425886,425893
425903,425919
425957,425961
425974,425988
426012,426020
426031,426049
426054,426065
426123,426134
426147,426152
426168,426175
426181,426199
426201,426217
426229,426238
426240,426255
426264,426272
426286,426293
426303,426319
426374,426388
426390,426405
426446,426451
426467,426479
426511,426524
426530,426548
426582,426595
426609,426613
426621,426632
426645,426650
426684,426697
426737,426744
426759,426763
426771,426785
426792,426802
426818,426825
426839,426841
426856,426860
426873,426887
426915,426927
426936,426943
426958,426962
427004,427015
427058,427062
427101,427117
427129,427138
427172,427186
427193,427206
427210,427223
427234,427247
427252,427268
427275,427281
427299,427309
427313,427321
427332,427345
427350,427366
427402,427418
427425,427439
427441,427456
427487,427494
427500,427516
427544,427559
427585,427592
427603,427619
427642,427657
427688,427690
427724,427730
427769,427776
427782,427795
427833,427846
427851,427867
427879,427880
427898,427908
427912,427920
427931,427949
427954,427965
427996,428009
428045,428050
428066,428078
428084,428097
428124,428130
428148,428153
428169,428176
428202,428218
428225,428239
428241,428256
428260,428273
428287,428294
428327,428336
428343,428358
428362,428370
428389,428391
428423,428434
428447,428452
428468,428475
428481,428499
428508,428512
428549,428554
428583,428596
428605,428614
428622,428633
428646,428651
428667,428679
428680,428698
428701,428717
428729,428738
428740,428755
428764,428772
428786,428793
428803,428819
428826,428835
428842,428857
428861,428874
428888,428890
428900,428916
428928,428937
428944,428959
428963,428971
428985,428992
429001,429017
429029,429038
429040,429055
429064,429072
429086,429093
429103,429119
429126,429135
429142,429157
429161,429174
429188,429190
429208,429212
429220,429231
429296,429306
429310,429323
429334,429347
429352,429368
429375,429381
429399,429404
429415,429427
429436,429443
429458,429462
429470,429489
429491,429502
429539,429541
429594,429600
429616,429628
429659,429663
429671,429685
429713,429721
429750,429766
429797,429807
429811,429824
429830,429848
429853,429869
429876,429882
429895,429905
429967,429979
429980,429998
430006,430010
430023,430034
430047,430052
430068,430075
430081,430099
430109,430113
430121,430132
430145,430150
430166,430178
430184,430197
430227,430236
430243,430258
430289,430291
430329,430338
430372,430386
430393,430408
430412,430420
430431,430449
430477,430483
430496,430505
430514,430522
430533,430546
430551,430567
430579,430580
430598,430607
430611,430624
430653,430669
430695,430703
430742,430757
430761,430774
430788,430790
430800,430816
430859,430863
430902,430918
430925,430939
430941,430956
430994,431005
431046,431051
431067,431079
431080,431098
431108,431112
431120,431131
431149,431154
431165,431177
431183,431196
431203,431219
431226,431235
431242,431257
431261,431274
431288,431290
431300,431316
431344,431359
431363,431371
431385,431392
431407,431411
431424,431430
431448,431453
431469,431476
431482,431495
431509,431513
431521,431532
431545,431550
431566,431578
431584,431597
431606,431610
431623,431634
431647,431652
431668,431675
431681,431699
431702,431718
431725,431739
431741,431756
431760,431773
431804,431815
431827,431836
431843,431858
431862,431870
431889,431891
431901,431917
431929,431938
431940,431955
431964,431972
431986,431993
432003,432019
432026,432035
432042,432057
432061,432074
432088,432090
432144,432159
432185,432192
432205,432214
432222,432233
432246,432251
432267,432279
432280,432298
432308,432312
432320,432331
432349,432354
432365,432377
432383,432396
432401,432417
432429,432438
432440,432455
432464,432472
432486,432493
432504,432515
432527,432536
432543,432558
432562,432570
432602,432618
432625,432639
432641,432656
432660,432673
432687,432694
432706,432710
432723,432734
432747,432752
432799,432809
432813,432821
432832,432845
432878,432884
432897,432907
432911,432924
432930,432948
432953,432969
432976,432982
432995,433008
433012,433020
433031,433049
433054,433065
433077,433083
433096,433106
433110,433123
433134,433147
433152,433168
433175,433181
433199,433201
433240,433255
433286,433293
433303,433319
433326,433335
433342,433357
433388,433390
433405,433414
433422,433433
433446,433451
433467,433479
433480,433498
433507,433511
433524,433530
433548,433553
433569,433576
433582,433595
433609,433613
433621,433632
433645,433650
433666,433678
433684,433697
433700,433716
433728,433737
433744,433759
433763,433771
433785,433792
433802,433818
433825,433839
433841,433856
433860,433873
433887,433894
433904,433915
433927,433936
433943,433958
433962,433970
433989,433991
434002,434018
434025,434039
434041,434056
434060,434073
434087,434094
434104,434115
434127,434136
434143,434158
434162,434170
434189,434191
434209,434213
434221,434232
434245,434250
434266,434278
434284,434297
434307,434311
434324,434330
434348,434353
434369,434376
434382,434395
434400,434416
434428,434437
434444,434459
434463,434471
434485,434492
434503,434519
434526,434535
434542,434557
434561,434574
434588,434590
434601,434617
434629,434638
434664,434672
434686,434693
434705,434714
434722,434733
434746,434751
434767,434779
434780,434798
434808,434812
434820,434831
434849,434854
434865,434877
434883,434896
434906,434910
434975,434981
434999,435001
435017,435029
435055,435064
435072,435086
435093,435103
435119,435126
435135,435142
435157,435161
435190,435208
435231,435249
435277,435283
435296,435306
435310,435323
435334,435347
435352,435368
435375,435381
435399,435404
435462,435470
435502,435518
435525,435539
435541,435556
435560,435573
435587,435594
435600,435616
435628,435637
435644,435659
435663,435671
435685,435692
435709,435713
435721,435732
435745,435750
435766,435778
435830,435848
435853,435869
435876,435882
435895,435905
435914,435922
435967,435979
435980,435998
436000,436016
436028,436037
436118,436125
436187,436194
436207,436211
436224,436230
436248,436253
436269,436276
436282,436295
436305,436314
436322,436333
436346,436351
436367,436379
436380,436398
436403,436419
436426,436435
436442,436457
436461,436474
436488,436490
436501,436517
436529,436538
436540,436555
436564,436572
436586,436593
436604,436615
436627,436636
436712,436720
436754,436765
436834,436847
436875,436881
436899,436909
436913,436921
436932,436945
436950,436966
436978,436984
436997,437009
437013,437021
437066,437078
437084,437097
437107,437111
437124,437130
437148,437153
437169,437176
437182,437195
437202,437218
437225,437239
437241,437256
437260,437273
437287,437294
437304,437315
437327,437336
437370,437389
437391,437406
437410,437423
437434,437447
437452,437468
437475,437481
437499,437508
437512,437520
437531,437549
437554,437565
437577,437583
437596,437605
437614,437622
437633,437646
437651,437667
437679,437680
437698,437701
437717,437729
437738,437740
437755,437764
437772,437786
437793,437803
437819,437826
437835,437842
437857,437861
437874,437888
437916,437928
437937,437944
437959,437963
437971,437985
437992,438004
438036,438043
438070,438089
438091,438101
438117,438129
438138,438140
438155,438164
438172,438186
438210,438223
438252,438268
438275,438281
438299,438309
438313,438321
438332,438345
438350,438366
438439,438441
438456,438460
438473,438487
438494,438500
438516,438528
438537,438544
438559,438563
438571,438585
438592,438603
438619,438626
438635,438642
438657,438661
438674,438688
438748,438753
438769,438776
438782,438795
438805,438814
438822,438833
438846,438851
438867,438879
438880,438898
438931,438949
438954,438965
438977,438983
438996,439007
439011,439024
439030,439048
439053,439069
439076,439082
439095,439105
439114,439122
439133,439146
439151,439167
439179,439180
439198,439200
439216,439228
439237,439244
439259,439263
439271,439285
439292,439302
439318,439325
439339,439341
439356,439360
439373,439387
439394,439409
439413,439421
439432,439445
439450,439466
439478,439484
439497,439506
439510,439523
439534,439547
439552,439568
439575,439581
439599,439608
439612,439620
439631,439649
439683,439696
439704,439715
439758,439762
439770,439789
439829,439838
439840,439855
439864,439872
439886,439893
439903,439919
439926,439935
439942,439957
439961,439974
439988,439990
440009,440013
440021,440032
440045,440050
440097,440107
440111,440124
440130,440148
440153,440169
440176,440182
440195,440202
440241,440256
440315,440327
440336,440343
440358,440362
440406,440410
440447,440452
440499,440508
440531,440549
440554,440565
440577,440583
440596,440605
440633,440646
440651,440667
440698,440701
440717,440729
440755,440764
440772,440786
440793,440803
440819,440826
440835,440842
440857,440861
440890,440900
440916,440928
440937,440944
440959,440963
440971,440985
440992,441008
441012,441020
441031,441049
441054,441065
441077,441083
441096,441106
441110,441123
441134,441147
441152,441168
441175,441181
441199,441201
441217,441229
441238,441240
441255,441264
441272,441286
441293,441303
441319,441326
441357,441361
441374,441388
441390,441405
441414,441422
441433,441446
441451,441467
441479,441480
441498,441507
441511,441524
441530,441548
441553,441569
441576,441582
441595,441609
441613,441621
441632,441645
441650,441666
441678,441684
441697,441700
441716,441728
441737,441744
441759,441763
441771,441785
441792,441802
441818,441825
441839,441841
441856,441860
441873,441887
441894,441904
441915,441927
441936,441943
441958,441962
441970,441989
441991,442001
442017,442029
442086,442093
442157,442161
442220,442231
442296,442306
442347,442352
442399,442404
442415,442427
442462,442470
442489,442491
442502,442518
442525,442539
442541,442556
442587,442594
442600,442616
442628,442637
442644,442659
442663,442671
442709,442713
442721,442732
442745,442750
442784,442797
442807,442811
442824,442830
442848,442853
442869,442876
442905,442914
442922,442933
442946,442951
442967,442979
442980,442998
443006,443010
443047,443052
443483,443496
443505,443514
443546,443551
443567,443579
443580,443598
443607,443611
443624,443630
443648,443653
443669,443676
443682,443695
443703,443719
443726,443735
443742,443757
443761,443774
443788,443790
443800,443816
443828,443837
443844,443859
443863,443871
443902,443918
443925,443939
443941,443956
443960,443973
444000,444016
444028,444037
444044,444059
444063,444071
444085,444092
444102,444118
444125,444139
444141,444156
444160,444173
444187,444194
444207,444211
444224,444230
444248,444253
444269,444276
444282,444295
444305,444314
444379,444380
444398,444403
444442,444457
444461,444474
444488,444490
444501,444517
444529,444538
444540,444555
444564,444572
444586,444593
444604,444615
444627,444636
444643,444658
444662,444670
444689,444691
444708,444712
444720,444731
444749,444754
444765,444777
444783,444796
444806,444810
444823,444834
444847,444852
444868,444875
444881,444899
444909,444913
444921,444932
444945,444950
444966,444978
444984,444997
445004,445015
445027,445036
445043,445058
445062,445070
445089,445091
445101,445117
445129,445138
445140,445155
445164,445172
445186,445193
445206,445210
445223,445234
445247,445252
445268,445275
445281,445299
445309,445313
445321,445332
445345,445350
445384,445397
445402,445418
445425,445439
445441,445456
445460,445473
445487,445494
445500,445516
445528,445537
445563,445571
445585,445592
445603,445619
445626,445635
445642,445657
445661,445674
445688,445690
445707,445711
445724,445730
445748,445753
445769,445776
445782,445795
445805,445814
445822,445833
445846,445851
445867,445879
445880,445898
445908,445912
445949,445954
445965,445977
445983,445996
446003,446019
446026,446035
446042,446057
446061,446074
446088,446090
446100,446116
446128,446137
446144,446159
446163,446171
446185,446192
446205,446214
446222,446233
446246,446251
446267,446279
446312,446320
446365,446377
446383,446396
446401,446417
446429,446438
446440,446455
446464,446472
446504,446515
446527,446536
446543,446558
446562,446570
446589,446591
446602,446618
446625,446639
446641,446656
446660,446673
446734,446747
446752,446768
446775,446781
446799,446809
446813,446821
446832,446845
446850,446866
446907,446911
447007,447011
447082,447095
447133,447146
447198,447200
447216,447228
447237,447244
447259,447263
447271,447285
447292,447302
447318,447325
447339,447341
447356,447360
447373,447387
447394,447409
447413,447421
447432,447445
447450,447466
447478,447484
447497,447506
447510,447523
447534,447547
447552,447568
447575,447581
447599,447608
447612,447620
447631,447649
447654,447665
447677,447683
447696,447704
447715,447727
447736,447743
447758,447762
447770,447789
447791,447801
447817,447829
447838,447840
447855,447864
447872,447886
447893,447903
447919,447926
447935,447942
447957,447961
447974,447988
447990,448002
448018,448025
448039,448041
448056,448060
448073,448087
448094,448104
448115,448127
448136,448143
448158,448162
448170,448189
448191,448209
448213,448221
448232,448245
448284,448297
448330,448348
448353,448369
448376,448382
448395,448400
448416,448428
448437,448444
448459,448463
448471,448485
448492,448503
448519,448526
448535,448542
448557,448561
448629,448638
448640,448655
448664,448672
448714,448722
448733,448746
448751,448767
448779,448780
448798,448808
448849,448854
448865,448877
448906,448910
448923,448934
448947,448952
448968,448975
449005,449014
449022,449033
449067,449079
449108,449112
449120,449131
449165,449177
449183,449196
449203,449219
449226,449235
449242,449257
449261,449274
449288,449290
449300,449316
449344,449359
449363,449371
449385,449392
449407,449411
449424,449430
449448,449453
449469,449476
449482,449495
449509,449513
449521,449532
449545,449550
449566,449578
449606,449610
449623,449634
449647,449652
449668,449675
449681,449699
449702,449718
449725,449739
449741,449756
449760,449773
449862,449870
449889,449891
449901,449917
449929,449938
449940,449955
450014,450022
450033,450046
450051,450067
450079,450080
450098,450108
450112,450120
450165,450177
450183,450196
450203,450219
450226,450235
450242,450257
450261,450274
450288,450290
450300,450316
450328,450337
450344,450359
450363,450371
450385,450392
450407,450411
450424,450430
450448,450453
450469,450476
450482,450495
450509,450513
450521,450532
450545,450550
450566,450578
450584,450597
450606,450610
450623,450634
450647,450652
450668,450675
450681,450699
450702,450718
450725,450739
450741,450756
450760,450773
450787,450794
450804,450815
450827,450836
450843,450858
450862,450870
450889,450891
450901,450917
450929,450938
450940,450955
450964,450972
450986,450993
451009,451013
451021,451032
451045,451050
451066,451078
451084,451097
451107,451111
451124,451130
451148,451153
451169,451176
451182,451195
451202,451218
451225,451239
451260,451273
451287,451294
451327,451336
451343,451358
451362,451370
451389,451391
451406,451410
451423,451434
451447,451452
451468,451475
451481,451499
451508,451512
451520,451531
451549,451554
451565,451577
451583,451596
451605,451614
451622,451633
451646,451651
451680,451698
451701,451717
451729,451738
451740,451755
451764,451772
451786,451793
451803,451819
451826,451835
451874,451888
451890,451900
451963,451971
451985,451992
452002,452018
452025,452039
452041,452056
452104,452115
452127,452136
452143,452158
452189,452191
452209,452213
452221,452232
452245,452250
452284,452297
452307,452311
452348,452353
452369,452376
452382,452395
452400,452416
452428,452437
452444,452459
452463,452471
452485,452492
452503,452519
452526,452535
452542,452557
452561,452574
452601,452617
452629,452638
452640,452655
452664,452672
452686,452693
452705,452714
452722,452733
452746,452751
452767,452779
452780,452798
452808,452812
452820,452831
452849,452854
452865,452877
452883,452896
452906,452910
452923,452934
452947,452952
452968,452975
452981,452999
453007,453011
453024,453030
453048,453053
453069,453076
453133,453146
453180,453198
453200,453216
453228,453237
453244,453259
453263,453271
453285,453292
453302,453318
453325,453339
453341,453356
453360,453373
453387,453394
453409,453413
453421,453432
453445,453450
453466,453478
453484,453497
453506,453510
453523,453534
453547,453552
453581,453599
453631,453649
453704,453715
453727,453736
453743,453758
453762,453770
453789,453791
453801,453817
453829,453838
453840,453855
453864,453872
453886,453893
453903,453919
453926,453935
453942,453957
453961,453974
453988,453990
454001,454017
454029,454038
454040,454055
454064,454072
454086,454093
454103,454119
454126,454135
454142,454157
454161,454174
454188,454190
454208,454212
454220,454231
454249,454254
454265,454277
454334,454347
454381,454399
454404,454415
454427,454436
454443,454458
454462,454470
454489,454491
454502,454518
454525,454539
454541,454556
454560,454573
454587,454594
454600,454616
454628,454637
454644,454659
454663,454671
454685,454692
454709,454713
454721,454732
454745,454750
454766,454778
454784,454797
454807,454811
454824,454830
454848,454853
454869,454876
454933,454946
454980,454998
455028,455037
455092,455102
455118,455125
455139,455141
455156,455160
455173,455187
455194,455207
455211,455224
455230,455248
455253,455269
455276,455282
455295,455305
455314,455322
455333,455346
455351,455367
455379,455380
455398,455403
455419,455426
455435,455442
455457,455461
455474,455488
455490,455501
455517,455529
455538,455540
455555,455564
455572,455586
455593,455604
455615,455627
455636,455643
455658,455662
455670,455689
455712,455720
455731,455749
455754,455765
455777,455783
455796,455806
455810,455823
455834,455847
455852,455868
455875,455881
455899,455909
455913,455921
455932,455945
455950,455966
455978,455984
455997,456004
456015,456027
456036,456043
456058,456062
456070,456089
456091,456101
456117,456129
456138,456140
456155,456164
456172,456186
456193,456206
456210,456223
456234,456247
456252,456268
456275,456281
456299,456309
456313,456321
456332,456345
456350,456366
456378,456384
456397,456402
456418,456425
456439,456441
456456,456460
456473,456487
456494,456500
456516,456528
456537,456544
456559,456563
456571,456585
456592,456603
456635,456642
456657,456661
456674,456688
456690,456707
456711,456724
456730,456748
456753,456769
456776,456782
456814,456822
456833,456846
456851,456867
456908,456912
456920,456931
456949,456954
456965,456977
457012,457020
457054,457065
457077,457083
457096,457106
457110,457123
457152,457168
457175,457181
457199,457201
457217,457229
457238,457240
457255,457264
457272,457286
457293,457303
457319,457326
457335,457342
457357,457361
457374,457388
457390,457405
457414,457422
457433,457446
457451,457467
457479,457480
457498,457507
457511,457524
457530,457548
457553,457569
457576,457582
457595,457609
457613,457621
457632,457645
457650,457666
457678,457684
457697,457700
457716,457728
457737,457744
457759,457763
457771,457785
457792,457802
457818,457825
457839,457841
457856,457860
457873,457887
457894,457904
457915,457927
457936,457943
457958,457962
457970,457989
457991,458003
458019,458026
458035,458042
458057,458061
458074,458088
458090,458100
458116,458128
458159,458163
458171,458185
458192,458205
458214,458222
458233,458246
458251,458267
458279,458280
458298,458308
458312,458320
458354,458365
458377,458383
458396,458401
458417,458429
458438,458440
458455,458464
458472,458486
458493,458504
458536,458543
458558,458562
458570,458589
458591,458602
458618,458625
458639,458641
458656,458660
458673,458687
458694,458706
458710,458723
458734,458747
458752,458768
458775,458781
458799,458809
458813,458821
458832,458845
458878,458884
458897,458907
458911,458924
458930,458948
458953,458969
458976,458982
458995,459006
459010,459023
459034,459047
459052,459068
459075,459081
459099,459109
459145,459150
459166,459178
459184,459197
459204,459215
459227,459236
459243,459258
459262,459270
459289,459291
459301,459317
459329,459338
459340,459355
459364,459372
459386,459393
459408,459412
459420,459431
459449,459454
459465,459477
459483,459496
459505,459514
459522,459533
459546,459551
459567,459579
459580,459598
459607,459611
459624,459630
459648,459653
459669,459676
459682,459695
459703,459719
459726,459735
459742,459757
459774,459788
459790,459800
459816,459828
459837,459844
459859,459863
459871,459885
459892,459902
459918,459925
459939,459941
459956,459960
459973,459987
459994,460001
460017,460029
460038,460040
460055,460064
460072,460086
460093,460103
460119,460126
460135,460142
460157,460161
460174,460188
460190,460208
460212,460220
460231,460249
460254,460265
460277,460283
460296,460306
460334,460347
460352,460368
460375,460381
460399,460404
460415,460427
460436,460443
460502,460518
460556,460560
460600,460616
460659,460663
460692,460709
460745,460750
460766,460778
460807,460811
460824,460830
460848,460853
460869,460876
460882,460895
460905,460914
460922,460933
460946,460951
460967,460979
460980,460998
461002,461018
461025,461039
461041,461056
461060,461073
461087,461094
461104,461115
461127,461136
461143,461158
461162,461170
461232,461245
461250,461266
461278,461284
461297,461307
461311,461324
461330,461348
461353,461369
461376,461382
461395,461400
461416,461428
461485,461492
461535,461542
461557,461561
461574,461588
461617,461629
461655,461664
461672,461686
461746,461751
461767,461779
461780,461798
461808,461812
461820,461831
461849,461854
461865,461877
461883,461896
461906,461910
461923,461934
461947,461952
461981,461999
462009,462013
462021,462032
462045,462050
462066,462078
462107,462111
462124,462130
462148,462153
462169,462176
462182,462195
462202,462218
462225,462239
462241,462256
462260,462273
462287,462294
462304,462315
462343,462358
462406,462410
462447,462452
462468,462475
462481,462499
462508,462512
462520,462531
462549,462554
462565,462577
462583,462596
462605,462614
462622,462633
462646,462651
462667,462679
462680,462698
462701,462717
462729,462738
462740,462755
462764,462772
462786,462793
462826,462835
462842,462857
462861,462874
462888,462890
462900,462916
462928,462937
462944,462959
462963,462971
462985,462992
463004,463015
463043,463058
463062,463070
463138,463140
463186,463193
463234,463247
463252,463268
463275,463281
463299,463309
463313,463321
463332,463345
463350,463366
463378,463384
463397,463402
463418,463425
463439,463441
463500,463516
463528,463537
463571,463585
463592,463603
463642,463657
463661,463674
463688,463690
463707,463711
463724,463730
463748,463753
463769,463776
463782,463795
463805,463814
463822,463833
463867,463879
463880,463898
463908,463912
463920,463931
463949,463954
463965,463977
463983,463996
464005,464014
464046,464051
464080,464098
464108,464112
464120,464131
464149,464154
464165,464177
464183,464196
464203,464219
464226,464235
464242,464257
464261,464274
464288,464290
464300,464316
464328,464337
464344,464359
464363,464371
464385,464392
464407,464411
464424,464430
464448,464453
464469,464476
464482,464495
464509,464513
464521,464532
464545,464550
464566,464578
464606,464610
464623,464634
464647,464652
464668,464675
464681,464699
464702,464718
464725,464739
464741,464756
464760,464773
464787,464794
464858,464862
464891,464901
464917,464929
464938,464940
465006,465010
465023,465034
465047,465052
465068,465075
465081,465099
465109,465113
465166,465178
465184,465197
465236,465243
465289,465291
465301,465317
465329,465338
465340,465355
465364,465372
465386,465393
465408,465412
465420,465431
465449,465454
465465,465477
465483,465496
465505,465514
465522,465533
465546,465551
465567,465579
465607,465611
465624,465630
465648,465653
465669,465676
465682,465695
465703,465719
465726,465735
465742,465757
465788,465790
465828,465837
465863,465871
465885,465892
465902,465918
465925,465939
465941,465956
465960,465973
465987,465994
466007,466011
466024,466030
466069,466076
466082,466095
466105,466114
466122,466133
466146,466151
466167,466179
466180,466198
466200,466216
466244,466259
466263,466271
466285,466292
466302,466318
466325,466339
466341,466356
466360,466373
466387,466394
466409,466413
466421,466432
466445,466450
466484,466497
466523,466534
466547,466552
466568,466575
466581,466599
466608,466612
466620,466631
466649,466654
466665,466677
466683,466696
466704,466715
466727,466736
466743,466758
466762,466770
466789,466791
466840,466855
466864,466872
466886,466893
466903,466919
466942,466957
466961,466974
466988,466990
467003,467019
467026,467035
467042,467057
467090,467100
467163,467171
467214,467222
467267,467279
467280,467298
467308,467312
467320,467331
467349,467354
467383,467396
467429,467438
467440,467455
467464,467472
467486,467493
467504,467515
467527,467536
467543,467558
467562,467570
467589,467591
467602,467618
467625,467639
467641,467656
467660,467673
467687,467694
467706,467710
467723,467734
467768,467775
467781,467799
467809,467813
467821,467832
467845,467850
467897,467907
467911,467924
467930,467948
467953,467969
467976,467982
467995,468008
468012,468020
468054,468065
468077,468083
468096,468106
468110,468123
468134,468147
468152,468168
468175,468181
468199,468201
468217,468229
468238,468240
468255,468264
468272,468286
468293,468303
468319,468326
468335,468342
468357,468361
468374,468388
468390,468405
468414,468422
468433,468446
468451,468467
468479,468480
468498,468507
468511,468524
468530,468548
468553,468569
468576,468582
468595,468609
468613,468621
468632,468645
468678,468684
468697,468700
468716,468728
468737,468744
468759,468763
468771,468785
468792,468802
468818,468825
468839,468841
468856,468860
468873,468887
468894,468904
468915,468927
468936,468943
468958,468962
468970,468989
468991,469000
469016,469028
469037,469044
469059,469063
469071,469085
469092,469102
469118,469125
469139,469141
469156,469160
469173,469187
469194,469207
469248,469253
469269,469276
469282,469295
469322,469333
469346,469351
469367,469379
469380,469398
469403,469419
469426,469435
469442,469457
469461,469474
469488,469490
469501,469517
469529,469538
469540,469555
469564,469572
469586,469593
469604,469615
469627,469636
469643,469658
469689,469691
469708,469712
469720,469731
469749,469754
469796,469806
469810,469823
469834,469847
469852,469868
469875,469881
469899,469909
469913,469921
469966,469978
469984,469997
470058,470062
470070,470089
470091,470101
470117,470129
470138,470140
470210,470223
470234,470247
470252,470268
470275,470281
470345,470350
470366,470378
470418,470425
470439,470441
470456,470460
470473,470487
470494,470500
470516,470528
470537,470544
470559,470563
470571,470585
470592,470603
470619,470626
470635,470642
470657,470661
470674,470688
470690,470707
470753,470769
470776,470782
470795,470805
470814,470822
470833,470846
470851,470867
470879,470880
470920,470931
470965,470977
470983,470996
471000,471016
471028,471037
471044,471059
471063,471071
471085,471092
471102,471118
471125,471139
471141,471156
471160,471173
471187,471194
471207,471211
471224,471230
471248,471253
471295,471305
471314,471322
471333,471346
471351,471367
471379,471380
471398,471403
471419,471426
471435,471442
471457,471461
471474,471488
471490,471501
471517,471529
471538,471540
471555,471564
471572,471586
471593,471604
471615,471627
471636,471643
471658,471662
471670,471689
471749,471754
471765,471777
471783,471796
471806,471810
471823,471834
471847,471852
471868,471875
471881,471899
471909,471913
471921,471932
471945,471950
472011,472024
472069,472076
472082,472095
472105,472114
472122,472133
472146,472151
472167,472179
472180,472198
472200,472216
472228,472237
472244,472259
472263,472271
472285,472292
472302,472318
472325,472339
472341,472356
472360,472373
472387,472394
472409,472413
472421,472432
472445,472450
472466,472478
472484,472497
472506,472510
472523,472534
472547,472552
472568,472575
472581,472599
472608,472612
472620,472631
472649,472654
472665,472677
472736,472743
472789,472791
472838,472840
472886,472893
472990,473002
473094,473104
473209,473213
473330,473348
473353,473369
473376,473382
473395,473400
473416,473428
473437,473444
473459,473463
473471,473485
473492,473503
473519,473526
473535,473542
473557,473561
473574,473588
473590,473601
473617,473629
473638,473640
473655,473664
473672,473686
473693,473705
473714,473722
473733,473746
473751,473767
473779,473780
473798,473808
473812,473820
473831,473849
473854,473865
473877,473883
473896,473906
473910,473923
473934,473947
473952,473968
473975,473981
473999,474008
474012,474020
474031,474049
474054,474065
474077,474083
474096,474106
474110,474123
474134,474147
474152,474168
474175,474181
474199,474201
474217,474229
474238,474240
474255,474264
474272,474286
474293,474303
474319,474326
474335,474342
474357,474361
474374,474388
474390,474405
474414,474422
474433,474446
474451,474467
474479,474480
474498,474507
474511,474524
474530,474548
474553,474569
474576,474582
474595,474609
474613,474621
474632,474645
474650,474666
474678,474684
474697,474700
474716,474728
474737,474744
474759,474763
474771,474785
474792,474802
474818,474825
474839,474841
474856,474860
474873,474887
474894,474904
474915,474927
474936,474943
474958,474962
474970,474989
474991,475009
475013,475021
475032,475045
475050,475066
475078,475084
475097,475107
475111,475124
475130,475148
475153,475169
475176,475182
475195,475202
475218,475225
475239,475241
475256,475260
475273,475287
475294,475304
475315,475327
475358,475362
475370,475389
475391,475406
475410,475423
475434,475447
475452,475468
475475,475481
475499,475508
475512,475520
475531,475549
475554,475565
475605,475614
475622,475633
475646,475651
475667,475679
475680,475698
475701,475717
475729,475738
475740,475755
475764,475772
475786,475793
475803,475819
475826,475835
475842,475857
475861,475874
475900,475916
475928,475937
475944,475959
475963,475971
475985,475992
476005,476014
476022,476033
476046,476051
476067,476079
476080,476098
476108,476112
476149,476154
476165,476177
476183,476196
476203,476219
476242,476257
476261,476274
476288,476290
476300,476316
476344,476359
476363,476371
476385,476392
476448,476453
476521,476532
476545,476550
476566,476578
476584,476597
476606,476610
476623,476634
476647,476652
476668,476675
476681,476699
476702,476718
476725,476739
476741,476756
476760,476773
476787,476794
476804,476815
476843,476858
476889,476891
476929,476938
476940,476955
476964,476972
476986,476993
477001,477017
791262,477038
477040,477055
477064,477072
477086,477093
477103,477119
477126,477135
477142,477157
477161,477174
477188,477190
477208,477212
477220,477231
477249,477254
477265,477277
477283,477296
477306,477310
477323,477334
477347,477352
477368,477375
477381,477399
477404,477415
477427,477436
477443,477458
477462,477470
477489,477491
477502,477518
477525,477539
477541,477556
477560,477573
477587,477594
477600,477616
477644,477659
477663,477671
477685,477692
477709,477713
477721,477732
477745,477750
477766,477778
477784,477797
477807,477811
477824,477830
477848,477853
477869,477876
477882,477895
477905,477914
477922,477933
477946,477951
477967,477979
477980,477998
478006,478010
478023,478034
478047,478052
478068,478075
478081,478099
478109,478113
478121,478132
478145,478150
478166,478178
478184,478197
478204,478215
478227,478236
478243,478258
478262,478270
478289,478291
478301,478317
478329,478338
478340,478355
478364,478372
478386,478393
478408,478412
478420,478431
478449,478454
478483,478496
478533,478546
478579,478580
478598,478607
478611,478624
478653,478669
478676,478682
478695,478703
478719,478726
478735,478742
478757,478761
478774,478788
478790,478800
478816,478828
478871,478885
478892,478902
478941,478956
478960,478973
478987,478994
479003,479019
479026,479035
479042,479057
479061,479074
479088,479090
479100,479116
479128,479137
479144,479159
479163,479171
479214,479222
479233,479246
479251,479267
479279,479280
479298,479308
479312,479320
479331,479349
479354,479365
479377,479383
479396,479401
479417,479429
479438,479440
479455,479464
479472,479486
479515,479527
479536,479543
479558,479562
479570,479589
479591,479602
479618,479625
479639,479641
479656,479660
479673,479687
479694,479706
479710,479723
479752,479768
479775,479781
479799,479809
479813,479821
479832,479845
479850,479866
479878,479884
479897,479907
479911,479924
479930,479948
479953,479969
479976,479982
479995,480000
480016,480028
480037,480044
480059,480063
480071,480085
480092,480102
480118,480125
480139,480141
480156,480160
480173,480187
480224,480230
480248,480253
480269,480276
480333,480346
480380,480398
480435,480442
480488,480490
480501,480517
480529,480538
480540,480555
480564,480572
480586,480593
480604,480615
480627,480636
480658,480662
480670,480689
480691,480708
480712,480720
480731,480749
480754,480765
480777,480783
480796,480806
480810,480823
480834,480847
480852,480868
480875,480881
480899,480909
480913,480921
480932,480945
480950,480966
480978,480984
480997,481001
481017,481029
481038,481040
481055,481064
481093,481103
481135,481142
481174,481188
481190,481208
481212,481220
481231,481249
481254,481265
481277,481283
481296,481306
481334,481347
481352,481368
481375,481381
481399,481404
481415,481427
481436,481443
481458,481462
481470,481489
481491,481502
481518,481525
481539,481541
481556,481560
481573,481587
481594,481600
481616,481628
481637,481644
481659,481663
481671,481685
481692,481709
481713,481721
481766,481778
481784,481797
481824,481830
481848,481853
481869,481876
481882,481895
481905,481914
481922,481933
481946,481951
481967,481979
481980,481998
482008,482012
482020,482031
482049,482054
482065,482077
482083,482096
482123,482134
482175,482181
482199,482201
482217,482229
482238,482240
482255,482264
482272,482286
482293,482303
482319,482326
482335,482342
482357,482361
482390,482405
482414,482422
482451,482467
482479,482480
482498,482507
482511,482524
482530,482548
482553,482569
482576,482582
482595,482609
482632,482645
482684,482697
482759,482763
482771,482785
482792,482802
482818,482825
482839,482841
482873,482887
482894,482904
482915,482927
482936,482943
482958,482962
482970,482989
482991,483003
483019,483026
483035,483042
483074,483088
483090,483100
483116,483128
483137,483144
483159,483163
483171,483185
483192,483205
483214,483222
483233,483246
483251,483267
483279,483280
483298,483308
483312,483320
483331,483349
483354,483365
483377,483383
483396,483401
483417,483429
483438,483440
483455,483464
483472,483486
483493,483504
483515,483527
483536,483543
483558,483562
483570,483589
483591,483602
483618,483625
483639,483641
483656,483660
483673,483687
483694,483706
483710,483723
483734,483747
483752,483768
483775,483781
483799,483809
483813,483821
483850,483866
483897,483907
483911,483924
483930,483948
483953,483969
483976,483982
483995,484009
484013,484021
484032,484045
484050,484066
484078,484084
484097,484107
484111,484124
484130,484148
484153,484169
484176,484182
484195,484202
484218,484225
484239,484241
484256,484260
484273,484287
484294,484304
484315,484327
484336,484343
484406,484410
484468,484475
484481,484499
484508,484512
484520,484531
484549,484554
484565,484577
484583,484596
484605,484614
484679,484680
484729,484738
484803,484819
484857,484861
484900,484916
484928,484937
484992,485005
485067,485079
485108,485112
485120,485131
485196,485203
485385,485392
485385,485411
485495,485509
485545,485550
485545,485578
485597,485606
485610,485623
485647,485652
485647,485668
485675,485681
485699,485702
485718,485725
485739,485741
485756,485760
485787,485794
485787,485804
485787,485815
485827,485836
485827,485843
485858,485862
485870,485889
485891,485901
877596,485929
485938,485940
485955,485964
485955,485986
485955,485993
486006,486010
486006,486023
486006,486034
486047,486052
486068,486075
486068,486081
486099,486109
486113,486121
486132,486145
486132,486150
486166,486178
486184,486197
486204,486215
486236,486243
486236,486258
486262,486270
872660,486291
486301,486317
486301,486329
486338,486340
486355,486364
486372,486386
486393,486408
486412,486420
486431,486449
486454,486465
486477,486483
486496,486505
486496,486514
486522,486533
486522,486546
486551,486567
486579,486580
486598,486607
486611,486624
486630,486648
486653,486669
486630,486676
486653,486682
486695,486703
486719,486726
486735,486742
486757,486761
486774,486788
486790,486800
486816,486828
486837,486844
486837,486859
486863,486871
486885,486892
486885,486902
486885,486918
486925,486939
486925,486941
486925,486956
486960,486973
486987,486994
487002,487018
487025,487039
487002,487041
487025,487056
487002,487060
487025,487073
487002,487087
487025,487094
487158,487162
487191,487209
487191,487221
487266,487278
487330,487348
487353,487369
487376,487382
487416,487428
487437,487444
487437,487463
487437,487485
844725,487503
487519,487526
487519,487542
487519,487561
487617,487629
487686,487693
487714,487722
487733,487746
487820,487831
487820,487854
487820,487877
487820,487896
487910,487923
487910,487947
487910,487952
487910,487968
487975,487981
487999,488007
487975,488011
487999,488024
488030,488048
488030,488053
488069,488076
488095,488105
488095,488114
488122,488133
488146,488151
488146,488167
488180,488198
488200,488216
488318,488325
488341,488356
488373,488387
488421,488432
488466,488478
488497,488506
488534,488547
488568,488575
488568,488599
488568,488608
488612,488620
488612,488631
488696,488704
488696,488727
488736,488743
488758,488762
488770,488789
488791,488801
488770,488817
488791,488829
488886,488893
488935,488942
488957,488961
489036,489043
489058,489062
489070,489089
489091,489101
489117,489129
489117,489140
489164,489172
489164,489186
489223,489234
489247,489252
489275,489281
489299,489309
489321,489332
489345,489350
489366,489378
489366,489397
489402,489418
766871,489473
489516,489528
489516,489544
489516,489559
489516,489563
489585,489592
489585,489603
489585,489619
489585,489626
489635,489642
489657,489661
489657,489674
489657,489688
489690,489707
489711,489724
489730,489748
489730,489753
489769,489776
489782,489795
489805,489814
489782,489822
489805,489833
489782,489851
489782,489867
489805,489879
489908,489912
489920,489931
489949,489954
489977,489983
489996,490008
489996,490012
489996,490020
490031,490049
490054,490065
490054,490077
490054,490083
490096,490106
490096,490110
490134,490147
490152,490168
490152,490175
490181,490199
490201,490217
490229,490238
490240,490255
490272,490286
490272,490293
490319,490326
490319,490335
490374,490388
490390,490405
490414,490422
490433,490446
490467,490479
490480,490498
490507,490511
1013149,490530
490507,490553
490569,490576
490595,490609
490697,490700
490802,490818
490894,490904
490927,490936
490991,491007
491069,491076
491095,491105
491146,491151
491146,491179
491200,491216
491228,491237
491244,491259
491263,491271
491285,491292
491325,491339
491341,491356
491360,491373
491387,491394
491409,491413
491450,491466
491478,491484
491506,491510
491523,491534
491608,491612
491665,491677
491736,491743
491770,491789
491829,491838
491840,491855
491919,491926
491961,491974
492037,492044
492085,492092
492118,492125
492139,492141
492187,492194
492207,492211
492253,492269
492333,492346
492351,492367
492426,492435
492442,492457
492501,492517
492529,492538
492586,492593
492604,492615
492636,492643
492636,492662
492670,492689
492670,492691
492708,492712
492720,492731
492749,492754
492765,492777
492783,492796
492806,492810
492823,492834
492847,492852
492868,492875
492881,492899
492909,492913
492909,492932
492945,492950
492966,492978
492984,492997
493005,493014
493022,493033
493051,493067
493051,493079
493080,493098
493108,493112
493120,493131
493154,493165
493154,493177
493183,493196
493203,493219
493226,493235
493242,493257
493328,493337
493371,493385
493424,493430
493448,493453
493469,493476
493482,493495
493509,493513
493532,493545
493550,493566
493578,493584
493606,493610
493634,493647
493634,493652
493634,493675
493756,493760
493815,493827
493858,493862
493858,493889
493901,493917
493972,493986
494036,494043
494036,494062
494089,494091
494206,494210
494206,494234
494206,494252
494299,494309
494332,494345
494366,494378
494397,494402
494418,494425
494439,494441
494456,494460
494487,494494
494500,494516
494537,494544
494563,494571
494619,494626
494635,494642
494688,494690
494707,494711
494707,494730
494748,494753
494769,494776
494782,494795
494805,494814
494846,494851
494867,494879
494880,494898
494908,494912
494920,494931
494920,494954
494996,495003
495019,495026
495035,495042
495035,495061
495074,495088
495090,495100
495116,495128
495159,495163
495185,495192
495205,495214
495222,495233
495246,495251
495267,495279
495320,495331
495396,495401
495440,495455
495472,495486
495493,495504
495515,495527
495543,495558
495543,495570
495591,495602
495591,495618
495625,495639
495625,495641
495687,495694
495706,495710
495706,495723
495706,495747
495752,495768
495781,495799
495821,495832
495866,495878
495884,495897
495911,495924
495930,495948
495976,495982
495995,496002
496018,496025
496039,496041
496018,496056
496087,496094
496104,496115
496127,496136
496162,496170
496191,496209
496213,496221
496232,496245
496250,496266
496250,496278
496284,496297
496284,496307
496311,496324
496330,496348
496353,496369
496330,496376
496382,496395
496416,496428
496437,496444
496459,496463
496471,496485
496492,496503
496526,496535
496526,496542
496557,496561
496574,496588
496590,496601
496617,496629
496617,496638
496640,496655
496664,496672
496686,496693
496705,496714
496722,496733
496746,496751
496767,496779
496767,496780
496767,496798
496808,496812
496808,496820
496831,496849
496854,496865
496854,496877
496883,496896
496906,496910
496923,496934
496947,496952
496968,496975
496968,496981
496999,497006
496999,497010
497023,497034
497047,497052
497068,497075
497081,497099
497081,497109
497081,497113
497145,497150
497166,497178
497184,497197
497215,497227
497236,497243
497236,497258
497262,497270
497262,497289
497291,497301
497317,497329
497338,497340
497355,497364
497386,497393
497408,497412
497420,497431
497449,497454
497449,497465
497449,497477
497483,497496
497505,497514
497505,497522
497533,497546
497551,497567
497551,497579
497551,497580
497624,497630
497624,497653
497676,497682
497695,497703
497761,497774
497788,497790
497788,497800
497788,497816
497828,497837
497844,497859
497863,497871
497885,497892
497902,497918
497925,497939
497941,497956
497960,497973
497987,497994
498001,498017
498029,498038
498040,498055
498086,498093
498103,498119
498103,498126
498135,498142
498135,498157
498161,498174
498161,498190
498161,498208
498212,498220
498231,498249
498254,498265
498254,498283
498254,498306
498254,498310
498254,498323
498334,498347
498352,498368
498375,498381
498399,498404
498415,498427
498436,498443
498436,498458
498462,498470
498462,498489
498491,498502
498491,498525
498491,498539
498491,498541
498556,498560
498573,498587
498573,498594
498573,498600
498628,498637
498644,498659
498663,498671
498685,498692
498709,498713
498721,498732
498745,498750
498766,498778
498766,498784
498797,498807
498811,498824
498876,498882
498876,498905
498914,498922
498914,498933
498979,498980
498998,499009
499013,499021
499045,499050
499078,499084
499097,499107
499111,499124
499153,499169
499176,499182
499225,499239
499225,499256
499273,499287
499327,499336
499391,499406
499423,499434
499447,499452
499468,499475
499508,499512
499508,499531
499549,499554
499577,499583
499577,499605
499577,499614
499633,499646
499633,499667
499740,499755
499740,499772
499793,499803
499842,499857
499890,499900
499963,499971
500037,500044
500071,500085
500092,500102
500118,500125
500139,500141
500160,500173
500187,500194
500230,500248
500253,500269
500295,500305
500314,500322
500333,500346
500351,500367
500379,500380
500398,500403
500419,500426
500461,500474
500488,500490
500517,500529
500572,500586
500627,500636
500658,500662
500658,500670
500689,500691
500712,500720
500712,500731
500749,500754
500783,500796
500810,500823
500868,500875
500881,500899
500945,500950
500997,501001
501040,501055
501064,501072
501086,501093
501103,501119
501135,501142
501135,501157
501161,501174
501208,501212
501231,501249
501254,501265
501277,501283
501296,501306
501347,501352
501399,501404
501427,501436
501427,501443
501458,501462
501458,501470
501489,501491
501525,501539
501594,501600
501663,501671
501685,501692
501750,501766
501750,501784
501807,501811
501807,501824
501807,501830
501807,501853
501876,501882
501876,501905
501876,501914
501876,501933
501946,501951
501967,501979
501980,501998
502008,502012
502020,502031
502049,502054
502096,502106
502147,502152
502147,502175
502217,502229
502264,502272
502342,502357
502342,502374
502467,502479
502530,502548
502553,502569
502576,502582
502595,502609
502645,502650
502666,502678
502684,502697
502716,502728
502716,502737
502744,502759
502763,502771
502763,502792
502802,502818
502825,502839
502825,502841
502856,502860
502904,502915
502927,502936
502943,502958
502962,502970
502989,502991
503003,503019
503026,503035
503042,503057
503061,503074
503090,503100
503116,503128
503116,503137
503144,503159
503163,503171
503185,503192
503246,503251
503267,503279
503331,503349
503354,503365
503377,503383
503429,503438
503536,503543
503558,503562
503570,503589
503625,503639
503660,503673
503660,503694
503706,503710
503723,503734
503747,503752
503768,503775
503781,503799
503809,503813
503809,503832
503845,503850
503866,503878
503866,503897
503866,503907
503911,503924
503930,503948
503930,503953
503969,503976
503982,503995
504009,504013
504032,504045
504050,504066
504107,504111
504124,504130
504148,504153
504148,504169
504148,504176
504195,504202
504195,504218
504195,504225
504304,504315
504304,504336
504423,504434
504423,504452
504468,504475
504508,504512
504520,504531
504549,504554
504596,504605
504614,504622
504646,504651
504679,504680
504679,504701
504738,504740
504738,504764
504772,504786
504793,504803
504819,504826
504835,504842
504874,504888
504916,504928
504985,504992
505022,505033
505108,505112
505120,505131
505183,505196
505235,505242
505288,505290
505337,505344
505359,505363
505371,505385
505392,505407
505411,505424
505430,505448
505453,505469
505476,505482
505495,505509
505513,505521
505550,505566
505578,505584
505610,505623
505634,505647
505652,505668
505675,505681
505699,505702
505718,505725
505739,505741
505756,505760
505804,505815
505870,505889
505929,505938
505940,505955
505993,506006
506075,506081
506113,506121
506178,506184
506227,506236
506243,506258
506262,506270
506289,506291
506301,506317
506340,506355
506364,506372
506393,506408
506393,506420
506393,506431
506449,506454
506483,506496
506483,506514
506607,506611
506653,506669
506703,506719
506761,506774
506816,506828
506816,506844
506863,506871
506902,506918
506956,506960
506973,506987
506994,507002
507018,507025
507039,507041
507056,507060
507073,507087
507073,507094
507073,507115
507073,507127
507143,507158
507162,507170
507162,507189
507162,507191
507209,507213
507221,507232
507245,507250
507278,507284
507278,507297
507330,507324
507330,507348
507330,507369
507376,507382
507416,507428
507437,507444
507459,507463
507471,507485
507492,507503
507519,507526
507535,507542
507557,507561
507574,507588
507590,507601
507617,507629
507638,507640
507655,507664
507672,507686
507693,507705
507714,507722
507751,507767
507779,507780
507798,507808
507812,507820
507812,507831
507849,507854
507865,507877
507883,507896
507883,507910
507923,507934
507947,507952
507968,507975
507981,507999
508007,508011
508024,508030
508048,508053
508069,508076
508082,508095
508105,508114
508122,508133
508122,508146
508122,508167
508122,508180
508122,508200
508122,508216
508122,508237
508244,508259
508244,508263
508271,508285
508292,508302
508325,508339
508341,508356
508360,508373
508387,508394
508387,508409
508413,508421
508432,508445
508450,508466
508478,508484
508497,508506
508510,508523
508510,508547
508510,508568
508575,508581
508608,508612
508608,508620
508608,508649
508654,508665
508696,508704
508715,508727
508715,508736
508715,508758
508715,508762
508770,508789
508791,508801
508791,508817
508829,508838
508829,508840
508855,508864
508855,508886
508855,508903
508855,508919
508926,508935
508942,508957
508961,508974
508988,508990
509004,509015
509004,509027
509036,509043
509058,509062
509070,509089
509070,509091
509070,509101
509117,509129
509138,509140
509155,509164
509155,509172
509155,509186
509155,509206
509210,509223
509234,509247
509234,509252
509268,509275
509268,509281
509268,509299
509332,509345
509350,509366
509378,509384
509397,509402
509418,509425
509439,509441
509439,509456
509439,509460
509439,509473
509439,509487
509439,509494
509439,509500
509516,509528
509537,509544
509559,509563
509571,509585
509571,509592
509603,509619
509626,509635
509642,509657
509661,509674
509688,509690
509730,509748
509795,509805
509879,509880
509898,509908
509912,509920
509931,509949
509954,509965
509977,509983
510032,510045
510124,510130
510202,510218
510256,510260
510315,510327
510336,510343
510389,510391
510434,510447
510481,510499
510554,510565
510583,510596
510583,510614
510622,510633
510646,510651
510667,510679
510680,510698
510717,510729
510717,510738
510740,510755
510764,510772
510786,510793
510786,510803
510819,510826
510835,510842
510857,510861
510874,510888
510900,510916
510900,510928
510937,510944
510959,510963
510971,511008
510971,511012
511020,511031
511049,511054
511065,511077
511083,511096
511106,511110
511123,511134
511147,511152
511168,511175
511181,511199
511201,511217
511229,511238
511229,511255
511229,511264
511272,511286
511293,511303
511319,511326
511335,511342
511335,511357
511361,511374
511388,511390
511388,511414
511388,511422
511388,511446
511451,511467
511479,511480
511479,511498
511530,511548
511582,511595
511609,511613
511650,511666
511650,511684
511700,511716
511728,511737
511744,511759
511744,511771
511785,511792
511802,511818
511860,511873
511894,511904
511915,511927
511943,511958
511943,511970
511943,511989
511991,512001
512017,512029
512017,512038
512017,512055
512064,512072
512086,512093
512126,512135
512142,512157
512161,512174
512190,512208
756723,512220
512231,512249
512231,512254
510900,512323
512368,512375
512381,512399
512404,512415
512427,512436
512443,512458
512489,512491
512539,512541
512560,512573
512594,512600
512644,512659
512671,512685
512709,512713
512732,512745
512750,512766
512778,512784
512807,512811
512824,512830
512848,512853
512876,512882
512895,512905
512914,512922
512933,512946
512951,512967
512980,512998
513006,513010
513023,513034
513075,513081
513099,513109
513113,513121
513132,513145
513150,513166
513184,513197
513184,513215
513243,513258
513262,513270
513289,513291
513301,513317
513338,513340
513355,513364
513372,513386
513393,513408
513465,513477
513505,513514
513522,513533
513551,513567
513579,513580
513598,513607
513611,513624
513630,513648
513653,513669
513676,513682
513695,513703
513726,513735
513742,513757
513726,513774
513742,513788
513790,513800
513816,513828
513837,513844
513859,513863
513902,513918
513925,513939
513941,513956
513960,513973
513987,513994
514000,514016
514028,514037
514118,514125
514194,514207
514248,514253
514248,514276
514305,514314
1157432,514380
514379,514403
514474,514488
514474,514501
514564,514572
514564,514593
514564,514615
514636,514643
514670,514689
514691,514708
514712,514720
514731,514749
514731,514754
514777,514783
514796,514806
514823,514834
514875,514881
514921,514932
514997,515004
515043,515058
515117,515129
515117,515140
515206,515210
515252,515268
515313,515321
515366,515378
515439,515441
515494,515500
515516,515528
515563,515571
515635,515642
515707,515711
515730,515748
515707,515769
515805,515814
515833,515846
515912,515920
515983,515996
516019,516026
516019,516042
516074,516088
516074,516100
516116,516128
516137,516144
516159,516163
516171,516185
516192,516205
516222,516233
516246,516251
516222,516267
516280,516298
516308,516312
516320,516331
516383,516396
516401,516417
516455,516464
516455,516486
516455,516504
516536,516543
516536,516562
516536,516589
516618,516625
516660,516673
516660,516694
516660,516710
516752,516768
516775,516781
516799,516809
516813,516821
516813,516832
516845,516850
516878,516884
516878,516907
516953,516969
516995,517007
517069,517076
517151,517167
517244,517259
517292,517302
517292,517339
517341,517356
517360,517373
517409,517413
517409,517432
517450,517466
517506,517510
517534,517547
517568,517575
517581,517599
517654,517665
517677,517683
517696,517704
517715,517727
517736,517743
517758,517762
517770,517789
517791,517801
517817,517829
517838,517840
517855,517864
517872,517886
517893,517903
517926,517935
517957,517961
517957,517988
517957,518002
518018,518025
518039,518041
518104,518115
518189,518191
518232,518245
518232,518266
518324,518330
518353,518369
518324,518382
518437,518444
518471,518485
518471,518503
518471,518526
518561,518574
518588,518590
518601,518617
518638,518640
1168048,518693
828208,518714
518722,518733
518751,518767
518751,518779
518812,518820
518812,518849
518812,518865
518812,518883
518910,518923
518968,518975
518968,518999
518968,519014
518968,519033
519067,519079
519080,519098
519108,519112
519120,519131
519149,519154
519177,519183
519219,519226
519235,519242
519257,519261
519328,519337
519392,519407
519469,519476
519532,519545
519606,519610
519675,519681
519741,519756
519815,519827
519836,519843
519858,519862
519940,519955
520015,520027
520089,520091
520138,520140
520186,520193
520223,520234
520275,520281
520345,520350
520418,520425
520460,520473
520537,520544
520585,520592
520635,520642
520730,520748
520805,520814
520805,520833
520898,520908
520949,520954
521016,521028
521085,521092
959280,521156
959308,521224
521282,521295
521141,521314
521141,521333
521211,521351
521211,521379
521419,521426
1147465,521474
1147483,521490
521461,521517
521572,521586
521643,521658
521691,521708
521899,521909
521913,521921
521984,521997
522007,522011
522053,522069
522053,522082
522167,522179
522237,522244
522285,522292
522302,522318
522341,522356
522394,522409
522445,522450
522497,522506
522568,522575
522599,522608
522649,522654
522704,522715
522727,522736
522743,522758
522817,522829
522864,522872
522935,522942
523002,523018
523025,523039
523087,523094
523158,523162
523209,523213
523266,523278
523324,523330
523416,523428
523485,523492
523557,523561
523601,523617
523808,523812
523865,523877
523883,523896
523952,523968
524008,524012
524054,524065
524077,524083
524168,524175
524217,524229
524255,524264
524272,524286
524319,524326
524357,524361
524414,524422
524451,524467
524524,524530
524576,524582
524645,524650
524666,524678
524737,524744
524759,524763
524802,524818
524856,524860
524943,524958
524991,525009
525066,525078
1006634,525124
525111,525148
1006623,525169
525153,525176
525225,525239
525260,525273
525336,525343
525406,525410
525423,525434
525447,525452
525468,525475
525481,525499
525549,525554
525565,525577
525633,525646
525680,525698
525701,525717
525755,525764
525772,525786
525772,525793
525826,525835
525890,525900
525890,525928
525890,525944
525959,525963
525971,525985
525992,526005
526051,526067
526098,526108
1006652,526120
526131,526149
526154,526165
526177,526183
526219,526226
526261,526274
526337,526344
526359,526363
526359,526385
526495,526509
526495,526521
526550,526566
526550,526584
526647,526652
526699,526702
526760,526773
526787,526794
526804,526815
526827,526836
526891,526901
526940,526955
526993,527001
527029,527038
527072,527086
527126,527135
527161,527174
527188,527190
527208,527212
527254,527265
527277,527283
527323,527334
527375,527381
527399,527404
527415,527427
527436,527443
527458,527462
527470,527489
527502,527518
527525,527539
527560,527573
527600,527616
527628,527637
527709,527713
527721,527732
527745,527750
527766,527778
527784,527797
527830,527848
527830,527869
527830,527882
527922,527933
527946,527951
527967,527979
527980,527998
528010,528023
528047,528052
528047,528068
528109,528113
528150,528166
528215,528227
528262,528270
528262,528291
528329,528338
528329,528355
528386,528393
528420,528431
528420,528454
528483,528496
528483,528514
557359,528598
528580,528624
528669,528676
528703,528719
528726,528735
528742,528757
528788,528790
528828,528837
528844,528859
528925,528939
528956,528960
528956,528987
529026,529035
529026,529057
529061,529074
529061,529088
529128,529137
529128,529159
529163,529171
529163,529185
529192,529205
529192,529214
560159,529298
528925,529312
529320,529331
529354,529365
529354,529377
529383,529396
529383,529401
1300904,529429
526154,529438
529417,529440
529486,529493
529504,529515
529543,529558
529562,529570
529639,529641
529687,529694
529706,529710
529747,529752
529768,529775
529781,529799
529809,529813
529821,529832
529845,529850
529866,529878
567636,529948
567636,529969
530008,530012
530020,530031
530065,530077
1039217,530096
530083,530110
530134,530147
530175,530181
530201,530217
530229,530238
530272,530286
530272,530303
530374,530388
530390,530405
530507,530451
530467,530479
530480,530498
530548,530553
530595,530609
530613,530621
530632,530645
530650,530666
530678,530684
530697,530700
530716,530728
530737,530744
530737,530759
530763,530771
530763,530785
530792,530802
530792,530818
530841,530856
530860,530873
530887,530894
530936,530943
531007,531011
531095,531105
531180,531198
531292,531302
531360,531373
531497,531506
531547,531552
531612,531620
531715,531727
531791,531801
531791,531829
531855,531864
531886,531893
531886,531903
531886,531926
531988,531990
532044,532059
532125,532139
532125,532156
532125,532173
532125,532194
532125,532211
532125,532230
532125,532253
532269,532276
532314,532322
532333,532346
532380,532398
532435,532442
532457,532461
532457,532474
532538,532540
532538,532564
532538,532586
532643,532658
532662,532670
532731,532749
532783,532796
532834,532847
532909,532913
532950,532966
532978,532984
532997,533005
533014,533022
533033,533046
533051,533067
533079,533080
533098,533108
560493,533154
533165,533177
533183,533196
533203,533219
533274,533288
533344,533359
533411,533424
533469,533476
533532,533545
533550,533566
533668,533675
533681,533699
533702,533718
533741,533756
533815,533827
533889,533891
533955,533964
534004,534015
534058,534062
534070,534089
534140,534155
534193,534206
534268,534275
534313,534321
534384,534397
534439,534441
534500,534516
534571,534585
534642,534657
534661,534674
534688,534690
534707,534711
534724,534730
534748,534753
534814,534822
534833,534846
534851,534867
534908,534912
534920,534931
534949,534954
535019,535026
535035,535042
535088,535090
535100,535116
535159,535163
535205,535214
535279,535280
535320,535331
535377,535383
535401,535417
535438,535440
535464,535472
535536,535543
535589,535591
535639,535641
535656,535660
535673,535687
535747,535752
535813,535821
535866,535878
535911,535924
535982,535995
536018,536025
536039,536041
536056,536060
536087,536094
536136,536143
536189,536191
536232,536245
536250,536266
536278,536284
536324,536330
536376,536382
536428,536437
536471,536485
536526,536535
536574,536588
536629,536638
536672,536686
536693,536705
536714,536722
536733,536746
536751,536767
536779,536780
536798,536808
536854,536865
536923,536934
536947,536952
536968,536975
537034,537047
537081,537099
537113,537121
537132,537145
537150,537166
537178,537184
537197,537204
537215,537227
537262,537270
537289,537291
537355,537364
537408,537412
537420,537431
537449,537454
537465,537477
537483,537496
537533,537546
537580,537598
537611,537624
537630,537648
537653,537669
537676,537682
537695,537703
537719,537726
537735,537742
537757,537761
537774,537788
537828,537837
537844,537859
537863,537871
537885,537892
537902,537918
537925,537939
537941,537956
537960,537973
537987,537994
538001,538017
538029,538038
538040,538055
538119,538126
538135,538142
538188,538190
538231,538249
538231,538265
538296,538306
538310,538323
538352,538368
538375,538381
538427,538436
538539,538541
539078,538587
538594,538600
538616,538628
538637,538644
538659,538663
538671,538685
538692,538709
538713,538721
538732,538745
538750,538766
538778,538784
538797,538807
538811,538824
538830,538848
538853,538869
538876,538882
538895,538905
538914,538922
538933,538946
538951,538967
539009,539013
539021,539032
539050,539066
539097,539107
539124,539130
539148,539153
539169,539176
539182,539195
539202,539218
539225,539239
539241,539256
539260,539273
539287,539294
539304,539315
539327,539336
539343,539358
539362,539370
539423,539434
539468,539475
539508,539512
539554,539565
539596,539605
539614,539622
539633,539646
539651,539667
539698,539701
539717,539729
539738,539740
539755,539764
539772,539786
539793,539803
539819,539826
539835,539842
539857,539861
539874,539888
539890,539900
539916,539928
539937,539944
539959,539963
539971,539985
539992,540006
540010,540023
540034,540047
540052,540068
540075,540081
540099,540109
540113,540121
540132,540145
540150,540166
540178,540184
540197,540204
540215,540227
540236,540243
540258,540262
540301,540317
540364,540372
540386,540393
540408,540412
540420,540431
540449,540454
540465,540477
540483,540496
540505,540514
540522,540533
540546,540551
540567,540579
540580,540598
540607,540611
540624,540630
540648,540653
540669,540676
540682,540695
540726,540735
540742,540757
540788,540790
540800,540816
540859,540863
540902,540918
540925,540939
541005,541014
541051,541067
541108,541112
541154,541165
541203,541219
541257,541261
541300,541316
541371,541385
541392,541407
541448,541453
541469,541476
541532,541545
541584,541597
541606,541610
541623,541634
541681,541699
541756,541760
541773,541787
541794,541804
541843,541858
541891,541901
541917,541929
541938,541940
541964,541972
542019,542026
542042,542057
1104145,542074
542088,542090
542100,542116
542128,542137
1104150,542144
1104178,542163
1104178,542185
1104184,542205
542246,542251
542267,542279
542298,542308
542320,542331
542349,542354
542365,542377
542383,542396
542401,542417
542429,542438
542464,542472
1104215,542504
542493,542527
542493,542543
1104243,542562
542602,542618
542625,542639
1104262,542656
542710,542723
542768,542775
542781,542799
542832,542845
542850,542866
542911,542924
542930,542948
543008,543012
543049,543054
543065,543077
543083,543096
543106,543110
543123,543134
543147,543152
543168,543175
543181,543199
543201,543217
543229,543238
543240,543255
543264,543272
543286,543293
543303,543319
543326,543335
543342,543357
543361,543374
543388,543390
543405,543414
543422,543433
543446,543451
543467,543479
543480,543498
543530,543548
543553,543569
543576,543582
543595,543609
543645,543650
543697,543700
543716,543728
543737,543744
543759,543763
543771,543785
543792,543802
543818,543825
543839,543841
543856,543860
543873,543887
543894,543904
543915,543927
543989,543991
544039,544041
544056,544060
544104,544115
544170,544189
544191,544209
544213,544221
544232,544245
544250,544266
544278,544284
544297,544307
544311,544324
544330,544348
544376,544382
544395,544400
544416,544428
544463,544471
544485,544492
544503,544519
544526,544535
544542,544557
544590,544601
544617,544629
544638,544640
544655,544664
544722,544733
544746,544751
544767,544779
544780,544798
544808,544812
544820,544831
544849,544854
544865,544877
544883,544896
544906,544910
544923,544934
544975,544981
544999,545001
545040,545055
545093,545103
545135,545142
545157,545161
545174,545188
545190,545208
545212,545220
545231,545249
545254,545265
545277,545283
545296,545306
545310,545323
545334,545347
545352,545368
545375,545381
545399,545404
545415,545427
545436,545443
545458,545462
545470,545489
545491,545502
545518,545525
545539,545541
545556,545560
545573,545587
545594,545600
545616,545628
545685,545692
545709,545713
545721,545732
545745,545750
545766,545778
545784,545797
545807,545811
545824,545830
545848,545853
545869,545876
545882,545895
545905,545914
545922,545933
545946,545951
545967,545979
545980,545998
546037,546044
546059,546063
546071,546085
546092,546102
546118,546125
546139,546141
546156,546160
546173,546187
546194,546207
546211,546224
546269,546276
546282,546295
546305,546314
546322,546333
546346,546351
546367,546379
546380,546398
546403,546419
546457,546461
546474,546488
546490,546501
546517,546529
546564,546572
546586,546593
546604,546615
546627,546636
546643,546658
546662,546670
546689,546691
546708,546712
546720,546731
546749,546754
546765,546777
546783,546796
546806,546810
546823,546834
546847,546852
546868,546875
546881,546899
546909,546913
546921,546932
546945,546950
546966,546978
546984,546997
547050,547066
547078,547084
547097,547107
547111,547124
547130,547148
547153,547169
547176,547182
547195,547202
547218,547225
547287,547294
547327,547336
547343,547358
547362,547370
547389,547391
547406,547410
547423,547434
547475,547481
547499,547508
547512,547520
547531,547549
547554,547565
547577,547583
547596,547605
547614,547622
547633,547646
547680,547698
547701,547717
547729,547738
547740,547755
547764,547772
547786,547793
547803,547819
547826,547835
547842,547857
547861,547874
547888,547890
547937,547944
547959,547963
547971,547985
547992,548004
548015,548027
548036,548043
548058,548062
548070,548089
548091,548101
548117,548129
548138,548140
548155,548164
548172,548186
548193,548206
548210,548223
548234,548247
548252,548268
548275,548281
548299,548309
548313,548321
548332,548345
548402,548418
548456,548460
548500,548516
548528,548537
548544,548559
548563,548571
548585,548592
548603,548619
548626,548635
548642,548657
548690,548707
548711,548724
548730,548748
548753,548769
548776,548782
548795,548805
548814,548822
548833,548846
548851,548867
548879,548880
548898,548908
548912,548920
548931,548949
548954,548965
548977,548983
548996,549007
549011,549024
549030,549048
549053,549069
549076,549082
549095,549105
549114,549122
549133,549146
549151,549167
549179,549180
549198,549200
549216,549228
549237,549244
549259,549263
549271,549285
549292,549302
549360,549373
549413,549421
549432,549445
549450,549466
549478,549484
549497,549506
549510,549523
549534,549547
549552,549568
549575,549581
549599,549608
549612,549620
549631,549649
549654,549665
549677,549683
549696,549704
549715,549727
549736,549743
549758,549762
549770,549789
549791,549801
549817,549829
549838,549840
549855,549864
549872,549886
549893,549903
549919,549926
549961,549974
549988,549990
550007,550011
550024,550030
550048,550053
550069,550076
550082,550095
550105,550114
550122,550133
550146,550151
550167,550179
550180,550198
550200,550216
550228,550237
550244,550259
550263,550271
550285,550292
550302,550318
550360,550373
550421,550432
550445,550450
550484,550497
550506,550510
550552,550568
550654,550665
550677,550683
550696,550704
550736,550743
550758,550762
550801,550817
550829,550838
550864,550872
550886,550893
550903,550919
550926,550935
550942,550957
550961,550974
551010,551023
551034,551047
551052,551068
551075,551081
551099,551109
551113,551121
551150,551166
551178,551184
551197,551204
551215,551227
551262,551270
551289,551291
551301,551317
551329,551338
551340,551355
551364,551372
551386,551393
551408,551412
551420,551431
551449,551454
551465,551477
551483,551496
551505,551514
551522,551533
551546,551551
551567,551579
551580,551598
551607,551611
551624,551630
551648,551653
551669,551676
551703,551719
551757,551761
551800,551816
551844,551859
551863,551871
551885,551892
551902,551918
551939,551941
551956,551960
551973,551987
552027,552036
552070,552089
552091,552101
552117,552129
552164,552172
552186,552193
552206,552210
552252,552268
552275,552281
552299,552309
552313,552321
552332,552345
552350,552366
552397,552402
552441,552456
552500,552516
552592,552603
552674,552688
552724,552730
552748,552753
552769,552776
552782,552795
552833,552846
981621,552898
552880,552949
981609,552965
552996,553009
553021,553032
981666,553045
553050,553066
553097,553107
553111,553124
981645,553130
981650,553153
553176,553182
553195,553202
553218,553225
553239,553241
553256,553260
553273,553287
553294,553304
553315,553327
553336,553343
553358,553362
553370,553389
553391,553406
553410,553423
553434,553447
553508,553512
553554,553565
553651,553667
553698,553701
553738,553740
553786,553793
981684,553826
553842,553857
981737,553874
981737,553888
553928,553937
553944,553959
981728,553963
981728,553971
553985,553992
981678,554019
554026,554035
981700,554042
981716,554061
554074,554088
554003,554128
554137,554144
554159,554163
554171,554185
554222,554233
554246,554251
554171,554267
554308,554312
553819,554320
554365,554377
554417,554429
554438,554440
554455,554464
554472,554486
554493,554504
554515,554527
554536,554543
554558,554562
554570,554589
554591,554602
554639,554641
554656,554660
554673,554687
554710,554723
554734,554747
554752,554768
554781,554799
554832,554845
554884,554897
554948,554953
554969,554976
554982,554995
555039,555041
555056,555060
555073,555087
555094,555104
555115,555127
555136,555143
555158,555162
555170,555189
555191,555209
555213,555221
555232,555245
555250,555266
555278,555284
555324,555330
555376,555382
555395,555400
555416,555428
555437,555444
555459,555463
555503,555519
555557,555561
555574,555588
555629,555638
555640,555655
555693,555705
555746,555751
555767,555779
555812,555820
555831,555849
555854,555865
555877,555883
555896,555906
555910,555923
555896,555947
555896,555968
555910,555981
555999,556001
555999,556040
555999,556064
556072,556086
556093,556103
556119,556126
556135,556142
556135,556157
556161,556174
556161,556188
556190,556208
556212,556220
556231,556249
556231,556254
556265,556277
556283,556296
556310,556323
556334,556347
556352,556368
556352,556375
556381,556399
556404,556415
556427,556436
556443,556458
556427,556462
556427,556470
556489,556491
556502,556518
556525,556539
556541,556556
556560,556573
556587,556594
556600,556616
556628,556637
556644,556659
556663,556671
556750,556766
556778,556784
556778,556807
556811,556824
556811,556830
836196,556853
556895,556905
556946,556951
556998,557005
557046,557051
557080,557098
557112,557120
557165,557177
557219,557226
557300,557316
557359,557344
528580,557392
557453,557469
856726,557495
856726,557513
963938,557532
557545,557550
557597,557606
962435,557623
557610,557634
962435,557647
528580,557675
962044,557702
557699,557718
962044,557725
962059,557756
1278799,557760
557773,557787
557794,557804
557827,557836
557482,557858
557862,557870
557889,557891
557901,557917
557940,557955
557964,557972
963149,558000
558028,558037
558044,558059
558063,558071
558173,558187
558194,558207
558276,558282
558314,558322
558314,558346
558351,558367
558403,558419
558403,558426
558435,558442
558461,558474
558517,558529
558555,558564
558572,558586
558593,558604
558708,558712
558720,558731
558720,558754
791863,558777
558810,558823
558852,558868
558909,558913
558921,558932
558978,558984
559020,559031
559077,559083
559123,559134
559201,559217
559201,559238
559240,559255
559264,559272
559264,559286
559293,559303
559293,559319
559357,559361
559414,559422
559414,559433
559446,559451
559446,559467
559480,559498
559507,559511
559595,559609
559613,559621
559613,559632
559645,559650
559645,559666
559684,559697
559700,559716
559728,559737
559595,559744
559728,559759
559792,559802
559825,559839
559887,559894
1300915,559904
856669,559927
856669,559936
559958,559962
559991,560003
560019,560026
560035,560042
560057,560061
560074,560088
560090,560100
560116,560128
560159,560171
560205,560214
560205,560233
560246,560251
560246,560267
560279,560280
560312,560320
560331,560349
560354,560365
560377,560383
560401,560417
560429,560438
532978,560440
533033,560455
560464,560472
532950,560486
560493,560504
533014,560515
560527,560536
560543,560558
560618,560625
560660,560656
560641,560673
560687,560694
560734,560747
560752,560768
560752,560781
560845,560813
560845,560850
560866,560878
560976,560982
561043,561058
561091,561101
561140,561155
561172,561186
561193,561206
561210,561223
561234,561247
561281,561299
561378,561384
561441,561456
561516,561528
561585,561592
561603,561619
561674,561688
561748,561753
561795,561805
975945,561822
561880,561898
561833,561912
561977,561983
562023,562034
562047,562052
562099,562109
562113,562121
562166,562178
562215,562227
562236,562243
562289,562291
562301,562317
562329,562338
562372,562386
562393,562408
562420,562431
562449,562454
562465,562477
562483,562496
562505,562514
562522,562533
562546,562551
562598,562607
562648,562653
562695,562703
562742,562757
562761,562774
562816,562828
562844,562859
562863,562871
562918,562925
562960,562973
562987,562994
563001,563017
563029,563038
563029,563055
563064,563072
563086,563093
563135,563142
563157,563161
563174,563188
563190,563208
563249,563254
563334,563347
563352,563368
563375,563381
563404,563415
563427,563436
563491,563502
563594,563600
1012037,563628
563663,563671
1012063,563692
563750,563766
563784,563797
563807,563811
563824,563830
563848,563853
563895,563905
563922,563933
563946,563951
563967,563979
1028938,563998
564053,564069
564105,564114
564151,564167
564200,564216
564244,564259
564263,564271
564285,564292
564356,564360
564409,564413
564450,564466
564523,564534
564547,564552
564649,564654
564665,564677
564715,564727
564762,564770
564817,564829
564855,564864
564872,564886
564893,564903
564935,564942
564974,564988
564990,565008
565012,565020
565054,565065
565077,565083
565123,565134
565168,565175
565217,565229
565264,565272
1147546,565319
565303,565335
565357,565361
1147567,565388
565374,565390
565433,565446
565451,565467
565507,565511
1179808,565530
1147533,565553
1179849,565576
1147630,565595
565632,565645
565700,565716
1147580,565737
565728,565744
565763,565771
565785,565792
1147598,565818
565802,565825
565860,565873
565904,565915
565962,565970
1179812,565991
1179820,566013
1147607,566021
1147653,566032
566050,566066
566107,566111
566153,566169
566182,566195
566202,566218
566239,566241
566239,566256
566260,566273
566260,566287
566327,566336
933277,566362
566370,566389
566406,566410
566406,566423
566434,566447
566434,566452
566475,566481
566508,566512
566520,566531
566596,566605
566596,566622
566667,566679
566680,566698
566701,566717
1119053,566738
566740,566755
566764,566772
566786,566793
1119069,566803
566819,566826
566842,566857
566874,566888
566874,566890
1119076,566900
566916,566928
566916,566937
1119082,566944
566959,566963
566971,566985
566992,567000
567016,567028
567037,567044
567059,567063
567071,567085
567092,567102
1119095,567118
567125,567139
567141,567156
567160,567173
567187,567194
567207,567211
1119105,567224
567230,567248
567253,567269
567305,567314
567322,567333
1119114,567346
567351,567367
567379,567380
1119122,567398
567403,567419
567474,567488
567529,567538
567564,567572
567586,567593
567604,567615
567636,567643
567658,567662
567658,567689
567658,567708
567712,567720
567712,567731
567712,567749
567754,567765
567777,567783
567810,567823
567868,567875
567950,567966
567978,567984
568022,568033
568098,568108
568112,568120
568131,568149
568183,568196
568242,568257
568261,568274
568288,568290
568359,568363
568371,568385
568392,568407
568411,568424
568430,568448
568453,568469
568476,568482
568495,568509
568513,568521
568532,568545
568550,568566
568578,568584
568597,568606
568610,568623
568634,568647
568681,568699
568702,568718
568725,568739
568741,568756
568760,568773
568787,568794
568804,568815
568827,568836
568843,568858
568862,568870
568889,568891
568901,568917
568929,568938
568940,568955
569018,569025
569060,569073
569087,569094
569136,569143
569189,569191
569209,569213
569221,569232
569278,569284
569297,569307
569348,569353
569382,569395
569437,569444
569459,569463
569535,569542
569588,569590
569638,569640
569655,569664
569672,569686
569693,569705
569714,569722
569733,569746
569751,569767
569779,569780
569812,569820
569865,569877
569883,569896
569906,569910
569923,569934
569947,569952
569968,569975
570017,570029
570055,570064
570103,570119
570126,570135
570142,570157
570161,570174
570188,570190
570208,570212
570220,570231
570249,570254
570265,570277
570283,570296
570306,570310
570323,570334
570347,570352
570368,570375
570381,570399
570404,570415
570427,570436
570443,570458
570462,570470
570489,570491
570502,570518
570525,570539
570541,570556
570560,570573
570587,570594
570600,570616
570628,570637
570663,570671
570713,570721
570750,570766
570848,570853
570869,570876
570882,570895
570905,570914
570922,570933
570946,570951
570967,570979
570980,570998
571056,571060
571104,571115
571127,571136
571170,571189
975932,571232
571245,571250
571297,571307
571369,571376
571382,571395
571400,571416
571471,571485
571526,571535
571542,571557
571561,571574
571617,571629
571638,571640
571686,571693
571733,571746
571751,571767
571808,571812
985164,571865
571854,571883
571896,571906
571910,571923
571975,571981
572021,572032
572078,572084
572148,572153
572176,572182
572195,572202
572241,572256
572327,572336
572370,572389
572423,572434
572447,572452
572468,572475
572481,572499
572508,572512
572554,572565
572605,572614
572679,572680
572717,572729
572772,572786
572826,572835
572842,572857
572888,572890
572928,572937
573036,573043
573070,573089
979006,573138
573129,573155
978995,573172
573164,573186
573193,573206
979010,573223
573210,573234
573247,573252
573268,573275
573281,573299
573309,573313
573350,573366
573402,573418
573425,573439
573494,573500
573516,573528
573559,573563
573571,573585
573592,573603
573657,573661
573674,573688
573690,573707
573711,573724
573730,573748
573782,573795
573833,573846
573880,573898
573954,573965
573996,574005
574014,574022
574033,574046
574051,574067
574080,574098
574108,574112
574120,574131
574165,574177
574183,574196
574203,574219
574226,574235
574242,574257
574261,574274
574288,574290
574300,574316
574363,574371
574385,574392
574407,574411
574424,574430
574476,574482
574521,574532
574545,574550
574566,574578
574584,574597
574634,574647
574681,574699
574702,574718
574756,574760
574804,574815
574858,574862
574870,574889
574929,574938
574993,575006
575010,575023
575068,575075
575109,575113
575121,575132
575197,575204
575215,575227
575236,575243
575258,575262
575301,575317
575329,575338
575340,575355
575412,575420
575431,575449
575454,575465
575477,575483
575496,575505
575546,575551
575567,575579
575580,575598
575607,575611
575624,575630
575648,575653
575669,575676
575682,575695
575703,575719
575726,575735
575742,575757
575761,575774
575788,575790
575837,575844
575885,575892
575939,575941
575837,575994
576030,576048
576105,576114
576151,576167
576179,576180
576228,576237
576271,576285
576292,576302
576318,576325
576339,576341
576356,576360
576373,576387
576421,576432
576478,576484
576497,576506
576510,576523
523672,576568
1005358,576581
576552,576608
576612,576620
1007745,576649
576665,576677
576683,576696
1007853,576727
576715,576736
576743,576758
1007732,576791
576789,576817
576872,576886
576893,576903
576961,576974
576961,576990
576961,577019
576961,577035
576961,577057
577090,577100
577116,577128
577137,577144
577159,577163
577171,577185
577192,577205
577214,577222
577233,577246
577251,577267
577279,577280
577320,577331
577349,577354
577396,577401
577440,577455
577472,577486
577527,577536
577543,577558
577562,577570
577589,577591
577602,577618
577625,577639
577641,577656
577694,577706
577710,577723
577734,577747
577809,577813
195022,577850
577897,577907
577911,577924
577930,577948
577982,577995
578031,578049
578077,578083
578123,578134
578147,578152
578199,578201
578217,578229
578264,578272
578286,578293
578335,578342
156738,578361
578374,578388
578390,578405
578414,578422
578467,578479
578480,578498
578507,578511
578524,578530
578595,578609
578621,578632
578645,578650
578697,578700
578728,578737
578744,578759
578792,578802
578818,578825
578860,578873
578915,578927
578936,578943
578989,578991
579000,579016
579063,579071
579118,579125
579139,579141
579156,579160
579173,579187
579194,579207
579295,579305
579346,579351
579419,579426
579461,579474
579517,579529
579564,579572
579615,579627
579662,579670
579689,579691
579731,579749
579783,579796
579806,579810
579823,579834
579847,579852
579875,579881
579899,579909
579945,579950
579984,579997
580002,580018
580056,580060
580073,580087
580094,580104
580115,580127
580136,580143
580158,580162
580170,580189
580191,580209
580213,580221
580232,580245
580250,580266
580324,580330
580348,580353
580382,580395
580437,580444
580485,580492
580526,580535
580574,580588
580590,580601
580617,580629
580664,580672
580686,580693
580705,580714
580722,580733
580746,580751
580779,580780
580798,580808
580812,580820
580831,580849
580854,580865
580896,580906
580910,580923
580934,580947
580952,580968
580975,580981
580999,581003
1147682,581026
581035,581042
581057,581061
581074,581088
581090,581100
581116,581128
581137,581144
581159,581163
1147676,581185
581171,581192
581205,581214
581222,581233
581246,581251
581267,581279
581365,581377
581438,581440
581486,581493
581504,581515
581527,581536
581543,581558
581562,581570
581589,581591
581639,581641
581687,581694
581706,581710
581723,581734
581747,581752
581768,581775
581781,581799
581809,581813
581821,581832
581845,581850
581866,581878
581884,581897
581907,581911
581924,581930
581948,581953
581982,581995
582033,582046
582080,582098
582131,582149
582154,582165
582177,582183
582196,582203
582219,582226
582235,582242
582274,582288
582290,582300
582316,582328
582337,582344
582359,582363
582371,582385
582392,582407
582411,582424
582430,582448
582453,582469
582476,582482
582495,582509
582513,582521
582532,582545
582550,582566
582597,582606
582610,582623
582634,582647
582652,582668
582675,582681
582699,582702
582718,582725
582739,582741
582756,582760
582773,582787
582794,582804
582815,582827
582836,582843
582858,582862
582901,582917
582929,582938
582940,582955
582964,582972
582986,582993
583000,583016
583028,583037
583044,583059
583092,583102
583118,583125
583139,583141
583156,583160
583173,583187
583194,583207
583211,583224
583230,583248
583253,583269
583276,583282
583295,583305
583314,583322
583333,583346
583351,583367
583379,583380
583398,583403
583419,583426
583435,583442
583457,583461
583474,583488
583517,583529
583538,583540
583564,583572
583564,583586
583593,583604
583615,583627
583636,583643
583658,583662
583670,583689
583691,583708
583712,583720
583731,583749
583731,583754
583765,583777
583783,583796
583806,583810
583806,583834
583806,583847
583806,583868
583875,583881
583899,583909
583913,583921
583932,583945
583950,583966
583978,583984
583997,584006
584010,584023
584034,584047
584052,584068
584075,584081
584099,584109
584113,584121
584132,584145
584150,584166
584150,584178
584184,584197
584204,584215
584227,584236
584243,584258
584262,584270
584289,584291
584301,584317
584329,584338
584340,584355
584364,584372
584386,584393
584449,584454
584505,584514
584567,584579
584624,584630
584648,584653
584669,584676
584719,584726
584742,584757
584742,584761
584774,584788
584790,584800
584790,584816
584828,584837
584844,584859
584863,584871
584885,584892
584902,584918
584925,584939
584941,584956
584960,584973
585011,585024
585030,585048
585053,585069
585076,585082
585095,585105
585114,585122
585133,585146
585095,585151
585200,585216
585200,585237
585244,585259
585244,585263
585271,585285
585271,585292
585302,585318
585325,585339
585341,585356
585360,585373
585387,585394
585409,585413
585421,585432
585445,585450
585478,585484
585497,585506
585510,585523
585534,585547
585552,585568
585599,585608
585612,585620
585631,585649
585654,585665
585677,585683
585696,585704
585715,585727
585736,585743
585758,585762
585770,585789
585791,585801
585817,585829
585817,585838
585840,585855
585864,585872
585886,585893
585903,585919
585926,585935
585942,585957
585961,585974
585988,585990
586008,586012
586020,586031
586049,586054
586065,586077
586083,586096
586106,586110
586123,586134
586147,586152
586168,586175
586181,586199
586201,586217
586229,586238
586240,586255
586264,586272
586286,586293
586303,586319
586326,586335
586342,586357
586361,586374
586388,586390
586405,586414
586422,586433
586446,586451
586467,586479
586480,586498
586507,586511
586524,586530
586548,586553
586595,586609
586645,586650
586684,586697
586728,586737
586744,586759
586763,586771
586785,586792
586802,586818
586825,586839
586841,586856
586860,586873
586887,586894
586904,586915
586927,586936
586943,586958
586962,586970
586989,586991
587004,587015
587027,587036
587043,587058
587062,587070
587089,587091
587101,587117
587129,587138
587140,587155
587164,587172
587186,587193
587206,587210
587223,587234
587247,587252
587268,587275
587281,587299
587309,587313
587321,587332
587345,587350
587366,587378
587384,587397
587402,587418
587425,587439
587487,587494
587500,587516
587528,587537
587544,587559
587585,587592
587603,587619
587626,587635
587642,587657
587661,587674
587688,587690
587707,587711
587724,587730
587748,587753
587769,587776
587782,587795
587805,587814
587822,587833
587846,587851
587867,587879
587880,587898
587908,587912
587920,587931
587949,587954
587965,587977
587983,587996
588009,588013
588021,588032
588045,588050
588066,588078
588084,588097
588107,588111
588124,588130
588148,588153
588169,588176
588182,588195
588202,588218
588225,588239
588241,588256
588260,588273
588287,588294
588304,588315
588327,588336
588343,588358
588362,588370
588389,588391
588406,588410
588423,588434
588447,588452
588468,588475
588481,588499
588508,588512
588520,588531
588549,588554
588565,588577
588583,588596
588605,588614
588622,588633
588646,588651
588667,588679
588680,588698
588701,588717
588729,588738
588740,588755
588764,588772
588786,588793
588803,588819
588826,588835
588842,588857
588861,588874
588888,588890
588900,588916
588928,588937
588944,588959
588963,588971
588985,588992
589001,589017
589029,589038
589040,589055
589064,589072
589086,589093
589103,589119
589126,589135
589142,589157
589161,589174
589188,589190
589231,589249
589254,589265
589277,589283
589296,589306
589310,589323
589334,589347
589352,589368
589375,589381
589399,589404
589415,589427
589436,589443
589458,589462
589470,589489
589491,589502
589518,589525
589539,589541
589556,589560
589573,589587
589594,589600
589616,589628
589637,589644
589659,589663
589671,589685
589692,589709
589713,589721
589732,589745
589750,589766
589778,589784
589797,589807
589811,589824
589830,589848
589853,589869
589876,589882
589895,589905
589914,589922
589933,589946
589951,589967
590014,590022
590033,590046
590079,590080
590098,590108
590112,590120
590131,590149
590154,590165
590196,590203
590219,590226
590235,590242
590257,590261
590274,590288
590290,590300
590316,590328
590337,590344
590359,590363
590371,590385
590392,590407
590411,590424
590430,590448
590453,590469
590509,590513
590521,590532
590545,590550
590566,590578
590584,590597
590606,590610
590623,590634
590647,590652
590699,590702
590718,590725
590739,590741
590756,590760
590773,590787
590794,590804
590815,590827
590836,590843
590858,590862
590870,590889
590891,590901
590917,590929
590938,590940
590986,590993
591032,591045
591050,591066
591078,591084
591097,591107
794641,591153
794641,591176
591225,591239
591225,591256
591304,591315
591327,591336
591327,591343
591358,591362
591370,591389
591391,591406
591410,591423
591434,591447
591475,591481
591512,591520
591531,591549
591583,591596
591614,591622
591614,591646
591679,591680
591679,591701
591738,591740
591755,591764
591772,591786
591803,591819
591803,591826
591835,591842
591835,591857
591861,591874
591861,591888
591890,591900
591890,591916
591928,591937
591944,591959
591963,591971
591985,591992
592002,592018
592041,592056
592041,592073
592087,592094
592104,592115
592127,592136
592143,592158
592162,592170
592189,592191
592209,592213
592221,592232
592245,592250
592266,592278
592297,592307
592297,592311
592324,592330
592348,592353
592369,592376
592382,592395
592400,592416
592428,592437
592459,592463
592471,592485
592492,592503
592519,592526
592535,592542
592561,592574
592561,592588
592590,592601
592617,592629
592638,592640
592655,592664
592672,592686
592722,592733
592767,592779
592780,592798
592812,592820
592812,592831
592849,592854
592849,592865
592877,592883
592906,592910
592906,592934
592906,592952
592906,592968
592975,592981
593011,593024
593030,593048
593053,593069
593076,593082
593095,593105
593114,593122
593114,593133
593146,593151
593167,593179
593180,593198
593200,593216
593228,593237
593244,593259
593263,593271
593285,593292
593302,593318
593325,593339
593341,593356
593360,593373
593387,593394
593409,593413
593432,593445
593432,593450
593466,593478
593534,593547
593608,593612
593654,593665
593696,593704
593715,593727
593758,593762
593758,593789
593838,593840
593872,593886
593903,593919
593903,593926
593957,593961
593957,593988
594029,594038
594064,594072
594103,594119
594126,594135
594188,594190
594220,594231
594277,594283
594296,594306
594310,594323
594334,594347
594352,594368
594375,594381
594399,594404
594415,594427
594436,594443
594458,594462
594470,594489
594491,594502
594525,594539
594525,594541
594556,594560
594573,594587
594594,594600
594594,594616
594637,594644
594637,594659
594663,594671
594709,594713
594721,594732
594745,594750
594797,594807
594811,594824
594830,594848
594853,594869
594876,594882
594895,594905
594914,594922
594951,594967
594979,594980
594998,595000
595016,595028
595037,595044
595085,595092
595102,595118
595125,595139
595141,595156
595187,595194
595207,595211
595224,595230
595269,595276
595282,595295
595305,595314
595322,595333
595346,595351
595367,595379
595380,595398
595403,595419
595426,595435
595474,595488
595490,595501
595517,595529
595564,595572
595643,595658
595689,595691
595708,595712
595720,595731
595749,595754
595783,595796
595847,595852
595868,595875
595881,595899
595909,595913
595921,595932
595950,595966
595978,595984
595997,596004
596043,596058
596091,596101
596155,596164
596155,596186
596210,596223
596210,596247
596252,596268
596275,596281
596299,596309
596313,596321
596332,596345
596378,596384
596425,596439
596460,596473
596516,596528
596563,596571
596619,596626
596661,596674
596688,596690
596707,596711
596724,596730
596748,596753
596776,596782
596776,596795
596805,596814
596822,596833
596846,596851
596867,596879
596880,596898
596908,596912
596931,596949
596931,596954
596965,596977
596965,596996
597008,597012
597020,597031
597049,597054
597065,597077
597083,597096
597123,597134
597147,597152
597168,597175
597181,597199
597201,597217
597238,597240
597238,597264
597238,597272
597293,597303
597293,597319
597326,597335
597326,597342
597357,597361
597357,597374
597357,597388
597390,597405
597414,597422
597433,597446
597479,597480
597479,597507
597548,597553
597576,597582
597576,597595
597609,597613
597621,597632
597645,597650
597666,597678
597684,597697
597700,597716
597700,597728
597737,597744
597759,597763
597771,597785
597792,597802
597818,597825
597839,597841
597856,597860
597873,597887
597894,597904
597915,597927
597936,597943
597958,597962
597970,597989
597970,597991
598003,598019
598003,598026
598035,598042
598057,598061
598057,598074
598088,598090
598100,598116
598128,598137
598128,598144
598159,598163
598171,598185
598222,598233
598279,598280
598298,598308
598312,598320
598331,598349
598354,598365
598377,598383
598429,598438
598440,598455
598486,598493
598536,598543
598558,598562
598591,598602
598618,598625
598639,598641
598656,598660
598673,598687
598694,598706
598710,598723
598734,598747
598752,598768
598775,598781
598799,598809
598813,598821
598832,598845
598850,598866
598878,598884
598897,598907
598911,598924
598953,598969
598995,599006
599010,599023
599034,599047
599052,599068
599075,599081
599099,599109
599113,599121
599132,599145
599150,599166
599178,599184
599197,599204
599215,599227
599236,599243
599258,599262
599270,599289
599291,599301
599317,599329
599338,599340
599355,599364
599408,599412
599420,599431
599449,599454
599465,599477
599483,599496
599533,599546
599551,599567
599607,599611
599653,599669
599703,599719
599726,599735
599761,599774
599800,599816
599828,599837
599844,599859
599863,599871
599885,599892
599902,599918
599925,599939
599941,599956
599960,599973
600013,600021
600066,600078
600084,600097
600107,600111
600124,600130
600148,600153
600169,600176
600182,600195
600202,600218
600225,600239
600241,600256
600260,600273
600287,600294
600304,600315
600327,600336
600362,600370
600406,600410
600423,600434
600447,600452
600468,600475
600481,600499
600508,600512
600520,600531
600549,600554
600565,600577
600583,600596
600605,600614
600622,600633
600679,600680
600698,600701
600717,600729
600738,600740
600755,600764
600772,600786
600793,600803
600819,600826
600835,600842
600857,600861
600874,600888
600890,600900
600916,600928
600937,600944
600959,600963
600971,600985
600992,601008
601012,601020
601031,601049
601054,601065
601077,601083
601096,601106
601110,601123
601134,601147
601152,601168
601175,601181
601199,601201
601217,601229
601238,601240
601286,601293
601335,601342
601357,601361
601374,601388
601390,601405
601414,601422
601433,601446
601451,601467
601507,601511
601524,601530
601548,601553
601548,601576
601582,601595
601609,601613
601621,601632
601645,601650
601666,601678
601684,601697
601700,601716
601728,601737
601744,601759
601763,601771
601785,601792
601802,601818
601839,601841
601839,601856
601873,601887
601873,601894
601904,601915
601927,601936
601943,601958
601970,601989
601970,601991
602001,602017
602029,602038
602040,602055
602064,602072
602086,602093
602135,602142
602174,602188
602190,602208
602212,602220
602231,602249
602296,602306
602310,602323
602352,602368
602375,602381
602415,602427
602462,602470
602502,602518
602525,602539
602541,602556
602560,602573
602616,602628
602663,602671
602713,602721
602784,602797
602876,602882
602933,602946
602998,603006
603075,603081
603099,603109
603132,603145
603178,603184
603215,603227
603236,603243
603258,603262
603291,603301
603317,603329
603372,603386
603393,603408
603412,603420
603454,603465
603477,603483
603522,603533
603579,603580
603598,603607
603653,603669
603703,603719
603742,603757
603761,603774
603788,603790
603844,603859
603885,603892
603925,603939
603960,603973
603987,603994
604000,604016
604028,604037
604044,604059
604063,604071
604085,604092
604125,604139
604141,604156
604160,604173
604187,604194
604207,604211
604224,604230
604276,604282
604295,604305
604351,604367
604398,604403
604457,604461
604490,604501
604538,604540
604572,604586
604593,604604
604615,604627
604658,604662
604670,604689
604691,604708
604754,604765
604806,604810
604899,604909
604945,604950
604984,604997
605004,605015
605058,605062
605101,605117
605140,605155
605164,605172
605206,605210
605252,605268
605309,605313
605366,605378
605418,605425
605460,605473
605500,605516
605528,605537
605544,605559
605585,605592
605635,605642
605657,605661
605674,605688
605711,605724
605782,605795
605805,605814
605822,605833
605879,605880
605931,605949
605954,605965
605996,606003
606042,606057
606088,606090
606144,606159
606185,606192
606205,606214
606246,606251
606280,606298
606308,606312
606354,606365
606401,606417
606440,606455
606493,606504
606536,606543
606558,606562
606570,606589
606625,606639
606660,606673
606687,606694
606706,606710
606747,606752
606781,606799
606809,606813
606845,606850
606866,606878
606911,606924
606930,606948
606953,606969
606976,606982
607024,607030
607076,607082
607114,607122
607151,607167
607198,607200
607216,607228
607237,607244
607285,607292
607302,607318
607325,607339
607341,607356
607360,607373
607387,607394
607409,607413
607421,607432
607445,607450
607466,607478
607484,607497
607506,607510
607523,607534
607547,607552
607568,607575
607581,607599
607608,607612
607620,607631
607649,607654
607665,607677
607683,607696
607704,607715
607727,607736
607743,607758
607762,607770
607789,607791
607801,607817
607829,607838
607840,607855
607864,607872
607886,607893
607903,607919
531988,607961
531988,607988
531988,608002
608056,608060
608115,608127
608158,608162
608170,608189
608191,608209
608213,608221
608232,608245
608250,608266
608278,608284
608297,608307
608311,608324
608330,608348
608382,608395
608400,608416
608428,608437
608444,608459
608471,608485
608471,608503
608471,608519
608526,608535
608542,608557
608561,608574
608588,608590
608601,608617
608629,608638
608640,608655
608664,608672
608705,608714
608751,608767
608808,608812
608849,608854
608849,608877
608883,608896
608923,608934
609022,609033
609022,609051
609108,609112
609149,609154
609183,609196
609226,609235
609242,609257
609274,609288
609274,609290
609300,609316
609328,609337
609344,609359
609407,609411
609453,609469
609476,609482
609513,609521
609532,609545
609578,609584
609597,609606
609610,609623
609634,609647
609652,609668
609699,609702
609718,609725
609739,609741
609756,609760
609794,609804
609815,609827
609858,609862
609891,609901
609917,609929
609972,609986
610028,610037
610092,610102
610118,610125
610160,610173
610187,610194
610248,610253
610282,610295
610305,610314
610322,610333
610367,610379
610380,610398
610403,610419
610442,610457
610461,610474
610488,610490
610501,610517
610529,610538
610540,610555
610564,610572
610586,610593
610604,610615
610627,610636
610643,610658
610662,610670
610689,610691
610720,610731
610749,610754
610765,610777
610783,610796
610806,610810
610823,610834
610847,610852
610868,610875
610909,610913
610921,610932
610978,610984
610997,611001
611017,611029
611064,611072
611086,611093
611103,611119
611126,611135
611142,611157
611161,611174
611188,611190
611208,611212
611220,611231
611249,611254
611265,611277
611323,611334
611347,611352
611404,611415
611436,611443
611436,611458
611462,611470
611489,611491
611525,611539
611541,611556
611587,611594
611637,611644
611685,611692
611709,611713
611721,611732
611778,611784
611778,611807
611824,611830
611882,611895
611951,611967
612012,612020
612054,612065
612110,612123
612152,612168
612175,612181
612217,612229
612238,612240
612319,612326
612357,612361
612405,612414
612422,612433
612446,612451
612467,612479
612498,612507
612530,612548
612553,612569
612576,612582
612595,612609
612613,612621
612632,612645
612678,612684
612697,612700
612716,612728
612737,612744
612759,612763
612818,612825
612873,612887
612894,612904
612915,612927
612936,612943
612958,612962
612970,612989
612991,613003
613019,613026
613035,613042
613057,613061
613074,613088
613090,613100
613116,613128
613137,613144
613185,613192
613205,613214
613222,613233
613246,613251
613267,613279
613280,613298
613308,613312
613349,613354
613365,613377
613383,613396
613429,613438
613440,613455
613464,613472
613486,613493
613536,613543
613558,613562
613570,613589
613591,613602
613618,613625
613639,613641
613656,613660
613673,613687
613694,613706
613710,613723
613734,613747
613752,613768
613775,613781
613813,613821
613832,613845
613866,613878
613907,613911
613924,613930
613948,613953
613969,613976
614009,614013
614021,614032
614045,614050
614097,614107
614153,614169
614225,614239
614260,614273
614315,614327
614370,614389
614423,614434
614447,614452
614468,614475
614549,614554
614596,614605
614646,614651
614698,614701
614717,614729
614738,614740
614755,614764
614772,614786
614803,614819
614803,614826
614803,614842
614874,614888
614890,614900
614916,614928
614937,614944
614959,614963
614971,614985
614992,615005
615014,615022
615033,615046
615051,615067
615079,615080
615098,615108
615112,615120
615131,615149
615154,615165
615177,615183
615196,615203
615219,615226
615235,615242
615257,615261
615274,615288
615290,615300
615316,615328
615337,615344
615359,615363
615371,615385
615392,615407
615411,615424
615411,615430
615448,615453
615448,615469
615482,615495
615482,615513
615482,615521
615482,615532
615545,615550
615545,615566
615545,615578
615545,615584
615597,615606
615610,615623
615634,615647
615652,615668
615675,615681
615699,615702
615718,615725
615739,615741
615756,615760
615773,615787
615794,615804
615815,615827
615836,615843
615858,615862
615901,615917
615929,615938
615972,615986
616052,616068
616109,616113
616215,616227
616236,616243
616258,616262
616270,616289
616329,616338
616340,616355
616364,616372
616408,616412
616420,616431
616449,616454
616465,616477
616505,616514
616522,616533
616546,616551
616567,616579
616580,616598
616607,616611
616624,616630
616648,616653
616669,616676
616682,616695
616703,616719
616761,616774
616816,616828
616892,616902
616956,616960
616973,616987
617002,617018
617025,617039
617041,617056
617104,617115
617104,617136
617143,617158
617162,617170
617213,617221
617232,617245
617250,617266
617278,617284
617297,617307
617311,617324
617330,617348
617353,617369
617376,617382
617395,617400
617428,617437
617428,617444
617459,617463
617471,617485
617503,617519
617503,617526
617535,617542
617557,617561
617557,617574
617588,617590
617601,617617
617629,617638
617640,617655
617672,617686
617672,617693
617705,617714
617722,617733
617746,617751
617767,617779
617780,617798
617808,617812
617831,617849
617831,617865
617831,617877
617883,617896
617906,617910
617923,617934
617947,617952
617947,617968
617975,617981
617999,618007
618011,618024
618030,618048
618053,618069
618076,618082
618095,618105
618114,618122
618180,618198
618216,618228
618216,618237
618216,618259
618216,618271
618285,618292
618285,618302
618285,618318
618285,618325
618339,618341
618339,618356
618394,618409
618413,618421
618413,618432
618445,618450
618466,618478
618506,618510
618523,618534
618599,618608
618631,618649
618683,618696
618743,618758
618762,618770
618801,618817
618838,618840
618855,618864
618872,618886
618893,618903
618919,618926
618935,618942
618957,618961
618974,618988
618990,619004
619015,619027
619036,619043
619058,619062
619070,619089
619091,619101
619117,619129
619138,619140
619155,619164
619172,619186
619193,619206
619223,619234
619223,619247
619252,619268
619275,619281
619299,619309
619313,619321
619332,619345
619350,619366
619378,619384
619397,619402
619418,619425
619439,619441
619487,619494
619500,619516
619528,619537
619544,619559
619603,619619
619626,619635
619642,619657
619661,619674
619688,619690
619707,619711
619724,619730
619748,619753
619769,619776
619782,619795
619805,619814
619822,619833
619846,619851
619867,619879
619880,619898
619908,619912
619920,619931
619949,619954
619996,620005
620022,620033
620046,620051
620067,620079
620080,620098
620108,620112
620120,620131
620149,620154
620165,620177
620183,620196
620203,620219
620226,620235
620242,620257
620261,620274
620288,620290
620300,620316
620328,620337
620407,620411
620424,620430
620476,620482
620521,620532
620545,620550
620597,620606
620597,620623
620597,620647
620597,620668
620675,620681
620699,620702
620718,620725
620739,620741
620756,620760
620756,620773
620756,620794
620756,620804
620756,620815
620827,620836
620843,620858
620862,620870
620889,620891
620901,620917
620929,620938
620940,620955
620964,620972
621021,621032
621045,621050
621066,621078
621084,621097
621107,621111
621124,621130
621195,621202
621225,621239
621256,621260
621256,621273
621315,621327
621362,621370
621389,621391
621406,621410
621481,621499
621481,621512
621577,621583
621633,621646
621698,621701
621755,621764
621803,621819
621857,621861
621928,621937
621944,621959
621963,621971
621985,621992
622002,622018
622056,622060
622073,622087
622094,622104
622143,622158
622162,622170
622232,622245
622297,622307
622348,622353
622400,622416
622459,622463
622492,622503
622535,622542
622574,622588
622617,622629
622705,622714
622722,622733
622767,622779
622812,622820
622812,622849
622877,622883
622934,622947
622999,623007
623030,623048
623095,623105
623146,623151
623180,623198
623200,623216
623244,623259
623263,623271
623285,623292
623339,623341
623356,623360
623373,623387
623413,623421
623413,623445
623450,623466
623478,623484
623534,623547
623575,623581
623599,623608
623649,623654
623665,623677
623683,623696
623736,623743
623789,623791
623829,623838
623872,623886
623919,623926
623961,623974
624001,624017
624040,624055
624093,624103
624119,624126
624157,624161
624190,624208
624212,624220
624254,624265
624277,624283
624310,624323
624368,624375
624381,624399
624443,624458
624462,624470
624502,624518
624556,624560
624594,624600
624616,624628
624663,624671
624685,624692
624709,624713
624721,624732
624778,624784
624797,624807
624830,624848
624853,624869
624876,624882
624895,624905
624914,624922
624933,624946
624979,624980
625016,625028
625037,625044
625059,625063
625102,625118
625156,625160
625173,625187
625230,625248
625253,625269
625276,625282
625322,625333
625367,625379
625380,625398
625403,625419
625426,625435
625461,625474
625490,625501
625490,625540
625555,625564
625572,625586
625615,625627
625662,625670
625689,625691
625754,625765
625777,625783
625852,625868
625921,625932
625966,625978
626043,626058
626117,626129
626138,626140
626193,626206
626268,626275
626268,626299
626268,626313
626366,626378
626418,626425
626439,626441
626460,626473
626500,626516
626544,626559
626585,626592
626626,626635
626674,626688
626711,626724
626748,626753
626748,626769
626782,626795
626782,626805
626814,626822
626833,626846
626851,626867
626879,626880
626898,626908
626912,626920
626931,626949
626954,626965
626977,626983
626996,627008
627012,627020
627065,627077
627083,627096
627106,627110
627147,627152
627168,627175
627201,627217
627229,627238
627240,627255
627264,627272
627293,627303
627293,627319
627326,627335
627326,627342
627361,627374
627390,627405
627414,627422
627433,627446
627479,627480
627511,627524
627530,627548
627553,627569
627576,627582
627595,627609
627621,627632
627621,627645
627666,627678
627666,627684
627697,627700
627716,627728
627737,627744
627759,627763
627792,627802
627839,627841
627856,627860
627873,627887
627894,627904
627915,627927
627989,627991
628003,628019
628026,628035
628042,628057
628061,628074
628088,628090
628100,628116
628128,628137
628144,628159
628163,628171
628185,628192
628214,628222
628214,628233
628246,628251
628246,628267
628298,628308
628312,628320
628331,628349
628354,628365
628377,628383
628396,628401
628438,628440
628455,628464
628472,628486
628493,628504
628515,628527
628536,628543
628558,628562
628570,628589
628591,628602
628618,628625
628639,628641
628656,628660
628673,628687
628710,628723
628734,628747
628752,628768
628775,628781
628799,628809
628813,628821
628832,628845
628850,628866
628878,628884
628897,628907
628911,628924
628930,628948
628953,628969
628976,628982
628995,629006
629034,629047
629052,629068
629075,629081
629099,629109
629113,629121
629132,629145
629150,629166
629178,629184
629197,629204
629215,629227
629236,629243
629258,629262
629270,629289
629291,629301
629329,629338
629329,629340
629355,629364
629372,629386
629393,629408
629412,629420
629431,629449
629454,629465
629477,629483
629496,629505
629514,629522
629533,629546
629551,629567
629579,629580
629598,629607
629611,629624
629630,629648
629653,629669
629676,629682
629695,629703
629719,629726
629735,629742
629757,629761
629774,629788
629800,629816
629859,629863
629871,629885
629892,629902
629918,629925
629939,629941
629956,629960
629973,629987
629994,630001
630017,630029
630038,630040
630055,630064
630072,630086
630072,630093
630103,630119
630126,630135
630142,630157
630161,630174
630208,630212
630220,630231
630249,630254
630265,630277
630283,630296
630306,630310
630323,630334
630347,630352
630368,630375
630381,630399
630404,630415
630427,630436
630443,630458
630462,630470
630489,630491
630502,630518
630525,630539
630541,630556
630560,630573
630616,630628
630637,630644
630659,630663
630671,630685
630713,630721
630732,630745
630750,630766
630778,630784
630778,630797
630807,630811
630807,630824
630830,630848
630830,630853
630869,630876
630895,630905
630914,630922
630914,630933
630946,630951
630967,630979
630980,630998
631018,631039
631041,631056
631041,631060
631041,631073
631087,631094
631104,631115
631127,631136
631158,631162
631170,631189
631191,631209
631213,631221
631213,631232
631245,631250
631266,631278
631284,631297
631307,631311
631324,631330
631348,631353
631369,631376
631382,631395
631382,631400
631416,631428
631437,631444
631459,631463
631471,631485
631492,631503
631519,631526
631535,631542
631557,631561
631557,631574
631588,631590
631601,631617
631629,631638
631640,631655
631664,631672
631686,631693
631705,631714
631722,631733
631746,631751
631767,631779
631780,631798
631808,631812
631820,631831
631849,631854
631865,631877
631883,631896
631906,631910
631923,631934
631947,631952
631968,631975
631981,631999
632009,632013
632021,632032
632045,632050
632066,632078
632084,632097
632107,632111
632124,632130
632176,632182
632195,632202
632218,632225
632239,632241
632256,632260
632273,632287
632294,632304
632315,632327
632336,632343
632358,632362
632370,632389
632391,632406
632410,632423
632434,632447
632452,632468
632475,632481
632499,632508
632520,632531
632554,632565
632520,632577
632554,632583
632596,632605
632614,632622
632633,632646
632633,632651
632667,632679
632680,632698
632701,632717
632729,632738
632740,632755
632764,632772
632786,632793
632803,632819
632826,632835
632842,632857
632928,632937
632959,632963
632959,632985
633004,633015
633004,633036
633070,633089
633129,633138
633172,633186
633210,633223
633268,633275
633268,633299
633268,633313
633321,633332
633345,633350
633366,633378
633384,633397
633402,633418
633425,633439
633441,633456
633494,633500
633544,633559
633563,633571
633585,633592
633626,633635
633642,633657
633688,633690
633711,633724
633711,633730
633748,633753
633748,633769
633776,633782
633795,633805
633833,633846
633851,633867
633908,633912
633920,633931
633977,633983
634022,634033
634108,634112
634154,634165
634203,634219
634226,634235
634261,634274
634316,634328
634316,634344
634359,634363
634385,634392
634385,634407
634411,634424
634430,634448
634453,634469
634476,634482
634495,634509
634513,634521
634532,634545
634550,634566
634578,634584
634578,634597
634606,634610
634606,634623
634634,634647
634652,634668
634675,634681
634699,634702
634725,634739
634725,634741
634756,634760
634773,634787
634773,634794
634804,634815
634804,634827
634862,634870
634889,634891
634901,634917
634929,634938
634940,634955
634964,634972
634986,634993
635006,635010
635023,635034
635047,635052
635068,635075
635081,635099
635109,635113
635121,635132
635150,635166
635150,635178
635184,635197
635227,635236
635243,635258
635262,635270
635289,635291
635301,635317
635329,635338
635340,635355
635364,635372
635386,635393
635408,635412
635431,635449
635431,635454
635483,635496
635483,635514
635522,635533
635607,635611
635607,635630
635676,635682
635726,635735
635774,635788
635816,635828
635863,635871
635902,635918
635956,635960
635987,635994
636048,636053
636048,636076
636082,636095
636082,636105
636114,636122
636114,636133
636167,636179
636167,636198
636200,636216
636259,636263
636271,636285
636292,636302
636325,636339
636341,636356
636360,636373
636387,636394
636409,636413
636432,636445
636450,636466
636478,636484
636497,636506
636510,636523
636534,636547
636552,636568
636575,636581
636599,636608
636599,636612
636620,636631
636620,636649
636665,636677
636665,636696
636665,636704
636715,636727
636736,636743
636758,636762
636770,636789
636770,636791
636770,636817
636829,636838
636840,636855
636864,636872
636903,636919
636926,636935
636942,636957
636961,636974
637003,637019
637026,637035
637042,637057
637061,637074
637100,637116
637128,637137
637144,637159
637144,637163
637171,637185
637192,637205
637214,637222
637233,637246
637251,637267
637279,637280
637308,637312
637308,637320
637331,637349
637331,637354
637331,637365
637377,637383
637396,637401
637417,637429
637438,637440
637455,637464
637472,637486
637493,637504
637515,637527
637543,637558
637562,637570
637589,637591
637602,637618
637625,637639
637641,637656
637660,637673
637687,637694
637706,637710
637723,637734
637747,637752
637768,637775
637781,637799
637809,637813
637809,637832
637845,637850
637845,637866
637884,637897
637884,637907
637911,637924
637930,637948
637969,637976
637969,637982
637995,638008
638012,638020
638031,638049
638054,638065
638077,638083
638077,638096
638106,638110
638123,638134
638147,638152
638147,638168
638175,638181
638199,638201
638217,638229
638238,638240
638255,638264
638272,638286
638293,638303
638342,638357
638405,638414
638446,638451
638467,638479
638480,638498
638507,638511
638569,638576
638569,638595
638609,638613
638621,638632
638645,638650
638678,638684
638678,638700
638678,638728
638678,638744
638678,638759
638763,638771
638785,638792
638802,638818
638825,638839
638841,638856
638860,638873
638887,638894
638904,638915
638927,638936
638943,638958
638962,638970
638991,639000
638991,639016
639028,639037
639044,639059
639063,639071
639085,639092
639102,639118
639125,639139
639141,639156
639160,639173
639187,639194
639207,639211
639224,639230
639248,639253
639269,639276
639282,639295
639305,639314
639322,639333
639346,639351
639367,639379
639380,639398
639426,639435
639442,639457
639501,639517
639501,639538
639501,639555
639501,639572
639501,639593
639604,639615
639643,639658
639662,639670
639689,639691
639708,639712
929582,639731
639765,639777
639783,639796
639823,639834
639823,639852
639868,639875
639881,639899
639909,639913
639921,639932
639950,639966
639978,639984
639997,640003
640019,640026
640035,640042
640088,640090
640100,640116
640144,640159
640163,640171
640185,640192
640233,640246
640280,640298
640308,640312
640320,640331
640349,640354
640365,640377
640383,640396
640401,640417
640429,640438
640440,640455
640464,640472
640486,640493
640504,640515
640527,640536
640543,640558
640562,640570
640589,640591
640602,640618
640625,640639
640641,640656
640660,640673
640687,640694
640706,640710
640723,640734
640747,640752
640768,640775
640781,640799
640809,640813
640821,640832
640845,640850
640866,640878
640907,640911
640924,640930
640953,640969
640976,640982
640995,641004
641015,641027
641036,641043
641058,641062
641070,641089
641091,641101
641117,641129
641138,641140
641155,641164
641172,641186
641193,641206
641210,641223
641234,641247
641234,641252
641268,641275
641281,641299
641309,641313
641321,641332
641345,641350
641366,641378
641384,641397
641402,641418
641425,641439
641441,641456
641473,641487
641473,641494
641500,641516
641537,641544
641537,641563
641537,641571
641537,641585
641592,641603
641619,641626
641635,641642
641688,641690
641730,641748
641753,641769
641795,641805
641846,641851
641867,641879
641880,641898
641931,641949
641954,641965
641977,641983
641996,642006
642034,642047
642052,642068
642075,642081
642121,642132
642150,642166
642178,642184
642227,642236
642262,642270
642289,642291
642150,642301
642178,642317
642329,642338
642227,642340
642364,642372
642386,642393
642408,642412
642420,642431
642449,642454
642465,642477
642514,642522
642533,642546
642551,642567
642579,642580
642598,642607
642611,642624
642630,642648
642682,642695
642742,642757
642816,642828
642885,642892
642956,642960
642973,642987
643064,643072
643126,643135
643142,643157
643188,643190
643208,643212
643277,643283
643347,643352
643399,643404
643443,643458
643518,643525
643539,643541
643600,643616
643659,643663
643721,643732
643797,643807
643797,643824
643895,643905
643946,643951
643998,644007
644069,644076
644114,644122
644198,644200
644263,644271
644341,644356
644360,644373
644387,644394
644421,644432
644510,644523
644568,644575
644581,644599
644631,644649
644704,644715
644704,644736
644704,644758
644789,644791
644789,644817
644872,644886
644942,644957
644990,645008
645065,645077
645123,645134
645123,645152
645199,645201
645199,645229
645255,645264
645342,645357
645361,645374
645433,645446
645507,645511
645507,645530
645569,645576
645582,645595
645582,645609
645613,645621
645684,645697
645728,645737
645771,645785
645792,645802
645860,645873
645915,645927
645962,645970
645962,645991
646050,646066
646124,646130
646124,646153
646182,646195
646182,646218
646273,646287
646362,646370
646389,646391
646452,646468
646520,646531
646549,646554
646614,646622
646614,646646
646614,646667
646679,646680
646679,646698
646679,646701
646764,646772
646819,646826
646888,646890
646959,646963
646971,646985
647059,647063
647125,647139
647141,647156
647211,647224
647230,647248
647295,647305
647333,647346
647380,647398
647457,647461
647501,647517
647540,647555
647564,647572
647586,647593
647658,647662
647708,647712
647749,647754
647783,647796
647806,647810
647847,647852
647881,647899
647909,647913
647978,647984
648022,648033
648080,648098
648080,648112
648149,648154
659951,648196
648235,648242
648274,648288
648316,648328
648385,648392
648453,648469
648509,648513
648550,648566
648606,648610
648623,648634
648699,648702
648741,648756
648794,648804
648843,648858
648891,648901
648964,648972
649018,649025
649087,649094
649104,649115
649170,649189
649250,649266
649250,649284
649297,649307
649297,649311
649376,649382
649428,649437
649471,649485
649492,649503
649561,649574
649617,649629
649664,649672
649714,649722
649780,649798
649854,649865
649906,649910
649952,649968
650025,650039
650094,650104
650143,650158
650191,650209
650245,650250
650311,650324
650369,650376
650416,650428
650463,650471
650519,650526
650588,650590
650640,650655
650686,650693
650751,650767
650820,650831
650896,650906
650947,650952
651116,651128
651163,651171
651233,651246
651251,651267
651279,651280
651320,651331
651396,651401
651464,651472
651515,651527
651589,651591
651639,651641
651656,651660
651673,651687
651723,651734
651747,651752
651768,651775
651813,651821
651884,651897
651930,651948
651982,651995
652051,652067
652120,652131
652177,652183
652242,652257
652290,652300
652363,652371
652430,652448
519257,652469
519235,652482
509397,652509
652513,652521
652532,652545
652550,652566
652623,652634
652647,652652
652718,652725
652739,652741
652756,652760
652827,652836
652901,652917
652940,652955
652986,652993
653000,653016
653044,653059
967258,653092
189468,653125
967329,653141
195566,653187
199058,653224
653269,653276
653305,653351
189343,653442
653474,653488
653529,653538
653593,653604
653627,653636
653658,653662
653689,653691
178143,653765
653823,653834
653899,653909
653945,653950
653966,653978
653984,653997
513816,654010
513816,654034
654075,654081
654075,654109
654075,654121
654166,654178
654215,654227
654270,654289
654270,654301
654372,654386
654412,654420
654477,654483
654546,654551
654607,654611
617104,654630
654648,654653
654669,654676
654735,654742
654800,654816
654844,654859
654918,654925
655024,655030
655076,655082
655146,655151
655167,655179
655216,655228
655259,655263
655271,655285
655341,655356
655394,655409
655432,655445
655450,655466
655523,655534
495543,655547
655608,655612
655654,655665
655704,655715
655727,655736
655743,655758
655817,655829
655886,655893
655919,655926
655957,655961
656008,656012
664018,656065
664018,656083
656147,656152
656168,656175
656181,656199
656201,656217
656240,656255
656286,656293
656357,656361
656405,656414
656446,656451
656480,656498
656524,656530
644421,656576
656613,656621
656666,656678
656700,656716
656744,656759
656785,656792
656856,656860
656904,656915
656927,656936
515635,656962
657004,657015
657058,657062
657070,657089
657129,657138
657172,657186
657193,657206
657268,657275
797226,657313
657350,657366
657402,657418
657441,657456
657487,657494
657559,657563
657603,657619
657674,657688
657753,657769
657753,657805
657851,657867
657851,657908
657912,657920
657912,657949
657954,657965
658009,658013
658050,658066
658107,658111
658176,658182
658256,658260
658273,658287
658294,658304
658315,658327
658336,658343
658358,658362
658423,658434
658475,658481
658499,658508
658512,658520
167177,658565
658605,658614
658622,658633
658680,658698
658738,658740
564228,658764
658772,658786
658793,658803
517341,658826
658835,658842
658857,658861
658874,658888
658944,658959
658985,658992
659001,659017
659072,659086
659126,659135
659174,659188
659249,659254
659296,659306
659368,659375
659436,659443
659489,659491
659502,659518
659525,659539
659573,659587
659644,659659
659671,659685
659692,659709
659713,659721
659732,659745
659750,659766
659797,659807
659848,659853
660075,660081
660166,660178
660204,660215
660262,660270
660338,660340
660431,660449
660483,660496
660514,660522
660580,660598
660653,660669
660726,660735
660774,660788
660844,660859
660892,660902
660960,660973
661005,661014
661051,661067
661108,661112
661177,661183
661226,661235
661290,661300
661337,661344
661385,661392
661407,661411
661476,661482
661521,661532
661566,661578
661584,661597
661606,661610
661652,661668
596563,661718
661756,661760
661773,661787
661836,661843
661889,661891
661938,661940
661972,661986
662026,662035
662090,662100
662159,662163
662205,662214
662251,662267
662279,662280
662308,662312
662377,662383
662429,662438
662440,662455
662493,662504
662536,662543
662589,662591
662639,662641
662687,662694
662734,662747
662809,662813
662878,662884
662953,662969
662995,663008
663012,663020
663083,663096
663106,663110
663106,663152
663168,663175
663238,663240
663255,663264
663272,663286
663335,663342
663390,663405
663451,663467
663511,663524
663530,663548
663553,663569
663576,663582
663613,663621
663632,663645
663650,663666
663678,663684
663716,663728
663759,663763
663792,663785
663792,663802
663839,663825
663839,663841
663856,663860
663856,663887
663989,663991
664143,664158
664213,664221
1039229,664245
664284,664297
664330,664348
664353,664369
664395,664400
664444,664459
664018,664471
664519,664526
664561,664574
664601,664617
664629,664638
1012765,664655
664693,664705
664714,664722
664767,664779
664812,664820
664831,664849
664883,664896
664934,664947
664981,664999
665029,665038
665055,665064
664041,665086
665135,665142
665174,665188
665190,665208
665212,665220
665231,665249
665254,665265
665296,665306
665347,665352
955803,665375
665381,665399
665404,665415
665458,665462
665502,665518
665525,665539
665541,665556
665560,665573
665600,665616
665644,665659
665663,665671
665685,665692
665732,665745
665784,665797
665784,665811
665876,665882
507672,665905
507672,665922
507672,665946
665951,665967
965641,666000
665998,666028
666037,666044
666059,666063
967289,666085
189410,666092
967262,666102
666160,666173
666211,666224
666248,666253
666314,666322
666367,666379
666419,666426
666488,666490
666501,666517
965504,666538
666540,666555
666564,666572
666615,666627
666689,666691
666708,666712
666720,666731
666834,666847
666909,666913
666950,666966
666978,666984
666997,667009
667013,667021
667032,667045
667107,667111
667124,667130
667169,667176
667202,667218
161800,667256
180286,667287
180110,667294
180096,667315
653754,667336
154484,667391
965464,667410
972865,667452
667475,667481
972906,667499
667520,667531
160840,667577
667565,667596
165519,667614
667646,667651
1022579,667679
667680,667698
165601,667738
667729,667755
180238,667764
189148,667786
965813,667826
667819,667842
965832,667861
667857,667874
653435,667890
653085,667900
666071,667916
653173,667937
667963,667971
668027,668036
668043,668058
668062,668070
668101,668117
668155,668164
668223,668234
668350,668366
668425,668439
668494,668500
668603,668619
668626,668635
668690,668707
668769,668776
668805,668814
668867,668879
964281,668920
668983,668996
669024,669030
669095,669105
669167,669179
669180,669198
669200,669216
669228,669237
669244,669259
669263,669271
669285,669292
669318,669325
669387,669394
960716,669413
960716,669432
669445,669450
669510,669523
669534,669547
669620,669631
669649,669654
669665,669677
669770,669789
669791,669801
669817,669829
669864,669872
669926,669935
669961,669974
669988,669990
670008,670012
670020,670031
670049,670054
670083,670096
670123,670134
670147,670152
670168,670175
670181,670199
670201,670217
670229,670238
670240,670255
670264,670272
670335,670342
670405,670414
670479,670480
670548,670553
670569,670576
670621,670632
670666,670678
670684,670697
670700,670716
670771,670785
1013843,670802
1022580,670860
670873,670887
670915,670927
670962,670970
670991,671007
670991,671011
671069,671076
671082,671095
671082,671114
671082,671133
671167,671179
671237,671244
671285,671292
671339,671341
671387,671394
184563,671432
671445,671450
184268,671497
671506,671510
671523,671534
671547,671552
671581,671599
671608,671612
671654,671665
513630,671677
513630,671683
671743,671758
671743,671770
671743,671791
671801,671817
671801,671829
671801,671840
671864,671872
671893,671903
671926,671935
671926,671942
671926,671961
671988,671990
671988,672000
671988,672028
672085,672092
672156,672160
672156,672187
672248,672253
672295,672305
672367,672379
1128728,672435
672426,672457
672517,672529
672586,672593
672658,672662
672708,672712
672777,672783
672847,672852
672847,672875
672913,672921
672966,672978
672966,672997
673005,673014
673079,673080
673112,673120
673183,673196
673235,673242
1129488,673257
673371,673385
673392,673407
673476,673482
673513,673521
673578,673584
673623,673634
673681,673699
673972,673986
674027,674036
674062,674070
674062,674091
674101,674117
674140,674155
674164,674172
674186,674193
674186,674206
674210,674223
674234,674247
674252,674268
674313,674321
674366,674378
674418,674425
674456,674460
674528,674537
674563,674571
674619,674626
674661,674674
674711,674724
674769,674776
674814,674822
674867,674879
674912,674920
674965,674977
675019,675026
675090,675100
675128,675137
675128,675185
675205,675214
675246,675251
675280,675298
675354,675365
675401,675417
675455,675464
675543,675558
675602,675618
675602,675639
675687,675694
675687,675710
675775,675781
675799,675809
675799,675821
675799,675845
675850,675866
675878,675884
675948,675953
675948,675976
675995,676002
676039,676041
676039,676060
676104,676115
676158,676162
676209,676213
676221,676232
676245,676250
676284,676297
676307,676311
676348,676353
676376,676382
676395,676400
676416,676428
676459,676463
676492,676503
676561,676574
676588,676590
676629,676638
676664,676672
676705,676714
676722,676733
676767,676779
676780,676798
676820,676831
676849,676854
676896,676906
676947,676952
676975,676981
677113,677145
677166,677178
677166,677184
677227,677236
1016640,677301
1016664,677340
677364,677393
677431,677449
677431,677465
677477,677483
677514,677522
677567,677579
677580,677598
677607,677611
677624,677630
677653,677669
677653,677676
677682,677695
677735,677742
677757,677761
677788,677790
677800,677816
677800,677828
677837,677844
677859,677863
677941,677956
678017,678029
678086,678093
678103,678119
678190,678208
678212,678220
678347,678352
678427,678436
678491,678502
678556,678560
678573,678587
678644,678659
678721,678732
678784,678797
678824,678830
678882,678895
678967,678979
679021,679032
679084,679097
679153,679169
679202,679218
679241,679256
679327,679336
679391,679406
679468,679475
679554,679565
679622,679633
679701,679717
679755,679764
679803,679819
679861,679874
679888,679890
679959,679963
680024,680030
680048,680053
680122,680133
680180,680198
680200,680216
680271,680285
680325,680339
680360,680373
680409,680413
680478,680484
680552,680568
680608,680612
680654,680665
680727,680736
680770,680789
680791,680801
680840,680855
680893,680903
680942,680957
681010,681023
681047,681052
681075,681081
681121,681132
681178,681184
681243,681258
681291,681301
681317,681329
681364,681372
681412,681420
681454,681465
681477,681483
681522,681533
681546,681551
681567,681579
681611,681624
681682,681695
681757,681761
681816,681828
681844,681859
681885,681892
681918,681925
681941,681956
681960,681973
682004,682015
682027,682036
682058,682062
682101,682117
682164,682172
682193,682206
682268,682275
682281,682299
682332,682345
682397,682402
682441,682456
682516,682528
682571,682585
682626,682635
682642,682657
682711,682724
682769,682776
682833,682846
682880,682898
682954,682965
683021,683032
683078,683084
683124,683130
683176,683182
683225,683239
683294,683304
683343,683358
683370,683389
683434,683447
683452,683468
683512,683520
683554,683565
683622,683633
683646,683651
683717,683729
683786,683793
683835,683842
683900,683916
683959,683963
684003,684019
684057,684061
684074,684088
684090,684100
684116,684128
684137,684144
684159,684163
684171,684185
684246,684251
684298,684308
684354,684365
684401,684417
684472,684486
684536,684543
684602,684618
684625,684639
684694,684706
684747,684752
684813,684821
684884,684897
684953,684969
682397,685025
685087,685094
685127,685136
685191,685209
685245,685250
685311,685324
685382,685395
685459,685463
685471,685485
685492,685503
685519,685526
685588,685590
685655,685664
685672,685686
685722,685733
685746,685751
685812,685820
685865,685877
685934,685947
686001,686017
686072,686086
686142,686157
686212,686220
686283,686296
686334,686347
686352,686368
686427,686436
686470,686489
686539,686541
686556,686560
686573,686587
686594,686600
686663,686671
686713,686721
686784,686797
686853,686869
686922,686933
686998,687005
687067,687079
687131,687149
687203,687219
687274,687288
687344,687359
687363,687371
687430,687448
687509,687513
687550,687566
687623,687634
687675,687681
687699,687702
687760,687773
687836,687843
687858,687862
687901,687917
687940,687955
688016,688028
688085,688092
688156,688160
688173,688187
154302,688207
688194,688211
688224,688230
688248,688253
154478,688276
688282,688295
688305,688314
688322,688333
688346,688351
972877,688367
972934,688380
972883,688403
688419,688426
972896,688435
972947,688442
688474,688488
688501,688517
688529,688538
965558,688572
965527,688593
965536,688615
688658,688662
179668,688708
179675,688749
179681,688783
688796,688806
688847,688852
965930,688875
688881,688899
965850,688909
965948,688913
967215,688932
688921,688945
967227,688966
688950,688984
689008,689012
967243,689031
967270,689049
967340,689065
689077,689083
689110,689123
689134,689147
689181,689199
810074,689217
689229,689238
689240,689255
689293,689303
689361,689374
689433,689446
689451,689467
689479,689480
689553,689569
689613,689621
689684,689697
689737,689744
627621,689759
689818,689825
689894,689904
689958,689962
690027,690036
690117,690129
690164,690172
690223,690234
690275,690281
690321,690332
690378,690384
690425,690439
690441,690456
690460,690473
690559,690563
671926,690585
671926,690603
671988,690626
671988,690642
518812,690661
518968,690688
519235,690690
519235,690707
519235,690711
519257,690724
519257,690730
519257,690748
690782,690795
690833,690846
690879,690880
690949,690954
690996,691000
691037,691044
691071,691085
691092,691102
691141,691156
691211,691224
691269,691276
691351,691367
691426,691435
691457,691461
691457,691488
691529,691538
691555,691564
691643,691658
691712,691720
691796,691806
691852,691868
691921,691932
692011,692024
692048,692053
692114,692122
692146,692151
692244,692259
692339,692341
692387,692394
692450,692466
692523,692534
692599,692608
692665,692677
692736,692743
692789,692791
692886,692893
692957,692961
693025,693039
693041,693056
693060,693073
693087,693094
693136,693143
693158,693162
693170,693189
693221,693232
693278,693284
693348,693353
693416,693428
693437,693444
693459,693463
693471,693485
693542,693557
693617,693629
693640,693655
693672,693686
693705,693714
693722,693733
693767,693779
693883,693896
693934,693947
694008,694012
694020,694031
694147,694152
694264,694272
694319,694326
694361,694374
694405,694414
694422,694433
694446,694451
694467,694479
694480,694498
694524,694530
694569,694576
694678,694684
694697,694700
694737,694744
694759,694763
694771,694785
694792,694802
694860,694873
694887,694894
694936,694943
694970,694989
695032,695045
695084,695097
695107,695111
695124,695130
695182,695195
695225,695239
695241,695256
695362,695370
695389,695391
695406,695410
695423,695434
695475,695481
695512,695520
695596,695605
695614,695622
695633,695646
695651,695667
695679,695680
695698,695701
695764,695772
695819,695826
695835,695842
695900,695916
695971,695985
696046,696051
694361,696079
696080,696098
696108,696112
693136,696131
696149,696154
696165,696177
696219,696226
696261,696274
696328,696337
696344,696359
696363,696371
696385,696392
696411,696424
696482,696495
696521,696532
696566,696578
696584,696597
696606,696610
696623,696634
696647,696652
696668,696675
696718,696725
696756,696760
696862,696870
696891,696901
694147,696929
696986,696993
697038,697040
697055,697064
697072,697086
697093,697103
697119,697126
697157,697161
697208,697212
697254,697265
697306,697310
697347,697352
697404,697415
697427,697436
697443,697458
697462,697470
697489,697491
697502,697518
697525,697539
697541,697556
697594,697600
697637,697644
697659,697663
697685,697692
697709,697713
697778,697784
697797,697807
697811,697824
697830,697848
697853,697869
697876,697882
697933,697946
697951,697967
697979,697980
698023,698034
698075,698081
698121,698132
698178,698184
698236,698243
698301,698317
698355,698364
698372,698386
698393,698408
698412,698420
698431,698449
698454,698465
698522,698533
698546,698551
698567,698579
698580,698598
698630,698648
698653,698669
698676,698682
698695,698703
698719,698726
698757,698761
698800,698816
698859,698863
698871,698885
698941,698956
698960,698973
699019,699026
699057,699061
699128,699137
699144,699159
699144,699171
699185,699192
699144,699214
699233,699246
699251,699267
699251,699279
699251,699280
1128825,699331
1128771,699383
699417,699429
699438,699440
699455,699464
699472,699486
699472,699493
699472,699504
699602,699618
699602,699639
699660,699673
699734,699747
699734,699768
699809,699813
699884,699897
699948,699953
699995,700002
700039,700041
700060,700073
700060,700094
700060,700115
700143,700158
700191,700209
700278,700284
700278,700307
981446,700348
981498,700369
981548,700382
700330,700400
981286,700428
981335,700437
700416,700444
700459,700463
700526,700535
700617,700629
700664,700672
700722,700733
700779,700780
700849,700854
700906,700910
700952,700968
701003,701019
701074,701088
701090,701100
701137,701144
701192,701205
701320,701331
701354,701365
701455,701464
701486,701493
701536,701543
701562,701570
701591,701602
701694,701706
702005,702014
702046,702051
702177,702183
702219,702226
702257,702261
702804,702815
702929,702938
702955,702964
703282,703295
703333,703346
703380,703398
703435,703442
703810,703823
703852,703868
703899,703909
703932,703945
703978,703984
704010,704023
704052,704068
704099,704109
704317,704329
704355,704364
704393,704408
704431,704449
704653,704669
704703,704719
705122,705133
705259,705263
705903,705919
705957,705961
706008,706012
706054,706065
706106,706110
706152,706168
706201,706217
706255,706264
706303,706319
706357,706361
706524,706530
706678,706684
706716,706728
706759,706763
706792,706802
707091,707101
707210,707223
707441,707456
707724,707730
707795,707805
707996,708009
708045,708050
708304,708315
708358,708362
708549,708554
708667,708679
708803,708819
708937,708944
708971,708985
709040,709055
709119,709126
709188,709190
709587,709594
709951,709967
710483,710496
710695,710703
710761,710774
710902,710918
711300,711316
711453,711469
711521,711532
711668,711675
711870,711889
712019,712026
714444,714459
714463,714471
714485,714492
714557,714561
714601,714617
715040,715055
715064,715072
715103,715119
715157,715161
715249,715254
715296,715306
715347,715352
715415,715427
715436,715443
715470,715489
715525,715539
715541,715556
715560,715573
715600,715616
715663,715671
715685,715692
715721,715732
715766,715778
715784,715797
715807,715811
715824,715830
715848,715853
715914,715922
715933,715946
715951,715967
715979,715980
715998,716000
716037,716044
716059,716063
716071,716085
716092,716102
716118,716125
716187,716194
716230,716248
716253,716269
716276,716282
716295,716305
716333,716346
716380,716398
716426,716435
716461,716474
716488,716490
716529,716538
716540,716555
716586,716593
716604,716615
716670,716689
716708,716712
716708,716731
716777,716783
716777,716806
716777,716823
716777,716847
714557,716868
714557,716932
714557,716950
714601,716978
717124,717130
717124,717153
717169,717176
717239,717241
717304,717315
717370,717389
717447,717452
717512,717520
717583,717596
717651,717667
717729,717738
717729,717755
717764,717772
717835,717842
717888,717890
717959,717963
718027,718036
718043,718058
718101,718117
718129,718138
510646,718140
488736,718155
718164,718172
718210,718223
494635,718234
718247,718252
718268,718275
718332,718345
718350,718366
718425,718439
718473,718487
718494,718500
718516,718528
718585,718592
718603,718619
718657,718661
718674,718688
718748,718753
718769,718776
718814,718822
718880,718898
718954,718965
719007,719011
719053,719069
719076,719082
719095,719105
719167,719179
719180,719198
719259,719263
719302,719318
719373,719387
719445,719450
719510,719523
719581,719599
719608,719612
719677,719683
719743,719758
719791,719801
719864,719872
719886,719893
719957,719961
720001,720017
720055,720064
720103,720119
720126,720135
720161,720174
720231,720249
720277,720283
720347,720352
720399,720404
720462,720470
720539,720541
720587,720594
720659,720663
720721,720732
720745,720750
720797,720807
720811,720824
720830,720848
720853,720869
720876,720882
720895,720905
720946,720951
720967,720979
721002,721018
721041,721056
721060,721073
721115,721127
721189,721191
721221,721232
721278,721284
721348,721353
721416,721428
721463,721471
721535,721542
721655,721664
721722,721733
721798,721808
721849,721854
721896,721906
721947,721952
721999,722009
722066,722078
722111,722124
722169,722176
722218,722225
722260,722273
722315,722327
722362,722370
722434,722447
722508,722512
722554,722565
722605,722614
722622,722633
722679,722680
722717,722729
722764,722772
722835,722842
722888,722890
722937,722944
722985,722992
723004,723015
723058,723062
723129,723138
723172,723186
723193,723206
723223,723234
723247,723252
723299,723309
723366,723378
723384,723397
723456,723460
723473,723487
723544,723559
723592,723603
723661,723674
723730,723748
723805,723814
723851,723867
723920,723931
723977,723983
724046,724051
724112,724120
724183,724196
724235,724242
724288,724290
724300,724316
724328,724337
724371,724385
724392,724407
724411,724424
724430,724448
724453,724469
724521,724532
724578,724584
724668,724675
724725,724739
724741,724756
724760,724773
724787,724794
724804,724815
724827,724836
724843,724858
724862,724870
724917,724929
724938,724940
724955,724964
724972,724986
724993,725006
725010,725023
725068,725075
725132,725145
725184,725197
725236,725243
725258,725262
725301,725317
847930,725386
725420,725431
725477,725483
725496,725505
725514,725522
725533,725546
725580,725598
725607,725611
725719,725726
725735,725742
725800,725816
725828,725837
725844,725859
725863,725871
725885,725892
725902,725918
725941,725956
725941,725973
726007,726011
726007,726030
726007,726053
726122,726133
726122,726151
726122,726179
726180,726198
726228,726237
726263,726271
726302,726318
726325,726339
726373,726387
726421,726432
726445,726450
726466,726478
726484,726497
726523,726534
726547,726552
726568,726575
726581,726599
726620,726631
726704,726715
726727,726736
726743,726758
726791,726801
726817,726829
726838,726840
726855,726864
726872,726886
726893,726903
726919,726926
726935,726942
726957,726961
726974,726988
726990,727003
727019,727026
727035,727042
727057,727061
727074,727088
727090,727100
727116,727128
727137,727144
727159,727163
727171,727185
727192,727205
727214,727222
727233,727246
727279,727280
727298,727308
727312,727320
727401,727417
727429,727438
727440,727455
727464,727472
727486,727493
727504,727515
727527,727536
727543,727558
727562,727570
727589,727591
727602,727618
727625,727639
727641,727656
727660,727673
727687,727694
727723,727734
727747,727752
727768,727775
727781,727799
727809,727813
727821,727832
727821,727845
727850,727866
727878,727884
727878,727897
727878,727907
727911,727924
727911,727930
727911,727948
727976,727982
727995,728008
727995,728012
728054,728065
728054,728083
728054,728106
728054,728123
728054,728147
728152,728168
728152,728175
728217,728229
728238,728240
728238,728255
728238,728264
728272,728286
728272,728293
728272,728303
728319,728326
728335,728342
728335,728357
728361,728374
728361,728388
728405,728414
728405,728433
728480,728498
728507,728511
728524,728530
728524,728548
728524,728569
728609,728613
728621,728632
728645,728650
728666,728678
728684,728697
728700,728716
728744,728759
728763,728771
728818,728825
728887,728894
728904,728915
728904,728927
728936,728943
728958,728962
728970,728989
728991,729000
729028,729037
729071,729085
729071,729102
729125,729139
729125,729156
729160,729173
729207,729211
729224,729230
729248,729253
729282,729295
729333,729346
729351,729367
729351,729379
729380,729398
729403,729419
729426,729435
729442,729457
729461,729474
729538,729540
888747,729593
729604,729615
729712,729720
729783,729796
729806,729810
729823,729834
729868,729875
729932,729945
729984,729997
729984,730014
730051,730067
730120,730131
730196,730203
730242,730257
730316,730328
730392,730407
730430,730448
730482,730495
730482,730513
730597,730606
730668,730675
730739,730741
730804,730815
730940,730955
972751,731009
730993,731021
972664,731045
731107,731111
731153,731169
731195,731202
731273,731287
731336,731343
731406,731410
731452,731468
731475,731481
731499,731508
731565,731577
731633,731646
731729,731738
731740,731755
731764,731772
731786,731793
731803,731819
731826,731835
731842,731857
731861,731874
731888,731890
731900,731916
731928,731937
731944,731959
731963,731971
731985,731992
732056,732060
732073,732087
732127,732136
732143,732158
732162,732170
732232,732245
732311,732324
732353,732369
732395,732400
732485,732492
732526,732535
732542,732557
732638,732640
732722,732733
732746,732751
732767,732779
732780,732798
732831,732849
732883,732896
732934,732947
733082,733095
733133,733146
733180,733198
733237,733244
733271,733285
733318,733325
733339,733341
733356,733360
733421,733432
733497,733506
733547,733552
733581,733599
733631,733649
733677,733683
733727,733736
733762,733770
733801,733817
733872,733886
733919,733926
734001,734017
734064,734072
734119,734126
734157,734161
734190,734208
734254,734265
734352,734368
734427,734436
734462,734470
734539,734541
734628,734637
734692,734709
734766,734778
734853,734869
734876,734882
734951,734967
734951,734980
734998,735000
734998,735016
735071,735085
735141,735156
735173,735187
735224,735230
735295,735305
735367,735379
735435,735442
1110742,735461
735474,735488
1110774,735490
735501,735517
1110800,735529
735586,735593
735604,735615
735689,735691
735708,735712
735777,735783
735847,735852
735868,735875
735881,735899
735909,735913
735921,735932
735945,735950
735966,735978
735984,735997
736004,736015
736027,736036
736043,736058
736062,736070
736089,736091
736101,736117
736129,736138
736140,736155
736164,736172
736186,736193
736223,736234
736247,736252
736313,736321
736350,736366
736397,736402
736439,736441
736456,736460
736473,736487
736516,736528
736544,736559
972808,736571
736563,736585
972722,736592
736657,736661
736707,736711
736724,736730
736748,736753
736814,736822
736867,736879
736912,736920
736931,736949
736954,736965
736977,736983
736996,737008
737065,737077
737083,737096
737147,737152
737168,737175
737181,737199
737201,737217
737229,737238
737240,737255
737264,737272
737286,737293
737303,737319
737326,737335
737405,737414
737422,737433
737467,737479
737553,737569
737609,737613
737645,737650
737684,737697
737700,737716
737744,737759
737785,737792
737802,737818
737841,737856
737860,737873
737887,737894
737958,737962
737970,737989
738019,738026
738035,738042
738057,738061
738074,738088
738090,738100
738159,738163
738222,738233
738279,738280
738349,738354
738396,738401
738440,738455
738562,738570
738562,738591
738562,738618
738562,738639
738641,738656
738641,738660
738641,738673
738641,738687
738747,738752
738775,738781
738775,738799
738775,738813
738775,738832
738878,738884
738878,738907
738878,738924
738878,738948
738953,738969
738953,738976
738953,738982
738953,738995
739006,739010
739006,739023
739006,739034
739006,739047
739109,739113
739109,739132
739109,739150
739166,739178
739166,739184
739166,739197
739204,739215
739204,739227
739204,739236
739204,739243
739258,739262
739258,739270
739258,739289
739258,739291
739329,739338
739329,739355
739393,739408
739393,739420
739393,739449
739477,739483
739477,739505
739514,739522
739514,739533
739514,739546
739580,739598
739580,739611
739676,739682
739695,739703
644789,739726
739790,739800
739863,739871
739939,739941
739987,739994
739987,740012
740054,740065
740077,740083
740096,740106
740110,740123
740134,740147
740152,740168
740175,740181
740240,740255
740240,740272
740286,740293
740303,740319
740303,740326
740342,740357
740361,740374
740433,740446
740451,740467
740511,740524
740511,740548
740609,740613
740621,740632
740684,740697
740700,740716
740728,740737
740744,740759
740763,740771
740785,740792
740802,740818
740856,740860
740873,740887
740894,740904
740915,740927
740936,740943
740958,740962
741024,741030
741076,741082
741146,741151
741146,741179
741237,741244
741237,741263
741325,741339
741325,741356
741394,741409
741445,741450
972640,741497
972779,741510
741484,741534
972672,741552
741631,741649
741683,741696
741704,741715
741704,741727
741704,741736
741758,741762
741770,741789
741791,741801
741791,741817
741791,741829
741838,741840
741855,741864
741903,741919
741942,741957
741988,741990
742037,742044
742071,742085
742092,742102
742118,742125
742139,742141
742139,742156
742139,742173
742211,742224
742269,742276
742282,742295
742380,742398
742403,742419
742426,742435
742442,742457
742461,742474
742488,742490
742501,742517
742593,742604
742689,742691
742720,742731
742749,742754
742765,742777
742783,742796
742823,742834
742909,742913
742909,742932
742945,742950
742984,742997
743022,743033
743046,743051
743067,743079
743080,743098
743108,743112
743120,743131
743165,743177
743183,743196
743203,743219
743226,743235
675455,743242
675455,743261
743288,743290
743363,743371
743385,743392
743430,743448
743469,743476
743513,743521
743578,743584
743597,743606
743610,743623
743634,743647
743702,743718
743787,743794
743836,743843
743938,743940
743986,743993
744043,744058
744062,744070
744138,744140
744155,744164
744193,744206
744210,744223
744313,744321
744332,744345
744350,744366
744439,744441
744456,744460
744516,744528
744690,744707
744711,744724
744730,744748
744753,744769
744776,744782
744711,744795
744851,744867
960666,744880
960678,744908
960684,744920
744965,744977
745019,745026
745061,745074
745116,745128
745137,745144
745159,745163
745233,745246
745251,745267
745279,745280
745298,745308
745312,745320
745354,745365
745377,745383
745401,745417
745429,745438
745440,745455
745493,745504
745536,745543
745558,745562
745570,745589
745591,745602
745618,745625
745639,745641
745656,745660
745694,745706
745710,745723
745734,745747
745752,745768
745821,745832
745878,745884
745930,745948
745953,745969
745976,745982
188980,746060
972910,746127
746221,746232
746245,746250
746330,746348
746382,746395
746526,746535
746542,746557
746561,746574
746588,746590
746655,746664
746751,746767
746779,746780
746849,746854
746910,746923
746934,746947
747006,747010
747023,747034
747047,747052
747099,747109
747150,747166
747227,747236
747243,747258
747317,747329
747408,747412
747420,747431
747449,747454
747505,747514
747598,747607
747648,747653
747695,747703
747774,747788
747837,747844
747859,747863
747871,747885
747892,747902
747973,747987
748029,748038
748119,748126
748265,748277
748306,748310
748404,748415
748470,748489
748560,748573
748637,748644
748732,748745
748824,748830
748876,748882
748967,748979
748980,748998
749107,749111
749153,749169
749176,749182
749241,749256
749315,749327
749336,749343
749549,749554
749596,749605
749667,749679
749729,749738
749793,749803
749874,749888
749916,749928
749937,749944
749959,749963
749971,749985
749992,750009
750032,750045
750066,750078
193660,750130
750336,750343
750447,750452
751388,751390
751582,751595
751991,752001
752038,752040
752126,752135
752157,752161
752188,752190
752220,752231
752265,752277
752404,752415
752443,752458
752491,752502
752541,752556
752594,752600
752663,752671
752732,752745
752784,752797
752830,752848
752882,752895
753204,753215
753291,753301
753340,753355
753393,753408
753514,753522
753580,753598
753859,753863
753902,753918
754044,754059
754351,754367
754398,754403
754435,754442
754488,754490
754538,754540
754586,754593
754604,754615
754658,754662
754708,754712
754777,754783
754823,754834
754847,754852
754899,754909
754921,754932
754945,754950
754966,754978
754984,754997
755036,755043
755155,755164
755223,755234
755281,755299
755309,755313
755345,755350
755366,755378
755384,755397
755439,755441
764985,755563
755619,755626
755661,755674
755688,755690
755707,755711
755724,755730
755776,755782
755795,755805
755867,755879
755880,755898
755908,755912
756026,756035
756128,756137
756171,756185
756214,756222
756280,756298
756349,756354
756365,756377
756438,756440
756455,756464
756472,756486
756543,756558
756562,756570
756639,756641
756656,756660
756723,756734
756723,756752
756866,756878
756884,756897
756930,756948
756995,757007
757011,757024
757030,757048
757082,757095
757146,757151
757167,757179
757180,757198
757387,757394
757409,757413
757432,757445
757432,757466
757432,757484
757534,757547
675354,757568
675455,757575
757608,757612
757620,757631
757677,757683
757677,757704
757736,757743
757736,757762
757801,757817
757801,757838
757801,757855
757801,757872
757919,757926
757961,757974
758025,758039
758025,758056
758087,758094
758104,758115
758143,758158
758162,758170
758209,758213
758232,758245
758307,758311
490272,758369
758376,758382
758416,758428
758459,758463
758503,758519
758526,758535
758542,758557
758590,758601
758638,758640
758686,758693
758733,758746
758808,758812
758877,758883
758999,759005
759067,759079
759112,759120
759183,759196
759257,759261
759274,759288
759359,759363
759371,759385
759392,759407
759411,759424
759430,759448
759453,759469
759476,759482
759495,759509
759513,759521
759532,759545
759550,759566
759597,759606
759647,759652
759699,759702
759718,759725
759756,759760
759773,759787
744753,759804
744730,759827
657402,759843
759889,759891
759901,759917
759955,759964
760037,760044
760037,760063
760071,760085
760141,760156
760194,760207
760248,760253
760295,760305
760346,760351
760367,760379
760380,760398
760426,760435
760461,760474
760501,760517
760540,760555
760615,760627
760636,760643
760691,760708
512560,760712
512671,760731
512732,760754
962490,760796
760783,760847
760984,760997
761055,761064
761086,761093
761103,761119
761126,761135
761142,761157
761161,761174
761212,761220
761265,761277
761334,761347
761404,761415
761458,761436
856994,761462
761518,761525
761587,761594
761600,761616
761659,761663
761671,761685
761745,761750
761797,761807
761824,761830
761824,761853
761914,761922
762020,762031
762020,762054
762147,762152
762217,762229
762286,762293
762357,762361
762388,762390
1135474,762524
762569,762576
762582,762595
762609,762613
762678,762684
762728,762737
762771,762785
762841,762856
762915,762927
762989,762991
763090,763100
767693,763159
763205,763214
763279,763280
763298,763308
763331,763349
763377,763383
763472,763486
806644,763504
763527,763536
1239492,763562
808834,763706
763723,763734
763747,763752
763813,763821
763884,763897
763953,763969
764009,764013
764050,764066
764078,764084
764111,764124
764176,764182
764225,764239
764256,764260
764391,764406
764410,764423
764481,764499
764554,764565
764577,764583
764803,764819
764900,764916
755500,764992
765005,765014
765022,765033
765098,765108
765165,765177
765183,765196
765257,765261
765495,765509
765513,765521
765532,765545
765610,765623
765610,765647
765652,765668
765702,765718
765741,765756
765815,765827
765862,765870
765862,765891
765862,765917
765972,765986
765972,766006
766010,766023
766068,766075
766099,766109
766099,766121
766150,766166
766215,766227
766301,766317
766340,766355
766393,766408
766449,766454
766477,766483
766546,766551
766567,766579
766630,766648
766653,766669
766676,766682
770088,766735
766837,766844
766859,766863
766871,766885
766892,766902
766939,766941
974265,766960
766956,766987
767039,767041
767087,767094
767104,767115
965515,767127
767136,767143
767158,767162
941220,767189
767191,767209
767232,767245
767250,767266
767307,767311
767353,767369
767395,767400
767428,767437
767444,767459
767463,767471
767485,767492
767557,767561
953751,767617
767629,767638
767672,767686
767693,767705
767722,767733
767808,767812
767820,767831
767865,767877
767910,767923
767934,767947
767952,767968
767975,767981
767999,768007
768011,768024
689433,768048
768151,768167
768228,768237
768244,768259
768292,768302
768339,768341
688868,768360
768409,768413
768432,768445
768478,768484
768523,768534
768552,768568
768575,768581
768599,768608
768649,768654
768696,768704
768715,768727
768758,768762
768801,768817
768872,768886
1104099,768919
768872,768935
768974,768988
769043,769058
1013080,769070
769164,769172
769234,769247
769309,769313
769321,769332
769345,769350
769425,769439
769460,769473
769516,769528
769563,769571
769635,769642
769707,769711
769776,769782
769898,769908
770035,770042
1040183,770163
770192,770205
770267,770279
770312,770320
770331,770349
770354,770365
770401,770417
770455,770464
770493,770504
770527,770536
770570,770589
770591,770602
770618,770625
770641,770656
770641,770673
770723,770734
770768,770775
770781,770799
1239798,770813
1239798,770832
770897,770907
770911,770924
770953,770969
771091,771101
771117,771129
771138,771140
771206,771210
771252,771268
772204,772215
772262,772270
772329,772338
896217,772372
772514,772522
772607,772611
772676,772682
772837,772844
772960,772973
772994,773001
773029,773038
773040,773055
773208,773212
773254,773265
773637,773644
773671,773685
702858,773713
702858,773732
702858,773750
702858,773778
773797,773807
773824,773830
773824,773853
773876,773882
773876,773905
773040,773933
752352,773967
752352,773980
750764,774011
750764,774030
774053,774069
774082,774095
774114,774122
774146,774151
774179,774180
774200,774216
774237,774244
774285,774292
774339,774341
774360,774373
774413,774421
774413,774445
774466,774478
774497,774506
774552,774568
774581,774599
774612,774620
774649,774654
774677,774683
773491,774715
773491,774736
774770,774789
774801,774817
751650,774840
774935,774942
774961,774974
774990,775008
775020,775031
775077,775083
775123,775134
775152,775168
775152,775181
775217,775229
773443,775255
775361,775374
775414,775422
775700,775716
775771,775785
528703,775802
528669,775825
559264,775927
775943,775958
775962,775970
776050,776066
776169,776176
776218,776225
813055,776256
776273,776287
776315,776327
776336,776343
776391,776406
776434,776447
776475,776481
776499,776508
776531,776549
776554,776565
776577,776583
776646,776651
776755,776764
776826,776835
776842,776857
776861,776874
776888,776890
776900,776916
776928,776937
825982,776971
776985,776992
777000,777016
777059,777063
777248,777253
777269,777276
689433,777322
777380,777398
777403,777419
777426,777435
777555,777564
777604,777615
391479,777627
1248237,777636
777765,777777
777765,777796
777765,777810
777765,777834
777765,777852
777765,777875
777765,777899
777765,777913
777950,777966
777950,777984
777950,778005
777950,778022
777950,778046
777950,778067
777950,778080
777950,778108
777950,778120
777950,778149
777950,778165
778203,778219
778203,778235
778203,778257
778203,778274
778203,778290
778203,778316
778203,778337
778203,778359
778203,778371
778203,778392
778411,778424
778411,778448
778411,778469
778411,778482
778411,778509
778411,778521
778411,778545
778411,778566
778411,778584
778652,778668
778675,778681
778741,778756
778787,778794
778836,778843
778901,778917
778929,778938
778940,778955
778964,778972
779018,779025
779039,779041
779056,779060
779073,779087
779094,779104
779115,779127
779136,779143
1012777,779191
779250,779266
963482,779284
800478,779311
779382,779395
779444,779459
779492,779503
779561,779574
779588,779590
779601,779617
779655,779664
779722,779733
763813,779751
779798,779808
779849,779854
791364,779923
779999,780004
780043,780058
780089,780091
780129,780138
780247,780252
780281,780299
780350,780366
780402,780418
780473,780487
780494,780500
780585,780592
780657,780661
780707,780711
780724,780730
780748,780753
780908,780912
780965,780977
780983,780996
781092,781102
781187,781194
781230,781248
781282,781295
781351,781367
781379,781380
781398,781403
781419,781426
781488,781490
781501,781517
781689,781691
781765,781777
781810,781823
781834,781847
781852,781868
781913,781921
781932,781945
781978,781984
782048,782053
782095,782105
782133,782146
911660,782228
782259,782263
782271,782285
782292,782302
782325,782339
782394,782409
782478,782484
782534,782547
782552,782568
782649,782654
782736,782743
782762,782770
782789,782791
782801,782817
782829,782838
782893,782903
782926,782935
782957,782961
783002,783018
783025,783039
783041,783056
783060,783073
783087,783094
783104,783115
783127,783136
783170,783189
783221,783232
783278,783284
783297,783307
783311,783324
783353,783369
783395,783400
783463,783471
783617,783629
783655,783664
783705,783714
783722,783733
783751,783767
783779,783780
783798,783808
783812,783820
783896,783906
783910,783923
783934,783947
783952,783968
783975,783981
783999,784008
784012,784020
556778,784049
963149,784065
557993,784083
557993,784106
784181,784199
784264,784272
784286,784293
784303,784319
784326,784335
784342,784357
784374,784388
784390,784405
784433,784446
784548,784553
784595,784609
784666,784678
784728,784737
784771,784785
784792,784802
784841,784856
784860,784873
784915,784927
785066,785078
785111,785124
785130,785148
785153,785169
785202,785218
785225,785239
785241,785256
785260,785273
785294,785304
785315,785327
785336,785343
785358,785362
785370,785389
785423,785434
785475,785481
785512,785520
785531,785549
785565,785577
814829,785646
785680,785698
785755,785764
785772,785786
785793,785803
785835,785842
785857,785861
785874,785888
785928,785937
967607,786022
967607,786046
967669,786080
786149,786154
786196,786203
786235,786242
786257,786261
786274,786288
786290,786300
786316,786328
786337,786344
786363,786371
786363,786392
786424,786430
786482,786495
767820,786566
798457,786610
786647,786652
786668,786675
786681,786699
786739,786741
786787,786794
786843,786858
786862,786870
786929,786938
786972,786986
787086,787093
787103,787119
787126,787135
787142,787157
787161,787174
787188,787190
787231,787249
787323,787334
787368,787375
787381,787399
787458,787462
787502,787518
787525,787539
787541,787556
787560,787573
787594,787600
787628,787637
962102,787659
962092,787671
962092,787692
787709,787713
787721,787732
787745,787750
787766,787778
761587,787824
787848,787853
787869,787876
778411,788006
788099,788109
788113,788121
788197,788204
788262,788270
788317,788329
788338,788340
788355,788364
788372,788386
788393,788408
788412,788420
788483,788496
788533,788546
788580,788598
788607,788611
788624,788630
788648,788653
788669,788676
788757,788761
788859,788863
788902,788918
788925,788939
789019,789026
789035,789042
789100,789116
789128,789137
789171,789185
789192,789205
789233,789246
789279,789280
789396,789401
789429,789438
789440,789455
789486,789493
789486,789515
789589,789591
789602,789618
789639,789641
789656,789660
789694,789706
789710,789723
789747,789752
789781,789799
779189,789813
789821,789832
789878,789884
789897,789907
789897,789924
789953,789969
789976,789982
789995,790007
790048,790053
790076,790082
790095,790105
790114,790122
790133,790146
790151,790167
790179,790180
790198,790200
790237,790244
790259,790263
963482,790285
1239492,790292
1104113,790302
790325,790339
790341,790356
1005327,790421
790466,790478
790506,790510
790523,790534
790547,790552
790568,790575
790581,790599
790608,790612
790620,790631
853656,790677
790696,790704
790736,790743
790758,790762
790770,790789
790791,790801
790817,790829
790838,790840
790855,790864
790872,790886
790935,790942
790957,790961
790974,790988
791052,791068
791109,791113
791121,791132
992327,791184
791197,791204
791243,791258
791317,791329
791364,791372
791431,791449
791465,791477
791483,791496
791551,791567
791624,791630
791669,791676
791703,791719
791726,791735
791742,791757
791863,791871
791941,791956
791960,791973
792058,792062
792070,792089
792172,792186
792247,792252
792313,792321
792366,792378
792418,792425
792473,792487
792528,792537
792559,792563
792559,792585
735071,792603
792661,792674
792688,792690
792707,792711
792776,792782
792851,792867
792920,792931
793009,793013
793084,793097
793107,793111
793124,793130
793148,793153
793225,793239
793225,793256
793315,793327
793389,793391
793434,793447
793481,793499
793554,793565
793577,793583
793622,793633
793646,793651
793698,793701
793740,793755
793793,793803
793835,793842
689958,793861
793874,793888
793959,793963
794026,794035
794026,794057
977422,794128
794116,794144
977433,794163
794222,794233
872924,794280
872924,794308
794365,794377
794417,794429
794464,794472
794536,794543
794591,794602
794641,794656
591803,794673
794710,794723
794768,794775
794850,794866
794982,794995
795060,795073
795136,795143
1052562,795162
795324,795330
795382,795395
795400,795416
795492,795503
795542,795557
795561,795574
795601,795617
795664,795672
795779,795780
795798,795808
795812,795820
795831,795849
795854,795865
795877,795883
795896,795906
783751,795910
783751,795923
795952,795968
496492,795975
496526,795981
995973,796029
796064,796072
887049,796174
818448,796190
818328,796249
796283,796296
818509,796347
818545,796381
818566,796404
818623,796443
796539,796541
796594,796600
796616,796628
796637,796644
796663,796671
796713,796721
796766,796778
796811,796824
796853,796869
796876,796882
796922,796933
796946,796951
796998,797005
797046,797051
797080,797098
797108,797112
784666,797196
797226,797235
797242,797257
766262,797274
797261,797288
797290,797300
797359,797363
797359,797385
797430,797448
797681,797699
797725,797739
797741,797756
797794,797804
797815,797827
797836,797843
797858,797862
797870,797889
797891,797901
797917,797929
797938,797940
797955,797964
797955,797972
797986,797993
798059,798063
798102,798118
798102,798139
492351,798141
1147420,798194
1147449,798211
798187,798230
798248,798253
798314,798322
798314,798346
798403,798419
798426,798435
798457,798461
798474,798488
798627,798636
798643,798658
798689,798691
798777,798783
798806,798810
798847,798852
798875,798881
798875,798899
798966,798978
798984,798997
799012,799020
799012,799031
799065,799077
799175,799181
965781,799217
799229,799238
799240,799255
799374,799388
799422,799433
799467,799479
799498,799507
799498,799511
799524,799530
799548,799553
799613,799621
799632,799645
799684,799697
799700,799716
799737,799744
799759,799763
799771,799785
963288,799860
963288,799887
799943,799958
799943,799970
799989,799991
799989,800007
800030,800048
800082,800095
800105,800114
800122,800133
800167,800179
800167,800198
768758,800216
977480,800237
977480,800244
800228,800259
800263,800271
800339,800341
800356,800360
509537,800373
800432,800445
800478,800484
1104109,800506
800510,800523
779444,800547
1002957,800612
800631,800649
800654,800665
800677,800683
800704,800715
800727,800736
790620,800758
800762,800770
800817,800829
800838,800840
800872,800886
800935,800942
800988,800990
801052,801068
801099,801109
801099,801121
801099,801145
801150,801166
801178,801184
801197,801204
801227,801236
801227,801258
801301,801317
801412,801420
801412,801449
801412,801454
962071,801477
962071,801496
962071,801514
962071,801533
962071,801551
801624,801630
801676,801682
801726,801735
801761,801774
801800,801816
801800,801837
801885,801892
801960,801973
967204,802015
967236,802036
802004,802058
802070,802089
802129,802138
1013699,802186
802172,802206
802247,802252
802309,802313
802378,802384
802425,802439
802441,802456
802441,802460
802441,802487
802516,802528
802516,802544
802559,802563
802571,802585
802592,802603
802619,802626
780748,802635
802674,802688
802769,802776
802769,802795
802851,802867
802908,802912
802954,802965
803009,803013
803045,803050
803084,803097
688398,803107
803111,803124
803182,803195
803182,803218
803182,803239
803294,803304
803327,803336
803391,803406
803468,803475
803512,803520
803554,803565
803577,803583
803633,803646
160957,803667
803679,803680
803729,803738
803772,803786
803842,803857
803861,803874
803937,803944
804019,804026
804088,804090
804267,804279
804267,804298
804308,804312
804320,804331
804365,804377
804396,804401
804486,804493
1119179,804515
804570,804589
804625,804639
804694,804706
804694,804723
804799,804809
804845,804850
804878,804884
804878,804907
804878,804911
804878,804930
804878,804953
804878,804976
804878,804995
805073,805087
805127,805136
805162,805170
805209,805213
805221,805232
805369,805376
805369,805395
805428,805437
805428,805459
805492,805503
805492,805526
812611,805574
812611,805590
805640,805655
805640,805672
805714,805722
805714,805746
805780,805798
805780,805812
805877,805883
1139408,805923
805877,805947
805968,805975
806017,806029
806086,806093
806135,806142
806188,806190
806208,806212
806277,806283
806323,806334
796998,806352
806375,806381
806404,806415
806470,806489
806518,806525
877992,806541
806556,806560
806600,806616
806628,806637
806692,806709
806732,806745
806807,806811
806853,806869
806876,806882
992468,806905
806946,806951
972746,806967
806979,806980
806998,807005
807014,807022
807033,807046
807080,807098
807154,807165
807154,807183
807219,807226
995925,807242
807288,807290
807300,807316
807359,807363
807371,807385
972767,807407
807392,807411
807424,807430
977479,807448
977479,807453
977479,807469
977479,807482
807545,807550
798426,807578
798426,807597
807610,807623
807610,807634
807610,807647
807739,807741
807760,807773
807760,807794
807760,807815
807760,807836
807760,807858
807862,807870
807862,807889
807891,807901
808000,808016
808071,808085
808156,808160
1013718,808194
808187,808211
1013739,808230
1013756,808282
808276,808305
808314,808322
808333,808346
808403,808419
808457,808461
808501,808517
808529,808538
808529,808540
808627,808636
808708,808712
808777,808783
808834,808847
808834,808868
808875,808881
1012044,808899
808909,808913
1012071,808921
718129,808932
965969,809031
809049,809054
809065,809077
809083,809096
965866,809106
809147,809152
809147,809175
809181,809199
809255,809264
974254,809286
809446,809451
809576,809582
809716,809728
809744,809759
809792,809802
809841,809856
768872,809904
768872,809927
809958,809962
809991,810003
809991,810026
1013634,810042
810035,810061
810074,810088
810128,810137
810144,810159
810163,810171
810185,810192
196386,810214
810222,810233
810298,810308
810312,810320
810331,810349
810354,810365
810429,810438
810472,810486
810472,810504
810527,810536
810543,810558
810591,810602
810591,810625
810656,810660
810775,810781
810813,810821
810866,810878
810884,810897
810907,810911
810948,810953
811027,811036
811043,811058
811164,811172
811164,811193
811206,811210
811268,811275
811309,811313
811321,811332
811378,811384
811418,811425
811460,811473
811487,811494
811500,811516
811500,811528
811592,811603
811661,811674
811661,811690
811748,811753
811748,811776
811748,811795
811822,811833
811867,811879
811880,811898
812068,812075
812109,812113
812197,812204
812258,812262
812270,812289
812301,812317
812329,812338
812393,812408
812412,812420
496353,812431
812449,812454
812465,812477
812483,812496
812505,812514
812579,812580
812611,812624
165798,812669
812653,812682
812695,812703
812719,812726
812719,812735
812800,812816
812871,812885
812892,812902
812918,812925
812939,812941
812973,812987
813017,813029
813038,813040
813055,813064
813072,813086
813103,813119
813126,813135
1013647,813188
813174,813208
813249,813254
813265,813277
813265,813283
813306,813310
813323,813334
1129490,813352
813436,813443
813458,813462
813539,813541
813539,813560
813573,813587
813644,813659
813713,813721
813732,813745
813807,813811
813824,813830
813876,813882
813922,813933
813979,813980
813979,814007
814030,814048
814030,814069
814076,814082
814095,814105
814114,814122
797430,814180
814244,814259
814318,814325
814339,814341
814339,814356
814339,814360
814373,814387
814394,814409
814394,814413
814552,814568
814575,814581
814649,814654
814743,814758
814801,814817
814840,814855
814864,814872
814903,814919
814957,814961
815020,815031
815020,815054
815096,815106
815096,815123
815168,815175
975913,815201
815199,815229
815240,815255
975921,815272
815286,815293
815319,815326
815335,815342
815357,815361
815390,815405
815446,815451
815446,815479
815446,815498
815548,815553
815569,815576
815582,815595
815609,815613
815678,815684
815728,815737
815771,815785
815825,815839
815873,815887
815943,815958
815943,815970
816009,816013
816050,816066
816078,816084
816124,816130
816169,816176
816182,816195
816202,816218
816239,816241
816256,816260
816273,816287
816273,816294
799498,816315
816327,816336
816391,816406
816434,816447
816434,816468
816549,816554
816583,816596
816622,816633
816651,816667
816679,816680
816698,816701
816698,816717
790413,816738
816740,816755
816764,816772
816786,816793
816803,816819
816826,816835
816842,816857
816842,816861
816874,816888
816874,816890
816959,816963
817000,817016
800935,817037
817211,817224
817282,817295
817305,817314
817322,817333
793874,817351
817380,817398
817474,817488
817517,817529
817538,817540
1052570,817555
817564,817572
817586,817593
817615,817627
817662,817670
817662,817691
717124,817712
717124,817731
817754,817765
817754,817783
817754,817806
817754,817823
817834,817847
817881,817899
817909,817913
817921,817932
817978,817984
818046,818051
818080,818098
818149,818154
818242,818257
818300,818316
818328,818337
887077,818385
887049,818430
818448,818453
818482,818495
818509,818513
818545,818550
818566,818578
887199,818610
818623,818634
818699,818702
818756,818760
818773,818787
818804,818815
818827,818836
818843,818858
818862,818870
818891,818901
818929,818938
818929,818955
818929,818972
818993,819002
819056,819060
818993,819073
819056,819094
819056,819115
818993,819127
819136,819143
819189,819191
819284,819297
819428,819437
819459,819463
972714,819519
819503,819535
972798,819557
819588,819590
819601,819617
819640,819655
819672,819686
819693,819705
819722,819733
819746,819751
819767,819779
819780,819798
819854,819865
516995,819883
516995,819906
819910,819923
819952,819968
820008,820012
820054,820065
820123,820134
820147,820152
820168,820175
820217,820229
820238,820240
820319,820326
820374,820388
820374,820405
820446,820451
820524,820530
820524,820553
820524,820576
820582,820595
820609,820613
820621,820632
820697,820700
820818,820825
820841,820856
820894,820904
820915,820927
820962,820970
820989,820991
821011,821024
821030,821048
821030,821053
821069,821076
821069,821082
821105,821114
821105,821133
821105,821146
821151,821167
821200,821216
821259,821263
799700,821271
821318,821325
821387,821394
821413,821421
821413,821445
821450,821466
821506,821510
821534,821547
821552,821568
821575,821581
821575,821608
821612,821620
821612,821649
821696,821704
821762,821770
821838,821840
816651,821864
821919,821926
821919,821942
822000,822016
822059,822063
822125,822139
822141,822156
822282,822295
822333,822346
822351,822367
822379,822380
822398,822403
822435,822442
822474,822488
822538,822540
822555,822564
822636,822643
822670,822689
822712,822720
822868,822875
822868,822899
822868,822909
822921,822932
822921,822950
822921,822966
822997,823005
823022,823033
823022,823051
823079,823080
823079,823108
823112,823120
823183,823196
823183,823219
823257,823261
823290,823300
823363,823371
766859,823385
766859,823392
823448,823453
823448,823476
823448,823495
823509,823513
823509,823521
823509,823532
823545,823550
823545,823566
823545,823578
823606,823610
823623,823634
823668,823675
823681,823699
823702,823718
823725,823739
823741,823756
823794,823804
763723,823815
823827,823836
823843,823858
823862,823870
823889,823891
823901,823917
823940,823955
823964,823972
824036,824043
824058,824062
824058,824070
824058,824091
824140,824155
824164,824172
824223,824234
824223,824252
824223,824275
824281,824299
824313,824321
824402,824418
824441,824456
824516,824528
824585,824592
824657,824661
824674,824688
824748,824753
824769,824776
824782,824795
824822,824833
824867,824879
824908,824912
824920,824931
766099,824954
766099,824977
825057,825061
825074,825088
825185,825192
825279,825280
825349,825354
770911,825377
770911,825396
825401,825417
825429,825438
825472,825486
825543,825558
825543,825570
825543,825591
767693,825618
767693,825639
825641,825656
825660,825673
825734,825747
825752,825768
825813,825821
825850,825866
825878,825884
825878,825897
825878,825907
825911,825924
825911,825930
825948,825953
825948,825969
825948,825976
825982,825995
826002,826018
826025,826039
826041,826056
826041,826060
826073,826087
978969,826136
1179831,826158
826191,826209
826213,826221
826250,826266
826250,826284
826250,826307
826330,826348
826330,826369
826330,826382
826395,826400
826416,826428
826437,826444
826459,826463
826503,826519
826542,826557
513987,826561
826574,826588
826590,826601
826638,826640
826672,826686
826746,826751
826812,826820
826831,826849
826877,826883
826910,826923
826934,826947
826975,826981
826999,827006
827047,827052
827109,827113
827121,827132
827145,827150
827145,827178
858575,827204
858575,827215
827243,827258
827317,827329
799700,827338
827393,827408
827449,827454
513355,827465
827477,827483
816651,827828
816651,827837
827844,827859
827863,827871
827941,827956
827960,827973
717888,827994
828001,828017
828072,828086
828093,828103
828119,828126
828119,828135
828188,828190
828208,828212
828296,828306
828296,828323
828334,828347
828352,828368
828375,828381
828399,828404
828415,828427
828436,828443
828458,828462
828491,828502
828518,828525
828539,828541
828556,828560
828587,828594
828587,828600
828587,828616
828587,828628
828659,828663
828721,828732
828721,828750
828811,828824
828869,828876
828895,828905
828914,828922
828914,828946
828914,828967
828979,828980
828998,829009
959396,829021
829084,829097
829084,829111
829084,829130
829176,829182
829176,829202
829239,829241
829294,829304
829358,829362
829370,829389
829423,829434
829452,829468
829508,829512
829549,829554
829596,829605
829646,829651
829698,829701
869430,829738
829772,829786
829793,829803
829861,829874
829888,829890
485938,829900
829916,829928
165535,829959
829944,829963
829992,830004
830015,830027
830036,830043
830058,830062
830070,830089
830091,830101
830138,830140
830155,830164
830172,830186
830252,830268
830350,830366
830397,830402
830418,830425
830487,830494
830500,830516
830559,830563
830603,830619
830642,830657
830688,830690
830711,830724
830711,830730
830748,830753
830748,830776
830795,830805
830814,830822
830833,830846
830880,830898
830908,830912
830920,830931
830949,830954
830965,830977
831016,831028
831059,831063
831071,831085
831092,831102
963955,831173
972812,831207
831224,831230
831276,831282
831322,831333
831379,831380
831403,831419
831426,831435
831442,831457
831490,831501
831572,831586
831627,831636
831670,831689
831754,831765
831806,831810
831806,831834
831899,831909
831966,831978
832030,832048
832069,832076
832133,832146
832200,832216
832318,832325
832387,832394
832421,832432
832497,832506
832497,832523
832497,832547
832581,832599
832649,832654
832743,832758
832743,832770
832919,832926
832935,832942
832988,832990
833039,833041
833087,833094
833136,833143
833189,833191
833232,833245
833284,833297
833382,833395
833428,833437
833471,833485
833492,833503
833519,833526
833561,833574
833617,833629
833664,833672
833714,833722
833767,833779
833780,833798
833865,833877
833910,833923
833968,833975
834031,834049
834106,834110
834134,834147
834201,834217
834272,834286
834342,834357
834388,834390
834433,834446
834479,834480
834507,834511
834524,834530
834576,834582
834609,834613
834632,834645
834650,834666
834678,834684
834728,834737
834759,834763
834771,834785
834818,834825
834860,834873
834904,834915
834927,834936
834958,834962
835045,835050
835111,835124
835153,835169
835176,835182
835225,835239
835294,835304
835358,835362
835423,835434
835468,835475
835508,835512
835554,835565
835605,835614
835680,835698
835738,835740
835755,835764
835819,835826
835835,835842
809716,835861
835874,835888
835890,835900
835937,835944
835959,835963
836005,836014
836033,836046
836098,836108
836112,836120
836196,836203
836226,836235
836257,836261
836288,836290
836300,836316
836328,836337
836344,836359
836363,836371
836385,836392
836411,836424
836411,836430
836448,836453
836469,836476
836509,836513
836521,836532
836545,836550
836566,836578
836634,836647
836652,836668
836699,836702
836756,836760
836773,836787
836794,836804
836815,836827
836843,836858
836843,836870
836889,836891
836938,836940
836955,836964
988459,836986
553819,836993
981684,837001
837017,837029
837038,837040
837055,837064
837055,837072
837220,837231
837296,837306
837347,837352
494908,837368
837427,837436
837470,837489
837491,837502
837518,837525
528580,837541
818300,837560
837587,837594
887077,837628
837637,837644
818482,837663
887199,837685
837745,837750
837766,837778
837784,837797
837824,837830
837848,837853
837895,837905
837967,837979
838010,838023
838075,838081
838109,838113
838132,838145
838132,838166
838197,838204
838215,838227
838236,838243
838258,838262
838270,838289
838291,838301
838317,838329
838338,838340
838364,838372
838386,838393
1147611,838408
838412,838420
838477,838483
838546,838551
838624,838630
838648,838653
838669,838676
838682,838695
838726,838735
838761,838774
838788,838790
838800,838816
838828,838837
838863,838871
838892,838902
838941,838956
838994,839003
839019,839026
839035,839042
827047,839061
839144,839159
839163,839171
839185,839192
839205,839214
196598,839233
839251,839267
839279,839280
513301,839298
839308,839312
839354,839365
839401,839417
839455,839464
839493,839504
839515,839527
839536,839543
839589,839591
839589,839618
839660,839673
839723,839734
839845,839850
839884,839897
839953,839969
839976,839982
839995,840001
840040,840055
840064,840072
840093,840103
840157,840161
840254,840265
840306,840310
840323,840334
840352,840368
840404,840415
840427,840436
840470,840489
840525,840539
840541,840556
840600,840616
840637,840644
840659,840663
840709,840713
840750,840766
840824,840830
840895,840905
840933,840946
840980,840998
840980,841018
840980,841039
841115,841127
841162,841170
841232,841245
841250,841266
493634,841284
841297,841307
841311,841324
841369,841376
841382,841395
841459,841463
841503,841519
841557,841561
841629,841638
841640,841655
841693,841705
841779,841780
841831,841849
841877,841883
841896,841906
841910,841923
841934,841947
841952,841968
842021,842032
842097,842107
842130,842148
842202,842218
842256,842260
842327,842336
842391,842406
842447,842452
842499,842508
842531,842549
842531,842565
829452,842577
842583,842596
842633,842646
842764,842772
842786,842793
802571,842826
842928,842937
842928,842959
843027,843036
843043,843058
843117,843129
843138,843140
992452,843155
560845,843164
843234,843247
843281,843299
843309,843313
843345,843350
843425,843439
843441,843456
843460,843473
843460,843487
843544,843559
843592,843603
619822,843619
843626,843635
843642,843657
843642,843661
972780,843674
972705,843688
843690,843707
843711,843724
843805,843814
843822,843833
843846,843851
717729,843879
843880,843898
843954,843965
843996,844005
844014,844022
844033,844046
844051,844067
844079,844080
844079,844098
844120,844131
844165,844177
844242,844257
1325473,844290
844300,844316
768523,844337
844344,844359
844344,844371
844385,844392
844448,844453
844495,844509
844566,844578
844584,844597
844606,844610
844623,844634
844623,844647
844623,844652
844623,844668
844699,844702
844725,844739
844741,844756
844773,844787
844843,844858
844917,844929
844955,844964
844972,844986
962059,845010
845023,845034
845047,845052
845068,845075
845113,845121
845132,845145
845150,845166
845178,845184
845197,845204
845236,845243
845258,845262
845270,845289
845329,845338
845340,845355
845364,845372
1187848,845408
1187848,845412
1187848,845431
845454,845465
845454,845477
845454,845496
845505,845514
845522,845533
845580,845598
845653,845669
845726,845735
845761,845774
845788,845790
845800,845816
845837,845844
845859,845863
845871,845885
845892,845902
845925,845939
845941,845956
845987,845994
846030,846048
846076,846082
846167,846179
846200,846216
846228,846237
846244,846259
846263,846271
846339,846341
846356,846360
846373,846387
846421,846432
846466,846478
846484,846497
846506,846510
846552,846568
846599,846608
846612,846620
797836,846665
797836,846683
846696,846704
846743,846758
846762,846770
846817,846829
846838,846840
846872,846886
846893,846903
846942,846957
846990,847003
1300887,847026
847185,847192
847205,847214
847222,847233
847246,847251
847267,847279
847280,847298
847308,847312
847320,847331
847349,847354
847365,847377
847464,847472
847486,847493
847504,847515
847527,847536
847543,847558
847562,847570
847625,847639
847656,847660
847656,847687
847694,847706
847752,847768
847752,847781
847799,847809
847821,847832
1013112,847866
847850,847878
848008,848012
848054,848065
978982,848083
848077,848096
848181,848199
848217,848229
848255,848264
669791,848286
486355,848293
848303,848319
848342,848357
848361,848374
848388,848390
848433,848446
848507,848511
848524,848530
848569,848576
848613,848621
848666,848678
848716,848728
848744,848759
848763,848771
848802,848818
649250,848839
800122,848841
848873,848887
848958,848962
848989,848991
849000,849016
849028,849037
849028,849044
849059,849063
849118,849125
849187,849194
1300894,849230
849248,849253
1271508,849269
849305,849314
849322,849333
849367,849379
849380,849398
849403,849419
849442,849457
790325,849461
849572,849586
849643,849658
849662,849670
849691,849708
828188,849720
849754,849765
849754,849783
849796,849806
822141,849810
849823,849834
849847,849852
849881,849899
849909,849913
849921,849932
849945,849950
849997,850000
844827,850059
850063,850071
850139,850141
850156,850160
850173,850187
850248,850253
850282,850295
850305,850314
850322,850333
850403,850419
850435,850442
850457,850461
850474,850488
850555,850564
850593,850604
850615,850627
850662,850670
850689,850691
850720,850731
850749,850754
850765,850777
850783,850796
850806,850810
850823,850834
850868,850875
850932,850945
850950,850966
851086,851093
851086,851119
851265,851277
851283,851296
851375,851381
845925,851436
851443,851458
851518,851525
851560,851573
851616,851628
851637,851644
851659,851663
851671,851685
851692,851709
851713,851721
851745,851750
574870,851778
851830,851848
851882,851895
851933,851946
851979,851980
507968,851998
852008,852012
852008,852031
852008,852054
852065,852077
852083,852096
852106,852110
852147,852152
852168,852175
852201,852217
648080,852238
852319,852326
852335,852342
852374,852388
852390,852405
852390,852414
852422,852433
852530,852548
852553,852569
852576,852582
839660,852609
852666,852678
852666,852697
852700,852716
852700,852728
490467,852744
852759,852763
852759,852771
852785,852792
852802,852818
852802,852825
852839,852841
852856,852860
852873,852887
852958,852962
853026,853035
853042,853057
853090,853100
853116,853128
853137,853144
853159,853163
853171,853185
853192,853205
853214,853222
853233,853246
849796,853251
853267,853279
853280,853298
853308,853312
165574,853320
853383,853396
853455,853464
853472,853486
853515,853527
853589,853591
756723,853618
800677,853625
853639,853641
853656,853660
486579,853687
853694,853706
853723,853734
853768,853775
853884,853897
853948,853953
853995,854009
854066,854078
854097,854107
854148,854153
854148,854176
854148,854195
854452,854468
854508,854512
854508,854531
854554,854565
854583,854596
854890,854900
854985,854992
511744,855005
855046,855051
855067,855079
576318,855098
855108,855112
855177,855183
855242,855257
1013760,855274
855261,855288
1013773,855300
855344,855359
855363,855371
855385,855392
855407,855411
855476,855482
855495,855509
855566,855578
855610,855623
501967,855634
501967,855647
655450,855652
655450,855675
855681,855699
855681,855718
800727,855725
855787,855794
855858,855862
855870,855889
856023,856034
856047,856052
856081,856099
856109,856113
856166,856178
856197,856204
789821,856227
856291,856301
856364,856372
856386,856393
856408,856412
856420,856431
856477,856483
856496,856505
856514,856522
856533,856546
189294,856579
967301,856580
856607,856611
856624,856630
856648,856653
856682,856695
856703,856719
856742,856757
1300873,856790
856837,856844
856837,856863
844955,856902
844955,856925
856956,856960
761458,857002
768339,857018
857025,857039
857073,857087
857115,857127
1119133,857136
857143,857158
857162,857170
857209,857213
828556,857221
857250,857266
857307,857311
857376,857382
646614,857400
857444,857459
857463,857471
857485,857492
857519,857526
857542,857557
857601,857617
857693,857705
857767,857779
857820,857831
857883,857896
156819,857910
857952,857968
857952,857981
857952,858007
857952,858024
857952,858048
858053,858069
858122,858133
858167,858179
858228,858237
858339,858341
858356,858360
858421,858432
858445,858450
858506,858510
858575,858581
858620,858631
858677,858683
858789,858791
858817,858829
858838,858840
858864,858872
858886,858893
858935,858942
858974,858988
859043,859058
859129,859138
859140,859155
859164,859172
859268,859275
859281,859299
859309,859313
859321,859332
859345,859350
859460,859473
859487,859494
859528,859537
859592,859603
859619,859626
859707,859711
859753,859769
859753,859782
859753,859805
859753,859822
859867,859879
859880,859898
847625,859912
828208,859920
828208,859931
822141,859949
512190,859965
512190,859983
860032,860045
860032,860066
860032,860084
860124,860130
860124,860153
860124,860176
860218,860225
860218,860241
860218,860260
199089,860273
860315,860327
860336,860343
860358,860362
860370,860389
860410,860423
860468,860475
860468,860499
860512,860520
860577,860583
860577,860605
860793,860803
860793,860826
860888,860890
860900,860916
860985,860992
861008,861012
861020,861031
861049,861054
861065,861077
861083,861096
861106,861110
861123,861134
861147,861152
861168,861175
861181,861199
861201,861217
861229,861238
963955,861286
861326,861335
861326,861357
861361,861374
861388,861390
861433,861446
861507,861511
861548,861553
861595,861609
861666,861678
861684,861697
861700,861716
861728,861737
861771,861785
861792,861802
861818,861825
861839,861841
861860,861873
861915,861927
861970,861989
862017,862029
862055,862064
862072,862086
862093,862103
862119,862126
862135,862142
862157,862161
862415,862427
862458,862462
862491,862502
862587,862594
655432,862616
855681,862628
862637,862644
862659,862663
862685,862692
862721,862732
862745,862750
862784,862797
862807,862811
862824,862830
862848,862853
862905,862914
862951,862967
863006,863010
863068,863075
863081,863099
863145,863150
863197,863204
863301,863317
863338,863340
863449,863454
863496,863505
557993,863522
863598,863607
863648,863653
863695,863703
863735,863742
863735,863761
863735,863788
863790,863800
863918,863925
863973,863987
864044,864059
864044,864071
864085,864092
785153,864102
864118,864125
864139,864141
864187,864194
864207,864211
864224,864230
864248,864253
864282,864295
864305,864314
864351,864367
864426,864435
864461,864474
864488,864490
864501,864517
864529,864538
864572,864586
864604,864615
864670,864689
864720,864731
864765,864777
864810,864823
864852,864868
864881,864899
864913,864921
864945,864950
865015,865027
865070,865089
865138,865140
865186,865193
865223,865234
865247,865252
865281,865299
865321,865332
865366,865378
865402,865418
865456,865460
865500,865516
865544,865559
865585,865592
865603,865619
865626,865635
865674,865688
865711,865724
865769,865776
865822,865833
865898,865908
865965,865977
866019,866026
866019,866042
866019,866061
866100,866116
866159,866163
866214,866222
866279,866280
866349,866354
866349,866377
866438,866440
866504,866515
866558,866562
866570,866589
866591,866602
866639,866641
866673,866687
866710,866723
866734,866747
866752,866768
866775,866781
866799,866809
866813,866821
866866,866878
959377,866924
959377,866948
959377,866969
867007,867011
867069,867076
867122,867133
867179,867180
867244,867259
867292,867302
867341,867356
867484,867497
867523,867534
867599,867608
867612,867620
867631,867649
867654,867665
867762,867770
867838,867840
867855,867864
867872,867886
867957,867961
867990,868002
868025,868039
868056,868060
868087,868094
868127,868136
868191,868209
868213,868221
868250,868266
868297,868307
868330,868348
868376,868382
868395,868400
868416,868428
868437,868444
868471,868485
868519,868526
868535,868542
868557,868561
868574,868588
868640,868655
868714,868722
868767,868779
868812,868820
868883,868896
868934,868947
868981,868999
869033,869046
869235,869242
869274,869288
869290,869300
962037,869337
869344,869359
869363,869371
836257,869385
869392,869407
869411,869424
1013120,869448
1013131,869453
869469,869476
869521,869532
869545,869550
869566,869578
869584,869597
869606,869610
869647,869652
845258,869668
869699,869702
869760,869773
869787,869794
869815,869827
869836,869843
869889,869891
869901,869917
869901,869929
869901,869938
496311,869940
869955,869964
870006,870010
870075,870081
870109,870113
870132,870145
1147393,870197
870184,870215
1147372,870236
870270,870289
156819,870317
156826,870338
1147669,870355
616546,870372
870386,870393
870408,870412
870454,870465
870477,870483
870496,870505
870514,870522
870514,870533
870546,870551
619908,870567
870607,870611
870624,870630
870669,870676
870703,870719
870774,870788
870774,870800
513006,870816
870828,870837
870859,870863
870885,870892
870902,870918
870956,870960
870994,871005
871014,871022
871080,871098
871131,871149
871131,871165
871177,871183
1013675,871203
871274,871288
871290,871300
871344,871359
871344,871371
871344,871392
871411,871424
871411,871448
871453,871469
871482,871495
871513,871521
871532,871545
790523,871550
871566,871578
871584,871597
871606,871610
871623,871634
871647,871652
828556,871668
871675,871681
871699,871702
871718,871725
871718,871739
871741,871756
871760,871773
871836,871843
871858,871862
871901,871917
871929,871938
871964,871972
871993,872003
871993,872019
872074,872088
965625,872137
872128,872159
872192,872205
872222,872233
872246,872251
872246,872267
872246,872279
872298,872308
872298,872320
849909,872331
852065,872349
852065,872354
872365,872377
872365,872383
872365,872396
493578,872401
493578,872417
872429,872438
872536,872543
872558,872562
872558,872589
872558,872602
872660,872673
872687,872694
872734,872747
872768,872775
872781,872799
872850,872866
872878,872884
872878,872897
872878,872911
872924,872930
872924,872953
872924,872969
495019,872976
797836,872982
496999,873008
496999,873012
496999,873020
498352,873031
498352,873049
498352,873065
498352,873077
498352,873083
763298,873096
763298,873106
763298,873110
508387,873123
508387,873147
498462,873152
498462,873168
498462,873175
873293,873303
790523,873319
790523,873326
516878,873342
516878,873361
516878,873388
873390,873405
873414,873422
873467,873479
873480,873498
873507,873511
873507,873524
873507,873530
873507,873548
873553,873569
873576,873582
873609,873613
873609,873621
873632,873645
873632,873666
873678,873684
873678,873697
873700,873716
873744,873759
873802,873818
873802,873839
873802,873856
873802,873873
873802,873894
873904,873915
873904,873927
873904,873943
873904,873962
873904,873989
873904,874002
873904,874018
874025,874039
874025,874041
874025,874056
874025,874060
874025,874073
874087,874094
874087,874115
874087,874136
874087,874158
874087,874170
874087,874191
874087,874213
874087,874232
874087,874250
874087,874278
874087,874297
874087,874311
874087,874330
874087,874353
874369,874376
874369,874382
874369,874400
874369,874428
874369,874444
874459,874463
962063,874471
874485,874492
874503,874519
874557,874561
874629,874638
870454,874705
874767,874779
874831,874849
874906,874910
874975,874981
875040,875055
875119,875126
875188,875190
875254,875265
875323,875334
875399,875404
875436,875443
875436,875462
875470,875489
875470,875491
875539,875541
875587,875594
875637,875644
875709,875713
875750,875766
875807,875811
875853,875869
875905,875914
875951,875967
876000,876016
876059,876063
876071,876085
876125,876139
876160,876173
876207,876211
876282,876295
876282,876314
876379,876380
876403,876419
876403,876435
876474,876488
882382,876555
876586,876593
876636,876643
876689,876691
876689,876712
876777,876783
871411,876806
871344,876823
876834,876847
876909,876913
876932,876945
981697,876966
876978,876984
877021,877032
877045,877050
877078,877084
877097,877107
877148,877153
877195,877202
877287,877294
877358,877362
877423,877434
877447,877452
877554,877565
877577,877583
877596,877605
877614,877622
877633,877646
877651,877667
877679,877680
877698,877701
877717,877729
877740,877755
877793,877803
877835,877842
877857,877861
877928,877937
877992,878004
878043,878058
878091,878101
878138,878140
878172,878186
972733,878252
878247,878275
878332,878345
831194,878366
972693,878384
878425,878439
878473,878487
878516,878528
878563,878571
878619,878626
513023,878635
878657,878661
878707,878711
878707,878730
878776,878782
878776,878805
878867,878879
878912,878920
878965,878977
879011,879024
879053,879069
879082,879095
879133,879146
879180,879198
879244,879259
879244,879271
879339,879341
879387,879394
879432,879445
879466,879478
879510,879523
879568,879575
879631,879649
879696,879704
879743,879758
879817,879829
879886,879893
879935,879942
879990,880005
880046,880051
880098,880108
880149,880154
880196,880203
880242,880257
880290,880300
880363,880371
880430,880448
880521,880532
880597,880606
880681,880699
513653,880718
513653,880725
513653,880741
513653,880756
792058,880773
871482,880794
880804,880815
876777,880836
880891,880901
791941,880929
880986,880993
881050,881066
881107,881111
881176,881182
881202,881218
836257,881225
881239,881241
962037,881256
881260,881273
881287,881294
881358,881362
881406,881410
881481,881499
619544,881508
881520,881531
847019,881549
881554,881565
881577,881583
881622,881633
832030,881651
881667,881679
761824,881698
881755,881764
881803,881819
881826,881835
881842,881857
881861,881874
881888,881890
881916,881928
556093,881937
666834,881959
881963,881971
881985,881992
882025,882039
882073,882087
617041,882104
882115,882127
882162,882170
518638,882213
882311,882324
882348,882353
882382,882395
882400,882416
882485,882492
882812,882820
882849,882854
882877,882883
882906,882910
882934,882947
882968,882975
882999,883007
883024,883030
883053,883069
883082,883095
883114,883122
883114,883146
883167,883179
883198,883200
883228,883237
883228,883259
883271,883285
883302,883318
883356,883360
883387,883394
883445,883450
883510,883523
883510,883547
883575,883581
883599,883608
883631,883649
883631,883665
883677,883683
883677,883696
883704,883715
883736,883743
883762,883770
883791,883801
883840,883855
883893,883903
883942,883957
883990,884001
884040,884055
884093,884103
884126,884135
884157,884161
884208,884212
884254,884265
884277,884283
884323,884334
884375,884381
884427,884436
884470,884489
884491,884502
884556,884560
884556,884587
884628,884637
884644,884659
884721,884732
884895,884905
885059,885063
885085,885092
885118,885125
885141,885156
885187,885194
885282,885295
885314,885322
885379,885346
885379,885380
885442,885457
885490,885501
885540,885555
885593,885604
885662,885670
885881,885899
885913,885921
885966,885978
886015,886027
886043,886058
710761,886070
886091,886101
886091,886129
886140,886155
753774,886172
886366,886378
886425,886439
886441,886456
886460,886473
886500,886516
886528,886537
886544,886559
886619,886626
886661,886674
886688,886690
886707,886711
886724,886730
886748,886753
886769,886776
886822,886833
886846,886851
886867,886879
886920,886931
886954,886965
556093,886977
887012,887020
887049,887054
818300,887065
887077,887083
818482,887106
818545,887152
887199,887201
851518,887217
887240,887255
977446,887264
887272,887286
887326,887335
838109,887342
887405,887414
887451,887467
887507,887511
887548,887553
887569,887576
887582,887595
887650,887666
887700,887716
887759,887763
887802,887818
887841,887856
887860,887873
887887,887894
887927,887936
858864,887958
887989,887991
888003,888019
888026,888035
888057,888061
888074,888088
888128,888137
888144,888159
888163,888171
888185,888192
888205,888214
888251,888267
888308,888312
888320,888331
888349,888354
888365,888377
770192,888396
888401,888417
888401,888429
888438,888440
888455,888464
790179,888472
888486,888493
888504,888515
1012783,888527
888570,888589
888618,888625
888687,888694
888710,888723
888799,888809
992842,888821
888832,888845
888907,888911
888969,888976
889023,889034
889075,889081
889109,889113
889132,889145
889166,889178
889197,889204
889215,889227
889262,889270
889317,889329
889355,889364
889355,889386
889412,889420
889465,889477
889505,889514
889505,889533
889551,889567
889551,889580
889607,889611
889630,889648
889682,889695
889719,889726
889735,889742
889757,889761
959061,889790
889816,889828
889863,889871
889892,889902
889939,889941
889987,889994
890039,890041
890087,890094
890127,890136
890170,890189
890170,890209
890170,890221
890266,890278
890266,890297
890266,890311
890353,890369
890353,890382
890353,890400
890444,890459
890492,890503
890588,890590
890655,890664
890655,890686
890722,890733
890779,890780
890812,890820
890854,890865
890896,890906
890923,890934
890999,891003
891042,891057
891042,891074
891042,891090
891137,891144
891205,891214
891251,891267
891312,891320
891365,891377
891401,891417
891455,891464
891504,891515
891591,891602
891639,891641
891639,891660
891673,891687
891673,891694
891734,891747
891734,891768
891809,891813
891850,891866
891907,891911
891924,891930
891976,891982
891995,892005
892046,892051
892067,892079
892112,892120
892165,892177
892219,892226
892242,892257
892242,892261
892288,892290
892337,892344
892385,892392
892448,892453
892495,892509
892545,892550
892597,892606
892647,892652
892702,892718
892702,892739
892760,892773
892760,892794
892836,892843
892836,892862
892889,892891
892917,892929
892940,892955
892993,893000
893037,893044
893071,893085
893118,893125
893160,893173
893160,893194
893224,893230
893224,893253
893295,893305
893295,893322
893380,893398
893426,893435
893474,893488
893529,893538
893540,893555
893540,893572
893540,893586
893540,893604
893643,893658
893643,893670
893643,893691
893749,893754
893749,893777
893749,893796
893749,893810
893852,893868
893945,893950
893945,893978
893945,893997
893945,894010
894047,894052
894099,894109
894099,894121
894150,894166
894150,894184
894150,894204
894215,894227
894338,894340
894338,894364
894431,894449
894477,894483
894514,894522
894551,894567
894598,894607
894630,894648
894669,894676
894669,894695
894726,894735
894761,894774
894800,894816
894837,894844
894871,894885
894871,894902
894939,894941
894939,894960
895030,895048
895146,895151
895198,895200
895339,895341
895387,895394
895387,895413
895387,895432
895478,895484
895478,895506
895534,895547
895534,895568
895534,895581
895612,895620
895612,895649
895612,895665
895696,895704
895696,895727
895736,895743
895791,895801
895864,895872
895893,895903
895961,895974
895961,895990
896083,896096
896083,896110
896181,896199
896217,896229
896240,896255
896272,896286
896388,896390
896433,896446
896511,896524
896511,896548
896613,896621
896666,896678
896716,896728
896759,896763
896792,896802
896841,896856
896873,896887
896873,896904
896962,896970
897027,897036
897027,897058
897101,897117
897155,897164
897155,897186
897155,897206
897155,897223
897268,897275
897268,897299
897268,897313
897268,897332
897378,897384
897441,897456
897494,897500
897494,897528
897494,897544
897494,897563
897494,897585
897657,897661
897707,897711
897753,897769
897753,897782
897753,897805
897753,897822
897753,897846
897753,897867
897908,897912
897908,897931
897908,897954
898013,898021
898013,898045
898097,898107
898097,898124
898097,898148
898182,898195
898239,898241
898287,898294
898327,898336
898362,898370
898406,898410
898452,898468
898499,898508
898554,898565
898554,898583
898622,898633
898622,898651
898622,898679
898622,898698
898717,898729
898717,898740
898755,898764
898755,898786
898755,898803
898755,898826
898842,898857
898874,898888
898874,898900
898928,898937
898928,898959
898985,898992
898985,899017
899040,899055
899040,899072
899093,899103
899119,899126
899142,899157
899142,899174
899188,899190
899212,899220
899212,899231
899212,899249
899254,899265
899283,899296
899323,899334
899347,899352
899347,899375
899415,899427
899489,899491
899539,899541
899659,899663
899709,899713
899750,899766
899807,899811
899824,899830
899848,899853
899882,899895
899914,899922
899933,899946
900034,900047
900081,900099
900121,900132
900178,900184
900236,900243
900289,900291
900338,900340
900372,900386
900412,900420
900465,900477
900505,900514
900546,900551
900580,900598
900624,900630
900653,900669
900703,900719
900757,900761
900788,900790
900837,900844
900885,900892
900885,900941
900987,900994
900987,901014
900987,901033
900987,901051
901067,901079
901067,901098
901131,901149
901183,901196
901183,901219
901183,901235
901274,901288
901290,901300
901316,901328
901316,901337
901392,901407
901430,901448
901453,901469
901521,901532
901521,901550
901597,901606
901623,901634
901623,901652
901699,901702
901718,901725
901760,901773
901787,901794
901804,901815
901827,901836
901862,901870
901955,901964
901955,901986
902026,902035
902061,902074
902100,902116
902137,902144
902137,902163
902205,902214
902267,902279
902280,902298
902280,902312
902354,902365
902396,902401
902464,902472
902536,902543
902562,902570
902562,902591
902656,902660
902656,902687
902710,902723
902734,902747
902781,902799
902850,902866
902907,902911
902907,902930
902953,902969
902976,902982
902976,902995
902976,903012
903054,903065
903106,903110
903106,903134
903175,903181
903175,903201
903175,903229
903240,903255
903264,903272
903326,903335
903326,903357
903240,903374
903414,903422
903446,903451
496311,903467
903479,903480
903576,903582
903595,903609
903645,903650
903666,903678
903716,903728
903763,903771
903802,903818
903915,903927
903936,903943
903958,903962
800704,903970
904018,904025
904060,904073
904115,904127
904162,904170
904189,904191
837055,904209
904213,904221
904232,904245
904250,904266
904278,904284
634889,904353
904376,904382
789429,904400
904444,904459
789821,904463
904526,904535
904574,904588
904617,904629
904686,904693
904722,904733
904780,904798
904808,904812
904877,904883
904968,904975
905001,905017
905040,905055
905126,905135
905157,905161
905277,905283
905323,905334
905375,905381
905399,905404
905443,905458
905462,905470
905518,905525
905560,905573
905587,905594
905600,905616
905600,905628
905637,905644
905659,905663
905721,905732
905766,905778
905784,905797
905848,905853
905869,905876
905933,905946
1157445,905967
906000,906016
655432,906028
906059,906063
906102,906118
906173,906187
906224,906230
906248,906253
906269,906276
906314,906322
906367,906379
906380,906398
906442,906457
906442,906474
906488,906490
906501,906517
906529,906538
906540,906555
906586,906593
906627,906636
906643,906658
906662,906670
906712,906720
906754,906765
906810,906823
906834,906847
558555,906875
995918,906909
906899,906921
906984,906997
907021,907032
907078,907084
907107,907111
907124,907130
907148,907153
907218,907225
907260,907273
907315,907327
907362,907370
907410,907423
907468,907475
907481,907499
907508,907512
907554,907565
907633,907646
907651,907667
907679,907680
907717,907729
907738,907740
907755,907764
907786,907793
907857,907861
907874,907888
907890,907900
907916,907928
907937,907944
911809,908015
911821,908062
908091,908101
908138,908140
908193,908206
908210,908223
908234,908247
908321,908332
908345,908350
908384,908397
908402,908418
908425,908439
908441,908456
908460,908473
908516,908528
908563,908571
908592,908603
908661,908674
908724,908730
908769,908776
908782,908795
908814,908822
908833,908846
908851,908867
908908,908912
908954,908965
908996,909007
909011,909024
909030,909048
909076,909082
909095,909105
909114,909122
909133,909146
909151,909167
909179,909180
909244,909259
909263,909271
909285,909292
909302,909318
909325,909339
909341,909356
909360,909373
909387,909394
909421,909432
909466,909478
909510,909523
909534,909547
909581,909599
909620,909631
909715,909727
909736,909743
909758,909762
909801,909817
909829,909838
909872,909886
909893,909903
909957,909961
909990,910002
910056,910060
910073,910087
910094,910104
910191,910209
910284,910297
910324,910330
914496,910416
910428,910437
910471,910485
910561,910574
910588,910590
910617,910629
910617,910640
768957,910664
910705,910714
910722,910733
910849,910854
910849,910877
910849,910896
910923,910934
910981,910999
911003,911019
911057,911061
911128,911137
911144,911159
911163,911171
911185,911192
911205,911214
911251,911267
911312,911320
911312,911349
911354,911365
911377,911383
911396,911401
911417,911429
911438,911440
1135474,911527
911543,911558
911618,911625
666834,911641
911660,911673
911694,911706
911734,911747
189391,911752
911781,911799
911878,911884
911907,911911
911924,911930
911969,911976
911969,911995
912033,912046
912080,912098
912108,912112
189423,912120
967317,912131
912149,912154
909409,912165
912177,912183
912196,912203
912242,912257
912274,912288
912363,912371
912411,912424
912482,912495
912550,912566
912578,912584
912623,912634
912647,912652
912668,912675
912681,912699
912702,912718
912725,912739
940852,912836
912889,912891
912955,912964
913000,913016
913071,913085
913224,913230
913295,913305
913314,913322
913379,913380
913398,913403
913419,913426
913419,913435
913442,913457
913461,913474
913488,913490
913501,913517
913529,913538
913540,913555
913564,913572
913586,913593
913604,913615
913627,913636
913643,913658
913662,913670
913689,913691
913708,913712
913720,913731
913749,913754
913765,913777
913783,913796
913806,913810
913823,913834
913847,913852
913868,913875
913881,913899
913909,913913
913921,913932
913945,913950
913966,913978
913984,913997
914006,914010
914023,914034
914047,914052
914068,914075
914081,914099
914109,914113
914121,914132
914145,914150
914197,914204
914236,914243
914258,914262
914291,914301
914340,914355
914393,914408
914420,914431
914496,914505
914496,914522
914546,914551
914546,914567
914598,914607
914624,914630
914624,914653
914695,914703
914726,914735
914757,914761
914788,914790
914837,914844
914863,914871
914892,914902
914892,914925
914973,914987
915011,915024
915105,915114
915179,915180
915200,915216
915259,915263
915259,915285
915325,915339
915373,915387
915373,915409
915421,915432
915421,915450
915478,915484
915510,915523
915510,915547
915581,915599
915631,915649
915696,915704
915736,915743
915770,915789
915817,915829
915817,915840
915855,915864
915935,915942
915988,915990
916894,916904
916915,916927
916943,916958
580170,916970
917015,917027
917058,917062
917070,917089
917140,917155
917164,917172
965907,917193
965897,917210
917186,917234
964172,917275
917268,917299
917313,917321
917313,917332
917425,917439
917473,917487
917473,917500
917544,917559
917544,917571
917619,917626
836257,917635
974249,917642
495911,917657
769965,917674
917711,917724
917769,917776
770953,917795
917814,917822
1004374,917846
917880,917898
917931,917949
917983,917996
918013,918021
918066,918078
918066,918097
918124,918130
918124,918153
918195,918202
918195,918225
918294,918304
918343,918358
918389,918391
918410,918423
918410,918447
918410,918468
918508,918512
918508,918531
918508,918554
918577,918583
918577,918605
918577,918622
918646,918651
918646,918679
918646,918698
918738,918740
918738,918764
918786,918793
918786,918819
918857,918861
918857,918888
918857,918900
918985,918992
919038,919040
919055,919064
919086,919093
919103,919119
919142,919157
919142,919174
919142,919190
919142,919212
919231,919249
919277,919283
919277,919323
919347,919352
919443,919458
919470,919489
919518,919525
919518,919541
919560,919573
919560,919594
919560,919616
919659,919663
919685,919692
919721,919732
919750,919766
919797,919807
919824,919830
919869,919876
919895,919905
919922,919933
919946,919951
919946,919967
919980,919998
920024,920030
920069,920076
920095,920105
920216,920228
920237,920244
920271,920285
920302,920318
920302,920339
920302,920356
920360,920373
920360,920394
920466,920478
920568,920575
920612,920620
920612,920649
920612,920665
920696,920704
920696,920727
920696,920743
920770,920789
920801,920817
920838,920840
920864,920872
920893,920903
920935,920942
920988,920990
921034,921047
921068,921075
921113,921121
921166,921178
921184,921197
921215,921227
921215,921243
921215,921262
921215,921289
921329,921338
921329,921355
921329,921372
921329,921393
921431,921449
921514,921522
921514,921546
921567,921579
921567,921598
921567,921611
921653,921669
921682,921695
921682,921719
921682,921735
921774,921788
921837,921844
921863,921871
921863,921892
921863,921918
921956,921960
921994,922004
921994,922027
921994,922043
922089,922091
922129,922138
922140,922155
922140,922164
922140,922172
922206,922210
922206,922234
922206,922252
922299,922309
922332,922345
922366,922378
922366,922384
922441,922456
922494,922500
922537,922544
922559,922563
922559,922585
922619,922626
922619,922642
922619,922661
922711,922724
922753,922769
922753,922782
922795,922805
922795,922822
922879,922880
922920,922931
923032,923045
923032,923066
923084,923097
923084,923111
923153,923169
923182,923195
923239,923241
923256,923260
923327,923336
923389,923391
923468,923475
923549,923554
923549,923577
923646,923651
923729,923738
923786,923793
923786,923819
923857,923861
923900,923916
923900,923937
923963,923971
923963,923992
924042,924057
924090,924100
924144,924159
924171,924185
924171,924205
924171,924222
924171,924246
924267,924279
924267,924298
924267,924312
924267,924331
924365,924377
924365,924396
924365,924417
924365,924438
924440,924455
924472,924486
924472,924504
924472,924527
924562,924570
924591,924602
924625,924639
924656,924660
924656,924687
924706,924710
924706,924734
924706,924752
924706,924775
924799,924809
924799,924821
924799,924845
924799,924866
924907,924911
924907,924930
924982,924995
925018,925025
925018,925041
925060,925073
925060,925094
925060,925115
925060,925136
925170,925189
925209,925213
925209,925232
925209,925250
925209,925278
925297,925307
925330,925348
925395,925400
925459,925463
925459,925485
925542,925557
925590,925601
925640,925655
925664,925672
925664,925693
925733,925746
925780,925798
925812,925820
925854,925865
925883,925896
925934,925947
925981,925999
926001,926017
926038,926040
926086,926093
926135,926142
926135,926161
926174,926188
926212,926220
926265,926277
926334,926347
926375,926381
926427,926436
926427,926458
926470,926489
926470,926502
926525,926539
926556,926560
926637,926644
926637,926663
926637,926685
926732,926745
926750,926766
926807,926811
926853,926869
926895,926905
926922,926933
926951,926967
926980,926998
927014,927022
927046,927051
927080,927098
927112,927120
927131,927149
927165,927177
927196,927203
927226,927235
927226,927242
927226,927261
927226,927288
927300,927316
927300,927337
927300,927359
927371,927385
927371,927407
927371,927424
927371,927448
927469,927476
927495,927509
927495,927521
927545,927550
927545,927578
927545,927597
927545,927610
927634,927647
927668,927675
927668,927699
927718,927725
927718,927741
927804,927815
927804,927836
927804,927858
927804,927870
927917,927929
927917,927940
927917,927964
927917,927986
928000,928016
928059,928063
928102,928118
928102,928139
928156,928160
928207,928211
928295,928305
928351,928367
928426,928435
928488,928490
928501,928517
1104270,929530
929582,929595
929650,929666
929650,929684
818756,929700
818756,929728
929763,929771
929802,929818
929802,929839
929802,929856
1105413,929873
929915,929927
929962,929970
930026,930035
930042,930057
930061,930074
930088,930090
930159,930163
930171,930185
930383,930396
930455,930464
930472,930486
930493,930504
930543,930558
930602,930618
930660,930673
930723,930734
930747,930752
930781,930799
930821,930832
930884,930897
930930,930948
930953,930969
930982,930995
931036,931043
931070,931089
931117,931129
931164,931172
931193,931206
931223,931234
931275,931281
931299,931309
931321,931332
931345,931350
931384,931397
931425,931439
931473,931487
931544,931559
931592,931603
931642,931657
931688,931690
931753,931769
931805,931814
931908,931912
932010,932023
932068,932075
932113,932121
485597,933231
933277,933283
933323,933334
933347,933352
933399,933404
933399,933427
992336,933443
992362,933462
992391,933489
791178,933502
933587,933594
933644,933659
933709,933713
933778,933784
485597,933807
935511,935524
935569,935576
935595,935609
935621,935632
935650,935666
935716,935728
935771,935785
935825,935839
935873,935887
935927,935936
935970,935989
936021,936032
936084,936097
936169,936176
936239,936241
936304,936315
936370,936389
936434,936447
936481,936499
936531,936549
936596,936605
936614,936622
936646,936651
936679,936680
936717,936729
936740,936755
936772,936786
936803,936819
936717,936835
936857,936861
936772,936888
936900,936916
936963,936971
936992,937000
937037,937044
937063,937071
936857,937092
936740,937118
937139,937141
937194,937207
937211,937224
937248,937253
937276,937282
937322,937333
937351,937367
937379,937380
937426,937435
937457,937461
937501,937517
937540,937555
937572,937586
937593,937604
937593,937627
937643,937658
937691,937708
937731,937749
937777,937783
937823,937834
937847,937852
937899,937909
937921,937932
937945,937950
937945,937978
937945,937997
938014,938022
938046,938051
938079,938080
938120,938131
938177,938183
938196,938203
938242,938257
938290,938300
938344,938359
938392,938407
938448,938453
938495,938509
938545,938550
938610,938623
938718,938725
938760,938773
938794,938804
938827,938836
938858,938862
938929,938938
938972,938986
939039,939041
939087,939094
939115,939127
939136,939143
939136,939162
939136,939170
939191,939209
939266,939278
939307,939311
939324,939330
939416,939428
939463,939471
939519,939526
939561,939574
939588,939590
939601,939617
939640,939655
939664,939672
939693,939705
939767,939779
939812,939820
939854,939865
939877,939883
939923,939934
939947,939952
940016,940028
940037,940044
940059,940063
940071,940085
940092,940102
940118,940125
940139,940141
940139,940156
940139,940160
940194,940207
798777,940224
940253,940269
940314,940322
940346,940351
939588,940367
940419,940426
940435,940442
940488,940490
940501,940517
798777,940538
798777,940555
779307,940604
779307,940627
940662,940670
940689,940691
940708,940712
940720,940731
798777,940754
869328,940765
800654,940777
940783,940796
940852,940868
940881,940899
940881,940913
489321,940921
869328,940932
940950,940966
939588,940978
869328,940997
779307,941017
489321,941038
940059,941040
940059,941055
941064,941072
941093,941103
941093,941119
941093,941135
941142,941157
941174,941188
941208,941212
941220,941231
941220,941249
941220,941265
941220,941277
798777,941296
941368,941375
941415,941427
941462,941470
941491,941502
941525,941539
941556,941560
941594,941600
941616,941628
941663,941671
941732,941745
941784,941797
941830,941848
941895,941905
941946,941951
941998,942008
942065,942077
942110,942123
942152,942168
942181,942199
942238,942240
942357,942361
942446,942451
942479,942480
942507,942511
942530,942548
942582,942595
942609,942613
942645,942650
942697,942700
942737,942744
942785,942792
942818,942825
942856,942860
942873,942887
942894,942904
942943,942958
942991,943003
943042,943057
943090,943100
943673,943687
943694,943706
943710,943723
943734,943747
943809,943813
943821,943832
692523,943850
943866,943878
943897,943907
943897,943930
943953,943969
943976,943982
944021,944032
944045,944050
944066,944078
944084,944097
944107,944111
944124,944130
944169,944176
944202,944218
944241,944256
944287,944294
944358,944362
944391,944406
944434,944447
944452,944468
944475,944481
944499,944508
944512,944520
944583,944596
944651,944667
944717,944729
944738,944740
944786,944793
944803,944819
944826,944835
944890,944900
944937,944944
944971,944985
945022,945033
945046,945051
945080,945098
945131,945149
945226,945235
945242,945257
945261,945274
945316,945328
945337,945344
945385,945392
945411,945424
945469,945476
945495,945509
945521,945532
945550,945566
945584,945597
945610,945623
945681,945699
945702,945718
945773,945787
945794,945804
945836,945843
945901,945917
945940,945955
945972,945986
945972,946006
946047,946052
946068,946075
946113,946121
946166,946178
946166,946197
946243,946258
946291,946301
946329,946338
946386,946393
947041,947056
947060,947073
947087,947094
947104,947115
947143,947158
947191,947209
947213,947221
947232,947245
947250,947266
947278,947284
947324,947330
947348,947353
947382,947395
947428,947437
947444,947459
947463,947471
947519,947526
947557,947561
947590,947601
947617,947629
947638,947640
947655,947664
947705,947714
947751,947767
796017,947780
947812,947820
947865,947877
947883,947896
947906,947910
947975,947981
948024,948030
948082,948095
948133,948146
948179,948180
948228,948237
948263,948271
948339,948341
948387,948394
948432,948445
948484,948497
948510,948523
948547,948552
948608,948612
948654,948665
948683,948696
948704,948715
948736,948743
948762,948770
948789,948791
948817,948829
948838,948840
948855,948864
948872,948886
948903,948919
948957,948961
948988,948990
949015,949027
949101,949117
949155,949164
949172,949186
949234,949247
949275,949281
949275,949309
949321,949332
949378,949384
949441,949456
949441,949473
949537,949544
949537,949563
949585,949592
949626,949635
949657,949661
949688,949690
949707,949711
949730,949748
949822,949833
949898,949908
949965,949977
949983,949996
950015,950027
950015,950036
950015,950058
950091,950101
950140,950155
950140,950206
950234,950247
950275,950281
950313,950321
950384,950397
950384,950418
950384,950439
950487,950494
950500,950516
950603,950619
950707,950711
950748,950753
950782,950795
950822,950833
950851,950867
950898,950908
950949,950954
950996,951000
951028,951037
951071,951085
951125,951139
951156,951160
951156,951173
951156,951187
951211,951224
951230,951248
951269,951276
951295,951305
951346,951351
951380,951398
951435,951442
951435,951461
951488,951490
951488,951501
951488,951517
951586,951593
952179,952180
952198,952200
952237,952244
952259,952263
952292,952302
952318,952325
952339,952341
952373,952387
952413,952421
952484,952497
952534,952547
952575,952581
953348,953353
789821,953369
953376,953382
953395,953400
953437,953444
953485,953492
953485,953519
953485,953535
953574,953588
953629,953638
953629,953655
953672,953686
953672,953705
812449,953714
953722,953733
953751,953767
953779,953780
807371,953798
807371,953808
953865,953877
953865,953896
953952,953968
953952,953981
953952,954008
954020,954031
954077,954083
954106,954110
954106,954123
844725,954147
954181,954199
954238,954240
954272,954286
954326,954335
954342,954357
941616,954374
954511,954524
954609,954613
954621,954632
954645,954650
954666,954678
954684,954697
954737,954744
954802,954818
954856,954860
954904,954915
954958,954962
954970,954989
954991,955009
955013,955021
955066,955078
955124,955130
955182,955195
955202,955218
955225,955239
955241,955256
955294,955304
955362,955370
955481,955499
955508,955512
955520,955531
955549,955554
955583,955596
955605,955614
955651,955667
955679,955680
955698,955701
955740,955755
955826,955835
955888,955890
955937,955944
955959,955963
955985,955992
956022,956033
956046,956051
956067,956079
956131,956149
956154,956165
956177,956183
956290,956300
956328,956337
956344,956359
956411,956424
956469,956476
956482,956495
957086,957093
957135,957142
957157,957161
957208,957212
957277,957283
957310,957323
957347,957352
957415,957427
957415,957443
957458,957462
957458,957470
957489,957491
957502,957518
957525,957539
957541,957556
957560,957573
957587,957594
566182,957644
957659,957663
957692,957709
957732,957745
957830,957848
957876,957882
957967,957979
958023,958034
958197,958204
958338,958340
958355,958364
958355,958372
958412,958420
958431,958449
958454,958465
958514,958522
958580,958598
958624,958630
958695,958703
958719,958726
958735,958742
958788,958790
958837,958844
958885,958892
958939,958941
958960,958973
958994,959003
959042,959057
959061,959074
959088,959090
959100,959116
959639,959641
959656,959660
959706,959710
959706,959734
959752,959768
959799,959809
959832,959845
959907,959911
959953,959969
960020,960031
960077,960083
960168,960175
960168,960199
960168,960238
798806,960255
960264,960272
960286,960293
960303,960319
960326,960335
960357,960361
960374,960388
180737,960405
180771,960422
960480,960498
960507,960511
960530,960548
960569,960576
960716,960728
960785,960792
960860,960873
960894,960904
960915,960927
586303,960943
965673,960962
965687,960970
960958,960989
960991,961007
960991,961024
961122,961133
961179,961180
961318,961325
768552,961356
961373,961387
961394,961409
675455,961432
961478,961484
863047,961506
961547,961552
961758,961762
961789,961791
961817,961829
961838,961840
961864,961872
961893,961903
961957,961961
962000,962016
521141,962118
962125,962139
962141,962156
962211,962224
962230,962248
962282,962295
962282,962314
962322,962333
571221,962346
962572,962586
962643,962658
962689,962691
962708,962712
962720,962731
962749,962754
529192,962765
529192,962777
559595,962783
559595,962796
559414,962806
559414,962810
559264,962834
559264,962847
559264,962852
962868,962875
962868,962881
529383,962899
1248244,962909
557359,962913
557359,962921
528580,962945
528580,962950
528580,962966
528580,962978
528703,962984
528703,962997
558555,963014
558555,963022
528669,963046
528669,963051
556778,963079
556778,963080
556778,963098
556895,963112
963149,963154
963149,963177
557993,963219
557993,963242
767820,963257
1244148,963261
963288,963290
1244124,963300
963328,963337
963328,963359
790048,963363
790048,963371
1239780,963392
558708,963411
962102,963430
962092,963448
962092,963469
963482,963495
1239492,963513
1239492,963532
963578,963584
963623,963634
963668,963675
963718,963725
963760,963773
963815,963827
963870,963889
964281,964299
964350,964366
964378,964384
964418,964425
964460,964473
964544,964559
964619,964626
814244,964661
964690,964707
964711,964724
843711,964730
910617,964753
910617,964776
768957,964805
557794,964814
964833,964846
964833,964851
964833,964867
964833,964879
964880,964898
560074,964908
905443,964920
560377,964931
964954,964965
964954,964983
965003,965019
965026,965035
965042,965057
965042,965061
965090,965100
965163,965171
965214,965222
965233,965246
965251,965267
965279,965280
965279,965298
965279,965308
965312,965320
965383,965396
965969,965976
965982,965995
966073,966087
966115,966127
966158,966162
966189,966191
966221,966232
966245,966250
966330,966348
1135474,966369
966376,966382
966428,966437
966471,966485
966526,966535
966574,966588
966617,966629
966638,966640
966664,966672
966714,966722
966746,966751
966767,966779
966798,966808
966849,966854
966883,966896
966923,966934
966968,966975
967006,967010
967047,967052
967075,967081
967113,967121
967166,967178
967607,967611
967607,967630
967669,967676
967682,967695
967703,967719
967726,967735
967742,967757
964378,967761
967800,967816
967828,967837
967828,967844
967828,967863
967828,967885
967828,967892
967828,967902
967918,967925
967918,967941
967918,967960
967918,967987
967918,967994
967918,968017
968038,968040
968038,968055
968038,968064
968038,968072
968038,968086
968038,968093
968103,968119
968174,968188
968249,968254
968296,968306
968375,968381
968399,968404
968427,968436
968458,968462
968489,968491
968518,968525
968541,968556
968573,968587
968594,968600
968616,968628
968644,968659
968671,968685
968713,968721
968732,968745
968750,968766
968784,968797
968811,968824
968853,968869
968905,968914
968933,968946
968980,968998
969013,969021
969013,969045
969084,969097
969148,969153
969176,969182
969218,969225
969260,969273
969294,969304
969336,969343
969362,969370
969410,969423
969447,969452
969475,969481
969512,969520
969549,969554
969577,969583
969622,969633
969651,969667
969680,969698
969717,969729
969764,969772
969793,969803
969861,969874
969890,969900
969963,969971
970033,970046
970080,970098
970108,970112
970120,970131
970154,970165
970183,970196
970235,970242
970288,970290
970316,970328
970363,970371
970566,970578
970597,970606
970634,970647
970702,970718
970725,970739
970741,970756
970815,970827
970836,970843
970870,970889
970891,970901
970940,970955
970940,970972
971021,971032
971097,971107
971148,971153
971202,971218
971256,971260
971327,971336
971343,971358
971389,971391
971423,971434
971468,971475
971520,971531
971554,971565
971605,971614
971651,971667
971680,971698
971738,971740
971786,971793
971835,971842
971888,971890
971928,971937
971971,971985
972002,972018
972056,972060
972104,972115
972170,972189
972221,972232
972278,972284
972324,972330
972353,972369
972353,972382
972416,972428
972463,972471
972503,972519
972981,972999
973007,973011
973024,973030
1028917,973048
973069,973076
834958,973082
646614,973105
646614,973122
739393,973146
739393,973167
973180,973198
973180,973216
973237,973244
973237,973263
973271,973285
973271,973302
973325,973339
973360,973373
973394,973409
973413,973421
973432,973445
973450,973466
973478,973484
973534,973547
973575,973581
973608,973612
973654,973665
973683,973696
973736,973743
973762,973770
973817,973829
973840,973855
973893,973903
973893,973926
973942,973957
967075,973974
974017,974029
974064,974072
974119,974126
974161,974174
974212,974220
974323,974334
974399,974404
974415,974427
974443,974458
974489,974491
974556,974560
974600,974616
675455,974644
974685,974692
807891,974713
974778,974784
974797,974807
974848,974853
974869,974876
974895,974905
974967,974979
975028,975037
975092,975102
975141,975156
975173,975187
975173,975207
975173,975224
975248,975253
975248,975276
975248,975295
975248,975314
975346,975351
975346,975379
975398,975403
975398,975426
975398,975435
975461,975474
975461,975490
975461,975517
975538,975540
975538,975555
975538,975572
975604,975615
975950,975966
975978,975984
976015,976027
793225,976043
488696,976062
872246,976070
872246,976091
872246,976101
872365,976129
872365,976138
872365,976140
976186,976193
976206,976210
976223,976234
976247,976252
976268,976275
976281,976299
976309,976313
976378,976384
976402,976418
976487,976494
976544,976559
976592,976603
976661,976674
976724,976730
976776,976782
976822,976833
976879,976880
976931,976949
977008,977012
977065,977077
977110,977123
977181,977199
977240,977255
977272,977286
977303,977319
977357,977361
977524,977530
977548,977553
977569,977576
977582,977595
977609,977613
966376,977621
966376,977632
977645,977650
977697,977700
977737,977744
977763,977771
977792,977802
977825,977839
977873,977887
977894,977904
977927,977936
977943,977958
977927,977970
977991,978003
978026,978035
978100,978116
978100,978137
978100,978159
978100,978171
978100,978192
978233,978246
978233,978267
978233,978280
978233,978308
978331,978349
978331,978365
978331,978383
978417,978429
978417,978440
978417,978464
978417,978486
978515,978527
978515,978543
978515,978562
978515,978589
978625,978639
978625,978656
978625,978673
978625,978694
978625,978710
978723,978734
978723,978752
978781,978799
978850,978866
978850,978884
978850,978907
513579,979034
979075,979081
979132,979145
979132,979166
979132,979184
979215,979227
979236,979243
979258,979262
979270,979289
979340,979355
979372,979386
979408,979412
979431,979449
968980,979465
979496,979505
979496,979522
979551,979567
979551,979580
978331,979607
979648,979653
979703,979719
979703,979735
979790,979800
979844,979859
979871,979885
979918,979925
979994,980009
980066,980078
980097,980107
980148,980153
980169,980176
980218,980225
980260,980273
980304,980315
980358,980362
980406,980410
980423,980434
980508,980512
980577,980583
980622,980633
980729,980738
980772,980786
980819,980826
980842,980857
981792,981802
813922,981825
981839,981841
981887,981894
981936,981943
982064,982072
982126,982135
982126,982157
982249,982254
982249,982277
982368,982375
982458,982462
982525,982539
982573,982587
982659,982663
982709,982713
982750,982766
982807,982811
982882,982895
982905,982914
983081,983099
983109,983113
983109,983121
983145,983150
513522,983166
983197,983204
983215,983227
983289,983291
983338,983340
983386,983393
983431,983449
983454,983465
486262,983496
983533,983546
983579,983580
983607,983611
983630,983648
983676,983682
983726,983735
983774,983788
816434,983892
983902,983918
983925,983939
983941,983956
983994,984000
984044,984059
984092,984102
984125,984139
984194,984207
984269,984276
984282,984295
984305,984314
984322,984333
984346,984351
984367,984379
984419,984426
984490,984501
984538,984540
984604,984615
984643,984658
984691,984708
984749,984754
984796,984806
984847,984852
984881,984899
984921,984932
984966,984978
984984,984997
985425,985439
985441,985456
985528,985537
985528,985559
985571,985585
985592,985603
985619,985626
985657,985661
985674,985688
985690,985707
985711,985724
985730,985748
985753,985769
985776,985782
985795,985805
985814,985822
985867,985879
985908,985912
985954,985965
985977,985983
986003,986019
710695,986035
986042,986057
986061,986074
986100,986116
986144,986159
986214,986222
986251,986267
986251,986280
986298,986308
986320,986331
986396,986401
708549,986429
752784,986438
752830,986440
986464,986472
986486,986493
986515,986527
986570,986589
986618,986625
705259,986641
986656,986660
986656,986673
986694,986706
986734,986747
986768,986775
986799,986809
986821,986832
986850,986866
986884,986897
986911,986924
986948,986953
986976,986982
987030,987048
987053,987069
987133,987146
987133,987167
987387,987394
987413,987421
987450,987466
987506,987510
987552,987568
987608,987612
987654,987665
987696,987704
987762,987770
987817,987829
987840,987855
987886,987893
987903,987919
987926,987935
987974,987988
987990,988002
988115,988127
988143,988158
988162,988170
988189,988191
988209,988213
988250,988266
988278,988284
988297,988307
988311,988324
988382,988395
988400,988416
988437,988444
988459,988463
988471,988485
988492,988503
988557,988561
988574,988588
988629,988638
988672,988686
988672,988705
988751,988767
988779,988780
988812,988820
988877,988883
988923,988934
989022,989033
989079,989080
989098,989108
989183,989196
989183,989219
989274,989288
989328,989337
736867,989363
989371,989385
736814,989411
989482,989495
989521,989532
989566,989578
989610,989623
989652,989668
989699,989702
989741,989756
989804,989815
989843,989858
989862,989870
989917,989929
989964,989972
990017,990029
990055,990064
990103,990119
990157,990161
990208,990212
990220,990231
990254,990265
990306,990310
990352,990368
990404,990415
990458,990462
990491,990502
990541,990556
990594,990600
990644,990659
990671,990685
990709,990713
990721,990732
990778,990784
990848,990853
990882,990895
990951,990967
990979,990980
990998,991002
991025,991039
959280,991041
991056,991060
991104,991115
991158,991162
991191,991209
991232,991245
991297,991307
991330,991348
991376,991382
991416,991428
991471,991485
991526,991535
991617,991629
991655,991664
991672,991686
991722,991733
991779,991780
991798,991808
991812,991820
991831,991849
991854,991865
991877,991883
991906,991910
991947,991952
498876,991968
784666,991981
991999,992009
992499,992508
992549,992554
728524,992565
992622,992633
992667,992679
992717,992729
992764,992772
992793,992803
992916,992928
992937,992944
967682,992963
967703,992985
967726,993004
993027,993036
993062,993070
993129,993138
993155,993164
993193,993206
993210,993223
993247,993252
993268,993275
993309,993313
993321,993332
993345,993350
993439,993441
993456,993460
993473,993487
993494,993500
993537,993544
993559,993563
993619,993626
993642,993657
993661,993674
993661,993688
993690,993707
993690,993711
993690,993724
993690,993730
993690,993748
993690,993753
993822,993833
993880,993898
993949,993954
993965,993977
994005,994014
994079,994080
994098,994108
994154,994165
994177,994183
994203,994219
994257,994261
994290,994300
994371,994385
994407,994411
994424,994430
994448,994453
994532,994545
994584,994597
994652,994668
994718,994725
994739,994741
994756,994760
994858,994862
994870,994889
994891,994901
994929,994938
994929,994955
994929,994972
994929,994993
994929,995010
994929,995034
995047,995052
995047,995068
507143,995081
514000,995099
514000,995109
995113,995121
995113,995145
995178,995184
995227,995236
995301,995317
967742,995329
995338,995340
995355,995364
995372,995386
995393,995408
995477,995483
995522,995533
995551,995567
995607,995611
995653,995669
995682,995695
995719,995726
797836,995742
995788,995790
995828,995837
995994,996007
996069,996076
996082,996095
996151,996167
996200,996216
996228,996237
996244,996259
996263,996271
996325,996339
996373,996387
996450,996466
996523,996534
996599,996608
996649,996654
996696,996704
996770,996789
996829,996838
996840,996855
996919,996926
996988,996990
997057,997061
997100,997116
997128,997137
997192,997205
997222,997233
997246,997251
997280,997298
997308,997312
997320,997331
997377,997383
997377,997401
997377,997429
997438,997440
997472,997486
997493,997504
997527,997536
997527,997543
997527,997558
997570,997589
997570,997591
997625,997639
997656,997660
997656,997673
997656,997687
997706,997710
997706,997734
997747,997752
997747,997768
997775,997781
997775,997799
997809,997813
997832,997845
997878,997884
997907,997911
997907,997930
997976,997982
998012,998020
998049,998054
998065,998077
998083,998096
998152,998168
998201,998217
998229,998238
998255,998264
998286,998293
998319,998326
998335,998342
998357,998361
998390,998405
998467,998479
998480,998498
998530,998548
998553,998569
998582,998595
998621,998632
998650,998666
998678,998684
998716,998728
998763,998771
998802,998818
998860,998873
998887,998894
998958,998962
999000,999016
999059,999063
999092,999102
999125,999139
999173,999187
999207,999211
999253,999269
999305,999314
999351,999367
999403,999419
999457,999461
999501,999517
999555,999564
999604,999615
999658,999662
999689,999691
999712,999720
999731,999749
999783,999796
999810,999823
999881,999899
999932,999945
999984,999997
1000036,1000043
1000089,1000091
1000129,1000138
1000164,1000172
1000210,1000223
1000268,1000275
1000281,1000299
1000332,1000345
1000384,1000397
1000402,1000418
1000425,1000439
1000456,1000460
1000487,1000494
1000500,1000516
1000528,1000537
1000544,1000559
1000563,1000571
1000585,1000592
1000603,1000619
1000642,1000657
1000688,1000690
1000805,1000814
1000898,1000908
1000920,1000931
1000977,1000983
1001028,1001037
1001059,1001063
1001102,1001118
1001156,1001160
1001187,1001194
1001187,1001211
1001230,1001248
1001269,1001276
1001295,1001305
1000898,1001322
1001367,1001379
1001403,1001419
1001426,1001435
1001442,1001457
1001461,1001474
1001488,1001490
1001517,1001529
1001538,1001540
1001555,1001564
1001572,1001586
1001615,1001627
1001636,1001643
1001636,1001658
1001662,1001670
1001691,1001708
1001749,1001754
1001783,1001796
804267,1001810
1001921,1001932
1001984,1001997
1002007,1002011
1002076,1002082
1002095,1002105
1002122,1002133
1002200,1002216
1002228,1002237
1002292,1002302
1002360,1002373
1002413,1002421
1002450,1002466
1002497,1002506
1002510,1002523
1002704,1002715
1002727,1002736
1002791,1002801
1002864,1002872
1002886,1002893
1002903,1002919
1002957,1002961
1003025,1003039
1003056,1003060
1003094,1003104
1003115,1003127
1003136,1003143
1003209,1003213
816124,1003232
954684,1003245
1003250,1003266
1003278,1003284
1003297,1003307
1003311,1003324
1003330,1003348
1003353,1003369
1003376,1003382
1003395,1003400
1003416,1003428
1001517,1003437
1003492,1003503
1003542,1003557
1003590,1003601
1003640,1003655
1003714,1003722
1003767,1003779
1003798,1003808
1003865,1003877
1003910,1003923
1003981,1003999
1003981,1004012
1004020,1004031
1004049,1004054
1004110,1004123
1004168,1004175
1004181,1004199
1004240,1004255
1004264,1004272
1004286,1004293
1004326,1004335
1004342,1004357
1004388,1004390
1004414,1004422
1004414,1004446
1004451,1004467
1004498,1004507
1004511,1004524
1004530,1004548
1004582,1004595
1004609,1004613
1004645,1004650
1004666,1004678
1004737,1004744
1004785,1004792
1004825,1004839
1004841,1004856
1004860,1004873
1004991,1005009
1005013,1005021
1005107,1005111
1005124,1005130
1005148,1005153
1005182,1005195
1005256,1005260
1005273,1005287
1005294,1005304
1005124,1005391
1005406,1005410
1005423,1005434
1005447,1005452
1005475,1005481
1005499,1005508
1005565,1005577
1005614,1005622
1005651,1005667
1005698,1005701
1005738,1005740
1005755,1005764
1005826,1005835
1005842,1005857
1005861,1005874
1005944,1005959
1005963,1005971
1005985,1005992
807424,1006005
977479,1006014
557610,1006022
962435,1006033
1006046,1006051
789821,1006067
784771,1006080
1006120,1006131
1006154,1006165
1006203,1006219
1006235,1006242
1006261,1006274
1006328,1006337
1006371,1006385
1006424,1006430
1006476,1006482
1006521,1006532
1006597,1006606
1006681,1006699
1006702,1006718
1006725,1006739
1006741,1006756
1006760,1006773
1006787,1006794
1006804,1006815
1006827,1006836
1006843,1006858
1006862,1006870
1006889,1006891
1006901,1006917
1006929,1006938
1006940,1006955
1006964,1006972
1007038,1007040
1007086,1007093
1007135,1007142
1007157,1007161
1007190,1007208
1007212,1007220
871411,1007265
1007277,1007283
1007323,1007334
1007375,1007381
1007427,1007436
1007470,1007489
1007502,1007518
1007556,1007560
1007587,1007594
1007637,1007644
1007659,1007663
1007685,1007692
1007713,1007721
1007750,1007766
1007778,1007784
1007797,1007807
1007811,1007824
1007830,1007848
1007869,1007876
1007882,1007895
1007905,1007914
1007979,1007980
1007998,1008006
1008047,1008052
1008068,1008075
1008081,1008099
1008109,1008113
1008121,1008132
1008166,1008178
1008301,1008317
1008340,1008355
1008364,1008372
1008386,1008393
1008408,1008412
1008420,1008431
1008449,1008454
1008465,1008477
1008483,1008496
1008551,1008567
1008579,1008580
1008598,1008607
1008598,1008611
1008648,1008653
1008719,1008726
1008735,1008742
1008757,1008761
1008788,1008790
1008859,1008863
1008902,1008918
1008973,1008987
1008994,1009003
1009026,1009035
1009042,1009057
1009116,1009128
1009137,1009144
1009159,1009163
1009171,1009185
1009192,1009205
1009214,1009222
1009246,1009251
1009267,1009279
1009298,1009308
1009349,1009354
1009365,1009377
1009401,1009417
1009440,1009455
1009464,1009472
1009515,1009527
1009562,1009570
1009618,1009625
1009639,1009641
1009656,1009660
1009734,1009747
1009752,1009768
1009775,1009781
1009821,1009832
1009884,1009897
1009924,1009930
1009948,1009953
1009982,1009995
1010008,1010012
1010020,1010031
1010077,1010083
1010147,1010152
1010168,1010175
1010181,1010199
1010201,1010217
1010240,1010255
1010264,1010272
1010286,1010293
1010303,1010319
1010303,1010326
1010361,1010374
1010388,1010390
1010405,1010414
1010479,1010480
1010524,1010530
1010548,1010553
1010569,1010576
1010582,1010595
1010609,1010613
1010621,1010632
1010650,1010666
1010684,1010697
1010700,1010716
836033,1010737
1010744,1010759
1010763,1010771
1010860,1010873
1010962,1010970
1011011,1011024
1011030,1011048
1011053,1011069
1011076,1011082
1011095,1011105
1011114,1011122
1011167,1011179
1011216,1011228
1011259,1011263
1011271,1011285
1011325,1011339
1011341,1011356
1011373,1011387
1011373,1011394
1011409,1011413
1011409,1011421
1011432,1011445
1011484,1011497
1011506,1011510
1011523,1011534
1011547,1011552
1011568,1011575
1011631,1011649
1011654,1011665
1011677,1011683
1011696,1011704
1011743,1011758
1011801,1011817
1011801,1011838
1011801,1011855
1011801,1011872
1011886,1011893
1011903,1011919
1011926,1011935
1011942,1011957
1012118,1012125
1012156,1012160
1012224,1012230
612238,1012253
1012269,1012276
1012282,1012295
1012305,1012314
1012346,1012351
1012398,1012403
1012419,1012426
1012490,1012501
1012564,1012572
1012586,1012593
1012604,1012615
1012627,1012636
1012662,1012670
1012689,1012691
1012796,1012806
1012810,1012823
1012881,1012899
1012966,1012978
1012984,1012997
1013033,1013046
1013235,1013242
1013257,1013261
1013274,1013288
1013290,1013300
1013316,1013328
1013337,1013344
1013359,1013363
1013424,1013430
1013448,1013453
1013578,1013584
495911,1013862
1013870,1013889
1013891,1013901
1013940,1013955
1013986,1013993
1014004,1014015
1014043,1014058
1014070,1014089
1014091,1014101
1014117,1014129
1014138,1014140
1014155,1014164
1014172,1014186
849921,1014193
1014206,1014210
1014252,1014268
1014321,1014332
1014378,1014384
1014418,1014425
1014494,1014500
1014528,1014537
1014544,1014559
1014585,1014592
1014626,1014635
1014657,1014661
1014688,1014690
1014724,1014730
1014753,1014769
1014814,1014822
1014851,1014867
1014908,1014912
1014931,1014949
1014996,1015003
1015061,1015074
1015144,1015159
1015171,1015185
1015192,1015205
1015214,1015222
1015251,1015267
1015298,1015308
1015331,1015349
1015354,1015365
1015377,1015383
1014418,1015401
1014418,1015429
1015464,1015472
1015464,1015493
1015464,1015515
1015558,1015562
1015602,1015618
1015660,1015673
1015710,1015723
1015752,1015768
1015781,1015799
1015781,1015813
1015781,1015832
1015866,1015878
1015866,1015897
1015866,1015911
1015948,1015953
1015948,1015976
1016002,1016018
1016002,1016039
1016056,1016060
1016056,1016087
1016104,1016115
1016104,1016136
1016213,1016221
1016266,1016278
1016330,1016348
1016353,1016369
1016376,1016382
1016444,1016459
1016463,1016471
1016542,1016557
1016574,1016588
1016590,1016601
1016590,1016629
1016672,1016686
1016693,1016705
1016746,1016751
1016767,1016779
1016780,1016798
1016808,1016812
1016896,1016906
1016910,1016923
1016934,1016947
1016975,1016981
1016999,1017006
1017010,1017023
1017034,1017047
1017109,1017113
1017121,1017132
1017178,1017184
1017197,1017204
1017262,1017270
1017317,1017329
1017386,1017393
1017412,1017420
1017412,1017431
1017449,1017454
1017496,1017505
1017514,1017522
1017533,1017546
1017551,1017567
1017579,1017580
1017598,1017607
1017611,1017624
1017682,1017695
1017735,1017742
1017761,1017774
1017790,1017800
1017828,1017837
1017828,1017859
1017828,1017871
1017892,1017902
1017939,1017941
1017939,1017960
1018029,1018038
1018072,1018086
1018126,1018135
1018142,1018157
1018161,1018174
1018188,1018190
1018208,1018212
1018249,1018254
1018296,1018306
1018323,1018334
1018347,1018352
1018368,1018375
1018381,1018399
1018427,1018436
1018443,1018458
1018462,1018470
1018489,1018491
1018541,1018556
1018637,1018644
1018671,1018685
1018745,1018750
1018766,1018778
1018784,1018797
1018830,1018848
1018905,1018914
1018922,1018933
1018946,1018951
1018967,1018979
1018980,1018998
745019,1019013
1019050,1019066
1019107,1019111
1019124,1019130
1019153,1019169
1019225,1019239
1019294,1019304
1019343,1019358
1019410,1019423
1019468,1019475
1019481,1019499
1019508,1019512
1016574,1019520
1019583,1019596
1019633,1019646
1019680,1019698
1019701,1019717
1019740,1019755
1019900,1019916
821105,1019928
789019,1019937
789019,1019944
490433,1019963
498399,1019971
498399,1019985
1019992,1020003
1019992,1020019
1020061,1020074
1020116,1020128
1020159,1020163
1020205,1020214
1020222,1020233
1020246,1020251
1020298,1020308
1020349,1020354
1020417,1020429
1020438,1020440
1020504,1020515
1020558,1020562
1020570,1020589
1020591,1020602
1020641,1020656
1020660,1020673
1020687,1020694
1020706,1020710
655394,1020723
1020752,1020768
1020809,1020813
1020850,1020866
169524,1020907
1020976,1020982
1021027,1021036
800631,1021043
787869,1021058
1021091,1021101
1021138,1021140
1021206,1021210
1021252,1021268
1021309,1021313
1021321,1021332
1021345,1021350
1021418,1021425
1021439,1021441
1021456,1021460
1021473,1021487
1021528,1021537
1021544,1021559
1021563,1021571
1021585,1021592
1021603,1021619
1021626,1021635
1021642,1021657
1021674,1021688
1021690,1021707
1021730,1021748
904376,1021782
632764,1021822
1021833,1021846
1021833,1021851
1021908,1021912
1021920,1021931
1020349,1021954
1021965,1021977
1021983,1021996
1022006,1022010
1022023,1022034
1022047,1022052
1022099,1022109
1022132,1022145
1022178,1022184
1022197,1022204
1022215,1022227
1022262,1022270
1022289,1022291
1022301,1022317
1022355,1022364
1022372,1022386
1022449,1022454
1022465,1022477
1022505,1022514
1022522,1022533
1022598,1022607
1022611,1022624
1022669,1022676
1017761,1022682
1017790,1022695
1022703,1022719
1022726,1022735
1022742,1022757
1022761,1022774
1022828,1022837
985776,1022859
985776,1022863
857209,1022871
857209,1022885
1022925,1022939
1022941,1022956
1022994,1023001
1023017,1023029
1023017,1023040
1023142,1023157
1023188,1023190
1023208,1023212
1023277,1023283
1023296,1023306
1023310,1023323
1023334,1023347
1023352,1023368
1023427,1023436
1023462,1023470
1023489,1023491
1023502,1023518
1023502,1023525
1023502,1023541
1023502,1023556
1023502,1023560
1023587,1023594
1023587,1023616
1023587,1023637
1023644,1023659
1023644,1023663
1023692,1023709
1023692,1023721
1023745,1023750
1023745,1023766
1023745,1023778
1023797,1023807
1023797,1023811
1023797,1023824
1023848,1023853
1023848,1023869
1023848,1023876
1023895,1023905
1023895,1023914
1023895,1023922
1023933,1023946
1023980,1023998
1024082,1024095
1024105,1024114
1024146,1024151
1024167,1024179
1024180,1024198
1024200,1024216
1024228,1024237
1024244,1024259
1024263,1024271
1024285,1024292
1024325,1024339
1024394,1024409
1024445,1024450
1024466,1024478
1024484,1024497
1024506,1024510
1024523,1024534
1024547,1024552
1024612,1024620
1024631,1024649
1024683,1024696
1024683,1024715
1024736,1024743
1024817,1024829
1024864,1024872
487519,1024893
1024903,1024919
990882,1024935
1024942,1024957
1024961,1024974
1024988,1024990
1025020,1025031
1025054,1025065
1025123,1025134
1025147,1025152
661337,1025175
1025293,1025303
990220,1025326
1025361,1025374
1025414,1025422
1025446,1025451
973840,1025479
775361,1025498
1025511,1025524
1025582,1025595
1025609,1025613
1025632,1025645
1025666,1025678
1025684,1025697
1025700,1025716
1025759,1025763
1025792,1025802
1025818,1025825
1025839,1025841
1025904,1025915
1025958,1025962
1025970,1025989
1026045,1026050
1026097,1026107
1026111,1026124
1026130,1026148
1026182,1026195
1026239,1026241
1026256,1026260
1026273,1026287
1026327,1026336
1026343,1026358
1026362,1026370
1026389,1026391
1026406,1026410
1026423,1026434
1026452,1026468
1026475,1026481
1026499,1026508
1026512,1026520
1026596,1026605
1026614,1026622
1026633,1026646
1026633,1026651
1026667,1026679
1026680,1026698
1026717,1026729
1026738,1026740
1026755,1026764
1026772,1026786
1026793,1026803
1026928,1026937
1027000,1027016
1027085,1027092
1027102,1027118
1027173,1027187
1027230,1027248
1027282,1027295
1027305,1027314
1027322,1027333
1027346,1027351
1027367,1027379
1027419,1027426
1027435,1027442
1027457,1027461
1027474,1027488
1027490,1027501
1027517,1027529
1027538,1027540
1027555,1027564
1027572,1027586
1027593,1027604
1027615,1027627
789486,1027643
1027708,1027712
1027708,1027731
1027777,1027783
1027796,1027806
554003,1027847
981678,1027868
1027881,1027899
1027909,1027913
1027921,1027932
1027978,1027984
1028022,1028033
1028067,1028079
1028149,1028154
1028165,1028177
1028183,1028196
1028203,1028219
1028226,1028235
1028242,1028257
1028316,1028328
1028337,1028344
1028392,1028407
1028411,1028424
1028430,1028448
1028430,1028453
1028495,1028509
1028495,1028521
1028495,1028545
1028495,1028566
1028578,1028584
1028597,1028606
1028597,1028623
1028652,1028668
1028702,1028718
1028725,1028739
1028787,1028794
1028804,1028815
1028827,1028836
1028843,1028858
1028862,1028870
1029002,1029018
1029025,1029039
1029094,1029104
1029162,1029170
1029209,1029213
1029245,1029250
1029284,1029297
1029330,1029348
1029382,1029395
1029400,1029416
1029437,1029444
1029459,1029463
1029526,1029535
1029590,1029601
1029640,1029655
1029693,1029705
1029714,1029722
1029733,1029746
1029751,1029767
1029780,1029798
1029820,1029831
1029865,1029877
1029896,1029906
1029896,1029923
1029947,1029952
1029999,1030007
1030011,1030024
1030030,1030048
1030095,1030105
1030146,1030151
1030180,1030198
1030216,1030228
1030237,1030244
1030285,1030292
1030325,1030339
1030341,1030356
1030387,1030394
1030413,1030421
1030445,1030450
1030497,1030506
1030510,1030523
1030534,1030547
1030552,1030568
1030552,1030575
1030631,1030649
1030665,1030677
1030715,1030727
1030762,1030770
1030762,1030791
1030762,1030817
1030855,1030864
1030926,1030935
1030957,1030961
1030974,1030988
1031023,1031034
1031052,1031068
1031081,1031099
1031081,1031113
1031121,1031132
1031121,1031145
1031150,1031166
1031150,1031178
1031184,1031197
1031204,1031215
1031236,1031243
1031449,1031454
1031465,1031477
1031483,1031496
846696,1031505
1031514,1031522
1031607,1031611
1031607,1031630
1031648,1031653
1031695,1031703
1031742,1031757
1031790,1031800
1031816,1031828
1031885,1031892
1031902,1031918
1031941,1031956
1031960,1031973
1031987,1031994
1032058,1032062
1032091,1032101
1032117,1032129
501161,1032140
1032155,1032164
1032172,1032186
1032193,1032206
1032268,1032275
1032281,1032299
1032350,1032366
169451,1032378
1032441,1032456
1032473,1032487
1032528,1032537
1032528,1032559
1032571,1032585
1032571,1032603
1032642,1032657
1032690,1032707
1032748,1032753
1032795,1032805
1033009,1033013
1033021,1033032
1033045,1033050
1033084,1033097
1033107,1033111
1033153,1033169
1033176,1033182
1033195,1033202
1033260,1033273
1033315,1033327
744753,1033343
1033358,1033362
1033391,1033406
620080,1033410
1033423,1033434
1033468,1033475
1033481,1033499
1033520,1033531
1033577,1033583
1033633,1033646
1033679,1033680
1033698,1033701
1033717,1033729
1033786,1033793
864945,1033803
1033826,1033835
843996,1033842
509954,1033861
1033874,1033888
1033890,1033900
1033916,1033928
1033937,1033944
1033959,1033963
1033992,1034003
1034019,1034026
1034035,1034042
1034057,1034061
1034074,1034088
1034116,1034128
1034137,1034144
1034159,1034163
1034171,1034185
1034222,1034233
1034279,1034280
1034298,1034308
1034298,1034320
1034331,1034349
1034365,1034377
1034401,1034417
1034429,1034438
1034527,1034536
1034562,1034570
1034589,1034591
1034656,1034660
1034706,1034710
1034832,1034845
1034907,1034911
1034924,1034930
1034976,1034982
1035025,1035039
1035041,1035056
1035060,1035073
1035087,1035094
1035136,1035143
1035189,1035191
1035209,1035213
1035221,1035232
1035245,1035250
1035297,1035307
1035311,1035324
1035330,1035348
1035353,1035369
1035376,1035382
1035428,1035437
1035444,1035459
1035463,1035471
1035485,1035492
1035503,1035519
1035526,1035535
1035561,1035574
1035588,1035590
1035601,1035617
1035629,1035638
1035693,1035705
1035779,1035780
1035798,1035808
1035812,1035820
1035812,1035831
1035812,1035849
1035854,1035865
1035854,1035877
1035854,1035883
1035896,1035906
1035896,1035910
1035896,1035923
1035896,1035934
1035947,1035952
1035947,1035968
1035947,1035981
1035999,1036001
1035999,1036017
1035999,1036029
1036038,1036040
1036038,1036055
1036038,1036064
1036086,1036093
1036086,1036119
1036086,1036135
1036157,1036161
1036157,1036188
1036157,1036190
1036231,1036249
1036231,1036265
1036231,1036283
1036323,1036334
1036323,1036352
1036323,1036375
1036404,1036415
1036404,1036436
1036404,1036458
1036491,1036502
1036491,1036525
1036491,1036541
1036628,1036637
1036628,1036659
1036663,1036671
1036685,1036692
1036709,1036713
1036778,1036784
1036848,1036853
1036869,1036876
1036905,1036914
1036946,1036951
1036967,1036979
1036980,1036998
1037005,1037014
1037022,1037033
1037046,1037051
1037067,1037079
1037120,1037131
1037149,1037154
1037165,1037177
1037203,1037219
1037242,1037257
1037288,1037290
1037337,1037344
1037385,1037392
1037424,1037430
1037469,1037476
1037509,1037513
1037545,1037550
1037578,1037584
1037623,1037634
1037668,1037675
1037681,1037699
1037718,1037725
1037739,1037741
1037756,1037760
1037787,1037794
1037804,1037815
1037827,1037836
1037843,1037858
1037862,1037870
1037889,1037891
1037901,1037917
1037929,1037938
1037929,1037940
1038000,1038016
1038028,1038037
1038044,1038059
1038063,1038071
1038085,1038092
1038102,1038118
1038125,1038139
1038141,1038156
1038160,1038173
1038194,1038207
1038211,1038224
1038230,1038248
1038253,1038269
1038276,1038282
1038295,1038305
1038314,1038322
1038333,1038346
1038351,1038367
1038379,1038380
1038398,1038403
198552,1038426
1038461,1038474
1038488,1038490
1038501,1038517
1038540,1038555
1038564,1038572
1038586,1038593
1038615,1038627
1038689,1038691
1038689,1038712
1040067,1038749
1038731,1038754
1039576,1038783
1038777,1038796
1038806,1038810
1038823,1038834
1038899,1038909
1038945,1038950
1038984,1038997
1039020,1039031
1039049,1039054
1039065,1039077
1039110,1039123
1039134,1039147
1039152,1039168
1038689,1039181
1038689,1039201
1039238,1039240
1039255,1039264
1039303,1039319
1039357,1039361
1039405,1039414
1039422,1039433
1039446,1039451
1039467,1039479
1039507,1039511
1039548,1039553
1039582,1039595
1039609,1039613
1039621,1039632
1039645,1039650
1039716,1039728
1039737,1039744
1039802,1039818
1040046,1040051
1040120,1040131
1040149,1040154
1040165,1040177
1040183,1040196
1040203,1040219
1040226,1040235
1040242,1040257
1040261,1040274
1040337,1040344
1040385,1040392
1040453,1040469
1040476,1040482
1040513,1040521
1040532,1040545
1040550,1040566
912080,1040889
1040891,1040901
847320,1040929
1040964,1040972
1040986,1040993
1041009,1041013
1041021,1041032
1041045,1041050
1041107,1041111
1041148,1041153
1041169,1041176
1041182,1041195
1041202,1041218
1041225,1041239
1041225,1041241
1041256,1041260
1041273,1041287
1041294,1041304
1041315,1041327
1041336,1041343
1041358,1041362
1041370,1041389
1041391,1041406
1041468,1041475
1041512,1041520
1041531,1041549
1041577,1041583
1041577,1041605
1041577,1041622
872298,1041646
1041651,1041667
1041679,1041680
1041698,1041701
1041717,1041729
1041738,1041740
1041738,1041764
1041772,1041786
1041772,1041803
1041835,1041842
1041900,1041916
1041928,1041937
1041944,1041959
1041963,1041971
1042025,1042039
1042041,1042056
1042104,1042115
1042143,1042158
1042162,1042170
1042189,1042191
1042189,1042209
1042213,1042221
1042232,1042245
1042250,1042266
1042278,1042284
1042297,1042307
1042311,1042324
1042330,1042348
1042353,1042369
1042376,1042382
1042395,1042400
1042416,1042428
1042437,1042444
872365,1042463
1042471,1042485
1042492,1042503
1042535,1042542
1042557,1042561
1042574,1042588
1042640,1042655
1042664,1042672
1042686,1042693
1042705,1042714
1042722,1042733
1042779,1042780
1042831,1042849
1017761,1042865
1017761,1042883
1017790,1042896
1011409,1042910
1042952,1042968
1042975,1042981
1042999,1043007
1043048,1043053
1043114,1043122
1043167,1043179
1043180,1043198
747099,1043216
1038085,1043228
1043237,1043244
1043292,1043302
1043318,1043325
1043339,1043341
1043356,1043360
1043373,1043387
1043394,1043409
1043413,1043421
1043450,1043466
1043478,1043484
1043506,1043510
1043568,1043575
1043581,1043599
1043608,1043612
1043620,1043631
1043620,1043649
1043704,1043715
1043727,1043736
1043743,1043758
1043829,1043838
1043872,1043886
1043893,1043903
1043919,1043926
806086,1043942
1044001,1044017
1044086,1044093
1044119,1044126
1044157,1044161
808529,1044190
1044220,1044231
1044283,1044296
1044368,1044375
977697,1044427
1044458,1044462
1044518,1044525
1044573,1044587
1044637,1044644
1044692,1044709
1048558,1048562
1048618,1048625
1048673,1048687
1048781,1048799
1048845,1048850
1048930,1048948
1048976,1048982
1049075,1049081
1049132,1049145
1049227,1049236
1049270,1049289
1049329,1049338
1049372,1049386
1049420,1049431
1049477,1049483
1049522,1049533
1049579,1049580
1049624,1049630
1049676,1049682
1049726,1049735
1049774,1049788
1049828,1049837
1049871,1049885
1049925,1049939
1049987,1049994
1050023,1050034
1050099,1050109
1050132,1050145
1050227,1050236
1050317,1050329
1050372,1050386
1050454,1050465
1050522,1050533
1050580,1050598
1050624,1050630
1050669,1050676
1050719,1050726
1050757,1050761
1041717,1050790
1050828,1050837
1050918,1050925
1051022,1051033
1051108,1051112
1051183,1051196
1051257,1051261
1051328,1051337
1051363,1051371
1051469,1051476
1051623,1051634
1051718,1051725
1051773,1051787
1051836,1051843
1051891,1051901
1051955,1051964
1052057,1052061
1052090,1052100
1052137,1052144
1052137,1052171
1052137,1052205
1052267,1052279
1052320,1052331
1052396,1052401
1052438,1052440
1052589,1052591
1052625,1052639
1052673,1052687
855681,1052706
790620,1052710
800727,1052752
1052781,1052799
496492,1052832
1052866,1052878
1052907,1052911
1052982,1052995
1053049,1053054
783002,1053083
1053110,1053123
1053152,1053168
1053199,1053201
1053286,1053293
1053388,1053390
1053446,1053451
1053530,1053548
1053645,1053650
1053700,1053716
1053763,1053771
1053856,1053860
1053894,1053904
1053962,1053970
1054056,1054060
1054143,1054158
1054232,1054245
1054324,1054330
1054416,1054428
1054471,1054485
1054535,1054542
1054590,1054601
1054686,1054693
1054686,1054714
1054686,1054733
1054686,1054751
1054831,1054849
1054854,1054865
1054910,1054923
1054975,1054981
1055017,1055029
1055040,1055055
1055086,1055093
1055126,1055135
973237,1099870
973237,1099901
1099938,1099940
1099972,1099986
1100018,1100025
1100087,1100094
1100127,1100136
1100213,1100221
1100311,1100324
1100369,1100376
1100428,1100437
1100485,1100492
1100526,1100535
1100588,1100590
1100629,1100638
1100714,1100722
1043727,1100779
1043743,1100808
1100896,1100906
1100968,1100975
1101003,1101019
1101088,1101090
1101137,1101144
1101185,1101192
1101214,1101222
1101279,1101280
1101320,1101331
1101354,1101365
1101417,1101429
1101455,1101464
1101543,1101558
1101589,1101591
1101641,1101656
1101687,1101694
1101723,1101734
1101752,1101768
1101799,1101809
1101003,1101821
1101850,1101866
1101850,1101897
1101924,1101930
1101953,1101969
1101982,1101995
1102131,1102149
1102177,1102183
1102203,1102219
1102261,1102274
1102344,1102359
1102407,1102411
1102453,1102469
1104355,1104364
1104412,1104420
1104477,1104483
1104533,1104546
1104598,1104607
1104653,1104669
1104719,1104726
1104757,1104761
1104844,1104859
1104885,1104892
1104925,1104939
1104960,1104973
1105024,1105030
1105069,1105076
1105151,1105167
1105228,1105237
1105292,1105302
1105373,1105387
1105413,1105421
1105413,1105450
1105413,1105484
1105413,1105510
1105575,1105581
1105631,1105649
1105665,1105677
1105704,1105715
1105743,1105758
1105789,1105791
1105919,1105926
1105961,1105974
1106054,1106065
1106096,1106106
1106123,1106134
1106272,1106286
1106357,1106361
1106390,1106405
1106524,1106530
1106569,1106576
1106650,1106666
1106697,1106700
1106759,1106763
1106856,1106860
1106894,1106904
1106943,1106958
1106991,1107004
1107058,1107062
1107129,1107138
1107193,1107206
1110939,1110941
1110973,1110987
1111014,1111022
1111098,1111108
1111131,1111149
1111165,1111177
1111226,1111235
1111288,1111290
1111328,1111337
1111385,1111392
1111469,1111476
1111521,1111532
1111634,1111647
1111739,1111741
1111843,1111858
1111955,1111964
1112035,1112042
1112128,1112137
1112163,1112171
1112222,1112233
1112267,1112279
1112308,1112312
1112349,1112354
1112417,1112429
1112486,1112493
1112543,1112558
1112602,1112618
1112673,1112687
1112710,1112723
1112752,1112768
1112799,1112809
1112845,1112850
1112897,1112907
1112982,1112995
1113077,1113083
1113134,1113147
1113168,1113175
1113272,1113286
1113335,1113342
1113414,1113422
1113480,1113498
495472,1113524
1113553,1113569
1113613,1113621
1113650,1113666
1113697,1113700
1113785,1113792
1113841,1113856
1113904,1113915
1113962,1113970
1114094,1114104
1114158,1114162
1114232,1114245
1114297,1114307
1114330,1114348
1114376,1114382
1114463,1114471
1114503,1114519
1114542,1114557
1114588,1114590
1114629,1114638
1114714,1114722
1114751,1114767
1114780,1114798
1114849,1114854
1114883,1114896
1114923,1114934
1114968,1114975
1114981,1114999
1115001,1115017
1115001,1115029
1115038,1115040
1115064,1115072
1115093,1115103
1115190,1115208
1115231,1115249
1115283,1115296
1115323,1115334
1115368,1115375
1115458,1115462
1115458,1115502
1115587,1115594
1115659,1115663
1115745,1115750
1115807,1115811
1115807,1115848
1115905,1115914
1115967,1115979
1115998,1116000
1116037,1116044
1116071,1116085
1116173,1116187
1116230,1116248
1116276,1116282
1116314,1116322
1116351,1116367
1116379,1116380
1116398,1116403
1116435,1116442
1116435,1116461
1116501,1116517
1116529,1116538
1116572,1116586
1116627,1116636
1116670,1116689
1116708,1116712
1116731,1116749
949234,1116765
1116783,1116796
1116810,1116823
1116847,1116852
1116875,1116881
1116909,1116913
1116932,1116945
1116966,1116978
1116997,1117009
1117130,1117148
1117218,1117225
1117273,1117287
1117315,1117327
497449,1117358
1117389,1117391
1117423,1117434
1117481,1117499
1117520,1117531
1117583,1117596
1117646,1117651
1117755,1117764
1117793,1117803
1117857,1117861
1117928,1117937
1118043,1118058
1118089,1118091
1118129,1118138
1118164,1118172
1118164,1118206
1118234,1118247
1118275,1118281
1118313,1118321
1118425,1118439
1118460,1118473
1118544,1118559
1118626,1118635
1118674,1118688
1118690,1118707
1118748,1118753
1118814,1118822
1118833,1118846
1118920,1118931
1119024,1119030
1119200,1119216
1119259,1119263
1119285,1119292
1119325,1119339
1119360,1119373
1119432,1119445
1119432,1119484
1119510,1119523
1119581,1119599
1119696,1119704
1119736,1119743
1119801,1119817
1119872,1119886
1119942,1119957
1120017,1120029
1120055,1120064
1120126,1120135
1120161,1120174
1033786,1120212
1120249,1120254
1120334,1120347
1120427,1120436
1120470,1120489
1120491,1120502
1120587,1120594
1120616,1120628
1120671,1120685
1120721,1120732
1120784,1120797
1120848,1120853
1120905,1120914
1120946,1120951
1120998,1121002
1121056,1121060
1121087,1121094
1121127,1121136
1121162,1121170
1121278,1121284
1121369,1121376
1121437,1121444
1121503,1121519
1121574,1121588
1121617,1121629
1121655,1121664
1121714,1121722
1121751,1121767
1121780,1121798
1122032,1122045
1122097,1122107
1122153,1122169
1122153,1122195
1105228,1122225
1122256,1122260
1122294,1122304
1122336,1122343
1122370,1122389
1122406,1122410
1122447,1122452
1122481,1122499
1122549,1122554
1122583,1122596
1122680,1122698
1122701,1122717
1122740,1122755
1122793,1122803
1122819,1122826
1122835,1122842
1122888,1122890
1122992,1123004
1123036,1123043
1123070,1123089
828556,1123117
1123140,1123155
1123193,1123206
1123247,1123252
1123309,1123313
1123366,1123378
1123402,1123418
1123441,1123456
1123494,1123500
1123559,1123563
1123592,1123603
1123657,1123661
1123690,1123707
1123753,1123769
1123814,1123822
1123879,1123880
1123931,1123949
1124046,1124051
1124098,1124108
1124131,1124149
1124165,1124177
1124196,1124203
1124242,1124257
1124274,1124288
1124300,1124316
1124337,1124344
1124385,1124392
1124430,1124448
1124495,1124509
1124550,1124566
1124610,1124623
1124647,1124652
1124739,1124741
1124804,1124815
1124870,1124889
1124901,1124917
1125006,1125010
1125081,1125099
1125121,1125132
1019481,1125184
1019481,1125215
1125289,1125291
1125355,1125364
1125393,1125408
1125431,1125449
826437,1125477
1125505,1125514
1125546,1125551
1125580,1125598
1125624,1125630
1125624,1125653
1125682,1125695
1125726,1125735
1125844,1125859
1125885,1125892
1125925,1125939
1125960,1125973
1126053,1126069
1126114,1126122
1126151,1126167
1126228,1126237
1126263,1126271
1126325,1126339
1126360,1126373
1126394,1126409
1126445,1126450
1126484,1126497
1126523,1126534
1126568,1126575
1126608,1126612
1126677,1126683
1126715,1126727
1126758,1126762
1126791,1126801
1126855,1126864
1126942,1126957
1127003,1127019
1127061,1127074
1127100,1127116
1127185,1127192
1127267,1127279
1127308,1127312
1127349,1127354
1127438,1127440
1127472,1127486
1127543,1127558
1127589,1127591
1127618,1127625
768339,1127656
768339,1127694
1127768,1127775
1127809,1127813
1127884,1127897
1127953,1127969
1127976,1127982
1128012,1128020
1128049,1128054
1128077,1128083
1128152,1128168
1128303,1128319
1128342,1128357
1128388,1128390
1128507,1128511
1128632,1128645
672426,1128684
1128728,1128737
1128771,1128785
1128825,1128839
1128860,1128873
1128936,1128943
1128970,1128989
1129016,1129028
1129071,1129085
1129118,1129125
1129118,1129141
1129118,1129160
1129118,1129194
808529,1129224
1129276,1129282
1129314,1129322
1129380,1129398
1129419,1129426
1129461,1129474
1129564,1129572
1129643,1129658
1129712,1129720
1129754,1129765
1129783,1129796
1129783,1129834
1129881,1129899
1129921,1129932
1001426,1129950
1001426,1129984
1130014,1130022
1130051,1130067
1130112,1130120
1130177,1130183
1130235,1130242
1130344,1130359
1130385,1130392
1130424,1130430
1130448,1130453
1130448,1130482
1130513,1130521
1130578,1130584
1130634,1130647
1130675,1130681
1130787,1130794
1130843,1130858
1130901,1130917
1130901,1130938
1130955,1130964
1130993,1131009
1131032,1131045
1131107,1131111
1131182,1131195
1131241,1131256
1131362,1131370
1131499,1131508
1131554,1131565
1131614,1131622
1131679,1131680
1131738,1131740
1131826,1131835
1131888,1131890
1131944,1131959
1132002,1132018
1132060,1132073
1132127,1132136
1132213,1132221
1132297,1132307
1129783,1132330
1132369,1132376
1132400,1132416
1132463,1132471
1130448,1132526
1132561,1132574
1132590,1132601
1132638,1132640
1132672,1132686
1132714,1132722
1132808,1132812
1132849,1132854
1132906,1132910
1132947,1132952
1133007,1133011
1133069,1133076
1133105,1133114
1133179,1133180
1133216,1133228
1133259,1133263
1133292,1133302
1133341,1133356
1133466,1133478
1133523,1133534
1133608,1133612
1133466,1133654
1133704,1133715
1133736,1133743
1133770,1133789
1133817,1133829
1133840,1133855
1133872,1133886
1133919,1133926
1133957,1133961
1133990,1134001
1134038,1134040
1134038,1134072
1134188,1134190
1134254,1134265
1134334,1134347
1134375,1134381
1134415,1134427
1134462,1134470
1134491,1134502
1134556,1134560
1134594,1134600
1134628,1134637
1134692,1134709
1134721,1134732
1134784,1134797
1134824,1134830
1134869,1134876
1134905,1134914
1134946,1134951
1134980,1134998
1135037,1135044
1135085,1135092
1135125,1135139
1135173,1135187
1135230,1135248
1135295,1135305
1135333,1135346
1135379,1135380
1135419,1135426
1135474,1135488
1135517,1135529
1135593,1135604
1135658,1135662
1135810,1135823
1128970,1135847
1135875,1135881
1135913,1135921
1135950,1135966
1135997,1136004
1136036,1136043
1136091,1136101
1136155,1136164
1136206,1136210
1136247,1136252
1136345,1136350
1136441,1136456
1136487,1136494
1136528,1136537
1136603,1136619
1136661,1136674
1136690,1136707
1136730,1136748
1136822,1136833
1136898,1136908
1136931,1136949
1136996,1137008
1137065,1137077
1137152,1137168
1137240,1137255
1137335,1137342
1137422,1137433
810429,1137498
1137524,1137530
1137582,1137595
1137621,1137632
1137666,1137678
1137666,1137700
1137737,1137744
1137818,1137825
1137873,1137887
1137915,1137927
908321,1137958
1137970,1137989
1138035,1138042
1138088,1138090
1138171,1138185
1138214,1138222
1138320,1138331
1138365,1138377
1138440,1138455
1138472,1138486
1138527,1138536
1138543,1138558
1138589,1138591
1138641,1138656
1138706,1138710
1138752,1138768
1138799,1138809
1138832,1138845
1138884,1138897
1138953,1138969
1139068,1139075
1139178,1139184
1139289,1139291
1139355,1139364
1139412,1139420
1139465,1139477
1139505,1139514
1139551,1139567
1139624,1139630
1139719,1139726
1139788,1139790
1139828,1139837
1139863,1139871
1139939,1139941
1139973,1139987
1140008,1140012
1140049,1140054
1140096,1140106
1140134,1140147
1140199,1140201
1140238,1140240
1140286,1140293
1140335,1140342
1140374,1140388
1140414,1140422
1140451,1140467
1140498,1140507
1140530,1140548
1140582,1140595
1140645,1140650
1140684,1140697
1140737,1140744
1140771,1140785
1140818,1140825
1140936,1140943
1140991,1141007
1141048,1141053
1141133,1141146
1141200,1141216
1141292,1141302
1141387,1141394
1141478,1141484
1141568,1141575
1141654,1141665
1141743,1141758
657004,1141817
1141840,1141855
835153,1141886
1141903,1141919
1141942,1141957
1141974,1141988
1142044,1142059
1142085,1142092
1142125,1142139
1142160,1142173
1142224,1142230
1142253,1142269
1142282,1142295
1142322,1142333
1142367,1142379
1142403,1142419
1142461,1142474
1142490,1142501
1142529,1142538
1142564,1142572
1142604,1142615
1142643,1142658
1142670,1142689
1142731,1142749
1142796,1142806
1142881,1142899
1142978,1142984
1143022,1143033
1143108,1143112
1143149,1143154
1143177,1143183
1143219,1143226
1143274,1143288
1143316,1143328
1143359,1143363
1143392,1143407
906984,1143469
1143545,1143550
1143610,1143623
1143652,1143668
1143652,1143699
1143652,1143725
1143652,1143756
1143794,1143804
1143815,1143827
1143836,1143843
1143891,1143901
1143955,1143964
1143993,1144004
1144027,1144036
1144062,1144070
1144101,1144117
1144140,1144155
1144186,1144193
954666,1144223
1144247,1144252
1144309,1144313
1144425,1144439
1144494,1144500
1144537,1144544
1144571,1144585
1144592,1144603
1144635,1144642
1144674,1144688
1144730,1144748
1144822,1144833
1144879,1144880
1144879,1144920
1144954,1144965
1144996,1145003
1145088,1145090
1145144,1145159
1145185,1145192
1145233,1145246
1145251,1145267
1145279,1145280
1145312,1145320
1145401,1145417
1145464,1145472
1145504,1145515
1145543,1145558
1145602,1145618
1145673,1145687
1145694,1145706
1145723,1145734
1145775,1145781
1145813,1145821
1145850,1145866
1145930,1145948
1145976,1145982
1146060,1146073
1146104,1146115
1146104,1146158
1146221,1146232
1146284,1146297
1146324,1146330
1146369,1146376
1146400,1146416
1146463,1146471
1146535,1146542
1146629,1146638
1146693,1146705
1146767,1146779
1146831,1146849
1146906,1146910
1146975,1146981
1147010,1147023
1147052,1147068
1147121,1147132
1147184,1147197
1147227,1147236
1147301,1147317
1147695,1147703
1147742,1147757
1147816,1147828
1147871,1147885
1147939,1147941
1147973,1147987
1148017,1148029
1148064,1148072
1148103,1148119
1148142,1148157
1148188,1148190
1148220,1148231
1148265,1148277
1148306,1148310
1148404,1148415
1148502,1148518
1148560,1148573
1148628,1148637
1148732,1148745
1148750,1148766
1148797,1148807
1148848,1148853
1148967,1148979
1149009,1149013
1149066,1149078
1149111,1149124
1149153,1149169
1149225,1149239
1149273,1149287
1149336,1149327
1149343,1149358
1149370,1149389
1149410,1149423
1149468,1149475
770953,1149520
1149554,1149565
1149596,1149605
1149633,1149646
1149729,1149738
1149786,1149793
1149819,1149826
1149874,1149888
1149937,1149944
1150021,1150032
1150111,1150124
1150202,1150218
1150241,1150256
1150287,1150294
1150358,1150362
1150423,1150434
1150475,1150481
1150512,1150520
1150554,1150565
1150614,1150622
1150651,1150667
1150701,1150717
1150740,1150755
1150786,1150793
1150842,1150857
1150888,1150890
1150944,1150959
1151020,1151031
1151110,1151123
1151181,1151199
1151240,1151255
1151303,1151319
1151361,1151374
1151422,1151433
1151479,1151480
1151511,1151524
1151645,1151650
1151700,1151716
1151744,1151759
1151792,1151802
1151856,1151860
1151927,1151936
1151989,1151991
1152029,1152038
1152086,1152093
1152135,1152142
1152188,1152190
1152249,1152254
1152296,1152306
993027,1152347
1152381,1152399
1152458,1152462
1152518,1152525
1152560,1152573
1152616,1152628
1152671,1152685
1152778,1152784
1152830,1152848
1152876,1152882
1152914,1152922
1152951,1152967
1152951,1153010
1153075,1153081
1153132,1153145
1153184,1153197
1153236,1153243
1153289,1153291
1153338,1153340
1153408,1153412
1153465,1153477
1153505,1153514
1153505,1153551
1153611,1153624
1153682,1153695
1153726,1153735
1153788,1153790
1153837,1153844
1153885,1153892
1153939,1153941
1153973,1153987
1154028,1154037
1154092,1154102
1154139,1154141
1154207,1154211
1154248,1154253
1154314,1154322
1154380,1154398
1154426,1154435
1154474,1154488
1154586,1154593
1154627,1154636
1154691,1154708
1154754,1154765
1154847,1154852
1154899,1154909
1154950,1154966
1155027,1155036
1155062,1155070
1155101,1155117
1155172,1155186
1155210,1155223
1155275,1155281
1155332,1155345
1155378,1155384
1155425,1155439
1155460,1155473
1155544,1155559
1155585,1155592
1155674,1155688
1155769,1155776
1155851,1155867
1155977,1155983
1156026,1156035
1156090,1156100
1156205,1156214
1156298,1156308
1156365,1156377
1156429,1156438
1156493,1156504
1156589,1156591
1156656,1156660
1156710,1156723
1156752,1156768
1156821,1156832
1156866,1156878
1156930,1156948
1156976,1156982
1157048,1157053
1157133,1157146
1157198,1157200
1157244,1157259
1157285,1157292
1157339,1157341
1157506,1157510
1157547,1157552
1157547,1157599
1157654,1157665
1157696,1157704
1157762,1157770
1157801,1157817
1157840,1157855
1157886,1157893
1157957,1157961
1157990,1158002
1158039,1158041
1158073,1158087
1158136,1158143
1158191,1158209
1158245,1158250
1158311,1158324
1158376,1158382
1158416,1158428
1158463,1158471
1158519,1158526
1158629,1158638
1158686,1158693
1158779,1158780
1158831,1158849
1158877,1158883
1158910,1158923
1159014,1159022
1159112,1159120
1159196,1159203
1159235,1159242
1159300,1159316
1159385,1159392
1159448,1159453
1159482,1159495
1159550,1159566
1159597,1159606
1159652,1159668
1159699,1159702
1159756,1159760
1159804,1159815
1159858,1159862
1159901,1159917
1159940,1159955
1159986,1159993
1160028,1160037
1160156,1160160
1160248,1160253
1160314,1160322
1160379,1160380
1160461,1160474
1160529,1160538
1160564,1160572
1160593,1160604
1160636,1160643
1160712,1160720
1160796,1160806
1160834,1160847
1160899,1160909
1160984,1160997
1161040,1161055
1161103,1161119
1161212,1161220
1161283,1161296
1161347,1161352
1161415,1161427
1161470,1161489
1161560,1161573
1161671,1161685
1161766,1161778
1161882,1161895
1161946,1161951
1161998,1162008
1162083,1162096
1162134,1162147
1162181,1162199
1162238,1162240
1162293,1162303
1162357,1162361
1162405,1162414
1162467,1162479
1162507,1162511
1162548,1162553
1162621,1162632
1162684,1162697
1162728,1162737
1162763,1162771
1162860,1162873
1162962,1162970
1163061,1163074
1163171,1163185
1163267,1163279
1163320,1163331
1163401,1163417
1163464,1163472
1163527,1163536
1163589,1163591
1163639,1163641
1163694,1163706
1163734,1163747
1163775,1163781
1163813,1163821
1163911,1163924
1163953,1163969
1163995,1164009
1164066,1164078
1164107,1164111
1164169,1164176
1164218,1164225
1164273,1164287
1164336,1164343
926853,1164447
926853,1164481
1164512,1164520
1164577,1164583
1164577,1164614
1164577,1164651
1164698,1164701
1164755,1164764
1164857,1164861
1164916,1164928
1164959,1164963
1165005,1165014
1165079,1165080
1165165,1165177
1165226,1165235
1165290,1165300
1165337,1165344
1165337,1165392
1165448,1165453
1165482,1165495
1165482,1165545
1165610,1165623
1165681,1165699
1165815,1165827
1165815,1165862
1165891,1165901
1165955,1165964
1166034,1166047
1166075,1166081
1166121,1166132
965251,1166166
1166184,1166197
1166243,1166258
1166301,1166317
1166340,1166355
1166454,1166465
1166546,1166551
1166607,1166611
1166676,1166682
1166719,1166726
965251,1166774
965251,1166800
1166828,1166837
1166863,1166871
1166902,1166918
1166941,1166956
1167039,1167041
1167094,1167104
1167094,1167136
1167170,1167189
1167250,1167266
1167369,1167376
1167471,1167485
1167588,1167590
1167640,1167655
487437,1167686
487437,1167746
1167779,1167780
1167808,1167812
1167896,1167906
1167981,1167999
1168048,1168053
1168095,1168105
1168146,1168151
1168198,1168200
1168285,1168292
1168373,1168387
1168466,1168478
1168523,1168534
1168612,1168620
1168704,1168715
1168762,1168770
1169795,1169805
1169851,1169867
1169898,1169908
1169931,1169949
1169996,1170003
1170057,1170061
1170090,1170100
1170137,1170144
1170171,1170185
1170401,1170417
1170464,1170472
1170504,1170515
1170543,1170558
1170589,1170591
1170641,1170656
1170706,1170710
1170775,1170781
1170832,1170845
1170878,1170884
1170930,1170948
1170995,1171004
1171058,1171062
1171089,1171091
1171089,1171117
1171089,1171140
1171172,1171186
1171210,1171223
1171275,1171281
1171332,1171345
1171378,1171384
1171418,1171425
1171544,1171559
1171603,1171619
1171642,1171657
1171688,1171690
1171711,1171724
1171753,1171769
1171805,1171814
1171867,1171879
1171908,1171912
1171949,1171954
1171544,1172010
1171544,1172075
1172166,1172178
1162405,1172227
1172289,1172291
1172340,1172355
1172431,1172449
1172505,1172514
1172567,1172579
1172607,1172611
1172648,1172653
1172695,1172703
1172761,1172774
1172828,1172837
1172871,1172885
1172939,1172941
1172994,1173001
1173040,1173055
1173103,1173119
1173157,1173161
1173231,1173249
1173277,1173283
1173347,1173352
1173404,1173415
1173462,1173470
1173502,1173518
1173541,1173556
1173587,1173594
1173628,1173637
1173663,1173671
1173713,1173721
1173766,1173778
521211,1173811
521211,1173876
1173922,1173933
1173980,1173998
1174048,1174053
1174114,1174122
1174167,1174179
1174271,1174285
1174318,1174325
1174373,1174387
1174421,1174432
1174478,1174484
1174510,1174523
1174575,1174581
1174683,1174696
1174743,1174758
1174683,1174791
1174829,1174838
1174886,1174893
1174926,1174935
1174961,1174974
1175020,1175031
1175077,1175083
1175077,1175123
1175077,1175168
1175077,1175201
1175077,1175240
1175272,1175286
1175335,1175342
1175390,1175405
1175390,1175451
1175498,1175507
1175530,1175548
1175595,1175609
1175595,1175621
1175645,1175650
1175716,1175728
1175716,1175763
1175792,1175802
1175825,1175839
1175873,1175887
1175936,1175943
1176021,1176032
1176078,1176084
1176097,1176107
1176148,1176153
1176182,1176195
1176241,1176256
1176241,1176294
1176343,1176358
1176343,1176391
1176434,1176447
1176475,1176481
1176520,1176531
1176577,1176583
1176577,1176622
1173766,1176667
1176764,1176772
1176835,1176842
1176874,1176888
1176916,1176928
1176985,1176992
1114463,1177059
1177102,1177118
1177160,1177173
1177160,1177207
1177276,1177282
1177367,1177379
1177435,1177442
1177501,1177517
1177593,1177604
1177754,1177765
1177881,1177909
1177932,1177945
1178022,1178033
1174114,1178098
1174167,1178120
1178165,1178177
1178165,1178219
1178261,1178274
1178316,1178328
1178359,1178363
1178392,1178407
1178430,1178448
1178476,1178482
1178521,1178532
1178578,1178584
1178610,1178623
1178675,1178681
1178760,1178773
1178804,1178815
1178862,1178870
1178917,1178929
1178972,1178986
1179060,1179073
1179104,1179115
1179189,1179191
1173713,1179250
1184744,1179307
1179471,1179395
1179471,1179485
1179519,1179526
1179561,1179574
1179617,1179629
1179672,1179686
1179722,1179733
1179767,1179779
1172939,1179910
1179975,1179981
1180036,1180043
1180070,1180089
1180138,1180140
1180206,1180210
1180206,1180275
1180321,1180332
1180418,1180425
1180456,1180460
1180500,1180516
1180500,1180571
1180626,1180635
1180661,1180674
1180730,1180748
1180776,1180782
1180867,1180879
1180920,1180931
1180977,1180983
1180977,1181028
1180977,1181059
1181085,1181092
1181173,1181187
1181211,1181224
1181282,1181295
1181282,1181333
1176434,1181379
1181435,1181442
1181488,1181490
1181540,1181555
1181604,1181615
1181662,1181670
1182048,1182053
1182105,1182114
1182167,1182179
1182497,1182506
1182534,1182547
1182654,1182665
1182696,1182704
1182736,1182743
1182791,1182801
1182838,1182840
1182872,1182886
1182988,1182990
1183209,1183213
1183245,1183250
1183311,1183324
1183382,1183395
1183444,1183459
1183714,1183722
1183751,1183767
1183812,1183820
1183896,1183906
1184065,1184077
1184390,1184405
1184446,1184451
1184524,1184530
1184524,1184569
1184621,1184632
1184678,1184684
1184744,1184759
1184887,1184894
1185084,1185097
1185148,1185153
1185202,1185218
1185287,1185294
1185499,1185508
1185549,1185554
1185622,1185633
1178675,1185698
1185740,1185755
1185740,1185786
1185857,1185861
1186098,1186108
1186131,1186149
1186196,1186203
1186274,1186288
1186359,1186363
1186411,1186424
1186545,1186550
1186584,1186597
1186668,1186675
1186725,1186739
1186794,1186804
1186836,1186843
1186901,1186917
1186940,1186955
1186986,1186993
1187072,1187086
1187135,1187142
1187212,1187220
1187265,1187277
1187375,1187381
1187470,1187489
1187525,1187539
1187594,1187600
1187671,1187685
911543,1187713
1187784,1187797
1187933,1187946
1187979,1187980
1188075,1188081
1188178,1188184
1188340,1188355
1188522,1188533
1188624,1188630
1188682,1188695
1188742,1188757
1188844,1188859
1188902,1188918
1188960,1188973
1189057,1189061
1189159,1189163
1189246,1189251
1189320,1189331
1189396,1189401
1189493,1189504
1189570,1189589
1189687,1189694
1178760,1189752
1189781,1189799
1189845,1189850
1189884,1189897
1189924,1189930
1190024,1190030
1190133,1190146
1190198,1190200
1190259,1190263
1190341,1190356
1186274,1190409
1190432,1190445
1190478,1190484
1190534,1190547
1173404,1190608
1173462,1190649
1190677,1190683
1190715,1190727
1190762,1190770
1190801,1190817
1190840,1190855
1172695,1190893
1190926,1190935
1190988,1190990
1191047,1191052
1191075,1191081
1191113,1191121
1191150,1191166
1176764,1191204
1191243,1191258
1191243,1191291
1191329,1191338
1191386,1191393
1191454,1191465
1191648,1191653
1191742,1191757
1191788,1191790
1191828,1191837
1191871,1191885
1191925,1191939
1191987,1191994
1192027,1192036
1192089,1192091
1192172,1192186
1192299,1192309
1192332,1192345
1192397,1192402
514564,1192460
1192516,1192528
1192592,1192603
1192635,1192642
1192674,1192688
1192711,1192724
1192833,1192846
1192954,1192965
1193013,1193021
1193050,1193066
1193111,1193124
1193195,1193202
1191648,1193391
193660,1193680
1193786,1193793
1193842,1193857
1193992,1194003
1194057,1194061
1194331,1194349
1194396,1194401
1194472,1194486
1194618,1194625
1194710,1194723
1195158,1195162
1195191,1195209
1195232,1195245
1192172,1195284
1195353,1195369
1195353,1195428
1195459,1195463
1195503,1195519
1195672,1195686
1195746,1195751
1195854,1195865
1195910,1195923
1196029,1196038
1196064,1196072
1196103,1196119
1196296,1196306
1196404,1196415
1196556,1196560
1196628,1196637
1196692,1196709
1196766,1196778
1196848,1196853
1196951,1196967
1174167,1196998
1197051,1197067
1197290,1197300
1197424,1197430
1197513,1197521
1197606,1197610
1197681,1197699
1197741,1197756
1197787,1197794
1197917,1197929
1197955,1197964
1197993,1198000
1178760,1198059
1198102,1198118
1180661,1198187
1198211,1198224
1198276,1198282
1198346,1198351
1171418,1198488
1198517,1198529
1198604,1198615
1198662,1198670
728936,1198749
1172939,1198783
1198847,1198852
1198909,1198913
1198945,1198950
1199031,1199049
1199096,1199106
1199134,1199147
1199199,1199201
1199238,1199240
1199335,1199342
1199422,1199433
1199467,1199479
1199576,1199582
1199666,1199678
1199763,1199771
1199825,1199839
1199887,1199894
1199927,1199936
1199989,1199991
1200034,1200047
1194396,1200081
1200132,1200145
1200178,1200184
1200215,1200227
1200262,1200270
1200301,1200317
1200340,1200355
1200386,1200393
1200420,1200431
1200514,1200522
1200607,1200611
1200676,1200682
1200726,1200735
911543,1200788
1192172,1200828
1200892,1200902
1200960,1200973
1201022,1201033
1201079,1201080
1201112,1201120
1201196,1201203
1201274,1201288
1201337,1201344
1201392,1201407
1201453,1201469
1201521,1201532
1201634,1201647
1174114,1201702
1201760,1201773
1201827,1201836
1201889,1201891
1201929,1201938
1201986,1201993
1202074,1202088
1202116,1202128
1202159,1202163
1202205,1202214
1202246,1202251
1202354,1202365
1202438,1202440
1202543,1202558
1202602,1202618
1202687,1202694
1202747,1202752
1202832,1202845
1202897,1202907
1202747,1202930
1203020,1203031
1203083,1203096
1203147,1203152
1203217,1203229
1203272,1203286
490240,1203319
1203342,1203357
1203405,1203414
1203480,1203498
1203576,1203582
1203613,1203621
1203728,1203737
1203785,1203792
1203841,1203856
1204056,1204060
1204115,1204127
1204395,1204400
1204428,1204437
1204463,1204471
1204503,1204519
1204542,1204557
1204808,1204812
1204849,1204854
1204906,1204910
1204968,1204975
1204968,1205029
1205072,1205086
1205135,1205142
1205220,1205231
1205306,1205310
1205347,1205352
1204906,1205381
1205462,1205470
1205539,1205541
1205671,1205685
1205784,1205797
1205882,1205895
1205946,1205951
1206059,1206063
1206636,1206643
1206636,1206670
1206636,1206712
1206749,1206754
1206847,1206852
1206909,1206913
1206997,1207009
1207050,1207066
1207097,1207107
1207148,1207153
1207182,1207195
1207225,1207239
1207343,1207358
1207343,1207410
1207475,1207481
1207554,1207565
1207633,1207646
1207701,1207717
1207701,1207740
1207786,1207793
1207786,1207835
1207928,1207937
1207928,1207971
1208058,1208062
1208172,1208186
1208172,1208223
1208172,1208268
556404,1208299
1208350,1208366
1208460,1208473
1208571,1208585
1208661,1208674
1208707,1208711
1208769,1208776
1208769,1208805
1209069,1209076
1209200,1209216
1209200,1209259
1209292,1209302
1209292,1209339
1209292,1209360
1209409,1209413
1209409,1209445
1209409,1209478
1209762,1209770
1209990,1210002
1210087,1210094
1207050,1210158
1210189,1210191
1210221,1210232
1210278,1210284
1210278,1210311
1194396,1210348
1210400,1210416
1210459,1210463
1210492,1210503
1210542,1210557
1210588,1210590
1210629,1210638
1210664,1210672
1210733,1210746
1211527,1211536
1211710,1211723
1211821,1211832
1211710,1211897
1211821,1211953
1173347,1212165
1212257,1212261
1212741,1212756
1212787,1212794
1212986,1212993
1213194,1213207
1213253,1213269
1213564,1213572
1213636,1213643
1213868,1213875
1172939,1214289
1215030,1215048
1215339,1215341
1195503,1215523
1215988,1215990
1216054,1216065
1216199,1216201
1216199,1216229
1216240,1216255
1216272,1216286
1210221,1216678
1173713,1216716
1210459,1217384
1217657,1217661
1218050,1218066
1210492,1218107
1218176,1218182
1218389,1218391
1179471,1218900
1218944,1218959
1219040,1219055
663168,1219103
663255,1219142
663272,1219188
1219220,1219231
1219296,1219306
1219368,1219375
1213636,1219404
1219436,1219443
1219470,1219489
1219525,1219539
1219560,1219573
1185148,1219616
1219685,1219692
1219766,1219778
1172166,1219830
1219869,1219876
1219905,1219914
1219998,1220007
1220095,1220105
1220180,1220198
1220244,1220259
1220339,1220341
1220421,1220432
1220510,1220523
1220575,1220581
1220620,1220631
1220665,1220677
1220704,1220715
1220743,1220758
1220801,1220817
1220855,1220864
1220926,1220935
1221010,1221023
1221010,1221068
1221010,1221109
1221262,1221270
1221329,1221338
1221372,1221386
1221420,1221431
1221505,1221514
1221611,1221624
1221703,1221719
1221761,1221774
1221828,1221837
1221885,1221892
1221994,1222004
1222062,1222070
1222129,1222138
1222193,1222206
1222247,1222252
1222281,1222299
1222350,1222366
1222441,1222456
1222500,1222516
1222544,1222559
1222585,1222592
1222674,1222688
1222730,1222748
1222833,1222846
1222879,1222880
1222931,1222949
1223045,1223050
1223111,1223124
1223176,1223182
1223218,1223225
1223256,1223260
1223336,1223343
1223391,1223406
1223520,1223531
1223651,1223667
1223738,1223740
1224061,1224074
1224222,1224233
1224752,1224768
1224799,1224809
1224832,1224845
1225831,1225849
1225831,1225877
1225923,1225934
1226040,1226055
1226135,1226142
1226306,1226310
1226427,1226436
1226541,1226556
1226709,1226713
1226745,1226750
1226784,1226797
1227226,1227235
1227453,1227469
1230163,1230171
1230205,1230214
1230246,1230251
1230280,1230298
1230377,1230383
1230464,1230472
1230558,1230562
1230641,1230656
1230734,1230747
1230813,1230821
1230878,1230884
1230911,1230924
1231036,1231043
1172505,1231070
1022006,1231129
1022023,1231155
1231186,1231193
1231247,1231252
1231299,1231309
1231384,1231397
1231425,1231439
1231460,1231473
1231500,1231516
1231544,1231559
1231571,1231585
1231603,1231619
1232178,1232184
1232215,1232227
1232243,1232258
1232289,1232291
1022047,1232329
1232386,1232393
1232449,1232454
1232483,1232496
1232522,1232533
1232567,1232579
1232653,1232669
1232742,1232757
1232800,1232816
1232844,1232859
1232885,1232892
1232925,1232939
1232994,1233001
1233038,1233040
1233135,1233142
1233157,1233161
1233208,1233212
1233296,1233306
1233352,1233368
1233399,1233404
1233462,1233470
1233556,1233560
1233644,1233659
1233709,1233713
1234122,1234133
1234198,1234200
1234302,1234318
1234360,1234373
1234432,1234445
1234568,1234575
1234649,1234654
1234683,1234696
1234727,1234736
1234762,1234770
1234855,1234864
1234942,1234957
1235008,1235012
1235049,1235054
1235106,1235110
1236481,1236499
1236583,1236596
1236667,1236679
1236729,1236738
1236861,1236874
1236916,1236928
1236963,1236971
1237028,1237037
1237118,1237125
1237295,1237305
1237333,1237346
1237627,1237636
1237662,1237670
1237777,1237783
1237847,1237852
1237847,1237875
1237899,1237909
1237997,1238005
1238051,1238067
1238098,1238108
1125885,1238131
1238177,1238183
1238235,1238242
1238288,1238290
744965,1238337
1238385,1238392
1238430,1238448
1126263,1238495
1238521,1238532
1238566,1238578
1238623,1238634
1238668,1238675
1238702,1238718
1238741,1238756
1238787,1238794
1238827,1238836
1238870,1238889
1238929,1238938
1238993,1239002
1239056,1239060
1239104,1239115
1239143,1239158
1239189,1239191
1239221,1239232
1239266,1239278
1239307,1239311
1021965,1239353
1239382,1239395
1239428,1239437
1239492,1239503
1239535,1239542
1239590,1239601
1239655,1239664
1239733,1239746
1239999,1240000
1240059,1240063
1240125,1240139
1240187,1240194
1240248,1240253
1240282,1240295
1240333,1240346
1240379,1240380
1240426,1240435
1240461,1240474
1240501,1240517
1240555,1240564
1021983,1240586
1240636,1240643
1240708,1240712
1240749,1240754
1240810,1240823
1241086,1241093
1241190,1241208
1241254,1241265
1241296,1241306
1241375,1241381
1241443,1241458
1241502,1241518
1241541,1241556
1241600,1241616
1241671,1241685
1241671,1241745
1241824,1241830
1241914,1241922
1241979,1241980
1242020,1242031
1242083,1242096
1242147,1242152
1242240,1242255
1242293,1242303
1242326,1242335
1242405,1242414
1242569,1242576
1242678,1242684
1242771,1242785
1242818,1242825
1242856,1242860
1242904,1242915
1242989,1242991
1243090,1243100
1185148,1243159
1243185,1243192
1243233,1243246
1243279,1243280
1243312,1243320
1243365,1243377
1243438,1243440
1243493,1243504
1243536,1243543
1243570,1243589
1243618,1243625
1243673,1243687
1243747,1243752
1243809,1243813
1243866,1243878
1243907,1243911
1243969,1243976
1244021,1244032
1244084,1244097
1244153,1244169
1244195,1244202
1244287,1244294
1244343,1244358
1244391,1244406
1244434,1244447
1244475,1244481
1244508,1244512
1244577,1244583
1244622,1244633
1244667,1244679
1244772,1244786
1244835,1244842
1244861,1244874
1244890,1244900
1244937,1244944
1245080,1245098
1245149,1245154
1245235,1245242
1245328,1245337
1245476,1245482
1245545,1245550
1245606,1245610
1245647,1245652
1245702,1245718
1245787,1245794
1245843,1245858
1245891,1245901
1245993,1246006
1246109,1246113
1246197,1246204
1246258,1246262
1246483,1246496
1246522,1246533
1246579,1246580
1246669,1246676
1246761,1246774
1246816,1246828
1246859,1246863
1246902,1246918
1246956,1246960
1247025,1247039
1241671,1247189
1247232,1247245
1247428,1247437
1247968,1247975
1248024,1248030
1248259,1248263
1248292,1248302
1248360,1248373
1248445,1248450
1248523,1248534
1248581,1248599
1248631,1248649
1248677,1248683
1248727,1248736
1248758,1248762
1248789,1248791
1248817,1248829
1248855,1248864
1248893,1248903
1248935,1248942
1249015,1249027
1249070,1249089
1249172,1249186
1240555,1249206
1246859,1249223
1246859,1249247
1249268,1249275
1249782,1249795
1249851,1249867
1249912,1249920
1249977,1249983
1250004,1250015
1250043,1250058
1250089,1250091
1250193,1250206
1250252,1250268
1250299,1250309
1250332,1250345
1250378,1250384
1250441,1250456
1250494,1250500
1250544,1250559
1250603,1250619
1250642,1250657
1250690,1250707
1250730,1250748
1250769,1250776
1250822,1250833
1250880,1250898
1250949,1250954
1251000,1251016
1251000,1251037
1251059,1251063
1251085,1251092
1251141,1251156
1251207,1251211
1251230,1251248
1251269,1251276
1251295,1251305
1251322,1251333
1251398,1251403
1251435,1251442
1251474,1251488
1251615,1251627
1251670,1251689
1251712,1251720
1251783,1251796
1251823,1251834
1251913,1251921
1251950,1251966
1251997,1252007
1252030,1252048
1252114,1252122
1252244,1252259
1252356,1252360
1252445,1252450
1252534,1252547
1252599,1252608
1252631,1252649
1252677,1252683
1252715,1252727
1252758,1252762
1252791,1252801
1252829,1252838
1252919,1252926
1252974,1252988
1253018,1253025
1253073,1253087
1253158,1253162
1253245,1253250
1253348,1253353
1253395,1253400
1253437,1253444
1253492,1253503
1253561,1253574
1253601,1253617
1253655,1253664
1253693,1253705
1253779,1253780
1253831,1253849
1253877,1253883
1253910,1253923
1254008,1254012
1254110,1254123
1254199,1254201
1254286,1254293
1254374,1254388
1254433,1254446
1254479,1254480
1254553,1254569
1254595,1254609
1254632,1254645
1254728,1254737
1254771,1254785
1254856,1254860
1254894,1254904
1254958,1254962
1254991,1255009
1255045,1255050
1255084,1255097
1255130,1255148
1255182,1255195
1255239,1255241
1255273,1255287
1255362,1255370
1255452,1255468
1255549,1255554
1255622,1255633
1255679,1255680
1255729,1255738
1255786,1255793
1255861,1255874
1255916,1255928
1255959,1255963
1256014,1256022
1256079,1256080
1256112,1256120
1256203,1256219
1256290,1256300
1256392,1256407
1256476,1256482
1256513,1256521
1256566,1256578
1236916,1256606
1256652,1256668
1256702,1256718
1256760,1256773
1256891,1256901
1256955,1256964
1256993,1257001
1257038,1257040
1257072,1257086
1257119,1257126
1257157,1257161
1257190,1257208
1257254,1257265
1257334,1257347
1257375,1257381
1257436,1257443
1257491,1257502
1257539,1257541
1257600,1257616
1257644,1257659
1257713,1257721
1257750,1257766
1257807,1257811
1257848,1257853
1257905,1257914
1258010,1258023
1258075,1258081
1258197,1258204
1258291,1258301
1258338,1258340
1258408,1258412
1258477,1258483
1258522,1258533
1258579,1258580
1258624,1258630
1258669,1258676
1258800,1258816
1258863,1258871
1258939,1258941
1258994,1259003
1259035,1259042
1259144,1259159
1259192,1259205
1259246,1259251
1259298,1259308
1259383,1259396
1259440,1259455
1259493,1259504
1259591,1259602
1259641,1259656
1259710,1259723
1259781,1259799
1259878,1259884
1260077,1260083
1260134,1260147
1260264,1260272
1260374,1260388
1260498,1260507
1260548,1260553
1260595,1260609
1260632,1260645
1260666,1260678
1260700,1260716
1260744,1260759
1260785,1260792
1260915,1260927
1260962,1260970
1261007,1261011
1261114,1261122
1261198,1261200
1261237,1261244
1261292,1261302
1261339,1261341
1261373,1261387
1261421,1261432
1261484,1261497
1260077,1261534
1260134,1261575
1261696,1261704
1261801,1261817
1261864,1261872
1261903,1261919
1261942,1261957
1261974,1261988
1262028,1262037
1262063,1262071
1262102,1262118
1262141,1262156
1262187,1262194
1262253,1262269
1262351,1262367
1262398,1262403
1262435,1262442
1262572,1262586
1262636,1262643
1262670,1262689
1262749,1262754
1262783,1262796
1262823,1262834
1262868,1262875
1262913,1262921
1262945,1262950
1262997,1263005
1263046,1263051
1263108,1263112
1263196,1263203
1263257,1263261
1263288,1263290
1263288,1263337
1263363,1263371
1263424,1263430
1260744,1263469
1260744,1263509
1263545,1263550
1263652,1263597
1263652,1263668
1263652,1263718
1263760,1263773
1263804,1263815
1263843,1263858
1263889,1263891
1263929,1263938
1263964,1263972
1264058,1264062
1264117,1264129
1264164,1264172
1264210,1264223
1264275,1264281
1264313,1264321
1264378,1264384
1264494,1264500
1264571,1264585
1264619,1264626
1264674,1264688
1264730,1264748
1264776,1264782
1264833,1264846
1264898,1264908
1265057,1265061
1265116,1265128
1265185,1265192
1265298,1265308
1265354,1265365
1265396,1265401
1265464,1265472
1265527,1265536
1265618,1265625
1265656,1265660
1265694,1265706
1265734,1265747
1265775,1265781
1265813,1265821
1265884,1265897
1265953,1265969
1266002,1266018
1266041,1266056
1266094,1266104
1266136,1266143
1266189,1266191
1266250,1266266
1266311,1266324
1266353,1266369
1266428,1266437
1266463,1266471
1266492,1266503
1266535,1266542
1266588,1266590
1266655,1266664
1266693,1266705
1266751,1266767
1266820,1266831
1266906,1266910
1266947,1266952
1266999,1267006
1267068,1267075
1165815,1267113
1267178,1267184
1267215,1267227
1267270,1267289
1267317,1267329
1267372,1267386
1267431,1267449
1267505,1267514
1267546,1267551
1267580,1267598
1267653,1267669
1267735,1267742
1267790,1267800
1267837,1267844
1267871,1267885
1267939,1267941
1267973,1267987
1268029,1268038
1268086,1268093
1268135,1268142
1268174,1268188
1268212,1268220
1268277,1268283
1268347,1268352
1268415,1268427
1268491,1268502
1268560,1268573
1268600,1268616
1268671,1268685
1268713,1268721
1268784,1268797
1268895,1268905
1268967,1268979
1269032,1269045
1269097,1269107
1269130,1269148
1269202,1269218
1269241,1269256
1269287,1269294
1269327,1269336
1269389,1269391
1269389,1269434
1269468,1269475
1269565,1269577
1269651,1269667
1269717,1269729
1269772,1269786
1269819,1269826
1269857,1269861
1269928,1269937
1269963,1269971
1270005,1270014
1270079,1270080
1270149,1270154
1270219,1270226
1270257,1270261
1270290,1270300
1270337,1270344
1270371,1270385
1270411,1270424
1270476,1270482
1270476,1270521
1270550,1270566
1270610,1270623
1270652,1270668
1270739,1270741
1270804,1270815
1270843,1270858
1270891,1270901
1270940,1270955
1270993,1271009
1271032,1271045
1271066,1271078
1271124,1271130
1271195,1271202
1271241,1271256
1271336,1271343
1271389,1271391
1271447,1271452
1271508,1271512
1271531,1271549
1271577,1271583
1271614,1271622
1271680,1271698
1271729,1271738
1271764,1271772
1271890,1271900
1271992,1272002
1272087,1272094
1272170,1272189
1272324,1272330
1272382,1272395
1272428,1272437
1272590,1272601
1272686,1272693
1272779,1272780
1272865,1272877
1272952,1272968
1273011,1273024
1273076,1273082
1273167,1273179
1273244,1273259
1273356,1273360
1273432,1273445
1273484,1273497
1273770,1273789
509070,1273829
1273886,1273893
1274001,1274017
1274188,1274190
1274277,1274283
1274334,1274347
513611,1274427
513611,1274470
1274663,1274671
1274745,1274750
1274882,1274895
1274946,1274951
1275016,1275028
1275156,1275160
1275276,1275282
1275333,1275346
1275442,1275457
1275662,1275670
1275731,1275749
1275810,1275823
1275932,1275945
1204968,1275978
1276129,1276138
1276210,1276223
1276460,1276473
1276516,1276528
1276635,1276642
1276711,1276724
1276753,1276769
1276822,1276833
1276880,1276898
1276931,1276949
1277008,1277012
1277065,1277077
1277110,1277123
1277175,1277181
1277217,1277229
1277255,1277264
1277335,1277342
1277405,1277414
1277480,1277498
1277548,1277553
1277582,1277595
1277632,1277645
1277737,1277744
1277856,1277860
1277936,1277943
1278026,1278035
1278116,1278128
1278205,1278214
1278267,1278279
1278320,1278331
1278365,1278377
1278429,1278438
1278493,1278504
1278602,1278618
1278673,1278687
1278734,1278747
1278799,1278809
1278897,1278907
1279178,1279184
1279236,1279243
1279270,1279289
1279338,1279340
1279372,1279386
1279431,1279449
1279522,1279533
1279580,1279598
1279648,1279653
1279757,1279761
1279757,1279828
1280327,1280336
1280362,1280370
1280406,1280410
1280447,1280452
1280508,1280512
1280554,1280565
1280646,1280651
1280701,1280717
1280740,1280755
1280786,1280793
1280835,1280842
1280890,1280900
1280971,1280985
1281175,1281181
1281238,1281240
1281326,1281335
1281700,1281716
1281792,1281802
1281839,1281841
1281915,1281927
1282029,1282038
1282103,1282119
1282161,1282174
1282212,1282220
1282306,1282310
1282368,1282375
1282443,1282458
1282502,1282518
1282750,1282766
1282933,1282946
1282980,1282998
1283047,1283052
1283099,1283109
1283243,1283258
1283329,1283338
1283408,1283412
1283551,1283567
1283669,1283676
1283757,1283761
1283828,1283837
1283885,1283892
1283925,1283939
1283973,1283987
1284044,1284059
1284092,1284102
1284141,1284156
1284207,1284211
1284248,1284253
1284305,1284314
1284379,1284380
1284435,1284442
1277856,1284488
1284538,1284540
1284593,1284604
1284636,1284643
1284662,1284670
1284712,1284720
1284754,1284765
1284796,1284806
1284852,1284868
1284909,1284913
1285027,1285036
1285140,1285155
1285299,1285309
1285402,1285418
1285473,1285487
1285516,1285528
1285559,1285563
1285603,1285619
1285642,1285657
1285711,1285724
1285805,1285814
1285912,1285920
1285977,1285983
1286042,1286057
1286159,1286163
1286222,1286233
1286312,1286320
1286354,1286365
1286455,1286464
1286527,1286536
1286589,1286591
1286656,1286660
1286706,1286710
1286799,1286809
1286850,1286866
1286924,1286930
1286969,1286976
1287007,1287011
1287076,1287082
1287146,1287151
1287271,1287285
1287318,1287325
1287409,1287413
1287466,1287478
1287510,1287523
1287552,1287568
1287649,1287654
1287704,1287715
1287770,1287789
1287817,1287829
1287872,1287886
1287974,1287988
1288039,1288041
1288094,1288104
1288158,1288162
1288245,1288250
1288324,1288330
1288400,1288416
1288459,1288463
1288492,1288503
1288535,1288542
1288574,1288588
1288655,1288664
1288714,1288722
1288751,1288767
1288798,1288808
1288849,1288854
1288906,1288910
1288968,1288975
1289046,1289051
1289079,1289080
1289112,1289120
1289177,1289183
1289257,1289261
1289290,1289300
1289359,1289363
1289407,1289411
1289453,1289469
1289513,1289521
1289566,1289578
1289681,1289699
1284712,1289741
1289827,1289836
1287466,1289889
1289901,1289917
1290001,1290017
1290142,1290157
1290231,1290249
1290296,1290306
1290381,1290399
1290443,1290458
1290502,1290518
1290560,1290573
1290616,1290628
1290659,1290663
1290713,1290721
1290616,1290778
1290811,1290824
1290853,1290869
1290905,1290914
1290951,1290967
1290998,1291002
1291039,1291041
1291073,1291087
1291136,1291143
1291170,1291189
1291213,1291221
1291278,1291284
499633,1291324
1291376,1291382
1291428,1291437
1291485,1291492
1291561,1291574
1291655,1291664
1291746,1291751
1291808,1291812
1291849,1291854
1291906,1291910
1292111,1292124
1292176,1292182
1292218,1292225
1292256,1292260
1292294,1292304
1292336,1292343
1292370,1292389
1292468,1292475
1292520,1292531
1292565,1292577
1292605,1292614
1292667,1292679
1292717,1292729
1292755,1292764
1292793,1292803
1292890,1292900
1292959,1292963
1292992,1293004
1293036,1293043
1293070,1293089
1293117,1293129
1293206,1293210
1293268,1293275
1293309,1293313
1293397,1293402
1293487,1293494
1293571,1293585
1293661,1293674
1293776,1293782
1293846,1293851
1293954,1293965
1294014,1294022
1294051,1294067
1294108,1294112
1294359,1294363
1294495,1294509
1294550,1294566
1294681,1294699
1294741,1294756
1294804,1294815
1294843,1294858
1294917,1294929
1294955,1294964
1295047,1295052
1295109,1295113
1295145,1295150
1295184,1295197
1295243,1295258
1295340,1295355
1295408,1295412
1295465,1295477
1295514,1295522
1295579,1295580
1295682,1295695
1295774,1295788
1295885,1295892
1295994,1296007
1273244,1296053
1296133,1296146
1296198,1296200
1296244,1296259
1296318,1296325
1296394,1296409
1296506,1296510
1296612,1296620
1296727,1296736
1296791,1296801
1296855,1296864
1296926,1296935
1296988,1296990
1297090,1297100
1297159,1297163
1297214,1297222
1297280,1297298
1297349,1297354
1297383,1297396
1297438,1297440
1297472,1297486
1297536,1297543
1297591,1297602
1297687,1297694
1297747,1297752
1297781,1297799
1297821,1297832
1297878,1297884
1297969,1297976
1298031,1298049
1298077,1298083
1298201,1298217
1298286,1298293
1298342,1298357
1298422,1298433
1298480,1298498
1298524,1298530
1298802,1298818
1298841,1298856
1298887,1298894
1298927,1298936
1298962,1298970
1299092,1299102
1299156,1299160
1299194,1299207
1299282,1299295
1299346,1299351
1299380,1299398
1299426,1299435
1299461,1299474
1299847,1299852
1299909,1299913
1299950,1299966
1300012,1300020
1300077,1300083
1300147,1300152
1300201,1300217
1300264,1300272
1300303,1300319
1300357,1300361
1300414,1300422
1300451,1300467
1300498,1300507
1300548,1300553
1300650,1300666
1300716,1300728
1300818,1300825
1300936,1300943
1301011,1301024
1301076,1301082
1300936,1301114
1301167,1301179
1301200,1301216
1301259,1301263
1301292,1301302
1301341,1301356
1301432,1301445
1301497,1301506
1301581,1301599
1301649,1301654
1301683,1301696
1301727,1301736
1301762,1301770
1301801,1301817
1301919,1301926
1301974,1301988
1302016,1302028
1302059,1302063
1302092,1302102
1302139,1302141
1302173,1302187
1302211,1302224
1302253,1302269
1302295,1302305
1302333,1302346
1302379,1302380
1302419,1302426
1302457,1302461
1302490,1302501
1302555,1302564
1302615,1302627
1302658,1302662
1302691,1302708
1302731,1302749
1302796,1302806
1302834,1302847
1302875,1302881
1302932,1302945
1302997,1303005
1303033,1303046
1303079,1303080
1303131,1303149
1303177,1303183
1303274,1303288
1303316,1303328
1303359,1303363
1303448,1303453
1303509,1303513
1303566,1303578
1303606,1303610
1303647,1303652
1303718,1303725
1303756,1303760
1303870,1303889
1303917,1303929
1303940,1303955
1303986,1303993
1304027,1304036
1304062,1304070
1304140,1304155
1304206,1304210
1304252,1304268
1304313,1304321
1304378,1304384
1304418,1304425
1304456,1304460
1304559,1304563
1304688,1304690
1304748,1304753
1304846,1304851
1304954,1304965
1305061,1305074
1305159,1305163
1305214,1305222
1305320,1305331
1305417,1305438
1305515,1305527
1305558,1305562
1305602,1305618
1305710,1305723
1305775,1305781
1305813,1305821
1305907,1305911
1305969,1305976
1306002,1306018
1306041,1306056
1306087,1306094
1306189,1306191
1306278,1306284
1306330,1306348
1306376,1306382
1306437,1306444
1306519,1306526
1306574,1306588
1306617,1306629
1306655,1306664
1306714,1306722
1306751,1306767
1306812,1306820
1306906,1306910
1306968,1306975
1307006,1307010
1307047,1307052
1307081,1307099
1307150,1307166
1307243,1307258
1307301,1307317
1307340,1307355
1307386,1307393
1307431,1307449
1307477,1307483
1307567,1307579
1307624,1307630
1307669,1307676
1307726,1307735
1307788,1307790
1307844,1307859
1307902,1307918
1307941,1307956
1308277,1308283
1308310,1308323
1308310,1308347
1308399,1308404
1308458,1308462
1308491,1308502
1300873,1308539
761055,1308560
827960,1308594
1308628,1308637
677800,1308663
677800,1308692
677580,1308721
677653,1308750
1300894,1308784
1308811,1308824
1308905,1308914
1308998,1309009
1309107,1309111
1309148,1309153
1309225,1309239
1309315,1309327
1309370,1309389
1309447,1309452
1309520,1309531
1309565,1309577
1309605,1309614
1309646,1309651
1309701,1309717
1309793,1309803
1309857,1309861
1309890,1309900
1309937,1309944
1309992,1310004
1310043,1310058
1310089,1310091
1310129,1310138
1310164,1310172
1310223,1310234
1310268,1310275
1310309,1310313
1310418,1310425
1310473,1310487
1310528,1310537
1310585,1310592
1310642,1310657
1310688,1310690
1310724,1310730
1273244,1310769
1310814,1310822
1310880,1310898
1311367,1311379
1311403,1311419
1311474,1311488
1311517,1311529
1311572,1311586
1311636,1311643
1311670,1311689
1311712,1311720
1311754,1311765
1311783,1311796
1311847,1311852
1311921,1311932
1311984,1311997
1312030,1312048
1312076,1312082
1312167,1312179
1312228,1312237
1312263,1312271
1312302,1312318
1312413,1312421
1312478,1312484
1312510,1312523
1312552,1312568
1312649,1312654
1312704,1312715
1312770,1312789
1312838,1312840
1312872,1312886
1312942,1312957
1313189,1313191
1313221,1313232
1313266,1313278
1313324,1313330
1313376,1313382
1313416,1313428
1313503,1313519
1313590,1313601
1313638,1313640
1313722,1313733
1313590,1313798
1313820,1313831
1313865,1313877
1313865,1313910
1313947,1313952
1313981,1313999
1314049,1314054
1313947,1314083
1314106,1314110
1314147,1314152
1314201,1314217
1314286,1314293
1314361,1314374
1314405,1314414
1314480,1314498
1314548,1314553
1314595,1314609
1314894,1314904
1314958,1314962
1315097,1315107
1315153,1315169
1315239,1315241
1315273,1315287
1315343,1315358
1315389,1315391
1315447,1315452
1315512,1315520
1315577,1315583
1315633,1315646
1315512,1315701
1315755,1315764
1315803,1315819
1315857,1315861
1315890,1315900
1315985,1315992
1316051,1316067
1316112,1316120
1316154,1316165
1316196,1316203
1316235,1316242
1316112,1316274
1316300,1316316
1316344,1316359
1316385,1316392
1316760,1316773
1316836,1316843
1316870,1316889
1316929,1316938
1317001,1317017
1317119,1317126
1317174,1317188
1317231,1317249
1317296,1317306
1317399,1317404
1317458,1317462
1317502,1317518
1317560,1317573
1317600,1317616
1317637,1317644
1317692,1317709
1317750,1317766
1317797,1317807
1317967,1317979
1318047,1318052
1318132,1318145
1318197,1318204
1318243,1318258
1318289,1318291
1318338,1318340
1318372,1318386
1318408,1318412
1318465,1318477
1318522,1318533
1318567,1318579
1318607,1318611
1318607,1318648
1318676,1318682
1318719,1318726
1318790,1318800
1318859,1318863
1318918,1318925
1318987,1318994
1319061,1319074
1319116,1319128
1319214,1319222
1319267,1319279
1319312,1319320
1319383,1319396
1319429,1319438
1319878,1319884
1319969,1319976
1320013,1320021
1320050,1320066
1320097,1320107
1320148,1320153
1320202,1320218
1320294,1320304
1320370,1320389
1320434,1320447
1320531,1320549
1320622,1320633
1044119,1320698
1320434,1320740
1320772,1320786
1320826,1320835
1320888,1320890
1320937,1320944
1320992,1321008
1321049,1321054
1321110,1321123
1321175,1321181
1321240,1321255
1321303,1321319
1321357,1321361
1321390,1321405
1321609,1321613
1321666,1321678
1321737,1321744
1321802,1321818
1321873,1321887
1321915,1321927
1321989,1321991
1322072,1322086
1322188,1322190
1322254,1322265
1322296,1322306
658050,1322334
1322381,1322399
1322436,1322443
1322502,1322518
1322541,1322556
1322587,1322594
1322644,1322659
1322685,1322692
1322750,1322766
1322807,1322811
1322914,1322922
1323010,1323023
1323109,1323113
1323166,1323178
1323236,1323243
1323289,1323291
1323372,1323386
1323431,1323449
1323477,1323483
1323567,1323579
1323624,1323630
1323669,1323676
1323703,1323719
1323761,1323774
1323828,1323837
1323863,1323871
1118920,1117050
1119024,1117050
1116230,1117078
1116276,1117078
1116314,1117084
1116351,1117084
1116379,1117084
1116398,1117084
1147939,1147960
1149336,1149362
1149343,1149362
1177932,1177966
1177881,1177966
1205539,1205560
1205671,1205560
1211710,1211930
1211821,1211930
1211710,1211878
1211821,1211878
1233135,1234082
1233157,1234082
1241190,1241135
1241086,1241135
1279757,1279939
1279757,1280148
1279757,1280153
1279757,1280169
1279757,1280176
1279757,1280182
1279757,1280195
1279757,1279918
1279757,1280260
1279757,1280273
1279757,1280287
1279757,1280294
1279757,1280304
1279757,1280315
1279757,1279885
1279757,1280013
1279757,1280021
1279757,1280032
1279757,1280045
1279757,1280050
1279757,1280066
1279757,1280078
1279757,1281511
1279757,1281524
1279757,1281530
1279757,1281548
1279757,1281507
1279757,1281576
1279757,1281582
1279757,1281595
1279757,1281553
1279757,1281569
1279757,1281609
1279757,1281613
1279757,1281621
1279757,1281632
1279757,1281645
1288968,1288999
1288968,1289014
1289046,1288999
1289046,1289014
1305417,1305377
1305320,1305377
1309107,1286845
1286799,1286845
1314405,1314446
1313266,1314446
