TPUID,TPPID
1135346,1135367
856301,1102702
533675,1087214
1008372,1282824
1197794,1197815
1250707,1250711
115420,1094627
652448,1095983
349505,1236021
1242255,1242286
346688,1273421
1292260,1292273
1175609,1175613
1181555,1181572
1274671,1274692
451835,1064828
282010,1083281
1324230,1324253
1287082,1287105
1315701,1315729
994741,1069502
1048799,1048813
1207009,1207045
1238290,1238300
1253705,1253722
1315287,1315304
1133114,1133122
1231439,1231456
1178482,1178509
1310138,1310140
655030,1239854
945476,1056615
861152,1247094
741356,1102668
1146779,1146798
651527,1086200
1168053,1168076
1186804,1186815
142105,1086432
973421,1215122
1194349,1194383
123839,1206555
1144252,1144275
555906,1188837
644523,1078122
770464,1197891
1301696,1301715
1151255,1151272
1050465,1050483
336692,1059990
1287654,1287677
1286057,1286074
1053123,1053147
415143,1090520
117639,1081923
148258,1103474
1160997,1161038
1317306,1317310
1175943,1175962
1278377,1278396
996237,1212154
1306191,1306232
1142333,1142346
1133478,1133510
532586,1325571
1306191,1306213
693947,1057362
1140744,1140763
558604,1098693
786741,1229110
1260927,1260943
1052995,1053012
740771,1073809
1139075,1139113
1111235,1111257
1280452,1280475
1198351,1198398
1204557,1204590
110876,1229319
1186203,1186242
1264846,1264880
1146330,1146348
1260716,1260737
1268502,1268525
741736,1229936
1172653,1172676
1292679,1292698
1291324,1291348
1324909,1324921
1220341,1220360
1306629,1306638
907273,1087832
822295,1068740
790292,1217223
1283567,1283580
1189163,1189205
755879,1092231
1150032,1150066
689217,1217366
1145003,1145019
1282310,1282352
1219404,1219427
1112850,1229507
790886,1091700
667499,1099675
1276898,1276920
1105974,1105990
1170884,1170924
1170948,1170982
1278279,1278298
1311529,1311564
108641,1055587
666490,1063868
143542,1085669
1159606,1159623
1296053,1296076
1317249,1317265
1304036,1304058
911625,1102760
880815,1104023
1105167,1105180
1284868,1284875
1189251,1189298
1271202,1271225
771140,1064262
1270858,1270862
504315,1183136
1191258,1191270
337430,1079635
364653,1072106
261945,1076236
1048982,1049023
1106860,1106873
769332,1316668
428512,1064068
659807,1096504
1232939,1232956
1289261,1289288
958726,1225056
1261244,1261271
1158087,1158104
117377,1211365
1297354,1297365
332674,1067345
1135044,1135071
1145159,1145171
124923,1198419
406218,1225348
768608,1095172
1157053,1157076
1304690,1304711
1192186,1192247
1273829,1273838
1205951,1205979
1292577,1292596
1248829,1248840
1140595,1140632
1138331,1138354
1172579,1172580
125375,1206529
1279761,1280153
1324102,1324141
1053548,1053569
650590,1066818
460518,1071848
1301179,1301198
1271738,1271755
545692,1194781
437021,1216771
1252360,1252387
1322766,1322784
137101,1078864
1284156,1284173
1180089,1180129
136684,1107397
1318648,1318653
1053293,1053357
651128,1083027
1106576,1106595
1144252,1144299
662438,1084938
1254904,1254927
409574,1195601
1111337,1111359
1041520,1045269
1281716,1281759
1178328,1178344
129114,1192795
1107004,1107027
362699,1209552
781945,1210877
1117861,1117890
1318412,1318431
691461,1235405
726599,1065228
1006836,1063921
887467,1085941
776481,1092922
1002133,1228899
741244,1091684
1233001,1233029
130485,1209715
1053293,1053335
1198282,1198295
262095,1093454
1304155,1304193
658520,1277716
1291382,1291400
1118281,1118309
1134502,1134525
235378,1258726
258310,1108009
1041260,1046425
727042,1077369
1279761,1280260
1264748,1264769
1040993,1292032
1042503,1047293
648566,1063207
1311852,1311881
1106958,1106962
481103,1071541
1261341,1261356
1135346,1135351
1287011,1287030
1182506,1182523
1223667,1223679
359665,1078048
526901,1229989
273529,1057195
552776,1110291
1138377,1138401
1290157,1290174
1304851,1304898
1177909,1177950
383814,1062080
1014101,1181945
1146416,1146459
1295477,1295496
1202163,1202192
1129125,1129139
1180275,1180299
1180332,1180378
780977,1056731
1297799,1297809
1126575,1126599
1240346,1240367
1256219,1256235
252346,1107814
114051,1094379
1295522,1295546
1053970,1054018
564903,1314684
323064,1096233
1290249,1290265
1302945,1302966
1106763,1106785
715778,1224639
842508,1248228
540372,1276345
1172178,1172197
1264321,1264345
1051033,1051079
413111,1063141
776066,1080283
1105387,1105409
1009455,1089517
1204854,1204877
1248450,1248497
1318726,1318742
1042307,1047020
1250345,1250350
1253353,1253382
117543,1245392
1022774,1073042
867534,1282573
1255370,1255391
768534,1216147
108907,1059373
665220,1086743
1009472,1181909
1194625,1194660
1200828,1200863
1313733,1313751
844080,1249537
232556,1055296
998054,1184293
259475,1223605
1043302,1047422
845289,1271959
1303993,1304004
1291002,1291018
1289741,1289756
237886,1090944
766682,1070474
473348,1084843
1041646,1045403
1113422,1113467
292710,1078886
765718,1242553
1162511,1162530
644523,1078146
1196560,1196600
1150793,1150819
1212261,1212288
1042115,1046822
1175405,1175446
1145090,1145116
1188757,1188774
1204812,1204831
1259396,1259417
1265747,1265768
1189897,1189907
113833,1056490
778917,1082577
652257,1089636
1041406,1045187
1289836,1289870
446845,1217210
387003,1067281
1136494,1136516
145475,1103658
1141817,1141838
1299160,1299187
1119339,1119356
1317017,1317055
749944,1061308
1042307,1047008
643732,1076735
259772,1080766
143664,1084521
996855,1211298
1208585,1208603
1257659,1257671
1012125,1063426
115449,1068622
1316889,1316891
963290,1216498
785937,1192920
564654,1255835
1271772,1271793
542354,1314818
1293043,1293058
790575,1090729
144737,1099566
1131565,1131583
1193793,1193819
1200081,1200121
1313798,1313812
1250384,1250425
378151,1079782
561058,1102741
1158250,1158278
1158693,1158714
1157704,1157727
1175451,1175480
1278214,1278233
1041803,1045586
1211536,1211562
670887,1325833
357944,1095912
1043198,1047357
439082,1216915
747703,1226979
1319438,1319472
1156591,1156618
907764,1169730
1279761,1281595
1204519,1204535
145499,1229264
996387,1060798
412015,1088374
1119484,1119506
658698,1224924
1322594,1322616
561805,1213367
1295412,1295431
737792,1056834
947629,1063806
1127019,1127057
1165014,1165033
1042348,1047083
911558,1185452
1035191,1206346
533196,1213403
1111235,1316702
1301654,1301677
1099986,1100002
1100221,1100245
1145982,1146002
782263,1235199
799238,1236304
1150717,1150738
781823,1069029
402113,1087493
1323871,1323885
642960,1082928
1141665,1141683
395193,1080093
537761,1110338
309354,1109126
1213875,1213881
1296510,1296534
1177604,1177627
1279761,1280032
349291,1067252
767947,1095949
287187,1084363
1201532,1201578
1206712,1206731
996259,1096924
1166197,1166215
1221338,1221364
1244406,1244423
132513,1242498
1149738,1149772
1261387,1261409
1186363,1186407
655961,1223900
1318800,1318828
328183,1095822
856522,1073768
1152922,1152946
1043631,1047771
117723,1081975
917089,1059838
319596,1058851
734778,1103765
1189061,1189088
698726,1059413
1316203,1316226
1326809,1326845
769350,1076113
443075,1072326
768007,1096995
112577,1093939
596954,1169070
1195751,1195779
699747,1276309
1024409,1227079
1293965,1293983
1302269,1302282
233761,1181749
778756,1076774
1326331,1326349
142608,1110010
1244447,1244452
1137989,1138003
1215341,1215356
1299102,1299141
1151860,1151887
785861,1231920
292710,1078872
1100492,1100519
532658,1073246
1102219,1102235
1144313,1144350
1287715,1287762
1198351,1198379
1035213,1206442
1290967,1290979
1221270,1221291
1024409,1227051
1043942,1048019
1135881,1135899
1233713,1233721
1128511,1128553
136678,1086801
766669,1070461
1029535,1223971
696177,1058439
844652,1227545
261945,1076258
1119957,1119974
1243192,1243205
1132686,1132693
553857,1110236
1136043,1136062
1159862,1159889
308546,1058397
1322659,1322671
1016382,1182620
116654,1094540
1119704,1119727
1040131,1048486
1166197,1166236
903650,1229595
643541,1107983
295334,1067058
112764,1282685
562227,1242645
810042,1103796
114550,1254175
1257208,1257220
1123603,1123619
143714,1274732
1205352,1205375
1044644,1211128
1127625,1233853
373799,1090239
789246,1103689
1126271,1126292
1278128,1278163
715922,1080914
1120797,1120830
1202440,1202486
283637,1079062
1288767,1288780
1195686,1195693
1189850,1189878
1126069,1126082
1131680,1131729
1319320,1319349
1233560,1233600
1319128,1319144
1193124,1193130
148113,1103419
1285309,1285321
665797,1236153
1321255,1321272
295381,1067070
693629,1091342
1115663,1115685
1190445,1190466
1310657,1310661
874561,1248167
1042039,1046724
1130453,1130469
1123456,1123460
262095,1093477
1279761,1281632
1255633,1255651
565744,1311059
1220523,1220547
1294699,1294739
1128168,1128181
274703,1109375
1309327,1309343
1276769,1276795
1238532,1238550
1112850,1229511
1100975,1100999
1172774,1172816
1253883,1253896
1244481,1244499
1132812,1132831
136678,1086829
251683,1207520
1207646,1207680
665375,1217776
354395,1060934
1009455,1089538
861825,1196188
1135092,1135118
660522,1215743
905573,1204002
1106065,1209599
1175839,1175856
467171,1081018
1203498,1203511
1219876,1219895
449495,1247767
1178815,1178836
1195428,1195444
745026,1103806
412730,1088054
742490,1087279
1301817,1301855
1036998,1188431
1007848,1236066
476675,1247127
137275,1064465
1150032,1150078
1172611,1172624
114154,1094141
1255009,1255013
385340,1070689
301875,1058138
1243911,1243953
1260553,1260576
1295197,1295236
1010480,1061429
557756,1097466
1158382,1158400
1318611,1318630
115611,1068680
780252,1088958
1118138,1118140
1025763,1057680
1242825,1242839
1154435,1154457
1272877,1272896
670697,1217585
685250,1075407
1248302,1248325
298193,1108755
1323178,1323197
1151860,1151904
1292182,1292195
421100,1063604
1131045,1131050
463657,1071644
647796,1074287
654676,1094966
1135966,1135984
1163472,1163493
1147757,1147761
981825,1193646
540372,1276332
369381,1275517
1050925,1050941
359665,1078069
108878,1081780
1237909,1237913
333916,1092671
1250345,1250366
1207153,1207176
296028,1057888
1039650,1246735
1050837,1050859
742474,1311282
1119523,1119534
647913,1079129
1139420,1139431
716305,1193287
1201120,1201165
246721,1210947
379456,1093197
1172703,1172726
1300553,1300595
1217384,1217402
1145472,1145493
1042221,1046867
109412,1057097
838630,1061706
846903,1067965
1287011,1287024
106585,1091446
1044462,1044489
1041971,1045720
1132640,1132655
1146232,1146278
108558,1081266
1167686,1167705
1173933,1173979
1248373,1248394
1191121,1191132
1230924,1230948
519862,1056419
742474,1311276
716194,1225672
395281,1093166
112362,1093973
1181333,1181351
1311997,1312024
358015,1061233
667937,1092064
1170061,1170074
1239395,1239416
1113083,1113106
458486,1090900
822442,1237501
1251403,1251426
687149,1064505
149159,1091904
1160847,1160881
234572,1228063
569284,1247705
868561,1228207
1038426,1274157
1124509,1124521
1309239,1309256
1197430,1197476
1219306,1219323
1221719,1221735
726599,1065200
559238,1098714
1117596,1117633
383494,1077588
127045,1228997
1223225,1223239
1258204,1258227
380381,1074740
1044161,1186261
343082,1095004
555060,1097445
1160720,1160783
1297298,1297331
526566,1229576
1183250,1183278
548571,1191522
317340,1058776
798488,1097069
143722,1277326
1205086,1205093
1188757,1188790
1321319,1321335
145343,1069560
1310487,1310494
1241265,1241283
1192402,1192425
1323579,1323611
107106,1055277
1311419,1311426
537047,1110317
1289469,1289509
1264585,1264592
275445,1084120
1234736,1234743
1141053,1141095
1160643,1160708
911673,1185738
1310592,1310619
995742,1224694
801735,1197149
986706,1320256
843155,1212578
1166956,1166973
249839,1090481
1143699,1143718
1112137,1112159
1161778,1161797
869300,1287180
1024271,1073429
1140697,1140728
1280900,1280916
1302141,1302156
1040154,1048504
1199839,1199873
1323113,1323150
1222299,1222313
1180043,1180062
115215,1068842
144255,1085726
1299351,1299367
144962,1103230
1132471,1132492
1042221,1046846
313385,1058544
472024,1083062
114219,1094276
1121588,1121601
823495,1282628
1256080,1256108
1321927,1321943
553888,1216632
1269107,1269124
1162771,1162792
714471,1078581
1241093,1241135
1241381,1241415
1293965,1294005
1158209,1158232
1154966,1154984
117618,1311346
1298498,1298507
1257001,1257029
1313999,1314031
1126373,1126387
335798,1079912
652545,1073128
324167,1267703
1191338,1191355
1264062,1264101
376113,1074468
1122045,1122066
1317462,1317470
688875,1194267
654925,1230969
350790,1066894
148121,1103333
1111858,1111870
452733,1095661
1289699,1289739
1178033,1178051
1044709,1044745
1009781,1248122
1187142,1187161
777419,1067015
1251834,1251847
1293089,1293091
944130,1088569
478607,1107473
150003,1217851
871773,1218241
1221624,1221669
349837,1060557
1130183,1130196
653125,1103211
1195209,1195213
1199936,1199958
117543,1245411
665659,1068900
1170515,1170527
906379,1197836
1323871,1323892
1318052,1318099
110352,1067688
1308462,1308470
136825,1070913
1241208,1241135
110539,1093611
1257126,1257135
845514,1204348
732245,1055644
1157961,1157988
1107138,1287263
1151650,1151697
1132221,1132266
1155186,1155206
588130,1194850
836940,1212226
1003369,1212702
651897,1066152
1173518,1173525
1136101,1136129
572202,1314697
1270955,1270972
1260678,1260697
781426,1081170
1020673,1096128
1185508,1185520
1273497,1273534
1218391,1218434
1262156,1262160
388020,1082315
146022,1103037
1266104,1266127
1025031,1230088
553153,1228490
1271130,1271153
1313278,1314446
1041680,1045461
369541,1066716
1302708,1302720
958726,1068148
1118321,1118345
1153291,1153317
530451,1276585
109113,1108944
397864,1062668
146870,1097030
1293004,1293015
616695,1182030
315924,1089071
1151802,1151841
1319074,1319090
766579,1089442
1155117,1155138
1164764,1164793
1162240,1162264
1207066,1207084
1151374,1151390
1254860,1254887
108205,1062804
1317766,1317778
776481,1092946
1135248,1135282
1003503,1110648
1138845,1138878
1196709,1196745
1196119,1196135
436194,1259953
413937,1073365
649437,1088548
1126864,1126886
1101280,1101312
816793,1217711
385340,1070662
276632,1223826
1010374,1233967
1204127,1204143
1252727,1252743
1305821,1305845
1162697,1162716
1284314,1284346
1271900,1271944
1257265,1257306
963359,1216511
147334,1095281
1112429,1112440
836702,1211625
1239437,1239459
1311997,1312007
1137927,1137943
657089,1095707
646468,1060158
1285657,1285674
1322443,1322458
1192724,1192769
691868,1236239
750078,1247324
1027913,1184049
401688,1236260
1165495,1165513
1255195,1255218
1153197,1153227
1312789,1312801
768167,1316545
1116367,1117084
394834,1095880
1253087,1253104
1290721,1290745
1189930,1189969
1191291,1191317
1155384,1155418
1258533,1258551
1050236,1050258
749928,1061280
1323178,1323184
1303328,1303344
801682,1197131
1201288,1201300
737759,1108294
1202694,1202734
650039,1074622
273636,1223786
1304563,1304603
1268427,1268443
1297222,1297246
737569,1059497
1141575,1141612
648858,1084702
117781,1228419
791630,1237712
393121,1232006
474083,1184873
1143328,1143344
442404,1072785
1160037,1160059
1190030,1190053
1177909,1177966
304728,1240945
1130183,1130226
1033202,1208880
1053451,1053479
1138710,1138723
650590,1066792
114154,1094125
1123089,1123091
1188695,1188735
1256300,1256344
1195519,1195535
437097,1216792
1250206,1250247
337702,1092541
1310004,1310027
1244406,1244410
1203856,1203887
328344,1059631
1282766,1282807
1282220,1282231
1179526,1179542
569444,1247733
298268,1108772
644394,1058117
870355,1213749
317340,1058795
417108,1087312
1244633,1244646
1291854,1291896
1288041,1288087
1288588,1288617
232830,1228028
1043838,1047873
1104420,1104465
881273,1108370
1152190,1152231
274372,1057239
647852,1061948
233761,1181754
1297163,1297185
480398,1088255
547410,1110109
846665,1228921
1141394,1141413
1276138,1276155
1180140,1180186
358015,1061214
948394,1095500
1171004,1171043
1188184,1188227
1279761,1281613
1262194,1262211
1307166,1307204
1170845,1170866
1043926,1169657
1160909,1160945
678659,1182581
1254012,1254031
991162,1066390
1263469,1263495
823870,1097789
1187713,1187732
1039031,1203989
1124815,1124858
815326,1193937
476815,1227725
443420,1245005
1263051,1263079
1314904,1314943
1319438,1319455
460709,1071882
962224,1077820
486514,1218475
1189694,1189734
1307735,1307774
1243246,1243251
940691,1057554
993954,1081865
1269294,1269315
963177,1212858
1151199,1151217
993070,1215285
1292531,1292549
1294815,1294836
1159495,1159509
845289,1271963
1251921,1251945
1113970,1113991
1166611,1166630
1306348,1306353
1033169,1188496
383210,1108111
748415,1248076
1262689,1262708
1272693,1272733
1044190,1044212
261442,1056156
992554,1060416
737414,1092967
143535,1099274
1302847,1302868
1300217,1300255
116654,1094529
448808,1085150
1002523,1097263
664526,1097704
1157510,1157534
1258412,1258454
1259723,1259747
1317126,1317142
1203319,1203335
114014,1068287
1237636,1237658
1306722,1306746
1263051,1299691
1231619,1231626
145928,1069001
1130067,1130080
809077,1194246
557858,1253311
1199106,1199110
1026391,1215919
1185786,1185826
1274750,1274778
1246006,1246023
444403,1077307
1244900,1244916
417183,1063346
1291812,1291820
1145618,1145656
1279761,1280315
130297,1191735
310361,1195127
1005701,1214150
959969,1085317
1144004,1144015
1121722,1121746
583720,1169378
1279761,1281576
1302881,1302909
1185755,1185772
1121767,1121779
1161220,1161265
1185786,1185803
1107062,1107089
1241458,1241491
1280755,1280764
1146115,1146143
579141,1078421
1245550,1245578
226197,1056118
226329,1056593
719069,1078024
1117391,1117410
1177517,1177555
983340,1096907
1172010,1172034
146681,1206593
1251966,1251984
136927,1078167
1186149,1186183
1224233,1224246
1140650,1140678
1178363,1178371
1171425,1171441
114112,1313104
1250657,1250674
1136619,1136657
1140422,1140433
407461,1062964
368406,1253640
443075,1072342
1106405,1106446
1284540,1284564
1213207,1213224
1038474,1274135
1233404,1233415
1310822,1310846
1111149,1111154
393742,1070564
150320,1092161
107134,1235433
1152093,1152126
1277595,1277613
787135,1075634
647248,1093068
1149239,1149256
749928,1061279
1271452,1271475
361298,1081213
759566,1083247
1131680,1131701
1251966,1251978
1234445,1234466
1040219,1044824
353569,1083879
1234318,1234339
770832,1194159
1241518,1241525
1232533,1232551
1102469,1102476
105868,1066096
1135187,1135207
120113,1110034
1258483,1258505
1231473,1231487
1289889,1289891
1209413,1209432
109960,1067949
1185861,1185900
1279828,1280260
1307859,1307871
117192,1082130
1126237,1126259
1238532,1238545
1310690,1310711
276632,1223842
1153844,1153863
1313330,1313348
1146471,1146485
1142899,1142913
662214,1217954
1250559,1250571
1111964,1112026
1283338,1283355
1297100,1297144
1318258,1318262
1238005,1238046
1219692,1219732
412516,1080539
734436,1059736
1191121,1191145
560878,1110215
1156878,1156897
446074,1096061
1189589,1189625
1279828,1280148
865299,1223512
749888,1061246
114545,1058635
553327,1099046
963098,1204601
1127116,1127137
1251720,1251749
287187,1084344
737255,1088697
1282458,1282470
996855,1211308
333874,1092659
473629,1066065
1263290,1263300
1042981,1046027
727185,1064289
1303183,1303203
1149169,1149182
1221514,1221533
1101558,1250592
682015,1268853
1257086,1257103
1192186,1192206
1219443,1219462
698726,1059432
962997,1195039
1163417,1163438
778794,1269614
1234575,1234612
798658,1066498
1200431,1200449
112583,1093859
1253574,1253590
1277012,1277031
789185,1098463
1254609,1254613
1136456,1136473
1101768,1101781
967719,1227862
1279828,1279939
964724,1057622
427846,1064006
1129572,1129593
1158849,1158865
398906,1249321
1263371,1263392
1041389,1046707
1162414,1162433
1322443,1322462
1195463,1195485
1245098,1245112
1189850,1189866
1165964,1166023
1190770,1190789
1254904,1254943
1268220,1268231
235378,1258757
1252608,1252612
110895,1067880
1187220,1187254
1283567,1283607
1289699,1289718
1263858,1263862
341701,1208642
698669,1253127
1276833,1276879
436847,1064340
651171,1083101
527797,1224536
681973,1242744
1231559,1231563
810088,1227392
1302380,1302398
1249795,1249814
424514,1109628
1115750,1115797
1271900,1271928
1220341,1220387
378302,1061866
398189,1076052
646826,1093393
481979,1084079
947437,1235759
1261575,1261599
287754,1088390
545306,1247780
1104420,1104449
1161685,1161709
109859,1067642
1326953,1326976
1144920,1144949
1220935,1220974
1176888,1176890
1283837,1283871
644373,1057861
685250,1075385
576649,1277700
1289521,1289532
1178448,1178453
651401,1096429
1239158,1239170
1276223,1276247
1277645,1277666
1293585,1293626
766885,1319515
425758,1077722
271832,1095089
250335,1087116
1291041,1291056
1178584,1178606
565737,1311044
559467,1097608
1201033,1201067
1207107,1207124
104882,1215649
1017859,1185963
1173001,1173029
477458,1185009
1194061,1194088
768762,1217138
1243976,1243995
1275749,1275783
557532,1275085
1151860,1151915
145218,1061159
1199342,1199361
1259602,1259625
1237875,1237881
353856,1209030
1121519,1121535
1185097,1185130
1323386,1323408
532540,1324367
642987,1066595
150775,1093816
418314,1086961
1267227,1267243
642006,1215770
1258081,1258099
1312789,1312829
1157893,1157935
373897,1273727
1175286,1175303
334438,1059872
398297,1084154
277851,1108565
479222,1074861
650376,1089950
1189331,1189349
406729,1237207
346753,1060311
644886,1089691
674776,1110412
1116187,1116224
1039613,1048365
1218900,1218928
1141216,1141237
681859,1244565
1242860,1242887
1044644,1044663
356501,1214034
1111235,1316681
1236679,1236717
1303578,1303597
1100906,1100923
1216716,1216737
570212,1214925
393742,1229361
469102,1227647
375131,1061747
1140697,1140716
1219142,1219174
1265192,1265233
114014,1068304
1156660,1156687
1152093,1152103
651641,1110624
1287988,1287990
136785,1070950
554042,1299517
1044709,1044721
1201836,1201870
446911,1072467
1270344,1270363
661411,1095769
1285814,1285851
829202,1298792
1241458,1241470
1050790,1050816
1232496,1232514
1105581,1105608
315948,1089092
1268979,1268998
1145866,1145907
466872,1071064
811036,1324346
757612,1223729
397840,1062606
689621,1193651
475651,1077444
1284488,1284490
1289741,1289760
1040566,1045044
1021487,1247002
557725,1097523
1182886,1182893
1021460,1278003
1263509,1263521
723814,1292050
114316,1061768
261921,1076197
117845,1070501
637694,1237269
1054485,1054526
1014129,1204779
356501,1214010
778938,1087911
1190445,1190450
1244358,1244370
1035590,1092807
1291221,1291245
689825,1188068
291242,1091020
1293851,1293898
1144193,1144210
388744,1229229
373911,1183664
1120135,1120157
1163641,1163687
1202845,1202866
939779,1060459
996608,1063720
1026434,1276206
287754,1088414
301351,1084385
504842,1206501
1187600,1187637
1011069,1102509
1175728,1175744
545306,1247779
648469,1063187
351033,1183519
1136164,1136172
1036998,1188412
991245,1066357
742796,1260008
1134876,1134882
1173811,1173830
1184684,1184728
1306018,1306025
737613,1108239
459653,1075300
662438,1084940
1147703,1147719
1261387,1261413
656860,1110145
1199771,1199792
1236499,1236512
1180931,1180949
690439,1098444
1184077,1184110
1133612,1232166
1248263,1248285
1302461,1302488
126540,1233869
576649,1277684
343237,1066839
110489,1179877
1322086,1322103
1303149,1303165
1291382,1291395
758463,1089712
1172355,1172372
646391,1095101
1114519,1114535
1141886,1199970
1006972,1248620
1165344,1165363
715692,1066759
1123252,1123299
1300152,1300199
818787,1206044
777419,1066991
315128,1076533
419152,1095027
1100437,1100459
1101365,1101401
1239232,1239250
1134347,1134352
1140467,1140479
1052752,1052775
1139941,1139960
1179686,1179705
1150481,1150508
272385,1057078
1164583,1164605
1309803,1309826
246778,1210981
857087,1224019
1152685,1152709
1258204,1258243
761064,1110355
1155983,1156003
1152967,1152980
742102,1110546
1223124,1223169
1237037,1237059
1105715,1105736
1284720,1284749
1197929,1197940
428614,1195640
1230298,1230312
1257914,1257951
1010480,1061440
644649,1071745
962899,1204705
742777,1273237
647899,1225158
1185755,1185764
1253444,1264954
887414,1085885
546593,1212424
1113621,1236362
382614,1275627
1125215,1125227
110381,1067724
1189331,1189354
1203152,1203168
1248030,1248053
1173594,1173616
1148415,1148443
648392,1063000
148204,1069368
851946,1086886
1269667,1269680
1309861,1309888
1280565,1280583
532564,1325537
111158,1081330
538685,1097840
780252,1088936
1282766,1282784
1163279,1163312
1192460,1192500
802384,1211246
1251442,1251461
573898,1246338
1040392,1044922
770813,1194185
146760,1065445
1262442,1262457
1191885,1191918
299292,1091199
1250091,1250138
856546,1073706
402113,1087472
1120029,1120040
1054330,1054353
1177379,1177398
1300825,1300860
1019066,1246431
462698,1075183
108687,1081297
1051964,1051986
1182801,1182829
114033,1068343
132022,1260181
1022757,1088530
737479,1095384
1285036,1285058
650655,1074944
1295197,1295215
289060,1194799
399993,1075891
1040972,1045141
1171814,1171851
110998,1184613
1136350,1136378
1040344,1044905
1117327,1117336
693947,1057370
1223406,1223434
1194723,1194747
1290157,1290188
1127354,1127377
888625,1065167
1138969,1139023
886378,1089380
1307956,1307973
1179191,1179213
1275823,1275868
1131009,1131013
356868,1071807
117090,1076695
1308784,1308797
1309452,1309499
1242255,1242264
856393,1075794
1102411,1102424
1150032,1150045
1190683,1190696
1287886,1287926
1253162,1253189
115372,1094708
667452,1099702
1161352,1161375
815326,1193959
1231309,1231321
1320698,1320738
1327237,1327271
653662,1216433
573186,1215608
1143843,1143889
1318412,1318420
1231585,1231592
1054865,1054883
1040235,1206426
1264172,1264193
114972,1061312
1201993,1202035
1325954,1325977
110882,1093695
645737,1109174
1142749,1142783
1178120,1178149
742141,1193481
1003039,1198712
1211723,1211878
1260083,1260106
1317979,1318010
116146,1094490
1137433,1137479
1143469,1143482
1164176,1164182
1165862,1165889
1212794,1212815
1230747,1230768
1280900,1280928
667218,1233811
1011497,1080587
674977,1098485
1294858,1294889
304293,1058210
1259884,1259907
1261497,1261510
993898,1081831
1112907,1114056
1168715,1168736
104212,1078665
1308323,1308334
700209,1224982
1131195,1131239
1199049,1199083
1013363,1225025
111127,1218452
665882,1071103
1260716,1260728
1211953,1211930
1270300,1270316
690281,1098232
1118473,1118494
1238794,1238804
1201344,1201363
1293494,1293516
1136004,1136015
1322556,1322573
649485,1088582
110539,1093630
1175548,1175582
1021931,1258973
1260609,1260621
777419,1215105
1168053,1168082
1282946,1282979
1134427,1134458
1309327,1309362
1307258,1307291
1304384,1304397
1295580,1295624
1285657,1285661
1318994,1319035
1026124,1212079
1293313,1293332
1140744,1140759
372792,1094823
1120212,1120231
1195865,1195883
1236738,1236772
357304,1061116
647984,1069381
1138656,1138673
725023,1290093
1162632,1162678
326651,1070643
238733,1197177
110876,1229293
1253503,1253526
1280755,1280772
144272,1085828
779266,1247664
994901,1319673
1042588,1045749
1055055,1055072
693189,1218531
1136908,1136920
1157817,1157838
109828,1225601
1144070,1144091
1317709,1317745
1201080,1201098
646772,1093338
455806,1184792
1256901,1256940
1253705,1253746
659443,1214902
1288463,1288485
851848,1059715
113690,1081883
142105,1086413
1286591,1286602
527797,1224527
106642,1062046
845956,1097341
1312523,1312547
1197610,1197652
996076,1086146
1111741,1111787
1188533,1188551
790840,1299658
1140650,1140666
142373,1086285
441700,1107619
1134637,1134644
1241616,1241637
1162199,1162229
1105421,1105445
656759,1084929
1155281,1155309
555779,1212739
957093,1229771
1292614,1292651
1312715,1312727
655263,1055745
119253,1070037
973030,1071967
342574,1075870
776447,1098883
1123603,1123635
1050837,1193107
1208674,1208690
1237125,1237141
1125695,1125719
1295788,1295828
1035143,1188454
1120594,1215683
408424,1088096
1133654,1133696
1152848,1152869
560251,1097620
1256578,1256597
1135044,1135059
1104546,1104567
107134,1078409
1246676,1246695
960927,1068803
1303183,1303196
697869,1090195
1004873,1088771
872233,1184818
1176032,1177823
1277943,1277962
1238337,1238359
1233404,1233427
1117803,1117842
1278618,1278639
888821,1218651
1111177,1111183
1018212,1076431
1148573,1148594
1172514,1172551
1266056,1266073
1266324,1266348
1134998,1135028
661300,1063984
344404,1079487
412931,1083626
1117287,1117294
555820,1110166
1249275,1249309
1024974,1181806
234572,1228044
1236679,1236698
1186288,1186300
1203621,1203645
320159,1085081
1280336,1280358
1292225,1292241
1120951,1120967
1173249,1173265
1242915,1242936
1225849,1225865
1208062,1208089
319793,1193468
1314414,1314446
110811,1067822
1128511,1128530
1105791,1105817
273488,1239906
1311796,1311810
1184405,1184414
1044017,1048035
232556,1055310
1149327,1149362
1322692,1322709
1198187,1198207
1184684,1184700
1233659,1233671
1273082,1273105
1035039,1182409
428596,1064121
1254480,1254498
1196967,1196980
383332,1231983
903582,1271835
1044126,1044142
1203357,1203374
653691,1185078
1270300,1270328
1311720,1311731
1171223,1171268
1183459,1183471
334813,1108097
353632,1091238
1027932,1184008
1324173,1324211
733146,1080876
1272693,1272714
599611,1186344
1238756,1238760
425341,1063881
453552,1087515
1138222,1138233
1003779,1103555
1044587,1211100
1324102,1324125
1165453,1165469
965396,1085355
339422,1096602
1238067,1238079
1215990,1216008
781380,1077471
1044525,1211090
1123418,1123425
1005577,1235785
1171769,1171782
1101464,1101472
1238634,1238652
1044296,1044310
145667,1097024
681828,1268778
1198670,1198691
1242152,1242175
785169,1193565
1242335,1242357
1107138,1287244
1042444,1047238
1272601,1272629
653997,1099392
1114590,1114617
136927,1078180
1201288,1201328
391217,1225266
742731,1262488
1266910,1266934
699331,1102917
457887,1217537
768484,1229123
534912,1073320
778972,1072609
1288041,1288060
1180571,1180592
313154,1058537
434812,1095730
1208674,1208688
1309452,1309475
1280452,1280499
1205381,1205404
742796,1259995
323616,1074021
1289411,1289424
952200,1223698
1254569,1254582
1271452,1271468
360767,1082717
1122304,1122327
719387,1292013
1312237,1312244
967695,1227917
790942,1082819
1323483,1323496
1292963,1292971
1105237,1105259
1268093,1268103
1272189,1272221
519337,1075080
1253849,1253865
1051725,1051741
1136210,1136223
325054,1096401
1041013,1046140
825656,1313039
1317807,1317824
1278747,1278781
108813,1108153
291112,1087026
1009417,1089490
612020,1168872
232830,1227986
1242825,1242841
1244786,1244803
364533,1072065
996654,1063783
740792,1073845
690384,1098297
1288910,1288934
1166317,1166338
107152,1078360
1018254,1058004
1158428,1158437
665462,1074549
448542,1095164
1111647,1111668
958726,1214204
1112493,1112515
1163821,1229152
1049994,1050010
965171,1060733
1156214,1156251
1289363,1289392
1307956,1307960
1179981,1180004
1324810,1324852
674537,1059011
361354,1081250
1206643,1206662
814007,1206224
1263718,1263739
1134190,1134212
1282038,1282072
1273360,1273387
1307859,1307892
568773,1214726
1017522,1059770
1281841,1281873
114261,1068406
1159815,1159843
1123707,1194192
562227,1242621
653691,1185066
665671,1065620
1155281,1155321
1149944,1149992
530666,1217563
328407,1213322
114836,1082045
1185218,1185239
143542,1085648
1183213,1183221
1114245,1114266
1144880,1144908
1307579,1307611
823718,1274573
1043926,1047970
1112279,1112298
983340,1096884
865460,1109502
748830,1215817
1265401,1265417
1320835,1320874
768259,1219807
750009,1107898
1042266,1046920
311497,1181868
482467,1092415
963392,1194589
1274470,1274491
1041287,1046528
647984,1069404
1284604,1284627
1180748,1180769
1050676,1050695
1007824,1084257
756464,1064925
719069,1078007
1290518,1290556
993833,1081820
262095,1223646
807098,1103932
715616,1213092
533718,1078961
1316316,1316337
1247975,1247999
1272968,1272981
1326061,1326100
1208776,1208795
146870,1097048
1155473,1155487
652725,1074842
661344,1247561
569975,1325724
1202694,1202710
585450,1212014
1300666,1300684
435848,1247588
1250091,1250117
737238,1073185
1164009,1164013
1232892,1232918
1166258,1166270
1142899,1142932
1314609,1314613
128805,1228248
1324689,1324720
1203498,1203530
1301736,1301758
143170,1097198
748830,1215855
1241922,1241946
1023001,1186046
1152306,1152334
285020,1057475
461492,1080933
306316,1083563
274338,1083748
1125735,1125790
723397,1287200
1252988,1253002
378373,1061884
861152,1247104
1305222,1305267
1211897,1211930
871681,1247865
1026107,1226637
648288,1080017
1162096,1162110
478624,1230019
147157,1069126
323470,1073948
656175,1085533
1238392,1238424
991780,1102606
1170185,1170205
1289836,1289858
109761,1225664
1042733,1045847
1197964,1197972
1317616,1317628
1123822,1123846
1131256,1131273
813745,1324398
1323243,1323262
1298936,1298958
1148190,1148212
537227,1255667
834873,1225400
1231193,1231234
1173119,1173126
341050,1082370
790988,1218614
1315452,1315475
437021,1064386
1048799,1048832
856372,1063708
1115914,1115951
1165699,1165718
124923,1198435
1149888,1149928
1151433,1151467
530096,1259100
674247,1090667
812669,1099606
1123880,1123920
660598,1096159
1164225,1164260
555779,1212725
1112233,1211222
1306588,1306601
737199,1096267
1192528,1192537
1307676,1307682
136147,1092296
1142501,1142517
1132018,1132056
616630,1169528
1024552,1182292
1276949,1276954
1311689,1311708
1207740,1207764
845514,1204324
756660,1275555
1308914,1308933
648901,1084741
1311488,1311490
459215,1316597
382614,1107313
119984,1070085
419152,1095043
1290017,1290055
1285724,1285748
958703,1070783
1251092,1251118
1223182,1223195
1143623,1143647
1279828,1281511
1199433,1199451
1142059,1246477
1000619,1235632
1123603,1123642
254776,1083730
645077,1108890
1157599,1157612
1209302,1209325
337288,1079585
277690,1082614
1054158,1054191
1314498,1314511
1221837,1221844
357218,1061074
1238718,1238725
1102469,1102482
372792,1094847
487526,1185391
459630,1075344
569877,1215387
767041,1316430
106949,1080381
1132136,1132170
1179779,1179798
1215048,1215069
666490,1063847
148243,1096747
110489,1179883
991820,1102623
1310730,1310753
1054428,1054463
1190547,1190568
836827,1169117
1200227,1200236
1148277,1148296
1297976,1297995
1162147,1162168
237466,1055539
1241745,1241784
665415,1077245
439180,1184511
1151480,1151507
330935,1308029
543077,1228398
743448,1247601
1263203,1263226
688875,1194279
737650,1056875
1100779,1100798
1309577,1309583
485005,1091943
1143756,1143773
117222,1056194
651171,1083089
1037917,1083402
1125364,1125386
112389,1094037
1104607,1104624
1286163,1286205
114889,1055797
1248649,1248665
1167906,1167947
1170948,1170969
1043325,1047480
1184632,1184666
1251488,1251490
1151759,1151785
583754,1169418
1174325,1174341
127045,1228978
146022,1226415
1224809,1224821
1297602,1297625
1189752,1189775
420463,1276707
1232227,1232236
1206063,1206102
836702,1211641
664655,1091666
665811,1236176
273102,1057153
442306,1072728
1135847,1135868
1128357,1128361
1022454,1231965
1253780,1253820
653604,1098722
332313,1082452
1165235,1165242
1279761,1280182
993004,1227787
356636,1084566
1237670,1237691
1278907,1278924
826158,1311118
343413,1231805
1314414,1314422
1122554,1122565
519955,1184342
1245794,1245836
1290628,1290637
1293494,1293537
1319128,1319163
106908,1080443
103095,1078801
1135380,1135398
1016459,1103984
1142419,1142457
1276769,1276776
1040469,1044946
104539,1215007
1274017,1274055
648469,1063160
1148231,1148254
1230171,1230192
1313877,1313896
820927,1249439
1280410,1280434
1265536,1265543
226132,1325516
363899,1074900
1192603,1192619
564903,1314678
1164225,1164241
695772,1231690
1317404,1317443
1234373,1234387
150775,1093837
1257443,1257462
246778,1210968
291862,1212521
962765,1204638
1191837,1191863
1260272,1260293
1136707,1136724
329617,1213461
249839,1090508
1216201,1216217
1307052,1307068
1006972,1171487
1176992,1177037
1194401,1194429
1230656,1230694
1241381,1241399
1325252,1325275
1157855,1157872
793499,1073884
319772,1193452
1116085,1116102
1279340,1279355
274580,1235479
1252259,1252292
1112723,1112734
669413,1102804
426548,1084668
1140240,1140255
338139,1181921
291929,1108680
1041327,1046626
583720,1169397
1173161,1173188
1301506,1301523
108279,1273552
1318994,1319019
114371,1065409
1127558,1127570
1159702,1159741
1166726,1166761
1009781,1184970
1186955,1186972
1319884,1319907
262167,1056295
498119,1182228
1285619,1285635
1200611,1200630
801682,1197112
907740,1093291
649503,1088632
1243320,1243349
358062,1079223
1121002,1121041
1155036,1155058
394834,1095908
530451,1276563
1048982,1049006
1190935,1208920
1316274,1316290
114080,1225073
1259205,1259222
687219,1075046
904588,1209838
1223406,1223410
1021592,1226830
373570,1090740
1287568,1287581
1167655,1167672
1180460,1180487
114235,1094314
558777,1098640
143664,1084545
1299852,1299899
1200735,1200757
544189,1097988
1326866,1326884
1303929,1303938
1138185,1138205
1173998,1174030
760997,1224057
782263,1235175
311114,1083642
995695,1235582
652521,1073088
106657,1078704
1181442,1181461
585935,1224331
1305618,1305639
1053650,1053697
274372,1057218
573186,1215612
940691,1162031
1171062,1171070
1163074,1163090
1152628,1152663
360557,1261180
1153941,1153960
1141758,1245597
1004422,1187208
1323386,1323420
1041050,1046186
532658,1073222
1139420,1139454
1297976,1298012
674674,1226208
450022,1078228
1105167,1105200
1279761,1279939
1267742,1267757
565744,1311071
117706,1313158
1101331,1101349
1321123,1321168
744977,1218577
1315520,1315549
1323837,1323859
1137342,1137388
1167041,1167060
1001754,1109086
1009781,1184958
1003557,1069905
1138591,1138602
1192186,1192223
326835,1091264
1026370,1088217
1203152,1203175
1281181,1281201
1223531,1223554
1324276,1324314
286107,1108651
1250748,1250753
1020656,1088818
1284442,1284474
434812,1095748
1199106,1199123
983291,1096845
1131835,1131857
1133926,1133942
142373,1086263
1301445,1301466
1171912,1171920
1128873,1128894
373813,1090260
148892,1092190
798488,1097082
1243504,1243527
1171140,1171164
557702,1097506
536245,1098162
778917,1082554
1283939,1283941
1296409,1296445
1232496,1232505
1002011,1313056
1219778,1219797
766885,1319536
1169867,1169880
327028,1095528
259423,1223577
1286866,1286884
1296935,1296974
1222366,1222402
993004,1227760
657275,1090605
547107,1097886
1128083,1128106
1287789,1287791
120023,1109644
1262834,1262852
1221892,1221902
1272395,1272416
1240380,1240398
1298083,1298106
1282375,1282399
1304965,1305003
1181615,1181658
1200047,1200075
1262643,1262658
419388,1273957
781823,1069040
342574,1075858
401309,1229480
1126801,1126829
1125892,1125918
1243687,1243694
1286464,1286486
742777,1273228
670802,1091962
136759,1086864
1167906,1167923
870522,1209649
143526,1099290
1121170,1121191
1301302,1301318
1194003,1194042
763969,1213720
1145472,1145486
1133855,1133864
114235,1094295
1166918,1166939
1166465,1166505
1174581,1174608
689217,1217345
109994,1093703
819191,1273292
362718,1209510
794543,1056398
256232,1072943
750009,1230042
1170781,1170821
1231397,1231418
491292,1274539
1292304,1292327
1164928,1164937
476815,1227741
473629,1066049
1243878,1243897
1003655,1069980
585450,1212022
1141575,1141599
274355,1083782
657089,1095688
1313640,1313664
1218391,1218410
111158,1081324
1223406,1223423
317068,1093109
1194625,1194641
912371,1187462
1042655,1045783
1039613,1048349
1296620,1296665
1192724,1192748
1313428,1313437
765014,1059076
144077,1099453
432536,1108389
1283987,1284028
1187946,1187951
109420,1063540
666028,1103457
1283412,1283454
439069,1216887
1154253,1154276
967735,1227794
646554,1060170
349227,1096543
1042542,1047319
1241830,1241853
1150520,1150549
1293275,1293281
1134427,1134443
112764,1282709
1279761,1279800
355404,1085567
388446,1073163
274355,1083805
1288330,1288353
1279828,1280304
760398,1091303
1024271,1073440
1140342,1140357
1267289,1267301
1106763,1106802
1186993,1187029
694479,1065082
778955,1072569
656716,1084889
1288542,1288557
1320633,1320679
416443,1249724
1041959,1045662
327028,1095516
438309,1079425
1191994,1192004
442231,1072700
1147317,1147355
1026481,1194602
1033362,1235530
798211,1091498
479222,1074888
1123043,1123058
116146,1094517
1149358,1149362
1297799,1297813
1207009,1207021
1248649,1248654
1005667,1214132
1041971,1045708
484680,1058931
533718,1078988
1290306,1290323
1141302,1141341
1180516,1180537
1240435,1240457
1260388,1260422
306316,1083544
1118559,1118563
1250707,1250724
1123769,1123782
1149646,1149680
1286710,1286723
1234373,1234394
228478,1087159
1238756,1238773
1308283,1308306
113851,1056457
1120951,1120980
487485,1183574
1285418,1285456
1285920,1285949
732324,1108819
1289183,1289196
147157,1069103
485112,1070102
1195463,1195492
1172941,1172960
1309389,1309406
1196853,1196876
1320835,1320857
653765,1230057
693733,1213501
1038426,1274174
236527,1210854
549466,1191551
1220581,1220612
1182704,1182727
1113700,1113728
477436,1184989
945843,1254524
658803,1084290
1177604,1177643
1279828,1280195
1211832,1211850
1246262,1246291
844098,1249500
1252683,1252704
1161296,1161334
1169949,1169965
639435,1184856
1189163,1189185
1271583,1271596
1001586,1076939
472076,1065840
907370,1087850
805923,1298576
1196998,1197014
903582,1228125
1196709,1196721
309527,1251765
1152347,1152352
481381,1108468
856719,1098189
325530,1083954
1006131,1246372
1324810,1324834
1258676,1258682
1240000,1240044
441684,1107571
254795,1055895
959911,1085291
1203737,1203771
1293043,1293062
1135380,1135403
1125291,1125317
1173876,1173914
1181224,1181248
103216,1304626
580923,1091405
1263509,1263532
1049081,1049109
1276898,1276908
1263773,1263787
809077,1109352
110709,1067782
1215341,1215360
648288,1080001
1322922,1322967
311497,1181875
119984,1070063
643616,1274518
113879,1081640
1303005,1303022
1054601,1054629
1040545,1045000
460750,1071946
1312082,1312105
1302269,1302276
480276,1090565
1263597,1263610
1186993,1187001
998096,1184286
109258,1058753
1010530,1061464
1297396,1297429
1297440,1297464
1242785,1242802
1262754,1262777
1270741,1270760
599611,1186328
1219489,1219502
365612,1072303
1295892,1295918
254851,1055933
1193066,1193078
1288664,1288705
1286233,1286251
1306444,1306459
810365,1066083
1302945,1302984
1241922,1241967
1272968,1273007
1223260,1223273
113350,1081601
1142689,1142708
1143183,1143196
1281927,1281943
1181092,1181139
1199147,1199168
1105030,1105053
1121444,1121463
1181224,1181269
732324,1108826
1011356,1260480
1226556,1226560
1135139,1135141
1270014,1270033
1040051,1048429
1167485,1167526
1172774,1172790
1234200,1234244
1222592,1222603
1011048,1075226
766023,1217814
1307449,1307454
778972,1072621
1262403,1262426
1041605,1045367
1258816,1258837
1287285,1287292
1100221,1100266
1029601,1091645
1260507,1260524
368512,1075453
1018778,1249366
1261919,1261935
1052995,1053031
335798,1079908
1201080,1201108
1242576,1242582
114022,1225767
828404,1083268
313385,1058559
1024534,1182318
407314,1184229
1177442,1177488
1181187,1181207
1290306,1290310
1100324,1100330
1171657,1171674
1051964,1052003
1292304,1292315
696760,1110496
785549,1103945
1021537,1108499
234118,1223475
715306,1067172
948394,1095487
1257161,1257174
797843,1224710
664705,1187778
298585,1083814
765033,1059095
143722,1277319
1323774,1323816
501470,1232047
1232533,1232546
436847,1064329
1161489,1161491
670576,1099183
443496,1074786
361354,1081232
355462,1084242
1321319,1321342
1254785,1254802
835050,1225526
113833,1056517
114385,1109998
1159316,1159337
1040482,1044980
1221774,1221816
1266018,1266039
767041,1316453
779087,1087455
352019,1092628
1256578,1256584
1106530,1106553
1053970,1053991
989385,1098213
847878,1314759
1017580,1218803
1221386,1221412
112740,1057900
1277012,1277054
1173637,1173644
1252762,1252770
737096,1096280
1152922,1152933
1257126,1257142
1201344,1201385
1186675,1186718
1309614,1309622
272337,1057032
1106958,1106989
1263371,1263411
362718,1209534
1248534,1248575
1299351,1299379
555923,1186787
1287988,1288002
553130,1228442
142179,1107977
957142,1229716
1248534,1248552
1129984,1130005
667287,1228269
249326,1107776
1317188,1317208
348171,1060353
1147703,1147735
228727,1075261
1152628,1152659
397506,1220237
1312048,1312053
1026050,1226692
237146,1079931
1323837,1323844
687079,1083500
887511,1085960
723867,1091841
1164651,1164679
1290017,1290038
272385,1057050
1026646,1275586
1304460,1304473
1287654,1287696
801735,1197154
386886,1199737
108911,1059356
1151802,1151825
108185,1273612
353873,1209053
1118439,1118456
836578,1188023
1257381,1257404
1122596,1122605
944130,1088576
1149475,1149499
656255,1057764
1246204,1246227
801496,1091548
1175650,1175697
1220715,1220736
1279761,1280066
120289,1196017
1262367,1262380
759407,1211438
1312179,1312216
1038572,1066433
841395,1087656
1174484,1174506
1148979,1148998
1238242,1238261
1264626,1264661
1318925,1318939
1302380,1302403
669259,1102836
1248903,1248919
593665,1168893
273529,1057176
1131740,1131786
1138591,1138618
1146705,1146722
1298530,1298548
1322334,1322352
114316,1061781
582469,1169234
302114,1079690
1284765,1284783
1164963,1164971
1040972,1045160
1281927,1281962
1041287,1046460
137101,1078840
1158002,1158018
645737,1109157
1174838,1174855
1259396,1259438
1051725,1051760
429998,1090327
1156035,1156057
1158428,1158444
739994,1215180
1137744,1137785
1186804,1186827
353678,1109220
1043360,1047524
1176032,1177806
1300020,1300065
1051901,1051929
470707,1065743
128748,1070160
540496,1097801
1117434,1117452
1132471,1132519
737569,1059510
241871,1194694
373911,1183672
1311765,1311777
241871,1194706
115204,1094765
325856,1182926
398686,1062760
261636,1075495
646287,1097151
1123206,1123210
1265308,1265349
1246533,1246546
1289917,1289929
231595,1077808
1263005,1263022
1173161,1173208
870372,1213834
1307676,1307719
1198913,1198921
1300319,1300342
357009,1082256
742731,1262501
1274895,1274933
1290249,1290283
1033097,1182484
1316165,1316183
1315520,1315565
1157665,1157683
860389,1096116
1177517,1177538
565335,1311016
1198059,1198092
1238448,1238469
1136252,1136275
1312484,1312497
1106763,1106825
1240517,1240540
320660,1073543
1296801,1296829
114675,1236786
1161895,1161914
1151031,1151054
1186108,1186120
1123563,1123585
150752,1057434
856372,1063689
1200270,1200289
1113524,1113548
1185294,1185315
1233161,1234082
1318340,1318364
457887,1080174
333148,1083996
1014129,1204798
1252926,1252942
145633,1069188
1191757,1191774
1282220,1282249
881959,1252216
1264281,1264299
958726,1214197
1318291,1318317
551291,1097903
844652,1227566
1154037,1154059
871773,1218260
297508,1194982
114476,1058674
957882,1097409
1288162,1288209
1258301,1258329
848083,1314763
917027,1098503
1112687,1112706
1249983,1249996
1246918,1246939
1252450,1252497
1016906,1085431
696177,1058456
1325138,1325140
767437,1226375
265971,1056555
1165453,1165476
316324,1083585
1039595,1048308
1280370,1280391
1133228,1133244
1315107,1315148
1176153,1176169
665692,1073602
658992,1229008
1305911,1305953
1250898,1250912
1044462,1044502
1134637,1134659
1173556,1173573
1102274,1102316
1138377,1138396
1148310,1148375
418314,1086988
1193680,1193701
1286710,1286734
1153145,1153166
1039240,1048116
1129085,1129102
1324593,1324615
1261341,1261360
309061,1079867
767143,1089139
1273789,1273817
1158526,1158542
1157200,1157228
636133,1168838
1276949,1276965
1018778,1249350
526773,1228604
117723,1081952
117781,1070403
114120,1094173
1165827,1165843
1043510,1047697
1142269,1142276
110644,1179854
1239664,1239722
1306526,1306542
642987,1066613
283637,1079089
737008,1108729
1279828,1280182
1230472,1230515
917027,1209817
1315452,1315499
1166956,1166960
1192642,1192661
532059,1087042
333874,1092663
1202128,1202137
1183767,1183780
647461,1092732
109420,1063529
114836,1082050
1182743,1182762
1145618,1145639
246721,1210923
1303363,1303371
1320066,1320084
662267,1099120
1152142,1152157
737792,1056810
1246863,1246871
115533,1094662
570876,1102993
1011665,1241368
476675,1247115
308648,1079730
1279828,1280315
1222949,1222983
1203031,1203077
398311,1062681
1201647,1201681
573795,1246412
1153551,1153579
1273024,1273048
1227235,1227257
448542,1095140
782285,1282600
1160253,1160295
1022291,1235887
1233040,1233064
1038380,1076653
108878,1081767
1173998,1174011
779284,1217247
1241685,1241709
1210590,1210617
1301988,1301990
145343,1069587
907225,1087799
1207239,1207273
478607,1107487
526901,1229991
765108,1064863
763969,1103899
659135,1209696
1028177,1229530
742435,1099836
1305527,1305536
1298217,1298238
1277744,1277763
1270668,1270681
1027461,1085393
1159760,1159787
1161573,1161594
266858,1207888
1245718,1245756
666984,1068021
351098,1096026
1165177,1165196
1168534,1168547
1257208,1257212
1114162,1114189
748415,1248095
1051112,1051131
1164963,1164985
1001457,1235342
1123313,1123332
1183250,1183266
1114162,1114209
826158,1311092
1180674,1180690
1292475,1292499
1012160,1063442
789515,1216744
1289051,1289014
582668,1185256
665399,1077297
291165,1194897
1107004,1107043
1263261,1263274
1111964,1111986
1035073,1205998
1275028,1275037
1142749,1142765
644200,1108434
1156723,1156747
1173811,1173853
1177765,1177783
1312715,1312736
117377,1056253
983291,1096866
349505,1236045
1251156,1251173
1252926,1252961
1226310,1226334
1298856,1298873
1300467,1300480
1117764,1117786
1231043,1231062
1272780,1272808
1251037,1251044
1143843,1143862
719105,1229405
1253400,1253428
1292475,1292512
1302063,1302071
1239191,1239213
1301024,1301069
665220,1086727
291165,1194911
257987,1228156
1186424,1186448
1292182,1292202
1022956,1182339
665142,1110372
930504,1058592
1138809,1138813
1176195,1176202
1261872,1261886
1224233,1224251
378151,1079769
1031653,1228379
1162414,1162451
1285814,1285833
1010083,1229915
237886,1090928
1245652,1245668
1147987,1148001
822295,1068764
1248942,1248957
1008790,1103636
1160380,1160419
1309111,1286845
1309111,1309130
1154708,1154749
131639,1325805
1203414,1203451
1209216,1209237
349837,1060535
1297396,1297417
1161778,1161811
1052331,1052354
1119263,1119271
1283258,1283270
786261,1183170
487463,1183590
553874,1216595
1140293,1140303
1263597,1263634
1223182,1223202
1254201,1254240
282243,1057391
313407,1058571
1156214,1156233
1197300,1197328
149383,1069663
380381,1074764
343082,1094984
1127116,1127159
439180,1184498
1218959,1218971
1310822,1310833
419405,1063586
649382,1081094
441582,1083931
1320740,1320755
1039818,1048464
1254962,1254970
868561,1228211
1002011,1313073
311114,1083661
1127279,1127298
1170591,1170618
1176622,1176646
968119,1070932
770799,1091609
1250268,1250275
1303005,1303014
1165545,1165566
1002715,1229613
499667,1276384
1042693,1045806
255401,1055951
432558,1108410
1310234,1310252
1021537,1212300
647517,1092709
1287886,1287903
1279184,1279204
1255468,1255508
1306526,1306561
354416,1213978
262292,1056333
998096,1184272
649382,1081073
123792,1070282
114120,1094156
1026651,1319710
1254480,1254507
1134830,1134853
1279761,1281609
1221892,1221939
1118473,1118537
1177059,1177071
1283837,1283859
1029535,1223959
144467,1233778
1325252,1325268
740065,1215228
1249027,1249043
1124652,1124675
963080,1204617
227705,1107299
1318682,1318695
1265472,1265515
823718,1274556
1127440,1127464
1160322,1160346
1174758,1174770
1162632,1162650
1125010,1125052
1288542,1288561
1005667,1214113
651897,1066134
647913,1079101
477190,1072422
1202930,1202953
291964,1086762
553153,1228474
1263469,1263482
128782,1070187
1122195,1122218
1132601,1132617
1323676,1323682
417183,1249753
1120347,1120381
1018644,1235238
459215,1274249
1148072,1148086
1200355,1200364
1114638,1114672
1172885,1172918
687288,1065568
293595,1072989
1171425,1171456
333916,1092685
1323676,1323695
1221431,1221454
1038139,1066576
733146,1080853
687288,1065547
659017,1085477
465010,1072860
1026468,1217058
471796,1076859
1022735,1088498
1150565,1150583
1320633,1320651
1266952,1266968
823739,1274587
1135139,1135160
1142059,1142071
1115914,1115933
1187277,1187296
464532,1217748
1319396,1319417
965222,1060779
1037858,1227681
428176,1109709
318502,1240966
1191653,1191695
786371,1186080
1186203,1186226
779025,1080721
1099870,1099891
846829,1102787
780299,1088991
1267514,1267533
106661,1078743
1294815,1294827
1208711,1208753
1159955,1159972
881992,1258844
1256606,1256647
1300943,1300962
260129,1070847
800216,1217070
732849,1109306
1042284,1046965
1116282,1117078
1315900,1315944
393742,1070540
1123378,1123397
1268905,1268922
1230924,1230930
642828,1239812
1180460,1180473
1200184,1200204
451835,1064844
1123769,1194222
1261244,1261263
1246774,1246800
1220677,1220696
661787,1064960
737873,1237555
1182179,1182180
1112233,1112251
1174696,1174715
1191653,1191676
484327,1091175
642828,1239831
1052144,1052163
645446,1089796
337702,1092560
1140147,1140168
504434,1272245
530873,1218327
1206913,1206932
1182114,1182133
1179910,1179934
1324276,1324295
670716,1217626
346563,1060232
258671,1079977
1255874,1255888
1159392,1159430
1258630,1258653
1013344,1226895
1146638,1146655
1186739,1186741
383814,1062108
1128168,1128201
1173415,1173436
1204557,1204574
691461,1235422
1257914,1257933
727042,1077348
228727,1075242
737650,1056852
1324593,1324604
354221,1077526
1262586,1262627
988503,1060693
944097,1227131
673699,1102972
1152882,1152895
1137632,1137650
813933,1193605
1306094,1306127
1316773,1316815
146940,1103615
1116380,1117084
1264748,1264753
1207565,1207605
808160,1325635
1051112,1051154
940691,1057531
1291812,1291831
521708,1080811
230729,1092587
1302749,1302765
1210191,1210213
1164176,1164195
1227469,1227509
357066,1061026
1263005,1263033
1223531,1223565
441684,1107592
1113083,1113123
789438,1169516
1199991,1200006
1184569,1184582
1196415,1196436
318980,1079309
1314609,1314621
1295355,1295393
1207646,1207667
787659,1076178
1160643,1160689
1163591,1163625
106657,1078683
1152306,1152323
723814,1292078
767209,1079206
1208473,1208516
520091,1058332
1315583,1315605
1134732,1134750
1267184,1267204
406646,1215791
878058,1098428
672593,1102681
1160253,1160276
1264908,1264912
318502,1240950
1248599,1248608
715306,1067155
1253780,1253808
290420,1194866
114929,1082021
1172837,1172859
1035056,1182432
103216,1304619
1265821,1265845
1315241,1315260
1263938,1263940
1324063,1324085
1176583,1176605
1223050,1223097
1241745,1241766
1202845,1202884
1308502,1308525
737335,1311305
316324,1083603
909903,1072839
963257,1209133
1160720,1160749
1269336,1269343
1140785,1140802
106867,1080427
1298936,1298943
1300152,1300175
1315992,1316014
1316843,1316862
1309861,1309874
1256718,1256739
113155,1065244
1151716,1151737
1273497,1273510
233761,1181765
1033701,1187064
1299913,1299932
309192,1058473
1140201,1140229
973445,1081115
1011082,1099545
1159702,1159725
1276724,1276748
909961,1249776
1310091,1310101
450022,1078200
1201836,1201858
888061,1249571
1043838,1047894
648566,1063224
108504,1055573
1320786,1320803
313344,1071381
1048562,1048589
1300361,1300388
1309153,1309182
460709,1071905
1293210,1293252
1198529,1198572
1269336,1269358
1286320,1286349
736965,1107563
1317644,1317659
439082,1216894
1151991,1152001
117832,1070426
696725,1110477
1280370,1280389
735852,1193916
1210232,1210250
1219055,1219093
767437,1226399
238629,1258761
107613,1080334
112577,1093956
1041406,1045207
1305331,1305377
1251627,1251662
1243320,1243331
998077,1184326
1042896,1045945
1316165,1316177
660215,1277841
136785,1070978
1207971,1207992
1313910,1313934
645991,1274998
1021592,1226824
1137530,1137548
1239158,1239162
1253617,1253638
847472,1183883
798852,1229357
1005992,1220069
1293782,1293822
1144688,1144707
659491,1097743
688852,1103351
829786,1235286
323064,1096246
1157341,1157360
103082,1078789
1240194,1240211
112900,1055212
648033,1069443
1029416,1065886
1138897,1138907
888019,1232023
1305163,1305185
651246,1065608
1026410,1215935
374605,1236124
112729,1078325
526702,1228852
794144,1091728
1232669,1232682
1044231,1044254
1022774,1073026
452437,1096660
1171814,1171833
1297694,1297734
1121136,1284194
644007,1056670
117144,1075718
1124566,1124606
1279761,1281569
642892,1107711
1204060,1204104
1130964,1130972
1147885,1147925
1241616,1241628
439696,1109721
1158638,1158672
273615,1181852
725023,1290072
360574,1236097
105868,1066110
478973,1066319
771129,1064204
1000619,1235645
1003722,1103538
1239232,1239245
1223343,1223389
1033701,1187040
112900,1055231
114476,1058657
1142230,1142248
994741,1069489
1124652,1124668
126540,1233876
1183459,1183463
940207,1108336
1222456,1222494
453599,1071462
110811,1067805
1299913,1299921
1301216,1301244
1232757,1232774
1256407,1256411
816835,1072181
1280565,1280605
585957,1224383
1041287,1046500
1039433,1048205
255570,1107908
481103,1071525
944111,1227149
1166465,1166483
1300361,1300405
1300943,1300989
667218,1233830
440013,1067425
1189799,1189813
1208366,1208397
1230747,1230781
477190,1325898
1219692,1219713
295334,1067036
1123769,1123805
1152573,1152594
282243,1057410
1301302,1301339
1140467,1140480
235931,1055399
350338,1096163
1179191,1179232
1190990,1191010
442306,1072744
1152967,1152998
1316203,1316219
513580,1204284
1231155,1231172
106851,1058814
437764,1071188
115816,1068605
1100535,1100557
564413,1104006
1316274,1316288
674724,1098416
112032,1055663
148236,1096687
1134265,1134306
309192,1058494
109757,1067544
1187539,1187541
672305,1102891
1182665,1182683
652448,1096003
109790,1067626
1123880,1123908
407295,1109064
658481,1096464
398780,1090549
724584,1291999
1319320,1319365
1279761,1280195
570766,1228085
473588,1065988
146862,1069220
113350,1081629
1004856,1088759
1169805,1169846
1027899,1184020
137252,1217898
1295412,1295454
1290399,1290415
1297222,1297267
1177442,1177461
722729,1206403
1120254,1120265
435848,1087673
1269577,1269596
1134951,1134967
114022,1225780
149850,1069142
1272330,1272376
1314904,1314927
426595,1084681
395247,1080119
386988,1093317
645077,1108916
1179115,1179136
1026124,1212080
122116,1184147
1119599,1119612
1296007,1296024
130297,1191719
1268797,1268811
1038139,1066553
237146,1055470
1122596,1122622
259423,1223596
1139291,1139317
1146073,1146094
1234445,1234484
147427,1069086
1278331,1278349
1183324,1183369
359523,1078105
1148157,1148174
1041304,1046585
1277342,1277357
1200431,1200454
1282375,1282415
1311379,1311398
484916,1215432
1189897,1189911
115227,1068888
114067,1094435
1238183,1238226
780977,1056754
1213269,1213282
1261919,1261926
765891,1242716
1026520,1276366
1178623,1178647
1043886,1229446
114843,1055784
466030,1071212
143002,1085703
786610,1097665
1143288,1143300
1304210,1304234
1306018,1306039
973030,1071980
962224,1077849
1269937,1269959
1256022,1256046
1198529,1198564
644394,1058091
1271256,1271273
967719,1227858
1106576,1106613
1262875,1262909
1326809,1326821
1223740,1223755
829182,1298771
470140,1073562
1139514,1139546
352246,1208931
1173352,1173375
1198749,1198754
1245098,1245131
343259,1093047
718036,1256469
1197521,1197566
1266664,1266686
766863,1319618
398297,1084149
632772,1169563
1240823,1240875
720017,1224192
434981,1075022
1135305,1135322
351098,1096042
644271,1256363
1238836,1238862
1253444,1253459
1170656,1170673
989337,1314856
1170144,1170163
1171345,1171350
255331,1071249
865460,1109489
845431,1197363
1003039,1198731
823495,1240806
337328,1079603
882087,1237248
568257,1110121
1100221,1100284
1192345,1192384
789438,1169494
808085,1298650
1253923,1253947
1151255,1151293
112153,1209180
908473,1214533
397506,1220228
338092,1213538
1310537,1310559
1278331,1278354
325873,1090362
106920,1109525
1171912,1171931
650526,1090078
1120502,1120525
1174285,1174302
1163185,1163222
118841,1228708
1152525,1152541
1127312,1127331
1269391,1269410
1041937,1225002
1259042,1259061
667764,1103593
323616,1074045
684251,1074304
1226750,1226778
114046,1094351
122116,1184134
1297486,1297504
1302028,1302037
643732,1076757
651128,1083004
1166871,1166885
1287523,1287547
1184077,1184096
1183906,1183923
958703,1070806
1179115,1179158
1326279,1326298
1236928,1236944
1042968,1045984
150752,1057452
1120174,1120190
1298818,1298839
1130067,1130108
1131111,1131153
1133114,1133133
1175083,1175106
1322306,1322323
469538,1065665
647712,1095345
1291087,1291104
1177379,1177419
1130681,1130702
287224,1057577
324167,1267726
1219573,1219594
276293,1305472
761415,1077039
417203,1216335
1050145,1050166
1140548,1140576
1176447,1176468
848083,1314771
1157855,1157864
965171,1060714
1017624,1271803
1132686,1132705
359114,1214449
1288250,1288278
691868,1236256
1251627,1251643
1220105,1220122
437944,1216802
1293089,1293101
249361,1090153
1133534,1133547
1147885,1147902
994014,1089016
1220715,1220727
1207565,1207583
737894,1237593
1170656,1247348
742102,1110522
1167104,1167127
699768,1276281
1118058,1118070
608767,1236554
650655,1074928
1210158,1210170
1041195,1046321
1317126,1317161
1312237,1312259
1311419,1311442
1255050,1255066
1286976,1286995
1195284,1195324
1150890,1150916
1251720,1251731
1111741,1111760
112499,1093892
1237636,1237643
1198852,1198899
1136210,1136234
1281841,1281856
644886,1089670
944111,1227154
1156100,1156128
1303288,1303300
259107,1079805
1284643,1284658
1260645,1260650
1054245,1054284
715616,1213059
1199991,1200023
485509,1217931
108185,1273599
1050236,1274310
469085,1077056
1125132,1125178
1131959,1131992
639712,1211515
1293402,1293425
109790,1067603
145963,1103295
1171619,1171635
996095,1086552
498119,1182200
1314962,1315009
666966,1093757
1284670,1284689
742141,1193508
1294112,1294131
1039264,1048137
1150959,1150963
1269826,1269835
368287,1087953
783664,1098143
1173671,1173692
560472,1098127
780299,1088970
1035143,1188477
441700,1107603
1319222,1319246
695434,1055998
114668,1068468
1146376,1146382
1195162,1195170
1133228,1133237
1253883,1253906
1152399,1152404
537703,1098041
1020233,1291947
1185153,1185195
747607,1249730
249286,1090130
1285528,1285544
767947,1095954
1291284,1291307
354158,1077561
107936,1091511
1035307,1274093
1316773,1316794
651331,1095268
1319884,1319924
1190855,1190864
1322556,1322560
533545,1078942
996271,1096969
117192,1082111
1306056,1306073
1174893,1174903
1315646,1315680
1295695,1295735
1267742,1267761
1243280,1243308
781426,1081162
1122499,1122531
1320740,1320764
665399,1077278
1204975,1205017
1117861,1117874
1050726,1050742
1255738,1255755
694012,1058996
337288,1079563
1127019,1127035
1163821,1163845
1296736,1296758
1191465,1191483
398311,1062702
104539,1061969
1277860,1277873
589685,1216970
521708,1080797
1238392,1238411
1314152,1314199
667336,1230061
308788,1092489
651641,1110607
1304690,1304730
1300217,1300238
1275282,1275305
1226713,1226721
1021748,1169544
1133302,1133325
1130521,1130532
649968,1095425
1178773,1178794
849269,1091576
1294756,1294794
1149793,1149803
1131370,1131391
1288910,1288952
1299102,1299125
823739,1274616
962909,1204693
1123707,1123724
591701,1168974
383494,1077601
1278504,1278543
1284806,1284823
1195369,1195400
1153412,1153431
1126727,1126743
1274427,1274462
1042209,1046805
997331,1237604
814048,1206269
1216065,1216083
298129,1057944
1054981,1055001
1320890,1320916
1101591,1101625
1199894,1199915
1208223,1208247
816963,1091785
437111,1064408
1104546,1104580
1173055,1173093
1316120,1316149
407314,1184201
767492,1075149
1011048,1075203
1218107,1218124
1101930,1101948
1172449,1172465
1144642,1144661
1310425,1310460
117308,1211349
114005,1225820
1262875,1262881
1200145,1200166
1262950,1262984
1315701,1315740
1222592,1222619
1195865,1195906
1226556,1226573
1016906,1085454
1003601,1069922
1133356,1133373
111471,1181834
235155,1181783
1048948,1229467
741082,1091825
109939,1093790
768608,1095186
948394,1095460
726903,1090985
323470,1073969
342590,1075955
1183820,1183849
829130,1298759
1276898,1276912
1132952,1132968
1152254,1152283
1287285,1287302
412753,1088031
465010,1072887
1244202,1244218
1220432,1220478
1220817,1220838
463585,1071628
1222559,1222571
539218,1223803
1243504,1243515
1132640,1132664
1026370,1088199
537227,1098780
1127775,1127799
1271583,1271605
1176667,1176680
1294699,1294718
1152399,1152415
1029039,1077136
446911,1072446
1123949,1123983
481933,1084033
569191,1247722
1197699,1197718
469102,1077115
120695,1184168
1294929,1294938
1281841,1281860
1326562,1326589
342574,1213689
1039147,1229792
108602,1182151
1248683,1248696
765668,1108218
1257811,1257830
346585,1060278
1123707,1123748
1288808,1288812
813933,1193583
507170,1195143
907225,1224472
1314374,1314390
715830,1224723
646826,1093372
1198488,1198490
1171559,1171592
1199678,1199697
1207410,1207434
1277860,1277887
443496,1074803
469517,1082944
1027564,1213156
1278438,1278455
1154322,1154346
1323719,1323726
146681,1206604
1021537,1108512
419507,1095544
132005,1217172
758428,1229856
1202088,1202100
109859,1067661
1249223,1249234
464098,1109853
1262118,1262139
1039650,1246757
147573,1103016
506420,1187347
1008132,1226616
1104483,1104505
1180332,1180350
106851,1058833
1167136,1167158
1322922,1322946
1191081,1191109
1112768,1112781
1280651,1280679
748830,1215838
1121664,1121672
398640,1062741
238629,1258774
647754,1061641
1177207,1177211
1136949,1136965
353678,1109249
1182506,1182510
1185294,1185336
830516,1183073
364653,1072083
519545,1075513
1131890,1131916
1246828,1246837
1293129,1293140
326651,1070627
856483,1249402
1230884,1230907
1018190,1077906
823392,1319562
690880,1068701
1285983,1286003
1161119,1161157
691488,1235388
1240823,1240868
1227469,1227482
258637,1056059
308648,1079753
1263430,1263453
786741,1229096
1322265,1322283
466030,1071220
106949,1080368
1164343,1164362
1285487,1285500
1239002,1239041
888589,1066479
313154,1058516
451819,1064788
442161,1072666
1123313,1123350
845412,1173323
1271622,1271646
147135,1241029
1039264,1226539
109113,1108959
1269729,1269764
1309900,1309928
736949,1107500
664348,1110184
1018174,1059855
1159702,1310977
343450,1231846
1241830,1241876
1230251,1230267
998168,1099257
458486,1090890
1138768,1138781
1147317,1147338
1025175,1247535
1152628,1152644
1191081,1191099
1112171,1112192
1268188,1268208
732849,1109323
831102,1060376
1143226,1143242
1304965,1304983
128091,1249129
146794,1097114
227664,1107275
1245154,1245165
519955,1184361
263221,1107920
1244294,1244336
1016779,1061019
540412,1098896
1159606,1159647
1202128,1202144
1259799,1259813
474083,1184860
1038834,1077170
755730,1099098
746780,1171500
1238794,1238815
1280985,1281020
1100136,1100170
1121002,1121025
1291751,1291779
1173671,1173685
749963,1107846
115925,1094474
1132221,1132245
616630,1169537
1158143,1158162
1194486,1194504
1248030,1248048
768048,1325748
1208711,1208730
1301082,1301105
685209,1074225
667336,1103253
1167780,1167798
1102149,1102165
1167590,1167617
1035191,1206367
1263815,1263827
1129194,1129211
355462,1084226
1244874,1244888
426548,1084647
1266143,1266158
1239542,1239588
1042910,1045966
1052171,1052192
286107,1108667
1112279,1112280
1002373,1085607
114067,1094419
573089,1227940
1233306,1233347
1221068,1221081
325873,1090389
1119216,1119244
1128737,1128759
1292729,1292740
285342,1228501
1307010,1307034
1313382,1313400
1268616,1268628
658434,1096486
1230214,1230222
427281,1080188
114668,1068447
321004,1090107
1115811,1115830
1232329,1232340
1176256,1176273
486859,1247136
1243377,1243417
747653,1227033
1174935,1174957
143191,1097216
1305163,1305205
1248373,1248413
445690,1064703
1014101,1181932
650324,1089932
1120064,1120086
1166355,1166372
1191757,1191761
1280842,1280861
1256773,1256815
911976,1228689
1261122,1261167
1100492,1100503
443258,1073383
399718,1076291
734541,1078903
624055,1228662
1318052,1318075
784873,1311224
648610,1082651
650471,1090032
409574,1195588
1011285,1212363
285927,1228529
759448,1212610
786430,1233922
112738,1078302
1326279,1326312
257987,1228139
1041475,1045248
1267844,1267863
647899,1225170
1270261,1270288
109262,1081382
1198488,1198501
1290869,1290895
1270080,1270108
1013993,1224673
1320944,1320985
313407,1058563
1140825,1140839
1132601,1132629
776992,1089173
1200735,1200774
1248791,1248801
1277123,1277168
1302806,1302810
1203286,1203303
1237305,1237314
653636,1216479
1173055,1173072
1036876,1211383
1303046,1303051
1324555,1324564
736920,1098353
1284059,1284071
1231193,1231210
1303328,1303337
1264500,1264563
1026508,1217313
795617,1108195
1155439,1155441
285943,1084196
960962,1225975
429462,1096320
1322306,1322310
1324966,1324984
1313601,1313629
1159120,1159149
108866,1081722
1176195,1176218
1173283,1173306
1159566,1159584
1311529,1311540
656293,1057740
526955,1229970
779266,1247640
298366,1108633
315464,1084112
308546,1058418
1178986,1179002
1018797,1249345
1210348,1210369
739682,1226876
116886,1067384
109939,1093788
1161119,1161135
1150890,1150937
1135426,1135435
337668,1092525
1138897,1138924
1115296,1115310
1165177,1165219
116838,1232113
110381,1067748
1263972,1263993
1113175,1113217
526955,1229958
1267227,1267236
662543,1099022
1137744,1137763
1113342,1113361
1263290,1263328
1326163,1326185
1276724,1276730
1250015,1250036
104334,1183094
1178177,1178196
667256,1228627
1315391,1315434
887511,1085987
908015,1086082
365534,1072201
1296801,1296817
911747,1104047
1239601,1239629
1294929,1294940
533756,1079004
1169908,1169920
1155688,1155724
1232184,1232197
791496,1218861
1016779,1060999
1125010,1112878
1125973,1125994
1318145,1318184
766682,1070488
122752,1206538
1279828,1281576
1297543,1297589
1279184,1279227
1284380,1284403
829097,1298697
1021931,1258987
1314054,1314077
1153735,1153757
1294858,1294901
1048948,1048969
1301356,1301360
109925,1093774
1219188,1219212
226068,1097271
364412,1072020
871545,1064757
545188,1099005
1126409,1126413
781847,1110676
1270226,1270242
1135092,1135102
1188918,1188956
1313330,1313353
147905,1103059
830516,1183056
1306767,1306808
807290,1098865
1202618,1202639
1251442,1251457
683304,1290119
1043387,1047569
1186550,1186578
1041786,1045564
1143154,1143165
1142806,1142823
414706,1088152
812682,1099623
149192,1099794
1287988,1288025
1300272,1300293
660522,1215727
526344,1229650
1273893,1273935
518767,1319845
1300666,1300700
1100975,1229839
974491,1063102
1241556,1241594
1320447,1320475
1305821,1305832
776066,1080265
647517,1092721
1269294,1269304
119419,1193304
1202365,1202383
1182840,1182855
1172885,1172902
104190,1078620
332234,1228834
106619,1076598
117781,1070380
1135662,1135689
1194003,1194026
285388,1057508
856393,1075815
731287,1098629
1140106,1140123
1004856,1088737
1314553,1314569
1222252,1222275
1236971,1236992
1313382,1313395
767812,1208996
1119292,1119318
1123043,1123062
1192688,1192707
1269148,1269169
1168200,1168228
1042324,1047065
1291189,1291209
1254446,1254467
1238108,1238112
1284211,1284230
1159917,1159938
107077,1080628
1106134,1106152
1042266,1046949
144479,1099584
962950,1104081
1269475,1269508
1004255,1217460
732245,1055628
536746,1098104
395281,1093184
1123004,1123015
1206754,1206777
1187489,1187502
1176772,1176793
1304070,1304089
1302627,1302643
1163279,1163298
580588,1189486
1272877,1272910
651948,1066175
988503,1060672
809054,1082888
554128,1098002
799621,1098808
1310275,1310299
1238938,1238972
1275749,1275765
1289300,1289328
1163185,1163205
376099,1214960
715692,1213488
1289411,1289430
1099940,1099955
835050,1225542
327426,1059599
1327082,1327105
233420,1107350
1242303,1242319
1203031,1203054
469085,1077073
1117327,1117343
789493,1216759
1156377,1156396
659709,1095805
103082,1225191
343105,1060115
316002,1108874
1310487,1310516
113965,1216357
793651,1251540
1313519,1313535
614701,1204266
1249089,1249091
285388,1057512
1197067,1197080
1207239,1207256
1240712,1240731
131639,1325822
675809,1249626
1050034,1050052
137036,1092310
114550,1254181
459757,1065024
1134381,1134404
1130647,1130668
608767,1236577
1161055,1161072
1161296,1161310
662214,1217949
1199839,1199856
1222138,1222155
1304384,1304402
1190817,1190829
1239311,1239324
1237305,1237322
1190409,1190421
727752,1107657
1252547,1252568
1294509,1294521
828347,1085580
142552,1099316
1313952,1313968
1147023,1147047
1192642,1192657
422051,1216451
963046,1195056
742125,1060087
674674,1098400
742517,1087298
1044093,1047335
1277744,1277785
824172,1310931
814069,1206282
1049081,1049121
1297832,1297845
1325091,1325117
1309651,1309698
1237125,1237160
740771,1073781
117128,1075739
715922,1080895
1151991,1152017
1129028,1129044
733432,1093121
1292343,1292362
1190356,1190373
781945,1210896
1258412,1258431
1259455,1259472
1250776,1250782
1123206,1123234
1231516,1231537
1239191,1239209
1175405,1175422
1018174,1059840
1309900,1309916
1273179,1273198
769350,1218755
1316067,1316108
1115334,1115352
836578,1188006
672092,1110075
1138090,1138116
1279828,1280153
1256773,1256794
536705,1218499
1246496,1246514
1264384,1264418
863010,1198314
117504,1311322
414948,1216168
943813,1248180
356868,1071824
344404,1079500
847866,1099815
1160474,1160517
452812,1182007
1141886,1141893
1264688,1264724
1302461,1302474
820927,1249418
737873,1237538
1022317,1237380
1296146,1296180
1161573,1161616
1043942,1224159
1141855,1141864
1120594,1120600
115420,1094604
1262796,1262810
1198187,1198194
373897,1273715
862103,1313018
320159,1085068
1298970,1298989
1281802,1281825
1282518,1282539
1326953,1326969
1191465,1191505
1310058,1310062
1041304,1046544
1041729,1045501
1043886,1047915
1222299,1222309
1193857,1193874
1042981,1046004
1289521,1289545
648858,1084725
1163924,1163948
100005,1055352
674537,1059030
1176481,1176512
1102359,1102392
1292531,1292554
905525,1203927
1051787,1051804
1175621,1175632
1263430,1263448
1237670,1237689
1013344,1226914
112032,1055685
265971,1056538
1323630,1323653
1287082,1287122
1249275,1249299
346688,1273413
771129,1064227
1146376,1146395
112583,1093871
1302662,1302689
1204519,1204526
739682,1226853
756464,1064941
647796,1074260
675417,1075773
1175240,1175264
553857,1225705
909082,1062482
688517,1099411
277851,1108583
1112618,1112639
393742,1282882
1130482,1130509
1316242,1316257
1167999,1168011
1301179,1301180
414948,1216181
1175802,1175818
665797,1236148
1042324,1047049
107106,1055254
1320698,1320717
1203229,1203264
1112558,1112591
452733,1095642
1192460,1192487
1243813,1243850
666847,1325782
469102,1218169
371296,1109283
1167041,1167087
271639,1228333
1111392,1111407
1236971,1237016
368304,1214761
1008653,1065122
1119373,1119394
734541,1078926
1207793,1207819
1314217,1314229
1245482,1245509
909961,1249769
1146297,1146311
637694,1237253
1182990,1183018
1043484,1047678
112826,1068045
1251016,1251028
1181670,1181691
1178681,1178702
667874,1225307
353856,1209011
1051337,1051359
143002,1085682
290184,1212495
106920,1109518
1198529,1198538
662383,1085844
662383,1085863
837525,1169155
1235054,1235077
1311932,1311978
329617,1213442
1209770,1209791
1324230,1324248
1191393,1191431
1191790,1191800
302114,1079711
143191,1097237
1204975,1276058
1308404,1308443
648112,1273743
1198529,1198540
791973,1210779
1219231,1219249
805947,1298632
1190200,1190228
651995,1066217
1252762,1252789
768259,1219811
142095,1107674
1264384,1264425
1158143,1158189
1144748,1144753
644649,1235621
1304210,1304247
1132307,1132324
1171559,1171571
1296007,1296048
1296864,1296886
1042883,1045921
1251333,1251346
1149013,1149032
944050,1059216
328448,1059654
115925,1094457
1144603,1144626
1200393,1200412
1222004,1222027
1010083,1229894
686721,1075652
290184,1212482
1290157,1290190
581710,1189558
1278687,1278723
1238067,1238080
134885,1210136
1051964,1052019
581710,1189562
1190356,1190394
1325425,1325441
737818,1235825
114005,1068225
1143725,1143741
908867,1229181
1256300,1256328
1242096,1242134
108907,1059394
1311932,1311950
1037870,1065926
1138710,1138747
1113970,1114018
1210094,1210115
452812,1182024
1177118,1177156
1244169,1244182
1139987,1139994
1168715,1168758
1310537,1310571
1181028,1181044
779104,1073464
1240517,1240529
283462,1207900
1271738,1271740
1041667,1045442
582469,1169210
1043325,1047446
148184,1069306
1018212,1079544
715119,1212098
462294,1077018
1003655,1069967
1124741,1124760
449196,1109848
1144965,1144983
1193202,1193225
1263337,1263359
1303578,1303584
1132854,1132896
1104761,1104788
1040901,1045102
330325,1096349
1024974,1181823
888088,1249585
1294964,1294986
462890,1090423
1122107,1122148
1288463,1288471
291112,1087003
1170591,1170639
1201120,1201149
1318682,1318703
1246676,1246719
453053,1217441
1226142,1226161
261921,1076215
471754,1074508
1244202,1244225
1137678,1137697
1144544,1144563
1287829,1287864
1151319,1151335
960927,1068793
254851,1055914
246436,1089276
1202930,1202948
1183324,1183348
1213572,1213586
1039479,1048246
759545,1083206
1111022,1111033
1292225,1292239
291827,1086770
1219055,1219072
1041304,1046563
113155,1065263
810365,1066077
1125099,1125113
408080,1109415
386886,1199759
585957,1224377
1306767,1306780
829434,1059133
1182547,1182568
1105076,1105082
1111858,1111917
106867,1080404
537099,1098746
1230884,1230897
1130120,1130149
1198118,1198139
1253400,1253416
1257541,1257587
1043228,1047388
1143363,1143385
1172075,1172099
1026520,1276350
115338,1214505
1163706,1163710
1262037,1262044
1284314,1284322
643072,1078568
1271622,1271633
1023001,1186022
1306588,1306590
272337,1057013
1160474,1160490
565737,1311028
1275028,1275044
382614,1275604
1175839,1175841
1127354,1127365
1147068,1147075
1324490,1324517
519843,1211417
1144117,1144138
444403,1077324
1318726,1318761
1141919,1141926
1114348,1114353
1126534,1126552
315948,1089118
1200682,1200703
1234654,1234665
428554,1064109
426134,1080709
765827,1213806
1195209,1195221
1181490,1181538
125283,1194930
1306664,1306705
740012,1215200
145218,1061137
652725,1074826
1117358,1117362
1135662,1225503
1117225,1117260
142341,1086228
425758,1077705
1230821,1230866
1002736,1252198
380560,1071347
1182665,1182677
1130917,1130929
573172,1215599
1264626,1264642
1264782,1264822
1248736,1248743
1247437,1247459
1325313,1325332
315673,1212870
844080,1249528
747703,1226998
787692,1194171
1011285,1212385
665882,1071093
111664,1214262
1044427,1044443
1160806,1160823
1206063,1206085
1240823,1240847
348171,1060330
104190,1078608
1224074,1224088
1250268,1250281
545732,1195952
1255370,1255410
1284670,1284708
1301506,1301510
1312523,1312534
667287,1228276
1052279,1052298
470140,1073558
287806,1088433
540939,1099858
467100,1247906
395015,1062521
648634,1082679
809054,1082861
1099901,1099929
1222688,1222707
499336,1251881
888809,1187443
1264782,1264805
745723,1074182
1219489,1219491
364533,1072049
1326723,1326768
914132,1209935
1130964,1130986
327305,1109188
656759,1084901
1115249,1115277
1237783,1237806
407295,1109040
984139,1236423
1210672,1210714
473601,1066008
1307630,1307648
236527,1210865
261636,1075476
1132416,1132459
1168387,1168421
664999,1287961
226329,1056572
965222,1060751
114718,1068481
1301114,1301151
973421,1215114
1197430,1197453
360574,1236111
1255874,1255890
1130584,1130606
109994,1154538
1261817,1261855
470707,1065727
328385,1213333
1165901,1165940
1200828,1200885
1210638,1210640
1044017,1048057
1003428,1214598
458809,1261649
1320107,1320111
1134998,1135016
1136748,1136753
800840,1085258
1200317,1200329
480442,1088293
962796,1204655
1144117,1144129
1221892,1221925
1307258,1307270
1221023,1221047
1293674,1293690
109243,1108971
650831,1217635
545381,1097961
618122,1169619
563368,1110052
1279761,1281511
761922,1325851
1119030,1117050
1013363,1225039
1279828,1281507
1106666,1106684
888035,1236287
543609,1110258
1171004,1189312
1219142,1219161
991002,1249155
443113,1072388
1172075,1172113
1145192,1145222
108641,1187905
1115375,1115399
554061,1299555
1204437,1204459
316002,1108857
375718,1067500
1284102,1284125
1274470,1274489
117222,1211320
1307166,1307184
1168151,1168180
1196853,1196895
1323918,1323956
828876,1316652
1168770,1168789
273636,1223772
768360,1103435
715119,1212112
1155070,1155091
109885,1225588
1318648,1318669
655612,1099149
1240253,1240276
1123155,1123186
1297884,1297907
1193021,1193045
451819,1064800
647754,1061660
352019,1092644
1241265,1241277
1261432,1261466
1232291,1232317
1152142,1152161
1257443,1257489
1192309,1192313
285943,1228540
115289,1094564
1139837,1139859
1173470,1173491
1053771,1053792
1190200,1190244
679819,1240899
132513,1242511
740065,1215244
727185,1064301
441802,1076579
1037870,1065942
119253,1070044
1245154,1245177
905525,1203943
1001457,1235335
287806,1088451
1102183,1102196
1131195,1131218
1043216,1047374
1239664,1239705
661482,1064533
272288,1056978
1176294,1176315
1296259,1296263
1162771,1162818
506270,1183617
1261704,1261743
1128390,1128414
777016,1089211
1115750,1115778
1279761,1280148
1154102,1154125
1294067,1294080
1220007,1220024
149656,1062363
1240295,1240322
1176481,1176508
114597,1068169
1020233,1291952
1152462,1152502
1202251,1202298
272288,1056997
1007093,1061349
373813,1090241
1176888,1176900
1118321,1118366
737272,1308086
1203357,1203361
282010,1083309
1140507,1140524
737613,1108256
719105,1229422
1241306,1241323
1264585,1264603
1115208,1115220
907646,1254841
994014,1089037
1116322,1117084
812408,1212203
744977,1218596
1000345,1062288
108558,1081284
674626,1098382
446845,1217206
947767,1099647
109546,1081503
867534,1282594
343356,1231782
1233659,1233692
425069,1074169
1309614,1309633
1256120,1256149
359523,1078082
453552,1087504
540431,1098906
1163781,1163799
1239115,1239127
462890,1090406
374287,1095223
404838,1109458
136825,1070899
1196038,1196055
974807,1069458
944097,1227120
776508,1092882
1104892,1104918
1155223,1155268
1308594,1308600
760398,1091326
1321927,1321936
1272437,1272459
759407,1211440
112153,1209167
1305562,1305570
472076,1065864
719387,1110204
1048687,1048706
1298217,1298272
117205,1082176
1110987,1111005
1232393,1232431
665967,1081143
445690,1064682
1180635,1180657
326835,1091240
1198224,1198269
289060,1194813
1302305,1302322
1234864,1234903
1312318,1312356
684308,1074362
254753,1083688
339326,1096562
1246533,1246567
1275670,1275712
262292,1056351
1162553,1162582
1140240,1140272
1146232,1146250
1281240,1281286
768534,1216123
327426,1059575
1150218,1150239
991162,1066414
1269861,1269888
715732,1224618
1252649,1252654
1273179,1273216
1159203,1159226
1309452,1309512
1235110,1235147
1149565,1149577
1326911,1326930
1120685,1120709
1191052,1191068
1257347,1257368
645008,1058275
443338,1245014
1161895,1161933
814048,1206248
1260388,1260405
1271549,1271554
530666,1217571
1042245,1046880
1170100,1170116
501470,1232068
1256120,1256131
1283109,1283121
877107,1088666
1116085,1116160
1054542,1054588
380922,1194116
732369,1108793
1242991,1243019
1259308,1259320
1135305,1135314
466872,1071086
1288416,1288437
1268797,1268807
1039361,1048163
798461,1097683
1287715,1287743
761922,1325846
482096,1084300
1262689,1262691
1002523,1097244
282301,1228426
357304,1061090
1120347,1120368
1238337,1238371
1257721,1257745
1320389,1320406
1041362,1046688
809286,1104052
848096,1314785
997205,1086394
1123004,1123027
227601,1088915
1051371,1051392
958598,1062901
776508,1092905
1283939,1283956
393121,1231996
1309009,1309045
1190727,1190758
1152784,1152807
996339,1060831
1269434,1269452
1310425,1310441
483383,1084606
1304070,1304091
1009472,1181881
137252,1217879
427846,1064023
1197964,1197986
108866,1062424
445753,1064726
378302,1061845
447011,1072507
1296325,1296360
715732,1224591
1230821,1230845
1322190,1322212
330935,1308038
437097,1079268
1269148,1269153
1031653,1228367
1161427,1161443
1308663,1308685
1136833,1136879
1164861,1164900
615647,1169350
519862,1056435
1234696,1234704
1134347,1134368
943832,1078263
1238675,1238699
1293402,1293441
1308502,1308518
1168200,1168244
658066,1213796
1303889,1303901
1230562,1230602
108279,1273575
846903,1067983
1289300,1289344
1295052,1295099
1178929,1178940
659306,1061625
1165545,1165584
1034982,1182413
992985,1227843
420463,1077883
1002801,1087558
1205029,1205064
1240435,1240442
1102359,1102371
564942,1214420
1101591,1101602
995695,1071709
371296,1109265
968119,1070921
1119743,1319821
107152,1235451
368512,1075430
744140,1060896
790534,1227513
1279761,1280304
113965,1216374
1215523,1215534
1290824,1290848
1044525,1044541
816819,1072168
1192528,1192544
1279761,1280021
543609,1196157
1149826,1149861
1250898,1250931
1189504,1189536
469102,1077094
1128083,1128147
1289469,1289482
575551,1197226
1138042,1138057
417545,1090447
1289183,1289203
1326128,1326137
1256901,1256929
1141919,1141935
395015,1062545
1323449,1323454
685209,1074241
374605,1236130
473213,1084787
1233161,1234076
1221109,1221121
1215990,1216012
862103,1313002
654653,1094932
858360,1168957
1279761,1281507
1257541,1257560
1240643,1240662
530096,1259088
569975,1325707
914113,1209872
1249027,1249062
1176928,1176944
907740,1093270
1104859,1104871
1206852,1206899
318541,1235700
353632,1091217
443420,1244985
388744,1229217
1202752,1202775
1227235,1227274
1158883,1158906
1122554,1122577
809077,1109368
1203792,1203802
1189061,1189100
1257502,1257525
856431,1252237
1209445,1209466
1302426,1302442
106931,1080462
1175763,1175785
861825,1196190
550432,1192563
1151199,1151238
1004255,1217487
686721,1075675
1164701,1164740
1278907,1278948
1232258,1232270
1266191,1266213
270854,1056796
909886,1072825
114022,1068260
560267,1097649
653765,1103276
1250619,1250635
1267006,1267023
520140,1058350
687219,1075067
1115249,1115254
580104,1076010
1106860,1106887
996259,1096948
1321361,1321374
1125859,1125871
737255,1088716
1241685,1241721
1246774,1246790
352246,1208954
1218182,1218202
907225,1087775
114177,1094194
321880,1182356
1258871,1258892
1159495,1159513
1126450,1126478
1262442,1262461
1211536,1211558
838289,1233914
1316392,1316411
1167266,1167307
1290157,1290212
535591,1071038
476815,1227702
1131622,1131667
1246828,1246844
1164928,1164944
1254962,1254989
1159453,1159476
1277414,1277433
844098,1249516
689147,1064885
357928,1061171
431392,1094881
145499,1229272
386198,1181950
1161055,1161093
1194349,1194365
908867,1229201
573898,1246317
231595,1077780
816793,1217724
1127486,1127493
669547,1099203
644599,1087618
960962,1225968
1196306,1196323
814007,1206207
782228,1211042
519337,1075108
1043007,1046062
328344,1059612
1314110,1314134
365677,1110580
431756,1086926
1262796,1262806
1242152,1242199
1305723,1305768
323541,1073982
1173119,1173142
1253025,1253039
1258816,1258828
684308,1074343
842508,1099235
1296935,1296957
906379,1197858
1216678,1216697
664999,1287957
1266952,1266975
1137433,1137451
1263550,1263578
1113970,1114039
1145090,1145137
1193391,1193434
1025175,1247519
1010697,1076393
1143328,1143337
407333,1184238
1137077,1137096
1316316,1316328
1196637,1196659
1019066,1246454
1312318,1312339
150003,1217833
387331,1062226
367690,1079043
1146297,1146307
1128357,1128374
1174053,1174076
1042463,1047255
645697,1059198
1152254,1152277
1017871,1186005
807046,1059974
142990,1099725
386829,1107252
1312568,1312581
282301,1228435
1101694,1101710
575719,1232099
1043903,1047936
1004744,1092142
1148029,1148055
109477,1081463
1100808,1100820
965976,1215665
298585,1058036
1239503,1239526
996654,1063765
1160037,1160044
1121284,1121307
109465,1081400
1190817,1190838
1266104,1266115
1150434,1150452
1195428,1195437
575551,1197235
346563,1060213
1292900,1292928
297508,1195002
553888,1216650
1043122,1046089
1264908,1264931
1152573,1152600
114080,1068107
113690,1081906
1196072,1196086
1161951,1161979
1290778,1290807
737152,1096185
1240754,1240765
644649,1235609
1251156,1251194
574862,1212889
562925,1213627
749888,1229065
1155439,1155456
1141988,1142000
1115502,1115525
319772,1193447
1050329,1050340
1132952,1132999
1159668,1159675
1266056,1266087
1153081,1153109
1162511,1162524
1136748,1136769
246458,1089314
1153340,1153364
376099,1214987
318525,1240984
1151123,1151168
258310,1108013
1052061,1052088
453649,1071489
376113,1074447
1123117,1123138
276293,1305486
308788,1092462
1100638,1100640
778955,1072582
317184,1231674
1306444,1306471
744977,1218554
910104,1216927
871545,1064761
448910,1085121
845774,1212120
1296146,1296167
1199678,1199716
1260678,1260684
1250309,1250321
565175,1214386
965100,1099337
680030,1282745
1298433,1298479
818787,1206028
1234133,1234179
1233470,1233491
1119339,1119341
881992,1258859
974491,1063085
109477,1081444
1190484,1190523
1200973,1200994
413937,1073349
737335,1311295
1190727,1190736
115236,1236447
1304460,1304494
1250954,1250996
111471,1055721
108799,1056691
769908,1102566
266858,1207861
1196072,1196093
1304268,1304275
338092,1213529
1164009,1164021
410095,1087233
1180089,1180101
1259656,1259673
561805,1213380
1210672,1210693
143162,1227112
438753,1064449
417080,1109541
1267941,1267960
1180879,1180898
1131835,1131874
1043325,1047467
1318611,1318624
1321123,1321147
992554,1060437
1327146,1327167
1274951,1274979
1155223,1155247
526363,1228777
814817,1091361
1187539,1187556
108878,1062469
655179,1099108
148068,1103379
1238578,1238610
1243440,1243486
756660,1275538
1326214,1326233
148184,1069323
425069,1074148
959969,1085338
812113,1099699
1121629,1121640
844257,1102584
1210557,1210574
1009057,1087710
120023,1109663
1302847,1302852
1233470,1233518
1243246,1243267
1325036,1325058
1007876,1068944
737238,1073205
1105581,1105620
254753,1083707
1311488,1311501
104539,1285015
406729,1237211
1243813,1243832
1261534,1261552
1268616,1268637
1125449,1125454
257987,1228173
914113,1209893
1296409,1296421
1129085,1129092
397840,1062623
845956,1097360
647248,1093081
1155867,1155908
1308914,1308951
145327,1069541
417080,1109560
1157341,1157387
610615,1169193
1039744,1048440
1233142,1234082
337430,1079642
911527,1185370
1239437,1239471
1320218,1320239
1142379,1274853
1270261,1270274
1053168,1053181
940997,1098561
1299207,1299211
1265061,1265088
1222516,1222537
1040889,1045085
1256482,1256509
1114382,1234007
1212261,1212274
1022514,1267412
356749,1071766
1009354,1092103
1299295,1299314
112738,1078285
1323449,1323465
395140,1080055
319218,1082755
1130022,1130046
1219103,1219135
438753,1064420
1138845,1138850
1327082,1327122
1302346,1302367
664221,1092254
1138656,1138694
338139,1181913
904588,1209855
142620,1066286
1198950,1198978
1262950,1262966
868542,1228194
309331,1079898
1141146,1141180
781868,1089435
1175168,1175181
868542,1228187
1041153,1046247
409266,1063044
386608,1079186
1310313,1310350
1230562,1230589
1300507,1300511
1193391,1193410
1254123,1254147
1270901,1270929
1022719,1227177
666966,1093735
582203,1231004
114870,1082078
114597,1068182
145755,1103092
1294509,1294545
1324555,1324572
131976,1070346
109465,1081428
1263112,1263120
125283,1194953
1321054,1321077
1265472,1265493
425704,1077767
648392,1063028
1312957,1312974
734709,1213555
534912,1073308
1104364,1104386
334976,1275063
1190855,1190886
354416,1213997
1220758,1220770
362359,1079402
766669,1070457
1295892,1295939
555820,1212718
1219231,1219265
353569,1083898
962731,1214338
1318145,1318166
1128645,1128666
1101897,1101911
1149565,1149583
483280,1084584
1244032,1244050
142271,1227316
1042865,1045909
1037917,1083397
150396,1092126
1208366,1208378
337385,1060056
1203792,1203839
1256521,1256550
766735,1274415
664947,1287506
958630,1062940
1008653,1065146
108128,1061504
1125514,1125533
1279761,1281524
1181379,1181398
108057,1273654
1123563,1123571
1315583,1315622
665659,1068928
1134502,1134541
1142173,1142194
1297694,1297710
994901,1319694
1322811,1322830
526566,1229553
592158,1235303
1158883,1158896
1044462,1211088
1128054,1128065
553153,1099051
1321008,1321012
856431,1252228
1026740,1212668
1250657,1250688
825486,1316521
249361,1090148
110998,1184595
1146542,1146588
1153790,1153816
545103,1225733
1140012,1140020
1166317,1166329
1186843,1186858
1284488,1284501
1150857,1150874
110709,1067769
1299398,1299403
1164343,1164389
333857,1059801
1027913,1184054
308546,1274797
994889,1319656
962586,1089899
422051,1216446
1048625,1048641
1278687,1278706
1309944,1309963
1288854,1288877
1293313,1293321
1027564,1213139
646391,1095129
519610,1097727
1205086,1205103
1305976,1305995
847832,1215413
1322190,1322231
1307735,1307757
1052591,1052618
720807,1098250
1175451,1175479
1201469,1201482
788863,1083425
359133,1214454
1164078,1164097
1213875,1213899
1299966,1300008
1205029,1205040
871681,1247849
1252838,1252872
1306975,1306999
655893,1082985
1022735,1088479
1024237,1103708
1315861,1315888
1254123,1254168
903582,1271857
874561,1248146
1053201,1053229
582203,1230995
888267,1169456
1167746,1167767
1309717,1309729
1138969,1139006
610615,1169172
1174974,1174990
420369,1070720
1181295,1181314
1265061,1265100
1195923,1195934
282364,1108531
417165,1063305
1012160,1063461
1113498,1113511
119419,1193327
1180931,1180954
1325172,1325186
1149423,1149452
1257853,1257882
1139514,1139522
1282310,1282334
1311689,1311691
1235012,1235031
1114348,1114369
997205,1086373
1165080,1165108
1302564,1302586
1243976,1244013
359133,1214477
1051033,1051051
254559,1055830
119572,1228712
829111,1298716
989337,1314873
1041842,1045604
484738,1058898
1325912,1325931
1302564,1302604
343105,1060136
440107,1067460
1270014,1270022
1105758,1105770
142341,1086244
520140,1058378
1262037,1262059
820065,1062165
1169908,1169912
1138222,1138246
636133,1168817
118152,1183535
1317518,1317539
1238005,1238022
1272330,1272353
1283109,1283113
962913,1097547
1283987,1284000
913016,1108050
478973,1066335
1269971,1269985
1128511,1128576
137062,1219029
1113569,1113609
769247,1316610
109243,1108963
142228,1069807
1252007,1252024
1138969,1138982
1176358,1176370
143664,1188598
1279653,1279695
1325912,1325920
1318533,1318546
1141855,1141872
1003400,1213125
675821,1249661
1142572,1142593
1111858,1111891
1197610,1197634
639712,1211493
471754,1237461
341729,1242666
1125653,1125676
373570,1090764
1307449,1307465
418071,1109470
1193202,1193241
770673,1218013
1250833,1250879
1274427,1274443
274393,1057256
742125,1060094
977650,1103071
1183213,1183232
1299398,1299419
1231043,1231058
457645,1237403
1223667,1223680
1255050,1255078
1003213,1092766
1317807,1317811
337668,1092502
810061,1103783
1105484,1105506
1189504,1189527
1176084,1177868
1169867,1169879
1260272,1260319
1314553,1314582
482012,1218985
429462,1096308
1279828,1280287
1230383,1230429
840161,1091106
1153987,1154000
648112,1273762
1028177,1229524
323040,1096222
1273259,1273263
1195519,1195557
1250206,1250223
1160604,1160627
768608,1162077
646963,1071283
1320549,1320583
1309009,1309021
1127982,1128008
369541,1066737
1009768,1087734
447011,1072480
1201407,1201448
1133076,1133082
1027461,1085412
1241306,1241310
1323023,1323068
1308692,1308713
667176,1069283
696760,1110514
788863,1083441
1279761,1280294
1198852,1198875
372970,1214885
1321405,1321414
1267329,1267338
1184632,1184645
1029655,1226525
1274347,1274368
1142806,1142810
1142615,1142627
1233560,1233587
1236928,1247284
1041343,1046661
442161,1072645
577813,1092375
1149944,1149959
1302749,1302783
1287325,1287339
1127312,1127320
398136,1215510
1266266,1266284
1127591,1127602
1238242,1238274
1117531,1117577
1142173,1142211
1253664,1253686
843473,1196470
1273360,1273409
109150,1058711
1240564,1240572
1188695,1188719
678659,1108032
766579,1089457
1322692,1322713
1199582,1199609
285511,1084177
1259884,1259924
1291492,1291519
1041343,1046642
656175,1085514
1133715,1133727
440124,1093412
1104669,1104682
737293,1276164
659306,1061602
760708,1080323
1136833,1136851
1231516,1231528
880794,1092399
1104726,1104742
1291087,1291127
1189589,1189602
1320389,1320423
742796,1259976
365612,1072286
1118559,1118603
1040929,1045125
1140507,1140511
518779,1319866
1317249,1317283
1148518,1148539
1105076,1105095
669450,1099219
1282038,1282055
786261,1183191
1180782,1180822
483969,1227964
1236874,1236900
282386,1108554
1132416,1132437
1299435,1299457
1042485,1047272
436125,1074389
996237,1212149
441802,1076551
550373,1098975
1119292,1119302
1146115,1146136
1288975,1289014
396128,1070604
689199,1227584
288022,1212453
112389,1094016
1146416,1146437
1251796,1251806
1290914,1290946
1317404,1317427
644007,1056658
1301356,1301373
395193,1080072
1204471,1204492
1157552,1157575
1298894,1298915
777627,1073660
655665,1099165
1143226,1143261
1164111,1164153
1296510,1296552
1043341,1047507
1201407,1201424
798194,1091479
463585,1071600
1186917,1186938
1116403,1117084
1301216,1301228
761277,1214653
1220523,1220568
1302806,1302823
149401,1069709
1115848,1115869
1173876,1173895
1211953,1211976
1153892,1153918
1298357,1298361
555923,1186773
1298293,1298335
1256521,1256532
1245858,1245889
459757,1065007
1170845,1170850
1263891,1263901
1240063,1240085
1051843,1051862
1300083,1300106
1298818,1298825
1195369,1195382
834825,1225369
115338,1214522
1210191,1210209
1115594,1115616
1270424,1270448
651948,1311173
1196778,1196811
136175,1070000
964366,1095321
1279289,1279301
1156982,1156995
658992,1229012
1138042,1138074
1122343,1122358
1289300,1289634
672662,1091802
1297543,1297562
1198000,1198028
1302141,1302160
1241556,1241573
1152462,1152489
1221386,1221408
747653,1227014
1174387,1174413
397864,1062647
1054865,1054906
1099940,1099964
1104607,1104648
745543,1109876
1291189,1291191
697869,1090176
339422,1096625
1165623,1165668
638595,1169027
1254293,1254319
784856,1075288
808160,1325657
1041327,1046603
1051261,1051288
743033,1057336
537726,1098060
1321405,1321422
273615,1181847
1301263,1301271
1039632,1048383
1285920,1285965
761157,1310954
944078,1059271
1259251,1259279
1275346,1275380
146794,1097095
1022956,1182325
1122225,1122241
1224845,1224866
1026434,1276193
117144,1075699
679963,1082835
1112558,1112570
1053860,1053887
1255468,1255481
647461,1092745
1318863,1318885
117090,1076719
1111476,1111495
1145417,1145438
1213269,1213276
332234,1228810
1148637,1148671
1134001,1134029
1174325,1174360
506258,1183492
1041260,1046441
1050329,1050364
309061,1079846
770464,1197870
992985,1227827
1249206,1249210
432821,1259948
1321744,1321763
1317573,1317594
1279243,1279262
1144688,1144724
1200522,1200567
829434,1059151
1313428,1313444
1239278,1239297
1119445,1119466
1130392,1130411
1163969,1163982
1291751,1291798
1307579,1307598
1280512,1280531
1326061,1326088
1307393,1307420
1282119,1282157
1267800,1267828
569284,1247686
440013,1067402
1034982,1182421
1129796,1129823
1300272,1300286
564654,1255857
984139,1236406
1052100,1052128
368423,1061562
1042348,1047106
1052911,1052924
1238131,1238149
108128,1061527
387003,1067268
484327,1091152
1162737,1162744
888035,1236273
137164,1065484
881565,1311269
227664,1107268
1185554,1185577
756354,1058172
1326995,1327011
693056,1056932
665671,1065649
1170558,1170570
1304851,1304879
1038810,1077213
356932,1284950
526702,1228875
1277498,1277511
1265192,1265214
737433,1088175
231873,1096768
1291284,1291297
1290778,1290797
1205797,1205811
1149944,1150013
437764,1071208
471754,1074481
439146,1072904
912131,1103187
150222,1086497
1029018,1289242
1052878,1052897
1138558,1138570
104882,1215620
1137825,1137839
1258676,1258695
1104892,1104902
1244097,1244107
460750,1071922
1263112,1263131
1026508,1217321
264414,1079345
1188859,1188871
1105510,1105534
1158471,1158492
1170417,1170455
1111290,1111316
1300728,1300744
260062,1091065
823739,1274594
134317,1086599
1164520,1164549
1323579,1323598
1041176,1046268
1105387,1276070
1312654,1312677
432821,1282922
1273445,1273466
540918,1211074
119572,1228720
715732,1224570
1297354,1297377
519843,1211429
648513,1110431
783664,1242479
115215,1068826
1154909,1154945
1039595,1048320
1117499,1117512
1189799,1189832
1191338,1191372
1241980,1241998
1293585,1293603
1100638,1100655
1272002,1272018
118632,1108835
1035705,1197274
1012997,1273990
1245794,1245815
526165,1218304
1236928,1236937
363899,1074890
1238938,1238955
1254860,1265019
823718,1274541
428512,1064047
759566,1083223
481933,1084022
1285563,1285585
1167376,1167416
1201532,1201550
1040993,1046129
1278035,1278042
962731,1214340
811425,1211159
1149520,1149549
1175342,1175388
103114,1225209
1162970,1162991
1188355,1188372
1310313,1310332
992963,1227889
1257853,1257876
398640,1062725
114675,1236793
1122107,1122124
836827,1169101
1216229,1216238
1240000,1240028
1254388,1254405
1313278,1313297
142271,1227337
1250456,1250473
776874,1083460
996095,1086575
1297298,1297312
1258941,1258960
1162479,1162498
1202365,1202401
1142379,1274876
737096,1096279
1183820,1183865
1153477,1153496
1050386,1050408
148204,1069347
759288,1065789
1142295,1142305
737894,1237572
1308404,1308427
1250500,1250528
237198,1055491
1232579,1232580
1129658,1129670
1160322,1160367
1203414,1203433
1131009,1131021
109761,1067585
1150294,1150315
1242991,1243035
1026698,1216548
1221774,1221788
1139726,1139742
1152093,1152119
1260792,1260839
1158041,1158056
446747,1089777
1175031,1175049
1284720,1284731
655961,1223890
107110,1235446
430449,1064184
647852,1061924
533675,1087192
291862,1212509
1279828,1280294
1106763,1106841
1054923,1054947
790840,1299662
1292389,1292406
1134830,1134848
1269971,1269992
1205895,1205914
841395,1087639
246824,1211003
1257616,1257637
1315391,1315410
810192,1065318
368475,1076075
1300467,1300479
961484,1325674
1293674,1293711
1295052,1295075
1128168,1128229
1174387,1174409
460914,1260433
1305527,1305543
1210746,1210767
1018797,1249332
1022386,1217500
250335,1087137
1166611,1166653
1240063,1240071
1118247,1118268
1304753,1304782
1222688,1222724
1000345,1062261
146891,1069231
1251488,1251501
1271391,1271410
1327146,1327151
1286809,1286821
1176084,1177847
1262071,1262092
1302102,1302118
458781,1261620
1312082,1312122
1043736,1047839
1221837,1221871
1305781,1305799
1326723,1326747
1117937,1117959
1169805,1169822
1264688,1264707
1293782,1293805
1279828,1281553
1307010,1307023
1041475,1045224
845774,1212131
769642,1251777
845184,1204221
1209076,1209105
1252988,1252990
645991,1275000
1134876,1134895
441582,1083912
596954,1169091
834873,1225428
1254569,1254576
1163591,1163602
1043409,1047582
327346,1059534
974692,1316495
1264172,1264186
1232454,1232477
1007093,1061365
646963,1071306
1240474,1240490
108464,1185679
1145320,1145354
1258340,1258364
1280793,1280803
996608,1063749
1306629,1306640
1120914,1120933
962978,1204722
1255928,1255944
1280410,1280423
1044587,1044600
109412,1057111
1171879,1171898
114219,1094253
498922,1282644
943832,1078244
1312179,1312198
470062,1073625
1143550,1143578
1160847,1160868
368971,1225136
675809,1249642
667315,1103564
108504,1187895
1166551,1166579
1290458,1290491
123839,1206564
1250833,1250851
1008477,1077981
1314217,1314240
1041111,1046223
1121060,1121073
1138768,1138775
1135921,1135945
851946,1086903
1168478,1168497
1213643,1213662
650831,1217642
1273259,1273271
1105649,1105654
656936,1085197
1238718,1238739
1131959,1131971
1157259,1157271
117845,1197219
485411,1218772
349291,1067234
142228,1069824
1020673,1096137
337328,1079626
645446,1089810
1254609,1254621
458781,1261631
1241208,1241220
667614,1099482
537994,1274381
1307676,1307703
1266503,1266526
1036979,1229697
1173721,1173745
805947,1298613
666517,1325487
689255,1313136
715616,1213071
1273829,1273855
1037858,1227675
1022757,1088511
1290721,1290766
128805,1228253
1198783,1198806
1151031,1151077
1151936,1151958
1306664,1306686
1100722,1100746
1210416,1210437
448975,1085166
145786,1103118
1128839,1128856
813980,1206160
1232669,1232703
1153010,1153034
1115979,1115980
1310690,1310707
1041622,1045380
1042400,1047152
149850,1069135
656217,1091451
1224768,1224775
414768,1184264
1173637,1173659
1252360,1252409
1245337,1245371
112304,1272557
670716,1217603
1275160,1275187
1306975,1306981
150639,1092001
658520,1277728
1135662,1225485
1243100,1243144
469085,1218148
114718,1068508
1136164,1136193
715830,1108740
723397,1287228
793651,1251564
648634,1082698
1134265,1134283
1303993,1304015
1170144,1170159
652545,1073100
1251305,1251314
1128684,1128700
368971,1225115
1261122,1261146
1251092,1251139
828347,1085579
145819,1103125
1207835,1207857
1150032,1150084
1017859,1185985
1113856,1113873
369541,1066697
110644,1179865
829928,1103875
355967,1209122
106661,1078727
1265365,1265383
1247245,1247278
765827,1213810
1312840,1312855
406218,1225324
1055093,1055119
1261872,1261893
1048687,1048723
393742,1282869
1304425,1304439
235983,1107441
1040177,1044784
1254860,1254873
1120797,1120811
1284913,1284921
1190146,1190180
327322,1224401
693189,1218520
106879,1055766
672092,1110099
1305781,1305809
327305,1224312
783039,1235217
539888,1097762
1222748,1222753
1295150,1295166
147135,1241001
1199771,1199785
1042170,1046769
145327,1069525
437097,1079281
1002082,1103517
1157146,1157167
1253087,1253094
1129984,1194687
255331,1071265
1165495,1165532
1310275,1310281
674822,1226212
383210,1108130
323853,1081808
1218066,1218084
323404,1073924
1054601,1054640
1285309,1285345
1205310,1205334
1207107,1207111
1006131,1246355
1210002,1210025
664947,1287497
700158,1275881
1152848,1152853
136175,1070028
145481,1229255
270503,1108622
1310234,1310247
1019130,1210849
1127656,1127673
284024,1084469
1163536,1163558
1303513,1303550
1188355,1188393
592158,1235326
1186149,1186165
1312271,1312292
1105926,1105942
1008393,1282848
135568,1231880
1261988,1262016
1133011,1133053
1231070,1231117
1134797,1134811
1101995,1102014
1267386,1267408
1271512,1271520
1205029,1276036
115611,1068667
136759,1086840
1279761,1279885
504434,1272266
1053548,1053582
100046,1059919
864253,1061589
380208,1066936
1001586,1076918
696993,1045063
117832,1239934
116432,1068577
670860,1099513
1125598,1125611
1174432,1174466
464718,1109951
1113915,1113936
1040154,1048527
1285418,1285439
453599,1071443
559936,1097568
1254388,1254422
798852,1229335
1253444,1264977
1125408,1125412
1156504,1156527
1289120,1289149
1239746,1239767
1052799,1052813
1291574,1291590
1176992,1177016
945843,1254548
262167,1056314
380560,1071323
1112907,1112924
1112995,1113031
1117499,1117508
1278128,1278144
756354,1058193
1294067,1294079
655758,1082531
1143901,1143940
1246960,1246987
759509,1214579
1220007,1220048
1297832,1297850
1234770,1234789
1105791,1258719
1213207,1213248
114257,1068362
1130858,1130891
410146,1087251
660669,1103749
1156948,1156969
1168292,1168318
1170884,1170907
682015,1268830
1017580,1218793
442231,1072684
1100094,1100115
332313,1082475
428614,1195664
1153145,1153178
237466,1055556
1006836,1063945
146760,1065421
1257766,1257784
1302627,1302636
790534,1227521
1255287,1255304
1278438,1278472
1256482,1256495
1172449,1172483
1043484,1047666
301875,1058155
1195686,1195705
521708,1080784
653909,1086007
1310138,1310155
549990,1274659
1136537,1136544
1249247,1249252
1314962,1314989
750009,1107880
661787,1064987
1245610,1245623
1174838,1174872
1290458,1290470
413111,1063125
1309389,1309410
541787,1103490
1122389,1122391
1232892,1232902
665811,1236169
766023,1217795
864102,1193531
1164861,1164888
118152,1183557
1317306,1317334
1051634,1051652
749963,1107851
109828,1093496
1289578,1289597
486514,1218468
589685,1216958
132005,1217193
573172,1215575
1220935,1220957
1042284,1046983
332674,1067366
787135,1075610
1114382,1114400
1301599,1301631
1184530,1184553
1247189,1247209
1152190,1152212
113880,1081686
1289120,1289165
1177945,1177950
144737,1194100
1283761,1283788
1208805,1208822
767686,1275125
1012823,1060975
412674,1088012
539218,1098910
414948,1216175
1188859,1188892
420369,1070708
666517,1325494
777063,1078506
961484,1325690
1305618,1305656
430449,1064166
1296200,1296237
1121798,1121808
810897,1187869
1324000,1324028
845166,1071126
442404,1072763
1136252,1136299
1266056,1266060
1317766,1317784
462315,1076956
1318204,1318236
148236,1096706
1244633,1244651
1167686,1167722
1174179,1174198
477436,1184991
1134998,1135000
1053201,1053240
1244786,1244826
1203096,1203110
1039319,1226594
395140,1080038
1136456,1136460
1289051,1288999
1208062,1208101
843603,1325592
1199240,1199272
1043715,1047818
1043926,1047991
380208,1066915
114177,1094187
1288503,1288519
1196415,1196458
1017624,1271819
1277181,1277201
1255241,1255260
1232757,1232790
1154141,1154160
690880,1068729
1035073,1206000
1252801,1252817
1151524,1151548
128822,1183655
1301114,1301133
1305438,1305377
1220864,1220886
1007142,1061401
147427,1069064
650471,1090050
1110941,1110960
840161,1091123
106642,1062067
1144313,1144332
1233142,1234076
1235054,1235096
1233212,1233254
1006718,1056037
1218182,1218225
768484,1229134
375131,1061723
424871,1074107
1132073,1132115
1140943,1140989
665208,1086696
1268721,1268745
103409,1215974
1002715,1229632
998405,1209631
1038834,1077191
131625,1070305
761220,1214630
1170710,1170723
1101866,1101884
549466,1191533
962712,1214329
1150124,1150148
888088,1249603
1125939,1125956
1035705,1197257
1199049,1199065
1211723,1211747
1153243,1153262
1244679,1244698
1305723,1305747
1005992,1220082
1050598,1050611
1129834,1129868
291929,1108679
1301024,1301048
1172611,1172630
225993,1070224
111221,1081542
1135187,1135224
993036,1224493
777627,1073687
112826,1068066
1135248,1135269
1270521,1270545
516821,1319752
1154909,1154921
887818,1169299
838289,1233895
484916,1215450
1288250,1288297
1223225,1223241
1306382,1306400
887414,1085902
758601,1110726
733432,1093145
1168478,1168510
1288808,1288831
1013955,1231748
1246580,1246624
407461,1062986
110853,1067867
1154398,1154419
1202163,1202185
1203792,1203825
1152882,1152905
394796,1084623
486859,1247143
1279761,1280013
1238108,1238120
353873,1209048
1189401,1189429
1155384,1155402
350197,1067117
1136674,1136688
1289578,1289610
232830,1228000
1234654,1234677
1320890,1320900
227779,1090468
1295258,1295289
569191,1247714
1257381,1257427
1181059,1181071
1230472,1230493
998077,1184319
357218,1061057
1010530,1061486
436211,1079460
386608,1079164
1126957,1126974
973445,1081136
1139871,1139892
1259455,1259486
1315819,1315835
1127982,1127995
295933,1194976
1322594,1322600
1035590,1092797
1256964,1256986
1279828,1279863
1198950,1198997
1274895,1274914
1039511,1048267
1286163,1286185
437021,1064364
1263773,1263794
1132574,1132588
1129899,1129913
1294022,1294033
1160997,1161017
1265536,1265562
962783,1204664
394810,1095867
664705,1187750
295933,1194969
1168534,1168552
1291143,1291162
1126122,1126146
1188081,1188113
767162,1089156
520091,1058313
725262,1077947
1244447,1244468
967695,1227929
129114,1192776
1244944,1244959
1251276,1251282
1287886,1287942
1279828,1279844
1261011,1261030
760207,1064624
745723,1074202
679963,1082857
962712,1214317
649437,1088553
1100722,1100767
1147236,1147258
1179629,1179640
1201773,1201815
1162479,1162480
356749,1071784
412635,1216020
417120,1087377
1299435,1299442
1141146,1141167
1189251,1189279
420382,1070765
1321613,1321632
1201993,1202019
1167376,1167395
917089,1059829
406701,1215893
134184,1216839
667315,1228295
1170710,1170734
417120,1087354
1168620,1168665
829786,1235272
1150622,1150646
1050925,1050960
954818,1075532
143170,1097179
117747,1082013
845145,1086654
1140342,1140361
1160909,1160921
963371,1194562
1206852,1206875
1144748,1144769
103114,1225221
740887,1072123
1245858,1245862
149401,1069685
642960,1082900
230729,1092600
394810,1095846
328521,1090888
1246006,1246047
1271343,1271362
1178929,1178938
1315764,1315786
1140388,1140405
109994,1093719
1239746,1239779
1316392,1316407
386198,1181966
1237346,1237367
1055029,1055038
1282998,1283006
1183395,1183416
770673,1218032
1135139,1135156
1243878,1243884
343237,1066856
1119599,1119631
1298970,1298991
1231439,1231441
1298083,1298096
238629,1258790
1003400,1213102
1278809,1278813
1042400,1047175
1306284,1306324
1052401,1052429
113275,1065302
1190649,1190665
658803,1084288
852096,1085047
1259504,1259527
813980,1206187
662455,1085546
1304425,1304441
1220432,1220450
149429,1069745
1252048,1252053
1202214,1202233
368423,1061543
838630,1061687
1133478,1133497
1207717,1207738
277563,1182789
1132952,1132975
675100,1232145
303746,1212584
783714,1324380
1147197,1147215
1297100,1297128
406701,1215872
283895,1084411
321880,1182373
1265128,1265137
1006718,1056028
1175342,1175361
835169,1091744
1210284,1210307
1106904,1106915
1166047,1166068
1148853,1148895
428097,1109685
1242576,1242609
1005701,1214178
644200,1108452
571376,1275909
143162,1227098
687917,1183999
555906,1188816
448910,1085109
365575,1072264
1239395,1239400
1324966,1324978
1262403,1262419
549990,1274637
660215,1277825
1277229,1277238
731169,1091595
1324909,1324945
145992,1103314
988395,1091927
543582,1097864
585935,1224354
1026050,1226671
1293275,1293299
1159120,1159165
1270566,1270578
112304,1272535
1159668,1159681
1155345,1155366
1299160,1299173
1322334,1322375
1204060,1204087
768581,1319813
258637,1056071
1117596,1117614
298642,1058070
569877,1215409
1105677,1105683
962921,1204751
1024552,1182285
1257766,1257797
1281716,1281737
104334,1183115
1033182,1208867
1118473,1118516
1128319,1128335
1200902,1200925
1287523,1287534
114929,1082032
417203,1063380
1161220,1161249
1243589,1243591
1243625,1243660
1040482,1044967
1183722,1183746
1312568,1312575
905573,1204025
235931,1055375
134885,1210127
446747,1089754
1156100,1156144
364412,1072008
1250954,1250977
480276,1090583
404838,1109436
1300422,1300433
1043926,1047958
1017607,1218819
462294,1076994
260129,1070823
1252547,1252581
1122343,1122362
261442,1056139
768007,1097007
1133789,1133801
1184451,1184467
144264,1085788
1288975,1288999
553874,1216613
285511,1084165
1202251,1202279
1299474,1299488
103095,1078829
1286536,1286570
1163331,1163354
861802,1185916
1311419,1311461
995695,1235569
328407,1213305
1265536,1265591
1133076,1133095
1054485,1054503
234118,1223468
349579,1235943
1243543,1243558
1200184,1200197
1190547,1190581
489473,1319493
114046,1094333
836203,1098542
148052,1103398
325530,1083977
1114471,1114492
325054,1096383
1036876,1211401
1276833,1276851
1308560,1308587
115204,1094754
357009,1082273
573089,1103966
1170781,1170809
1193680,1193729
1197300,1197344
1243911,1243930
743033,1057358
346585,1060250
666984,1068009
1134600,1134616
1137168,1137201
766863,1319602
1101809,1101813
1283052,1283081
970718,1185842
1053083,1053106
1006972,1171460
1291382,1291416
330325,1096365
1287829,1287838
643525,1090826
1187220,1187249
108832,1082239
1171281,1171321
523018,1237442
737818,1235818
1166081,1166109
672435,1102870
671179,1086356
1284868,1284899
1313330,1313369
995695,1071685
758463,1089731
845145,1086631
1302662,1302670
1192345,1192366
1257161,1257188
1022386,1217528
122752,1206540
1136043,1136089
1302501,1302529
145225,1229054
1288416,1288444
1284211,1284224
327346,1083851
1184894,1184915
660081,1062344
807363,1067210
1136101,1136140
1113569,1113582
1284253,1284276
993954,1081854
1163969,1163976
520350,1091388
1144070,1144089
947395,1235737
1290628,1290644
1288162,1288189
1162303,1162326
810061,1256836
1266705,1266714
964724,1057605
1291910,1291934
1170003,1170026
1310898,1310912
1190484,1190506
351955,1060617
142200,1069784
1309577,1309596
518779,1319850
851848,1236857
910104,1216936
111297,1081561
1277229,1277240
1204910,1282905
678659,1182608
1183395,1183437
1255793,1255819
1285155,1285193
1274017,1274038
1301988,1302000
1130681,1130699
358908,1083345
652993,1099509
1230214,1230233
1245610,1245634
420369,1086677
537477,1286639
1201647,1201668
1240380,1240419
1310657,1310674
727061,1079661
689123,1092029
1201891,1201917
1279761,1280176
1253849,1253854
1052205,1052222
1125735,1125757
489473,1319486
1223343,1223362
1012823,1060952
672253,1102938
1221719,1221757
1041287,1046487
117377,1056276
963411,1195087
1111647,1111681
1244679,1244717
1262194,1262230
954818,1075550
1291143,1291158
1280793,1280826
1151759,1151771
1326396,1326438
1202558,1202591
485509,1217912
692466,1227371
939820,1060492
145667,1097011
1176928,1176937
1180635,1180642
908062,1086122
1003213,1092784
667698,1099521
1111532,1111550
1304563,1304585
726903,1091008
237198,1055518
114359,1065341
1003601,1069946
962806,1204672
1252259,1252271
619247,1169275
1279386,1279420
1243752,1243799
533196,1213426
1243280,1243298
1318477,1318496
408363,1088077
1033362,1235548
318525,1240978
1283892,1283918
1267885,1267902
1318258,1318270
1153197,1153204
1253444,1253463
1267449,1267454
1126612,1126631
1123769,1194214
1243752,1243775
1244583,1244605
1127279,1127280
145633,1069161
318980,1079321
237198,1092458
1239060,1239094
770656,1217977
1302346,1302351
465579,1089615
1155688,1155707
732369,1108803
1321818,1321839
648033,1069427
1287789,1287801
1178986,1179025
1247245,1247250
1325954,1325965
498922,1282663
550665,1212046
1309717,1309738
114112,1313087
1143112,1143131
1280717,1280729
513580,1204307
1307393,1307412
516832,1319799
650376,1089978
1202618,1202625
1167485,1167503
457887,1217559
1326687,1326694
828404,1083252
282386,1108549
1117531,1117554
1184894,1184936
1292343,1292358
1313232,1313245
870372,1213852
1043599,1047737
1129796,1129806
432536,1108391
1165964,1166010
790575,1090701
1131508,1131549
459653,1075328
1264062,1264089
1142333,1142351
664245,1092277
1175650,1175678
1270154,1270177
112032,1187922
1120594,1215677
1264129,1264155
100005,1055334
115408,1214496
1141484,1141506
1028815,1085006
1279761,1280169
1220677,1220683
835124,1091763
432558,1108406
147824,1069848
107077,1080600
327380,1206125
756377,1276117
521586,1212938
1264129,1264138
1126167,1126180
1195284,1195348
645697,1059179
111664,1214243
1265401,1265429
482467,1092436
537145,1210820
512249,1247820
537994,1274404
779060,1087417
1279761,1281553
819191,1273285
1022719,1227196
1174935,1174942
108866,1062407
114257,1068389
1100437,1100471
1116085,1116125
1303760,1303787
794543,1056379
395528,1062584
1018979,1217155
532059,1087061
1294756,1294773
1051901,1051940
1170472,1170486
665692,1073589
678979,1080249
1300728,1300759
1006739,1084964
746780,1171528
1180571,1180619
1226436,1226458
421100,1063627
1133926,1133935
1141758,1141791
1179733,1179751
1113666,1236343
665518,1074565
1123418,1123439
652566,1088650
357944,1095931
1050676,1254700
339054,1070875
573795,1246393
1016471,1305493
368959,1214800
1292803,1292842
665208,1086715
1186675,1186699
909903,1072841
674247,1090646
1287413,1287450
670697,1217592
1188184,1188204
1234318,1234356
748745,1237282
1302102,1302125
1245482,1245521
395528,1062566
334976,1275059
1252048,1252076
1027899,1184031
1141957,1141961
687149,1064522
800114,1074066
1116248,1117078
952421,1091621
1137255,1137293
1254012,1254054
1191994,1192015
263221,1107931
1114104,1114127
1166355,1166393
658066,1213777
1279828,1281524
1310172,1310210
1295113,1295132
546593,1212448
1180425,1180441
1026803,1229175
1325350,1325384
114337,1061809
659766,1075597
856505,1249384
144479,1233797
947459,1068772
143714,1274721
758640,1089572
380922,1194137
1261302,1261325
117706,1313143
1251689,1251708
1113792,1113818
1167590,1167638
119572,1228731
698669,1253143
459215,1274265
109150,1058690
996339,1060854
453649,1071502
678979,1080220
412473,1080525
1198000,1198037
1118091,1118101
574862,1212891
761220,1214611
1294858,1294870
776565,1073267
131976,1070367
1198615,1198636
327322,1224440
1219830,1219853
340051,1094783
1175887,1175904
1148277,1148283
1256964,1256972
260867,1211280
957093,1229759
275445,1084131
1171724,1171748
1005740,1214099
267368,1072524
1140548,1140553
1307052,1307075
1136619,1136635
1189401,1189440
1298856,1298860
765033,1059114
1054060,1054104
478624,1230035
1249089,1249101
1247189,1247221
693232,1076355
1144036,1144058
1048850,1048897
466893,1087074
1249867,1249908
1268142,1268157
1138558,1138562
1101656,1101673
1026481,1194591
108832,1228230
1050465,1236389
1040257,1044869
1039031,1203962
1016751,1299593
1043179,1046101
1159022,1159051
802058,1103194
1282174,1282208
255401,1055979
958630,1062929
417183,1063322
227601,1088894
1123089,1123101
540477,1299636
107110,1078387
1262269,1262282
1136949,1136983
1323918,1323939
945476,1056636
1118559,1118585
1148853,1148876
700158,1275875
1222880,1222912
1033182,1208846
106879,1055750
1289363,1289371
536705,1218508
1291002,1291025
954199,1065523
1251248,1251253
1310091,1310117
1101365,1101383
1011665,1241347
143557,1225999
1270344,1270359
1138377,1138429
1286866,1286907
1222138,1222172
1250058,1250062
1003369,1212681
1244358,1244389
365677,1110567
341701,1208657
1051843,1051858
1267885,1267892
695434,1056016
428554,1064081
1251063,1251071
1301926,1301942
1271452,1271499
1318925,1318941
749343,1271971
1130858,1130870
1158324,1158348
1156768,1156781
1273789,1273801
1274190,1274231
1113147,1113152
1053293,1053319
658633,1060574
109166,1081348
1004595,1092040
1158638,1158655
288046,1223937
1152142,1152174
362359,1079384
1133886,1133903
273461,1228351
782770,1182649
1286365,1286383
434981,1075005
462111,1077629
1279761,1279788
1326995,1327007
1119523,1119547
409266,1063063
323541,1074009
104539,1284997
1219616,1219637
1190935,1208912
1148310,1148399
1232184,1232204
1257086,1257093
1254201,1254229
112861,1055190
810953,1055415
1193066,1193084
1182801,1182817
1159815,1159836
1222880,1222898
1177059,1177092
1220259,1220271
1275160,1275207
373536,1074667
650526,1090097
699383,1102955
1113286,1113303
1042369,1047123
1204975,1204999
642006,1215762
1271078,1271084
1150256,1150273
1277123,1277147
576649,1092334
1166166,1166178
1291221,1291266
1297440,1297455
1189694,1189710
354395,1060910
1201702,1201725
1253250,1253297
847878,1314737
1209360,1209387
1152685,1152713
1133961,1133988
1304753,1304769
1166081,1166099
1003348,1212407
823385,1319543
1129160,1129187
1130681,1130725
1159862,1159891
1140943,1140962
1026803,1229168
1171879,1171880
1171186,1171193
965396,1085372
1149078,1149097
1112042,1112057
1294112,1294154
1044231,1044277
909082,1062509
612020,1168855
1243589,1243602
526165,1218287
724051,1092352
1105450,1105478
466893,1087090
550432,1192585
1199147,1199181
1186363,1186385
1263051,1299708
1174581,1174620
1269729,1269740
656255,1057786
398686,1062787
1132854,1132877
646772,1093355
525343,1236218
1262586,1262604
1290824,1290830
246436,1089295
1239746,1239751
1054428,1054444
1044375,1044415
1126683,1126704
581694,1218358
535543,1070997
135568,1231908
742754,1074963
350355,1213950
1000494,1099359
1209770,1209789
143640,1084482
1165623,1165647
1262643,1262662
150440,1274811
350790,1066873
1002801,1087536
1248903,1248926
1187946,1187967
111471,1055709
1172355,1172364
1132073,1132094
1255287,1255294
1104939,1104956
1175887,1175927
619537,1204189
1168770,1168791
117618,1311333
144264,1085761
1117434,1117475
1106286,1106342
808085,1298678
1207481,1207508
1306820,1306849
1291492,1291535
226132,1325500
659135,1209683
1295150,1295178
1190608,1190620
350197,1067138
147824,1069869
1102411,1102448
1205541,1205560
387088,1062203
996387,1060812
860389,1096090
108504,1055560
553130,1228457
1265308,1265320
1043421,1047609
103409,1215957
624055,1228643
1238495,1238513
483383,1084597
285020,1057499
667176,1069265
1303046,1303067
1179779,1179780
1286930,1286953
437944,1216818
1279761,1281621
1252122,1252167
657275,1090622
1113666,1113684
1164287,1164304
665415,1077250
1310769,1310782
651472,1065683
1274283,1274296
1277943,1277989
1182547,1182552
117747,1081999
1148310,1148352
1201938,1201955
1043649,1047792
115408,1214483
645785,1095603
1283892,1283902
1120628,1215704
1010374,1233980
1298530,1298553
963300,1216480
1220758,1220762
1137700,1137728
477458,1185013
1311796,1311834
1311852,1311875
1326128,1326144
117308,1056211
967735,1227804
409686,1225444
1236499,1236531
1191166,1191178
117639,1081947
1133011,1133030
1302426,1302435
1182840,1182864
653187,1092086
431411,1094909
1255738,1255740
1166837,1166844
684251,1074327
1316889,1316901
1261200,1261228
1117225,1117241
1124566,1124584
110853,1093676
1234696,1234715
559894,1098601
1182743,1182758
1160720,1160765
446074,1096088
1279533,1279579
1200973,1201014
501142,1211602
737199,1096251
1224074,1224090
117832,1070442
388020,1082294
1127813,1127832
1107138,1107155
255570,1107912
1187489,1187518
1290967,1290980
419507,1095563
1311586,1311604
1219404,1219415
1152525,1152556
1160604,1160615
325856,1182919
365575,1072240
1278747,1278768
1179307,1179324
109761,1225640
1004422,1187188
779060,1087396
439762,1090304
1102274,1102290
1142139,1142156
939820,1060519
1142379,1142398
952325,1063643
535995,1076412
463247,1109933
1174484,1174497
687917,1183975
1172227,1172243
940207,1108315
1187797,1187811
1144688,1144690
727061,1079688
800840,1085215
768654,1098311
1129282,1129305
1137595,1137613
1313831,1313849
840905,1234048
452437,1096641
1244842,1244857
413959,1089593
591045,1211171
1279449,1279454
1293210,1293234
666572,1087591
1113342,1113388
665967,1081158
419405,1063564
719082,1074729
1038572,1066422
354158,1077542
1233212,1233231
1313191,1313213
290420,1194878
1038403,1076611
559927,1098672
632772,1169571
1160160,1160187
1270623,1270647
651995,1066238
1242915,1242943
1264321,1264366
993833,1081812
1129950,1129978
1280717,1280738
504336,1183158
1183767,1183808
409686,1225463
825656,1313025
326512,1067321
111297,1081588
1268038,1268072
1187381,1187399
756377,1276091
1292614,1292633
1307483,1307496
267368,1072548
1279340,1279364
113626,1094071
1048562,1048602
1269475,1269499
1188630,1188669
1292577,1292583
378216,1076816
1168387,1168409
1053716,1053759
1208473,1208494
298642,1058058
1163781,1163809
1324173,1324194
1307630,1307653
1195284,1195307
1137989,1138026
1171091,1171101
1041549,1045322
1252608,1252620
386829,1091147
349579,1235962
1148119,1148126
1026740,1212647
131625,1070322
1144155,1144164
1165964,1165986
1291664,1291686
1242684,1242700
1321887,1321904
1226310,1226352
249286,1090124
1174974,1175012
1291664,1291705
1200047,1200052
551291,1196174
667294,1228314
1277414,1277451
117308,1056230
1323483,1323505
1141302,1141325
1137255,1137272
356658,1275398
1039511,1048280
1301082,1301095
1265128,1265144
1246113,1246132
1292124,1292148
1284765,1284777
145928,1068985
1146330,1146353
1123252,1123275
1158209,1158213
545692,1194768
1308347,1308352
1232393,1232412
113880,1081705
1135529,1135540
1149888,1149900
1033202,1208908
974692,1316476
1001754,1109103
1297602,1297641
743448,1247629
1248683,1248715
1265625,1265641
648804,1063501
1006739,1084986
1145003,1145026
1290663,1290709
1018254,1057985
298366,1108646
1308462,1308489
1053771,1053818
1242096,1242110
108911,1059339
142497,1099756
650428,1090013
1326866,1326878
1262071,1262085
1143183,1143203
1290573,1290600
1198059,1198071
117128,1075756
962966,1204714
655736,1082499
1309803,1309842
1180983,1181000
1312421,1312466
1176107,1176111
1283338,1283372
1209339,1209356
781380,1077485
380220,1066970
114203,1094211
1194723,1194734
1043360,1047548
393742,1229388
1325091,1325101
368327,1087976
1267987,1268001
519955,1184388
1118138,1118155
1053860,1224884
1013955,1231769
1258580,1258607
1134732,1134745
1190770,1190791
1190263,1190285
1290663,1290685
874463,1091530
1224809,1224813
496812,1235860
1155559,1155571
580588,1189464
1287325,1287341
562925,1213604
563142,1213708
1128873,1128887
775958,1098588
654925,1230982
237146,1055458
735379,1091860
1152347,1152375
506408,1187368
759509,1214551
1027627,1080998
1287829,1287840
1284253,1284295
944078,1059259
1121170,1121189
1053054,1053077
113626,1094059
109496,1108937
232462,1107332
113879,1081664
1130183,1130219
1144155,1144172
1295522,1295567
325839,1059478
651660,1083117
1188630,1188648
1315819,1315842
1123822,1123867
1292389,1292391
120695,1184181
644271,1256385
238812,1090842
1150362,1150389
1243625,1243641
963242,1212843
1313831,1313854
1151650,1151678
1187797,1187830
943813,1248200
930504,1058619
1116044,1116063
1172178,1172215
1010697,1232109
1148190,1148208
680285,1098820
1173283,1173296
440124,1093431
1238836,1238843
791496,1218888
718822,1080830
1244512,1244520
1124051,1124079
1287478,1287484
568448,1214703
700209,1224969
1187086,1187126
1303610,1303623
109761,1067563
770907,1206322
437111,1064393
1100906,1229818
1141575,1239896
1266590,1266617
436351,1090680
1149389,1149391
1100376,1100395
1106065,1106083
482507,1089253
1298049,1298054
1284540,1284586
1288722,1288746
1201203,1201226
1288722,1288733
933784,1311211
1002736,1252179
1195245,1195266
1169949,1169983
1192603,1192626
1326641,1326660
665518,1074583
1223740,1223764
661411,1095782
398705,1215552
1026391,1215903
1324419,1324442
1041701,1045488
1316359,1316371
649968,1095441
370852,1107425
643525,1090803
737856,1235927
1151374,1151414
477190,1325879
1305911,1305930
311394,1208332
1239115,1239136
1128989,1129000
1309944,1309985
1220198,1220216
554953,1076132
114051,1094398
1128390,1128451
1205541,1205587
1291910,1291923
482012,1218992
443113,1072361
1194486,1194527
1100376,1100416
1287151,1287179
1162873,1162894
1222070,1222091
1184451,1184479
1149389,1149406
1321181,1321201
110853,1093653
1135529,1135564
1166551,1166598
1318386,1318393
1005622,1235792
1298049,1298065
1250309,1250313
1196119,1196126
734436,1059758
1019130,1210831
485112,1070125
109166,1081369
1182053,1182076
1286536,1286558
318462,1235678
784873,1311230
273102,1057130
1291041,1291060
1317979,1317998
1127192,1127251
118096,1086547
1009417,1089474
1318477,1318514
1282518,1282556
1283052,1283075
1207937,1207959
944050,1059237
1017837,1185944
820927,1249456
114889,1055811
273488,1239910
1137498,1137511
1147941,1147960
339467,1077664
1140201,1140217
1151433,1151446
1296990,1297019
1304036,1304043
552965,1098087
601894,1169592
1243100,1243128
798997,1215478
444670,1064580
687079,1083528
1245337,1245359
105457,1276626
1316359,1316363
1104364,1104408
274338,1083769
1167999,1168030
1146158,1146191
1288104,1288136
1140388,1140390
484680,1058954
1140785,1140792
1306094,1306104
908062,1086105
1101558,1101570
1142689,1142720
285927,1228538
1319279,1319298
1286591,1286618
305835,1182271
981825,1193622
412635,1216049
1129141,1129156
365534,1072229
1278377,1278383
388096,1082358
1139364,1139386
1106904,1106936
1156982,1157007
1142379,1142380
563142,1103913
1139477,1139483
1190030,1190076
1327237,1327259
337385,1060039
1187539,1187560
1171004,1171027
1286660,1286687
487526,1185410
1314054,1314065
1137958,1137962
1294566,1294584
1214289,1214301
411994,1088335
473348,1084827
310361,1195104
786430,1233946
1233306,1233323
1260792,1260818
1250015,1250027
1294363,1294407
1017522,1059791
1270385,1270392
1168620,1168649
1033169,1188514
957142,1229737
656217,1245938
481979,1084051
1145982,1146025
1236596,1236633
694451,1065048
537047,1098767
767492,1075120
1325425,1325460
1005835,1209736
737479,1095402
1163074,1163116
1190146,1190167
1264281,1264309
1321678,1321697
1287413,1287432
1303453,1303495
1118091,1118117
441609,1217015
1119817,1119838
408080,1109399
1291574,1291617
1255554,1255577
991245,1066374
1041050,1046206
745982,1056899
1122260,1122287
1321361,1321388
787093,1214844
1164111,1164130
1115334,1115347
1162737,1162759
947437,1235763
882087,1237230
1197521,1197545
1195923,1195947
787671,1076150
395247,1080135
1132330,1132353
1129028,1129063
436211,1079456
1300083,1300096
1323023,1323047
142146,1099469
1162096,1162123
1305331,1305354
575719,1232075
1316067,1316080
1301654,1301665
807046,1059957
1261957,1261961
666044,1086302
1320066,1320078
1042780,1045868
1175507,1175511
591045,1211185
1309531,1309554
886378,1089403
1142984,1143005
1263203,1263242
565319,1275419
346753,1060297
328183,1095814
870355,1213754
1112042,1112061
321397,1079366
1158087,1158127
1157053,1157095
500346,1169043
114972,1061320
1129765,1129777
1204910,1204934
1272780,1272820
1042714,1235152
1252007,1252011
1004873,1088792
1276138,1276140
1294022,1294046
742754,1074985
770656,1217996
1171690,1171707
856483,1249397
372422,1193153
288046,1223916
1100025,1100041
1135604,1135627
1139477,1139496
1308539,1308541
674920,1098369
1120254,1120277
1262118,1262125
1171954,1171996
1016471,1305504
1113856,1113860
1018212,1076454
887467,1085925
1127192,1127214
1039632,1048401
724584,1291975
1042849,1045881
1256407,1256424
1125551,1125579
1173933,1173951
643072,1078547
1180210,1180252
537145,1210812
1222366,1222384
1312654,1312696
1215048,1215082
1125291,1125338
1100535,1100574
1223050,1223078
115816,1068583
559666,1097581
1105302,1105325
1170515,1170536
1156438,1156455
715352,1223888
282364,1108520
1123500,1123528
1144223,1144234
1163706,1163723
108813,1108176
993070,1215325
458809,1261654
516832,1319775
694012,1058977
1111476,1111513
865299,1223508
1052279,1052312
1251689,1251691
1323630,1323648
1262834,1262847
1040196,1044807
749985,1107879
1133263,1133285
110895,1067908
1133612,1133631
1249186,1249193
1041176,1046281
114545,1058626
1246262,1246270
557513,1097484
1139184,1139227
1303610,1303634
966369,1185358
1040235,1044848
581694,1076496
615149,1231657
1210638,1210655
1142295,1142314
996076,1086167
687513,1078445
1263668,1263681
1297752,1297775
649910,1064648
1139630,1139653
1267598,1267611
651687,1083140
1133743,1133762
1248599,1248612
648513,1080644
303746,1212597
1239353,1239376
468860,1247947
668776,1102725
1143407,1143411
1147757,1147774
699768,1276268
1168105,1168133
776992,1089194
1171619,1171626
117205,1082153
1277077,1277106
1303955,1303964
1112809,1112821
1267669,1267682
1178870,1178901
1192036,1192070
327346,1059552
108354,1273696
1145515,1145536
285342,1228517
1275457,1275474
619537,1204209
994889,1319639
652257,1089658
957882,1097387
1128943,1128962
1130794,1130815
1148029,1148040
377330,1095724
1156982,1157011
1244900,1244928
1159993,1160000
1166918,1166925
1269786,1269803
1222516,1222528
1303080,1303108
1325172,1325193
963363,1194543
150455,1224116
963337,1216530
540514,1097829
1139630,1139676
1170656,1170694
1134951,1134979
473601,1066020
256232,1072962
1149124,1149148
1192186,1192281
1246204,1246243
1173594,1173600
1171384,1171402
111934,1062149
646066,1082410
1133654,1133677
1265781,1265799
1165699,1165739
857087,1223992
1202251,1202312
1043758,1047856
320440,1073504
431392,1094868
646287,1097133
1279828,1281569
1146158,1146170
1184405,1184433
1009057,1087694
1287568,1287575
1248450,1248478
1292260,1292287
1147132,1147150
1156308,1156320
318462,1235650
1212756,1212773
658698,1224907
1295113,1295121
115227,1068861
1122410,1122434
1303652,1303675
1024534,1182302
768608,1162065
1245652,1245675
1297752,1297768
480398,1088238
1175123,1175147
1185698,1185717
665811,1255032
1324490,1324538
351955,1060590
1121519,1198457
736965,1107544
1242414,1242451
1243543,1243562
473588,1065961
1289917,1289940
1255554,1255596
1240295,1240314
1260759,1260763
1231070,1231091
1120628,1120644
108687,1081311
1114722,1114746
1268352,1268375
1179250,1179278
735712,1312990
861134,1247087
416784,1277904
1313232,1313250
644373,1235498
442830,1074423
1130120,1130165
649503,1088613
1207239,1207260
1279653,1279676
1191393,1191412
1107062,1224298
356488,1214052
646066,1082434
1298433,1298451
800114,1074084
110352,1067707
762229,1102521
1158693,1158751
846082,1314666
258671,1079996
144255,1085742
375392,1092980
1117148,1117182
1040257,1182387
1035056,1182445
361298,1081191
681859,1244554
1191837,1191844
1041013,1046164
1139075,1139099
583754,1169439
535591,1071055
1205685,1205709
1307355,1307364
535163,1090963
496812,1235856
955256,1210056
399699,1076317
1131890,1131937
1166682,1166703
314456,1109001
1166258,1166291
1208299,1208309
537477,1286625
1205470,1205491
1209478,1209497
334438,1059893
1299207,1299224
1143901,1143929
1253353,1253369
810192,1065325
298585,1083833
439696,1109745
1145192,1145205
1153010,1153052
1203096,1203134
737818,1235839
1315107,1315124
1231619,1231635
291964,1086758
582668,1185273
1053293,1053374
1309531,1309549
499336,1251909
1288104,1288115
114359,1065360
380220,1066958
1165344,1165385
1281335,1281357
1020440,1094720
1117651,1117698
375955,1108786
1240253,1240269
1308750,1308778
1138809,1138821
111127,1065829
1124623,1124634
1290399,1290436
1299852,1299875
771140,1064243
548592,1097942
142608,1110006
1261011,1261053
1271698,1271717
1302063,1302085
1146542,1146561
1322399,1322404
799763,1109587
327269,1077400
1176842,1176861
1199479,1199480
356488,1214047
368389,1087995
1306094,1306115
1155592,1155619
1162361,1162388
1191204,1191227
1271343,1271434
1042056,1046748
318489,1208402
1303652,1303668
1283412,1283431
1026107,1226659
749888,1061267
687862,1183952
992009,1103670
1165235,1165257
576167,1181712
767471,1316509
1249920,1249965
150440,1274830
1105758,1105762
110853,1067846
1321008,1321020
149144,1091887
582702,1218835
327322,1224429
1155384,1155397
1268093,1268126
1240194,1240230
113851,1056474
693056,1056950
954199,1065506
1136494,1136500
332234,1228796
134317,1086612
1284806,1284847
1279828,1281582
843473,1196491
1201203,1201242
554953,1211205
1234736,1234758
1233368,1233375
1029018,1289226
1245901,1245929
1203582,1203609
1259159,1259171
1308824,1308848
1268142,1268161
319596,1058879
470062,1073641
1123707,1194205
760708,1080306
319218,1082772
1054542,1054561
953382,1195018
1041937,1045643
1158041,1158060
1299966,1299984
550665,1212067
675821,1249688
657965,1060060
776549,1066632
323404,1073907
1043466,1047621
1259003,1259026
1041764,1045540
1313640,1313655
1325210,1325234
142200,1069766
1147987,1147994
962847,1204686
1158923,1158968
1175201,1175229
953382,1195025
1042444,1047217
1207358,1207370
749985,1107867
738455,1064607
113275,1065285
1117148,1117169
1004390,1103156
690036,1110270
1106286,1106303
1147828,1147844
1300319,1300335
420463,1276688
808322,1062022
653636,1216467
1141758,1141770
992963,1227901
1113422,1113446
1035039,1182394
108377,1062843
694479,1065105
115533,1094643
1310058,1310070
1267006,1267047
1270815,1270836
643663,1307994
1203621,1203666
791258,1218738
1213572,1213593
1050925,1050987
411994,1088319
1198913,1198932
1279828,1281548
1244512,1244531
1307317,1307338
1195245,1195250
1269256,1269260
1035213,1206461
449495,1247751
1154708,1154720
1263668,1263702
114033,1068327
737759,1108273
1252649,1252665
1027932,1184012
448975,1085178
1130359,1130371
1296325,1296341
1202440,1202464
1307099,1307109
1020440,1094749
1279828,1280273
547066,1191598
1246113,1246150
1136004,1136027
1275978,1275997
1322518,1322539
1191166,1191184
759288,1065762
1145320,1145331
351033,1183503
1250619,1250626
1319976,1319995
1244512,1244549
1311720,1311749
103082,1078762
1243440,1243464
368304,1214788
416905,1063269
533756,1079027
112362,1093994
1160380,1160398
998054,1184303
542354,1314839
346585,1213913
1209259,1209271
1146981,1147006
1149423,1149447
1279289,1279329
501142,1211589
107650,1098209
554799,1212532
1165080,1165120
1279828,1279918
826136,1311139
1272437,1272471
1154765,1154806
1296259,1296271
1043466,1047645
1187381,1187404
1198224,1198248
727752,1107635
645008,1058252
1105030,1105048
1003557,1069882
1009570,1268462
1296864,1296903
1301599,1301612
414768,1184255
1250058,1250070
333148,1084014
683916,1109784
1019717,1057646
145481,1229240
1247039,1247056
1297486,1297493
1232859,1232863
318541,1235684
110882,1093682
246458,1089333
1145866,1145884
1239002,1239025
1313733,1313779
1148637,1148659
683963,1109807
1202907,1202924
336807,1079954
1021460,1278019
1172291,1172338
1279598,1279630
1192091,1192101
917674,1102545
615647,1169332
1279761,1281548
1135881,1135909
100046,1059935
1004613,1060655
642987,1092869
1158250,1158266
614701,1204250
1007848,1236084
367977,1209665
1233368,1233381
460914,1260446
1291324,1291369
1312484,1312506
800216,1217091
1241980,1242012
1273082,1273122
1137342,1137361
907764,1169711
1033097,1182466
298585,1058015
1050837,1050871
484738,1058912
1190935,1190974
1260147,1260168
148960,1092212
907740,1093258
1175286,1175326
667294,1228305
535543,1071017
1138042,1138061
593665,1168919
1178274,1178290
417165,1193182
1179395,1179416
767812,1208977
481142,1071587
471796,1076892
654742,1097421
1306056,1306060
1246580,1246607
512249,1247808
1142474,1142488
656530,1099371
1270482,1270509
1325138,1325155
1316120,1316131
1192965,1192983
104212,1078649
846683,1228932
1041218,1046366
1277077,1277083
1155070,1155089
1165300,1165328
1288330,1288376
1198783,1198823
1306820,1306865
1147703,1210906
993898,1081849
651687,1083164
670785,1083384
1164447,1164468
785169,1193554
718036,1256448
545732,1195975
471754,1237488
1207410,1207452
545103,1225722
483969,1227955
654653,1094945
1159392,1159411
1168151,1168179
1304155,1304172
1307918,1307939
1114104,1114143
1282998,1283010
1053390,1053433
676574,1092824
108710,1082218
1038810,1077232
1279828,1280176
540918,1211061
1142658,1142662
1132018,1132039
1216065,1216106
414687,1088134
1179574,1179590
1222846,1222867
1149605,1149622
1239278,1239284
1122499,1122512
1243192,1243214
1147236,1147270
1003428,1214580
1204127,1204162
1039147,1229785
1325350,1325366
417108,1087331
1269045,1269066
441609,1216991
1240474,1240488
912739,1089351
1174432,1174450
1255148,1255169
134184,1216856
1247039,1247073
227535,1088873
1048850,1048878
1188081,1188109
1279828,1281530
759448,1212634
749928,1229077
1240139,1240156
1300553,1300576
1323113,1323132
1263891,1263917
1239664,1239686
945328,1092188
1308721,1308745
998405,1209612
399718,1076270
114079,1094118
1101821,1101845
1200788,1200800
448444,1261612
1173778,1173797
254776,1083711
1272601,1272640
765108,1064859
117222,1056173
1271549,1271565
1301445,1301484
1255680,1255701
822442,1237529
1312421,1312445
1053650,1053678
666572,1087570
1233040,1233072
1260759,1260771
1292679,1292680
1209076,1209082
1243377,1243396
1187086,1187103
1132574,1249140
108602,1182146
1029039,1077158
1132910,1132934
1290518,1290539
1266471,1266485
439146,1072927
1134470,1134489
1164520,1164565
1254446,1254451
1285983,1285996
412516,1080541
1302224,1302248
417203,1063367
1026410,1215926
1129720,1129749
1054158,1054170
735852,1110393
1303955,1303972
963051,1195073
1018644,1235255
1313519,1313557
1272395,1272400
1287715,1287736
1248263,1248271
283895,1084430
1116085,1116141
1238578,1238597
1050236,1050270
1284314,1284333
1226713,1226732
1156438,1156472
1294363,1294385
1151936,1151970
1041740,1045529
231894,1096809
843155,1103852
407333,1184240
1160643,1160662
311394,1208345
888061,1249559
444670,1064567
374287,1095206
1132136,1132191
1106361,1106388
109885,1225561
1239601,1239640
1022317,1237379
116432,1068554
370852,1107402
1040131,1076372
909886,1072802
1190893,1190919
1106700,1106728
113983,1216390
465994,1091083
1219914,1219933
1270668,1270699
1113792,1113839
1125010,1125034
1163747,1163752
1265536,1265570
1127625,1127641
1301696,1301704
695772,1231711
1238392,1238407
109925,1093761
1149287,1149304
1162008,1162020
914132,1209919
109258,1058730
1018979,1217140
321004,1090111
1257265,1257283
791258,1218717
114005,1225808
1318800,1318844
1007895,1068963
1256606,1256610
372422,1193169
1275945,1275966
1296620,1296649
765891,1242728
1149605,1149614
1192688,1192690
1293004,1293027
651472,1065704
460518,1071869
128782,1070207
1267551,1267579
947395,1235728
1182704,1182715
227705,1107281
1248864,1248886
425704,1077746
1248864,1248872
1306348,1306369
870522,1209654
1299295,1299333
779087,1087438
112755,1108701
357066,1061035
114917,1082097
1131740,1131764
1264223,1264247
1188918,1188939
557858,1253330
786371,1186067
1041195,1046309
283462,1207890
649485,1088595
315924,1089059
1224768,1224781
1236874,1236890
1147828,1147863
1171223,1171247
1271045,1271050
1310004,1310036
1277553,1277569
314456,1108985
412473,1080502
472024,1083043
1104483,1104522
1026651,1319706
1288767,1288779
273461,1228346
1134040,1134064
1292963,1292985
149377,1069628
740792,1073821
742834,1251604
907740,1169690
462111,1077640
133966,1195629
1238889,1238891
114080,1068084
1285563,1285571
1311643,1311662
296978,1236819
453053,1217425
108057,1273631
1301770,1301791
694451,1065069
687862,1183947
144272,1085800
907273,1087813
1053904,1053927
674626,1226249
1265897,1265911
1317709,1317721
1128785,1128802
1268038,1268055
1205142,1205161
462698,1075165
106908,1080436
1289080,1289108
461492,1080951
655893,1082963
653662,1216422
547066,1191607
1171117,1171138
398906,1249313
716248,1225686
672457,1102858
679819,1240913
1011497,1080560
1307918,1307925
1244097,1244111
1279761,1280078
1314293,1314319
888625,1065180
1120853,1120895
1166132,1166150
1277595,1277609
888809,1187427
1044375,1044399
780996,1080208
778938,1087930
588130,1194832
1323719,1323735
1315764,1315793
648901,1084760
1304321,1304345
715352,1223861
793651,1251529
759424,1211455
313274,1071368
1262921,1262932
1252122,1252146
274412,1057315
719082,1074701
652521,1073061
565335,1310996
651995,1311194
644373,1057842
1140293,1140319
1171769,1171795
438309,1079441
1128390,1128433
1101969,1101976
952200,1223701
1234957,1234990
1203856,1203904
1127192,1127233
1155867,1155880
1191885,1191892
1153695,1153719
145182,1103160
1234200,1234228
1279761,1281530
1237783,1237823
1314152,1314175
1119373,1119387
1200355,1200372
1158780,1158808
638595,1169015
1223260,1223294
523018,1237426
676714,1066511
390605,1095965
1318579,1318598
959911,1085270
388446,1073144
1311586,1311627
1195519,1195574
1239060,1239087
1236738,1236755
1150032,1150097
1253617,1253629
1038380,1076676
145097,1103141
1132722,1132746
327346,1224455
1150755,1150772
1261432,1261450
1021487,1246994
1200828,1200844
1238448,1238482
1240139,1240173
1279449,1279465
137275,1064483
1305438,1305464
1161427,1161462
1162240,1162286
716305,1193260
1101280,1101298
117504,1311314
991002,1249164
1133263,1133271
1256606,1256623
649094,1226951
1318204,1318227
1016382,1182612
670785,1083366
1133180,1133200
1008987,1093215
1148119,1148135
1253162,1253170
1035471,1099741
114385,1109979
765718,1242530
1261817,1261838
1264500,1264528
399993,1075917
339374,1096589
1105302,1105341
1310769,1310805
1220631,1220649
1320944,1320963
1315169,1315182
108377,1062862
776565,1073280
1125184,1125204
1177118,1177139
1279386,1279408
826136,1311156
1173518,1173539
1276642,1276657
1232939,1232941
736879,1098330
1326163,1326192
1139514,1139533
1232816,1232828
1171345,1171366
1142538,1142555
1116000,1116028
112729,1078341
142179,1107954
1051196,1051219
787732,1066678
1263815,1263836
108866,1081746
227535,1088856
356932,1284978
416905,1063248
1237909,1237921
1221774,1221790
1275670,1275691
570212,1214941
1302224,1302230
359114,1214431
1295580,1295607
1127440,1223452
681973,1242763
1320021,1320045
581493,1076477
1147068,1147081
962777,1204629
1007824,1084274
1196778,1196797
526344,1229678
1176107,1176130
1182990,1183039
1011356,1260467
1276473,1276494
651246,1065581
1140595,1140613
1200081,1200109
1207195,1207218
1231252,1231275
1258023,1258068
1318579,1318580
1141053,1141076
840905,1234024
552776,1274713
1036979,1229684
1315358,1315370
1162873,1162915
1235110,1235123
1221431,1221465
1275823,1275847
1134560,1134587
823804,1078484
282262,1212344
1202752,1202799
1043575,1047716
424871,1074124
1159760,1159794
1177282,1177305
1303363,1303385
651660,1083129
483280,1084578
1002373,1085624
680339,1098849
1123500,1123544
1302187,1302207
1154211,1154230
417165,1063282
1118206,1118223
1145948,1145969
1144193,1144206
1190683,1190704
781868,1089419
1195162,1195189
1184759,1184771
1205381,1205427
1244944,1244963
1008477,1077968
544189,1191579
739941,1215146
426595,1084675
443258,1073401
116838,1232121
1317644,1317663
1313999,1314012
1041959,1045689
1130242,1130261
1280985,1281008
1281240,1281264
554019,1098025
1249920,1249949
1273893,1273919
1315900,1315928
1277553,1277576
882353,1103810
777636,1194144
974491,1316578
656936,1085184
111221,1081526
109496,1108928
1274750,1274766
274412,1057294
114080,1214227
1104761,1104800
570766,1228102
1154636,1154658
1296990,1297035
477470,1185032
1322086,1322126
1164701,1164729
1292764,1292772
1212794,1212804
568773,1214742
615149,1231642
1304321,1304366
766735,1077686
1128083,1128123
1020656,1088839
1166871,1166892
863010,1198333
1222206,1222223
1021707,1169004
1312840,1312864
1178219,1178235
526363,1228754
1245242,1245288
1322399,1322427
1306382,1306428
1269475,1269512
1238290,1238316
1052710,1052734
1137008,1137020
1203229,1203240
1041520,1045282
591701,1168988
1185861,1185888
1186424,1186469
1275282,1275322
115289,1094586
1307790,1307837
644599,1087602
315128,1076514
1040177,1044766
846082,1314645
1320304,1320327
1042191,1046782
1007142,1061383
1101734,1101747
1305074,1305090
1107206,1107223
249405,1107730
1230298,1230331
1275978,1276015
1053390,1053414
295103,1057826
785861,1231912
1277181,1277199
1178407,1178424
1245901,1245917
642892,1107690
913016,1108078
1120914,1211656
1040545,1045028
372970,1214863
759545,1083186
1226436,1226462
837525,1169138
1176391,1176410
1177173,1177194
851848,1236835
1316938,1316955
1297163,1297171
109885,1093533
1279598,1279611
1291437,1291459
325839,1059450
1312886,1312903
1049145,1049166
1125408,1125420
1253923,1253968
142620,1066293
1038403,1076630
1041667,1045426
1303080,1303120
1242335,1242342
109546,1081485
1309651,1309679
1211832,1211878
109676,1213044
652067,1066272
1125477,1125496
1025031,1230100
548748,1098934
1248829,1248838
1176531,1176554
1277498,1277530
309331,1079879
1027187,1102827
1279761,1281645
858791,1206586
1146471,1146492
1171954,1171977
760997,1224035
306337,1058299
1012978,1272492
1254645,1254650
106931,1080489
1129224,1129230
962586,1089875
1111964,1112003
1193793,1193835
778938,1247471
1038474,1274119
1317188,1317220
1300422,1300446
463247,1109914
1166800,1166816
1267075,1267099
1263550,1263566
439069,1216860
765014,1059053
1255097,1255107
115648,1068549
1165901,1165929
1258871,1258918
1292124,1292169
355967,1209114
856505,1249378
1235012,1235020
984059,1099773
1139790,1139816
1279828,1281595
1279533,1279551
136684,1107378
761347,1186652
1148157,1148161
373536,1074680
500346,1169062
1302881,1302921
674822,1226220
1283676,1283695
1004744,1227668
496820,1231724
1018212,1079528
1302501,1302540
1271009,1271021
254795,1055876
1148072,1148093
1199240,1199264
1236596,1236614
1159993,1160016
1207358,1207391
1222456,1222473
389063,1062328
648610,1082633
996271,1096982
1212165,1212183
831102,1060395
274393,1057273
651331,1095247
963261,1209146
1123456,1123487
1268685,1268709
436194,1259969
1314293,1314335
1142092,1142102
769642,1076837
110231,1093579
666044,1086325
1286976,1286982
420463,1077865
852096,1085023
1146849,1146865
1155776,1155795
1041475,1247162
1039319,1048144
471796,1076871
650428,1089997
1172010,1172052
1164764,1164772
1284604,1284615
1199479,1199507
1241093,1241119
1120914,1120922
781847,1110682
1174122,1174146
1190990,1191034
1234770,1234791
1187685,1187709
1226797,1226807
1295258,1295270
670152,1075836
1282174,1282190
1200227,1200258
768762,1217117
1050109,1050121
1210002,1210041
284024,1084448
463657,1071663
1129932,1129945
401309,1229479
696725,1110454
1163536,1163570
1171384,1171397
689621,1193667
656716,1084862
1178815,1178858
1320786,1320793
1321613,1321650
1306910,1306952
277690,1082596
1112995,1113012
1054060,1054087
1179073,1179094
1197067,1197108
1148573,1148616
737272,1308093
1279761,1280287
1016751,1299615
1181092,1181118
260769,1211267
1151319,1151357
1261704,1261727
226068,1097285
1324000,1324044
114080,1214215
739941,1215167
1050533,1050551
1162697,1162700
442830,1074406
1121136,1121158
1163641,1163660
1278279,1278312
1310730,1310748
391217,1225245
1152038,1152055
1306284,1306307
1250657,1250661
1120732,1120750
1238889,1238917
1239542,1239561
1314498,1314530
1043612,1047759
282262,1212328
1257659,1257663
1288503,1288526
1282458,1282491
1303513,1303532
1162553,1162576
1256668,1256681
760398,1091286
1320447,1320452
726599,1080663
225993,1070248
1303760,1303773
1137168,1137181
1296200,1296228
109676,1213028
1133829,1133838
1171724,1171730
1285528,1285537
1134381,1134399
680030,1282721
1309153,1309169
114337,1061821
1126497,1126510
1127074,1127090
1279828,1280169
1300507,1300530
1044644,1044685
653950,1086024
1300825,1300841
759424,1211472
643541,1107996
1042561,1048074
123792,1070269
693733,1213517
291827,1086789
354221,1077503
1154593,1154615
1005740,1214075
295381,1067091
1237346,1237351
1251211,1251224
355404,1085551
1100590,1100617
1316242,1316261
1180674,1180707
1234575,1234599
398136,1215506
530873,1218343
1173556,1173560
1279761,1280273
362699,1209575
1221624,1221648
1159453,1159469
1105677,1105696
387331,1062242
360767,1082738
777016,1089230
1204400,1204416
108205,1062827
715692,1066771
406729,1237224
1323774,1323790
349431,1235989
1264500,1264544
1125132,1125150
814069,1206305
958598,1062889
569444,1247746
1231252,1231281
373570,1090786
1250384,1250402
1029416,1065903
1312048,1312069
1106286,1106326
1167812,1167831
518767,1319832
1181555,1181593
1159917,1159929
375718,1067487
1017607,1218826
1139184,1139204
1282946,1282967
1204854,1204896
1303149,1303154
111127,1065801
1158002,1158025
293595,1073003
1180275,1180313
699747,1276321
1265660,1265687
149383,1069644
693629,1091335
556853,1098526
1175943,1175958
1168292,1168339
1175548,1175569
1298217,1298255
1263051,1263098
1040274,1044882
1232579,1232598
908015,1086069
1284913,1284932
1280842,1280888
1281181,1281229
1276528,1276544
1252727,1252736
1326687,1326706
1039414,1048185
956183,1104075
1323291,1323317
1043007,1046043
146862,1069208
398189,1076034
1289080,1289098
650039,1074605
1134914,1134933
1274951,1274967
1042382,1047134
1050761,1050788
440107,1067441
1118281,1118299
1114638,1114655
1255963,1255985
1124623,1219518
1314083,1314096
343450,1231867
1252450,1252478
571376,1275921
554799,1212550
1273445,1273450
1203286,1203293
467171,1081039
429998,1090343
1135488,1135501
109885,1093551
1148231,1148249
1050630,1254684
664348,1223499
114371,1065387
1139567,1139580
1149738,1149755
112740,1057928
1305562,1305589
1050630,1050653
655758,1082512
1131111,1131130
1145280,1145308
1285036,1285070
1180879,1180912
105457,1276603
1265969,1265982
807363,1067193
271832,1095062
1101019,1101035
1279243,1279258
1186739,1186756
1178033,1178079
249326,1107795
1259723,1259768
431411,1094921
1255097,1255111
1197756,1197773
1039451,1048222
1005577,1235771
327305,1109208
1303453,1303476
1272189,1272209
1322594,1322628
1244583,1244614
1148518,1148556
1024893,1185434
235983,1107460
909903,1216319
1298357,1298374
565319,1308072
852342,1249473
1050386,1050420
109960,1067920
1124815,1124836
1254737,1254759
1180140,1180164
328521,1090861
368959,1214828
115648,1068520
1115462,1115489
246824,1211026
464495,1217769
1324419,1324426
402355,1071404
1277342,1277361
1121376,1121395
1122169,1122182
683963,1109824
1172837,1172863
322075,1059292
1044587,1044628
1248302,1248339
111934,1062120
1114307,1114324
235155,1181777
1252683,1252696
449196,1109830
745543,1109895
1284380,1284426
1276473,1276487
357928,1061192
231894,1096821
109828,1093514
683916,1109766
1114557,1114574
662747,1299689
791719,1187587
1185218,1185225
964366,1095309
1054330,1054376
1274671,1274685
1317017,1317038
349227,1096527
1201891,1201901
1168105,1168122
477470,1185050
360557,1261179
1289521,1289647
343450,1231822
1312886,1312926
150222,1086510
756035,1109347
1196637,1196671
1019717,1057667
1187277,1187310
1041916,1045627
254559,1055853
1003503,1110669
1160160,1160207
697436,1077428
1019169,1099739
742834,1251593
1203856,1203860
1280336,1280343
1251796,1251810
1226055,1226072
1297884,1297924
1163747,1163768
1035307,1274072
1302028,1302044
125375,1206517
439762,1090287
114022,1068241
1146910,1146934
1200522,1200546
993036,1224515
108878,1062448
1104973,1105011
1164287,1164327
1288588,1288590
1286057,1286090
298129,1057963
1237037,1237044
1186597,1186610
1105715,1105727
699429,1092848
848096,1314792
402939,1087171
1159242,1159257
1240586,1240604
852342,1249494
1211897,1211911
809802,1091422
980826,1320273
572202,1316550
132022,1260201
450219,1217309
485411,1218786
149429,1069721
787093,1214837
888267,1169473
1234133,1234151
644373,1235511
373799,1090218
1131508,1131520
619247,1169252
776874,1083487
1200317,1200338
1186843,1186870
568448,1214695
1044161,1044188
1142615,1142636
115236,1236434
1208268,1208281
427965,1216576
1219876,1219882
845184,1204245
779923,1218764
1208299,1208321
1143964,1143986
322075,1059318
1051787,1051827
1053716,1053737
1196306,1196347
1288854,1288865
1119216,1119228
389063,1062300
118632,1108842
1165392,1165430
1172227,1172262
1145417,1145455
779025,1080745
1170417,1170438
1162970,1163019
1005835,1209758
793499,1073866
653059,1103586
1141988,1141990
1174893,1174919
1301926,1301961
1315646,1315667
1159242,1159261
1170185,1170222
1289261,1289274
320440,1073486
107613,1080347
1021707,1168990
757612,1223717
1265365,1265377
1230383,1230401
114870,1082066
1122452,1122475
109757,1067528
653224,1091989
1156832,1156850
861802,1185928
810897,1187882
469085,1227623
408469,1088110
1278618,1278656
1223124,1223148
763562,1217268
1248762,1248770
1012997,1273988
1212993,1213016
856546,1073723
481381,1108475
1326331,1326354
1142419,1142435
301351,1084407
601123,1184839
567731,1277802
1206754,1206796
1150667,1150680
1210503,1210526
115372,1094689
1158923,1158947
1163821,1163866
1295695,1295719
1259504,1259515
1317518,1317525
1187980,1187998
1305222,1305246
1318533,1318551
1254293,1254335
1320549,1320565
648804,1063488
947629,1063823
412015,1088357
550817,1098952
1117651,1117679
327689,1095585
1162199,1162217
1149944,1149971
1125735,1125774
1185153,1185176
235378,1258735
845533,1204382
715830,1224747
577723,1075424
761347,1186634
108641,1055600
1111337,1111371
1288664,1288686
554061,1299572
1149826,1149842
667256,1099430
1132376,1132395
1003348,1212392
285943,1084219
1185633,1185651
1180210,1180234
1212756,1212760
1238183,1238203
1261988,1261990
888821,1218679
1254645,1254666
1041549,1045305
1253664,1253672
1181490,1181517
1321991,1322017
1157893,1157919
365552,1087884
548571,1191514
647712,1095366
656293,1057729
1198749,1198765
413111,1081056
1111235,1111274
683633,1086478
1267113,1267132
1196038,1196040
1190935,1190957
661344,1247557
1166837,1166859
144962,1249707
1266369,1266382
1232859,1232871
428596,1064145
259107,1079822
108710,1082195
1160572,1160586
1220581,1220599
1141665,1141704
309279,1109029
114005,1068202
1159022,1159046
1159316,1159359
1279761,1280050
504842,1206488
1026468,1217036
800840,1085236
683633,1086450
1118931,1117050
1290869,1290876
1268573,1268594
554042,1299538
1275945,1275950
667874,1225284
468860,1247952
1116187,1116207
1278504,1278527
1264223,1264268
490168,1182259
1206913,1206921
1174791,1174817
1219375,1219399
1172653,1172669
143664,1188611
1205231,1205254
1226750,1226766
1129322,1129346
1172579,1172598
1315861,1315874
722729,1206380
398705,1215547
291242,1091049
367977,1209677
858360,1168935
582702,1218842
655030,1239877
1242031,1242054
779104,1073455
1022514,1267420
1153624,1153648
277563,1182770
341050,1082391
1117803,1117826
1270154,1270196
1162147,1162175
1041218,1046345
1266437,1266459
810171,1187323
1317462,1317491
1216286,1216293
1137887,1137904
1156214,1156279
601894,1169585
768360,1194298
1306722,1306733
1052440,1052464
1130938,1130940
1266767,1266780
382614,1107309
118096,1086523
808322,1062005
1188973,1188994
1222949,1222965
1234864,1234886
1307099,1307113
375392,1093006
1122045,1122084
1126762,1126789
1269218,1269239
1051337,1197196
1326562,1326602
1266542,1266561
112861,1055174
1193124,1193148
974807,1069462
1134072,1134086
1232291,1232301
1044525,1044560
388096,1082336
1151524,1151530
780091,1078523
1242414,1242433
1132526,1132535
1307483,1307505
718822,1080824
665462,1074520
358062,1079247
117845,1070529
109828,1225629
342557,1075938
741339,1102647
1170558,1170562
1298293,1298319
1245242,1245261
482096,1084328
1291854,1291877
1272094,1272115
737293,1276172
424514,1109600
323040,1096205
1256219,1256257
1129834,1129847
1112312,1112331
1166726,1166742
888589,1066451
1233713,1233732
448808,1085145
1140054,1140077
1199201,1199217
1255680,1255717
525343,1236195
1277264,1277303
419388,1273974
1140422,1140446
108799,1056712
907370,1087878
1134709,1134713
651401,1096440
1170003,1170042
1286809,1286845
1257001,1257017
1257040,1257055
459630,1075363
1301770,1301789
462315,1076973
653950,1086048
1210311,1210330
336692,1060018
1123949,1123965
1303725,1303741
1151936,1151962
689825,1188047
1193857,1193890
251445,1107833
1231473,1231494
1018190,1077923
1284442,1284457
1178870,1178889
420382,1070749
745982,1056913
426134,1080685
908473,1214546
662163,1247934
1293129,1293138
1234957,1234974
791871,1098664
877107,1088684
1164481,1164508
887818,1169313
1042245,1046908
1121376,1198474
1238675,1238681
1258023,1258047
1210463,1210485
490168,1182244
720017,1224171
993070,1215302
1266831,1266854
1052639,1052656
758640,1089555
1158693,1158733
108464,1185667
1292764,1292786
1185097,1185111
687513,1078466
1181615,1181636
1206670,1206691
661482,1064546
1268721,1268750
115449,1068646
1192036,1192058
1044296,1044334
386608,1079140
1106106,1106110
681828,1268766
1302305,1302314
526773,1228586
947459,1068786
1101429,1101440
1279761,1280045
1201773,1201794
249405,1107753
1191790,1191816
810088,1227411
1237852,1237868
1294566,1294578
560472,1308017
1048625,1048660
1195751,1195798
1243159,1243171
288022,1212476
1268283,1268306
1161685,1161721
339054,1070852
1151123,1151147
1012125,1063403
1166047,1166052
1119743,1119762
1127486,1127515
1100221,1100307
1113175,1113199
143526,1226038
1264846,1264867
1296736,1296770
829928,1198173
1196560,1196587
327380,1206141
881273,1108358
1219103,1219126
128748,1070141
1131565,1131605
1257040,1257064
431756,1086942
762054,1181984
1249795,1249805
477190,1072405
1128020,1128031
758601,1110703
1140293,1140326
1217661,1217688
823392,1319589
795617,1108182
114079,1094092
1326214,1326222
1142572,1142586
1052832,1052850
1276642,1276661
1043926,1169674
1221837,1221863
967630,1213932
644649,1071721
373897,1273704
1027627,1080979
547358,1097926
1140147,1140181
1143668,1143681
1013993,1224656
1294964,1295006
1299474,1299490
1124509,1124545
1148415,1148436
143664,1188579
1285155,1285172
537761,1274375
736949,1107528
691488,1235361
343318,1235904
1037858,1292097
1117287,1117304
1134001,1134017
1243687,1243706
358908,1083321
1307317,1307329
1253250,1253278
1244169,1244176
1320153,1320176
1051371,1051411
1039240,1048090
533827,1103834
1301736,1301743
1127813,1127850
1324689,1324708
761135,1308055
1125630,1125648
287224,1057596
822540,1080157
750078,1247307
304728,1240921
1244032,1244078
532586,1325559
445753,1064742
767733,1206627
1130794,1130836
1170100,1170128
674724,1226190
1208186,1208206
1231129,1231140
1263718,1263756
810953,1055436
689147,1064902
104539,1061982
231873,1096781
1157770,1157791
1300020,1300049
1198615,1198658
836940,1212242
1162361,1162390
847866,1314716
1149646,1149667
1279761,1281582
295103,1057803
778938,1247492
1305074,1305116
577813,1225094
1161489,1161502
1123155,1123164
650324,1089913
1165964,1166006
1192186,1192268
1277264,1277286
126269,1324379
1153514,1153533
1273024,1273069
790285,1217281
1123661,1123688
1182886,1182903
1174523,1174547
748415,1248114
1253025,1253041
1054245,1054266
845034,1210798
1252838,1252855
143557,1226017
1232454,1232465
1216255,1216264
997331,1237615
1172514,1172533
962945,1204746
834825,1225382
1244294,1244315
137062,1219017
679256,1066650
1219539,1219541
1113621,1113645
1194061,1194074
1122452,1122468
480442,1088272
1310592,1310635
1220631,1220654
1262156,1262173
340112,1094806
1321678,1321684
1226055,1226064
1101464,1101486
543077,1228380
1202907,1202911
851848,1059696
1100136,1100158
1119886,1119903
1279761,1279918
1280651,1280698
1208585,1208626
145225,1229031
146891,1069249
1189930,1189948
1310172,1310193
665142,1218698
1292803,1292826
1301263,1301285
1132136,1132158
652566,1088645
1157704,1157743
1199582,1199621
270854,1056777
744140,1060877
399699,1076338
799238,1236327
249498,1097302
1104973,1104994
1321255,1321293
1200270,1200291
412931,1083619
1242860,1242894
1167189,1167209
1113700,1113744
1282119,1282135
120289,1195999
369381,1275490
1295355,1295372
1145515,1145527
1042672,1045765
690332,1098278
350790,1224948
323853,1081798
1307790,1307816
798997,1215497
1320107,1320124
958726,1068124
671179,1086341
1134560,1134573
1180782,1180805
651948,1066199
417815,1089834
1099986,1099993
1154852,1154875
1192402,1192418
425341,1063909
667531,1099652
683304,1290135
1042428,1047199
1203319,1203326
907646,1254825
1280512,1280549
142095,1107661
1201033,1201046
333857,1059817
881565,1311253
1298498,1298511
1120853,1120876
1004613,1060638
378373,1061907
1204910,1204952
1239311,1239348
1308637,1308659
564942,1214408
1293851,1293879
1183906,1183934
110231,1093598
1265706,1265710
646468,1060143
1192846,1192867
652067,1066255
396128,1070586
249498,1097325
114203,1094230
912739,1089379
1026698,1216553
409245,1075972
409245,1075993
1164614,1164633
767733,1206615
657965,1060073
150455,1224137
1245718,1245739
285943,1228555
767311,1103720
1126339,1126356
1160538,1160555
856522,1073747
545220,1098999
1178532,1178550
1278214,1278251
349431,1236009
1325036,1325070
649910,1064669
801533,1091553
1021748,1169559
1171281,1171309
565175,1214364
226197,1056092
1187600,1187616
1200393,1200408
654676,1094950
645785,1095626
1301817,1301838
1012978,1272519
828876,1316634
1055135,1055157
328385,1213346
888019,1232010
649094,1226933
417815,1089852
1264384,1264397
328448,1059677
659766,1075578
1304268,1304281
1314110,1314123
143640,1084509
427268,1077463
1291437,1291444
823495,1240783
963219,1212836
1225877,1225896
741339,1226489
939779,1060471
865418,1110047
811425,1211144
1041239,1046384
1267449,1267465
1230656,1230673
1002133,1228913
406680,1237187
1154488,1154501
1203737,1203759
1219188,1219208
114261,1068423
473213,1084804
1174523,1174568
327269,1077382
845533,1204369
1022454,1231949
1202558,1202570
845166,1071142
1106405,1106422
315464,1084098
1162303,1162342
1111290,1111300
1179485,1179503
1254860,1264996
1121094,1121115
309377,1109135
143664,1188567
1155776,1155814
1290573,1290587
1111108,1111120
259475,1223622
740065,1215263
149377,1069600
740887,1072147
1191939,1191956
1205685,1205560
1201938,1201972
749944,1061298
646554,1060191
148243,1096723
766987,1104068
1139184,1139243
758428,1229873
1154765,1154783
1232816,1232837
1240346,1240351
1152784,1152824
1221514,1221551
749343,1271985
144467,1233750
1306910,1306934
661300,1063966
1009768,1087752
1025763,1057701
1318291,1318301
1029655,1226502
402939,1071161
655151,1099079
1324063,1324071
716435,1227359
1249867,1249880
1274190,1274212
1226797,1226811
1177282,1177322
1320304,1320343
1226142,1226188
767686,1275102
483205,1085496
365552,1087897
1008987,1093236
651527,1086180
1043302,1047405
1198118,1198156
1152038,1152072
1260970,1260991
952325,1063662
1005622,1235802
112499,1093918
1285724,1285769
1263337,1263344
1171657,1171661
1178098,1178112
737873,1237540
1042382,1047147
1321181,1321199
1190263,1190271
1295788,1295800
805923,1298595
1180516,1180559
1225934,1225952
1251921,1251932
1192309,1192321
1269256,1269273
576167,1181731
521586,1212917
108354,1273677
1275346,1275367
109262,1081376
1263972,1263986
1172291,1172317
1283676,1283719
1302708,1302712
443338,1245022
1192846,1192880
1219443,1219458
1145821,1145845
1247975,1248011
761277,1214676
676714,1066530
402355,1071427
1118172,1118193
1131622,1131646
1157292,1157318
1292900,1292944
113983,1216414
793651,1251586
378216,1076790
1192091,1192117
114917,1082084
137164,1065466
128822,1183638
689199,1227606
1251834,1251868
387088,1062183
320660,1073527
516821,1319734
114843,1055778
837029,1228564
689255,1313115
790942,1082793
1131045,1131078
1104939,1104941
697436,1246885
864102,1193520
1242785,1242792
1318863,1318902
1311643,1311658
1191939,1191973
304293,1058234
1041241,1046402
1170472,1170493
368475,1076099
675100,1232132
1277077,1277096
1050533,1050579
332234,1228783
618122,1169635
1283258,1283291
741736,1229927
689446,1325769
343259,1093023
1221338,1221355
481142,1071560
436333,1074646
1167189,1167221
1167266,1167284
1163331,1163377
540477,1299643
1155473,1155500
1199201,1199229
1165392,1165411
1199342,1199388
467100,1247883
843603,1325619
1176153,1176176
149656,1062385
1171186,1171206
829130,1298737
1026646,1275572
1217661,1217707
1159955,1159964
567720,1257895
326512,1067309
1305976,1305982
790988,1218633
1042714,1045823
1170061,1170088
785937,1192908
1286365,1286401
662163,1247923
1153081,1153121
1246496,1246505
1263938,1263955
1149475,1149512
270503,1108605
1278035,1278057
1041583,1045346
1166774,1166790
1263858,1263870
1290914,1290922
1326396,1326417
1127694,1127710
1148310,1148334
1177945,1177966
1219914,1219922
