VTMID,GPID
220295,210051
220295,210067
220295,210079
220295,210108
917117,210120
220305,210165
917117,210183
220322,210196
220333,210203
220333,210219
220346,210226
220351,210235
220351,210242
220351,210257
220351,210261
220367,210274
220379,210288
220379,210290
220380,210300
220398,210316
220398,210328
220403,210337
220403,210344
220403,210359
220403,210363
220419,210371
220419,210385
220419,210392
220419,210407
220426,210411
220442,210430
220457,210448
220457,210453
220457,210469
220457,210476
220461,210482
220461,210495
220461,210509
220461,210513
220461,210521
220461,210532
220461,210545
220461,210550
220474,210566
220474,210578
220474,210584
220474,210597
220488,210606
220488,210610
220488,210623
220490,210634
220490,210647
220490,210652
220490,210668
220501,210675
220501,210681
220501,210699
220501,210702
220501,210718
958236,210725
958236,210739
958236,210741
958236,210756
220538,210773
220540,210794
220555,210804
220555,210815
220564,210827
220586,210870
220593,210889
220593,210891
220604,210901
220615,210917
220615,210929
220615,210938
220615,210940
220627,210955
220627,210964
220636,210972
220636,210986
220643,210993
220658,211013
220658,211021
220658,211032
220662,211045
220662,211050
220662,211066
220670,211078
220670,211084
220670,211097
1157484,211107
220689,211111
220689,211124
220691,211130
220691,211148
220708,211153
220708,211169
220708,211176
220708,211182
220712,211195
220712,211202
220712,211225
220720,211239
745799,211241
220731,211256
220749,211260
220749,211273
220749,211287
220749,211294
220749,211304
220749,211315
220749,211327
220754,211343
220754,211358
220765,211362
220777,211370
220777,211389
220783,211391
220783,211406
220796,211410
220796,211434
220806,211452
220806,211468
220806,211475
220806,211481
226034,211499
220810,211520
885636,211549
885636,211554
220810,211565
220810,211577
885636,211583
220823,211596
220823,211605
220834,211622
220834,211633
220847,211646
220847,211651
220852,211667
220852,211679
220868,211680
220881,211701
220881,211717
220881,211729
220881,211738
220881,211740
220899,211755
220899,211764
220899,211786
220899,211793
220899,211803
220899,211819
220909,211826
220909,211835
220909,211842
220913,211857
220921,211874
220921,211890
220921,211900
220921,211916
878309,211928
220921,211937
220921,211944
220921,211959
220921,211963
220921,211971
220921,211985
220921,211992
220932,212039
220932,212056
220932,212087
492398,212094
220945,212104
220950,212115
220950,212127
220966,212136
220966,212143
220966,212158
220966,212162
220966,212170
220966,212189
220966,212191
220978,212209
220978,212213
220899,212232
220899,212245
678853,212250
220899,212266
220899,212284
220899,212307
221001,212311
222943,212324
221001,212348
221001,212376
221001,212382
221001,212395
221017,212416
221017,212437
221029,212459
221038,212471
221040,212485
221040,212492
221040,212503
221040,212519
221055,212526
221055,212535
221055,212542
221055,212557
221064,212561
221072,212574
221072,212588
746039,212590
226034,212617
226034,212629
226034,212655
917117,212664
226034,212672
226034,212705
917117,212714
226034,212722
518073,212733
226034,212746
917117,212751
959279,212767
226034,212779
226034,212780
221161,212798
221119,212812
221119,212831
221119,212849
221119,212865
221119,212877
221119,212883
221119,212906
221119,212910
221119,212923
221119,212934
221119,212947
221119,212952
221119,212968
221119,212975
221119,212981
221119,212999
221119,213007
221126,213011
221126,213024
221135,213048
221135,213053
221135,213069
221135,213076
221142,213082
221161,213095
221142,213105
221142,213114
221157,213122
221157,213133
221157,213146
221157,213151
531466,213179
221157,213180
221161,213259
221161,213263
221161,213285
746428,213302
746428,213318
746428,213339
221188,213356
221188,213360
221188,213373
221188,213394
221190,213445
221190,213450
221190,213466
220810,213484
221190,213497
221190,213506
221001,213510
221208,213523
991542,213534
991542,213547
991542,213552
220932,213575
221231,213581
221231,213599
221231,213608
221249,213612
221249,213620
221249,213631
221254,213654
221265,213665
221265,213677
221265,213683
221277,213704
221283,213715
221283,213727
221296,213762
221296,213770
221296,213789
221296,213791
221296,213801
221306,213817
221306,213829
221306,213838
221306,213840
221310,213855
221310,213864
221310,213872
221310,213886
221310,213893
221310,213903
221310,213919
221310,213926
221310,213935
221347,213961
221347,213974
221347,213988
221347,213990
221352,214001
221352,214017
221352,214029
221352,214038
221352,214040
221352,214055
221352,214064
221352,214072
221352,214086
221352,214093
256574,214103
221368,214119
221368,214135
221368,214157
221375,214161
221381,214174
221381,214188
221381,214190
221381,214208
221381,214220
221399,214283
221399,214296
769275,214334
221427,214347
221427,214352
221427,214375
221436,214381
221443,214399
221443,214404
221443,214415
221462,214458
221470,214462
221489,214470
221489,214489
221489,214491
221502,214525
221502,214539
221518,214556
221518,214560
221518,214573
221518,214587
221518,214594
221525,214600
221525,214616
696183,214628
696183,214637
696183,214663
696183,214671
696183,214685
696183,214709
696183,214713
696183,214721
696183,214732
221541,214745
221556,214750
221556,214766
690528,214778
690528,214784
690528,214807
867095,214811
221587,214824
221587,214830
221587,214848
221594,214853
221594,214869
221594,214876
221600,214882
221600,214895
221600,214905
221616,214914
221616,214922
221616,214933
221628,214946
221628,214951
221628,214967
221628,214979
221637,214980
221637,214998
221637,215000
221644,215016
221644,215028
221644,215037
221644,215044
221644,215059
221659,215063
221663,215071
221663,215085
221663,215092
221663,215102
221663,215118
221671,215139
221671,215141
221671,215160
221671,215173
221671,215187
221671,215194
221671,215207
221671,215211
221671,215224
221671,215230
221671,215248
221671,215253
221671,215269
221671,215276
221671,215282
221671,215295
221671,215305
221685,215314
221685,215322
221685,215333
221685,215346
221685,215351
221685,215367
221692,215379
221692,215380
221692,215398
221692,215403
221692,215419
221692,215426
221709,215435
221709,215442
221709,215457
221713,215461
221713,215474
221721,215488
221721,215517
221732,215529
221732,215538
221732,215540
963993,215555
963993,215564
963993,215572
975834,215586
975834,215593
963993,215604
221750,215615
999852,215627
999852,215636
999852,215658
999852,215662
999852,215670
221784,215712
877963,215731
221807,215754
221807,215765
221807,215777
221807,215783
221811,215796
221811,215806
221811,215810
221811,215823
221811,215834
221811,215847
221811,215852
221811,215868
228829,215875
221830,215913
221848,215966
221853,215978
221853,215984
221853,215997
878309,216004
878309,216027
221876,216062
221876,216070
221882,216089
221882,216091
221895,216101
221895,216117
221895,216129
221895,216138
221895,216140
221914,216164
221914,216172
221914,216186
221914,216193
221914,216206
221922,216210
221933,216223
221933,216234
221933,216247
221946,216252
221946,216275
221946,216281
221951,216299
221951,216309
221967,216313
221967,216321
221979,216332
221980,216350
221998,216384
221998,216397
221998,216402
221998,216418
222008,216425
222008,216439
222008,216441
958329,216456
958329,216460
222020,216473
222020,216487
222031,216494
222031,216516
222049,216528
222049,216537
220295,216544
222049,216559
222049,216563
222049,216571
222049,216585
222049,216603
222054,216626
222054,216635
222054,216642
222054,216657
222054,216661
222054,216674
222065,216688
222065,216690
222065,216707
222077,216711
222077,216724
222077,216730
222083,216748
222083,216769
222096,216776
222106,216782
222106,216795
222106,216822
222106,216846
222106,216851
222106,216879
222106,216880
222106,216898
222106,216908
222110,216912
222123,216931
222123,216965
222147,216977
222147,216996
222152,217008
222168,217012
222168,217020
222168,217049
222175,217054
222181,217065
222181,217077
222199,217096
222199,217106
222199,217110
222199,217123
222199,217134
222199,217168
222199,217175
984230,217181
984230,217199
984230,217217
984230,217229
984230,217238
984230,217255
222217,217264
222217,217272
222217,217286
222217,217293
222217,217303
222217,217319
222217,217326
222229,217342
222229,217361
222229,217374
222229,217388
222229,217390
222229,217405
222229,217433
222229,217446
222229,217467
222229,217480
222229,217498
222229,217507
222229,217524
222238,217530
222238,217548
222240,217569
222240,217576
222240,217595
222240,217609
222240,217613
222255,217621
222255,217632
222264,217645
222272,217650
222272,217666
222272,217678
1005531,217684
222293,217728
222303,217737
222303,217771
222303,217785
222303,217792
222303,217802
222319,217818
222319,217825
222335,217856
222335,217887
222335,217894
222335,217904
222342,217915
222342,217927
222342,217936
222342,217943
222342,217958
222342,217962
222357,217970
222357,217991
222361,218026
222361,218035
222374,218042
222374,218057
222388,218061
222390,218128
222405,218137
222405,218144
222405,218159
222405,218163
222405,218171
222433,218214
222433,218222
222433,218233
222446,218246
222446,218251
222451,218267
222451,218279
222451,218280
222467,218308
222479,218312
222479,218331
222479,218349
222479,218354
222479,218377
222479,218383
222479,218396
222479,218401
222480,218417
222480,218429
222498,218438
222507,218440
222507,218455
222507,218464
222507,218472
222511,218493
222524,218504
222530,218515
222530,218527
222530,218536
222530,218543
222548,218558
222553,218591
222548,218570
222553,218589
222553,218602
222553,218618
222553,218625
222553,218639
222553,218641
222553,218656
222569,218660
222569,218673
222569,218706
222569,218710
222576,218734
222576,218747
222582,218752
222595,218768
222595,218775
222595,218781
222595,218799
222613,218813
222613,218821
222613,218832
222613,218845
222621,218850
222621,218866
222621,218884
222621,218897
222621,218907
222621,218911
222632,218924
222632,218930
222632,218948
222650,218982
222666,218995
222697,219068
222697,219075
222697,219081
222700,219099
222716,219109
222716,219113
222716,219121
222716,219132
222728,219145
222728,219150
222737,219184
222744,219197
222744,219204
222744,219215
222744,219227
222759,219243
222759,219258
222759,219262
222759,219270
222759,219289
222759,219291
222759,219301
222759,219317
222763,219338
222763,219340
222763,219355
222763,219364
222763,219372
222763,219386
222771,219393
222785,219408
222792,219412
222792,219420
222792,219431
222802,219454
222802,219465
222802,219477
222802,219496
222802,219505
222818,219514
222818,219522
222818,219533
222825,219546
222825,219551
222825,219567
222825,219579
222839,219580
222841,219598
222841,219607
222860,219624
222887,219653
222894,219669
222894,219676
746284,219682
746284,219703
746284,219719
222915,219726
222915,219735
222915,219742
222927,219757
222936,219761
222943,219774
222943,219788
222943,219800
222958,219816
222962,219828
222970,219837
222970,219844
1004887,219863
1004887,219871
222991,219885
223003,219892
223003,219902
223003,219918
223019,219925
223019,219941
223019,219956
223026,219960
223026,219973
223035,219987
223035,219994
223035,220000
223035,220016
223035,220028
990811,220037
990811,220044
990811,220059
990811,220063
990811,220071
990811,220092
990811,220102
954467,220118
954467,220125
223061,220141
223061,220156
223061,220160
223074,220187
223074,220194
223088,220211
223088,220224
223088,220230
223088,220248
223088,220253
223090,220269
223090,220282
226034,226023
226291,226289
226166,226338
226393,226408
226465,226477
872639,226546
226607,226611
226465,226682
226166,226757
226166,226790
226166,226844
226166,226892
226166,226939
226994,227002
226994,227056
226465,227094
226465,227136
226465,227189
733466,227250
227330,227348
227330,227395
733466,227437
227492,227503
227492,227574
227492,227638
227492,227672
227733,227746
955717,227831
955717,227883
227947,227952
973506,228024
973506,228076
970545,228259
228325,228339
965775,228409
747121,228445
955717,228547
228683,228696
228829,228838
228829,228886
228829,228935
229015,229027
229101,229117
229101,229155
229101,229193
229015,229234
229101,229332
229418,229425
229418,229473
226607,229516
226607,229688
229769,229776
229769,229822
229418,229912
230273,230287
230362,230370
230452,230468
230452,230531
230452,230605
230667,230679
230273,230755
230273,230819
872639,230900
872639,230959
227330,231110
227330,231152
231238,231240
231238,231286
231238,231335
231390,231405
690912,231479
231553,231569
231645,231650
231553,231697
231553,231737
231792,231802
696836,231927
696836,231962
232029,232038
232029,232072
232135,232142
230273,232249
232323,232375
232323,232525
232732,232745
233081,233099
233081,233145
233081,233197
233258,233262
233386,233393
233386,233449
231238,233567
231238,233624
233790,233800
748539,233885
234000,234016
234071,234085
234211,234224
861479,234419
234490,234501
233790,234540
864984,234615
234777,234783
661448,234852
234984,234997
234071,235089
234071,235268
234071,235309
231792,235439
235500,235516
235776,235782
235776,235833
235898,235908
235898,235954
235898,236003
236100,236116
236100,236163
236440,236455
236591,236602
236660,236673
227330,236752
236832,236845
236982,236995
237053,237069
237053,237114
237053,237167
237053,237216
237341,237356
237341,237394
237341,237432
237552,237568
237649,237654
226994,237988
226994,238041
238104,238115
238104,238162
238266,238278
238395,238400
238471,238485
238561,238574
238655,238664
238655,238746
238906,238910
238906,238968
238906,239067
227947,239363
227947,239407
227947,239448
239545,239550
239610,239623
239699,239702
234000,239760
240228,240237
226465,240450
226465,240903
226465,242223
238395,242397
238395,242441
242528,242537
238395,242603
238395,243605
238395,243985
238395,244205
226607,244660
238906,244723
238906,244768
955717,244884
975749,244995
245136,245143
245136,245189
245266,245278
245330,245348
245330,245395
226166,245437
226166,245503
245601,245617
245798,245808
245865,245877
955717,246055
246119,246126
235776,246161
235776,246208
246283,246296
246283,246347
246489,246491
246489,246541
246616,246628
246685,246692
246685,246745
246685,246797
246876,246882
246980,246998
247051,247067
247051,247112
247274,247288
955622,247337
955622,247371
247424,247430
247509,247513
247652,247668
230362,247804
247929,247938
247929,247986
864984,248102
864984,248141
965723,248194
864984,248230
248295,248305
226607,248367
248461,248474
248586,248593
248586,248643
248847,248852
248847,248909
226166,248997
249077,249083
249077,249175
249077,249255
249077,249293
249077,249335
249077,249374
227492,249467
249569,249576
249569,249621
249569,249678
226166,249716
249792,249802
226166,249873
250096,250106
226166,250147
748539,250181
955717,250240
226166,250303
929553,250414
864984,250498
250553,250569
250553,250609
250666,250678
226166,250737
929553,250792
251024,251030
967355,251114
251179,251180
251228,251237
226166,251292
226166,251466
226166,251552
226166,251974
226166,252118
226166,252253
226166,252367
226166,252572
226166,252754
226166,252806
226166,252909
747121,253203
733466,253300
246283,253584
246283,253647
246283,253955
254210,254223
254210,254275
254210,254321
254402,254418
229101,254822
255003,255019
249569,255057
249569,255090
255159,255163
255298,255308
255365,255377
255429,255438
255536,255543
255602,255618
255602,255660
255723,255734
255832,255845
255832,255897
255976,255982
255976,256039
255976,256073
255976,256115
256191,256209
256266,256278
872639,256376
256519,256526
256574,256588
245601,256655
245601,256705
865795,256798
245865,256849
865795,256896
865795,256934
865795,256981
865795,257023
230273,257121
257184,257197
864984,257372
230273,257412
230273,257514
257790,257800
257871,257885
859563,257956
227947,258064
258188,258190
258188,258283
258443,258458
258443,258541
964117,258713
964117,258750
226166,258830
226166,258951
236660,259009
965710,259239
245865,259287
962474,259391
962474,259447
256519,259701
256519,259740
259826,259835
259959,259963
748231,260015
260089,260091
259959,260138
246616,260210
246616,260384
245601,260585
245601,260626
973506,260661
260724,260730
260724,260782
260724,260833
260954,260965
261141,261156
955717,261282
261403,261419
233386,261501
255298,261540
865795,261604
261806,261810
256519,262007
1154540,262069
1154540,262114
235776,262200
262360,262373
262612,262620
262683,262696
259826,262791
262957,262961
965752,263039
263115,263127
263115,263170
864984,263278
263376,263382
263376,263437
263376,263471
263376,263519
697905,263655
263714,263722
263849,263854
263849,263906
263849,263952
263849,264008
264065,264077
864984,264110
259826,264229
259826,264422
259826,264524
262683,264645
264989,264991
265050,265066
265182,265195
265182,265239
932449,1172145
265406,265410
975689,265512
263714,265565
228325,265605
226607,265667
1135834,265842
235898,265888
235898,265944
235898,266005
266203,266219
266359,266363
266482,266495
266773,266787
247929,266938
267161,267174
864984,267212
965775,267277
267161,267594
267848,267853
794618,267933
748086,268006
251179,268145
237552,268215
268338,268340
929553,268408
231792,268496
531957,268546
531957,268580
268624,268630
237552,268719
239699,268871
239699,268918
239699,268956
239699,269003
262957,269061
269144,269159
269233,269246
246119,269280
247274,269377
269472,269486
269589,269591
221671,269656
269710,269723
269710,269775
226166,269845
238266,269884
250096,270266
248586,270324
266203,270471
255298,270574
266203,270722
678750,270906
747121,271061
747121,271144
271222,271233
965747,271320
965768,271377
271464,271472
266203,271562
272242,272257
272242,272300
272242,272359
975689,272532
272652,272668
272741,272756
272741,272804
273044,273059
246283,273139
273211,273224
273211,273276
273211,273346
261806,273398
273211,273490
273211,273564
273754,273810
274034,274047
274034,274099
256519,274166
274227,274236
274227,274289
748231,274533
274774,274788
274774,274859
266359,275285
275387,275394
249569,275575
249569,275612
661448,276031
661448,276077
276152,276168
973506,276582
232029,276650
245601,276771
273754,276915
531957,276958
661448,277138
232029,277537
277657,277661
269589,277782
269589,277879
232029,277912
278009,278013
278153,278169
278241,278256
266359,278916
278971,278985
278971,279038
955717,279072
239610,279174
239610,279212
279277,279283
279443,279458
965768,279491
279556,279560
929553,279600
239699,279692
239699,279745
237649,279811
279967,279979
237649,280019
237649,280493
245865,280558
748231,280591
260724,280639
260724,280673
748231,280799
955717,280832
239699,280878
239699,280911
239610,281155
281366,281378
239699,281439
228325,281657
281711,281724
281846,281851
281846,281965
281846,282075
266359,282393
266359,282465
266359,282505
269589,282726
282828,282837
283594,283600
266359,283914
266359,284770
285077,285083
264989,285123
283594,285238
266359,285446
285716,285728
285792,285802
285792,285856
233790,286013
233790,286111
236660,286531
268624,286992
287333,287346
287333,287398
245798,287564
245798,287615
287712,287720
287712,287777
287834,287847
287834,287899
255832,289574
290551,290567
955717,290761
955717,290828
531151,291022
955772,291131
291203,291219
230273,291257
229015,291290
266773,291359
965752,291430
278153,291521
228325,291584
279277,291699
240228,292042
970545,292100
955717,292163
970545,292205
292279,292280
257184,292472
292562,292570
1013196,292687
1013196,292747
1013196,292799
292995,293008
293077,293083
955622,293168
962501,293238
293553,293569
293645,293650
293744,293759
293744,293802
293744,293856
293744,293894
293744,293936
226994,294002
294087,294094
294158,294162
294158,294232
294158,294284
259826,294428
294463,294471
266773,294519
238906,294601
295040,295055
295040,295119
294463,295212
295296,295306
295296,295352
266773,295491
955717,295573
261141,295616
234211,295750
234000,295848
295980,295998
295980,296044
295980,296092
965710,296187
864984,296346
268624,297343
297389,297391
297577,297583
279443,297633
260724,297755
260724,297793
670303,1013652
297835,297842
965723,297900
297963,297971
297963,298043
297963,298091
298155,298164
298155,298234
229101,298619
256519,298707
256519,298805
298920,298931
298920,298983
299325,299339
299325,299387
299445,299450
248586,299534
248586,299817
228829,300730
255159,300833
301085,301092
301194,301207
964091,301538
248847,301636
769603,301720
301783,301796
301783,301847
302244,302259
302394,302409
255003,302552
255003,302599
255003,302649
255003,302696
302762,302770
297835,302855
266773,303094
967364,303189
748231,303324
240228,303369
246616,303590
232323,303640
232323,303693
696836,303812
231792,303877
303999,304008
304054,304065
955622,304123
965710,304201
304498,304507
737524,304697
256574,305050
256574,305202
256574,305273
256574,305327
256574,305362
256574,305447
962501,306606
306681,306699
306815,306827
247509,306862
268624,306901
307001,307017
955622,307882
307001,308047
246616,308372
232135,309074
232135,309116
232135,309163
255976,309472
255976,309930
955772,310451
310970,310989
238104,312044
310970,312488
312689,312691
312754,312765
246489,312806
263849,312909
263849,312966
263849,313022
263849,313080
769603,313242
975868,313316
272242,313469
967522,313699
975731,313787
247509,314487
955772,314642
233386,314724
262683,314805
303999,314898
239610,314949
239610,314996
232323,315057
661448,315205
274774,315438
274774,315515
274774,315562
864984,315625
769603,315694
316353,316369
316535,316542
316629,316638
1154517,317243
317301,317317
317301,317386
273211,317682
273211,317726
273211,317761
226393,317828
748231,318713
255976,318876
319176,319182
319176,319260
231792,319389
247274,319434
247274,319475
1013196,319520
1013196,319565
266482,319701
319944,319959
1009723,320088
255429,320163
255429,320205
320349,320417
320349,320504
320349,320639
293744,320710
955622,320832
321070,321089
321070,321155
321234,321247
259826,321425
321487,321494
321487,321563
236660,321635
321965,321977
322034,322047
322034,322099
322150,322166
260724,322227
322420,322431
322420,322483
322757,322761
322987,322994
323254,323265
323368,323375
323368,323443
323368,323518
323368,323587
323882,323895
323882,323980
323882,324076
236660,324394
232732,324665
232323,324704
324942,324957
324942,325020
324942,325096
325335,325342
325335,325390
325335,325446
245601,325684
250666,325904
964062,326218
748231,326343
326729,326738
326793,326803
260954,326971
250553,327063
250553,327118
232029,327351
232732,327461
232732,327517
319944,327564
327643,327658
232732,327899
232732,327932
328550,328566
264989,329463
747121,329820
259826,329883
330285,330292
330373,330387
330704,330715
330770,330789
331145,331150
331145,331204
331289,331291
331289,331364
231792,331449
748231,331505
331546,331551
303999,331598
247929,331800
236660,331925
303999,332996
240228,333343
955717,333447
322150,333651
333755,333764
333819,333826
333819,333888
333819,333928
747121,334128
232323,334233
232323,334440
236440,334845
335143,335158
246980,335382
248295,336161
336368,336375
336637,336644
336637,336750
696836,337235
696836,337359
696836,337407
248295,337495
248295,337532
337584,337597
337584,337634
337584,337675
337891,337901
263376,338295
338398,338403
228829,338442
256519,338490
263714,338555
338636,338643
339286,339293
339286,339342
339286,339390
339498,339507
339621,339632
247929,339737
266482,339792
266482,339841
335056,341078
250553,341111
341195,341202
341327,341336
331145,341740
331145,341874
331145,342162
331145,342526
331145,342638
564024,343200
748539,343421
343506,343510
343581,343599
230273,343855
312754,344126
344347,344352
229015,344951
257790,345037
297577,345367
345529,345538
345720,345731
346711,346724
347106,347110
347106,347201
347106,347293
347106,347388
347927,347936
647187,348042
348185,348192
229769,348377
861479,348438
235776,348562
999852,348687
349184,349197
331546,349262
349329,349338
349329,349386
349329,349454
349329,349522
330704,349580
330704,349630
349790,349800
349956,349960
564024,350034
564024,350075
247051,350364
967533,350454
564024,350579
564024,350800
266773,350941
351219,351226
351288,351290
351359,351363
351359,351411
865795,351578
351891,351901
351891,351964
351891,352026
965775,352100
865795,352192
747121,352279
246616,352365
236660,352429
247929,352504
352641,352656
236591,352832
352995,353008
262612,353106
535504,353175
535504,353229
535504,353272
326793,353609
326793,353645
354041,354056
354041,354104
354041,354170
354250,354266
262612,354561
234490,355064
355368,355375
263115,355539
257790,355895
240228,356118
975777,356540
287333,356586
356689,356691
356689,356765
356689,356810
356689,356881
1288382,356978
357097,357107
273044,357273
357971,357985
357971,358036
357971,358070
1027875,358164
1027875,358210
358402,358418
358456,358460
357971,358711
358776,358782
358776,358822
358776,358879
358776,358912
358776,358965
358776,359007
237649,359146
237649,359200
237649,359244
237649,359292
273754,359341
273754,359409
359484,359497
359484,359581
359484,359631
359484,359683
360266,360278
360266,360324
357971,360640
360722,360733
357971,360808
297389,360981
361192,361205
361192,361267
361192,361320
1001346,361464
1001346,361515
955622,361558
361660,361673
361710,361723
361907,361911
361907,361969
236591,362545
975689,364034
364355,364364
364355,364431
364355,364483
364355,364551
364355,364607
293645,364695
970545,364788
364956,364960
349956,365076
345529,365466
273754,365506
323254,365942
245601,366286
245601,366326
748231,366405
250553,366507
967522,366678
227947,367015
367494,367500
367494,368078
239699,368358
690912,368447
257790,369017
257790,369415
748231,369778
246489,369876
276152,369980
276152,370028
370211,370224
370490,370501
370636,370643
306681,371064
955772,371126
236982,371220
265406,371347
371381,371399
260724,372272
372759,372763
261806,372927
245865,373116
373214,373222
970545,373723
373948,373953
374050,374066
297577,374256
375098,375108
375290,375300
261806,375668
250553,376006
250553,376420
250553,376483
250553,376579
250666,377025
266773,377060
697905,377629
297389,377705
331546,377923
240228,378069
985402,378271
985402,378341
378581,378599
361907,378704
370490,378840
367494,378942
367494,379140
379619,379626
379748,379753
647187,380174
647187,380249
380347,380352
238561,380594
229101,381459
382434,382447
794618,382900
228829,383223
237552,383537
383776,383782
251179,383822
322648,384005
239545,384108
247652,384149
247652,384203
230273,384606
293645,384699
1013177,384843
385121,385132
973506,385372
973506,385514
385611,385624
330285,385703
331546,386228
349790,386552
387298,387308
965775,387464
975852,387734
236982,387924
387982,387995
387982,388065
240228,388168
388405,388414
321487,388451
322150,388609
322150,388716
322150,388763
388927,388936
246119,389670
389777,389945
389777,390009
1027875,390423
748231,390468
390565,390577
262612,390740
278153,391168
278153,391335
240228,391666
240228,391700
391927,391936
393925,393939
393925,393973
393925,394517
393925,394564
393925,394627
394754,394765
395101,395117
395101,395164
395101,395210
231792,395851
231792,395920
231792,395977
231792,396019
316353,396813
232732,396930
232732,396982
397105,397114
232732,397292
232732,397631
232732,397715
232732,397758
229101,398039
398094,398104
398094,398158
398250,398266
964043,398376
398934,398947
398934,398999
323254,399482
678750,399739
399794,399804
230362,400088
245136,400185
400562,400570
964117,400734
400850,400866
379748,400907
748231,401043
748231,401089
531151,401138
748231,401516
955772,401592
967364,401814
967372,401867
965775,401920
747121,403283
747121,405759
325335,406169
748539,406596
406857,406861
236100,406916
973506,406985
747121,407224
249958,407435
249958,407529
232029,407604
293744,407868
269472,407913
293744,408371
955717,409191
964043,409655
964091,409693
955717,409751
965723,409831
373214,409968
373214,410011
373214,410069
373214,410114
373214,410167
227947,410237
410478,410484
249792,412268
249792,412313
249792,412350
220913,412441
239699,412688
321965,413153
231792,413195
247652,413256
247652,413294
247652,413336
973506,413475
245330,413667
929553,413826
236982,414144
748231,414558
230273,414953
233081,415278
233081,415311
233081,415353
236982,415751
236982,416038
417411,417424
417411,417513
375290,417584
417725,417739
417725,417787
418276,418282
235776,418689
266359,418823
266359,418868
269472,419199
230362,419958
343581,420526
747121,420655
861479,421734
422014,422022
236440,422080
236440,422131
236440,422344
422606,422610
864643,423000
864643,423044
282828,423139
423670,423689
295040,423909
226994,423945
301085,424075
535504,424262
424420,424431
424420,424483
424607,424611
424607,424757
424837,424844
424837,424892
424837,424941
424837,424994
424837,425030
425302,425318
425394,425409
425394,425450
425394,425506
425665,425677
425665,425727
237649,425840
264065,425935
264065,425990
426096,426106
426342,426357
426342,426422
426342,426498
426342,426569
285792,426666
330285,426894
295040,426989
295040,427036
295040,427089
263714,427155
263714,427384
282828,427460
282828,427528
282828,427563
282828,427626
282828,427661
349956,427707
349956,427748
255003,427977
255003,428021
255003,428107
255003,428182
282828,428304
330285,428406
282828,428520
282828,428565
429265,429277
349956,429518
349956,429573
349956,429637
349956,429692
349956,429732
349956,429778
429933,429946
349956,430204
349956,430262
429265,430301
429265,430355
349956,430454
385611,430630
429265,430676
388405,430726
388405,430837
388405,430885
388405,430973
294087,431022
322648,431328
268624,431787
970545,432163
268624,432589
234000,432775
266773,432850
975731,433229
967522,433264
234000,433361
434947,434952
245865,435174
245865,435212
748086,435254
435436,435443
239699,435489
435807,435811
747121,435946
436085,436092
249958,436691
249958,436731
249958,436810
249958,436852
357971,437045
437343,437358
238906,438015
238906,438058
438402,438418
438711,438724
733466,438912
281711,440078
440287,440294
440287,440389
440287,440423
440287,440475
440287,440512
248847,440614
248847,440738
279443,441335
1019195,442135
1019195,442208
1019195,442277
1019195,442323
1019195,442375
351219,442443
264989,442560
248586,442882
294463,443023
272741,443150
443215,443227
380347,443393
380347,443449
231792,443522
293744,443885
393925,443987
444346,444351
444346,444426
310970,445544
233386,445920
661448,446298
661448,446349
341327,446486
446706,446710
446878,446884
446878,446982
446878,447069
446878,447114
255602,448266
255602,448311
255429,448693
255429,448820
255429,448883
237552,448981
955622,449046
955622,449080
955622,449149
227947,449584
449836,449843
449986,449993
301085,450149
234490,451241
357971,451304
279556,451667
274774,451857
451937,451944
269233,452162
246616,452266
230273,463846
240228,452588
453105,453114
453105,453167
246876,453568
246876,453612
453677,453683
454306,454310
454306,454368
454905,454914
454905,454967
859563,455000
455063,455071
226607,455691
975777,456619
929553,456795
456879,456880
231792,456996
231792,457031
231792,457134
255003,458137
451937,458331
451937,458515
255003,458850
961285,459121
460470,460489
460470,460539
460470,460587
460470,460637
460470,460671
460470,460721
461209,461213
461459,461463
461459,461519
864643,461590
864643,461638
461714,461722
864643,461968
864643,462084
255976,462327
255976,462389
230273,462803
250666,463027
463101,463117
463101,463164
463101,463210
463473,463487
463473,463559
463473,463626
325335,464022
325335,464067
238906,464584
464827,464836
464972,464986
465132,465145
864643,465215
269233,465262
748539,465761
307001,465800
307001,465844
747121,466048
351219,466228
343581,466466
292995,467074
467137,467144
467137,467192
467137,467246
231792,467401
234000,467878
234000,468031
375290,468650
298920,469224
298920,469305
236660,469662
469765,469777
469932,469945
470027,470036
470313,470321
470313,470397
232323,470908
748231,470949
312754,471276
471712,471720
471984,471997
471984,472048
472704,472715
472704,472762
472704,472817
472704,472864
472704,472974
472704,473073
472704,473189
472704,473311
245865,475336
245865,475583
256519,475888
865795,476226
865795,476328
476411,476424
247274,476827
247274,476862
297389,477628
233081,478465
233081,478514
233081,478551
231792,478630
234777,478925
360266,479493
238395,479734
322034,480207
480305,480314
480305,480367
480305,480419
480305,480461
246876,481072
246876,481119
338636,481745
235776,481807
256266,482106
256266,482152
301783,482374
301783,482433
254210,482613
482728,482737
748539,482856
307001,483057
398094,483832
398094,483878
484370,484389
484646,484651
484646,484701
484772,484786
484772,484835
484772,484888
222479,485080
485359,485363
485359,485476
487127,487136
487127,487170
235898,487245
487307,487395
487588,487590
1154517,487664
487798,487808
488285,488292
488394,488409
488394,488445
488394,488510
488855,488864
488855,488919
488855,489015
488855,489206
488855,490357
490666,490678
490771,490785
490860,490873
490962,490970
491030,491048
491030,491122
491030,491180
491030,491302
491030,491432
491575,491581
491631,491649
491704,491715
491704,491758
491704,491801
265406,491942
492000,492016
492000,492063
492000,492160
492000,492230
492398,492403
492398,492488
493290,493300
237649,493359
237649,493407
995956,493739
1157450,493794
1157450,493836
493940,493955
494004,494015
494172,494186
229769,494275
229769,494313
229769,494661
229769,494822
229769,495137
495298,495308
495365,495377
266203,495429
266203,495845
266203,495953
266203,496060
266203,496143
266203,497121
497598,497607
497598,498064
498848,498853
498848,498951
499195,499202
326793,499304
499362,499370
499362,499481
499717,499729
256574,499826
955772,499874
499937,499944
748443,500016
748443,500059
748443,500211
748443,500442
500540,500555
500540,500604
500540,500765
500540,500847
500913,500921
500966,500978
500966,501029
500966,501188
500966,501323
500966,501375
500966,501502
501560,501573
501637,501644
501721,501732
322420,502123
322420,502199
359484,502240
502319,502326
992410,502446
502507,502621
438402,503222
503308,503312
692855,503515
503591,503602
503591,503641
503591,504084
504273,504287
504391,504406
295980,504481
295980,504577
295980,504857
295980,504890
295980,504963
505079,505080
505154,505165
505154,505219
505257,505261
505257,505316
505257,505532
505257,505597
221671,505787
757990,505858
505843,505901
506047,506052
506047,506099
506047,506150
506047,506204
506047,506329
506047,506465
506579,506580
229418,506630
229418,506682
506735,506742
262612,506790
262612,506939
262612,507395
262612,507733
262612,508677
262612,509313
322034,509711
764148,509776
509846,509851
510009,510013
510097,510107
510176,510182
510176,510239
510176,510294
372759,510362
372759,510410
250553,510468
510520,510531
992861,511511
992857,511632
756694,512103
361907,512347
361907,512462
361907,512518
361907,512628
361907,513052
361907,513227
513431,513449
513431,513483
995960,514092
514160,514173
514160,514224
1157409,514282
514346,514351
514442,514457
706569,514658
1027875,514852
293645,514909
1013203,514978
1013203,515027
515089,515091
240228,515234
515281,515299
515281,515345
515402,515418
515402,515473
515402,515544
515603,515619
515674,515688
515674,515782
515880,515898
515954,515965
236982,516057
516354,516365
516354,516438
516354,516515
516354,516591
516354,516641
516354,516734
516924,516930
516924,516976
517030,517048
517122,517133
517216,517228
1288395,517271
1288395,517387
226607,517484
517620,517631
518073,518087
518158,518162
518158,518213
518297,518307
343581,518798
343581,518896
343581,518947
343581,519046
476411,1158975
343581,519196
519290,519300
682688,519371
1013219,519448
519509,519513
519718,519725
519787,519794
760586,519929
519986,519993
520058,520062
520058,520117
263115,520164
263115,520206
872639,520252
520313,520321
520384,520397
257184,520441
250553,520619
677918,520711
974306,520782
520867,520879
520983,520996
521118,521125
779883,521194
222915,521442
521540,521555
679928,521627
521749,521754
521868,521875
985332,521966
454905,522030
911280,522146
522200,522216
234490,522263
436085,522373
436085,522421
436085,522478
901929,522547
247274,522620
522677,522683
522789,522791
522838,522840
522903,522919
522974,522988
523056,523060
523127,523136
1002631,523189
995941,523245
522200,523307
985402,523353
985402,523395
523459,523463
523526,523535
510009,523588
523831,523849
523923,523934
297963,523981
232732,524031
524134,524147
266359,524199
229769,524238
748443,524293
503591,524335
524388,524390
232732,524433
524498,524507
274034,524553
524700,524716
503591,524785
524825,524839
764148,524927
249958,524970
525032,525045
523640,525097
255365,525241
525304,525315
525370,525389
525512,525520
1114073,525614
237649,525803
525861,525874
526022,526033
523640,526079
266203,526196
526300,526316
521950,526407
236982,526476
236982,526532
526610,526623
526668,526675
1023086,526741
526862,526870
526917,526929
522677,526972
269710,527103
1013203,527587
527671,527685
220720,527811
237649,527905
220720,528081
228829,528132
521749,528243
521749,528301
237649,528364
1013203,528408
1013203,528465
528522,528533
521749,528648
521749,528682
521749,528800
528892,528902
521749,529003
521749,529100
500966,529527
529602,529618
999852,529660
999852,529723
510009,529982
1013203,530049
1013203,530152
763171,530255
530342,530357
526610,530576
453105,530915
530970,530989
531069,531076
531151,531167
531263,531271
531339,531341
531466,531478
531683,531696
531762,531770
531762,531838
531957,531961
532092,532102
531151,532419
531683,532517
532615,532627
532708,532712
373214,532765
532708,532810
255976,532932
255976,533120
533242,533257
533316,533328
533385,533392
533385,533448
533509,533513
533634,533647
533509,533725
533787,533794
705360,533862
533929,533938
533929,533986
533929,534036
294087,534129
294087,534172
534234,534247
534234,534299
534350,534366
534350,534418
534473,534487
534544,534559
534619,534626
535128,535137
535128,535185
535246,535251
535246,535308
535246,535354
535504,535515
535504,535562
535504,535618
535504,535723
535781,535799
535504,535897
535953,535969
228829,536115
228829,536162
228829,536213
228829,536307
872639,536353
872639,536400
872639,536459
872639,536557
872639,536601
872639,536655
536896,536906
537006,537010
237552,537243
537329,537338
537329,537386
537329,537514
537329,537800
238655,538072
238655,538161
226465,538212
226465,538277
226465,538334
229101,538404
229101,538518
229101,538980
463101,539447
463101,539481
238395,539531
238395,539577
238395,539679
540270,540289
540270,540340
540270,540703
519647,542222
540270,540761
227492,540837
249792,540885
540973,540987
540973,541033
1012461,541080
1012461,541131
540973,541183
540973,541235
540973,541288
541344,541424
541509,541513
842992,541668
541725,541739
251179,541827
519647,541993
519647,542589
265406,542747
265406,542813
542884,542897
542976,543020
542976,543511
542976,543621
542976,543678
543958,543962
543958,544018
543958,544087
544143,544158
544143,544444
544143,544574
544693,544705
544693,544952
544693,545029
545064,545072
545064,545119
545659,546016
545659,546435
545659,546540
547021,547032
547256,547260
547256,547304
547256,547452
547256,547667
547256,547916
548378,548439
548378,548487
548378,549942
1001950,550341
1001950,550466
1001950,550534
1002387,1002394
1001950,550631
1001950,550789
249569,550990
249569,551132
249569,551243
237649,551735
237649,551788
237649,551828
1114087,552004
1114073,552058
239610,552140
239610,552378
239610,552425
552473,552487
552563,552571
844938,552657
239699,552707
266359,552867
266359,553078
553475,553481
553475,553531
553475,553583
229769,553717
229769,553764
229769,553900
245798,554349
255832,554396
255832,554618
255832,554694
257184,554813
257184,554866
230273,554924
256519,555018
256519,555307
256519,555353
985402,555485
985402,555535
985402,555601
256574,555672
256574,555722
256574,555798
256574,556017
528522,556922
528522,556979
528522,557022
528522,557067
528522,557149
528522,557196
528522,557578
528522,557929
563560,563573
563560,563644
558141,558156
558141,558211
521749,558490
521749,558538
521749,558796
521749,558834
521749,558881
521749,558950
521749,559008
521749,559054
521749,559106
521749,559335
521749,559771
560589,560591
266482,560710
980992,560953
560948,561027
519578,561070
519578,561350
561418,561425
682805,561494
561642,561657
561711,561724
263849,561867
330770,562006
330770,562075
330770,562145
303999,562262
303999,562355
503591,562676
503591,562726
331145,563119
295980,563220
660236,563470
563721,563876
564024,564030
352995,564082
352995,564133
352995,564180
974231,564387
974231,564506
354041,564696
297963,564743
297963,564919
297963,565147
764148,565199
764148,565414
764148,565613
897070,565650
1114060,566130
566565,566577
360266,566646
360266,567282
567442,567457
974306,567501
974306,567847
567921,567932
257790,568005
568067,568079
568219,568226
568986,569041
382434,569115
382434,569250
382434,569324
382434,569369
569503,569519
569557,569561
321234,569617
261806,569999
570797,570807
571025,571039
958317,571087
958317,571209
958317,571324
571444,571459
571444,571590
571444,571714
1027875,571780
1027875,571831
571947,571952
571947,572009
571947,572050
572111,572124
572294,572304
391927,572358
484772,572406
484772,572531
484772,572583
484772,572651
484772,572698
484772,572738
232732,572803
232732,572861
398094,572900
572963,573015
572963,573058
301783,573332
316353,573384
573460,573473
573460,573635
349329,573769
349329,573814
349329,573867
747121,573977
574337,574344
574337,574453
453105,574509
232029,574610
373214,574739
515281,574787
574964,574972
574964,575047
574964,575081
575166,575178
575166,575289
575386,575393
575386,575522
278153,575863
278153,575918
464972,576011
576076,576082
576076,576133
236982,576259
523640,576534
523640,576762
576840,576855
576935,576942
975875,577074
865795,577308
865931,577377
865931,577429
236440,577504
349790,577673
577775,577781
263714,577878
263714,577969
1244130,578012
578008,578054
388405,578106
388405,578175
388405,578240
578569,578576
578569,578678
578569,578771
578569,578841
578569,578894
578569,578962
579037,579044
579037,579092
579269,579276
579314,579322
579380,579398
1032822,579442
1032822,579490
1032846,579540
1032867,579593
1032822,579712
1032867,579765
1032822,579921
1032822,579966
245865,580039
580297,580307
236100,580369
236100,580416
467137,580463
864643,580640
840797,581417
470313,581618
470313,581660
480305,581969
287834,582014
227330,582067
227330,582112
227330,582578
237552,582889
237552,583071
237552,583490
229101,584420
229101,584483
229101,584607
229101,584695
229101,584994
229101,585180
229101,585575
463101,586576
463101,586621
226465,587460
226465,589212
242528,589998
238395,590051
238395,590177
238395,590482
238395,590675
227492,590964
591195,591202
794618,591287
591195,591452
591195,591499
591195,591565
251179,591651
251179,591717
251179,592025
251179,592705
251179,592746
251179,592999
593506,593510
965706,593581
864984,593631
864984,593736
864984,593817
965706,593855
965752,594040
864984,594086
864984,594161
864984,594208
864984,594254
864984,594685
864984,594778
864984,594933
864984,595063
964091,595160
964091,595248
864984,595457
864984,595540
975689,598251
274774,598401
967386,595627
864984,595662
864984,595765
251228,596027
251228,596070
596129,596138
267161,596193
267161,596350
596129,596402
267161,596441
267848,596494
246876,596544
975689,596592
975689,596642
975689,597451
975689,597524
975689,598205
274774,598464
274774,598515
274774,598570
274774,598930
274774,598976
274774,599386
275387,599580
249569,599630
249569,599682
661448,599994
661448,600045
661448,600389
661448,600651
861479,601264
861479,602119
279967,602277
237649,602334
237649,602399
237649,602443
237649,602489
239610,602594
239610,602644
239610,602692
860549,602766
932243,602853
860549,602914
860549,602979
603047,603052
860549,603113
860549,603150
932243,603197
860549,603270
932243,603355
932243,603505
603047,603551
603624,603630
932243,603682
932243,603726
932243,603828
603624,603863
603624,603902
932243,604102
603047,604253
603047,604333
748539,604379
604426,604435
604426,604474
748539,604517
238104,610950
266773,604555
748539,604636
604720,604731
604777,604783
604868,604875
604426,604921
266773,604966
604426,605036
748539,605089
748539,605129
748539,605186
605223,605234
605275,605281
965723,605345
957381,605397
967420,605441
965723,605487
965723,605563
967408,605619
957381,605690
605753,605769
605846,605851
605908,605912
605846,605977
605846,606026
605908,606061
238104,611040
605846,606128
605846,606163
605908,606222
605846,606267
606320,606331
606377,606383
304498,606429
304498,606472
294463,606515
606591,606602
606591,606641
606591,606723
294463,606768
304498,606821
283594,607007
553475,607053
263115,607095
255832,607179
255832,607263
268533,608039
245266,608094
248586,608136
248586,608369
248586,608686
231553,608733
256574,608780
256574,608820
256574,608906
608999,609005
609079,609080
609079,609120
748086,609165
748086,609203
609371,609385
268624,609430
268624,609495
268624,609550
268624,609675
268624,609773
268624,609836
268624,609870
268624,609955
609993,610000
610063,610071
610139,610141
610211,610224
955622,610269
955622,610346
955622,610426
955622,610708
955622,610881
238104,611306
261403,611381
261403,611502
261403,611560
310970,611616
273044,611663
266482,611750
611922,611933
1242201,611998
611980,612031
955857,612096
955857,612134
612286,612293
955857,612388
1242201,612511
612286,612650
955857,612792
1242201,612856
1242201,613320
955857,613401
1242201,613515
1242201,613799
612286,613884
1242201,613982
614066,614078
614124,614130
614195,614202
614195,614241
614287,614294
1172408,1172412
614343,614358
967412,614406
614512,614520
614565,614577
614614,614622
255159,614679
255159,614857
255723,615889
258188,615955
616023,616034
230362,616081
616132,616145
331145,616197
733466,616301
733466,616386
733466,616483
616735,616742
341327,616790
616863,616871
616863,616939
616863,617087
234490,617191
322034,618484
354041,618575
764148,618612
360266,618665
285792,618727
233790,618789
236660,619460
236660,619563
620371,620385
568986,620453
374050,620509
321234,620578
321234,621009
250553,621153
370490,621294
370490,621343
621452,621468
621549,621554
621605,621614
621605,621679
621605,621738
621605,621786
388927,621835
293645,621900
293645,622039
463473,622127
965775,622213
228325,622278
622311,622324
967393,622382
965768,622437
965747,622471
965775,622519
297389,622557
261141,622590
970545,622686
955717,622746
622780,622798
955717,622854
435436,622910
955717,622975
964117,623011
748231,623076
967449,623122
297389,623228
435436,623318
955717,623394
964117,623510
747121,630594
297389,623552
967431,623620
623704,623715
964117,623762
623704,623801
240228,623855
955717,623893
297389,623942
955717,623988
297389,624029
624064,624072
624064,624135
297389,624174
747121,630692
748231,624231
748231,624296
964117,624427
297389,624489
297389,624539
964117,624573
297389,624644
240228,624750
955717,624811
297389,624951
297389,624998
623704,625085
967465,625211
297389,625305
955717,625346
240228,625442
748231,625517
379748,625593
622780,625643
625720,625731
625823,625834
625899,625909
975749,625945
626015,626027
626015,626091
626164,626172
967454,626247
965710,626345
965710,626397
965710,626487
965710,626528
965710,626563
747121,626603
747121,626657
747121,627049
747121,627123
747121,627181
747121,627451
747121,627498
747121,627818
747121,627962
747121,628279
747121,628417
747121,628694
747121,629837
747121,632153
373214,632900
967483,633058
967496,633101
975868,633155
278153,633193
238561,633247
236982,633473
274034,633528
371381,633603
371381,633661
371381,633814
321487,633880
282828,633954
236591,634080
394754,634131
323368,634183
323368,634242
247274,634843
247274,635465
620371,635580
232323,635653
232323,635703
232323,635790
232323,635844
321965,635885
255602,635939
230273,636024
230273,636146
230273,637088
292995,638326
859563,638422
859563,638524
859563,639403
929553,639749
929553,639806
229015,640061
747121,642496
400850,640128
640205,640214
640251,640267
400850,640884
264065,641661
264065,641711
264065,641776
480305,641822
642653,642669
967477,642726
642788,642790
642859,642863
643038,643040
643093,643103
643093,643161
643249,643254
643310,643323
643310,643375
999852,999868
643310,643427
643489,643491
1126919,643709
643766,643778
643869,643876
643967,643979
644030,644048
644030,644095
644167,644179
644237,644244
644318,644325
510520,644409
905692,644497
521540,644547
521540,644612
644677,644683
644677,644762
644840,644855
957249,644926
645031,645049
645096,645106
645168,645175
645168,645238
645319,645326
645405,645414
645479,645480
645479,645548
645650,645666
682688,645700
645650,645759
645839,645841
645839,645894
222479,645943
646021,646032
646097,646107
646241,646256
646336,646343
646499,646508
646583,646596
754749,646793
646928,646937
647028,647037
647092,647102
647269,647276
647269,647314
647269,647367
647426,647435
647426,647488
647426,647529
647627,647636
647627,647689
249958,647720
519986,647765
378263,647823
378263,647868
647945,647950
647945,648005
648051,648067
389777,648120
389777,648165
648203,648219
648203,648257
643093,648290
648359,648363
648424,648430
648424,648482
648424,648532
682688,648584
648668,648675
648668,648725
648668,648773
648668,648827
648668,648870
648938,648940
648938,648993
649056,649060
649143,649158
649221,649232
649348,649353
422014,649400
422014,649459
422014,649542
422014,649590
649348,649640
649348,649693
649751,649767
649820,649831
649820,649883
649820,649934
1013804,650002
650060,650073
650060,650127
650060,650170
650060,650221
650284,650297
650284,650348
650284,650395
650284,650444
650284,650492
650557,650561
974368,650664
650722,650733
650798,650808
650865,650877
650865,650923
904492,651090
649820,651144
651205,651214
983075,651308
651365,651377
651438,651440
650060,651493
651558,651562
651558,651618
649143,651799
651850,651866
651850,651911
651850,651969
652022,652033
652098,652108
652098,652154
652219,652226
652219,652274
652337,652344
652407,652411
652681,652699
652794,652804
652870,652889
221001,652929
222609,653156
223061,653194
221001,653248
222335,653282
221778,653333
653380,653398
380347,653457
519578,653572
221692,653731
653796,653806
653868,653875
653868,653921
654047,654052
654047,654145
644677,654197
654243,654258
654340,654355
229418,654393
654449,654454
740405,654522
654703,654719
654774,654828
221905,654892
1023072,655007
1023072,655053
655114,655122
345276,655198
264065,655237
655318,655325
643766,655373
643766,655413
655497,655506
655575,655581
655575,655631
655789,655791
655855,655864
237649,655935
495365,656031
222361,656229
222361,656264
298920,656388
299445,656422
221017,656467
221017,656507
983075,656645
472704,656684
472704,656728
472704,656763
656825,656839
1009723,656887
656970,656989
322420,657036
323368,657101
323368,657155
657234,657247
975691,657384
657528,657537
579380,657585
657724,657730
657822,657833
657977,657983
344347,658084
658148,658153
658225,658239
658391,658406
658391,658452
658651,658667
658916,658928
659040,659055
1101251,659220
659334,659347
659404,659415
220720,659462
659616,659628
388927,659778
659882,659895
389777,659980
389777,660034
660132,660145
660301,660317
983075,660412
660551,660567
660695,660703
660695,660757
660939,660941
220913,660987
222759,661033
661149,661154
660816,661203
388405,661316
250553,661363
661448,661453
232323,661509
341327,661545
733466,661634
974368,661739
523056,661815
522974,661862
661993,662003
662061,662074
226034,662185
662349,662354
662396,662401
256266,662472
256266,662515
872639,662618
872639,662660
652407,662710
662775,662781
662845,662850
662924,662930
662775,662976
1001978,663065
663201,663217
657724,663319
657724,663374
657724,663433
657724,663498
952450,664127
222936,664191
269710,664376
269710,664428
646097,664542
269710,664588
345529,664746
643093,664798
269710,665001
226034,665157
665103,665277
665103,665323
398471,665436
398471,665489
222422,665587
1031859,665628
531339,665713
645479,665766
665848,665853
247274,666141
666282,666295
666282,666346
666282,666398
666457,666461
666806,666810
666875,666881
221323,667148
221001,667225
221157,667622
657724,668004
221399,668089
578569,668138
877963,668206
668321,668332
977414,668402
668460,668473
560948,668748
668321,668782
668460,668846
560948,668965
670511,670524
668460,670609
669069,669076
669133,669146
668571,669360
669599,669608
669743,669758
669069,669840
669893,669903
668880,669942
531957,670065
531957,670106
670374,670388
669484,670645
670744,670759
535504,670894
645031,670943
645096,671048
671200,671216
671200,671263
671200,671318
671200,671360
650865,671568
967514,671631
671715,671727
672059,672063
672125,672139
672211,672224
672211,672276
672333,672346
975823,672403
672488,672490
672555,672564
672627,672636
672670,672689
672749,672754
668460,672823
669599,672899
674384,674397
672932,672945
673046,673051
673154,673165
521540,673219
673344,673359
673448,673453
668321,673495
560948,673550
673597,673606
673652,673668
673940,673955
673993,674004
673993,674043
673993,674129
674281,674299
674281,674345
674384,674439
674494,674500
294087,674544
877963,674642
877963,674690
877963,674748
877963,674795
877963,674846
877963,674949
877963,674996
388405,675222
388405,675267
675515,675527
675570,675589
675656,675660
675747,675752
675911,675924
675911,676018
676073,676087
676127,676136
734573,676189
734573,676266
734573,676324
734573,676437
491886,1008289
734573,676471
676535,676542
734573,676601
675656,676640
734573,676686
734573,676746
734573,676808
676865,676877
981012,676923
981012,677047
677197,677204
677408,677412
677262,677496
677533,677546
677703,677719
677918,677925
677987,677994
678055,678064
975712,678174
1051606,678323
1051610,678404
678462,678470
975909,678539
678616,678628
967505,678709
678750,678766
678750,678807
678853,678869
678933,678946
1052953,1052969
678933,679009
678750,679066
679124,679130
679176,679182
675656,679225
679294,679304
679362,679370
679434,679447
679520,679531
679596,679605
679679,679680
983075,679738
983075,679786
679835,679842
980971,680007
680095,680105
680244,680259
680244,680302
983075,680341
983075,680387
680445,680450
680523,680534
680575,680581
680575,680631
680696,680704
680696,680758
680696,680829
680696,680872
680696,680926
680988,680990
679596,681109
679596,681150
681215,681227
681215,681270
974283,681340
974283,681393
974283,681431
679596,681505
345529,681598
681653,681669
681726,681735
681788,681790
680988,681863
681788,681987
681653,682089
680988,682140
682234,682247
681788,682313
682366,682378
682366,682425
682487,682494
682544,682559
679596,682603
298920,682748
682805,682814
682805,682867
1013787,682931
682996,683009
682996,683050
682996,683107
682996,683153
682996,683202
683260,683273
222049,683327
681653,683410
683481,683499
683481,683531
683596,683605
683680,683698
683755,683764
683755,683819
683874,683888
683874,683937
683874,683985
683874,684035
684214,684222
684214,684279
678853,684331
678853,684383
974231,684455
684504,684515
684570,684589
684660,684673
684660,684723
684781,684799
684924,684930
685056,685060
221334,685104
685162,685170
685162,685221
685284,685297
685353,685369
685428,685437
685557,685561
382434,685705
685780,685798
685780,685849
685906,685910
685975,685981
686040,686055
686119,686126
686188,686190
686254,686265
686254,686310
686399,686404
519509,686458
686502,686518
686637,686644
686637,686692
686750,686766
686824,686830
686895,686905
686967,686979
687033,687046
687108,687112
687177,687183
687242,687257
687316,687328
687407,687411
687476,687482
687476,687532
687597,687606
956108,687652
687739,687741
687804,687815
1126919,687889
460470,687929
687986,687993
688059,688063
688125,688139
221001,688457
223074,689096
515089,689168
760586,689272
975806,689595
689860,689873
689860,689936
689991,690004
1151553,690091
1151553,690140
877963,690252
877963,690309
877963,690350
877963,690402
690528,690537
221381,690851
690912,690920
220720,690977
647187,691059
647187,691125
519290,691194
256266,691248
691322,691333
1024762,691501
691615,691627
691765,691777
691823,691834
691899,691909
691984,691997
689335,692228
692302,692318
692421,692432
692497,692506
692568,692575
692631,692649
692704,692715
344347,692762
692855,692864
992819,692935
692990,693002
693245,693250
689860,693324
689860,693395
693519,693526
693588,693590
665103,693746
693854,693865
693906,693910
693975,693981
694110,694123
694181,694199
678853,694240
678853,694293
694335,694342
271222,694388
548378,694507
548378,694548
748231,694716
694839,694841
679176,694915
695009,695013
695009,695066
695336,695343
689860,695452
643766,695499
695565,695577
695874,695888
695944,695959
696014,696022
696183,696196
696183,696242
696453,696469
958227,696699
958227,696739
222054,696773
696836,696843
382434,696964
382434,697017
301783,697135
697174,697188
697220,697231
222319,697283
643766,697323
643869,697381
222451,697616
697745,697750
697905,697914
678853,698006
678853,698109
270999,698150
521118,698197
670303,698338
698496,698505
223019,698611
220474,698735
967514,698788
760586,698837
698918,698925
686188,698994
699090,699100
672211,699308
672211,699354
676535,699396
699570,699589
676910,699641
672125,699781
699850,699866
699911,699924
699911,699976
699911,700018
689335,700127
689335,700170
700245,700250
981012,700311
700588,700590
994787,700640
700693,700705
677987,700751
700812,700820
994787,700981
701042,701057
676535,701116
701233,701246
701298,701308
343581,701515
343581,701625
343581,701673
893139,702154
702149,702196
893139,702235
702359,702363
702359,702407
702359,702448
702578,702584
702578,702634
702578,702681
519509,702739
519509,702787
519509,702836
702891,702901
702972,702986
702972,703037
702972,703071
702972,703125
702972,703173
702972,703211
702972,703269
702972,703314
702972,703367
702972,703419
892964,703913
892964,704075
823411,704132
823411,704291
823411,704338
823411,704372
823411,704412
704454,704465
704454,704505
704454,704546
704454,704580
643093,704630
643093,704682
704742,704757
704816,704828
704885,704892
704956,704960
705024,705030
880610,705105
705151,705167
532092,705237
705292,705302
705360,705373
705360,705421
705360,705478
705360,705523
705360,705575
705631,705649
705704,705715
705704,705762
705704,705817
705872,705886
705872,705935
705872,705988
705872,706031
705872,706083
705872,706134
705872,706181
705872,706238
705872,706286
705872,706335
701298,706507
706569,706576
702972,706613
702972,706650
702972,706697
702972,706737
702972,706771
706825,706839
706825,706887
343581,706927
343581,706962
343581,707004
506047,707070
707138,707140
707138,707193
702972,707247
648051,707332
648051,707378
648051,707425
707487,707494
707559,707563
922268,707707
707769,707776
707833,707846
707965,707977
707965,708021
265050,708078
857574,708124
506047,708287
705151,708336
708391,708406
686502,708520
708633,708646
880623,708786
670744,708842
708900,708916
505843,708959
704742,709093
934053,709161
709220,709231
689405,709415
695944,709616
519509,709713
519509,709750
519509,709797
709853,709869
709922,709933
709998,710006
710068,710075
710132,710145
710204,710215
710270,710289
710270,710329
503308,710393
710454,710465
710522,710533
710598,710607
710669,710676
985313,710885
265050,711022
265050,711165
711226,711235
711226,711288
764148,711363
705704,711430
711495,711509
985234,711647
975899,711929
714416,714428
714526,714535
714526,714588
714714,714722
714780,714798
714854,714865
714923,714934
714999,715001
643967,715086
643093,715135
715212,715220
733394,715323
760586,715502
689650,715587
715637,715644
616132,715709
715882,715895
675911,716016
716156,716160
716156,716211
964585,716314
904492,716403
675911,716442
665103,716564
714526,716754
714923,716881
714526,717107
717202,717218
717273,717287
717343,717358
717410,717423
717481,717499
717622,717633
752709,717701
717803,717819
708900,717861
717928,717937
717992,718004
718070,718089
547021,718193
646021,718313
745907,718402
745907,718456
718559,718563
510009,718635
718711,718724
688125,718795
718851,718867
718920,718931
718920,718983
519509,719030
719133,719146
719228,719237
719228,719285
719341,719356
719413,719421
719484,719497
719552,719568
719649,719654
719715,719727
719715,719770
719838,719840
719926,719988
719926,720038
719926,720086
974231,720142
720208,720212
720310,720323
745907,720375
720436,720443
720502,720518
720502,720560
720628,720637
720692,720709
877963,720778
692568,720922
692568,720980
680696,721025
696014,721094
721158,721162
696183,721209
685353,721250
721311,721324
721382,721395
721382,721444
721503,721519
721629,721638
721693,721705
721767,721779
221980,721820
221980,721877
221980,721923
681726,721975
972588,722045
645479,722097
645479,722148
686119,722195
389777,722241
755193,722410
274034,722651
344347,722698
344347,722740
722803,722819
722803,722861
722803,722916
722803,722963
723027,723036
723091,723101
578569,723275
723332,723345
723425,723439
723516,723528
723516,723571
1029561,723642
723707,723711
723776,723782
672627,723833
723898,723908
723898,723954
724014,724022
724080,724098
724154,724165
724154,724219
724080,724261
724154,724359
724495,724509
724495,724550
724634,724647
724699,724702
724154,724891
724080,725047
724154,725113
724154,725166
724154,725215
574964,725289
725340,725355
725340,725408
725340,725454
724080,725567
725682,725695
725774,725788
724634,725925
724634,725987
726095,726105
221518,726200
696183,726244
999852,726356
756312,726409
222479,726506
665103,726608
726677,726683
222303,727251
220435,727706
502507,727953
497598,728031
701298,728199
728451,728467
728576,728582
718851,728792
728856,728860
748231,729187
643967,729314
689860,729517
729689,729691
729754,729765
676910,729913
676910,729966
676910,730033
938891,730108
730165,730177
730165,730226
730288,730290
730363,730371
719715,730411
728856,730469
730566,730578
730634,730647
730702,730718
730773,730787
975810,730929
731078,731084
521118,731130
521118,731176
731370,731389
519509,731434
731531,731549
731698,731701
732025,732039
732094,732104
732209,732213
732459,732463
732459,732503
732601,732617
732693,732705
659212,732812
659212,732865
655789,732910
733053,733069
688125,733114
221310,733167
733200,733216
733200,733259
733200,733292
733394,733409
733466,733478
519290,733523
236591,733568
1009723,733612
1009723,733654
733696,733704
733696,733743
733696,733789
733840,733855
389777,733893
1019195,733942
222511,733988
732693,734040
422014,734093
655855,734135
674494,734174
732601,734231
734323,734334
734399,734404
687597,734443
734502,734518
734663,734671
734824,734830
734922,734933
741114,735059
735118,735125
735269,735276
1032996,735346
734323,735419
735658,735662
970550,735823
665103,736206
736281,736299
643967,736378
705151,736494
877963,736846
877963,736898
737374,737388
647627,737446
678853,737582
678853,737621
678853,737666
678853,737728
678853,737763
689650,737825
737927,737936
737927,737991
738128,738137
738312,738320
704742,738377
702578,738429
510009,738850
739075,739081
646583,739301
646583,739372
646583,739454
646583,739567
739648,739653
739761,739774
739837,739844
739902,739918
739902,739960
739902,740031
740217,740229
740405,740414
709220,740498
740576,740582
740650,740666
220351,740839
740991,741007
672627,741053
975810,741302
721503,741373
975810,741421
741608,741612
672670,741665
650722,741886
650722,741926
650722,741961
650722,742016
650722,742059
461714,742194
521540,742248
742351,742367
742564,742572
742658,742662
967514,742708
742875,742881
678853,743005
678853,743149
743337,743344
967514,743411
740576,743495
709220,743550
743675,743681
802642,743760
743337,743815
743901,743917
744015,744027
744101,744117
678750,744172
857574,744299
857574,744494
744661,744674
1121330,1121416
670303,744949
670303,745042
739902,745090
745205,745214
745799,745809
745799,745850
745907,745911
221458,746018
746191,746209
746284,746297
226465,746369
746428,746437
746428,746485
746629,746638
746428,746686
746883,746896
233790,746981
747121,747132
747197,747204
707965,747483
747121,747533
269710,747624
269710,747676
857574,747757
689860,747816
689860,748001
748086,748093
748231,748249
748231,748283
748375,748381
748443,748458
748539,748541
748709,748713
748797,748807
743675,748853
749078,749084
749078,749130
749218,749225
721503,749294
380347,749389
221491,749701
749764,749772
220314,749819
693906,749857
693906,749890
693906,750013
222737,750148
750202,750218
537329,750260
220540,750315
519647,750362
750410,750423
750481,750499
750481,750549
750481,750596
266203,750826
266203,750861
707898,750916
303999,751361
690528,751511
297835,751569
751621,751632
892675,751700
751792,751802
751792,751841
764148,752208
764148,752249
752323,752334
705151,752381
372759,752470
372759,752525
372759,752573
535781,752644
752709,752713
752709,752766
752709,752811
382434,752869
753178,753184
753227,753236
236982,753270
269144,753329
282828,753372
753431,753449
753431,753496
753551,753567
708701,753611
521118,753653
521118,753703
717803,753757
233386,753837
706825,753885
222759,753939
222759,753973
754139,754141
754139,754194
754139,754248
754139,754295
893269,754333
893269,754379
893269,754419
651205,754461
476411,754517
704742,754564
752709,754636
661448,754689
754749,754754
754796,754806
755129,755138
755193,755206
755252,755268
519509,755418
721503,755487
721503,755537
992447,755592
992447,755642
660695,755753
755833,755846
755996,756003
756090,756100
756144,756159
678853,756192
756251,756267
756312,756320
756602,756618
756694,756706
756832,756845
670303,756911
756969,756976
954480,757069
757114,757122
757356,757360
757506,757510
269710,757581
757506,757654
694335,757715
757506,757789
521118,757893
757935,757942
757990,758002
322420,758127
665103,758189
758278,758284
644840,758437
644840,758485
642859,758574
642859,758617
642859,758664
689860,758714
689860,758780
643038,758854
758968,758975
759033,759046
759080,759098
759154,759165
759226,759235
681788,759578
715212,759739
975689,759862
741114,759938
760118,760125
521118,760173
223090,760224
269710,760276
757506,760322
678853,760403
678853,760442
678853,760488
678750,760670
673154,760765
760950,760966
761029,761038
705151,761190
761306,761310
857574,761491
761556,761560
761713,761721
521118,761778
910952,761895
564024,762077
762181,762199
762255,762264
762326,762335
257184,762548
762645,762650
695944,762700
762887,762894
762958,762962
763061,763074
763171,763185
763246,763251
232323,763312
650865,763354
756312,763455
763660,763673
763781,763799
763850,763866
331145,763930
733394,763982
1151553,764032
1151553,764097
764148,764153
764148,764202
764362,764370
764452,764468
764520,764531
764772,764786
643093,764888
765067,765079
1013219,765235
765469,765476
765584,765597
765675,765681
765584,765725
226034,766047
228829,766132
721503,766243
222802,766289
222802,766329
766514,766522
766607,766611
766800,766816
767002,767018
221157,767213
764294,767284
535246,767330
689650,767376
643967,767655
767779,767780
273044,767896
787296,768133
768198,768200
762958,768387
226166,768450
519509,768506
689991,768620
521118,768677
702578,768736
723425,768789
769206,769210
769275,769281
769397,769402
764148,769441
769674,769688
756312,769805
769867,769879
769931,769949
770003,770019
658651,770061
702891,770171
645168,770246
764362,770298
247274,770383
984230,770438
278971,770472
670511,770558
770866,770878
519509,770930
771062,771070
771172,771186
771172,771234
771172,771281
771172,771332
771402,771418
265050,771473
222569,771528
771172,771571
771635,771642
752323,771690
771753,771769
226994,771814
248461,771867
753431,771912
771977,771983
772023,772034
470313,772081
470313,772132
687476,772184
1005370,772243
772291,772301
728576,772340
932243,772393
964091,772449
695944,772496
263849,772546
262612,772580
981012,772719
897070,772761
764148,772816
510520,772863
229769,773072
563306,773135
655114,773188
655114,773231
771172,773277
361907,773310
890557,773427
1005370,773470
773539,773541
648051,773659
299445,774263
299445,774318
721629,774534
572111,774758
774903,774919
709283,775054
923755,775106
515281,775199
775335,775342
485359,775390
222342,775498
676865,775511
651558,775524
775678,775684
775744,775759
521749,775839
521749,775873
776021,776032
776130,776148
693975,776195
776362,776370
578569,776410
715637,776452
695944,776512
776614,776622
776729,776738
689405,777037
777211,777224
689405,777295
777351,777367
777529,777538
760586,777586
777662,777670
777731,777749
777662,777932
777662,778183
778718,778725
519509,778760
719715,778815
778870,778889
426096,778993
643093,779162
779221,779232
779353,779369
779353,779428
779353,779471
857574,779542
779629,779638
741200,779705
759226,779779
662349,779820
779883,779896
779968,779975
709283,780027
709283,780062
740576,780101
227492,780223
227492,780268
793520,780332
525651,780384
256266,780456
719715,780635
780782,780795
247274,780880
476411,780949
967579,781071
678853,783330
781457,781461
781658,781662
756312,781749
220529,781796
740576,781899
220457,781950
782011,782024
733394,782076
733394,782114
782180,782198
665103,782237
782360,782373
782506,782510
782612,782620
779535,782715
975823,782872
783437,783444
783588,783590
1112884,783686
783865,783877
784152,784168
784238,784240
322420,784414
784511,784524
944861,784645
784697,784700
221895,784759
373214,784825
535246,784894
785032,785045
692568,785097
503308,785182
680696,785406
680696,785452
238395,785499
785729,785738
970550,785900
643093,786407
1324457,1324461
967579,785992
786112,786120
786112,786177
786453,786469
578008,786532
491030,786623
525861,786718
786756,786760
786815,786827
786891,786901
322420,786955
670303,787212
787296,787306
787427,787436
787427,787489
788068,788075
788166,788178
256574,788291
666875,788514
660695,788567
788726,788735
788828,788837
788828,788885
689991,789159
221946,789251
789365,789377
521118,789464
789558,789562
643967,789673
248847,789768
643093,789850
790387,790394
723707,790445
643093,790649
790903,790919
742564,791034
742564,791081
665103,791150
574964,791227
791408,791412
791522,791533
791598,791607
678853,791648
704742,791682
223074,791761
791918,791925
792027,792036
792140,792155
792210,792223
792281,792299
792281,792345
792281,792397
792441,792456
741114,792500
792635,792642
792748,792753
792822,792833
792898,792908
792977,792983
793050,793066
793195,793202
965734,793362
970476,793410
249077,793468
793520,793531
684504,793679
684504,793729
702578,793772
719715,793819
793928,793937
793992,794003
977414,794090
794192,794205
975823,794349
975823,794440
655497,794515
692082,794570
794618,794625
221830,794747
794821,794832
794953,794969
795039,795041
795104,795115
795297,795307
726677,795369
795463,795471
795463,795526
795638,795640
795746,795751
644677,795934
221157,795999
720628,796040
967579,796265
796502,796518
249077,796692
970550,796745
221157,796830
689405,796979
521540,797022
521540,797067
797131,797149
797328,797337
797407,797411
797652,797668
975810,797773
798028,798037
975810,798085
222915,798160
798593,798604
787427,798662
798749,798754
964043,798823
798932,798945
799147,799152
799342,799357
747121,799405
747121,799446
799582,799595
670303,799666
799915,799927
721311,800011
721311,800069
800409,800413
779883,800450
754749,800791
388927,800855
784238,800919
689860,800961
689860,801034
491886,801075
786112,801338
786112,801364
975670,801607
228829,801703
228829,801742
767526,801788
709220,801863
676910,801941
901929,802101
719715,802223
743337,802281
715212,802350
901929,802402
901929,802494
802642,802657
802730,802748
967579,802880
967579,802931
803153,803169
803260,803273
803362,803370
803434,803447
803605,803614
287834,803701
287834,803755
803819,803826
803900,803916
803985,803992
804057,804061
804233,804246
804455,804464
804543,804558
804543,804602
804660,804673
804768,804775
771635,804821
805041,805056
523459,805104
805330,805348
805330,805400
805330,805471
963986,805629
963986,805693
963986,805767
805849,805896
687476,805999
806055,806064
740217,806119
740217,806161
806249,806254
672211,806458
645096,806491
877963,806671
734573,806713
806778,806784
975810,806830
692568,806922
331145,807067
825246,807131
221157,807196
578569,807261
733394,807337
807513,807521
958215,807718
807972,807986
808044,808059
808125,808139
670303,808253
330770,808367
222240,808435
1027875,808488
981012,808604
981012,808689
981012,808754
763660,808810
854959,809422
854963,809553
521540,809771
719649,809825
810267,810279
810396,810401
810396,810455
652098,810570
704742,810639
226166,810734
521118,810752
789558,810799
537006,810845
810995,811004
811138,811140
709220,811247
226166,811281
811563,811571
531683,811642
812034,812047
812166,812178
812227,812236
812364,812372
812546,812551
672211,812859
670303,813157
670303,813220
813404,813415
813502,813518
813616,813628
813685,813692
813778,813784
1264027,1264036
734399,813905
813946,813951
813946,814011
814216,814228
814285,814292
814523,814534
696183,814677
814770,814789
814990,815008
814990,815077
814990,815147
236591,815374
689860,815422
692302,815524
815645,815650
815645,815700
815645,815759
815645,815802
815645,815856
815915,815927
757506,816032
701298,816107
689860,816148
816362,816370
707965,816410
816512,816520
1151553,816605
816928,816937
841590,816985
689860,817269
689860,817367
714526,817643
677987,817950
760586,818022
760586,818067
818112,818120
818219,818226
967579,818288
967579,818469
967579,818521
818668,818675
844411,818739
819250,819266
819324,819330
352995,819400
819820,819831
1143067,819934
772291,819981
1143051,820031
760586,820106
718070,820293
526610,820422
820498,820507
820666,820678
820785,820792
691899,820873
820936,820943
682996,821180
688125,821292
821356,821360
721311,821484
620371,821677
821736,821743
672749,821817
821886,821893
821974,821988
964585,822037
449836,822102
822187,822194
822253,822269
822253,822314
665103,822457
822501,822517
822604,822615
822604,822658
822604,822691
883413,822749
911280,822978
689860,823165
701298,823235
660816,823274
767002,823584
748443,823647
687476,823773
701298,823929
824117,824129
498848,824206
824378,824384
709283,824425
968142,824494
824559,824563
824626,824635
824711,824724
689860,824805
221502,824846
221502,824880
857574,825035
825159,825163
825246,825251
505843,825455
825515,825527
825706,825710
825781,825799
799915,825832
505257,826232
505257,826311
228829,826526
880165,826617
857574,826655
826714,826722
826780,826798
660695,826854
660695,826896
1120560,826952
827075,827081
417411,827227
689991,827372
689991,827420
765940,827611
1027044,827925
828040,828055
689860,828161
828265,828277
1035664,828470
689860,828709
743337,828797
760586,828848
829050,829066
829050,829153
678853,829218
689860,829273
689860,829336
672059,829406
709283,829481
670303,829577
670303,829622
789558,829679
829835,829842
533929,829971
830321,830332
992447,830378
830456,830460
721311,830537
721311,830585
733466,830661
754749,830867
521118,830996
322420,831037
721503,831141
564024,831253
721311,831305
721311,831351
731078,831474
831540,831555
740576,831658
831720,831731
537329,831783
792210,831875
831932,831945
832007,832011
832105,832114
832179,832180
832285,832292
832285,832360
721311,832409
832466,832478
374050,832568
739902,832620
832715,832727
832886,832893
815645,832961
815645,833018
815645,833060
815645,833115
815645,833162
815645,833213
815645,833266
833353,833369
833353,833400
687316,833459
666282,833542
666282,833590
666282,833640
666282,833693
833831,833849
522677,833896
672627,833947
834008,834012
834077,834083
834175,834181
834240,834255
834319,834326
834319,834361
834319,834414
747121,834451
643766,834553
249958,834792
249958,834841
790387,1005315
721311,834887
835013,835021
835084,835130
687476,835202
835260,835273
835327,835336
835391,835406
689991,835531
721311,835583
835651,835667
740217,835717
835786,835793
563306,835916
766607,835985
836067,836079
769015,836131
519509,836154
528522,836177
709220,836482
967579,836610
678750,836675
836725,836739
684504,836917
837190,837208
760586,837277
837399,837404
784697,837458
694335,837721
837933,837946
689650,837998
756251,838052
748443,838454
838514,838522
838598,838607
228829,838703
760586,838844
222390,838925
839116,839128
975823,839331
721311,839383
731078,839438
222609,839472
707965,839562
782180,839641
839694,839706
839813,839821
733053,839866
1151553,839930
718851,840029
840126,840135
840220,840231
1013804,840283
220708,840381
710270,840458
339286,840502
840573,840587
730634,840685
522677,840732
840869,840876
840869,840914
864643,840967
841087,841094
841136,841143
841209,841213
651365,841348
841428,841437
672211,841485
792210,841535
651558,841672
964164,841751
964164,841812
964164,841854
974231,842009
1114060,842078
1114060,842111
1022340,842182
1022340,842239
842294,842304
842362,842370
662396,842423
672627,842475
786756,842614
842738,842740
842890,842900
843089,843091
857574,843210
830223,843321
843397,843402
843516,843528
798749,843571
843776,843782
843920,843931
222342,844108
222342,844149
721503,844226
761556,844476
857574,844545
1013794,844804
844889,844891
709220,845099
760586,845215
845291,845301
845551,845567
845624,845630
845695,845703
733394,845742
256574,845960
657234,846011
846133,846146
491030,846180
994337,846318
220670,846409
760586,846445
707965,846534
670303,846575
731531,846727
672333,846791
616863,846855
695944,846926
670511,846974
847159,847163
847438,847440
715212,847602
784697,847734
847907,847911
847976,847982
844411,848031
848152,848168
249958,848414
848479,848480
660695,848548
519509,848645
519509,848697
247274,848856
857574,848936
849085,849092
849156,849160
295980,849282
904492,849346
849540,849555
849615,849627
1013794,850028
850211,850224
836067,850269
222342,850346
345529,850380
857574,850538
221848,850643
955097,850708
524498,850847
851055,851064
851231,851249
820785,851352
669484,851491
851587,851594
851807,851811
851807,851869
220379,851914
670303,851951
766514,852293
739902,852357
852632,852645
857574,852936
857574,853003
702578,853074
672670,853493
853558,853562
756312,853747
853850,853866
853850,853924
702578,853976
854032,854045
780537,854124
854423,854434
265050,854481
521118,856973
223003,857056
645168,857232
854861,854874
715212,855022
855149,855154
855219,855226
670303,855328
855448,855453
855532,855545
695944,855597
855756,855760
855993,856006
836725,856068
673344,856270
856338,856340
856338,856454
995987,856816
1003463,1003471
1003952,1003968
1004083,1004096
1004083,1004147
717803,1004217
857348,857353
665103,857428
857574,857588
992406,857672
689860,857808
709220,857865
967579,857934
1112884,858105
808125,858146
858198,858200
858302,858318
857574,858484
901929,858552
877963,858608
877963,858654
858758,858762
234490,858919
747121,858957
859015,859027
859091,859101
859234,859247
859439,859441
322420,859500
859563,859571
715212,859730
650060,859846
967579,860013
967579,860107
967579,860195
660695,860294
222451,860391
263714,860447
860549,860554
860764,860772
975689,860861
860959,860963
861479,861480
643093,861524
953330,861759
861943,861958
389777,862038
221190,862231
222342,862254
221188,862306
226034,862323
222106,862347
223090,862368
222569,862381
771172,862436
771635,862470
862556,862560
968142,862709
221249,862766
669893,862882
704742,862933
1032977,862980
221980,863023
735269,863121
519509,863178
863270,863289
863412,863420
863465,863477
503591,863579
756969,863624
731531,863676
863837,863844
705704,863892
221541,863956
864016,864028
616132,864333
864398,864403
665103,864442
226034,864555
864643,864658
523640,864749
250553,864834
864984,864997
345529,865164
655497,865206
256266,865384
670303,865487
861479,865657
769603,865690
767002,865748
865795,865805
865867,865879
709283,865996
750410,866088
865795,866137
866185,866192
866246,866251
220670,866320
765675,866618
757506,866656
867030,867048
867095,867105
865867,867151
867216,867228
705151,867271
643093,867325
523459,867373
867450,867466
867568,867575
867926,867935
967514,867974
364956,868104
221721,868232
221721,868278
222335,868311
263849,868353
424607,868459
424607,868492
868617,868629
868686,868693
868686,868746
868686,868798
821886,868910
757506,868968
1112884,869014
869203,869219
728576,869509
743337,869623
787296,869675
975689,869741
1112884,869862
869972,869986
870047,870052
702578,870258
901929,870431
228829,870580
675911,870648
967514,870682
715212,870757
666875,870939
785985,870973
901929,871112
871242,871257
871804,871815
871870,871889
665103,871940
929553,872042
733394,872057
221502,872100
771172,872171
872504,872515
872639,872641
771172,872710
873264,873272
873433,873446
665103,873728
757990,873785
670511,874535
874590,874601
874733,874746
874808,874812
874877,874883
874947,874952
875017,875029
875086,875093
875157,875161
875220,875231
875296,875306
875368,875375
643093,875415
771172,875518
256574,875560
875671,875685
875671,875732
958291,875830
731531,875882
687476,875933
687476,875980
687476,876037
837399,876102
643093,876141
921800,876269
876346,876351
702972,876457
761556,876564
876749,876754
876875,876881
901929,877009
877111,877124
877169,877176
877256,877260
877327,877336
877391,877406
877520,877531
994046,877819
221157,877900
877963,877971
877963,878070
221399,878402
222335,878494
689991,878592
702972,878688
648051,878753
643093,878846
878833,878898
705704,878949
702972,878996
772023,879030
879105,879114
1309050,879167
879216,879228
883413,879318
975899,879360
707833,879497
616132,879547
879608,879612
879665,879677
879665,879727
879789,879791
521749,879974
521749,880022
265050,880120
880165,880177
880337,880344
880407,880411
880495,880509
880566,880578
743337,880668
721158,880870
1019857,880964
881021,881032
881078,881084
881148,881153
881327,881336
881327,881389
881596,881605
806778,881786
220670,882002
740576,882143
882284,882297
882459,882463
779883,882798
708900,883339
883413,883421
883484,883497
655114,883872
655114,883926
655114,883974
655114,884029
655114,884072
754139,884188
754139,884231
754139,884306
753431,884352
955772,884458
884525,884539
686502,884600
709283,884709
643093,885160
885419,885426
885419,885474
521118,885529
521118,885572
885636,885643
695944,885868
773539,886210
880337,886234
537329,886247
229769,886268
547256,886275
542976,886281
886345,886350
975643,886402
760586,886487
886585,886592
886585,886642
886795,886805
521749,886908
784697,886996
967579,887175
221157,887229
887293,887303
887374,887388
887374,887433
887374,887480
887621,887632
887621,887684
887621,887737
748231,887785
616132,887825
757506,887962
888090,888100
694335,888233
881327,888280
888543,888558
888543,888591
977414,888660
961445,961450
708900,888775
888878,888884
888995,889006
837399,889052
708900,889243
880337,889291
517620,889338
535781,889393
929511,889449
757506,889483
705704,889844
757506,889918
710270,889960
687476,890018
687476,890060
880337,890104
519509,890158
519509,890245
686502,890330
880337,890428
705704,890471
890557,890561
764148,890638
707833,890705
707833,890751
705704,890798
764148,890831
764148,890877
707138,890975
519509,891026
686502,891116
891171,891185
880955,891233
891280,891298
891331,891349
322420,891383
844411,891438
361907,891486
891562,891570
643093,891618
705704,891710
518073,891781
754139,891832
754139,891884
754139,891953
754139,892022
754139,892098
754139,892149
754139,892196
295980,892316
295980,892363
892411,892424
892411,892476
892513,892521
892513,892578
705704,892623
892675,892681
892675,892741
892804,892815
892964,892972
892964,893016
892964,893059
706825,893092
893139,893141
893139,893207
893269,893276
927773,893367
767002,893501
709283,893627
709220,893720
701298,893834
893913,893921
707833,894023
771172,894075
757506,894132
894301,894317
894408,894412
521749,894454
521749,894496
521749,894533
521749,894579
521749,894611
521749,894703
521749,894742
521749,894788
521749,894859
521749,894918
895007,895011
895114,895122
895114,895179
895237,895244
895302,895318
892804,895360
892804,895450
892804,895510
893269,895599
892964,895677
895762,895770
779968,895840
895935,895942
946522,896065
896357,896361
896357,896414
896480,896498
896582,896595
896632,896645
682688,896825
896936,896943
892804,897004
897070,897089
844411,897138
884525,897247
339286,897350
897418,897425
769603,897473
923614,897635
705704,897688
519509,897730
686502,897880
897983,897996
702972,898169
892964,898218
702972,898260
892964,898304
702972,898343
892964,898389
702972,898434
892964,898475
898520,898531
880407,898605
893269,898963
893269,899029
702891,899306
654047,899399
899458,899462
757506,899518
899628,899637
519509,899685
717803,899732
771635,899784
643093,899869
915146,900010
757506,900068
752709,900109
898520,900150
900204,900215
648051,900262
771635,900317
707833,900355
771172,900449
709922,900483
707833,900522
771172,900567
771172,900607
702578,900682
771635,900735
690528,900816
506047,900960
705360,901112
519509,901165
771635,901257
657528,901371
888878,901411
901495,901509
837399,901578
654703,901675
901929,901938
705360,902003
752709,902185
902233,902246
879216,902331
506047,902377
902438,902440
902504,902515
844411,902768
1024762,902832
879789,902884
686502,903031
521118,903083
1024762,903152
903293,903303
710598,903390
903548,903553
236982,903621
719649,903697
719649,903744
719649,903785
903887,903894
1019195,903991
1019195,904041
670303,904094
670303,904143
670303,904428
904492,904503
666282,904557
803900,904590
904655,904664
967514,904705
974231,904854
974231,904906
220810,904947
974231,905072
905249,905254
666282,905306
666282,905352
975662,905427
717410,905491
717410,905541
905692,905709
220457,905745
658651,905824
514346,905914
756144,905980
855448,906085
906141,906156
746629,906207
266203,906295
545659,906564
644677,906604
702972,906731
906950,906966
705360,907009
907182,907195
907182,907241
907182,907294
907182,907343
907182,907391
907182,907447
689860,907531
685162,907614
297835,907698
669133,907835
907971,907985
907971,908036
764452,908172
222451,908366
364355,908494
709220,908544
908635,908642
786756,908880
689860,908931
394754,909053
909216,909228
964043,909445
440287,909497
440287,909568
881148,909608
909683,909696
220913,909789
692855,909974
715212,910039
910162,910170
910250,910266
357971,910307
553475,910459
910535,910542
221427,910686
910812,910820
910952,910968
967514,911035
742564,911100
911280,911298
221157,911768
417411,911850
645031,911948
221265,912014
221265,912067
1013203,912226
912337,912344
323368,912392
912453,912469
912521,912532
1024762,912862
962187,912938
962187,912986
913194,913207
913269,913276
519509,914178
226465,914270
671200,914329
521118,914372
914465,914477
880337,914579
753431,914676
702891,914816
914941,914956
915076,915082
915146,915151
844411,915237
915292,915302
771635,915356
707965,915497
757506,915568
757990,915612
915665,915677
757506,915715
757506,915758
757506,915791
915903,915919
916020,916031
535781,916054
535781,916077
535781,916096
535781,916110
535781,916134
535781,916152
535781,916175
535781,916199
895302,916229
757506,916238
228829,916255
687476,916272
687476,916293
981012,916303
521118,916319
879608,916335
537329,916374
916390,916405
655114,916422
655114,916446
916479,916480
503591,916507
503591,916524
731531,916530
764148,916595
670744,916621
757506,916632
764148,916645
701298,916666
916759,916763
883413,916785
644677,916792
916825,916839
710270,916856
666282,916991
917117,917129
917397,917402
343581,917456
343581,917528
503308,917592
265050,917690
265050,917748
760586,917867
879608,917912
879608,917965
707965,918045
707965,918176
918260,918273
709283,918327
709283,918362
705872,918481
705872,918717
880955,918835
918959,918963
702891,919017
671715,919126
879665,919254
879665,919296
919415,919427
915146,919491
707833,919637
707833,919778
757990,919848
705704,920007
705704,920048
920180,920198
1112884,920259
920432,920445
920534,920547
891331,920599
891280,920677
844411,920758
687476,920919
265050,920961
265050,921010
504273,921099
915292,921145
701233,921301
247051,921412
923614,921496
892513,921630
892804,921757
921800,921816
892804,921973
892804,922101
892675,922186
922268,922275
892804,922313
922418,922425
764148,922473
764148,922516
922268,922592
506047,922690
506047,922730
506047,922851
506047,922908
923009,923013
705151,923130
372759,923218
923294,923304
923358,923362
923434,923447
923512,923520
923614,923622
923698,923701
923755,923764
519509,923835
519509,923888
519509,923944
924019,924026
686502,924074
923358,924128
892964,924349
702972,924543
892964,924884
924953,924969
704121,925158
892964,925311
880623,925376
880623,925437
923698,925526
880623,925574
753431,925629
702578,925714
702578,925831
975881,925910
975881,925968
708900,926064
898520,926119
898520,926190
771635,926249
926306,926310
771635,926352
771635,926404
926600,926616
891562,926713
922268,926784
705704,926830
705704,926876
643093,927067
927773,927787
927889,927891
648051,928037
648051,928085
521118,928187
1024069,928276
959570,928333
1024069,928403
1024076,928461
504273,928540
731531,928564
521118,928572
771635,928593
928627,928636
893269,928643
645096,928662
883413,928689
900006,928691
702578,928712
757506,928731
922268,928777
702149,928834
928966,928978
898066,928984
929511,929008
929020,929031
616863,929065
519509,929083
753431,929106
753431,929110
521118,929134
521118,929152
916759,929181
893269,929199
343581,929201
764148,929240
929272,929286
929319,929326
929342,929357
929405,929414
929433,929446
929498,929507
929553,929569
490771,929632
616863,929744
761556,929785
670511,929894
771635,929943
760586,930003
930128,930137
930354,930365
930354,930438
771172,930527
485359,930589
880623,930641
670744,930706
896357,930866
896357,930911
707833,931015
506047,931091
521118,931140
705704,931252
504273,931366
757506,931402
707898,931456
931516,931528
931516,931571
888878,931626
506047,931661
931724,931730
515281,931782
931879,931880
931983,931996
704742,932099
932178,932184
936273,932227
932243,932258
879665,932270
932317,932329
932364,932372
896632,932408
961445,932454
932496,932505
702972,932514
892964,932522
932551,932567
521118,932580
865931,932607
731531,932624
731531,932648
879608,932653
932676,932682
823411,932703
879105,932719
757506,932735
757506,932757
757506,932774
929511,932788
259565,932800
675320,932844
505843,932859
897070,932871
705704,932892
708468,932918
686502,932939
898066,932956
702972,932960
933017,933029
915292,933038
521118,933040
900204,933086
643093,933103
892804,933126
893269,933142
754139,933161
343581,933174
1114060,933254
689405,933306
914465,933375
933556,933560
933556,933628
933556,933685
1114060,933750
702578,933824
695944,933848
933869,933876
535781,933895
933933,933946
510176,933979
934011,934024
934053,934069
900006,934082
879665,934095
934122,934133
821886,934151
934167,934179
492398,934180
519509,934200
934237,934244
934271,934285
934341,934356
266359,934421
934478,934484
934510,934523
708701,934547
934612,934620
934677,934683
934704,934715
897070,934727
934758,934762
650060,934789
707965,934801
879608,934829
874947,934840
934864,934872
764148,934926
674384,934957
934988,934990
989014,935054
935083,935096
875368,935110
875368,935134
875368,935152
875368,935175
875368,935199
687476,935229
935238,935240
265050,935272
875220,935286
935303,935319
935361,935374
874808,935390
935422,935433
702578,935451
221824,935479
957017,935498
343581,935548
935684,935697
935744,935759
717803,935802
771172,935856
879665,935904
880337,935958
645096,936009
890557,936066
936130,936148
936202,936218
936273,936287
936343,936358
616863,936410
879608,936468
955857,936512
936565,936577
896357,936944
915292,937016
1024762,937173
900006,937305
879789,937403
892804,937488
892804,937529
880623,937670
687476,937712
670744,937806
937868,937875
705704,938226
707965,938274
690528,938371
975881,938476
880407,938521
937868,938597
951966,938699
764148,938741
938891,938901
938891,938955
939002,939018
686502,939060
939232,939245
757506,939284
939382,939395
731531,939444
939485,939492
221220,939542
939733,939746
939733,939798
857574,939831
857574,939999
678750,940173
940282,940295
940380,940398
748231,940643
940823,940834
941334,941347
880337,941399
879608,941443
934271,941644
941709,941713
941750,941766
705704,941811
923614,941876
789558,942049
519509,942096
519509,942134
757506,942217
942326,942335
894301,942422
648051,942569
515281,942621
515281,942678
902504,942716
265050,942763
764148,942839
753431,942927
902233,943026
704742,943074
943144,943159
943185,943192
943222,943233
521749,943246
528522,943251
521749,943267
528522,943279
521749,943280
752323,943308
657528,943320
943354,943365
892964,943383
892964,943396
893269,943401
902438,943429
854032,943440
924019,943472
880623,943504
764148,943558
657528,943570
902438,943589
704742,943591
764148,943602
897070,943618
943641,943656
943775,943781
269710,944009
220457,944148
220457,944182
568328,944225
568328,944260
944327,944336
944327,944370
888543,944410
944554,944565
944622,944633
944622,944698
719926,944764
944861,944874
792898,945005
222181,945067
221458,945112
222388,945290
676910,945363
269710,945448
945741,945756
892964,945929
955857,946023
710270,946099
687476,946145
491030,946227
879665,946270
935422,946364
701298,946412
946431,946449
648051,946465
880955,946483
946522,946533
946522,946579
510009,946580
946624,946630
946669,946676
687476,946695
946735,946742
946788,946790
946828,946837
707965,946859
702578,946863
705631,946885
946939,946941
836725,946956
946973,946987
947002,947018
669743,947025
293077,947127
709283,947170
947297,947307
682996,947492
682996,947535
682996,947574
220932,947686
220932,947733
221157,947798
221157,947849
947947,947952
947947,948007
272741,948069
221001,948114
220932,948151
220932,948200
948302,948318
948302,948360
686502,948466
880623,948581
1024762,948631
265050,948935
949070,949089
731531,949138
896632,949210
880955,949350
949418,949425
879105,949603
949795,949805
896357,949879
949931,949949
687476,950070
705704,950210
705704,950252
892804,950299
950350,950366
950456,950460
950571,950585
255976,951708
950674,950688
892964,950724
892964,950769
892964,950805
892964,950879
880623,950920
753431,950977
926306,951059
233386,951102
922268,951194
754139,951322
648051,951367
704742,951419
951555,951564
950350,951627
810995,951643
702891,951658
951670,951689
611980,951712
259565,951720
695944,951749
695944,951765
896936,951796
689405,951810
771635,951834
879789,951881
686502,951909
704742,951921
951966,951978
879608,951997
949500,952007
934341,952069
952082,952095
528522,952105
952114,952122
670744,952151
774903,952167
220810,952216
705704,952271
422014,952356
990811,952394
952450,952466
506047,952552
223057,952608
952612,952620
994787,952631
343581,952649
705704,952654
764148,952665
923358,952683
701298,952696
879608,952715
757990,952743
936130,952770
879608,952791
373214,952801
952829,952838
898520,952855
491030,952872
757506,952893
705704,952903
771635,952926
521118,952942
521118,952961
952988,952990
648051,953018
648051,953039
511839,953041
492398,953073
1020035,953087
897070,953094
953189,953191
519509,953213
757990,953221
704742,953245
892804,953250
935238,953278
504273,953284
953297,953307
953297,953311
876517,953324
964043,953416
953459,953463
702578,953557
845624,953601
953831,953849
953923,953934
644237,954054
954152,954168
689860,954217
578569,954303
954446,954451
954480,954498
954576,954582
789558,954716
954771,954785
680696,954839
680696,954887
680696,954936
658651,955045
955097,955107
955153,955169
865795,955273
967514,955343
955452,955468
954480,955565
955622,955633
955717,955729
955772,955786
955857,955861
860549,955916
955857,956005
956108,956112
956261,956274
956385,956392
956385,956448
956566,956578
956597,956606
837399,956623
837399,956647
956668,956675
956699,956702
956699,956718
705360,956739
902233,956756
956794,956804
956827,956836
521118,956843
521118,956858
521749,956862
521749,956870
528522,956889
521749,956891
521749,956901
521749,956917
521749,956929
528522,956938
902233,956940
939002,956964
902438,956972
687476,956986
515281,957001
957055,957064
957055,957119
1024762,957188
957249,957254
398250,957296
957381,957399
957807,957811
534619,957853
771635,957946
880566,958006
958075,958081
958166,958178
958386,958393
958483,958496
958551,958567
958551,958607
958669,958676
975796,958761
888878,958816
753178,958863
902438,958918
771635,959026
926306,959144
771635,959163
774903,959205
810995,959233
519509,959251
221399,959331
221399,959354
221980,959417
676910,959472
676910,959543
259826,959618
836725,959687
519509,959775
715212,959813
959878,959884
959878,959930
959995,960008
959995,960054
960134,960147
890557,960467
221824,960595
670744,960621
960645,960650
668571,960697
960759,960763
960759,960841
961095,961105
705360,961151
771635,961200
470313,961216
748231,961523
568219,961612
961631,961649
961677,961683
961727,961736
961926,961935
961926,961988
528522,962028
962187,962194
689860,962269
962379,962380
222335,962419
962540,962555
970550,962627
228829,962662
528522,963120
857574,1019888
707965,963550
963597,963606
963597,963647
956699,963699
708468,963741
708701,963794
963843,963858
689335,963901
689335,963929
721503,963940
964043,964036
221220,964252
668880,964268
964321,964332
675515,964397
553475,964441
964516,964528
964585,964592
999852,964674
220823,965074
965137,965144
965137,965192
965354,965365
892804,965401
955772,965417
220295,965438
221190,965562
222335,965660
966041,966056
222414,966094
222414,966136
966307,966311
235776,966400
999852,966459
385121,966503
236982,966557
756312,966693
761556,966820
702972,966865
702972,966906
702972,966947
702972,966981
702972,967023
343581,967099
704742,967145
967579,967648
968142,968157
968212,968220
955772,968277
968347,968352
757506,968692
504273,968830
505257,968882
701233,968967
492398,969066
492398,969124
262612,969195
705704,969241
705704,969315
705704,969391
844411,969499
892513,969605
922268,969740
969835,969842
1024770,969944
970005,970014
771635,970067
503308,970219
372759,970261
1001966,970344
972854,970392
972854,970411
967579,970448
676910,970521
542687,970610
953459,970681
970787,970794
900006,970929
753227,971009
971066,971078
707965,971124
946522,971182
971225,971239
971294,971304
962379,971362
322420,971406
265050,971447
971499,971508
711226,971583
711226,971633
711226,971717
711226,971764
923698,971819
971857,971861
971857,971900
650060,971959
975881,972039
880623,972087
972143,972158
772291,972209
772291,972250
772291,972307
256574,972395
222123,972444
763171,972485
844411,972526
972588,972590
222357,972617
222123,972638
721503,972820
721503,972831
747121,972968
222342,973341
973506,973510
953330,973552
879665,973631
265050,973715
843516,973791
519509,973872
648051,973990
961926,974040
222049,974093
763171,974142
651558,974190
220913,974462
974368,974375
974525,974539
974525,974587
689650,974663
974745,974750
297963,974824
974933,974946
974998,975000
975063,975071
961926,975125
879608,975322
892804,975442
916759,975586
941709,975636
793287,976164
976345,976350
976456,976460
976516,976528
529602,976571
976635,976642
976690,976707
976690,976753
976690,976805
976690,976851
976908,976912
835327,976983
977031,977049
686502,977096
977152,977168
977217,977229
263849,977335
844411,977388
971294,977405
660816,977716
701298,977856
978074,978088
978205,978214
978205,978312
978205,978396
978205,978493
978591,978602
893139,978832
707965,978924
1031859,978948
670303,979052
668460,979113
955336,979197
979317,979329
922268,979477
922268,979533
256574,979624
979676,979682
979761,979774
880337,979828
879665,979892
979960,979973
961926,980045
888878,980124
835327,980195
708468,980241
521118,980287
1024762,980336
963843,980389
946522,980481
980549,980554
980596,980605
980698,980701
299445,980755
521118,980793
702972,980874
980890,980900
757990,980916
890557,980959
981012,981181
981012,981238
981012,981272
981012,981326
981012,981388
981012,981433
981012,981480
981012,981530
981012,981771
840797,981860
891280,981915
982038,982040
949795,982103
982212,982220
982334,982347
982427,982436
982491,982502
650865,982556
982628,982637
528522,982685
528522,982732
528522,982784
972588,982869
979676,982946
756312,982967
756312,982980
961926,983006
999852,983010
616863,983034
521118,983047
1024762,983052
983258,983262
983258,983317
1004894,983364
1004894,983412
938891,983514
263849,983551
222123,983653
222123,983703
470313,983757
983800,983816
983837,983844
648051,983859
859563,983871
983960,983973
824626,984028
824626,984071
984160,984173
719649,984398
984461,984474
521118,984517
984572,984586
655114,984627
541725,984720
690528,984777
690528,984823
222123,984868
521118,984909
256574,984945
985027,985036
985062,985070
985101,985117
518073,985138
222479,985140
491030,985252
705872,985268
541725,985350
985494,985500
910952,985635
528522,985846
528522,985880
880407,985931
892804,986088
986185,986192
521118,986233
986365,986377
986543,986558
705872,986591
946939,987011
987105,987114
260954,987180
505843,987198
505257,987200
505257,987216
987228,987237
987228,987244
987228,987259
987263,987271
987285,987292
711226,987318
711226,987325
711226,987339
711226,987341
880407,987360
541725,987432
542976,987484
547256,987534
220899,987581
255976,987631
222049,987677
222123,987791
763171,987864
523127,987957
436156,988056
578569,988073
382434,988094
769603,988232
988353,988369
988526,988535
265050,988601
709220,988655
946669,988733
265050,988798
902504,988854
895935,988906
515281,988952
989046,989051
989154,989165
989242,989257
221905,989300
789558,989448
339286,989469
303999,989509
269144,989545
282828,989597
222569,989634
769603,989675
645650,989725
989773,989787
989773,989827
228683,989891
234071,989940
1013219,989993
537329,990038
220643,990086
220806,990135
266359,990188
746428,990283
303999,990334
297835,990381
733394,990436
321234,990470
339286,990525
373214,990573
235776,990628
651205,990750
990811,990824
983960,990869
990922,990933
991073,991087
991073,991136
991073,991170
991073,991213
779353,991278
779353,991311
779353,991353
779353,991395
236982,991437
682688,991459
682688,991503
711495,991557
991588,991590
991588,991638
721503,991705
721503,991751
704742,992021
648051,992032
992078,992084
992078,992097
916759,992111
890557,992148
648051,992169
702972,992176
892513,992195
992202,992218
893269,992225
265050,992241
764148,992256
880955,992273
880955,992294
665103,992315
665103,992358
665103,992389
349184,992520
992577,992583
707965,992605
879608,992646
542976,992698
503591,992740
545659,992826
256519,992835
864643,992890
739902,993043
993091,993101
955097,993172
993402,993418
993091,993516
993585,993592
993795,993805
993795,993867
993795,993920
227492,993983
994046,994051
221824,994112
686502,994131
220899,994235
670303,994359
994509,994513
672211,994566
994623,994634
658225,994699
938891,994773
533509,995412
994827,994836
495365,995150
857574,995289
662396,1197033
996030,996048
996122,996133
996122,996180
996292,996302
996292,996356
996421,996432
996497,996506
996568,996575
996568,996620
996568,996677
996743,996758
996743,996801
997026,997035
997163,997171
1197392,1197407
670446,995454
995496,995505
670303,995580
297963,995630
696183,995761
221323,995800
996886,996893
996957,996961
771635,997354
757506,997455
521749,997602
528522,997850
521118,997953
262612,997995
561642,998031
1000309,1000313
1000350,1000366
681653,1000626
946431,1000661
1000776,1000782
982212,1000879
951966,1000954
893269,1001000
901929,1001085
245601,1001139
998123,998134
717410,998181
523459,998374
998433,998446
702891,998511
764148,998609
880337,998697
754139,998744
753227,998785
998839,998841
998927,998936
537329,998989
238655,999037
521118,999071
220457,999156
245798,999230
255976,999282
317301,999333
247929,999380
262612,999435
303999,999488
250553,999538
236982,999586
269144,999636
649348,999765
673154,999913
222110,999966
542976,1000015
257184,1000062
547256,1000101
503591,1000140
746428,1000193
247051,1000247
707965,1001380
648051,1001823
1001899,1001909
1002048,1002053
1002179,1002180
1002263,1002271
1002339,1002341
1297061,1297074
263115,1297192
1164826,1297515
1297656,1297660
1297930,1297948
1298175,1298181
1298390,1298405
1299063,1299071
1299253,1299269
1299810,1299823
541725,1300123
1300621,1300632
1300785,1300792
220966,1300991
1301409,1301413
1301552,1301568
1301886,1301893
1303242,1303257
1303411,1303424
1002339,1303699
1303843,1303858
1304117,1304129
229769,1304299
1304528,1304537
1304657,1304661
1304814,1304822
1304920,1304931
1305035,1305042
537006,1305137
1305298,1305308
1305401,1305396
1305687,1305694
1305878,1305884
1306158,1306162
670303,1306250
1305687,1306492
222374,1306883
1013392,1307132
1307215,1307227
1308249,1308254
698496,1308375
1308876,1308882
1013203,1308979
1309084,1309078
519509,1309202
1309287,1309294
1309764,1309772
1310384,1310397
728451,1310867
226034,1311909
1152745,1312146
1312387,1312394
1312612,1312620
220346,1312758
655114,1313162
1313471,1313485
923614,1313574
1313693,1313705
221980,1314264
616132,1314342
824626,1314467
998839,1315218
753431,1315327
753431,1315963
1003686,1316033
1316739,1316741
528892,1316986
1317086,1317093
1317368,1317375
256574,1317541
872639,1317671
1317933,1317946
221064,1318023
573920,1318113
724495,1318449
764362,1318774
934864,1318960
731531,1319042
1319185,1319192
708900,1319948
757506,1320182
301712,1320358
1320508,1320512
484772,1320605
1320508,1321096
1259845,1321229
1321576,1321582
577775,1321716
1190105,1321785
824626,1321856
541725,1321962
1322040,1322055
1322157,1322161
704742,1322489
1245051,1322732
1322882,1322895
1322980,1322998
832466,1323081
1323204,1323215
1299063,1323355
1323533,1323546
221685,1323973
1324643,1324658
1324777,1324783
897070,1324875
1323533,1325004
528522,1325281
1324457,1325397
1326026,1326035
233790,1326365
1326527,1326536
361907,1326618
233790,1326775
1327048,1327053
1327198,1327200
294158,1002432
294158,1002478
705151,1002534
883413,1002547
705360,1002552
928966,1002568
962379,1002581
1002608,1002612
519509,1040584
519509,1040597
686502,1040610
1040668,1040675
879608,1040681
879608,1040699
879608,1040702
245952,1040725
1040022,1040794
1040022,1040862
228829,1044064
298920,1044347
1048752,1048768
1043840,1048911
737524,1049052
1049197,1049204
1049197,1049258
1049197,1049301
1049197,1049355
1049197,1049408
1049197,1049454
1049197,1049505
1049197,1049551
1049197,1049607
1049197,1049653
1049197,1049703
1049197,1049757
1049197,1049800
1049197,1049859
1049197,1049902
1049941,1049956
1049960,1049973
689650,1050075
1050197,1050204
1050197,1050291
687177,1050431
683596,1050505
665103,1050892
994787,1051005
688125,1051080
696183,1051165
1051226,1051235
793287,1051300
506047,1051448
987228,1051495
987263,1051509
893269,1051521
893269,1051545
893139,1051566
1051578,1051584
892411,1051597
1105122,1105133
1105263,1105271
764148,1105356
1020472,1105552
1002677,1002683
1002762,1002770
1002838,1002840
800575,1002935
1002990,1003002
1003170,1003189
1003463,1003526
1003463,1003574
1003463,1003629
1003686,1003693
1003686,1003746
1003831,1003849
1003831,1003896
422014,1021117
1021172,1021186
227330,1021234
747121,1021281
1021384,1021397
1021494,1021500
1021879,1021880
955336,1022243
764148,1022338
1022412,1022420
926306,1022546
922418,1022551
221157,1022567
220899,1022648
1022790,1022800
222759,1022902
670303,1022973
220899,1023064
1051681,1051699
779221,1052035
648668,1052246
761713,1052377
1052504,1052515
795104,1052558
510009,1053264
1053507,1053511
1053613,1053621
809229,1053839
1050197,1053943
1050197,1054039
1050197,1054127
1050197,1054213
1050197,1054307
1050197,1054395
686502,1054664
1054808,1054812
993091,1054952
1040424,1100060
1100189,1100191
357971,1100348
1100686,1100693
1106020,1106031
1106240,1106255
1106498,1106507
721503,1106632
824117,1106737
570797,1107101
763171,1107172
706825,1107234
734323,1110735
734323,1110761
734323,1110790
1110902,1110918
1111067,1111079
651850,1111203
1111430,1111448
1111606,1111610
1111606,1111718
1111815,1111827
1112090,1112100
719649,1112205
1112383,1112396
1112383,1112464
955336,1112527
572111,1112656
1112953,1112969
1112953,1113054
1113240,1113255
287712,1113319
287712,1113390
679176,1113763
859439,1113887
859015,1113943
1114060,1114278
1114437,1114444
825706,1114693
1114812,1114820
836067,1114865
521118,1114906
844411,1114947
1143051,1115126
757506,1115142
757506,1115161
228829,1115174
1115427,1115436
1115556,1115560
1115556,1115637
1115713,1115721
521118,1115882
282828,1116253
287333,1116295
764148,1116419
898520,1116488
922418,1116555
922418,1116604
922418,1116658
322150,1117111
322150,1117195
1117729,1117738
1118015,1118027
1118397,1118402
256574,1118657
765226,1118724
1118782,1118795
1118898,1118908
1118996,1119007
360266,1119048
705151,1119146
1121330,1121485
1121330,1121557
1013392,1121693
1121831,1121849
1121831,1121865
1121831,1121883
1121831,1121906
1121934,1121947
1005370,1121968
922268,1121975
1122009,1122013
1122651,1122667
949500,1122729
707833,1122772
705360,1122861
1122971,1122985
1124014,1124022
265050,1124112
960645,1124154
1124219,1124226
505843,1124363
891280,1124411
1124476,1124469
1124702,1124718
778870,1124787
789558,1124938
914465,1124955
705360,1124972
650060,1125068
1125258,1125262
1125816,1125828
1126024,1126030
904492,1126095
1126198,1126200
858095,1126302
858095,1126421
1120560,1126654
548378,1126838
1126919,1126926
993091,1126988
941334,1127163
1127401,1127417
510009,1127527
753227,1127747
1174105,1127866
763171,1127930
1128272,1128286
955336,1128480
1128609,1128613
672211,1128915
658651,1129253
535504,1129367
528522,1004238
228829,1004303
1004962,1004970
1005078,1005084
1005225,1005239
523640,1005336
523640,1005343
1005531,1005549
1005531,1005596
356689,1005633
356689,1005679
356689,1005717
1005793,1005803
857574,1005928
349329,1006108
705704,1006183
1006290,1006300
1006290,1006359
707833,1006407
926306,1006453
702578,1006509
1006566,1006578
523640,1006610
221381,1004479
222609,1004569
1004700,1004716
739648,1004763
228829,1004802
1007001,1007017
1007001,1007064
1007001,1007119
255976,1007306
303999,1007352
282828,1007404
297835,1007458
222303,1007539
231792,1007616
1007946,1007951
1006290,1008184
757506,1008204
757506,1008227
675320,1008243
492398,1008262
824626,1129442
1129538,1129540
1129615,1129627
1124014,1129691
1130316,1130328
1130545,1130550
787296,1130610
1130756,1130760
222199,1131084
861479,1131169
1131336,1131343
1131468,1131475
294087,1131803
764148,1132278
567921,1132542
1132779,1132780
226034,1133151
1049197,1133394
1049197,1133413
1119409,1133445
1133575,1133581
1134157,1134161
1134671,1134685
672627,1134766
349956,1134231
671715,1134323
762480,1135457
823411,1135708
521118,1135720
521118,1135749
1135777,1135783
1135777,1135806
1136313,1136321
764148,1136439
1136571,1136585
1136795,1136805
897070,1137049
1137123,1137134
1137123,1137229
1137123,1137319
1137123,1137405
249958,1137569
710270,1137802
1137841,1137856
1138144,1138159
1138298,1138308
754139,1138504
249958,1138625
993091,1138930
651438,1139047
1139145,1139150
548378,1139262
672125,1139338
805849,1139393
690912,1139607
786112,1139695
786112,1139761
805849,1139918
1140860,1140873
1140904,1140915
1015116,1141024
1015116,1141114
1141263,1141271
1141356,1141360
1141445,1141450
1141534,1141547
1141534,1141631
1141534,1141727
349329,1142028
1142852,1142868
707965,1142950
222915,1147431
222915,1147454
222915,1147477
222405,1147496
222405,1147505
222405,1147514
222405,1147522
764148,1147579
764148,1147624
764148,1147648
962540,1147790
1148470,1148489
1148709,1148713
786112,1148824
675320,1148914
1148933,1148946
702578,1149045
1005370,1149202
868686,1149701
1150176,1150182
757990,1150336
757506,1150406
922268,1150596
955097,1150826
1150992,1151008
1150992,1151096
220945,1152436
1152745,1152750
836067,1153386
648051,1153449
239610,1153598
245798,1153669
226994,1153761
645650,1154071
417411,1154187
233386,1154295
651205,1154367
229769,1154564
263849,1154823
999852,1155004
356689,1155155
236982,1155528
1155642,1155657
1155642,1155748
1155642,1155833
1155949,1155954
232732,1156074
1156171,1156185
460470,1156349
717273,1156401
1156558,1156562
872639,1156639
537329,1156694
765226,1156809
248461,1156911
665103,1157024
678853,1157114
246876,1157179
1157421,1157413
658651,1157631
301712,1158297
1005370,1158353
1158590,1158601
883484,1159005
1159080,1159098
975806,1159177
1159274,1159288
1159274,1159363
299445,1159532
1160125,1160139
672627,1160224
1160435,1160442
1166994,1160966
675570,1012643
704742,1012708
491030,1012712
891280,1012731
752323,1012754
1023055,1012868
1012932,1012945
939485,1013005
702578,1013014
769015,1013067
769015,1013079
1013392,1013407
892804,1013597
528522,1013610
670303,1013668
670303,1013681
670303,1013702
670303,1013725
670303,1013741
537006,1013827
1013917,1013929
1013917,1013964
680988,1014027
1161188,1161190
249958,1161399
1161539,1161541
1161644,1161659
1161644,1161745
1161853,1161869
1162595,1162609
682544,1162841
682544,1162943
682544,1163042
1163144,1163159
1163144,1163246
645650,1163383
707965,1163440
645031,1163504
1163884,1163897
924019,1164045
1164410,1164423
1164826,1164835
1141445,1165051
1141445,1165149
220295,1165274
666875,1165597
1165787,1165794
1166420,1166431
1166420,1166522
1127401,1167018
934864,1167232
1167330,1167348
1167444,1167459
1167557,1167561
1167865,1167877
1167444,1167968
1167557,1168263
1167557,1168356
1167557,1168445
1168581,1168599
1151553,1168683
220346,1169776
1170377,1170383
855756,1170752
1121330,1172742
1174082,1172973
1179444,1179459
707965,1179655
797131,1179952
220295,1180015
299445,1180397
764148,1180846
222123,1181156
977152,1181419
222123,1182082
1182957,1182961
1183284,1183297
222106,1183693
521118,1185475
1185596,1185605
988039,1186521
993091,1186889
917397,1187659
1188145,1188150
1188317,1188329
1189026,1189137
222238,1189222
1124014,1189377
1189656,1189660
1189995,1190007
1190105,1190114
1190318,1190325
789558,1191624
1192140,1192155
944861,1192814
351891,1192931
351891,1192996
1193755,1193764
1193963,1193971
574337,1194312
1194440,1194455
672627,1195722
1196265,1196277
1196375,1196381
1196525,1196539
659212,1196824
1196922,1196933
1197392,1197495
1197392,1197584
967579,1197668
967579,1197725
471712,1198586
974231,1199012
1199303,1199319
1199390,1199405
1199548,1199553
1199632,1199645
792977,1199802
1200483,1200496
1111067,1200580
1200648,1200653
542687,1200941
382434,1201177
382434,1201257
579314,1201509
1201606,1201610
222936,1201741
1140904,1202057
679176,1202331
222240,1202417
1202515,1202527
670511,1202813
857574,1203008
974745,1203199
733840,1203388
747121,1203467
1203697,1203700
923358,1205119
1205190,1205208
926306,1205283
1205436,1205443
845551,1205518
1205644,1205659
919415,1205766
1205853,1205869
844411,1205922
1206810,1206823
1206966,1206978
1031669,1207327
756969,1207531
256519,1207614
1208027,1208036
1208140,1208155
1208439,1208441
1208544,1208559
1209961,1209974
989773,1210382
1211687,1211694
1211799,1211809
1140904,1212964
256266,1213173
1208027,1215011
1172408,1218362
891331,1219277
1140904,1219347
1023072,1219663
709283,1219745
1219967,1219979
1220151,1220167
1220302,1220318
1220302,1220409
1220302,1220497
993585,1220789
1220893,1220903
1220988,1220990
1221236,1221243
867568,1221301
1221477,1221483
704121,1008329
981012,1008533
570797,1008695
1008828,1008837
1008828,1008885
1008941,1008956
1009088,1009090
1004887,1009320
642859,1009383
642859,1009429
228829,1009493
247051,1009543
658651,1009591
1009799,1009809
1009799,1009866
281711,1009907
756144,1009969
658916,1010054
1010110,1010123
1231350,1231366
1232355,1232364
1232624,1232630
1232624,1232726
535781,1232973
1233103,1233119
222414,1233188
222414,1233277
1148709,1233443
1148709,1233539
1148709,1233628
1017236,1234105
1234271,1234285
1029561,1234413
1234534,1234547
1234829,1234838
1234829,1234926
1236452,1236468
1237085,1237092
1237749,1237754
1237966,1237978
816362,1238154
1239968,1239975
521118,1240615
521118,1240689
1241055,1241064
1241161,1241174
678853,1241427
1004962,1241659
1196922,1241807
907182,1241895
1164826,1242065
1242374,1242388
1017355,1242962
1243061,1243074
983075,1243723
1244256,1244260
1244740,1244755
1245051,1245067
1245203,1245219
1245290,1245300
1245448,1245453
1119552,1245681
1119552,1245760
1245964,1245972
1246075,1246081
1246075,1246178
222480,1246648
972588,1247400
724080,1248341
724080,1248421
724080,1248506
1248988,1248990
779221,1249833
1250164,1250172
1155642,1250805
1251367,1251379
1008828,1252095
1252325,1252339
1252325,1252421
779221,1252510
747121,1252893
974525,1253060
1253213,1253221
974998,1253471
975063,1253542
691823,1253751
720628,1253981
1254083,1254096
563721,1254264
563721,1254357
1255336,1255343
1255336,1255434
1255336,1255520
757506,1255605
689860,1255764
255365,1255992
528522,1256051
1256177,1256183
1256177,1256274
425302,1256741
1256862,1256870
220351,1257231
707833,1257310
528522,1257692
1257980,1257998
1258166,1258178
926306,1258270
689405,1259128
1259354,1259365
775335,1259570
1245448,1259694
1259845,1259850
967579,1260054
967579,1260110
1260238,1260240
1260342,1260357
972588,1260894
1261082,1261095
1261665,1261677
1261770,1261789
651205,1262333
1261665,1262555
1262712,1262720
1263165,1263177
857574,1264473
221502,1265035
221502,1265163
221502,1265440
246283,1265866
658651,1265930
220643,1266162
461459,1266232
476411,1266297
272242,1266400
331289,1266638
715882,1266733
220950,1266808
1266877,1266883
985402,1267150
256574,1267258
693588,1267355
226393,1267483
226994,1267630
263849,1267774
651558,1271667
859015,1271874
1272056,1272060
1272143,1272158
1272297,1272307
1226103,1272574
1226103,1272664
1226103,1272751
1226103,1272849
1226103,1272934
1272297,1273146
222083,1273864
1022412,1275139
1275248,1275253
752323,1275426
221824,1275643
701298,1275796
1276441,1276456
1019554,1276805
1298020,1276983
1128609,1277388
705360,1277479
682805,1277915
1278088,1278090
1278088,1278185
1032996,1278401
1278570,1278589
1278866,1278878
1279145,1279150
1279496,1279505
1279726,1279735
679176,1280622
1280944,1280959
1002677,1281152
983075,1281303
1281678,1281684
654703,1281771
1281678,1281894
1281991,1282001
1019554,1282086
1282277,1282283
681215,1010342
1010446,1010451
1010446,1010507
705631,1010645
1010839,1010841
1010936,1010943
764148,1011146
902438,1011198
992819,1011237
226291,1011466
1011608,1011612
221502,1011727
941334,1011789
648051,1011961
1011990,1011988
563560,1012028
563560,1012059
223061,1012085
1012194,1012207
643093,1012379
1012461,1012474
1012538,1012540
618151,1282427
233386,1283023
303999,1283034
1283215,1283227
380347,1283301
1019554,1283386
1283522,1283533
1283630,1283648
389777,1283735
1283630,1283800
1027875,1284351
1027875,1284517
857574,1285129
857574,1285210
857574,1285234
1285268,1285275
1285384,1285397
1285268,1285690
1285776,1285782
1285880,1285898
1286019,1286026
1286128,1286137
1286280,1286298
852632,1286438
1286493,1286504
1286768,1286775
1286493,1287053
1287373,1287387
1287612,1287620
1288213,1288221
298920,1288307
572963,1288638
1001712,1288883
1289033,1289022
1111815,1289668
1289794,1289804
1289972,1289986
1290352,1290368
1252325,1291463
1252325,1291542
223003,1291638
1023249,1291722
1292434,1292447
1293172,1293186
1293366,1293378
220586,1293460
220586,1293559
1220893,1293642
1293748,1293753
1293920,1293931
1294288,1294290
1294328,1294337
1294411,1294424
704742,1294448
1294469,1294476
1294610,1294623
1294652,1294668
1245964,1295023
1295317,1295329
1295653,1295669
221778,1295757
1295859,1295863
1295960,1295973
1296105,1296114
1295653,1296292
649348,1296373
1296478,1296484
1296581,1296599
1296696,1296704
829835,1296840
879608,1014234
1014299,1014309
949795,1014350
949795,1014397
1014460,1014473
361907,1014563
707965,1014603
1014782,1014795
893139,1014833
885636,1014880
923614,1014977
1015035,1015042
704742,1015088
1015116,1015128
747121,1015312
962379,1015440
506047,1015536
506047,1015589
937868,1015641
929319,1015694
892411,1015845
892411,1015924
892411,1015982
299445,1016158
1016189,1016191
1016189,1016245
1016307,1016311
1016416,1016428
1016519,1016526
981012,1016638
981012,1016655
719552,1016722
1016865,1016877
880407,1017052
1017081,1017099
221157,1017150
1017236,1017243
1017236,1017291
1017355,1017364
731304,1017477
1017653,1017669
1017653,1017719
702578,1017918
1017994,1018001
799915,1018055
799915,1018103
298155,1018220
772291,1018277
1018518,1018525
1018600,1018616
1020035,1020042
1018713,1018721
715212,1018811
1018876,1018882
349329,1019032
349329,1019084
1019195,1019202
1019260,1019273
1019260,1019327
1019389,1019391
1019389,1019447
1019554,1019565
1019554,1019614
1019554,1019667
1013196,1019729
895302,1019786
360266,1020090
967355,1020137
1020035,1020185
323882,1020279
668460,1020320
1020383,1020396
1020472,1020486
255602,1020536
227492,1020625
1105886,1105893
1111815,1111938
678750,1020734
521749,1020781
521749,1020832
1020948,1020953
1020995,1021004
994787,1021070
696183,1023093
222936,1023126
993091,1023161
1023249,1023254
1023399,1023404
807513,1023443
521118,1023671
923755,1023967
707965,1024011
731531,1024030
460470,1024122
707965,1024302
1024360,1024373
660301,1024421
1024581,1024599
1024770,1024665
902438,1024791
525512,1024840
652219,1025008
1025096,1025106
1025264,1025272
983800,1025342
983837,1025390
1025553,1025569
644318,1025737
1025873,1025887
1025927,1025936
1026013,1026021
1026013,1026078
974231,1026169
1026202,1026218
840797,1026304
1026565,1026577
1026890,1026900
1026890,1026985
528522,1027037
227492,1027063
1027141,1027156
825706,1027211
1027253,1027269
227492,1027398
1027670,1027689
1027670,1027754
273754,1027810
938891,1027950
1027997,1028005
1027997,1028046
1028112,1028120
1028288,1028290
510176,1028371
519509,1028476
231792,1028634
695944,1028681
1028288,1028760
563721,1028889
563721,1028901
563721,1028929
484772,1028940
1028972,1028986
1029060,1029073
1029136,1029143
255365,1029189
670303,1029221
670303,1029266
670303,1029311
670303,1029369
1029492,1029503
1029561,1029574
681215,1029629
226034,1029672
707965,1029808
752323,1029849
519509,1029975
895935,1030076
844411,1030122
521118,1030167
702891,1030263
702891,1030302
936202,1030360
226034,1030478
1030608,1030612
1030683,1030696
689405,1030743
844411,1030838
1030893,1030903
706825,1031006
1031291,1031301
521118,1031317
265050,1031338
1031420,1031431
1031579,1031580
1031669,1031676
913194,1031726
748231,1031774
1031859,1031863
954480,1031925
1032027,1032036
1032234,1032247
1032321,1032332
1032397,1032402
678853,1032425
644677,1032500
686502,1032626
388405,1032724
388405,1032776
1032846,1032879
1033239,1033241
1033239,1033294
955336,1033370
955097,1033447
521118,1033554
709220,1033614
709283,1033651
1033755,1033764
962187,1033971
266203,1034090
701298,1034205
701298,1034251
500966,1034383
1034493,1034504
883413,1034543
1034625,1034639
1034625,1034687
753431,1034734
1034775,1034768
967514,1034813
322420,1035542
1035664,1035672
857574,1035751
701298,1036212
504273,1036306
644237,1036381
782180,1036470
1036594,1036600
1036745,1036750
1036811,1036824
724154,1036882
724154,1036922
757506,1037080
962379,1037098
752709,1037108
707965,1037183
707965,1037226
707965,1037261
992078,1037316
686502,1037363
521118,1037407
707965,1037448
707965,1037482
707965,1037521
753227,1037606
879665,1037647
1037972,1037986
223026,1038442
679596,1038529
980992,1038662
1038868,1038875
1038868,1038921
980992,1038966
717410,1039008
361907,1039096
573920,1039286
294087,1039335
294087,1039388
534544,1039480
687476,1039524
928966,1039569
1039684,1039697
1039771,1039785
879608,1039839
879608,1039856
1039873,1039887
1039904,1039915
1039943,1039958
1039943,1039970
1040022,1040033
1040080,1040079
1040300,1040316
1040300,1040363
1040424,1040430
678750,1040495
679176,1041084
685162,1041124
1041434,1041447
1041434,1041499
644677,1041554
772291,1041819
1041874,1041888
571025,1042002
1042073,1042087
382434,1042127
728576,1042519
1042617,1042629
868686,1042751
1042808,1042812
261403,1042934
564024,1043024
1043082,1043095
1043082,1043146
1043263,1043271
394754,1043432
1043534,1043547
1043677,1043683
1043791,1043801
1043840,1043855
1043974,1043988
1044040,1044055
1189026,1189035
1100865,1100877
1100865,1100947
1101057,1101061
757506,1101116
1101163,1101171
222405,1101233
570797,1101527
1102108,1102112
683596,1102242
519647,1104121
519647,1104132
519647,1104166
519647,1104197
519647,1104204
519647,1104227
519647,1104236
519647,1104258
1104329,1104338
295040,1104695
672488,1104828
675320,1173212
1174244,1174259
1174654,1174665
1174654,1174727
977031,1175054
1175991,1176009
1175991,1176050
702972,1176225
702972,1176327
1176738,1176740
506047,1176819
762645,1176963
1177248,1177253
1177248,1177346
984230,1177572
1177720,1177731
1175991,1177875
1177997,1178005
757990,1178242
934053,1178652
1178739,1178741
929498,1178955
865931,1179041
747121,1179162
1179353,1179369
1119409,1119413
1119552,1119568
1119665,1119677
719926,1119789
1017355,1119855
825706,1119926
825706,1119990
825706,1120103
1120306,1120310
926306,1120404
949418,1120458
345529,1120766
1121245,1121250
1121330,1121348
521118,1143080
1143513,1143521
670303,1143597
1144397,1144402
1144460,1144473
675320,1144528
1144795,1144805
1119409,1144851
1145057,1145061
1145377,1145383
1145570,1145589
1101163,1145752
746428,1145911
232323,1146041
975806,1146209
659212,1146519
535781,1146601
535781,1146672
535781,1146746
535781,1146812
535781,1146883
535781,1146952
686502,1147109
923358,1147166
339286,1147289
222181,1147364
222181,1147386
222181,1147408
1221580,1221598
1221580,1221682
658651,1221956
299445,1221973
510009,1222043
231553,1222101
954771,1222332
1196922,1222425
1222642,1222657
1222805,1222814
1223013,1223021
1221580,1223315
961926,1224214
1140904,1224279
265050,1224558
681215,1225746
1196922,1225906
1226103,1226119
1226277,1226283
649348,1227290
923358,1227430
1230137,1230144
389777,1230354
389777,1230440
389777,1230536
1027875,1230625
1230706,1230710
723091,1230799
570797,1231015
299445,1267918
295980,1268254
343506,1268323
221659,1268399
341327,1268470
297963,1268541
958329,1268659
535781,1268876
321234,1268946
321234,1269013
250553,1269078
535504,1269182
339286,1269362
1269531,1269549
236982,1269633
221671,1269698
227733,1269900
282828,1270051
1259845,1270120
967579,1270453
301085,1270597
651558,1270718
482728,1270787
299445,1270870
228683,1271107
387982,1271176
1271304,1271315
